name,description,close,market_cap_basic,price_earnings_ttm,price_book_fq,return_on_equity,return_on_assets,free_cash_flow_ttm,cash_n_short_term_inv,total_debt,total_revenue_yoy_growth_ttm,net_income_yoy_growth_ttm,earnings_per_share_diluted_yoy_growth_ttm,dividends_yield_current,average_volume_30d_calc,sector,industry,symbol,market,traded_value_30d,quick_pr_roe,implied_roe_from_pe_pb,quick_pr_pe_pb,market_pr_factor,market_normalized_quick_pr,pr_path_gap_percent,model,fcf_positive,extreme_roe_review_required,roe_reliability_precheck,rank_penalty,screen_rank,stage1_tier,history_type,cycle_phase_status,history_years,history_status,historical_neutral_roe,historical_neutral_roa,historical_bear_roe,historical_bear_roa,bear_anchor_source,historical_neutral_pr,historical_bear_pr,historical_pr_path,weak_years,market_normalized_neutral_pr,market_normalized_bear_pr,stage2_rank,stage2_tier
ATMU,Atmus Filtration Technologies Inc.,48.02,3918216745.959457,18.36539564768425,8.61509094105785,55.7904292569057,13.4257092032581,190400000.0,,1056400000.0,13.050464175196383,14.111405835543769,15.536211391454197,0.470219435736677,649249.1,Producer Manufacturing,Auto Parts: OEM,NYSE:ATMU,US,31176941.782,0.3291854157119788,46.909367520999496,0.3915080637031137,1.0,0.3291854157119788,15.918611586604548,cyclical,True,True,review_high_roa_supports_follow_up,0.0,0.3291854157119788,priority,cyclical,provisional_equal_weight,4,short_history,80.12180123361,16.90570952924,55.31211801026666,18.298095788766666,weak_history,0.1342018361371767,0.2815913362333255,pb,"2022,2023",0.1342018361371767,0.2815913362333255,0.21526606119005853,cycle_research_required
HAFN,Hafnia Limited,9.1174,4492649489.90702,7.13279895061377,1.7223625314083206,25.8610077053471,16.7647363703509,520347642.87779987,,883908344.1641848,5.066237788199953,39.92808080646917,41.71142138193912,8.53954337349398,1211045.3333333333,Transportation,Marine Shipping,NYSE:HAFN,US,11041584.722133333,0.2758128775136234,24.14707807318911,0.2953897332420286,1.0,0.2758128775136234,6.627466538373172,cyclical,True,False,not_triggered,0.0,0.2758128775136234,priority,cyclical,provisional_equal_weight,2,short_history,21.354944271566666,12.802702347866665,21.354944271566666,12.802702347866665,weak_history,0.37768321501939306,0.37768321501939306,pb,"2024,2025",0.37768321501939306,0.37768321501939306,0.37768321501939306,cycle_research_required
000651,"Gree Electric Appliances, Inc. of Zhuhai Class A",38.98,206552855170.0,7.791480941054187,1.4659723669097915,19.6322235112199,6.96422965064431,44372749650.0,,106263968359.09,-12.915115176127786,-14.148026898616642,-15.137482401234871,7.74393391843056,47070122.16666665,Producer Manufacturing,Industrial Machinery,SZSE:000651,A,1834793362.056666,0.3968720576454991,18.815067097006153,0.4141085918473267,1.0,0.3968720576454991,4.162322284822917,cyclical,True,False,not_triggered,0.18,0.5768720576454991,priority,cyclical,provisional_equal_weight,10,usable,24.99328571428571,8.382754457614285,19.6322235112199,6.96422965064431,current_ttm,0.23468161933336545,0.38035296354788517,pb,"2020,2021,2022,2025",0.23468161933336545,0.38035296354788517,0.4448008586513513,cycle_research_required
ECO,Okeanis Eco Tankers Corp.,71.085,2726021687.7845745,6.6286518897043045,3.1629081223800943,61.5919910455297,29.4350134271386,44692060.0,,722493783.004812,105.24219735077509,498.5632077171379,413.8920835729346,13.7291546866015,527842.9333333333,Transportation,Marine Shipping,NYSE:ECO,US,37521714.916,0.1076219777471442,47.71570713032553,0.1389197035600776,1.0,0.1076219777471442,22.52936409369627,cyclical,True,True,review_high_roa_supports_follow_up,0.0,0.1076219777471442,priority,cyclical,provisional_equal_weight,3,short_history,27.19818680348333,10.7620197568,25.640939505720002,10.401941284000001,weak_history,0.4275694547217724,0.4810815575809294,pb,"2024,2025",0.4275694547217724,0.4810815575809294,0.45700111129430876,cycle_research_required
OGC,OceanaGold Corporation,30.19,6715690538.037344,8.176856273671985,2.651322413226881,37.6100485264861,26.9038269395039,705945475.8399999,,50039880.0,49.39741703752898,118.47789178000195,128.69531122729933,0.976230205625148,517906.3000000002,Non-Energy Minerals,Precious Metals,NYSE:OGC,US,15635591.197000008,0.2174114789539184,32.424715862545675,0.2521797356169652,1.0,0.2174114789539184,13.787093787684878,cyclical,True,False,not_triggered,0.0,0.2174114789539184,priority,cyclical,provisional_equal_weight,2,short_history,24.02623846846667,17.123880769333333,24.02623846846667,17.123880769333333,weak_history,0.4592942163736625,0.4592942163736625,pb,"2024,2025",0.4592942163736625,0.4592942163736625,0.4592942163736625,cycle_research_required
603195,"Goneo Group Co., Ltd.Class A",39.3,69512118086.0,17.05285082009893,4.666222603752212,27.844662883921306,19.9776811559371,4734890460.0,,1148467472.67,-1.9696129451374973,1.6832950937470084,1.533174729051025,4.92610837438424,4468924.800000007,Producer Manufacturing,Electrical Products,SSE:603195,A,175628744.64000028,0.6124279863322021,27.363299268720993,0.6232015610629253,1.0,0.6124279863322021,1.7287464287393584,cyclical,True,True,not_triggered,0.08,0.692427986332202,watch,cyclical,provisional_equal_weight,10,usable,35.98871428571428,24.468389257062853,26.64852941176471,20.12131880084706,weak_history,0.36027389101727825,0.6570810732056349,pb,"2020,2021,2022,2025",0.36027389101727825,0.6570810732056349,0.5735178412208745,cycle_research_required
HON,Honeywell International Inc.,207.53,65774560253.010735,7.673762484238706,3.5482850069784253,49.8960498960499,11.0937770844167,4148000000.0,,34955000000.0,-2.4080418094071168,50.83085534371173,53.73390557939914,3.77594759909454,2940650.3666666625,Producer Manufacturing,Industrial Machinery,NASDAQ:HON,US,610273170.5943325,0.153794989788284,46.239182073543695,0.1659580066107904,1.0,0.153794989788284,7.328972594272853,cyclical,True,True,review_high_roa_supports_follow_up,0.08,0.233794989788284,priority,cyclical,provisional_equal_weight,10,usable,29.925779456095714,8.09824748074857,23.59775082477619,7.047545476990476,weak_history,0.39621193556778844,0.6372022111880139,pb,"2016,2017,2020,2022",0.39621193556778844,0.6372022111880139,0.5787565871589125,cycle_research_required
2510,T.S. Lines Limited,13.94,23476937818.0,7.967080070869291,1.3533928023580493,17.8216748712375,14.3158259525383,1337693420.0,,1309951716.1,,,,5.53191489361702,4221169.1,Transportation,Marine Shipping,HKEX:2510,HK,58843097.25399999,0.4470444067929555,16.98731267063041,0.4690017912393925,0.8,0.5588055084911944,4.6817272037303015,cyclical,True,True,not_triggered,0.0,0.5588055084911944,priority,cyclical,provisional_equal_weight,6,short_history,31.518152664668523,22.368434118456904,13.218335573677534,11.1710598898074,weak_history,0.1362392841137525,0.7745872004520269,pb,"2023,2024,2025",0.1702991051421906,0.9682340005650336,0.6091632976247543,cycle_research_required
603271,"Yong Jie New Material Co., Ltd. Class A",41.04,8256284786.0,10.867492850333653,2.398364623888039,24.2975812058612,12.3066832678416,284932410.0,,3283407452.18,46.01093684339146,110.22879275763552,110.04505256132155,1.52387808975282,2022930.6333333333,Non-Energy Minerals,Aluminum,SSE:603271,A,83021073.192,0.447266448386728,22.06916219700485,0.4924288812290549,1.0,0.447266448386728,9.171361502925224,cyclical,True,True,not_triggered,0.0,0.447266448386728,priority,cyclical,provisional_equal_weight,7,short_history,26.145,9.09371031017857,16.95,8.543544233061537,weak_history,0.35086327864992584,0.834787244763982,pb,"2019,2023,2025",0.35086327864992584,0.834787244763982,0.6170214600126568,cycle_research_required
1882,Haitian International Holdings Limited,18.0,28791841461.0,8.110665525165592,1.07005915049193,14.017008583516304,9.01325015859404,2419436530.0,,4147737609.16821,7.743758989509695,0.3293853329564221,0.3300180831826338,4.43458980044346,3169520.2333333334,Producer Manufacturing,Industrial Machinery,HKEX:1882,HK,57051364.2,0.5786302745582648,13.193234848259667,0.614759429241531,0.8,0.7232878431978309,5.876958199379089,cyclical,True,False,not_triggered,0.0,0.7232878431978309,watch,cyclical,provisional_equal_weight,9,short_history,15.639588644366068,10.069409755270778,14.017008583516304,9.01325015859404,current_ttm,0.4374789219466465,0.5446244151935229,pb,"2019,2022,2023,2025",0.546848652433308,0.6807805189919036,0.6205111790405357,cycle_research_required
600741,Huayu Automotive Systems Company Limited Class A,15.58,49024860684.0,7.04658525554048,0.7382028503727261,10.7866046922559,3.54546107363905,7340110210.0,,29301028738.59,3.9862987316261895,3.8611014011641305,3.861330326944749,6.43086816720257,14302097.299999982,Producer Manufacturing,Auto Parts: OEM,SSE:600741,A,222826675.93399972,0.6532718549145945,10.476036599320263,0.6726384724541431,1.0,0.6532718549145945,2.8792015819268935,cyclical,True,False,not_triggered,0.1,0.7532718549145945,watch,cyclical,provisional_equal_weight,10,usable,13.096857142857143,5.370378512974286,10.7866046922559,3.54546107363905,current_ttm,0.4303695509861366,0.6344628413336102,pb,"2020,2021,2024,2025",0.4303695509861366,0.6344628413336102,0.6426208606772471,cycle_research_required
9981,"Shenzhen Woer Heat-Shrinkable Material Co., Ltd. Class H",9.9,13573015857.05,10.664655822471184,1.293309539921461,15.0743783127858,8.47368396246638,215879340.0,,3897650979.35573,22.24713132404601,21.068444607753538,8.712964047312335,1.92010152284264,1516760.0,Producer Manufacturing,Electrical Products,HKEX:9981,HK,15015924.0,0.7074690313049677,12.127063089990829,0.8794096100046965,0.8,0.8843362891312097,19.5518193960617,cyclical,True,False,not_triggered,0.0,0.8843362891312097,watch,cyclical,provisional_equal_weight,4,short_history,16.9198294504581,9.0743793852378,14.814624317926667,7.861777359172333,weak_history,0.4517628545455257,0.5892793135724734,pb,"2022,2023",0.5647035681819071,0.7365991419655917,0.6592461337629337,cycle_research_required
601225,"Shaanxi Coal Industry Co., Ltd. Class A",26.24,254396797781.0,12.47148288973384,2.5153205452033967,21.4608442934815,8.42614506650608,24770619580.0,,27281909185.72,-10.316478099847764,4.919085902995427,4.9167248429241175,3.61280487804878,39442350.233333334,Energy Minerals,Coal,SSE:601225,A,1034967270.1226666,0.5811273181606335,20.16857632281992,0.6183620841706543,1.0,0.5811273181606335,6.021515057793369,cyclical,True,False,not_triggered,0.08,0.6611273181606334,priority,cyclical,provisional_equal_weight,10,usable,21.574142857142856,15.598164823922858,18.04741935483871,12.849286627241936,weak_history,0.540413560080681,0.7722592492243716,pb,"2016,2020,2023,2025",0.540413560080681,0.7722592492243716,0.7179286891097109,cycle_research_required
001395,Yalian Machinery Co Ltd. Class A,29.83,3374773409.0,13.749711915187827,2.665892131015684,20.6972447107652,11.4080874754737,116701380.0,,126709496.11,17.665803640657813,43.61507870868305,43.618429763008095,2.56239173884077,2193374.933333333,Producer Manufacturing,Industrial Machinery,SZSE:001395,A,65428374.26133333,0.664325716168212,19.38871263237857,0.7091606428900401,1.0,0.664325716168212,6.3222525349281185,cyclical,True,False,not_triggered,0.0,0.664325716168212,watch,cyclical,provisional_equal_weight,7,short_history,21.034642857142856,8.610928926425,17.536923076923074,8.297097359846154,weak_history,0.6025211377413544,0.8668336832606752,pb,"2020,2022,2025",0.6025211377413544,0.8668336832606752,0.7478930377769809,cycle_research_required
605117,"Ningbo Deye Technology Co., Ltd. Class A",86.42,109816170044.0,25.191663022882963,9.579911672371898,41.8470660899571,20.0431218379796,5497295390.0,,6684821507.4,44.70984142649557,34.47293187612156,33.544845842416684,1.98237449275362,14541218.033333322,Producer Manufacturing,Electrical Products,SSE:605117,A,1256652062.4406655,0.6019935296952329,38.02810343910182,0.6624485773587125,1.0,0.6019935296952329,9.125998564978966,cyclical,True,True,review_high_roa_supports_follow_up,0.0,0.6019935296952329,watch,cyclical,provisional_equal_weight,10,usable,40.346,21.494771937008572,32.949642857142855,19.975317798110716,weak_history,0.5885190652270577,0.8823889921777365,pb,"2016,2018,2021,2025",0.5885190652270577,0.8823889921777365,0.750147525049931,cycle_research_required
002043,"Dehua TB New Decoration Material Co., Ltd. Class A",12.73,9714891120.0,15.265619378822402,3.165997239389682,21.3995339759719,11.6527759847516,864199750.0,,62661349.09,6.7916460426424745,11.951226743418204,11.260840560373572,6.13672496025437,13703817.299999952,Non-Energy Minerals,Forest Products,SZSE:002043,A,174449594.2289994,0.7133622347086223,20.7393958988771,0.7360686614622625,1.0,0.7133622347086223,3.0848245472823166,cyclical,True,False,not_triggered,0.0,0.7133622347086223,watch,cyclical,provisional_equal_weight,10,usable,22.65057142857143,11.576313644032856,18.895384615384618,10.474926621773076,weak_history,0.6170952536897379,0.8867456343812048,pb,"2016,2018,2022,2024",0.6170952536897379,0.8867456343812048,0.7654029630700447,cycle_research_required
605099,"CoCreation Grass Co., Ltd. Class A",29.75,12095455133.0,17.167753476830747,3.778377520241308,23.413122948091704,18.2349775733957,375633420.0,,408605096.56,9.815555189636264,22.547368394127652,21.14793064876959,2.74834437086093,1897534.933333333,Producer Manufacturing,Trucks/Construction/Farm Machinery,SSE:605099,A,56451664.266666666,0.7332534628077033,22.008572789331637,0.7800484675295523,1.0,0.7332534628077033,5.998986815530937,cyclical,True,True,not_triggered,0.0,0.7332534628077033,watch,cyclical,provisional_equal_weight,10,usable,26.98142857142857,20.018275536971426,19.740882352941178,16.041730143658825,weak_history,0.5190096921752501,0.9695545037693291,pb,"2021,2022,2023,2024",0.5190096921752501,0.9695545037693291,0.7668093385519936,cycle_research_required
1585,Yadea Group Holdings Ltd.,9.11,27339142539.0,10.12109765581602,2.3363946686089605,25.0412255172972,8.03549668944405,2997915420.0,,9026682180.3652,13.191990450510808,35.52397569544348,35.069027611044426,5.78918623702895,9833174.9,Consumer Durables,Motor Vehicles,HKEX:1585,HK,89580223.339,0.4041774093214759,23.084400013336175,0.4384388439798705,0.8,0.5052217616518448,7.814415882359082,cyclical,True,False,not_triggered,0.0,0.5052217616518448,priority,cyclical,provisional_equal_weight,9,short_history,27.931104937031865,8.220591270911422,15.802182271155713,5.3714126151925,weak_history,0.29948148203398955,0.9356470934068207,pb,"2017,2018,2019,2024",0.37435185254248693,1.169558866758526,0.8117157103613084,cycle_research_required
1308,"SITC International Holdings Co., Ltd.",45.22,122615313955.0,12.319176178930448,5.52119898659992,46.8477884433946,36.305923077423,10141048770.0,,2567518538.2,5.186015981809692,-2.638012178355432,-3.1426460499234783,5.08624502432552,5425098.5,Transportation,Marine Shipping,HKEX:1308,HK,245322954.17,0.2629617445830021,44.817923750801256,0.2748716394679082,0.8,0.3287021807287525,4.332893312660824,cyclical,True,True,review_high_roa_supports_follow_up,0.1,0.4287021807287525,priority,cyclical,provisional_equal_weight,9,short_history,51.980144442728204,34.198480244522976,23.648740758789227,15.92335206863046,weak_history,0.20434237448159964,0.9872277594093503,pb,"2017,2018,2019,2023",0.2554279681019995,1.2340346992616877,0.873661670239828,cycle_research_required
601677,"Henan Mingtai Aluminum Industrial Co., Ltd. Class A",16.65,20602378915.0,8.454351579161164,1.0179738102545728,12.5838317067767,8.32751221484355,12183450.0,,7390099661.89,15.434869052840098,49.88489754278816,60.8329930583912,1.86943620178042,25254351.2666667,Non-Energy Minerals,Aluminum,SSE:601677,A,420484948.5900005,0.671842390788514,12.040826558050188,0.7021404667197704,1.0,0.671842390788514,4.31510180189465,cyclical,True,False,not_triggered,0.0,0.671842390788514,watch,cyclical,provisional_equal_weight,10,usable,12.018285714285714,7.965742871617143,9.271428571428572,5.9515702873333325,weak_history,0.7047767296472696,1.1842497216880792,pb,"2016,2017,2018,2023",0.7047767296472696,1.1842497216880792,0.9684868752697149,cycle_research_required
603298,"Hangcha Group Co., Ltd. Class A",25.64,34055112305.000004,14.700149065474143,2.7541640081035155,19.8309304563915,11.7614992246599,1248233510.0,,2854452866.1600003,7.67614405680227,6.930869495954369,6.927415399705737,2.30769230769231,5479725.0666666655,Producer Manufacturing,Industrial Machinery,SSE:603298,A,140500150.7093333,0.7412737943789366,18.7356195902268,0.7846097106466813,1.0,0.7412737943789366,5.523244956021111,cyclical,True,False,not_triggered,0.0,0.7412737943789366,watch,cyclical,provisional_equal_weight,10,usable,18.785714285714285,12.270559807752857,15.663636363636362,10.79770513530909,weak_history,0.7804307501746289,1.1225472078472822,pb,"2017,2018,2019,2022",0.7804307501746289,1.1225472078472822,0.9685948018945884,cycle_research_required
600989,"Ningxia Baofeng Energy Group Co., Ltd. Class A",24.4,178787307312.0,11.521390121824536,3.205835672016734,30.7483014005767,16.6197878112591,12334037720.0,,27734987593.34,42.437252840155466,75.53613281422017,76.6157951797181,3.16694011484824,72248183.56666666,Process Industries,Chemicals: Specialty,SSE:600989,A,1762855679.0266664,0.3747000516135322,27.825076992610818,0.4140649862310942,1.0,0.3747000516135322,9.506945993156734,cyclical,True,False,not_triggered,0.0,0.3747000516135322,priority,cyclical,provisional_equal_weight,10,usable,21.101142857142857,11.659696241202855,16.527142857142856,9.077385908453572,weak_history,0.7199947035001149,1.1736691654021196,pb,"2016,2020,2023,2024",0.7199947035001149,1.1736691654021196,0.9695156575462176,cycle_research_required
3877,CSSC (Hong Kong) Shipping Company Limited,2.33,14239660793.0,7.960368978476256,0.9196872273995744,12.9678216631721,4.60318866460148,,,25315019000.0626,-3.094555518842246,4.14946415234328,-3.748766853008868,4.35729847494553,8836638.0,Transportation,Marine Shipping,HKEX:3877,HK,20589366.54,0.6138555252562784,11.553324096989506,0.6890111375435681,0.8,0.7673194065703479,10.907749990113537,cyclical,False,False,not_triggered,0.43,1.197319406570348,watch,cyclical,provisional_equal_weight,9,short_history,14.136167190416645,4.038389652167178,12.316162991013133,3.588539633589733,weak_history,0.46023199695728284,0.6063024172075259,pb,"2017,2018,2019,2025",0.5752899961966035,0.7578780215094073,0.9757134101186458,cycle_research_required
002648,Satellite Chemical Co. Ltd. Class A,27.54,93083841766.0,10.512252843728527,2.429612691153351,25.4290158398774,11.7413070343298,12548159240.0,,26766214478.33,7.268363633239024,30.09342090629934,30.481123617890233,1.80831826401447,47091249.43333331,Process Industries,Chemicals: Specialty,SZSE:002648,A,1296893009.393999,0.4133959768605504,23.112197996672297,0.4548357038669401,1.0,0.4133959768605504,9.110922175650648,cyclical,True,False,not_triggered,0.0,0.4133959768605504,priority,cyclical,provisional_equal_weight,10,usable,18.893,8.342855928782857,13.54095238095238,6.55227471627619,weak_history,0.6806677877418045,1.325069402888385,pb,"2016,2018,2019,2022",0.6806677877418045,1.325069402888385,1.0350886760724238,cycle_research_required
300926,"Jiangsu Bojun Industrial Technology Co., Ltd. Class A",17.69,7752722878.0,10.0158532442532,2.08924587554047,23.2627461300012,8.64004283766324,-248530670.0,,5094418139.22,73.36055499523101,74.34838203849795,60.37410333242532,1.23249299719888,3853897.3333333354,Producer Manufacturing,Auto Parts: OEM,SZSE:300926,A,68175443.82666671,0.4305533486150236,20.859389855170026,0.4801604128306158,1.0,0.4305533486150236,10.331352375167969,cyclical,False,False,not_triggered,0.25,0.6805533486150237,watch,cyclical,provisional_equal_weight,10,usable,20.28885714285714,8.35007173567857,12.608076923076922,5.651188501896153,weak_history,0.5075448028450925,1.3142919680574658,pb,"2019,2020,2021,2022",0.5075448028450925,1.3142919680574658,1.1012557437118977,cycle_research_required
564,ZCZL Industrial Technology Group Company Limited Class H,12.38,28215927101.0,5.741848708315941,0.7897145736785198,14.7077940194998,6.63634662972856,932796680.0,,13790131779.707998,8.982631507688065,-18.28642253303251,-17.536143195899946,11.5044497991968,1293164.7666666666,Producer Manufacturing,Auto Parts: OEM,HKEX:564,HK,16009379.811333334,0.3903949634257399,13.75366391202146,0.4174777532041662,0.8,0.4879937042821748,6.4872414327624135,cyclical,True,False,not_triggered,0.1,0.5879937042821749,priority,cyclical,provisional_equal_weight,9,short_history,15.21529652526229,6.433951741191245,8.3251178564384,3.5043098099506995,weak_history,0.3411216718849224,1.139434518173933,pb,"2017,2018,2019,2020",0.42640208985615297,1.424293147717416,1.1552421716798478,cycle_research_required
1171,Yankuang Energy Group Company Limited Class H,13.3,205069696653.0,10.196258816314014,1.5171823755881937,17.2183842656113,2.77810757716118,-2165395670.0,,202616672186.256,32.88814842523928,6.7976569414927,6.5251122907309185,4.2827899924185,29041285.33333337,Energy Minerals,Coal,HKEX:1171,HK,386249094.93333375,0.5921727996672759,14.879794667046914,0.685241903162471,0.8,0.7402159995840948,13.581934068198464,cyclical,False,False,not_triggered,0.35,1.0902159995840948,watch,cyclical,provisional_equal_weight,9,short_history,18.209612358008645,4.634913964580089,12.465026813043286,3.2444082050427623,weak_history,0.45754771160145563,0.9764530245789174,pb,"2017,2020,2023,2025",0.5719346395018196,1.2205662807236466,1.1786820421738244,cycle_research_required
883,CNOOC Limited,25.06,1216453211877.0,7.666656468932603,1.2039076555747985,16.78691704247,11.8794110184119,,,78690939429.304,10.531513069035286,12.717803724573292,12.725454357347305,5.17380759902991,60361007.966666594,Energy Minerals,Integrated Oil,HKEX:883,HK,1512646859.6446648,0.4567042566265367,15.703164220979026,0.4882236701498762,0.8,0.5708803207831709,6.455937196503303,cyclical,False,False,not_triggered,0.25,0.8208803207831709,watch,cyclical,provisional_equal_weight,9,short_history,17.05218525811329,11.190575442209044,9.7737147622569,5.919066431633899,weak_history,0.4140312212345057,1.2602997653759058,pb,"2017,2018,2019,2020",0.5175390265431321,1.5753747067198822,1.2493486506403446,cycle_research_required
1651,Precision Tsugami (China) Corp. Ltd.,52.75,18817745117.0,16.157686770606794,4.6869099713454325,32.192536246929,23.5449019144656,1143151900.0,,91787153.7013983,23.92836897851255,42.602679401505554,46.18277884744549,2.9382957884427,1328302.7333333334,Producer Manufacturing,Industrial Machinery,HKEX:1651,HK,70067969.18333334,0.5019078536301455,29.007308025500347,0.5570212429365234,0.8,0.6273848170376818,9.894306546699973,cyclical,True,False,not_triggered,0.0,0.6273848170376818,watch,cyclical,provisional_equal_weight,9,short_history,25.694948816614044,18.094121539425533,18.62790073264567,13.174738233649869,weak_history,0.7098900639915767,1.3506996321380678,pb,"2018,2020,2021,2024",0.8873625799894709,1.6883745401725847,1.3279191580901837,cycle_research_required
300910,"Xinxiang Richful Lube Additive Co., Ltd. Class A",29.49,11594689593.0,14.229878401852924,2.9199002738706055,21.5292811696563,15.6386595275779,199766970.0,,1322117182.02,14.328445881195028,0.9384254342937052,0.7633587786259457,2.93219028741328,6031966.4,Process Industries,Chemicals: Major Diversified,SZSE:300910,A,177882689.136,0.6609546454299985,20.519502636722425,0.693480668307556,1.0,0.6609546454299985,4.690256609018018,cyclical,True,False,not_triggered,0.0,0.6609546454299985,watch,cyclical,provisional_equal_weight,10,usable,18.739285714285714,15.23477361502857,12.497894736842106,12.371885635205263,weak_history,0.8314994247811821,1.8693658033641214,pb,"2016,2017,2018,2021",0.8314994247811821,1.8693658033641214,1.4023259330017988,cycle_research_required
605305,Ficont Industry(Beijing) Co. Ltd. Class A,31.19,6736884298.0,12.466525440665094,2.1296876685689785,18.1215271560325,14.440211090838002,249369740.0,,148705157.79999998,30.722333290846855,21.826115156401805,21.824024930613035,2.36593059936909,4321785.499999996,Producer Manufacturing,Electrical Products,SSE:605305,A,134796489.7449999,0.6879401130668558,17.083249688979567,0.7297514037219318,1.0,0.6879401130668558,5.729525211164654,cyclical,True,False,not_triggered,0.0,0.6879401130668558,watch,cyclical,provisional_equal_weight,10,usable,15.062,12.080966916185714,10.845,9.219414126738236,weak_history,0.9387514691715171,1.810742952270342,pb,"2021,2022,2023,2024",0.9387514691715171,1.810742952270342,1.4183467848758708,cycle_research_required
600710,Sumec Corporation Limited Class A,10.7,13590193154.0,9.964611659526913,1.658798998519483,17.3249388805669,2.27470489687019,1873992010.0,,14705645088.429998,10.988297834311302,14.661635308469563,14.660971703150036,3.99038461538462,9154682.56666666,Producer Manufacturing,Trucks/Construction/Farm Machinery,SSE:600710,A,97955103.46333323,0.5751599892051599,16.646900603833842,0.5985866015942947,1.0,0.5751599892051599,3.913654653602272,cyclical,True,False,not_triggered,0.1,0.6751599892051598,watch,cyclical,provisional_equal_weight,10,usable,13.772571428571428,4.9622660845999995,9.348888888888888,3.4020013211222224,weak_history,0.874507820534531,1.8979019324940023,pb,"2016,2017,2019,2020",0.874507820534531,1.8979019324940023,1.5373745821122404,cycle_research_required
1378,China Hongqiao Group Ltd.,23.4,228399209904.0,7.612726917821589,1.4936290974267452,22.442331849913,11.6700120879165,,,67290553752.0379,6.877135633506964,11.776113156377386,5.0871794871794895,7.09372312983663,34491458.93333333,Non-Energy Minerals,Aluminum,HKEX:1378,HK,807100139.0399998,0.339212830856126,19.620158631069785,0.3880053704441688,0.8,0.4240160385701575,12.575222742970691,cyclical,False,False,not_triggered,0.25,0.6740160385701575,watch,cyclical,provisional_equal_weight,9,short_history,16.21812816388931,7.2333874228586446,10.2260227923525,4.0030640020815,weak_history,0.5678600407954068,1.4283322849808877,pb,"2017,2018,2019,2022",0.7098250509942584,1.7854153562261095,1.5513997188717767,cycle_research_required
002532,"Tianshan Aluminum Group Co., Ltd. Class A",13.13,61608495468.0,8.720196586305374,1.8768752671295248,23.0433108774827,12.9169761426576,7289359630.0,,13565658503.74,6.929436125348134,54.74782417100479,55.43511923196037,6.38617580766341,89410260.53333335,Non-Energy Minerals,Aluminum,SZSE:002532,A,1173956720.802667,0.3784263742597212,21.52331370690727,0.4051512097557209,1.0,0.3784263742597212,6.596262050436175,cyclical,True,False,not_triggered,0.0,0.3784263742597212,priority,cyclical,provisional_equal_weight,10,usable,13.850142857142856,6.4306154602014285,9.627619047619048,5.202734944209523,weak_history,0.9784235683048137,2.0248721931346982,pb,"2016,2017,2018,2023",0.9784235683048137,2.0248721931346982,1.5539703119612502,cycle_research_required
2768,"Qingdao Gon Technology Co., Ltd. Class H",37.86,25758542082.0,12.811749179384792,2.008297355317453,18.475489493048,5.44831062407165,-1320295670.0,,14013067516.3085,21.24961692524004,59.71930544609355,,1.01581109366824,1241047.1999999995,Process Industries,Chemicals: Specialty,HKEX:2768,HK,46986046.99199999,0.6934457235466279,15.675434534333345,0.8173138136186066,0.8,0.8668071544332848,15.155511629438925,cyclical,False,False,not_triggered,0.25,1.116807154433285,watch,cyclical,provisional_equal_weight,4,short_history,14.5724166647001,4.2158280066408995,13.1292174172994,3.8176539745463995,weak_history,0.9457249692941292,1.1650654834178793,pb,"2023,2024",1.1821562116176614,1.4563318542723491,1.5829528150777397,cycle_research_required
1258,China Nonferrous Mining Corp. Ltd.,16.56,64578690981.0,14.3837401198645,2.9879615462340134,22.4432297635746,10.9747019563844,,,677380594.9,10.774663550691596,30.25635385945123,30.267028739533824,1.9638670694864,15892115.566666666,Non-Energy Minerals,Other Metals/Minerals,HKEX:1258,HK,263173433.784,0.6408943931594612,20.773189179826204,0.692418482080412,0.8,0.8011179914493264,7.441177590485982,cyclical,False,False,not_triggered,0.25,1.0511179914493265,watch,cyclical,provisional_equal_weight,9,short_history,17.710789958069668,7.542633841966178,14.92426881072825,5.799729734188,weak_history,0.9525749111271412,1.3414944442530166,pb,"2019,2020,2022,2023",1.1907186389089264,1.6768680553162707,1.6081008179329657,cycle_research_required
000672,"Gansu Shangfeng Materials Co., Ltd. Class A",14.89,14003613052.0,8.143286847142466,1.449762186424423,18.9189802847209,9.67648347456285,609736480.0,,4647352289.54,-20.076376655564054,149.4405889589032,145.3374480075138,3.28317373461012,21732848.43333335,Non-Energy Minerals,Construction Materials,SZSE:000672,A,323602113.1723336,0.4304294800560177,17.803157541148806,0.4574068857347759,1.0,0.4304294800560177,5.897901085468316,cyclical,True,True,not_triggered,0.08,0.5104294800560177,watch,cyclical,provisional_equal_weight,10,usable,20.738285714285713,10.24922517166857,7.602,3.605300822948572,weak_history,0.33709402987881465,2.5086555657655945,pb,"2016,2023,2024,2025",0.33709402987881465,2.5086555657655945,1.6814528746165438,cycle_research_required
300750,"Contemporary Amperex Technology Co., Limited Class A",351.0,1657377568455.573,18.78522229179712,4.2546429245469986,25.2122433470305,8.45905483024545,90573139000.0,,301979824000.0,39.451369595240266,45.63589273448888,40.85015604034433,1.02689556509299,26290394.66666664,Producer Manufacturing,Electrical Products,SZSE:300750,A,9227928527.99999,0.745083332459967,22.648882501671856,0.8294105587951399,1.0,0.745083332459967,10.167127177362255,cyclical,True,True,not_triggered,0.0,0.745083332459967,watch,cyclical,provisional_equal_weight,10,usable,22.919571428571427,7.698604742775714,13.311499999999999,6.505777163275001,weak_history,0.8099349357966305,2.4010937889084696,pb,"2017,2018,2019,2020",0.8099349357966305,2.4010937889084696,1.685072305008142,cycle_research_required
603889,Zhejiang Xinao Textiles Inc Class A,6.23,11648797388.0,10.968309859154932,1.5646347343888132,14.7445826532522,7.77351125809824,173144260.0,,2426558041.85,15.4090236012411,23.599298897718366,22.78426286208386,3.34033870967742,11823353.8,Process Industries,Textiles,SSE:603889,A,73659494.17400001,0.7438874410416534,14.26504862171502,0.768893969450506,1.0,0.7438874410416534,3.252272667286449,cyclical,True,False,not_triggered,0.0,0.7438874410416534,watch,cyclical,provisional_equal_weight,10,usable,11.768714285714285,8.032646401904286,8.334782608695651,6.502935677765217,weak_history,1.1296786691341045,2.252290543991077,pb,"2018,2019,2020,2021",1.1296786691341045,2.252290543991077,1.7471152003054395,cycle_research_required
DAC,Danaos Corporation,154.15,2806079525.9999995,5.217588502689182,0.6916963058795488,14.1397151814653,10.8498380044697,172343590.0,,1210720000.00807,2.4516030052364384,17.69958691943341,21.81307671375208,2.33538760947129,117397.4,Transportation,Marine Shipping,NYSE:DAC,US,18096809.21,0.3690023763370093,13.25701146272926,0.3935719990405003,1.0,0.3690023763370093,6.242726302529144,cyclical,True,True,not_triggered,0.0,0.3690023763370093,priority,cyclical,provisional_equal_weight,10,usable,17.683284512341427,11.43205483245143,4.616659849387098,7.225560391887097,weak_history,0.22120227399457998,3.245336255261663,pb,"2016,2018,2024,2025",0.22120227399457998,3.245336255261663,1.8844759636914759,cycle_research_required
601717,ZCZL Industrial Technology Group Company Limited Class A,14.47,24198364707.079033,7.5164926497324815,1.0906711811056855,14.8006840965094,6.72909152590591,1410049700.0,,11945135810.06,5.503017541284894,-21.128874412482613,-20.49969027462317,8.68658790826963,19203998.133333333,Producer Manufacturing,Auto Parts: OEM,SSE:601717,A,277881852.98933333,0.5078476508734603,14.510373813037702,0.5180082020339714,1.0,0.5078476508734603,1.9614653051081896,cyclical,True,False,not_triggered,0.1,0.6078476508734603,priority,cyclical,provisional_equal_weight,10,usable,13.719571428571427,6.219593098802856,5.535294117647059,2.9194334284882353,weak_history,0.5794457044132529,3.5596920920894193,pb,"2016,2017,2018,2019",0.5794457044132529,3.5596920920894193,2.3985812176351446,cycle_research_required
ATAT,Atour Lifestyle Holdings Limited,34.57,4758875278.0,17.037110048790105,9.560631328006814,58.7806410562356,23.0047612613102,328523140.0,,190824564.506145,45.007151794079256,46.85705402287087,47.82893778231095,2.4263431542461,964966.7666666668,Consumer Services,Hotels/Resorts/Cruise lines,NASDAQ:ATAT,US,33358901.12366667,0.2898421953665094,56.11650861341806,0.3036024597709264,1.0,0.2898421953665094,4.532329683626212,cyclical,True,True,review_high_roa_supports_follow_up,0.0,0.2898421953665094,priority,cyclical,provisional_equal_weight,6,short_history,39.16122688480952,13.269706747704761,15.161002007566665,4.071320231583333,weak_history,0.6234103276844083,4.159400703902904,pb,"2020,2021,2022",0.6234103276844083,4.159400703902904,2.6682050346045814,cycle_research_required
601899,"Zijin Mining Group Co., Ltd. Class A",33.35,870890840238.7916,13.53655071640216,4.36738408753102,39.5141698448175,13.733808590563,69114516800.0,,173229052074.0,17.01668940250069,68.05463320035699,65.79407806191115,2.40168117682378,261534694.0999999,Non-Energy Minerals,Precious Metals,SSE:601899,A,8722182048.234997,0.3425745946217203,32.26364070899602,0.4195605461422023,1.0,0.3425745946217203,18.34918755549265,cyclical,True,False,not_triggered,0.0,0.3425745946217203,priority,cyclical,provisional_equal_weight,10,usable,21.49028571428571,8.686259873885714,10.57529411764706,3.8199367955588235,weak_history,0.9456643310196332,3.905138830750695,pb,"2016,2017,2018,2019",0.9456643310196332,3.905138830750695,2.6733753058717173,cycle_research_required
301358,"Hunan Yuneng New Energy Battery Material Co., Ltd. Class A",55.82,26941075780.0,11.464366399671391,2.3104314198805547,24.0546933963492,9.12824956017612,-4563497120.0,,19540449182.08,110.67804954783249,661.8535593681314,623.5844850646455,0.620425235273614,20029506.6,Producer Manufacturing,Electrical Products,SZSE:301358,A,1118047058.4120002,0.476595823142412,20.153154036901505,0.5688621432992336,1.0,0.476595823142412,16.21945162701528,cyclical,False,True,not_triggered,0.25,0.7265958231424121,watch,cyclical,provisional_equal_weight,8,short_history,23.386944444444445,7.610097825941666,7.52157894736842,2.8739045108736843,weak_history,0.4224215968716229,4.083899493915377,pb,"2018,2020,2024,2025",0.4224215968716229,4.083899493915377,2.6862344402456877,cycle_research_required
175,Geely Automobile Holdings Limited,17.28,186815047141.0,10.006369795587467,1.7147790534975342,17.9748774820255,5.75584051514803,,,8652988053.164999,34.63497177287369,12.951400374586427,6.690967502780184,2.90360046457607,44649809.93333333,Consumer Durables,Motor Vehicles,HKEX:175,HK,771548715.648,0.5566863977567373,17.136874696093123,0.5839086748920869,0.8,0.6958579971959217,4.662077873801163,cyclical,False,False,not_triggered,0.25,0.9458579971959216,watch,cyclical,provisional_equal_weight,9,short_history,14.294168013017934,6.0286070876882665,7.53726330031459,3.7647599135530454,weak_history,0.8392481737968562,3.0184278286440063,pb,"2020,2021,2022,2023",1.0490602172460701,3.7730347858050077,2.797246229953486,cycle_research_required
2899,"Zijin Mining Group Co., Ltd. Class H",36.6,1015481531854.0,13.255586541595742,4.147177200043512,39.1507265999703,13.6355337072611,78511100060.0,,200204982435.363,21.19913774481032,74.52429440303759,72.19207982538198,2.5335938359934,56997429.53333326,Non-Energy Minerals,Precious Metals,HKEX:2899,HK,2086105920.9199972,0.3385783021867543,31.28625947278727,0.4236871637891204,0.8,0.4232228777334428,20.087665824288926,cyclical,True,False,not_triggered,0.0,0.4232228777334428,priority,cyclical,provisional_equal_weight,9,short_history,22.818013063791202,7.6485052262370665,10.926254001092799,3.9894721716527997,weak_history,0.7965204737185182,3.47384156839808,pb,"2017,2018,2019,2020",0.9956505921481477,4.3423019604976,2.936308844740347,cycle_research_required
SON,Sonoco Products Company,52.26,5167207365.109889,8.057230076625398,1.442838897346402,18.9251949473233,5.62248733433235,354831000.0,,4765630000.0,12.014490716462396,,,4.06149174416398,945966.9666666668,Process Industries,Containers/Packaging,NYSE:SON,US,49436233.678,0.4257409289073125,17.907381117639687,0.449939051595245,1.0,0.4257409289073125,5.378089010531262,cyclical,True,False,not_triggered,0.0,0.4257409289073125,priority,cyclical,provisional_equal_weight,10,usable,17.16947450766857,5.189912916982856,5.4944495863444445,1.687158570637037,weak_history,0.48944493138541245,4.779356825713995,pb,"2017,2020,2021,2024",0.48944493138541245,4.779356825713995,2.948896473266133,cycle_research_required
002709,"Guangzhou Tinci Materials Technology Co., Ltd",33.83,70359071555.0,17.156042395659007,3.4000102512871897,23.6963144175171,13.9988161006046,460423350.0,,4420437398.93,72.35044027201346,668.9922655488155,652.3464326592904,0.722543352601156,57826666.066666715,Process Industries,Chemicals: Specialty,SZSE:002709,A,1956276113.0353348,0.7239962339028002,19.81815020547801,0.8656732448680725,1.0,0.7239962339028002,16.366107166320443,cyclical,True,True,not_triggered,0.0,0.7239962339028002,watch,cyclical,provisional_equal_weight,10,usable,19.98242857142857,10.812250578237142,8.101081081081082,4.130141426402703,weak_history,0.851498109381604,5.180769480223491,pb,"2019,2023,2024,2025",0.851498109381604,5.180769480223491,3.3325973633446417,cycle_research_required
6693,Chifeng Jilong Gold Mining Group Limited Class H,42.2,97442603948.0,19.242168619761983,4.805086559876844,28.248859151301904,15.0641777734108,3395472040.0,,917624570.653548,47.35219724941116,77.30168902633717,77.30616864742498,0.856323185011709,8633508.6,Non-Energy Minerals,Precious Metals,HKEX:6693,HK,364334062.92,0.6811662204374427,24.971647712004515,0.7705606310676799,0.8,0.8514577755468034,11.601216961522333,cyclical,True,False,not_triggered,0.0,0.8514577755468034,watch,cyclical,provisional_equal_weight,5,short_history,21.225000022987,8.784132614004866,10.32911863353,4.757673780439999,weak_history,1.0666104069153908,4.503754246281623,pb,"2021,2022",1.3332630086442383,5.629692807852029,3.796299398208524,cycle_research_required
DRD,DRDGOLD Limited,28.71,2500217363.682,9.880239520958083,3.201882541877635,39.5687673664087,28.8337809763554,130619410.0,,695546.0646735821,52.86594362757796,105.12246738669796,104.28852643419572,1.41994596420128,305396.3333333333,Non-Energy Minerals,Precious Metals,NYSE:DRD,US,8767928.73,0.2496979354819569,32.4069323935494,0.3048804311673987,1.0,0.2496979354819569,18.09971714948905,cyclical,True,False,not_triggered,0.0,0.2496979354819569,priority,cyclical,provisional_equal_weight,10,usable,23.147242291115713,17.015449626232858,7.020535691005882,4.724658759464706,weak_history,0.5975948979709503,6.496282358161145,pb,"2017,2018,2019,2020",0.5975948979709503,6.496282358161145,3.9418730010755576,cycle_research_required
2259,Zijin Gold International Company Limited,162.9,428749556579.0,22.037933926783733,5.952922578021108,38.9176811113979,23.8305003135569,,,4004401675.6,106.34666584316496,222.5563956903622,216.24026696329253,1.87265917602996,9713291.566666666,Non-Energy Minerals,Precious Metals,HKEX:2259,HK,1582295196.21,0.5662704790581533,27.012162745375345,0.8158522564268488,0.8,0.7078380988226916,30.591540980934163,cyclical,False,False,not_triggered,0.35,1.0578380988226916,watch,cyclical,provisional_equal_weight,4,short_history,22.0627023144683,11.289567597022799,11.435252279247667,4.746885544665999,weak_history,1.2229616086820776,4.55238238041589,pb,"2022,2023",1.5287020108525968,5.690477975519862,4.067678791419593,cycle_research_required
CF,"CF Industries Holdings, Inc.",132.67,20078027959.506565,9.84030914606558,3.4989905490068347,39.1933526281393,14.551630905750596,1910000000.0,,3613000000.0,20.04032883511711,61.21351766513057,76.22078736864118,1.52383716711414,2428125.0666666827,Process Industries,Chemicals: Agricultural,NYSE:CF,US,322139352.59466875,0.2510708700893483,35.55772991548569,0.2767417709019732,1.0,0.2510708700893483,9.276120742075488,cyclical,True,True,not_triggered,0.0,0.2510708700893483,priority,cyclical,provisional_equal_weight,10,usable,27.689982357842855,9.080981628621428,7.142733339461111,1.714657737338889,weak_history,0.4563493237949445,6.858259215211953,pb,"2016,2017,2018,2020",0.4563493237949445,6.858259215211953,4.077399764074299,cycle_research_required
603699,"Neway Valve (Suzhou) Co., Ltd. Class A",45.62,36025404315.0,20.459234012019017,7.499367107335308,38.8883876414937,17.4444279506344,1573137160.0,,3193140855.02,21.40327638874775,30.1755512486392,28.800831792975966,3.43283582089552,6749698.933333334,Producer Manufacturing,Industrial Machinery,SSE:603699,A,307921265.3386667,0.5261013699161218,36.65517048648898,0.5581541086968957,1.0,0.5261013699161218,5.74263241662889,cyclical,True,False,not_triggered,0.0,0.5261013699161218,priority,cyclical,provisional_equal_weight,10,usable,20.65657142857143,10.401092664124285,10.705789473684211,5.904939440336842,weak_history,1.7575518066604363,6.543155113452032,pb,"2016,2017,2018,2021",1.7575518066604363,6.543155113452032,4.389633625395814,cycle_research_required
2722,Chongqing Machinery & Electric Co. Ltd. Class H,1.81,6706044889.0,6.418439716312058,0.6130813264234665,10.3660009775651,4.53622194967294,,,4388600903.6608,19.904922593474357,67.16344859066706,67.16064018968582,4.07730769230769,8350384.9,Producer Manufacturing,Industrial Machinery,HKEX:2722,HK,15114196.669000002,0.6191818552017639,9.55187480947058,0.6719560132790103,0.8,0.7739773190022049,7.853811415381062,cyclical,False,False,not_triggered,0.35,1.1239773190022049,watch,cyclical,provisional_equal_weight,9,short_history,5.225499143947867,2.3041836480550444,3.534180372019105,1.5229046134512632,weak_history,2.2452387370578135,4.908408134478462,pb,"2019,2020,2021,2023",2.8065484213222667,6.135510168098077,4.887477382048962,cycle_research_required
603379,Zhejiang Sanmei Chemical Industry Co. Ltd. Class A,58.56,36152570971.0,16.74578209894195,4.214135055256551,27.2616295136415,22.2513768450776,868305290.0,,842511318.5500001,33.654817496891816,53.79035407704193,53.33684118214504,2.56670043904086,8008311.233333333,Process Industries,Chemicals: Specialty,SSE:603379,A,468966705.824,0.6142619644420925,25.16535226815601,0.6654300691086252,1.0,0.6142619644420925,7.689478886199841,cyclical,True,True,not_triggered,0.0,0.6142619644420925,watch,cyclical,provisional_equal_weight,10,usable,21.497142857142855,15.273129170272854,7.105666666666667,6.368180459026667,weak_history,0.9118994731106916,8.346392206985495,pb,"2020,2021,2022,2023",0.9118994731106916,8.346392206985495,5.000870476741834,cycle_research_required
000933,Henan Shenhuo Coal Industary and Electricity Power Corporation Limited Class A,27.36,62091004708.0,8.879369097458865,2.207822599517442,27.513984105269103,11.91854215424,10772467400.0,,14555494887.87,12.741427207519704,75.24903223916701,76.54844439351402,2.87253141831239,51231841.03333323,Non-Energy Minerals,Aluminum,SZSE:000933,A,1401703170.671997,0.3227220406716165,24.86463368381979,0.357108381742899,1.0,0.3227220406716165,9.62910500824904,cyclical,True,True,not_triggered,0.0,0.3227220406716165,priority,cyclical,provisional_equal_weight,10,usable,24.581285714285713,6.734708462267142,5.054444444444445,-0.08586998391666667,weak_history,0.365388592968418,8.642060846397978,pb,"2016,2017,2018,2020",0.365388592968418,8.642060846397978,5.017558332354676,cycle_research_required
000408,Zangge Mining Company Limited Class A,75.62,119681352466.0,20.797579757975797,6.876989911868673,34.5700013115776,32.0604664167637,4602940530.0,,313889017.28000003,25.138394447726437,84.55611929547764,82.75948730836895,1.30106687483737,14485437.4,Producer Manufacturing,Electrical Products,SZSE:000408,A,1095388776.1880002,0.6016077225606186,33.06629902083377,0.628966058308251,1.0,0.6016077225606186,4.349731656620548,cyclical,True,True,not_triggered,0.0,0.6016077225606186,watch,cyclical,provisional_equal_weight,10,usable,21.67042857142857,19.59313560975857,9.29391304347826,8.09552285071739,weak_history,1.4644123626096508,7.961615094141269,pb,"2018,2019,2020,2021",1.4644123626096508,7.961615094141269,5.037873864952042,cycle_research_required
000975,"Shanjin International Gold Co., Ltd. Class A",26.25,73811851420.0,19.19842024427704,4.5714345422818505,25.716758584914302,17.1282414306942,3248787720.0,,4668646668.139999,8.03209630993931,40.78483254739956,40.94423255334502,1.80331081081081,61271530.56666667,Non-Energy Minerals,Precious Metals,SZSE:000975,A,1608377677.375,0.7465334396979182,23.81151409395038,0.8062662528946299,1.0,0.7465334396979182,7.40857166999872,cyclical,True,False,not_triggered,0.0,0.7465334396979182,watch,cyclical,provisional_equal_weight,10,usable,13.707857142857142,10.92083944081,7.748823529411766,7.088542189029411,weak_history,2.432838982149295,7.6134406163485915,pb,"2016,2017,2018,2019",2.432838982149295,7.6134406163485915,5.282169880958908,cycle_research_required
603979,JCHX MINING MANAGEMENT CO LTD Class A,79.54,49240865883.0,18.86085554396282,4.003601933044112,25.5100825688445,13.549720070423502,2102926750.0,,6573927743.01,26.974128631033462,36.50284465446994,33.034700315457414,0.827897641746111,8349521.966666707,Non-Energy Minerals,Precious Metals,SSE:603979,A,664120977.2286699,0.7393490590656735,21.22704308779687,0.8885295736176116,1.0,0.7393490590656735,16.789594739605096,cyclical,True,False,not_triggered,0.0,0.7393490590656735,watch,cyclical,provisional_equal_weight,10,usable,13.543714285714284,7.399062660168571,6.474117647058824,4.384887736,weak_history,2.1826058925829797,9.551898877104222,pb,"2016,2017,2018,2019",2.1826058925829797,9.551898877104222,6.335717034069663,cycle_research_required
601872,"China Merchants Energy Shipping Co., Ltd. Class A",19.2,155838588322.0,14.292094685127289,3.3099681760351407,24.850409315428,12.8631757317965,4040560490.0,,30327857502.23,40.137667032856875,129.07781118821063,130.03424657534245,1.6580310880829,105475076.13333318,Transportation,Marine Shipping,SSE:601872,A,2025121461.759997,0.5751251218326717,23.159433581695875,0.6171176265909667,1.0,0.5751251218326717,6.804619240948718,cyclical,True,False,not_triggered,0.0,0.5751251218326717,priority,cyclical,provisional_equal_weight,10,usable,11.831142857142856,6.381240692275714,5.925882352941176,3.515091451217647,weak_history,2.3646693461388177,9.425790177839394,pb,"2016,2017,2018,2019",2.3646693461388177,9.425790177839394,6.348285803574134,cycle_research_required
600066,"Yutong Bus Co., Ltd. Class A",28.68,61484501518.0,11.573382833622532,4.8932209780641065,41.9633760115753,17.8256609207609,6742100450.0,,244309885.36999995,13.520491965018078,25.31845967123254,25.32112875493071,8.80281690140845,19459643.96666665,Consumer Durables,Motor Vehicles,SSE:600066,A,558102588.9639995,0.2757972292417583,42.27995434358669,0.273732150691834,1.0,0.2757972292417583,0.7544157837159338,cyclical,True,True,review_high_roa_supports_follow_up,0.0,0.2757972292417583,priority,cyclical,provisional_equal_weight,10,usable,18.848142857142854,8.35241340266857,5.578076923076923,2.643938654876923,weak_history,1.3773924539105211,15.726273739926274,pb,"2019,2020,2021,2022",1.3773924539105211,15.726273739926274,9.369277161219186,cycle_research_required
002346,"Shanghai Zhezhong Group Co., Ltd. Class A",18.63,8445164983.999999,13.173525668222316,2.4299418926938703,20.5867094455301,13.0534387762654,131584900.0,,843073855.48,-1.8645588407713625,61.40374402428851,61.75225895001715,2.60416666666667,9701725.566666666,Producer Manufacturing,Electrical Products,SZSE:002346,A,180743147.307,0.6399043860349729,18.445645864990183,0.7141807754872739,1.0,0.6399043860349729,10.400222464910714,cyclical,True,False,not_triggered,0.08,0.7199043860349729,watch,cyclical,provisional_equal_weight,10,usable,10.515285714285714,6.694524410921428,2.911739130434783,2.1775128954043477,weak_history,2.197625740812738,28.66097515008497,pb,"2016,2018,2019,2024",2.197625740812738,28.66097515008497,16.902467915912464,cycle_research_required
PBR,Petroleo Brasileiro S.A. Petrobras,20.1815,125885671307.849,5.104330011634377,1.399664743484379,30.685982529677503,11.0211924445216,18257156170.0,,70814633062.5296,20.81710009340769,86.33582928701784,86.33300344031292,5.77671379814724,18271849.6,Energy Minerals,Integrated Oil,NYSE:PBR,US,368753332.7024,0.1663407716112006,27.421125599130576,0.1861458966438714,1.0,0.1663407716112006,10.639571105110846,cyclical,True,True,not_triggered,0.0,0.1663407716112006,priority,cyclical,provisional_equal_weight,10,usable,21.939334135194283,7.828881001118571,2.0449971077444444,0.6770972769777779,weak_history,0.2907884404203052,33.468683295795074,pb,"2016,2017,2018,2020",0.2907884404203052,33.468683295795074,18.63863061087643,cycle_research_required
603929,L&K Engineering (Suzhou) Co. Ltd. Class A,150.26,33070800095.0,26.242162804100666,13.427064837907464,58.129510362181,23.864481822664,651890620.0,,100000000.0,36.96383351506071,118.35483462858312,118.35411661518512,1.70967741935484,6134857.066666666,Industrial Services,Engineering & Construction,SSE:603929,A,921823622.8373332,0.4514430388385618,51.165999304787945,0.5128828354896414,1.0,0.4514430388385618,11.979304511609158,cyclical,True,True,review_high_roa_supports_follow_up,0.0,0.4514430388385618,priority,cyclical,provisional_equal_weight,10,usable,21.848714285714284,9.81462750453,5.835384615384615,2.8510337173461537,weak_history,2.8127382242088386,39.43139247528006,pb,"2019,2020,2021,2022",2.8127382242088386,39.43139247528006,23.052998062298016,cycle_research_required
000680,"Shantui Construction Machinery Co., Ltd. Class A",10.6,15392412893.0,11.945007888212755,2.3603812238353967,21.4434151999867,6.93590546836669,836746270.0,,8034504666.48,11.116084280608892,10.18209492037202,10.167597765363125,1.29434324065197,21074107.233333334,Producer Manufacturing,Trucks/Construction/Farm Machinery,SZSE:000680,A,223385536.67333335,0.5570478292198607,19.76039903803331,0.6044922405272241,1.0,0.5570478292198607,7.848638597243762,cyclical,True,False,not_triggered,0.0,0.5570478292198607,priority,cyclical,provisional_equal_weight,10,usable,10.680714285714284,3.9298186837828566,1.7061111111111111,0.7381839518555555,weak_history,2.069100358822153,81.09004260745644,pb,"2016,2017,2019,2020",2.069100358822153,81.09004260745644,45.630618595571015,cycle_research_required
MPLX,MPLX LP,59.25,60071103028.892815,12.753180223422802,4.283133562200859,33.9282507990089,11.6916223239698,3336000000.0,,26133000000.0,4.788438098554762,9.605568445475637,10.254402202287723,7.25648803505224,1363459.7333333334,Industrial Services,Oil & Gas Pipelines,NYSE:MPLX,US,80784989.2,0.3758867587655106,33.584827369837924,0.3797304087046241,1.0,0.3758867587655106,1.0122049356608986,cyclical,True,False,not_triggered,0.0,0.3758867587655106,priority,cyclical,provisional_equal_weight,10,usable,22.003287490014284,8.223748121532857,1.9501632738944445,1.2795058570722222,weak_history,0.8846805330752374,112.62107552914115,pb,"2016,2017,2019,2020",0.8846805330752374,112.62107552914115,62.4396977809115,cycle_research_required
LPG,Dorian LPG Ltd.,54.645,2337859563.288968,7.2509056168146175,1.890678018000625,28.342022711409996,17.6322406431966,146279050.0,,646238026.0,81.05922022373736,557.3522487472081,555.6725247955454,0.0,557265.6333333333,Transportation,Marine Shipping,NYSE:LPG,US,30451780.5335,0.2558358551415433,26.075060384404996,0.2780781908045455,1.0,0.2558358551415433,7.99859046790038,cyclical,True,False,not_triggered,0.0,0.2558358551415433,priority,cyclical,provisional_equal_weight,10,usable,12.825916926767142,7.237191923524285,0.9397583967210531,0.6050961636473685,weak_history,1.1493193790702918,214.08446072650258,pb,"2017,2018,2019,2022",1.1493193790702918,214.08446072650258,118.36364712015805,cycle_research_required
300475,"Shannon Semiconductor Technology Co., Ltd. Class A",164.85,82456232020.0,19.281378293975227,10.84214209421384,77.9614056590267,19.9506304444328,7672637730.0,,15196569807.19,133.214121466672,1416.8762174718536,1383.550234252993,0.0667256989920847,30586500.400000025,Producer Manufacturing,Electrical Products,SZSE:300475,A,5042184590.940004,0.2473195311319114,56.231156968698855,0.3428949239779688,1.0,0.2473195311319114,27.873084773981137,cyclical,True,True,review_high_roa_supports_follow_up,0.0,0.2473195311319114,priority,cyclical,provisional_equal_weight,10,usable,9.525428571428572,6.0125568596928565,1.6516,5.033846881992,weak_history,11.949398518037007,397.4709074396985,pb,"2018,2019,2020,2023",11.949398518037007,397.4709074396985,223.98622842495084,cycle_research_required
TRMD,TORM plc,35.035,3569146760.198893,5.904689351082611,1.4118251636827257,26.663962855241703,17.2098323301499,186996282.852,,1072316209.4432873,20.28713424672488,71.82541149575744,64.44948987550526,7.04691056910569,601278.5666666667,Transportation,Marine Shipping,NASDAQ:TRMD,US,21065794.583166663,0.2214483039576334,23.910236080817203,0.2469523651345228,1.0,0.2214483039576334,10.327522541845893,cyclical,True,True,not_triggered,0.0,0.2214483039576334,priority,cyclical,provisional_equal_weight,9,short_history,22.076186251426666,12.599480891908888,0.5239404078500003,0.24525102195000012,weak_history,0.28968954349751425,514.3007179983421,pb,"2017,2018,2020,2021",0.28968954349751425,514.3007179983421,283.0957551936621,cycle_research_required
002452,Changgao Electric Group Co. Ltd. Class A,11.81,7307511881.0,9.255485893416928,2.2898735625275086,29.1200158245745,19.9528230653176,508858620.0,,784437167.3299999,-3.3616748074005285,246.7307620194464,228.0205655526992,1.01867572156197,13544152.533333331,Producer Manufacturing,Electrical Products,SZSE:002452,A,159956441.41866666,0.3178393153758586,24.740716899111774,0.3740993412260099,1.0,0.3178393153758586,15.038793082547077,cyclical,True,False,not_triggered,0.08,0.3978393153758586,priority,cyclical,provisional_equal_weight,10,usable,8.345714285714285,4.965572857062857,0.5396153846153843,0.8369538400423078,weak_history,3.2876416806513062,786.3988268030668,pb,"2017,2018,2022,2023",3.2876416806513062,786.3988268030668,434.1487934979798,cycle_research_required
2099,China Gold International Resources Corp. Ltd.,259.6,102433312473.0,17.008897566600712,4.98715749312729,33.6205175127488,22.9961853867758,6577560340.0,,3743049675.25,46.106339401700815,163.54051815602756,163.5390406464758,1.06089667182663,3082416.2666666666,Non-Energy Minerals,Precious Metals,HKEX:2099,HK,800195262.8266667,0.5059082615296148,29.320874404701296,0.5800951680988584,0.8,0.6323853269120184,12.788747545058143,cyclical,True,False,not_triggered,0.0,0.6323853269120184,watch,cyclical,provisional_equal_weight,9,short_history,8.957396027978978,5.322536116363578,0.5783383318779499,0.40500701720564997,weak_history,6.215692651150123,1491.0394264439303,pb,"2018,2019,2023,2024",7.769615813937653,1863.7992830549128,1028.685932796474,cycle_research_required
ERO,Ero Copper Corp.,34.785,3628167154.114365,12.072544801513963,2.993331945847748,30.229821447801104,15.7047689988067,153760210.56,,572666974.0,85.25830266258644,105.99948636610132,103.98560173030138,0.0,1478656.933333333,Non-Energy Minerals,Other Metals/Minerals,NYSE:ERO,US,51435081.426,0.39935878623564,24.794539967019773,0.4869033592707164,1.0,0.39935878623564,17.97986630574919,cyclical,True,True,not_triggered,0.0,0.39935878623564,priority,cyclical,provisional_equal_weight,5,short_history,19.02631477032,9.048679459093332,0.2993041015714297,0.3112436510000003,weak_history,0.8268857845774676,3341.408276520524,pb,"2023,2024",0.8268857845774676,3341.408276520524,1838.2466506893481,cycle_research_required
340,Tongguan Gold Group Ltd.,3.55,18597921631.0,17.47047244094488,3.865502297523901,25.4954589441576,15.090645558923402,,,748286000.046906,64.96150776724275,118.8037408151505,83.22813345356175,0.914285714285714,20782970.733333334,Non-Energy Minerals,Precious Metals,HKEX:340,HK,73779546.10333334,0.6852385940261067,22.125917376249483,0.7895931338737678,0.8,0.8565482425326333,13.21624205819707,cyclical,False,False,not_triggered,0.25,1.1065482425326332,watch,cyclical,provisional_equal_weight,9,short_history,8.116779056207179,4.513004531725622,0.3604784765741331,0.12910279225939994,weak_history,5.867302599141462,2974.7279753873877,pb,"2017,2019,2020,2023",7.334128248926827,3718.4099692342343,2048.675840790846,cycle_research_required
000703,"Hengyi Petrochemical Co., Ltd. Class A",17.93,65355355112.0,11.209052263065766,2.068656792185946,22.2706646298162,5.11034570174203,-1205479970.0,,74771499499.1,7.222869749219651,19477.657174270025,10493.377483443708,0.264830508474576,97679779.73333336,Process Industries,Textiles,SZSE:000703,A,1751398450.6186671,0.5033101817742327,18.45523371322164,0.6073644169044261,1.0,0.5033101817742327,17.132092732815995,cyclical,False,False,not_triggered,0.25,0.7533101817742327,watch,cyclical,provisional_equal_weight,10,usable,5.718,1.9564448741,0.10324999999999993,-0.021841723427500022,weak_history,6.327033609205793,19404.7621050573,pb,"2022,2023,2024,2025",6.327033609205793,19404.7621050573,10675.716322905659,cycle_research_required
300972,"Fujian Wanchen Food Group Co., Ltd. Class A",184.35,35693694777.0,17.69635417666596,13.493918404065084,96.4764954942345,22.1421155552169,4077275010.0,,1738164366.96,44.81447487802455,172.58301461960758,155.20958377226293,0.54578118089341,2264102.6,Process Industries,Agricultural Commodities/Milling,SZSE:300972,A,417387314.31,0.1834265857814404,76.25253354082324,0.2320756223423301,1.0,0.1834265857814404,20.96257938247752,cyclical,True,True,review_high_roa_supports_follow_up,0.0,0.1834265857814404,priority,cyclical,provisional_equal_weight,10,usable,24.70171428571428,9.790309524444286,0.20214285714285818,0.4856043846250009,weak_history,2.2114844576480928,33023.36160017892,pb,"2017,2021,2022,2023",2.2114844576480928,33023.36160017892,18163.94404810435,cycle_research_required
LTM,LATAM Airlines Group S.A.,52.311,14868749572.75844,9.824584468025169,7.535914117287756,107.343428507644,8.63060361420044,1751077010.0,,8990748134.9226,20.16449185607764,33.21194153869491,37.102173241322475,1.85252078097816,788478.5666666667,Transportation,Airlines,NYSE:LTM,US,41246102.3009,0.091524787354128,76.70466004759736,0.1280832802326317,1.0,0.091524787354128,28.542751881513485,cyclical,True,True,review_possible_equity_or_leverage_distortion,0.0,0.091524787354128,priority,cyclical,provisional_equal_weight,10,usable,-25.046228184098567,-0.841278479641429,-387.4667986093,-3.066235179076191,weak_history,,,pb,"2016,2017,2020,2022",,,,cycle_research_required
CSTM,Constellium SE,27.0,3659248929.833837,6.946052326927529,2.936796868286836,53.8005923000067,9.52963804859117,221702000.0,,1923000000.01281,25.94174723130884,1903.890854823565,1921.372854914197,0.0,1500365.8666666667,Non-Energy Minerals,Aluminum,NYSE:CSTM,US,40509878.4,0.1291073579300848,42.28008558043615,0.1642866193757566,1.0,0.1291073579300848,21.41334551733015,cyclical,True,True,review_possible_equity_or_leverage_distortion,0.0,0.1291073579300848,priority,cyclical,provisional_equal_weight,10,usable,41.54852647309857,3.2516505876028567,-38.81491059595883,1.6684760604529412,weak_history,0.17012285258921112,,pb,"2016,2017,2018,2019",0.17012285258921112,,,cycle_research_required
FRO,Frontline Plc,46.87,10434334634.706518,7.0191990894659595,3.3070808361474446,53.8422866862181,24.9372644218018,688973000.0,,2434842000.0,48.84009857969576,524.545416351567,524.5230078563412,6.89123734037869,2105904.7333333334,Transportation,Marine Shipping,NYSE:FRO,US,98703754.85133334,0.1303659172273351,47.11478893810742,0.1489808030061806,1.0,0.1303659172273351,12.494821751009887,cyclical,True,True,review_high_roa_supports_follow_up,0.0,0.1303659172273351,priority,cyclical,provisional_equal_weight,10,usable,14.559730666007141,5.997907685841428,-3.4344068217157897,-1.4092627030421054,weak_history,1.5600486003912892,,pb,"2016,2017,2018,2021",1.5600486003912892,,,cycle_research_required
CQP,"Cheniere Energy Partners, LP",68.5,33157954824.11928,12.32945750386983,8.979955690145646,91.32280523009,15.5393105839522,2786000000.0,,14444000000.0,15.433276433376845,34.315684315684315,34.31486316603809,4.78000292354919,119078.1,Utilities,Gas Distributors,NYSE:CQP,US,8156849.850000001,0.1350096229830595,72.83333988804551,0.1692831541547022,1.0,0.1350096229830595,20.246273967887685,cyclical,True,True,review_high_roa_supports_follow_up,0.0,0.1350096229830595,priority,cyclical,provisional_equal_weight,10,usable,-1231.5056857998256,12.012302781927142,-2277.183400504505,16.7301694632025,weak_history,,,pb,"2022,2023,2024,2025",,,,cycle_research_required
CENX,Century Aluminum Company,47.155,4668028601.959588,8.159292647898534,3.3269388564304707,56.73325499412451,25.0202110238179,151200000.0,,480000000.0,9.666543316475472,413.1802721088435,419.861473419088,0.0,1956516.3333333333,Non-Energy Minerals,Aluminum,NASDAQ:CENX,US,92259527.69833334,0.1438185178823872,40.77484409493928,0.200106041580456,1.0,0.1438185178823872,28.1288477116956,cyclical,True,True,review_high_roa_supports_follow_up,0.0,0.1438185178823872,priority,cyclical,provisional_equal_weight,10,usable,0.8794496468371429,-0.677013168827143,-22.064621097064002,-7.967332129752,weak_history,430.1529064265838,,pb,"2016,2020,2021,2023",430.1529064265838,,,cycle_research_required
HMY,Harmony Gold Mining Company Limited,20.435,12819339481.488,7.301865218323447,2.787485438508903,48.1166999268439,29.137685369431704,960832870.0,,578157413.0567421,49.715777730405755,121.37391819315222,121.88218504717354,1.57001926782274,3460910.5,Non-Energy Minerals,Precious Metals,NYSE:HMY,US,70723706.0675,0.151753242209568,38.174977970203166,0.1912735935046981,1.0,0.151753242209568,20.661687047856603,cyclical,True,True,review_high_roa_supports_follow_up,0.0,0.151753242209568,priority,cyclical,provisional_equal_weight,10,usable,17.594813394911426,10.733884658689998,-7.663230424242857,-6.885573908495238,weak_history,0.9004161520350233,,pb,"2018,2019,2020,2022",0.9004161520350233,,,cycle_research_required
GFI,Gold Fields Limited,48.115,42302837911.422,9.86266270369991,4.776426698751071,58.7626432300832,33.4429129188422,4500115750.0,,2634378549.55,71.19494284436489,133.70808449051265,133.92471829297529,2.4921407807309,3796650.1,Non-Energy Minerals,Precious Metals,NYSE:GFI,US,182675819.5615,0.1678389902422016,48.42938304033482,0.2036503891756314,1.0,0.1678389902422016,17.584743676843885,cyclical,True,True,review_high_roa_supports_follow_up,0.0,0.1678389902422016,priority,cyclical,provisional_equal_weight,10,usable,21.237768915307143,11.255389043575713,-0.8823868570705883,-0.4982250975294118,weak_history,1.0589740922465893,,pb,"2016,2017,2018,2019",1.0589740922465893,,,cycle_research_required
INSW,"International Seaways, Inc.",103.6845,5135629111.289349,6.621188415977522,2.2665547720405668,37.4116050605098,28.1160566183888,269317000.0,,652766000.0,57.66313069733789,226.3704224998115,225.71030408918836,8.14749608763694,507545.36666666664,Transportation,Marine Shipping,NYSE:INSW,US,52624587.570149995,0.1769822065978822,34.231842225953976,0.1934219132079737,1.0,0.1769822065978822,8.499402336288032,cyclical,True,False,not_triggered,0.0,0.1769822065978822,priority,cyclical,provisional_equal_weight,10,usable,11.59479452036857,7.566735870681428,-9.022869806710528,-5.331669012331579,weak_history,1.6859321990864964,,pb,"2016,2017,2018,2021",1.6859321990864964,,,cycle_research_required
UAN,"CVR Partners, LP",131.0,1384622303.6879325,8.642130054161745,3.990634498700149,48.2957251457405,15.591870814300398,144595000.0,,579625000.0,17.472400261722402,82.15853020759909,82.15826473592502,11.0029655539503,49578.2,Process Industries,Chemicals: Agricultural,NYSE:UAN,US,6494744.199999999,0.1789419255655166,46.17651520736372,0.1871542279739549,1.0,0.1789419255655166,4.387986580554914,cyclical,True,True,review_high_roa_supports_follow_up,0.0,0.1789419255655166,priority,cyclical,provisional_equal_weight,10,usable,22.302353133155712,6.795690889525713,-14.791199995865,-5.59293289619,weak_history,0.8023069909275495,,pb,"2017,2018,2019,2020",0.8023069909275495,,,cycle_research_required
DHT,"DHT Holdings, Inc.",20.9,3369823720.133729,7.1100527300561325,2.534488445643105,39.1763532556201,29.257388411867403,36254000.0,,434804000.0,39.41599357538878,148.85901598008007,148.6465911013365,12.1347201584943,3101745.6,Transportation,Marine Shipping,NYSE:DHT,US,64826483.04,0.1814883760023312,35.64654921515745,0.1994597762364282,1.0,0.1814883760023312,9.01003729834471,cyclical,True,False,not_triggered,0.0,0.1814883760023312,priority,cyclical,provisional_equal_weight,10,usable,11.207754669434285,7.514033967852856,-1.3973131115894737,-0.7577474473157895,weak_history,2.0176836918201526,,pb,"2016,2017,2018,2021",2.0176836918201526,,,cycle_research_required
TNK,Teekay Tankers Ltd.,93.22,3232880133.0580416,5.493838438010148,1.3607056752169835,28.035629634786304,25.454386756584803,366917000.0,,27801000.0,19.33065185574672,111.74610668784112,110.68178149716286,1.08896874659697,445062.3,Transportation,Marine Shipping,NYSE:TNK,US,41488707.606,0.1959591601678691,24.76785021202457,0.2218132938862388,1.0,0.1959591601678691,11.655808930744016,cyclical,True,False,not_triggered,0.0,0.1959591601678691,priority,cyclical,provisional_equal_weight,10,usable,12.937581355549998,10.11986113202857,-9.831237652595238,-5.327987746204762,weak_history,0.8129390929071961,,pb,"2017,2018,2019,2021",0.8129390929071961,,,cycle_research_required
STNG,Scorpio Tankers Inc.,81.24,4068609086.455125,5.1147095116976,1.1553939432554232,24.6193235920985,18.9542154363658,657566000.0,,728875000.0,32.68443204491772,127.4112495264413,116.30646457218342,2.20946198976407,748192.7,Transportation,Marine Shipping,NYSE:STNG,US,60783174.94799999,0.2077518292719931,22.58962978470192,0.2264184743373425,1.0,0.2077518292719931,8.244311830110584,cyclical,True,False,not_triggered,0.0,0.2077518292719931,priority,cyclical,provisional_equal_weight,10,usable,9.331300749092856,6.209229115167142,-9.186985124928572,-3.523535710252381,weak_history,1.3269229712861872,,pb,"2017,2018,2019,2021",1.3269229712861872,,,cycle_research_required
HESM,Hess Midstream LP,39.37,8117241755.584692,13.577734859980689,9.819620284736564,65.2400835073069,8.64085164233787,837800000.0,,3680000000.0,2.7760091684706483,28.91027844620144,7.6317743132887905,7.74629861982434,1301028.8,Energy Minerals,Integrated Oil,NYSE:HESM,US,51221503.856,0.2081195199337839,72.32149092614209,0.187741357183121,1.0,0.2081195199337839,10.854381291590553,cyclical,True,True,review_possible_equity_or_leverage_distortion,0.0,0.2081195199337839,priority,cyclical,provisional_equal_weight,9,short_history,36.192029551375555,3.9790022676266665,-0.5147718309230797,1.3800737419923077,weak_history,0.7496677333346601,,pb,"2017,2019,2020,2021",0.7496677333346601,,,cycle_research_required
FTDR,"Frontdoor, Inc.",81.96,5646495669.664127,21.68885125301013,19.9949744207776,101.85873605948,12.5745754933456,386000000.0,,1179000000.0,9.26208651399491,6.614785992217899,11.55753675385252,0.0,490028.93333333335,Consumer Durables,Homebuilding,NASDAQ:FTDR,US,40162771.375999995,0.2129306929583832,92.1901035122944,0.2352622507915692,1.0,0.2129306929583832,9.492197646689482,cyclical,True,True,review_high_roa_supports_follow_up,0.0,0.2129306929583832,priority,cyclical,provisional_equal_weight,8,short_history,49.789535515552785,11.946659983797222,-208.41422684882,10.358943109639998,weak_history,0.8065749006659475,,pb,"2018,2019,2020,2021",0.8065749006659475,,,cycle_research_required
BLBD,Blue Bird Corporation,63.8,2020931266.41219,7.754199178395196,3.0859002412612915,64.2857224327879,32.3552070357124,153143000.0,,115751000.0,13.462721313828958,143.17777816129643,134.87197054037853,0.0,591970.4666666667,Consumer Durables,Motor Vehicles,NASDAQ:BLBD,US,37767715.77333333,0.1206208608218158,39.796504710109176,0.1948462367456472,1.0,0.1206208608218158,38.094333851941585,cyclical,True,True,review_high_roa_supports_follow_up,0.1,0.2206208608218158,priority,cyclical,provisional_equal_weight,10,usable,61.89857386856857,8.881893151731429,-44.339726021415004,7.43912894306,weak_history,0.08054166368745441,,pb,"2017,2018,2019,2020",0.08054166368745441,,,cycle_research_required
CGAU,Centerra Gold Inc.,22.76,4452027796.461926,7.456763874560719,2.0621778291108246,32.593378769211,23.3006990594128,131458356.48,,45707085.599999994,36.2340457551393,707.0369164524052,776.8864473652648,0.881057268722467,1667329.4,Non-Energy Minerals,Precious Metals,NYSE:CGAU,US,37948417.144,0.2287815549090809,27.65513115074075,0.2696340087456424,1.0,0.2287815549090809,15.15107609259312,cyclical,True,False,not_triggered,0.0,0.2287815549090809,priority,cyclical,provisional_equal_weight,5,short_history,9.169437517559999,6.4054384611733335,-7.7316092764499995,-5.92477897975,weak_history,2.4526790550893613,,pb,"2021,2023",2.4526790550893613,,,cycle_research_required
PARR,"Par Pacific Holdings, Inc. Common Stock",79.28,3971898705.6628447,4.626625271364878,1.970527588380449,54.73979001269941,20.3310818954595,438306000.0,,1304278000.0,13.187341522133451,,,0.0,993026.2333333336,Energy Minerals,Oil Refining/Marketing,NYSE:PARR,US,78727119.7786667,0.0845203328381698,42.59103499426339,0.1086290875999618,1.0,0.0845203328381698,22.19364563805881,cyclical,True,True,review_high_roa_supports_follow_up,0.15,0.2345203328381698,priority,cyclical,provisional_equal_weight,10,usable,13.843625709462856,4.396446226845714,-32.16289948261539,-5.688346360142307,weak_history,1.0282123645793813,,pb,"2016,2020,2021,2024",1.0282123645793813,,,cycle_research_required
NBR,Nabors Industries Ltd.,89.41,1358241736.5828762,6.649017260227112,2.4320701402391323,49.2407101413899,4.43602272131375,39653000.0,,2128532000.0,6.0537227306294,,,0.0,247068.8,Industrial Services,Contract Drilling,NYSE:NBR,US,22090421.408,0.1350308970186479,36.57788880752672,0.1817769553408158,1.0,0.1350308970186479,25.71616310468131,cyclical,True,True,review_possible_equity_or_leverage_distortion,0.1,0.2350308970186479,watch,cyclical,provisional_equal_weight,10,usable,-21.912141396544285,-4.463246397277143,-68.15722207030967,-7.79808609620645,weak_history,,,pb,"2020,2021,2022,2024",,,,cycle_research_required
NEXA,Nexa Resources S.A.,13.7,1814409060.368231,6.5359477124183005,1.507334779054428,26.5196584413885,5.4139532380224,173248390.0,,1855220000.0,23.370012900287275,,,0.954050541516246,726591.3666666667,Non-Energy Minerals,Other Metals/Minerals,NYSE:NEXA,US,9954301.723333333,0.2464567078366977,23.062222119532752,0.2834049415768406,1.0,0.2464567078366977,13.037258113625729,cyclical,True,False,not_triggered,0.0,0.2464567078366977,priority,cyclical,provisional_equal_weight,10,usable,-4.3775919189814285,-1.3523009848071426,-20.902867764756667,-5.777008108226666,weak_history,,,pb,"2019,2020,2023,2024",,,,cycle_research_required
GPOR,Gulfport Energy Corporation,180.98,3200425825.104366,7.238360350199376,1.752826139172342,27.4111285765093,16.2053453967893,250001000.0,,922410000.0,26.64766808896456,,,0.0,286823.86666666664,Energy Minerals,Oil & Gas Production,NYSE:GPOR,US,51909383.38933332,0.2640664841652118,24.215789963041303,0.2989107669519238,1.0,0.2640664841652118,11.657085203731157,cyclical,True,True,not_triggered,0.0,0.2640664841652118,priority,cyclical,provisional_equal_weight,10,usable,-19.99088584410143,0.03231971281714208,-155.814673876655,-40.27541269066,weak_history,,,pb,"2015,2016,2019,2020",,,,cycle_research_required
BVN,Buenaventura Mining Company Inc.,34.095,8940582115.95433,7.706478007323358,2.0025514249567418,28.7663340406401,19.4853579617962,654632010.0,,692358096.693488,67.74731707635866,122.3524396786208,122.3551289139066,1.20474547023296,1023550.1666666666,Non-Energy Minerals,Precious Metals,NYSE:BVN,US,34897942.9325,0.2678992045505662,25.985299939268565,0.2965706774728219,1.0,0.2678992045505662,9.667669496719968,cyclical,True,False,not_triggered,0.0,0.2678992045505662,priority,cyclical,provisional_equal_weight,10,usable,6.448595358505714,4.21748260844,-6.618631839014286,-4.143688851690476,weak_history,4.815633475687752,,pb,"2016,2018,2020,2021",4.815633475687752,,,cycle_research_required
PBF,PBF Energy Inc.,72.65,8611702050.753355,6.423802997479995,1.343874190438349,23.5452773717547,9.769992526833,781800000.0,,2515000000.0,13.53545629605652,,,1.46024160361078,2992978.466666667,Energy Minerals,Oil Refining/Marketing,NYSE:PBF,US,217439885.60333335,0.2728276628920114,20.920227332088793,0.3070618160839367,1.0,0.2728276628920114,11.148945065369908,cyclical,True,True,not_triggered,0.0,0.2728276628920114,priority,cyclical,provisional_equal_weight,10,usable,11.560101790208572,3.5999857779957143,-13.46794144400588,-3.899421067088235,weak_history,1.0056232295630974,,pb,"2018,2020,2024,2025",1.0056232295630974,,,cycle_research_required
MPC,Marathon Petroleum Corporation,379.85,106671274206.52228,13.077757311803897,5.6349298300293915,47.8754096523907,9.89154716020232,12899000000.0,,34292000000.0,15.187181048153745,300.6563525550867,330.27183171616923,1.03169895024632,2351083.3333333335,Energy Minerals,Oil Refining/Marketing,NYSE:MPC,US,893059004.1666667,0.2731623062185295,43.08789110915326,0.3035135156342278,1.0,0.2731623062185295,9.999953165932585,cyclical,True,True,review_possible_equity_or_leverage_distortion,0.0,0.2731623062185295,priority,cyclical,provisional_equal_weight,10,usable,21.71362024034,6.064884135104285,-4.730831259389473,-1.1992042157263156,weak_history,1.195154459555438,,pb,"2016,2018,2019,2020",1.195154459555438,,,cycle_research_required
CNX,CNX Resources Corporation,37.335,5523475643.417395,6.242893451943013,1.1487430747730667,21.2486692250072,10.4767807760939,525977999.99999994,,2380108000.0,16.211654840991923,509.7057576964077,911.5696887686064,0.0,1396851.0333333334,Energy Minerals,Oil & Gas Production,NYSE:CNX,US,52151433.329500005,0.293801620507879,18.400811796900623,0.3392727190978903,1.0,0.293801620507879,13.402521343571848,cyclical,True,True,not_triggered,0.0,0.293801620507879,priority,cyclical,provisional_equal_weight,10,usable,6.808690534612857,3.044110712391428,-10.317699588258332,-4.8406264373541665,weak_history,2.4779681255664325,,pb,"2016,2020,2021,2022",2.4779681255664325,,,cycle_research_required
SBSW,D/B/A Sibanye-Stillwater Limited,12.975,9187171494.18,10.658835126920232,2.802630044194074,35.700790335717,11.083657625893,845247490.0,,2278279438.6821303,59.20351083136212,,,1.89598323170732,5205449.066666666,Non-Energy Minerals,Precious Metals,NYSE:SBSW,US,67540701.64,0.2985602006759093,26.29396187127126,0.4053719701543364,1.0,0.2985602006759093,26.34907624169497,cyclical,True,True,not_triggered,0.0,0.2985602006759093,priority,cyclical,provisional_equal_weight,9,short_history,-1.882493857473333,0.4784561494622221,-26.435035970295996,-10.254725070791999,weak_history,,,pb,"2017,2023,2024,2025",,,,cycle_research_required
AU,AngloGold Ashanti PLC,109.66,55379118998.268105,14.675927784692387,6.18277584421164,46.50338972710691,25.6510460533591,4232934140.000001,,1791000000.0054898,138.98544866609828,10475.000000378452,9056.985294117649,4.04764036894421,2882198.266666665,Non-Energy Minerals,Precious Metals,NYSE:AU,US,316061861.9226665,0.3155883446521698,42.12868811374594,0.3483594776335763,1.0,0.3155883446521698,9.407274693377786,cyclical,True,True,review_high_roa_supports_follow_up,0.0,0.3155883446521698,priority,cyclical,provisional_equal_weight,5,short_history,17.725512272659998,9.03109654064,-1.33330638264,-0.5697058149,weak_history,1.967822450005766,,pb,"2022,2023",1.967822450005766,,,cycle_research_required
AMSC,American Superconductor Corporation,29.4,1424199112.2026887,9.711945031712473,2.4880526925553905,30.162656389756904,22.4803158354752,20524000.0,,3897000.0,25.8871578385716,793.756953078987,666.573816155989,0.0,709039.4,Producer Manufacturing,Electrical Products,NASDAQ:AMSC,US,20845758.36,0.321985733160114,25.618479969060132,0.379099191030918,1.0,0.321985733160114,15.065571022583912,cyclical,True,True,not_triggered,0.0,0.321985733160114,priority,cyclical,provisional_equal_weight,10,usable,-5.789953623911428,-2.532892876767143,-37.3706062250619,-22.010072889580954,weak_history,,,pb,"2017,2018,2021,2023",,,,cycle_research_required
VIST,Vista Energy S.A.B. de C.V.,73.53,8257229603.30675,9.82706083609537,2.4567668507209257,30.417790226361003,10.8016527094043,87352330.0,,3754654275.64841,78.68477924326452,44.29131562741228,35.08575555154361,0.0,972909.7666666668,Energy Minerals,Oil & Gas Production,NYSE:VIST,US,71538055.143,0.3230695182971883,25.000016705880935,0.393082170772457,1.0,0.3230695182971883,17.811200222509438,cyclical,True,False,not_triggered,0.0,0.3230695182971883,priority,cyclical,provisional_equal_weight,7,short_history,27.553984723542857,11.020707554714285,-2.4485463640333327,-1.268072768033333,weak_history,0.32359001857089914,,pb,"2019,2020,2021",0.32359001857089914,,,cycle_research_required
KGC,Kinross Gold Corporation,30.92,36678562115.834595,12.049838005282602,3.80415183063857,36.6169104857345,25.1603971898318,3013485460.48,,737913439.9999999,32.35541418061139,97.47552262502364,101.79910384546176,0.491343900758098,8362898.9,Non-Energy Minerals,Precious Metals,NYSE:KGC,US,258580833.98800004,0.3290785007647511,31.57014915031094,0.381684544723284,1.0,0.3290785007647511,13.782597353181158,cyclical,True,False,not_triggered,0.0,0.3290785007647511,priority,cyclical,provisional_equal_weight,10,usable,11.375573838172857,7.121170181111428,-2.8227353426739126,-1.6272843101043475,weak_history,2.9397555203189607,,pb,"2016,2018,2021,2022",2.9397555203189607,,,cycle_research_required
AUGO,Aura Minerals Inc.,84.6899,7096101588.305712,24.03027551570524,15.554357668000668,100.16402900928,20.8061968405342,155801310.0,,458010000.0,89.44542986367102,,,2.99625468164794,909580.2666666652,Non-Energy Minerals,Other Metals/Minerals,NASDAQ:AUGO,US,77032261.82597321,0.2399092344166674,64.72817033593707,0.3712491082474431,1.0,0.2399092344166674,35.3778287713046,cyclical,True,True,review_high_roa_supports_follow_up,0.1,0.3399092344166675,priority,cyclical,provisional_equal_weight,3,short_history,-18.287463170683335,-3.313633392283333,-23.985507611500005,-4.748678698200001,weak_history,,,pb,"2024,2025",,,,cycle_research_required
IAG,Iamgold Corporation,20.5367,11726455731.245323,10.68316445603031,2.684703276669584,29.269016432288204,20.3484087057365,1541204255.36,,539152240.0,75.39857422020698,38.41216242970171,37.740763814193585,0.0,5669603.166666667,Non-Energy Minerals,Precious Metals,NYSE:IAG,US,116434939.35288334,0.3649990931791321,25.130225109978095,0.4251121670927054,1.0,0.3649990931791321,14.140520682971724,cyclical,True,False,not_triggered,0.0,0.3649990931791321,priority,cyclical,provisional_equal_weight,10,usable,6.783919479651428,4.146808246532857,-7.512777517312,-4.53944596578,weak_history,5.83357685424264,,pb,"2018,2019,2021,2022",5.83357685424264,,,cycle_research_required
CCL,Carnival Corporation Ltd.,23.43,32090879425.838585,10.552152765267518,2.4790581483562355,26.7171585270306,5.93657210836324,3171000000.0,,26170000000.0,5.155552133066379,21.544554455445542,20.346883468834697,1.91652470187394,18230591.166666668,Consumer Services,Hotels/Resorts/Cruise lines,NYSE:CCL,US,427142751.035,0.3949578977342059,23.49338759116597,0.4491541598383777,1.0,0.3949578977342059,12.066294148021171,cyclical,True,False,not_triggered,0.0,0.3949578977342059,priority,cyclical,provisional_equal_weight,10,usable,-5.929528068120001,-1.6166013146657143,-39.71123053022,-11.434078286873333,weak_history,,,pb,"2020,2021,2022,2023",,,,cycle_research_required
OII,"Oceaneering International, Inc.",51.14,5089946069.892237,14.72544559302024,4.372188299907837,34.8979198162512,13.95672611145,237415000.0,,822159000.0,3.837386499008476,73.16613489649032,75.17780580075663,0.0,870260.9333333333,Producer Manufacturing,Industrial Machinery,NYSE:OII,US,44505144.130666666,0.4219576888982053,29.69138198425875,0.4959501582252761,1.0,0.4219576888982053,14.919335763869457,cyclical,True,False,not_triggered,0.0,0.4219576888982053,priority,cyclical,provisional_equal_weight,10,usable,4.746731517962857,1.184891266692857,-27.944383858117387,-10.463724257769563,weak_history,19.404815665741076,,pb,"2018,2019,2020,2021",19.404815665741076,,,cycle_research_required
RRR,"Red Rock Resorts, Inc.",57.03,5989073351.56227,20.17903899228646,19.71241920431371,90.2181750206959,4.02303935478946,193007000.0,,3635487000.0,0.8594734498917169,-4.399155597561872,7.6237623762376305,1.80416885619198,767341.0666666667,Consumer Services,Hotels/Resorts/Cruise lines,NASDAQ:RRR,US,43761461.032,0.2236693325669403,97.68760153468598,0.206567043056344,1.0,0.2236693325669403,8.279292406742456,cyclical,True,True,review_possible_equity_or_leverage_distortion,0.2,0.4236693325669404,watch,cyclical,provisional_equal_weight,10,usable,107.32337926283142,3.5872613022642854,-6.375771157288888,-0.6045996854777778,weak_history,0.17113989012491673,,pb,"2016,2017,2019,2020",0.17113989012491673,,,cycle_research_required
LII,"Lennox International, Inc.",387.985,13409023634.585527,17.539057555647975,10.336396097486642,70.4827774491514,18.8955438720617,738700000.0,,2024700000.0,-2.112025994166082,-7.20105439731608,-5.415644053737405,1.36241193535019,584052.1333333333,Producer Manufacturing,Industrial Machinery,NYSE:LII,US,226603466.95133337,0.2488417481604102,58.93358901806036,0.297607151505283,1.0,0.2488417481604102,16.38583048096112,cyclical,True,True,review_high_roa_supports_follow_up,0.18,0.4288417481604102,priority,cyclical,provisional_equal_weight,10,usable,115.68136655222139,20.98402177382143,-410.40505039375216,20.109606247321736,weak_history,0.0772400102527033,,pb,"2018,2019,2020,2021",0.0772400102527033,,,cycle_research_required
APA,APA Corporation,42.95,15047597092.211409,9.083026688660492,2.1451564166148485,25.9477023054309,9.30348672713656,2102000000.0,,3881000000.0,-12.439097146266285,55.13413506012951,58.661879676542625,2.26346763241286,5408628.166666667,Energy Minerals,Integrated Oil,NASDAQ:APA,US,232300579.75833336,0.3500512909291162,23.61719821095453,0.3845937442506388,1.0,0.3500512909291162,8.98154320966058,cyclical,True,True,not_triggered,0.08,0.4300512909291162,priority,cyclical,provisional_equal_weight,8,short_history,-105.84092924366666,7.1602468408833335,-376.24838417341425,3.0467376624428577,weak_history,,,pb,"2019,2020,2021,2022",,,,cycle_research_required
CMBT,CMB.TECH NV,19.5,5658310795.161291,6.825395507098212,1.8149514012607717,37.4127454373586,9.70867767866368,,,5446747154.466437,92.48344766009936,210.83493202009507,112.31711710403222,3.34573200992556,970849.8666666668,Transportation,Marine Shipping,NYSE:CMBT,US,18931572.4,0.1824350345666611,26.59115357305339,0.2566791804780837,1.0,0.1824350345666611,28.92488037913219,cyclical,False,True,not_triggered,0.25,0.4324350345666612,watch,cyclical,provisional_equal_weight,10,usable,15.168701371749998,7.849664956389999,-5.37965284292381,-3.1311601979285717,weak_history,0.7888023534165164,,pb,"2017,2018,2019,2021",0.7888023534165164,,,cycle_research_required
600961,"Zhuzhou Smelter Group Co., Ltd. Class A",25.37,28559874909.0,10.940532148863683,4.644478617457528,53.679940778415,27.0892523869734,2803095330.0,,1335391190.83,23.464480803310217,148.52706859556076,148.54233654876742,0.0,52378909.9,Non-Energy Minerals,Other Metals/Minerals,SSE:600961,A,1328852944.163,0.2038104362675253,42.45203573520797,0.2577151356675708,1.0,0.2038104362675253,20.91638865540969,cyclical,True,True,review_high_roa_supports_follow_up,0.0,0.2038104362675253,priority,cyclical,provisional_equal_weight,10,usable,34.72442857142857,1.8887115594057136,-39.350526315789466,-12.765798848531581,weak_history,0.38518268167491604,,pb,"2013,2014,2015,2018",0.38518268167491604,,,cycle_research_required
000807,Yunnan Aluminium Co. Ltd. Class A,26.95,94952673974.0,8.519314661440221,2.449131671498287,31.873035672668497,23.0309853020037,12728817110.0,,2188432237.63,11.9986366276838,135.39154029176737,135.38953791204702,2.55295836376917,78345606.6000002,Non-Energy Minerals,Aluminum,SZSE:000807,A,2111414097.8700056,0.2672890887749871,28.747989349230735,0.2963447132927294,1.0,0.2672890887749871,9.804671119285713,cyclical,True,False,not_triggered,0.0,0.2672890887749871,priority,cyclical,provisional_equal_weight,10,usable,13.352285714285713,9.32958673696,-1.1282352941176477,-0.3657513347294118,weak_history,1.3737284758455681,,pb,"2016,2017,2018,2019",1.3737284758455681,,,cycle_research_required
002611,"Guangdong Dongfang Precision Science & Technology Co., Ltd. Class A",14.77,17865093763.0,4.253419726421886,1.8676887320328217,56.30350236235601,41.1593284611644,841444720.0,,383526407.31,-0.3179942177376986,468.563774839886,466.75371307328214,1.61764705882353,26917290.100000188,Producer Manufacturing,Industrial Machinery,SZSE:002611,A,397568374.7770027,0.0755444963094459,43.91028518607971,0.0968661375893384,1.0,0.0755444963094459,22.011449832226205,cyclical,True,True,review_high_roa_supports_follow_up,0.2299999999999999,0.3055444963094459,priority,cyclical,provisional_equal_weight,10,usable,6.939,5.491935273319999,-13.625,-5.669702605894445,weak_history,3.8789191157157936,,pb,"2016,2017,2018,2020",3.8789191157157936,,,cycle_research_required
000612,"Jiaozuo Wanfang Aluminum Manufacturing Co., Ltd. Class A",11.03,13448008246.0,7.448676391139925,1.6243233213362158,23.9851342465253,20.5343293820202,1793464910.0,,299027706.75,11.182665610819305,130.76432822633265,130.76203833567084,2.88120567375887,34400268.89999999,Non-Energy Minerals,Aluminum,SZSE:000612,A,379434965.9669999,0.3105538753538145,21.806871933224553,0.3415747299268198,1.0,0.3105538753538145,9.08171824644386,cyclical,True,False,not_triggered,0.0,0.3105538753538145,priority,cyclical,provisional_equal_weight,10,usable,8.056,5.9216153883514275,-0.9082352941176473,-0.5295723662705883,weak_history,2.5028427517682457,,pb,"2016,2017,2018,2019",2.5028427517682457,,,cycle_research_required
002259,"Sichuan Shengda Forestry Industry Co., Ltd. Class A",4.27,3219965055.0,15.499092558983664,6.8243567204730695,56.11051975671361,25.3731596909565,14477040.0,,37482650.82,-0.8106703553605343,198.32393132357865,198.4832069339112,0.0,16647411.00000001,Utilities,Gas Distributors,SZSE:002259,A,71084444.97000003,0.2762243626718357,44.03068563209206,0.3520066139439592,1.0,0.2762243626718357,21.528644141950217,cyclical,True,True,review_high_roa_supports_follow_up,0.08,0.3562243626718357,priority,cyclical,provisional_equal_weight,10,usable,-18.12228571428571,-0.3807058968914291,-119.11333333333334,-13.402413741796297,weak_history,,,pb,"2018,2019,2022,2023",,,,cycle_research_required
002170,"Shenzhen Batian Ecological Technique Co., Ltd. Class A",11.73,11285707675.0,10.743725957135004,2.9601627206242336,28.1424419779659,17.0547011318505,1261128780.0,,1310188461.02,19.7079912720043,48.02381165345126,43.41258373834233,6.27687016337059,19700305.96666668,Process Industries,Chemicals: Agricultural,SZSE:002170,A,231084588.98900017,0.3817623916768415,27.55247790603187,0.3899368323160131,1.0,0.3817623916768415,2.096349962792643,cyclical,True,False,not_triggered,0.0,0.3817623916768415,priority,cyclical,provisional_equal_weight,10,usable,9.528571428571428,5.276391538607142,-0.503,0.37376547312999997,weak_history,3.2603182661425083,,pb,"2017,2018,2019,2020",3.2603182661425083,,,cycle_research_required
000792,"Qinghai Salt Lake Industry Co., Ltd. Class A",26.65,138415345495.0,11.626892369442867,2.9532194524631397,27.9376308241854,21.9258337946868,9003523450.0,,1302593856.42,48.33508368601865,144.2435505117396,145.43312988542672,0.0,61927272.06666677,Process Industries,Chemicals: Agricultural,SZSE:000792,A,1650361800.5766692,0.4161731695365361,25.39990359095971,0.4577534055515507,1.0,0.4161731695365361,9.08354487607016,cyclical,True,True,not_triggered,0.0,0.4161731695365361,priority,cyclical,provisional_equal_weight,10,usable,14.206571428571428,16.482737382094285,-6.913749999999999,19.7898644502625,weak_history,1.4632453811885668,,pb,"2017,2018,2020,2022",1.4632453811885668,,,cycle_research_required
002192,"YOUNGY Co., Ltd. Class A",65.43,17923998995.0,14.217422481041265,3.736000703462153,30.0705631930238,22.6263822190295,327076840.0,,181821355.69,235.61857431040752,787.3280335611763,787.2373240794293,0.318702013617268,19793696.7,Non-Energy Minerals,Construction Materials,SZSE:002192,A,1295101575.081,0.4728020020702381,26.277623165830924,0.5410467450316561,1.0,0.4728020020702381,12.613465211296129,cyclical,True,True,not_triggered,0.0,0.4728020020702381,priority,cyclical,provisional_equal_weight,10,usable,16.665285714285716,12.377591741309999,-13.248947368421051,-8.569826798494736,weak_history,1.3451831600778077,,pb,"2016,2018,2019,2020",1.3451831600778077,,,cycle_research_required
601168,"Western Mining Co., Ltd. Class A",38.79,95320000000.0,15.554575346860217,4.122972791993418,30.460052959274105,9.75410895926303,2120189210.0,,27382869773.0,22.663573583015783,86.86095948710813,86.85748538888055,0.25,69539070.23333333,Non-Energy Minerals,Other Metals/Minerals,SSE:601168,A,2697420534.351,0.5106549016069373,26.506495356208266,0.5868212729683661,1.0,0.5106549016069373,12.9794836809767,cyclical,True,False,not_triggered,0.0,0.5106549016069373,priority,cyclical,provisional_equal_weight,10,usable,14.161571428571428,6.710222964548571,-1.211111111111112,0.026658658261111065,weak_history,2.0558317759447187,,pb,"2016,2017,2018,2020",2.0558317759447187,,,cycle_research_required
600595,"Henan Zhongfu Industrial Co., Ltd Class A",6.36,25971224666.0,9.13399396811719,1.3931878372073154,16.1794090666393,10.9069032804081,875924610.0,,6164055575.2,20.1252912445122,188.36570335332547,186.77924217462933,2.70061728395062,110414301.56666666,Non-Energy Minerals,Aluminum,SSE:600595,A,702234957.964,0.5645443495801578,15.252778161123487,0.598841330518925,1.0,0.5645443495801578,5.727223421444072,cyclical,True,False,not_triggered,0.0,0.5645443495801578,priority,cyclical,provisional_equal_weight,10,usable,-3.492857142857143,1.5024421854257142,-40.14833333333333,-9.122115404877778,weak_history,,,pb,"2016,2017,2018,2020",,,,cycle_research_required
600221,"Hainan Airlines Holding Co., Ltd. Class A",1.3,56211332100.0,25.64102564102564,10.226557583385777,54.4380246526789,1.40261894252231,14878676000.0,,118340334000.0,6.501208291967475,,,0.0,214412399.09999964,Transportation,Airlines,SSE:600221,A,278736118.82999957,0.4710131531152802,39.88357457520453,0.6428968795832702,1.0,0.4710131531152802,26.735815949115537,cyclical,True,True,review_possible_equity_or_leverage_distortion,0.1,0.5710131531152802,watch,cyclical,provisional_equal_weight,10,usable,352.63742857142853,-1.0205572564,-18.74107142857143,0.08178943857142867,weak_history,0.008223802201660467,,pb,"2018,2019,2021,2024",0.008223802201660467,,,cycle_research_required
002468,"STO Express Co., Ltd. Class A",14.31,21353854007.0,11.088725300271213,1.8631284152471868,17.9566726824685,6.60329595610758,1949462640.0,,9912868806.44,24.54704435645155,84.63528498196943,85.71017412577349,0.707714083510262,17297973.86666659,Producer Manufacturing,Building Products,SZSE:002468,A,247534006.0319989,0.6175267264907814,16.80200712701953,0.6599643254786678,1.0,0.6175267264907814,6.430286812413177,cyclical,True,True,not_triggered,0.0,0.6175267264907814,watch,cyclical,provisional_equal_weight,10,usable,12.117714285714285,5.6229930004428565,-0.3083333333333336,-0.3218659995433335,weak_history,1.2688239646564161,,pb,"2020,2021,2022,2023",1.2688239646564161,,,cycle_research_required
000426,"Inner Mongolia Xingye Silver and Tin Mining Co., Ltd. Class A",38.44,65777550722.0,21.520546411376102,5.915183895434813,31.529307369388505,17.9969362270451,2185038910.0,,5047318767.72,64.34806832352513,119.92753109217811,122.63492459179857,0.280112044817927,78459217.73333341,Non-Energy Minerals,Other Metals/Minerals,SZSE:000426,A,3015972329.669336,0.6825569036213651,27.48621611349028,0.7829577677232111,1.0,0.6825569036213651,12.823279650677078,cyclical,True,False,not_triggered,0.0,0.6825569036213651,watch,cyclical,provisional_equal_weight,10,usable,9.957285714285714,5.825397750451428,-0.9547368421052631,-0.6482984498315789,weak_history,5.966042089668418,,pb,"2016,2018,2019,2020",5.966042089668418,,,cycle_research_required
000737,"North Copper Co., Ltd. Class A",14.35,28342180706.0,16.082035189958535,3.4583729981804376,23.5560104820715,8.33066127151165,2864600130.0,,9776232714.33,50.22046853563117,165.63035400148615,162.9826112584733,0.940860215053763,74865095.13333334,Non-Energy Minerals,Other Metals/Minerals,SZSE:000737,A,1074314115.1633334,0.6827147237941071,21.504573005410485,0.747842572178129,1.0,0.6827147237941071,8.708764492282617,cyclical,True,False,not_triggered,0.0,0.6827147237941071,watch,cyclical,provisional_equal_weight,10,usable,7.271571428571428,3.897930340221428,-7.409090909090909,-0.13041712306363643,weak_history,6.540565249864385,,pb,"2014,2015,2019,2024",6.540565249864385,,,cycle_research_required
3858,Jiaxin International Resources Investment Limited,55.4,25473631378.0,13.656083612699664,8.008175856072553,118.1392138725,50.28384587703359,1670982000.0,,1023178000.0,2781.4951746851075,,,0.0,3035246.6666666665,Non-Energy Minerals,Other Metals/Minerals,HKEX:3858,HK,168152665.3333333,0.115593147821669,58.64181915688653,0.232872782751931,0.8,0.1444914347770863,50.362104812907546,cyclical,True,True,review_high_roa_supports_follow_up,0.1,0.2444914347770863,priority,cyclical,provisional_equal_weight,5,short_history,-87.1182735217566,-2.3602522155543335,-202.77911558699202,-11.412433824337,weak_history,,,pb,"2022,2024",,,,cycle_research_required
293,Cathay Pacific Airways Limited,14.42,87203375440.0,6.983389026102959,1.5114258342714235,24.4729739587133,7.604153386313091,18735000000.0,,63495000000.0,19.657853239942792,35.20048357848076,46.43642294872706,5.85774058577406,24583012.7,Transportation,Airlines,HKEX:293,HK,354487043.134,0.285351058595664,21.64315676273968,0.3226603726368321,0.8,0.35668882324458,11.56302949019442,cyclical,True,False,not_triggered,0.0,0.35668882324458,priority,cyclical,provisional_equal_weight,9,short_history,4.259205947511245,1.3495959376329332,-14.752227647878186,-5.02957702979825,weak_history,8.331622050475351,,pb,"2017,2020,2021,2022",10.414527563094188,,,cycle_research_required
1179,H World Group Limited,35.8,107678261779.0,20.70800555298473,6.757407194184855,38.0507600511754,7.79155353229896,9040057780.0,,39565057284.7585,13.35011046450848,38.64430062441698,35.125840237611364,4.63123176206509,2113035.2666666666,Consumer Services,Hotels/Resorts/Cruise lines,HKEX:1179,HK,75646662.54666665,0.5442205497376142,32.63185909862228,0.6345947219985093,0.8,0.6802756871720178,14.241242343819447,cyclical,True,True,not_triggered,0.0,0.6802756871720178,watch,cyclical,provisional_equal_weight,9,short_history,16.361636339351822,3.2879686491596445,-11.917233719580059,-1.7103776878237649,weak_history,2.524216600805877,,pb,"2018,2020,2021,2022",3.1552707510073463,,,cycle_research_required
1133,Harbin Electric Co. Ltd. Class H,16.58,36451296831.0,9.95018904158915,1.7082111588018205,18.9305940146577,3.9523151047633807,7049798220.0,,7597429619.07465,13.477776996242996,55.89041902764082,55.889231920666106,2.49501840490798,5438917.166666667,Producer Manufacturing,Electrical Products,HKEX:1133,HK,90177246.62333332,0.5256142006893632,17.167625174375594,0.579590300960252,0.8,0.6570177508617039,9.31280254025343,cyclical,True,False,not_triggered,0.1,0.7570177508617039,watch,cyclical,provisional_equal_weight,9,short_history,2.772591558128978,0.5274990189673113,-10.656430466340428,-2.4415793570352853,weak_history,22.221315286045435,,pb,"2018,2019,2020,2021",27.77664410755679,,,cycle_research_required
1208,MMG Ltd.,9.22,123068720582.0,13.97816858702244,2.635806951440546,22.4369837665263,6.36405946416614,18177005580.0,,24352702070.0,48.10534458847126,122.67230409088414,107.09576138147564,0.0,56458054.46666667,Non-Energy Minerals,Other Metals/Minerals,HKEX:1208,HK,520543262.1826668,0.6229967776629783,18.85659723611913,0.7412879647367004,0.8,0.7787459720787229,15.957521597661197,cyclical,True,True,not_triggered,0.0,0.7787459720787229,watch,cyclical,provisional_equal_weight,9,short_history,8.759857298583134,1.5424708578012667,-4.591037059821125,-0.3698072406166875,weak_history,3.4349430119542146,,pb,"2018,2019,2020,2023",4.293678764942768,,,cycle_research_required
IMBBY,Imperial Brands PLC,33.58,25753309664.1425,11.779562914371908,4.9156666012805905,39.7340575991546,6.36828229166283,3752574970.0,,14811638400.0,9.997023224440843,-29.162483275393324,-25.512790363460592,6.34962693143764,223580.23333333337,Consumer Non-Durables,Tobacco,OTC:IMBBY,US,7507824.235333333,0.296460105665688,41.7304668858564,0.2822772854804633,1.0,0.296460105665688,5.024428430748218,stable_or_general,True,True,not_triggered,0.1,0.396460105665688,priority,stable,not_applicable,1,short_history,40.3467757647,7.3256574875,39.7340575991546,6.36828229166283,current_ttm,0.29195797411593977,0.29646010566568803,pe,2025,0.29195797411593977,0.29646010566568803,0.37443414646830137,insufficient
RBGLY,Reckitt Benckiser Group Plc.,13.86,43601795350.505005,11.708058793715155,5.848027240161517,47.8840051521705,11.7078826556508,2102008750.0,,13488841750.0,1.1450505682038803,139.6306759072555,142.13540601349968,3.80260070394511,466942.6999999999,Consumer Non-Durables,Household/Personal Care,OTC:RBGLY,US,6471825.821999999,0.2445087614644626,49.94873482614144,0.2344015085560798,1.0,0.2445087614644626,4.311940213458421,stable_or_general,True,True,review_high_roa_supports_follow_up,0.0,0.2445087614644626,priority,stable,not_applicable,0,missing,,,,,,,,,,,,,insufficient
KXHCF,KIOXIA HLDGS CORP,315.0,172762388305.66666,20.50844425648347,11.676318986165889,87.1149456088947,36.1563690938906,7022434705.0,,5151822819.0,105.68419298750338,453.0877349097166,440.5555125904505,0.0,16370.633333333331,Electronic Technology,Computer Peripherals,OTC:KXHCF,US,5156749.5,0.2354182065217233,56.93420154224801,0.3602130828385322,1.0,0.2354182065217233,34.64473731309447,technology_strict,True,True,review_high_roa_supports_follow_up,0.1,0.3354182065217234,priority,technology,not_applicable,0,missing,,,,,,,,,,,,,insufficient
TGOPY,3i Group,9.48,38933953127.24,5.25207756232687,0.9476484224352766,19.5768906064979,18.6070875743943,329257710.0,,1662880700.0,-21.51370735277341,10.50392785942034,8.839845634346348,2.35767378559464,1488147.433333333,Miscellaneous,Investment Trusts/Mutual Funds,OTC:TGOPY,US,14107637.668,0.2682794560124689,18.043305933498672,0.2910817774572019,1.0,0.2682794560124689,7.833647864846361,stable_or_general,True,False,not_triggered,0.08,0.3482794560124689,watch,stable,not_applicable,0,missing,,,,,,,,,,,,,insufficient
BCAT,BlackRock Capital Allocation Term Trust,16.005,1691890848.0,6.6718079119596485,1.074414174077249,15.6312990275894,13.6129461818799,21500830.0,,0.0,116.59804520848088,59.58407101626081,59.45892049986705,20.6918380062305,585870.6666666666,Miscellaneous,Investment Trusts/Mutual Funds,NYSE:BCAT,US,9376860.02,0.4268236376377831,16.10379357821876,0.4143003870208336,1.0,0.4268236376377831,3.0227465407411502,stable_or_general,True,False,not_triggered,0.0,0.4268236376377831,priority,stable,not_applicable,0,missing,,,,,,,,,,,,,insufficient
SFTBY,Softbank Group Corp,17.74,183079802049.3281,6.275425377622129,1.8028565214828545,34.2972508409334,9.08361351958572,-22991826690.0,,172182291955.08398,5.26371312602526,176.72855915276418,182.3229801258364,0.132804136253041,3849574.7333333334,Miscellaneous,Miscellaneous,OTC:SFTBY,US,68291455.76933333,0.1829716733485961,28.72883371240069,0.2184364823314553,1.0,0.1829716733485961,16.235753572081858,stable_or_general,False,False,not_triggered,0.25,0.4329716733485961,watch,stable,not_applicable,0,missing,,,,,,,,,,,,,insufficient
002946,"New Hope Dairy Co., Ltd. Class A",15.58,13027786059.0,16.77252664441813,3.691960625405808,23.1540987411898,9.16645253242051,1008005710.0,,2206467520.98,6.271858134707291,25.36397898785164,25.357624831309032,2.96052631578947,9024728.766666668,Consumer Non-Durables,Food: Meat/Fish/Dairy,SZSE:002946,A,140605274.1846667,0.7243869360624595,22.011952663282766,0.7619735923017722,1.0,0.7243869360624595,4.932803002499176,stable_or_general,True,False,not_triggered,0.0,0.7243869360624595,watch,stable,not_applicable,3,usable,18.93,6.431523656533333,17.925,5.4589559308,weak_history,0.8860288771483428,0.9357058100093796,pe,"2023,2024",0.8860288771483428,0.9357058100093796,0.913351190221913,not_now
688332,"Shenzhen Bluetrum Technology Co., Ltd. Class A",92.59,17371978109.0,9.368707565593096,2.901981113772767,36.3336621518597,32.3465664300322,176028820.0,,134131190.87,5.1806051582914705,494.75528319373547,495.24784677467926,0.938122880920579,5078867.933333335,Electronic Technology,Electronic Production Equipment,SSE:688332,A,470252381.9473336,0.2578520030938739,30.97525558840574,0.3024577969616454,1.0,0.2578520030938739,14.747774504694933,technology_strict,True,False,not_triggered,0.0,0.2578520030938739,priority,technology,not_applicable,5,usable,17.496,15.487044708696,6.948125000000001,5.969431329556251,weak_history,0.5354771128025319,1.3483792484437305,pe,"2022,2023",0.5354771128025319,1.3483792484437305,0.9825732874051911,not_now
600415,Zhejiang China Commodities City Group Co. Ltd. Class A,13.12,69863638768.0,16.015625,3.2550984965017618,21.1405173377121,11.0006311023494,4829008680.0,,3285768122.81,34.833738445882645,35.43293918244677,35.382581391505546,3.89105058365759,84185985.66666712,Distribution Services,Wholesale Distributors,SSE:600415,A,1104520131.9466724,0.7575796156809314,20.324517441571977,0.7879953384399413,1.0,0.7575796156809314,3.8598861281624375,stable_or_general,True,False,not_triggered,0.0,0.7575796156809314,watch,stable,not_applicable,3,usable,16.563333333333333,8.701156212466666,16.08,8.00743709525,weak_history,0.9669324813845844,0.9959965796019902,pe,"2023,2024",0.9669324813845844,0.9959965796019902,0.9829177354041576,not_now
3606,"Fuyao Glass Industry Group Co., Ltd. Class H",56.35,166905872969.0,15.544827586206896,3.332458082585822,22.7425379801769,11.9014808123063,6400991160.0,,29266652182.3678,13.0566599339307,-0.4055032362757017,-0.4066157481180324,4.24930027051398,2957310.6333333333,Consumer Durables,Home Furnishings,HKEX:3606,HK,166644454.18833333,0.6835133176321944,21.437729457628404,0.725115391391201,0.8,0.854391647040243,5.737303917820469,stable_or_general,True,False,not_triggered,0.1,0.9543916470402428,watch,stable,not_applicable,3,usable,22.124809391168,12.317727835558333,20.4781148777745,11.492776222341,weak_history,0.702597130279108,0.7590946568562399,pe,"2023,2024",0.8782464128488849,0.9488683210702998,0.9970884623706632,not_now
002612,"Lancy Co., Ltd. Class A",16.78,7123370683.0,8.874550454833933,2.643418863739477,29.5071357877947,10.4375663285866,396862140.0,,2680290077.2900004,10.934966133069214,120.44882200806548,120.45004080680891,7.45341614906832,14384279.233333332,Consumer Non-Durables,Apparel/Footwear,SZSE:002612,A,241368205.53533337,0.3007594677659223,29.786510056964257,0.2979385781638092,1.0,0.3007594677659223,0.9468023978291829,stable_or_general,True,False,not_triggered,0.0,0.3007594677659223,priority,stable,not_applicable,3,usable,15.423333333333332,6.6008968320333326,7.355,3.64365587055,weak_history,0.5753976953642058,1.2066010135736143,pe,"2023,2024",0.5753976953642058,1.2066010135736143,1.0225595203793807,not_now
PTC,PTC Inc.,141.83,15389442491.207687,13.711330239752517,4.52569255093917,35.25461624323,19.3186022037837,934313000.0,,1607694000.0,19.49831268724883,140.05932981879246,143.8529904052429,0.0,1311324.6333333333,Technology Services,Packaged Software,NASDAQ:PTC,US,185985172.74566668,0.3889229752255642,33.00695462660563,0.4154073102127494,1.0,0.3889229752255642,6.37551009240096,technology_strict,True,False,not_triggered,0.0,0.3889229752255642,priority,technology,not_applicable,5,usable,16.698459919532002,8.232228973262,11.531862547457141,5.311416873228572,weak_history,0.821113462308852,1.188995288777177,pe,"2023,2024",0.821113462308852,1.188995288777177,1.0234484668664308,not_now
002357,"Sichuan Fulin Transportation Group Co., Ltd. Class A",11.3,3520481823.0,9.508582968697407,1.7525901110490725,20.1285614108512,13.1070601427865,6812180.0,,206553927.07,-1.9230920511531908,139.22451057450107,139.21095008051526,0.890471950133571,9636053.166666666,Transportation,Other Transportation,SZSE:002357,A,108887400.78333332,0.4723925756349076,18.431664495316085,0.5158830322195677,1.0,0.4723925756349076,8.430294052809606,stable_or_general,True,False,not_triggered,0.08,0.5523925756349076,priority,stable,not_applicable,3,usable,9.763333333333334,5.314302497233333,9.205,5.2271268976,weak_history,0.9739074396071089,1.0329802247362745,pe,"2024,2025",0.9739074396071089,1.0329802247362745,1.05639747142815,not_now
700,Tencent Holdings Ltd,442.8,3905839289062.0,15.578658504406564,3.0384885509435753,20.7532662758743,11.1387705583424,,,545302969228.048,15.9724417340515,17.0773973819533,18.231733948961125,1.22401847575058,24091168.33333332,Technology Services,Packaged Software,HKEX:700,HK,10667569337.999994,0.7506605609603139,19.504173289915247,0.7987346232440217,0.8,0.9383257012003924,6.018777812392473,technology_strict,False,False,not_triggered,0.25,1.1883257012003925,reject_valuation,technology,not_applicable,5,usable,21.5513540969935,11.26930611163216,19.03232767211177,10.224910348751845,weak_history,0.7228621660752096,0.8185366904561077,pe,"2023,2025",0.9035777075940119,1.0231708630701346,1.1193539431058794,not_now
2057,"ZTO Express (Cayman), Inc. Class A",164.9,120514637640.0,11.542849942950742,1.7043987544762431,16.0392099056169,10.5973945602568,,,25471976714.4383,21.236339993748004,22.67170469572305,25.451368154835073,3.12654613003096,1486995.6666666667,Transportation,Air Freight/Couriers,HKEX:2057,HK,245205585.43333337,0.7196644978695901,14.765840003985543,0.781726602742217,0.8,0.8995806223369875,7.93910615999498,stable_or_general,False,False,not_triggered,0.25,1.1495806223369875,watch,stable,not_applicable,3,usable,14.660375501552,10.045292784003333,14.3045567079895,9.8286634681425,weak_history,0.7873502245374803,0.8069351730769632,pe,"2024,2025",0.9841877806718503,1.0086689663462038,1.1476524327927446,not_now
AMZN,"Amazon.com, Inc.",258.78,2791282388376.1387,20.81463249843154,5.058599648724647,30.558338368750697,15.2184172085638,-11625000000.0,,241995000000.0,15.766568463281184,91.55374311484928,89.7295812477109,0.0,41724993.433333345,Retail Trade,Internet Retail,NASDAQ:AMZN,US,10797593800.678,0.6811441200519207,24.303093744777055,0.8564601987310683,1.0,0.6811441200519207,20.469845410083963,hybrid_platform,False,False,not_triggered,0.25,0.9311441200519208,watch,stable,not_applicable,3,usable,21.355086821633332,9.062722977499998,19.88778914565,8.45436615835,weak_history,0.9746920100247827,1.0466036393484324,pe,"2023,2025",0.9746920100247827,1.0466036393484324,1.16424340615279,not_now
603486,"Ecovacs Robotics Co., Ltd. Class A",52.22,29492331499.0,14.880884532087086,2.9669105949729557,22.2130430460996,11.3312391010034,1138351050.0,,2501762338.08,13.656629561839315,72.25434890312088,70.31644340904678,1.78502134264649,6515083.166666667,Consumer Durables,Electronics/Appliances,SSE:603486,A,340217642.96333337,0.669916521622193,19.937730103177127,0.7463680396453847,1.0,0.669916521622193,10.243139304238625,stable_or_general,True,False,not_triggered,0.0,0.669916521622193,watch,stable,not_applicable,3,usable,14.486666666666666,7.027945648533334,10.635,5.125520694,weak_history,1.0272124619480272,1.399236909458118,pe,"2023,2024",1.0272124619480272,1.399236909458118,1.2318259080785772,not_now
ZM,"Zoom Communications, Inc.",97.74,28518941035.008766,9.052598431031129,2.527699568398014,32.1430348882633,26.432371088622,1925657000.0,,60272000.0,5.036770916318318,173.97084445042967,184.39837741017809,0.0,3183214.2333333334,Technology Services,Packaged Software,NASDAQ:ZM,US,311127359.166,0.2816348382316752,27.922364917164437,0.3242060068295402,1.0,0.2816348382316752,13.130900631414866,technology_strict,True,False,not_triggered,0.0,0.2816348382316752,priority,technology,not_applicable,5,usable,14.462943156078,11.545728855596,5.79815023775,4.55013937988125,weak_history,0.6259167538266102,1.5612907668539533,pe,"2023,2024",0.6259167538266102,1.5612907668539533,1.240372460991649,not_now
6,Power Assets Holdings Limited,60.3,127866313477.0,7.179853545275941,1.2460549342845506,18.6391872822799,17.3139150749467,5528000000.0,,2770000000.0,-12.239902080783354,190.78797725426483,190.78664912402192,4.7,2716749.6666666665,Utilities,Electric Utilities,HKEX:6,HK,163820004.89999998,0.3852020711279488,17.35487954492338,0.4137080598393539,0.8,0.481502588909936,6.890363393566501,stable_or_general,True,False,not_triggered,0.08,0.561502588909936,priority,stable,not_applicable,3,usable,6.937191423847999,6.414051652875333,6.898495275770999,6.3799469297344995,weak_history,1.0349798796950798,1.040785455125719,pe,"2023,2024",1.2937248496188496,1.3009818189071487,1.3477161827274142,not_now
991,"Datang International Power Generation Co., Ltd. Class H",2.605,96685371575.0,5.972031178358551,0.4984472554786145,12.1256682297527,2.16092400816039,,,203432032039.601,3.1974489756315685,59.244582503820645,59.255202628696615,6.51851851851852,25638634.8,Utilities,Electric Utilities,HKEX:991,HK,66788643.654,0.4925115107227661,8.34636056966494,0.7155251835229899,0.8,0.6156393884034576,31.167829998964436,stable_or_general,False,False,not_triggered,0.4499999999999999,1.0656393884034574,watch,stable,not_applicable,3,usable,9.477756714327333,0.9094675823019999,4.8986209413260005,0.451233631761,weak_history,0.6301101999517199,1.2191249843352834,pe,"2023,2024",0.7876377499396499,1.5239062304191042,1.4425854142033498,not_now
1038,CK Infrastructure Holdings Limited,65.05,155255467529.0,6.512032995635286,1.1079686021626252,18.4253294289898,14.358942176861,,,31269000000.0,-9.356477561388656,208.74631992149168,208.74698646226128,4.01538461538462,1482227.8,Utilities,Electric Utilities,HKEX:1038,HK,96418918.39,0.3534283075226578,17.014173652148955,0.3827416557966535,0.8,0.4417853844033223,7.658781799692448,stable_or_general,False,False,not_triggered,0.33,0.7717853844033223,watch,stable,not_applicable,3,usable,6.628226773090666,4.984457436017666,6.624312413319,4.9698127179265,weak_history,0.9824698548445711,0.9830504042264125,pe,"2023,2025",1.2280873185557137,1.2288130052830155,1.52848644625573,not_now
1478,Q Technology (Group) Co. Ltd.,5.845,6888544997.0,4.330591983403719,0.9520086649890468,24.470044682938,8.11240467414755,-235075630.0,,8855956311.57338,31.138791265049516,216.77946929917633,214.98249708284712,9.54032957502168,7749481.533333333,Electronic Technology,Electronic Components,HKEX:1478,HK,45295719.56233333,0.1769752380723387,21.98333781241602,0.1969942881448073,0.8,0.2212190475904234,10.162248997672895,technology_strict,False,False,not_triggered,0.4,0.6212190475904235,watch,technology,not_applicable,5,usable,13.0240062064531,4.4270465591143005,2.5432970942913125,0.9296005913933751,weak_history,0.3325084397808417,1.7027471910867868,pe,"2022,2023",0.4156355497260521,2.1284339888584833,1.6076746912488895,not_now
902,"Huaneng Power International, Inc. Class H",5.62,114917779350.0,8.399342400239126,1.083469570313705,13.4501949475253,1.51212808763724,,,463297428238.253,-3.2281598658516595,7.253434924908728,7.26194293042642,7.9920913884007,26386940.066666663,Utilities,Electric Utilities,HKEX:902,HK,148294603.17466667,0.6244773724848144,12.899457108485766,0.6511392169143081,0.8,0.780596715606018,4.094645774192784,stable_or_general,False,False,not_triggered,0.43,1.210596715606018,watch,stable,not_applicable,3,usable,7.907799167862667,1.9143613306389997,6.8892551349275,1.6753509972735001,weak_history,1.0621592964037445,1.2191945625087548,pe,"2023,2024",1.3276991205046806,1.5239932031359433,1.7356608659518753,not_now
000600,"HCIG Energy Investment Co., Ltd. Class A",7.46,13379999200.0,7.629372059725915,1.0880884939746736,15.0145636208591,3.5807373669324,147954220.0,,27192553003.68,-7.996997662917603,60.61051284467504,60.21628707193185,4.31266846361186,25852833.466666665,Utilities,Electric Utilities,SZSE:000600,A,192862137.66133332,0.508131455057858,14.26183551485839,0.5349502209429786,1.0,0.508131455057858,5.013319900652835,stable_or_general,True,False,not_triggered,0.18,0.6881314550578579,watch,stable,not_applicable,3,usable,7.813333333333333,2.6615661190333335,3.4299999999999997,1.0407063466,weak_history,0.9764554683949551,2.224306722952162,pe,"2023,2024",0.9764554683949551,2.224306722952162,1.8127736584014191,not_now
601991,"Datang International Power Generation Co., Ltd. Class A",5.58,82918696055.47653,12.416555407209612,2.739645319036116,23.4195108921929,2.50839861966968,11094481000.0,,249811973000.0,-0.2734785878730069,39.13598990839425,39.13312693498453,2.64285714285714,366967664.3,Utilities,Electric Utilities,SSE:601991,A,2047679566.794,0.530179962526407,22.064455311376893,0.562740173368675,1.0,0.530179962526407,5.7860114459851175,stable_or_general,True,False,not_triggered,0.18,0.7101799625264069,watch,stable,not_applicable,3,usable,9.186666666666666,2.0766992137,4.705,1.5874339699000002,weak_history,1.351584405719479,2.639012838939344,pe,"2023,2024",1.351584405719479,2.639012838939344,2.2096700439904047,not_now
CARG,"CarGurus, Inc.",33.17,2954567320.5530243,18.00662287606536,11.209262087889808,51.40540671846,28.0782487075102,291280000.0,,185142000.0,6.009115567949498,35.56480197256896,48.40087005558688,0.0,843157.0,Technology Services,Internet Software/Services,NASDAQ:CARG,US,27967517.69,0.3502865559392427,62.25077386825992,0.2892594221265814,1.0,0.3502865559392427,21.097716839783853,technology_strict,True,True,review_high_roa_supports_follow_up,0.0,0.3502865559392427,priority,technology,not_applicable,5,usable,17.769790602586,11.22492581628,4.411797134528571,3.090015506785714,weak_history,1.0133278032800732,4.081471184415528,pe,"2023,2024",1.0133278032800732,4.081471184415528,2.8008066629045736,not_now
002546,"Nanjing Xinlian Electronics Co., Ltd. Class A",7.93,6655711613.0,7.842943329047571,1.5945724213371084,22.3375311184858,19.9922807014655,413705230.0,,226455701.27,-10.165044033454237,70.03173668602615,70.04709048099565,1.50375939849624,27596857.23333328,Electronic Technology,Electronic Equipment/Instruments,SZSE:002546,A,218843077.86033288,0.351110572043345,20.33130107457693,0.385757079700851,1.0,0.351110572043345,8.981431444984445,technology_strict,True,False,not_triggered,0.08,0.4311105720433451,priority,technology,not_applicable,5,usable,8.6392,7.717224887834,1.255625,1.03320702165,weak_history,0.907832129022082,6.246246553746199,pe,"2022,2023",0.907832129022082,6.246246553746199,3.9939600626203466,not_now
SNDK,Sandisk Corporation,1656.93,242606042664.36407,22.73108281076157,15.37314338488054,91.6399487015069,64.4257860926406,11494000000.0,,201000000.0,175.29571719918422,,,0.0,14963143.966666669,Electronic Technology,Computer Peripherals,NASDAQ:SNDK,US,24792882132.689003,0.2480477470017155,67.63049306917502,0.3361070100067341,1.0,0.2480477470017155,26.199769830225883,technology_strict,True,True,review_high_roa_supports_follow_up,0.0,0.2480477470017155,priority,technology,not_applicable,3,short_history,39.43565354808334,27.26345649511667,-12.768641605333332,-9.898873102366666,weak_history,0.5764094357672019,,pe,"2024,2025",0.5764094357672019,,,not_now
FIS,"Fidelity National Information Services, Inc.",41.37,21334753816.857613,6.352301692104535,1.3310211251745416,22.3266900615772,8.70429406677939,2935000000.0,,21256000000.0,18.261122419307934,2007.5,2338.2628229127663,3.97350993377483,6148791.2,Technology Services,Packaged Software,NYSE:FIS,US,254375491.944,0.2845160511739462,20.953367608923667,0.3031637591944505,1.0,0.2845160511739462,6.151034698228419,technology_strict,True,False,not_triggered,0.0,0.2845160511739462,priority,technology,not_applicable,5,usable,-8.50171521336,-4.013843759768,-35.839556653006255,-16.3567164417625,weak_history,,,pe,"2022,2023",,,,not_now
SEZL,Sezzle Inc.,120.755,4066426345.581978,26.259078850084805,17.44931238828206,88.8405817041124,40.0041136609476,327622000.0,,122115000.0,43.059308548441535,54.35819506188599,57.78891023881416,0.0,694245.3000000003,Technology Services,Packaged Software,NASDAQ:SEZL,US,83833591.20150003,0.2955752691663125,66.4505883389954,0.3951669880803013,1.0,0.2955752691663125,25.202438948101324,technology_strict,True,True,review_high_roa_supports_follow_up,0.0,0.2955752691663125,priority,technology,not_applicable,4,short_history,77.03539517393001,23.277826994340003,-23.86553982373333,-3.9566383529333327,weak_history,0.34087030761375636,,pe,"2022,2023",0.34087030761375636,,,not_now
VISN,"Vistance Networks, Inc.",6.331,1460095736.4122448,6.874049945711183,0.5640757434956659,47.4029400678477,5.59420650878098,86900000.0,,39400000.0,-38.21870527822207,,,0.0,9486173.066666666,Electronic Technology,Telecommunications Equipment,NASDAQ:VISN,US,60056961.68506667,0.1450131560589359,8.205872054328042,0.8376988941821957,1.0,0.1450131560589359,82.68910737902966,technology_strict,True,True,review_possible_equity_or_leverage_distortion,0.18,0.3250131560589359,watch,technology,not_applicable,5,usable,-135.696598788158,3.3631210561659994,-330.976713965925,14.846613348083336,weak_history,,,pe,"2022,2025",,,,not_now
MU,"Micron Technology, Inc.",994.6949,1123401491762.3235,22.518623746663614,11.149384471687176,66.6380585190662,47.4982236046473,26172000000.0,,6376000000.0,166.98015556147044,710.7469879518072,697.287150515315,0.0553143525089755,33539233.8,Electronic Technology,Semiconductors,NASDAQ:MU,US,33361304810.76762,0.3379243670525107,49.51183783306953,0.4548129241856413,1.0,0.3379243670525107,25.70035962421774,technology_strict,True,True,review_high_roa_supports_follow_up,0.0,0.3379243670525107,priority,technology,not_applicable,5,usable,8.038357059262001,5.47097631833,-4.321090336957142,-3.1649351845428573,weak_history,2.80139630283244,,pe,"2023,2024",2.80139630283244,,,not_now
PEGA,Pegasystems Inc.,36.575,6013110792.203076,20.66267442517372,10.727284992359651,54.693035683241,23.927693227886,492500000.0,,72016000.0,3.5996479766113274,47.15598163479398,53.10959259579623,0.31813361611877,2144593.1666666665,Technology Services,Information Technology Services,NASDAQ:PEGA,US,78438495.07083334,0.3777935191756993,51.916246520781456,0.3980001600636266,1.0,0.3777935191756993,5.077043407393845,technology_strict,True,True,review_high_roa_supports_follow_up,0.0,0.3777935191756993,priority,technology,not_applicable,5,usable,10.584990218444002,6.498444450094,-79.198770053725,-15.304313311916669,weak_history,1.9520730769471737,,pe,"2021,2022",1.9520730769471737,,,not_now
GEN,Gen Digital Inc.,30.64,18340706742.08235,17.786033551982353,6.910145555089467,41.9438358892651,6.58042744656918,1548000000.0,,8176000000.0,20.156139105748757,76.38190954773869,79.82254697286012,1.595914458985,5301223.833333333,Technology Services,Packaged Software,NASDAQ:GEN,US,162429498.25333333,0.4240440382929884,38.851526591881935,0.4577949726098733,1.0,0.4240440382929884,7.372499991529391,technology_strict,True,True,review_possible_equity_or_leverage_distortion,0.0,0.4240440382929884,priority,technology,not_applicable,5,usable,15.125405808066,6.692041335358,-82.71640168877857,6.947263185064285,weak_history,1.1759045527557024,,pe,"2022,2024",1.1759045527557024,,,not_now
DLTR,"Dollar Tree, Inc.",132.31,24825363033.18842,16.159605261550865,7.249294986748984,46.031520254893,11.8047018913349,1978400000.0,,7670800000.0,-7.849169578613378,,,0.0,2122139.8,Retail Trade,Discount Stores,NASDAQ:DLTR,US,280780316.93799996,0.3510552154712542,44.86059448492529,0.3602182594120783,1.0,0.3510552154712542,2.543747769971305,stable_or_general,True,True,review_high_roa_supports_follow_up,0.08,0.4310552154712542,priority,stable,not_applicable,3,usable,-10.977497437766665,-3.7821837479666662,-33.05251414935,-9.667333584849999,weak_history,,,pe,"2024,2025",,,,not_now
300456,Sai MicroElectronics Inc. Class A,38.26,28427421417.0,6.7079264337184625,3.098991977126102,59.0942940635882,43.5947771502546,370356220.0,,1466328031.15,-64.56714063350148,,,0.952871491115117,33264786.500000022,Electronic Technology,Aerospace & Defense,SZSE:300456,A,1272710731.4900007,0.1135122525789109,46.19895593291728,0.1451964941255087,1.0,0.1135122525789109,21.82162987985767,technology_strict,True,True,review_high_roa_supports_follow_up,0.08,0.1935122525789109,watch,technology,not_applicable,5,usable,8.503800000000002,5.259330028798,-2.666315789473684,-3.0324773150157895,weak_history,0.7888151689501707,,pe,"2022,2024",0.7888151689501707,,,not_now
000151,"China National Complete Plant Import & Export Co., Ltd. Class A",10.21,3575734851.0,7.952952173235707,4.060271771765802,73.1174434639211,16.6749098231582,211272220.0,,836667666.15,33.34846800488447,,,0.0,5607497.166666667,Distribution Services,Wholesale Distributors,SZSE:000151,A,57252546.07166667,0.1087695602645077,51.05364251315314,0.1557763909046599,1.0,0.1087695602645077,30.175837536845872,stable_or_general,True,True,review_high_roa_supports_follow_up,0.1,0.2087695602645077,priority,stable,not_applicable,3,usable,-11.336666666666668,-6.796251059966666,-49.75,-16.73776123095,weak_history,,,pe,"2023,2024",,,,not_now
300773,"Lakala Payment Co., Ltd. Class A",16.9,16946596450.0,11.41120864280891,3.96524660783711,39.6843775216037,15.0726831483417,303746930.0,,44141541.3,13.541774992577304,899.7749951260454,884.0531561461795,2.18477329974811,53451488.76666666,Electronic Technology,Computer Processing Hardware,SZSE:300773,A,903330160.1566664,0.2875491403789006,34.74869956335362,0.3283923941384933,1.0,0.2875491403789006,12.437332437841974,technology_strict,True,False,not_triggered,0.0,0.2875491403789006,priority,technology,not_applicable,5,usable,12.3282,4.076010123928,-6.920526315789475,-2.824158926347369,weak_history,0.9256183905849118,,pe,"2022,2024",0.9256183905849118,,,not_now
000889,"ZJBC Information Technology Co., Ltd. Class A",3.99,3729496162.0,31.05058365758755,18.75528814515371,86.5350089117597,11.9339621764566,11463770.0,,106057248.23,0.8009902695497022,,,0.0,55269200.5666667,Consumer Services,Other Consumer Services,SZSE:000889,A,220524110.26100016,0.3588210603785807,60.40236908902886,0.5140623476509864,1.0,0.3588210603785807,30.198921975472903,stable_or_general,True,True,review_high_roa_supports_follow_up,0.1,0.4588210603785807,priority,stable,not_applicable,3,usable,-41.18666666666666,-6.031063800533333,-46.769999999999996,-7.103804149249999,weak_history,,,pe,"2023,2025",,,,not_now
301308,"Shenzhen Longsys Electronics Co., Ltd. Class A",347.0,152145434240.0,12.25468556313282,7.89997673263337,94.6633147334279,39.3153110894106,-5880283690.0,,16729134845.58,96.9535235185852,,,0.372812056836193,16925453.0,Electronic Technology,Semiconductors,SZSE:301308,A,5873132191.0,0.1294554875628646,64.46494846346592,0.1900984310889179,1.0,0.1294554875628646,31.90081221537684,technology_strict,False,True,review_high_roa_supports_follow_up,0.35,0.4794554875628646,watch,technology,not_applicable,5,usable,8.9364,3.9730205375160006,-6.7275,-3.73842181803125,weak_history,1.3713224075839063,,pe,"2022,2023",1.3713224075839063,,,not_now
688525,"Biwin Storage Technology Co., Ltd. Class A",213.29,103980446411.0,12.640531010163864,7.919551701910881,97.5442387833858,36.6879580914744,-8489088700.0,,16907504669.24,220.4397136418315,,,0.0,28222570.366666667,Electronic Technology,Computer Peripherals,SSE:688525,A,6019592033.506333,0.1295876739397638,62.65204915476265,0.2017576628489726,1.0,0.1295876739397638,35.770630909435255,technology_strict,False,True,review_high_roa_supports_follow_up,0.35,0.4795876739397638,watch,technology,not_applicable,5,usable,4.670000000000002,1.5551544827740003,-14.631249999999998,-5.7430157256875,weak_history,2.706751822304895,,pe,"2022,2023",2.706751822304895,,,not_now
002602,"Zhejiang Century Huatong Group Co., Ltd. Class A",15.73,105989876313.0,15.365829832958877,3.3880781864196865,24.1269749819162,16.7527538235754,8182712540.0,,2385043614.86,40.19166299489133,174.83490205157537,177.27518959913328,0.0,116197770.46666668,Technology Services,Packaged Software,SZSE:002602,A,1827790929.440667,0.6368734515817241,22.04943190996715,0.6968809852199845,1.0,0.6368734515817241,8.61087257522427,technology_strict,True,False,not_triggered,0.0,0.6368734515817241,watch,technology,not_applicable,5,usable,4.9544,3.7370611219420007,-14.655000000000001,-7.886997748025,weak_history,3.101451201549911,,pe,"2021,2022",3.101451201549911,,,not_now
1928,Sands China Ltd.,14.13,114116652550.0,16.6176643537575,11.330922271316648,72.8752358847408,8.89825849050194,10913104590.0,,50447907650.0,8.734427447157273,-3.6674298626429223,-3.659641966915942,5.31914893617021,13892978.766666668,Consumer Services,Casinos/Gaming,HKEX:1928,HK,196307789.973,0.2280289614436368,68.18600995966415,0.2437107606617219,0.8,0.285036201804546,6.434594506826863,stable_or_general,True,True,review_possible_equity_or_leverage_distortion,0.1,0.385036201804546,priority,stable,not_applicable,3,usable,26.866218946498996,8.214791095406333,-61.45334928229651,7.445162327993,weak_history,0.6185337946828201,,pe,"2023,2025",0.773167243353525,,,not_now
2400,"XD, Inc.",39.98,18494876516.0,11.726403472751802,4.164743849502533,42.0412856755701,29.4254966337135,,,130337935.980193,5.883559395488523,13.6153099602686,12.295378940087629,1.04166666666667,2988762.4,Technology Services,Packaged Software,HKEX:2400,HK,119490720.752,0.2789259006787685,35.515952177323506,0.3301728590635664,0.8,0.3486573758484607,15.521251059261544,technology_strict,False,True,review_high_roa_supports_follow_up,0.25,0.5986573758484607,watch,technology,not_applicable,5,usable,17.44714178789244,12.134306512750221,-31.048470130170916,-15.143235877587085,weak_history,0.6721102869061004,,pe,"2021,2022",0.8401378586326255,,,not_now
917,Qunabox Group Limited,9.605,2372167401.0,7.695697460139412,1.0083756595648186,16.8959600742355,12.2692058857968,,,600599742.343856,24.817915063883273,13.714248370629928,7.03198696509734,0.0,6826826.533333333,Technology Services,Packaged Software,HKEX:917,HK,65571668.85266667,0.4554755945401713,13.103109429493491,0.5873184148807717,0.8,0.5693444931752142,22.44826945658857,technology_strict,False,False,not_triggered,0.25,0.8193444931752142,watch,technology,not_applicable,5,usable,-62.486311512509566,-23.235470268570076,-178.06056010501084,-54.278985438040564,weak_history,,,pe,"2023,2024",,,,not_now
BYD,Boyd Gaming Corporation,77.95,5663489335.8593645,3.430973392900372,2.2792297694600756,93.3309604757425,27.440204853376,35064000.0,,3258284000.0,1.7489530067105017,221.90196470927935,249.9830550249553,0.976989330248104,819220.5666666667,Consumer Services,Casinos/Gaming,NYSE:BYD,US,63858243.17166667,0.0367613638112307,66.43099518569363,0.0516471773952779,1.0,0.0367613638112307,28.822124140724338,stable_or_general,True,True,review_high_roa_supports_follow_up,0.15,0.1867613638112308,priority,stable,not_applicable,3,usable,53.309191084633326,15.8040172688,35.9717169145,9.49037565665,weak_history,0.06435988472331874,0.0953797507373735,pe,"2023,2024",0.06435988472331874,0.0953797507373735,0.08142081103104887,priority_refine
ARCO,Arcos Dorados Holdings Inc.,8.23,1714753326.2278788,6.753097562976944,2.086158603819977,36.3838238691034,7.068094536745139,95342940.0,,2199575000.00002,10.767117810403992,97.29127444576788,97.29642221142949,3.15151515151515,1058360.9,Consumer Services,Restaurants,NYSE:ARCO,US,8710310.207,0.1856071419890412,30.89187716252011,0.2186043123067383,1.0,0.1856071419890412,15.094473649447728,stable_or_general,True,True,not_triggered,0.0,0.1856071419890412,priority,stable,not_applicable,3,usable,35.15656386603333,5.900383782866666,31.126413845,5.645515018699999,weak_history,0.19208639355968116,0.21695713475395206,pe,"2024,2025",0.19208639355968116,0.21695713475395206,0.20576530121653017,priority_refine
HD,"Home Depot, Inc. (The)",318.955,318218105251.39545,22.319529194424227,19.156111301297873,104.29587273660302,13.586206567255402,15099000000.0,,62567000000.0,2.497364498891272,-2.7479663681728073,-2.925073024930372,2.91130883138932,3685312.533333333,Retail Trade,Home Improvement Chains,NYSE:HD,US,1175448859.0693333,0.2140020367900053,85.8266818015291,0.2600535023133864,1.0,0.2140020367900053,17.708458111010263,stable_or_general,True,True,review_high_roa_supports_follow_up,0.1,0.3140020367900052,priority,stable,not_applicable,3,usable,564.3589906498333,17.006719853,104.29587273660302,13.586206567255402,current_ttm,0.03954846040234837,0.2140020367900053,pe,"2025,2026",0.03954846040234837,0.2140020367900053,0.21549792741555968,priority_refine
MUSA,Murphy USA Inc.,524.74,9644903691.57155,15.976689877329568,12.32260453748198,86.3941769316909,12.7163342673479,541500000.0,,2762400000.0,10.265769303825085,25.83078491335372,35.93962120459587,0.488225157955198,285068.93333333335,Retail Trade,Specialty Stores,NYSE:MUSA,US,149587072.07733333,0.184927855611864,77.12864574637189,0.2071433994817821,1.0,0.184927855611864,10.724717237187132,stable_or_general,True,True,review_high_roa_supports_follow_up,0.0,0.184927855611864,priority,stable,not_applicable,3,usable,66.76620235456666,11.543140055799999,62.261442889499996,10.73571607425,weak_history,0.23929307514727619,0.25660648285463905,pe,"2024,2025",0.23929307514727619,0.25660648285463905,0.24881544938632577,priority_refine
LMT,Lockheed Martin Corporation,528.235,121911757907.46936,19.46807256001828,13.856529109112016,89.1646574953907,10.3643257500824,8729000000.0,,20538000000.0,7.196147207839207,49.54804947668887,52.76697088614012,2.56121587390937,1028835.2,Electronic Technology,Aerospace & Defense,NYSE:LMT,US,543466761.872,0.2183384438057721,71.17565987281797,0.2735214902791951,1.0,0.2183384438057721,20.175031372158468,technology_strict,True,True,review_high_roa_supports_follow_up,0.0,0.2183384438057721,priority,technology,not_applicable,5,usable,76.433649579584,10.480011668566,64.06798807976666,11.625928914883334,weak_history,0.2547055212867704,0.3038658328989497,pe,"2021,2022",0.2547055212867704,0.3038658328989497,0.28174369267346905,priority_refine
GAP,"Gap, Inc. (The)",22.11,7766582049.682796,6.60552103250478,1.964214167749753,33.7757313109426,9.97520198384129,957000000.0,,5720000000.0,1.054991428194646,40.26996625421822,43.84185646755479,3.04659498207885,7166184.333333333,Retail Trade,Apparel/Footwear Retail,NYSE:GAP,US,158444335.60999998,0.1955700373055945,29.73594600765253,0.2221392596961554,1.0,0.1955700373055945,11.960615348634263,stable_or_general,True,False,not_triggered,0.0,0.1955700373055945,priority,stable,not_applicable,3,usable,24.235175093666665,6.164869933766666,21.947574041750002,5.5663768183,weak_history,0.2725592452695334,0.30096816258322484,pe,"2024,2026",0.2725592452695334,0.30096816258322484,0.2881841497920637,priority_refine
DECK,Deckers Outdoor Corporation,84.925,11565243972.055622,12.051569506726455,5.0447328355824,42.5584290402442,26.3324914256712,1117808000.0,,472334000.0,7.484361821074422,2.543375613462683,8.21585429527934,0.0,2393457.7333333325,Consumer Non-Durables,Apparel/Footwear,NYSE:DECK,US,203264398.00333324,0.2831770292867301,41.85955059850699,0.2879048946874337,1.0,0.2831770292867301,1.642162216740528,stable_or_general,True,True,review_high_roa_supports_follow_up,0.0,0.2831770292867301,priority,stable,not_applicable,3,usable,40.63289511686666,27.90743485473333,40.040458946550004,27.45442178145,weak_history,0.29659637769015046,0.30098479947030804,pe,"2024,2026",0.29659637769015046,0.30098479947030804,0.2990100096692372,priority_refine
600132,Chongqing Brewery Co.Ltd Class A,39.98,19112023161.0,16.65416979088561,12.215653024122703,72.5614725824339,9.40469682086705,2306202250.0,,120019179.32,-1.1255032737281108,7.749430700026232,7.746858168761205,6.33071663712332,4121401.3,Consumer Non-Durables,Beverages: Alcoholic,SSE:600132,A,164773623.97399998,0.229518078922193,73.34891608231358,0.2270540681500457,1.0,0.229518078922193,1.0852088193016085,stable_or_general,True,True,review_possible_equity_or_leverage_distortion,0.08,0.3095180789221931,priority,stable,not_applicable,3,usable,69.63333333333333,21.313101634699997,63.61,20.52777435505,weak_history,0.23916950393804134,0.2618168494086718,pe,"2023,2024",0.23916950393804134,0.2618168494086718,0.30162554394688806,priority_refine
OMAB,Grupo Aeroportuario del Centro Norte S.A.B. de C.V.,99.8,4795962521.73541,15.96391323821102,9.240963208373534,61.9717541048613,17.5688845729293,338139320.0,,816786494.026755,13.972101284123989,14.664879841322534,14.664074393353022,4.7902751738736,67104.46666666666,Transportation,Other Transportation,NASDAQ:OMAB,US,6697025.7733333325,0.2575998286444945,57.886578750969925,0.2757791802982229,1.0,0.2575998286444945,6.591995680772433,stable_or_general,True,True,review_high_roa_supports_follow_up,0.0,0.2575998286444945,priority,stable,not_applicable,3,usable,51.35815377623333,19.3007610535,49.254893182550006,18.5762837914,weak_history,0.31083502938531515,0.3241081688888264,pe,"2024,2025",0.31083502938531515,0.3241081688888264,0.31813525611224636,priority_refine
KTB,"Kontoor Brands, Inc.",74.335,4062676866.513031,15.528839123441056,6.567810087930107,40.9637108724128,8.49904034703548,423188000.0,,1272766000.0,15.6178946292964,6.632123115127926,6.733706437155801,2.86412379530338,691678.6333333333,Consumer Non-Durables,Apparel/Footwear,NYSE:KTB,US,51415931.20883333,0.3790877045248121,42.29427606095734,0.3671617194974529,1.0,0.3790877045248121,3.248155892635718,stable_or_general,True,True,review_possible_equity_or_leverage_distortion,0.0,0.3790877045248121,priority,stable,not_applicable,3,usable,61.67357117623333,13.324856636899998,40.9637108724128,8.49904034703548,current_ttm,0.2517908210482432,0.3790877045248121,pe,"2024,2026",0.2517908210482432,0.3790877045248121,0.3218041069603561,priority_refine
LULU,lululemon athletica inc.,101.35,12027199114.142649,8.307104685092291,2.362462602112114,30.8979519751313,17.715835759045,1354336000.0,,2141127000.0,1.741731226859486,-20.59487610247795,-16.471659489398405,0.0,3902693.7,Consumer Non-Durables,Apparel/Footwear,NASDAQ:LULU,US,395538006.495,0.26885615887352,28.439061401883215,0.2921019286713238,1.0,0.26885615887352,7.958102126727217,stable_or_general,True,True,not_triggered,0.1,0.3688561588735199,priority,stable,not_applicable,3,usable,39.47828557523333,22.925687512266663,30.8979519751313,17.715835759045,current_ttm,0.21042212355603776,0.26885615887352,pe,"2024,2026",0.21042212355603776,0.26885615887352,0.322560842980653,priority_refine
ADP,"Automatic Data Processing, Inc.",277.64,110296031197.19284,25.37170219959974,18.312305138249197,72.2371350006547,7.57258331574622,5244600000.0,,5514700000.0,6.743868215885492,8.18217472301206,9.619738344719812,2.34190385497126,2220780.533333333,Technology Services,Packaged Software,NASDAQ:ADP,US,616577507.2746665,0.35122796881922,72.17609994861948,0.3515249815058069,1.0,0.35122796881922,0.0844926256207023,technology_strict,True,True,review_possible_equity_or_leverage_distortion,0.0,0.35122796881922,priority,technology,not_applicable,5,usable,80.383564164592,7.039858282548,70.88943364343181,7.05017272015,weak_history,0.31563295884279374,0.3579052743913483,pe,"2022,2026",0.31563295884279374,0.3579052743913483,0.33888273239449873,priority_refine
SYY,Sysco Corporation,81.15,38878644428.47497,22.207323080291175,14.566322088934443,78.1138790035587,6.36566312011745,1938000000.0,,14967000000.0,3.910484079094518,-3.938730853391685,-2.142359809329979,2.67636901825358,3057245.3666666667,Distribution Services,Food Distributors,NYSE:SYY,US,248095461.50500005,0.2842942043536137,65.59242658950615,0.3385653532727211,1.0,0.2842942043536137,16.029740903639034,stable_or_general,True,True,review_possible_equity_or_leverage_distortion,0.1,0.3842942043536137,priority,stable,not_applicable,3,usable,92.76555304179999,7.210875405533333,78.1138790035587,6.36566312011745,current_ttm,0.23939191167528098,0.28429420435361374,pe,"2025,2026",0.23939191167528098,0.28429420435361374,0.34408817264836405,priority_refine
GCT,GigaCloud Technology Inc,50.87,1816579737.0,12.051932052405885,3.4485400141141347,32.3435187324092,13.2513299452503,160189910.0,,506256000.0,22.86391702488589,17.092139011026813,27.059000602046968,0.0,634760.6333333333,Distribution Services,Wholesale Distributors,NASDAQ:GCT,US,32290273.417666662,0.3726227857926131,28.61400146564646,0.4211900270877965,1.0,0.3726227857926131,11.530957091028093,stable_or_general,True,False,not_triggered,0.0,0.3726227857926131,priority,stable,not_applicable,3,usable,35.25556614193333,13.361089079566664,32.3435187324092,13.2513299452503,current_ttm,0.3418448027153135,0.37262278579261315,pe,"2024,2025",0.3418448027153135,0.37262278579261315,0.35877269340782836,priority_refine
CDW,CDW Corporation,151.245,18908261454.259228,18.179359584595417,7.760125438557785,44.0103477074125,6.64380928952507,860200000.0,,6429500000.0,7.414195801319115,0.3343549735302312,3.423584694562535,1.63721413721414,1821390.0,Technology Services,Information Technology Services,NASDAQ:CDW,US,275476130.55,0.4130701194513292,42.6864620970117,0.425881150405015,1.0,0.4130701194513292,3.0081234967789694,technology_strict,True,True,review_possible_equity_or_leverage_distortion,0.0,0.4130701194513292,priority,technology,not_applicable,5,usable,60.688333345454005,7.779225658436,44.0103477074125,6.64380928952507,current_ttm,0.2995527901732563,0.41307011945132927,pe,"2024,2025",0.2995527901732563,0.41307011945132927,0.3619873212761965,priority_refine
002668,"Guangdong TCL Smart Home Appliances Co., Ltd. Class A",9.27,10158124164.0,10.08485639686684,2.6251847824240055,28.90820095028,6.05686233298588,1479687900.0,,5129086626.04,0.6009284337096154,-9.280770751900558,-9.277536517962895,2.17491995731057,24142650.89999988,Consumer Durables,Electronics/Appliances,SZSE:002668,A,223802373.8429989,0.3488579733554522,26.03095848979661,0.3874177895070523,1.0,0.3488579733554522,9.953031893724674,stable_or_general,True,True,not_triggered,0.1,0.4488579733554523,priority,stable,not_applicable,3,usable,49.54666666666667,13.8981413128,28.90820095028,6.05686233298588,current_ttm,0.20354258066873332,0.34885797335545227,pe,"2024,2025",0.20354258066873332,0.34885797335545227,0.3634660466464288,priority_refine
CROX,"Crocs, Inc.",116.68,5594231569.504698,10.080519749801294,4.0531621473283455,42.29964170786991,13.4764265750107,704620000.0,,1689202000.0,-2.0251147769614413,150.88635316301037,210.80798045165275,0.0,1007095.4,Consumer Non-Durables,Apparel/Footwear,NASDAQ:CROX,US,117507891.272,0.2383121781366247,40.20786872034293,0.2507101239290785,1.0,0.2383121781366247,4.945131691594929,stable_or_general,True,True,review_high_roa_supports_follow_up,0.08,0.3183121781366247,priority,stable,not_applicable,3,usable,40.78124885126667,11.873228380099999,26.28556456165,9.14378114695,weak_history,0.24718516557857184,0.3835002183863506,pe,"2024,2025",0.24718516557857184,0.3835002183863506,0.3721584446228502,priority_refine
PEP,"PepsiCo, Inc.",138.11,188505167984.62292,18.113499547523183,8.537345244777205,51.589495507947504,9.60861290648818,9282000000.0,,53214000000.0,5.624284702163606,38.42384105960265,39.01002734731084,4.10477074703614,6822031.033333333,Consumer Non-Durables,Food: Specialty/Candy,NASDAQ:PEP,US,942190706.0136667,0.3511082899566782,47.13250038943794,0.3843101765842723,1.0,0.3511082899566782,8.639346197566411,stable_or_general,True,True,review_possible_equity_or_leverage_distortion,0.0,0.3511082899566782,priority,stable,not_applicable,3,usable,48.72879318576666,8.9883191568,46.883688903,8.6925686523,weak_history,0.37172066787022356,0.3863497086374561,pe,"2023,2025",0.37172066787022356,0.3863497086374561,0.3797666402922015,priority_refine
TJX,"TJX Companies, Inc. (The)",132.5,145746557561.99408,24.50663066195646,13.698686787022124,62.17144028283029,17.3342857142857,5876000000.0,,14317000000.0,7.661631419939577,21.97426618415762,23.37585286265203,1.36924124366442,6523539.2,Retail Trade,Apparel/Footwear Retail,NYSE:TJX,US,864368944.0,0.3941782681963118,55.89787913312644,0.4384178978166855,1.0,0.3941782681963118,10.090744433720978,stable_or_general,True,True,review_high_roa_supports_follow_up,0.0,0.3941782681963118,priority,stable,not_applicable,3,usable,62.19573307173333,15.831889653266666,60.55541725725,16.04678793625,weak_history,0.3940243076432878,0.4046975773917635,pe,"2025,2026",0.3940243076432878,0.4046975773917635,0.3998946060049494,priority_refine
002847,Yankershop Food Co. Ltd. Class A,45.45,11767557843.0,15.439228208438074,5.846757075926798,37.44584590495,19.198646413515,438642260.0,,1214645263.37,1.837936822751901,15.536413454631331,4.3013038548752816,3.15031503150315,4288477.7,Consumer Non-Durables,Food: Major Diversified,SZSE:002847,A,194911311.46500003,0.4123081702474546,37.86949060530981,0.4076956928032532,1.0,0.4123081702474546,1.131352998234214,stable_or_general,True,True,not_triggered,0.0,0.4123081702474546,priority,stable,not_applicable,3,usable,38.86666666666667,19.449196215833332,37.44584590495,19.198646413515,current_ttm,0.3972357171982352,0.4123081702474546,pe,"2023,2025",0.3972357171982352,0.4123081702474546,0.4055255663753059,priority_refine
ADBE,Adobe Inc.,265.38,105488550000.0,15.178535681398316,9.193142244286502,62.9539318993294,24.9104066161268,10280000000.0,,7065000000.0,11.49064200699084,5.2409375454942495,11.805369041681042,0.0,4639307.5,Technology Services,Packaged Software,NASDAQ:ADBE,US,1231179424.35,0.241105443670628,60.56672683882763,0.2506084854443179,1.0,0.241105443670628,3.791987233329907,technology_strict,True,True,review_high_roa_supports_follow_up,0.0,0.241105443670628,priority,technology,not_applicable,5,usable,42.005208337206,20.316036447328,33.55414014024167,17.997433223033333,weak_history,0.3613488965356224,0.4523595484181283,pe,"2021,2022",0.3613488965356224,0.4523595484181283,0.4114047550710007,priority_refine
2589,"Auntea Jenny (Shanghai) Industrial Co., Ltd. Class H",81.5,8610866893.0,12.374358507181682,3.4415921692165417,31.980933368923996,21.6384208443536,862658980.0,,169320508.341439,,,,4.22658032987172,521407.1666666667,Consumer Services,Restaurants,HKEX:2589,HK,42494684.083333336,0.3869292482628383,27.812287539747224,0.4449241540990536,0.8,0.4836615603285478,13.034784760933416,stable_or_general,True,True,not_triggered,0.0,0.4836615603285478,priority,stable,not_applicable,3,usable,43.075217363714664,23.80731712143833,31.980933368923996,21.6384208443536,current_ttm,0.28727326905157974,0.3869292482628383,pe,"2024,2025",0.35909158631447463,0.48366156032854785,0.4276050720222149,priority_refine
UHS,"Universal Health Services, Inc.",168.51,9929293550.170967,6.862162206186574,1.3217514512714847,20.985171749453,9.870469200880972,845400000.0,,5262175000.0,10.049655883844052,21.01634484765771,29.3490513363463,0.472785296377283,782180.0666666667,Health Services,Hospital/Nursing Management,NYSE:UHS,US,131805163.034,0.3270005262818706,19.261442844936855,0.3562641833963332,1.0,0.3270005262818706,8.214032866140709,stable_or_general,True,False,not_triggered,0.0,0.3270005262818706,priority,stable,not_applicable,3,usable,17.025121065233332,7.7287165116333325,14.859184203049999,6.6299817040499995,weak_history,0.4030609932166451,0.4618128500471813,pe,"2023,2024",0.4030609932166451,0.4618128500471813,0.43537451447344006,priority_refine
605499,Eastroc Beverage (Group) Co. Ltd. Class A,120.41,80459766012.82864,17.092767407197105,4.495278855874812,34.7901112009922,16.7155232750374,4888065410.0,,6059043393.62,20.743504365935337,23.582905520871936,27.145564479740106,2.86105785401951,8608623.766666668,Consumer Non-Durables,Beverages: Non-Alcoholic,SSE:605499,A,1036564387.7443334,0.4913110886150207,26.29930396163949,0.6499323112173934,1.0,0.4913110886150207,24.405806553186736,stable_or_general,True,True,not_triggered,0.0,0.4913110886150207,priority,stable,not_applicable,3,usable,44.78666666666666,17.004884999866665,34.7901112009922,16.7155232750374,current_ttm,0.38164857265251056,0.49131108861502076,pe,"2023,2024",0.38164857265251056,0.49131108861502076,0.4419629564318912,priority_refine
9980,Eastroc Beverage (Group) Co. Ltd. Class H,103.2,93818194736.0,13.633301187629629,3.333647747138942,34.314663942266,16.5577596000554,5464255960.0,,7002582197.79788,25.278432029610524,28.431947933165368,,2.13964226732378,732291.7333333329,Consumer Non-Durables,Beverages: Non-Alcoholic,HKEX:9980,HK,75572506.87999997,0.3973024830016546,24.452241619687644,0.5575481135706111,0.8,0.4966281037520682,28.741130436747863,stable_or_general,True,True,not_triggered,0.0,0.4966281037520682,priority,stable,not_applicable,3,usable,44.97377608768366,17.007063002720667,34.314663942266,16.5577596000554,current_ttm,0.30313890390367265,0.3973024830016546,pe,"2023,2024",0.3789236298795908,0.49662810375206823,0.44366109050945335,priority_refine
DRI,"Darden Restaurants, Inc.",218.63,24823633278.785316,21.04457642291292,11.29824089960105,53.7178011861556,8.3642591080283,1092700000.0,,8010600000.0,9.391638444276996,14.978561219628396,17.071219292314616,2.80682443588332,1044357.3,Consumer Services,Restaurants,NYSE:DRI,US,228327836.499,0.3917616871543994,53.68718605949107,0.3919850893208168,1.0,0.3917616871543994,0.0569925164256801,stable_or_general,True,True,review_possible_equity_or_leverage_distortion,0.0,0.3917616871543994,priority,stable,not_applicable,3,usable,48.584124529166665,9.264399898366666,46.17219458344999,9.15503423105,weak_history,0.4331574691703905,0.45578462563389094,pe,"2024,2025",0.4331574691703905,0.45578462563389094,0.44560240522531575,priority_refine
WSM,"Williams-Sonoma, Inc.",225.3,26535647429.632347,23.048829144032165,12.393366440986014,54.9610894488196,21.9677467615691,1343494000.0,,1527946000.0,2.24013280613107,3.564966411827534,7.441277657481413,1.27491470641049,1021145.0333333332,Retail Trade,Specialty Stores,NYSE:WSM,US,230063976.01,0.419366307603773,53.77004776919405,0.4286555452390226,1.0,0.419366307603773,2.1670634471950723,stable_or_general,True,True,review_high_roa_supports_follow_up,0.0,0.419366307603773,priority,stable,not_applicable,3,usable,51.278480686833326,20.238827678733333,50.566966513,19.717726083549998,weak_history,0.4494834643170379,0.4558080251483281,pe,"2024,2026",0.4494834643170379,0.4558080251483281,0.45296197277424755,priority_refine
600096,Yunnan Yuntianhua Co. Ltd. Class A,30.8,56366873284.0,10.535677635629746,2.210141391642795,22.1994945565664,10.3323958063094,5080829270.0,,14321972578.4,-15.203315212673548,1.451478021973386,1.4505830094391947,4.52781371280724,33145166.1,Transportation,Air Freight/Couriers,SSE:600096,A,1020871115.88,0.4745908790303242,20.977686182884895,0.502232588655345,1.0,0.4745908790303242,5.503766631119545,stable_or_general,True,False,not_triggered,0.08,0.5545908790303242,priority,stable,not_applicable,3,usable,24.493333333333332,10.9339592373,22.1994945565664,10.3323958063094,current_ttm,0.43014470477530264,0.47459087903032426,pe,"2023,2025",0.43014470477530264,0.47459087903032426,0.5045901006155645,priority_refine
CHKP,Check Point Software Technologies Ltd.,136.945,13982171382.986752,14.026794768055227,5.215067010059982,37.6388664549214,15.889323271826,1186974490.0,,1974900000.0,4.640775228998736,22.200209765745218,27.25293918302442,0.0,1076626.4,Technology Services,Internet Software/Services,NASDAQ:CHKP,US,147438602.348,0.3726678321955995,37.17932069510869,0.3772741003818445,1.0,0.3726678321955995,1.2209341117195516,technology_strict,True,False,not_triggered,0.0,0.3726678321955995,priority,technology,not_applicable,5,usable,31.201150162546,14.80281532076,25.13751862065,13.787182863608333,weak_history,0.4495601827170158,0.5580023621159043,pe,"2021,2022",0.4495601827170158,0.5580023621159043,0.5092033813864045,priority_refine
603444,"G-Bits Network Technology (Xiamen) Co., Ltd. Class A",399.9,27444776668.0,12.807455803228285,4.737795762735359,39.4799594237808,26.12710713473,3034145910.0,,24240639.42,74.27627798657514,109.04808114480116,109.59643422925112,5.14489710205796,2026329.3,Technology Services,Packaged Software,SSE:603444,A,810329087.0699999,0.324403975843848,36.9924818443733,0.3462178033122789,1.0,0.324403975843848,6.300608247102602,technology_strict,True,False,not_triggered,0.0,0.324403975843848,priority,technology,not_applicable,5,usable,28.8942,24.408644193371998,22.468571428571426,19.476177705999998,weak_history,0.4432535181188018,0.5700164714051247,pe,"2023,2024",0.4432535181188018,0.5700164714051247,0.5129731424262793,priority_refine
605599,"Beijing Caishikou Department Store Co., Ltd. Class A",14.9,11526667233.0,10.429791404171915,2.620102693957938,26.605560253934403,13.5312390809598,1043080240.0,,155569572.35,41.332755362045255,42.82847173132896,42.83143371325736,5.26315789473684,11282621.133333333,Retail Trade,Specialty Stores,SSE:605599,A,168111054.88666666,0.3920154773899026,25.121333614686648,0.4151766607674985,1.0,0.3920154773899026,5.578633282222533,stable_or_general,True,False,not_triggered,0.0,0.3920154773899026,priority,stable,not_applicable,3,usable,21.673333333333332,12.195794439999998,19.275,11.3701311156,weak_history,0.48122691806391493,0.5411046124084004,pe,"2023,2024",0.48122691806391493,0.5411046124084004,0.5141596499533819,priority_refine
603605,"Proya Cosmetics Co., Ltd. Class A",63.04,24807136694.0,13.605265997625985,3.677572988506418,30.029211999615,19.4694412703874,1741721450.0,,929364858.36,-4.744642787298599,13.23970257740186,10.471353980401965,3.18877551020408,5950118.633333329,Consumer Non-Durables,Household/Personal Care,SSE:603605,A,375095478.64533305,0.4530676994721145,27.030511488331992,0.5033299500639802,1.0,0.4530676994721145,9.985944723829087,stable_or_general,True,False,not_triggered,0.08,0.5330676994721145,priority,stable,not_applicable,3,usable,29.423333333333332,19.79848369633333,27.87,19.0247954271,weak_history,0.4623971676999882,0.48816885531489,pe,"2023,2025",0.4623971676999882,0.48816885531489,0.5265715958881843,priority_refine
SFM,"Sprouts Farmers Market, Inc.",79.075,7373555869.678695,15.151369994251771,4.937845282304873,35.1974264427963,12.393553360845,355179000.0,,2106293000.0,7.20446395946375,3.6950886808910774,7.524001813012498,0.0,1718981.7333333334,Retail Trade,Food Retail,NASDAQ:SFM,US,135928480.56333333,0.4304681201302073,32.59009108864892,0.4649072613218,1.0,0.4304681201302073,7.407744308763253,stable_or_general,True,False,not_triggered,0.0,0.4304681201302073,priority,stable,not_applicable,3,usable,30.9444127176,10.8148781774,27.19913864455,9.5080380725,weak_history,0.48963184832505324,0.557053302027552,pe,"2023,2024",0.48963184832505324,0.557053302027552,0.5267136478614276,priority_refine
6110,Topsports International Holdings Limited,1.12,6914362776.0,5.0269299820466795,0.7060143598277829,14.166469915986102,8.64742532992503,2745118910.0,,3980959430.10926,-3.552403351753338,-0.6077116410583117,-0.6244424620874274,15.6412556053812,30883283.733333334,Retail Trade,Apparel/Footwear Retail,HKEX:6110,HK,34589277.781333335,0.3548470445960612,14.044642800859824,0.3579250859793264,0.8,0.4435588057450765,0.8599680502536677,stable_or_general,True,False,not_triggered,0.18,0.6235588057450765,priority,stable,not_applicable,3,usable,16.806524279307332,10.530576826932,13.966296008697999,8.740162491766501,weak_history,0.29910586499053693,0.359932939908762,pe,"2025,2026",0.37388233123817116,0.4499161748859525,0.5457009452444509,priority_refine
PDD,PDD Holdings Inc.,81.895,116191849284.0,9.084001641653632,1.7663927045037136,22.9436193816255,15.1072366213241,,,713885695.75854,13.529529753296712,-1.594457918651893,-1.6988147550457338,0.0,6263739.666666667,Retail Trade,Department Stores,NASDAQ:PDD,US,512968960.00166667,0.3959271416840446,19.445094509936297,0.4671616091663517,1.0,0.3959271416840446,15.248356475487078,hybrid_platform,False,True,not_triggered,0.35,0.7459271416840446,watch,stable,not_applicable,3,usable,37.07066319716667,21.371127550066664,22.9436193816255,15.1072366213241,current_ttm,0.24504556590581655,0.39592714168404464,pe,"2023,2025",0.24504556590581655,0.39592714168404464,0.558030432583842,priority_refine
151,Want Want China Holdings Limited,3.085,35846523498.0,8.624545708694436,1.6124058558817536,20.2897950586787,13.6967055420816,4230424600.000001,,3191310498.97224,5.79956317923007,-9.740338289237712,-9.694521585458212,3.53846153846154,14909640.433333334,Consumer Non-Durables,Food: Meat/Fish/Dairy,HKEX:151,HK,45996240.736833334,0.4250681529188436,18.695545369494432,0.461315545400838,0.8,0.5313351911485545,7.857396708905384,stable_or_general,True,False,not_triggered,0.1,0.6313351911485545,priority,stable,not_applicable,3,usable,23.845463807578664,14.849237215665667,20.2897950586787,13.6967055420816,current_ttm,0.361684963575896,0.42506815291884364,pe,"2025,2026",0.45210620446987,0.5313351911485545,0.5756821471431465,priority_refine
002032,"Zhejiang Supor Co., Ltd. Class A",40.02,31287994843.0,15.745986779981116,6.339008662678255,39.8164994657632,16.4658414028274,2446577040.0,,2832032531.79,-1.0289337374436742,-9.7787767427669,-9.535504538174054,6.65822784810127,2163633.3333333335,Consumer Durables,Electronics/Appliances,SZSE:002032,A,86588606.00000001,0.3954638652632066,40.25793207661932,0.3911275608993822,1.0,0.3954638652632066,1.108667554353171,stable_or_general,True,False,not_triggered,0.18,0.5754638652632066,priority,stable,not_applicable,3,usable,35.656666666666666,16.48384599523333,34.849999999999994,16.2122081077,weak_history,0.4416000779652552,0.45182171535096466,pe,"2023,2025",0.4416000779652552,0.45182171535096466,0.5772219785273954,priority_refine
600809,Shanxi Xinghuacun Fen Wine Factory Co. Ltd. Class A,122.56,142129956505.0,14.686638705811864,3.925251125114818,27.5297850145974,16.9026071578808,9011990740.0,,2089534575.06,-3.841255415088191,-17.486558150664994,-17.486527908241452,5.60875512995896,8959704.733333344,Consumer Non-Durables,Beverages: Alcoholic,SSE:600809,A,1098101412.1173346,0.5334817797532533,26.726681330844613,0.5495122467323458,1.0,0.5334817797532533,2.917217418613882,stable_or_general,True,True,not_triggered,0.18,0.7134817797532533,priority,stable,not_applicable,3,usable,38.739999999999995,24.464947142566665,27.5297850145974,16.9026071578808,current_ttm,0.3791078654055722,0.5334817797532533,pe,"2024,2025",0.3791078654055722,0.5334817797532533,0.5940135182967968,priority_refine
1910,Samsonite Group S.A.,12.51,16941085406.999998,8.552091878589007,1.3300558602197408,17.723640066972,5.01604210284121,3851009140.0,,18325302440.1221,1.2738061782196628,-10.986337786593156,-9.216160863898706,6.57799671592775,4042393.2666666666,Consumer Durables,Other Consumer Specialties,HKEX:1910,HK,50570339.765999995,0.4825245743128032,15.552403775615003,0.5498887504449982,0.8,0.603155717891004,12.250509958183445,stable_or_general,True,False,not_triggered,0.1,0.703155717891004,watch,stable,not_applicable,3,usable,25.32995575460033,6.969921193429666,17.723640066972,5.01604210284121,current_ttm,0.33762758851388075,0.4825245743128032,pe,"2024,2025",0.4220344856423509,0.603155717891004,0.6016511633791101,priority_refine
GOOG,Alphabet Inc.,337.38,4148833339254.288,16.949254721104428,6.628823416262721,48.675697331861,34.2975879823263,53273000000.0,,117348446000.0,20.23118740133723,111.2993519247575,112.01789423230548,0.250678306004483,16982350.46666666,Technology Services,Internet Software/Services,NASDAQ:GOOG,US,5729505400.443998,0.3482077432922605,39.10982238061959,0.4333759063427358,1.0,0.3482077432922605,19.652260728846315,technology_strict,True,True,review_high_roa_supports_follow_up,0.0,0.3482077432922605,priority,technology,not_applicable,5,usable,31.475594804726,22.250570250966,25.72186933985625,18.057333790706252,weak_history,0.5384887823806758,0.658943348835126,pe,"2022,2023",0.5384887823806758,0.658943348835126,0.6047387939306235,priority_refine
MKC,"McCormick & Company, Incorporated",51.925,13961725150.62048,8.641923941083466,1.9955565479427415,25.6950067476383,10.9102553299065,1019900000.0,,4933500000.0,9.536097763540369,108.66425992779784,108.650206618745,3.59452263217954,2609712.8666666667,Consumer Non-Durables,Food: Specialty/Candy,NYSE:MKC,US,135509340.60166666,0.3363269769087634,23.091577310185773,0.3742457184711883,1.0,0.3363269769087634,10.132044186724375,stable_or_general,True,False,not_triggered,0.0,0.3363269769087634,priority,stable,not_applicable,3,usable,14.385442246833332,5.727412953233333,14.03350886905,5.5794661439999995,weak_history,0.6007409291143491,0.6158063547558424,pe,"2023,2025",0.6007409291143491,0.6158063547558424,0.6090269132171705,priority_refine
GOOGL,Alphabet Inc.,340.64,4147336359812.1714,17.11303019798747,6.692875714374691,48.675697331861,34.2975879823263,53273000000.0,,117348446000.0,20.23118740133723,111.2993519247575,112.01789423230548,0.248189675309507,25059201.466666702,Technology Services,Internet Software/Services,NASDAQ:GOOGL,US,8536166387.605345,0.3515723684719771,39.109822380619576,0.4375634854958491,1.0,0.3515723684719771,19.65226072884633,technology_strict,True,True,review_high_roa_supports_follow_up,0.0,0.3515723684719771,priority,technology,not_applicable,5,usable,31.475594804726,22.250570250966,25.72186933985625,18.057333790706252,weak_history,0.5436920351833345,0.6653105173608315,pe,"2022,2023",0.5436920351833345,0.6653105173608315,0.6105822003809579,priority_refine
999,Xiaocaiyuan International Holding Ltd.,7.59,8729769577.0,12.851337622756516,3.209234477072366,25.8145146964274,15.5930643871414,,,1541021651.35438,,,,7.76415094339623,2629422.7333333334,Consumer Services,Restaurants,HKEX:999,HK,19957318.546,0.4978337874596991,24.971987907232407,0.5146301395987183,0.8,0.6222922343246239,3.2637715607010676,stable_or_general,False,True,not_triggered,0.25,0.8722922343246239,watch,stable,not_applicable,3,usable,60.289434892718326,22.72062472655633,25.8145146964274,15.5930643871414,current_ttm,0.21316069134873716,0.4978337874596991,pe,"2024,2025",0.26645086418592145,0.6222922343246238,0.6121636177622077,priority_refine
1361,361 Degrees International Ltd.,4.445,9559476781.0,5.964841653247451,0.7344497410011318,12.8441046271852,9.24275152552987,747174180.0,,553880753.161199,13.070118241531627,18.224686344318812,17.557974443918592,7.59637188208617,3846010.7333333334,Consumer Non-Durables,Apparel/Footwear,HKEX:1361,HK,17095517.70966667,0.464403072567827,12.312979684905365,0.4844352712251953,0.8,0.5805038407097837,4.135165180418121,stable_or_general,True,False,not_triggered,0.0,0.5805038407097837,priority,stable,not_applicable,3,usable,12.398776359444998,8.541334743457334,11.869839915048999,8.107998570734,weak_history,0.48108309080868467,0.5025208171245018,pe,"2023,2024",0.6013538635108558,0.6281510214056272,0.6160923003529801,priority_refine
1318,"Mao Geping Cosmetics Co., Ltd. Class H",50.4,35279896544.0,16.42978224018777,4.308126802532221,29.3004445555415,24.300789652431,1301336250.0,,104905072.434934,32.223519859219564,31.749800285307444,30.536170212765956,2.3237067209776,3053046.6333333333,Consumer Non-Durables,Household/Personal Care,HKEX:1318,HK,153873550.32,0.5607349133916283,26.22144797509492,0.6265779927863917,0.8,0.7009186417395353,10.508361313802183,stable_or_general,True,True,not_triggered,0.0,0.7009186417395353,watch,stable,not_applicable,3,usable,37.92980282552867,29.048889846856333,29.3004445555415,24.300789652431,current_ttm,0.4331628697297023,0.5607349133916283,pe,"2024,2025",0.5414535871621279,0.7009186417395353,0.629159367179702,priority_refine
3998,Bosideng International Holdings Limited,4.345,49972548187.0,11.494708994708994,2.440202404820874,22.6902973751023,14.0336271808393,6247051230.0,,7253272245.8238,8.077352320679388,16.446029820440586,13.71841155234658,7.28754365541327,21081326.433333337,Consumer Non-Durables,Apparel/Footwear,HKEX:3998,HK,91598363.35283332,0.5065913771285322,21.22891850454063,0.5414646531452086,0.8,0.6332392214106652,6.440545253343477,stable_or_general,True,False,not_triggered,0.0,0.6332392214106652,watch,stable,not_applicable,3,usable,23.007786491112,13.473279346841332,22.6902973751023,14.0336271808393,current_ttm,0.4996008198854525,0.5065913771285322,pe,"2025,2026",0.6245010248568156,0.6332392214106652,0.629307032961433,priority_refine
002555,"37 Interactive Entertainment Network Technology Group Co., Ltd.",18.67,39548875512.0,12.573237255034009,2.914782804186546,24.1145951515891,14.9938047341424,2938140470.0,,4523860072.46,-11.554227990674292,16.29316460712919,16.298558897243122,5.62841530054645,41359013.39999998,Technology Services,Packaged Software,SZSE:002555,A,772172780.1779997,0.521395328264736,23.182436989483676,0.5423604628252693,1.0,0.521395328264736,3.865535192466185,technology_strict,True,False,not_triggered,0.08,0.601395328264736,priority,technology,not_applicable,5,usable,22.6582,15.488500534656001,20.687142857142852,14.095036771328571,weak_history,0.5549089184063168,0.6077802692164773,pe,"2023,2024",0.5549089184063168,0.6077802692164773,0.6339881613519052,priority_refine
2020,ANTA Sports Products Ltd.,76.1,210552058911.0,11.980855820397368,2.606071564574412,24.1578948465741,12.919034907579602,22944036750.0,,38137738077.34251,16.637270096937968,11.792863489284937,12.530782177340772,3.2300593276203,7415774.466666667,Consumer Non-Durables,Apparel/Footwear,HKEX:2020,HK,564340436.9133333,0.49593956329752,21.7519649985069,0.5507941843975825,0.8,0.6199244541219,9.959186689681266,stable_or_general,True,False,not_triggered,0.0,0.6199244541219,watch,stable,not_applicable,3,usable,24.237861777737997,13.126833995015666,22.578068585645,12.0766151836355,weak_history,0.49430333130299264,0.5306413068483069,pe,"2023,2025",0.6178791641287408,0.6633016335603836,0.6428615223161445,priority_refine
1024,Kuaishou Technology Class B,33.66,143052486602.0,8.459837136825172,1.5318835204194243,20.3330855425658,8.74060216587576,,,74292253677.0124,11.31210309805611,0.7153043130117971,-0.7136796925687358,2.10622710622711,52393051.53333333,Commercial Services,Advertising/Marketing Services,HKEX:1024,HK,1763550114.6119998,0.4160626344248212,18.107718808808105,0.4671950799628095,0.8,0.5200782930310265,10.944559934590623,hybrid_platform,False,False,not_triggered,0.25,0.7700782930310265,watch,stable,not_applicable,3,usable,22.768851148483666,10.410514610280666,20.3330855425658,8.74060216587576,current_ttm,0.37155309601066855,0.4160626344248212,pe,"2023,2025",0.4644413700133357,0.5200782930310265,0.6450416776730656,priority_refine
000848,"Cheng De Lolo Co., Ltd. Class A",8.42,8354051982.000001,12.804136253041364,2.663132691693366,20.1610274986107,14.852129012082802,694353140.0,,735553754.44,9.636784179918614,5.6217111045066375,8.318234228298467,5.95238095238095,19431001.033333305,Consumer Non-Durables,Food: Major Diversified,SZSE:000848,A,163609028.70066643,0.6350934372726638,20.799003064816596,0.6156129797730895,1.0,0.6350934372726638,3.164400059718475,stable_or_general,True,False,not_triggered,0.0,0.6350934372726638,watch,stable,not_applicable,3,usable,20.116666666666667,14.6057339473,19.165,13.9266212344,weak_history,0.6364939313856519,0.6680999871140811,pe,"2024,2025",0.6364939313856519,0.6680999871140811,0.653877262036288,priority_refine
322,Tingyi (Cayman Islands) Holding Corp.,12.55,71256570060.0,13.569034490215158,4.742273495036673,36.0576208232554,7.985451018050591,6882429180.0,,20329164161.5793,3.527495131736362,17.29880393984028,17.268923545074184,3.64620253164557,20384793.066666663,Consumer Non-Durables,Beverages: Non-Alcoholic,HKEX:322,HK,255829152.98666668,0.3763153025743672,34.949233112027244,0.3882498493377693,0.8,0.4703941282179589,3.0739346798868583,stable_or_general,True,False,not_triggered,0.0,0.4703941282179589,priority,stable,not_applicable,3,usable,26.747072660653664,6.980332432191666,24.712063237281498,6.306602624667001,weak_history,0.5073091422889022,0.5490854551450172,pe,"2023,2024",0.6341364278611278,0.6863568189312714,0.6628576429497068,priority_refine
002517,"Kingnet Network Co., Ltd. Class A",17.41,36216891971.0,15.539093181006782,3.5202012236793685,25.4845576565048,19.5788560988834,2899287440.0,,857971454.32,46.7317330685296,34.61859386552329,34.98795180722893,0.586510263929619,77916621.06666665,Technology Services,Packaged Software,SZSE:002517,A,1356528372.7706664,0.6097454541079903,22.65383946588377,0.6859364040434888,1.0,0.6097454541079903,11.107582202426435,technology_strict,True,False,not_triggered,0.0,0.6097454541079903,watch,technology,not_applicable,5,usable,25.0618,21.930099725108,22.06863636363636,18.76452136401364,weak_history,0.6200310105821123,0.7041256616385847,pe,"2021,2025",0.6200310105821123,0.7041256616385847,0.6662830686631722,priority_refine
300628,Yealink Network Technology Co. Ltd. Class A,42.08,52795564683.0,18.48532771041996,5.779283028300358,32.3973539415752,29.3227751259034,1812548340.0,,5716193.569999999,20.59785435142559,14.131107312377456,14.185393258426974,4.30416068866571,14367558.766666671,Electronic Technology,Telecommunications Equipment,SZSE:300628,A,604586872.9013335,0.5705814043874097,31.26416322629025,0.5912625128209259,1.0,0.5705814043874097,3.497787866652702,technology_strict,True,False,not_triggered,0.0,0.5705814043874097,priority,technology,not_applicable,5,usable,28.779600000000002,25.977942639806,26.575714285714284,23.736692129164286,weak_history,0.642306623803665,0.6955721871361593,pe,"2021,2023",0.642306623803665,0.6955721871361593,0.671602683636537,priority_refine
603816,"Jason Furniture (Hangzhou) Co., Ltd. Class A",23.74,18410587691.0,11.450897163804743,1.8756197090182227,16.7926436317358,8.94331911482498,1664144750.0,,2911430291.51,4.111145072270413,9.998556169971067,9.739572305737877,6.05263157894737,8052253.633333332,Consumer Durables,Home Furnishings,SSE:603816,A,191160501.25533327,0.6818996112181,16.3796747293032,0.6990918533515881,1.0,0.6818996112181,2.4592250719365327,stable_or_general,True,False,not_triggered,0.0,0.6818996112181,watch,stable,not_applicable,3,usable,18.09,10.315116170033333,16.2,9.33556069395,weak_history,0.6329959736763263,0.7068455039385645,pe,"2024,2025",0.6329959736763263,0.7068455039385645,0.6736132153205574,priority_refine
1999,Man Wah Holdings Limited,3.055,11743271087.0,6.5389554794520555,0.8353887634058705,13.478910261337202,8.49589861527141,1070727000.0,,4840131000.0,-2.8007114157473696,-12.129930083966157,-12.163940590336535,7.85597381342062,5989726.7,Consumer Durables,Home Furnishings,HKEX:1999,HK,18298615.0685,0.48512493611656,12.775568912053116,0.5118328212595585,0.8,0.6064061701457,5.218087632065805,stable_or_general,True,False,not_triggered,0.18,0.7864061701456999,watch,stable,not_applicable,3,usable,16.531780975529,10.191103119726332,13.478910261337202,8.49589861527141,current_ttm,0.39553847762266375,0.48512493611656005,pe,"2025,2026",0.49442309702832965,0.6064061701457,0.6860137872428833,priority_refine
9992,Pop Mart International Group Limited,154.0,202027454901.0,13.921281481079712,7.695548125409451,69.7916786788645,49.6893679371344,,,4308044625.607921,86.7846714534374,101.54528423177528,101.92760527900992,1.77627118644068,11289569.066666666,Consumer Services,Movies/Entertainment,HKEX:9992,HK,1738593636.266667,0.1994690734569706,55.27902108630158,0.2518366137371682,0.8,0.2493363418212132,20.7942520760113,stable_or_general,False,True,review_high_roa_supports_follow_up,0.25,0.4993363418212132,watch,stable,not_applicable,3,usable,42.028734598258666,30.410824710380666,24.2833677369015,18.4177317253925,weak_history,0.3312324678377659,0.5732846297066386,pe,"2023,2024",0.41404058479720734,0.7166057871332983,0.7304514460820574,priority_refine
600519,"Kweichow Moutai Co., Ltd. Class A",1330.0,1623706079190.0,20.446062365102108,6.6172528698602795,33.2451371632829,27.085589260476,116933614800.0,,25670001536.23,-4.702317582417921,-9.452899828088526,-9.18759240153958,4.00200403424489,3710890.566666666,Consumer Non-Durables,Beverages: Alcoholic,SSE:600519,A,4935484453.666666,0.6150091144061652,32.364436494895884,0.6317447352536666,1.0,0.6150091144061652,2.6491112491474067,stable_or_general,True,False,not_triggered,0.18,0.7950091144061653,watch,stable,not_applicable,3,usable,34.24666666666667,29.65657938853333,33.2451371632829,27.085589260476,current_ttm,0.5970234289985041,0.6150091144061652,pe,"2023,2025",0.5970234289985041,0.6150091144061652,0.7369155559727177,priority_refine
303,VTech Holdings Limited,50.2,12601617611.0,12.148786331405338,2.505512626885249,20.7492096904964,10.2374935389482,721847170.0,,994137360.0,-6.746215076510219,-14.364563832231203,-14.488224825131407,8.33850160901046,696012.4666666667,Consumer Durables,Recreational Products,HKEX:303,HK,34939825.82666667,0.5855059789081871,20.623563198311825,0.5890731012185032,0.8,0.7318824736352338,0.6055483271834139,stable_or_general,True,False,not_triggered,0.18,0.9118824736352338,watch,stable,not_applicable,3,usable,23.707359145978,11.767757248867666,20.7492096904964,10.2374935389482,current_ttm,0.5124478967311045,0.5855059789081871,pe,"2025,2026",0.6405598709138806,0.7318824736352338,0.8207873024106249,priority_refine
590,Luk Fook Holdings (International) Limited,21.98,12669786022.0,6.307935141340221,0.8594861383420755,14.500206521471402,10.1847526641997,-102938000.0,,4751020000.0,28.96230838160763,86.00399685779333,85.99871890680049,7.27525486561631,1634080.5333333334,Retail Trade,Specialty Stores,HKEX:590,HK,35917090.12266667,0.4350238137642833,13.62547520042294,0.4629515703895905,0.8,0.543779767205354,6.032543879655716,stable_or_general,False,False,not_triggered,0.25,0.793779767205354,watch,stable,not_applicable,3,usable,12.335155089098333,9.226363837375665,11.252629372912,8.725530435198,weak_history,0.5113786649439942,0.5605743273234484,pe,"2024,2025",0.6392233311799927,0.7007179091543104,0.8230453490658676,priority_refine
9961,Trip.com Group Ltd.,325.6,211244580708.0,6.560984308849874,1.1987845002613138,20.0431517579795,12.21458179332,,,35603328537.1008,19.462330160959834,87.33605161616605,86.06849335612947,0.716992619926199,2705079.1666666665,Consumer Services,Other Consumer Services,HKEX:9961,HK,880773776.6666666,0.327342944267128,18.27141239530655,0.3590846819556883,0.8,0.4091786803339101,8.83962454641194,stable_or_general,False,False,not_triggered,0.25,0.6591786803339101,watch,stable,not_applicable,3,usable,14.197998453908331,8.426137344802,10.676868111070998,6.110561082619,weak_history,0.462106284216689,0.6145045757422717,pe,"2023,2024",0.5776328552708612,0.7681307196778395,0.8324066806946994,priority_refine
1368,Xtep International Holdings Limited,3.43,9711819320.0,6.988590057049715,0.7540533113492718,12.3640994800582,7.2998637428429,,,2719133236.62192,10.471950602549985,-4.978086279049862,-8.976261127596437,7.60719225449516,10454588.033333331,Consumer Non-Durables,Apparel/Footwear,HKEX:1368,HK,35859236.954333335,0.5652324351095255,10.789777411376752,0.6477047477996105,0.8,0.7065405438869068,12.733010367804289,stable_or_general,False,False,not_triggered,0.35,1.0565405438869069,watch,stable,not_applicable,3,usable,13.550969508523334,7.292255867440333,12.3640994800582,7.2998637428429,current_ttm,0.5157262034022,0.5652324351095255,pe,"2023,2024",0.64465775425275,0.7065405438869068,0.9086932885515362,priority_refine
TDC,Teradata Corporation,28.26,2628180083.4352207,5.95110240697454,4.451066617945391,119.115734720416,26.980854197349004,736000000.0,,99000000.0,0.9552238805970148,316.3636363636364,319.4594117127462,0.0,2723998.8666666667,Technology Services,Packaged Software,NYSE:TDC,US,76980207.972,0.0499606741371553,74.7939846023966,0.0795665913323175,1.0,0.0499606741371553,37.208980175498866,technology_strict,True,True,review_high_roa_supports_follow_up,0.1,0.1499606741371553,priority,technology,not_applicable,5,usable,55.155429569788,5.535333025136,21.7696793468,2.4797337592125,weak_history,0.10789694601951433,0.27336656237195855,pe,"2022,2023",0.10789694601951433,0.27336656237195855,0.29890523501335864,watch_refine
THC,Tenet Healthcare Corporation,263.01,21177300666.779915,10.142647245971052,4.545759365290938,53.3127155941477,7.54863157894737,3023000000.0,,13248000000.0,5.433101314771848,51.01078167115903,66.00366178428763,0.0,891187.2666666667,Health Services,Hospital/Nursing Management,NYSE:THC,US,234391163.006,0.1902481825008449,44.818273326982194,0.2263060687763002,1.0,0.1902481825008449,15.933238763958158,stable_or_general,True,True,review_possible_equity_or_leverage_distortion,0.0,0.1902481825008449,priority,stable,not_applicable,3,usable,62.906032921233326,6.0611615359,38.9861474957,3.5020273793000003,weak_history,0.16123488916668752,0.2601602850625274,pe,"2023,2025",0.16123488916668752,0.2601602850625274,0.31564385690939945,watch_refine
RCI,"Rogers Communication, Inc.",37.57,20309004525.194508,4.689620752104824,1.7410416165686615,44.4148457467871,7.3664978983569,1931776000.0,,32171392000.0,4.210328521979984,288.7464312871445,285.15341998222095,3.813882532418,1124621.1,Communications,Wireless Telecommunications,NYSE:RCI,US,42252014.727000006,0.1055867846269411,37.1254246046919,0.126318306175336,1.0,0.1055867846269411,16.412127565753167,stable_or_general,True,True,review_possible_equity_or_leverage_distortion,0.15,0.2555867846269412,priority,stable,not_applicable,3,usable,24.627400021066666,4.121853370133333,12.4543485931,1.912013188,weak_history,0.19042289271678084,0.3765448443207205,pe,"2023,2024",0.19042289271678084,0.3765448443207205,0.3927899660989477,watch_refine
WEN,Wendy's Company (The),7.815,1490085579.9098983,11.84270343991514,12.367267490623666,108.042253219344,2.57836586979172,264176000.0,,4072525000.0,-0.9757739349954369,-34.36476572791219,-31.124099780816188,7.10659898477157,9037676.233333332,Consumer Services,Restaurants,NASDAQ:WEN,US,70629439.76349999,0.1096117776799087,104.4294282413635,0.113403890448807,1.0,0.1096117776799087,3.343900067176364,stable_or_general,True,True,review_possible_equity_or_leverage_distortion,0.28,0.3896117776799088,watch,stable,not_applicable,3,usable,69.5529571292,3.6454528681,60.512163606,3.81600909665,weak_history,0.17026887035034904,0.19570781697749265,pe,"2023,2024",0.17026887035034904,0.19570781697749265,0.41426029099527806,watch_refine
142,First Pacific Co. Ltd.,5.095,21434997417.0,4.876998181296066,0.6232385407288528,12.9873021805836,1.8786259502868905,12525644350.0,,102599108560.0,4.56744628688281,-19.723061457609433,-20.081089351285183,5.26315789473684,3048678.633333349,Miscellaneous,Miscellaneous,HKEX:142,HK,15533017.636833413,0.3755204979050477,12.77914236505265,0.3816373620371646,0.8,0.4694006223813097,1.6027948887040957,stable_or_general,True,False,not_triggered,0.35,0.8194006223813097,watch,stable,not_applicable,3,usable,15.339554673723333,2.089224035551333,12.9873021805836,1.8786259502868905,current_ttm,0.3179360995173065,0.37552049790504777,pe,"2023,2024",0.3974201243966331,0.4694006223813097,0.6170093982882052,watch_refine
603871,"Jiayou International Logistics Co., Ltd. Class A",13.99,18645958288.0,14.607914795865094,3.0570882272603113,21.797629798264,15.2314090766965,1092633730.0,,639535427.93,0.8074499308808205,21.672845967278036,22.79779458904987,2.93470286133529,11517821.93333333,Transportation,Air Freight/Couriers,SSE:603871,A,161134328.84733328,0.6701606977942387,20.927615405626877,0.6980209886663635,1.0,0.6701606977942387,3.9913256656299967,stable_or_general,True,False,not_triggered,0.0,0.6701606977942387,watch,stable,not_applicable,3,usable,22.126666666666665,16.774383797966664,21.22,16.08274968855,weak_history,0.6601950043325593,0.6884031477787509,pe,"2023,2025",0.6601950043325593,0.6884031477787509,0.6757094832279646,watch_refine
1929,Chow Tai Fook Jewellery Group Limited,12.08,118790625522.0,13.373187202479796,4.082184374155177,32.3792605592756,11.0904803518662,424900000.0,,28446300000.091103,5.289551173433863,52.21536641034534,52.58445945945947,5.56478405315615,16881350.7,Consumer Durables,Other Consumer Specialties,HKEX:1929,HK,203926716.456,0.4130170662173696,30.52514193025142,0.4381040138334796,0.8,0.516271332771712,5.726253771700285,stable_or_general,True,False,not_triggered,0.0,0.516271332771712,priority,stable,not_applicable,3,usable,25.477737805475996,8.541590841550667,22.529344953613,7.2671460864165,weak_history,0.5248969631677999,0.5935897040066919,pe,"2024,2025",0.6561212039597498,0.7419871300083648,0.7033474632864881,watch_refine
001221,"Higold Group Co., Ltd. Class A",39.65,15837348390.0,21.71531847308177,5.216336539878333,28.9130706285155,20.4049243059037,374294390.0,,491309757.54,22.456694338563914,21.780908951567714,18.487994808565876,1.88916876574307,3557165.6,Consumer Durables,Home Furnishings,SZSE:001221,A,141041616.04,0.7510554223758249,24.021459995369103,0.9039966129147886,1.0,0.7510554223758249,16.91833667892073,stable_or_general,True,False,not_triggered,0.0,0.7510554223758249,watch,stable,not_applicable,3,usable,32.733333333333334,21.586289100566667,28.9130706285155,20.4049243059037,current_ttm,0.6634007680167546,0.751055422375825,pe,"2023,2025",0.6634007680167546,0.751055422375825,0.7116108279142435,watch_refine
601156,Eastern Air Logistics Co. Ltd. Class A,19.25,30290559620.0,10.846292540004509,1.529942768218837,14.7092498043495,8.37683617905617,5432959920.0,,9563089238.96,13.52122706481276,4.392516674651119,4.393859184753837,3.54821802935011,10065978.433333334,Transportation,Air Freight/Couriers,SSE:601156,A,193770084.84166667,0.7373790427297848,14.105674935245666,0.7689311280598858,1.0,0.7373790427297848,4.103369492884368,stable_or_general,True,False,not_triggered,0.0,0.7373790427297848,watch,stable,not_applicable,3,usable,15.92,10.729283450499999,14.7092498043495,8.37683617905617,current_ttm,0.6812997826635998,0.7373790427297848,pe,"2024,2025",0.6812997826635998,0.7373790427297848,0.7121433757000016,watch_refine
000333,Midea Group Co. Ltd. Class A,87.57,655876688688.9166,15.0259956416548,3.1321310795247257,20.690326160494,6.92787999351494,54879532000.0,,131260261000.0,5.398082370725765,1.1973150206955316,1.6340553172194765,4.92836676217765,26437639.500000004,Consumer Durables,Electronics/Appliances,SZSE:000333,A,2315144091.0150003,0.7262329034882667,20.8447490217679,0.7208527973142468,1.0,0.7262329034882667,0.7463529577834915,stable_or_general,True,False,not_triggered,0.0,0.7262329034882667,watch,stable,not_applicable,3,usable,21.07333333333333,7.2921850605,20.494999999999997,7.22425654395,weak_history,0.7130336432294275,0.7331542152551745,pe,"2024,2025",0.7130336432294275,0.7331542152551745,0.7240999578435885,watch_refine
2600,Aluminum Corporation of China Limited Class H,8.76,185793625631.0,7.629332868838181,1.5380644617564485,22.3208309457286,7.392144248478881,37411261710.0,,73748649622.6418,6.65243949510868,46.957687110846166,46.753578732106355,3.46803652968037,37483800.93333333,Distribution Services,Wholesale Distributors,HKEX:2600,HK,328358096.17599994,0.3418032638385337,20.159881449643315,0.3784413558132885,0.8,0.4272540797981672,9.68131294636596,stable_or_general,True,False,not_triggered,0.0,0.4272540797981672,priority,stable,not_applicable,3,usable,16.130327071857998,4.896571327935,14.6414248046535,4.445261253702499,weak_history,0.47298066771062586,0.5210785815334954,pe,"2023,2025",0.5912258346382823,0.6513482269168692,0.7242931503915051,watch_refine
603993,CMOC Group Limited Class A,18.48,381286346771.25433,14.142496364888652,4.387464387464388,34.2453311488368,13.6036308848791,17682221110.0,,47254665612.850006,20.610659510924727,65.73107931035365,66.45859872611464,1.5368081676518,230939067.66666716,Distribution Services,Wholesale Distributors,SSE:603993,A,4267753970.480009,0.41297589745658,31.02326685660019,0.4558674117158567,1.0,0.41297589745658,9.408769558200202,stable_or_general,True,False,not_triggered,0.0,0.41297589745658,priority,stable,not_applicable,3,usable,20.856666666666666,9.001133362733333,17.98,7.0282551999,weak_history,0.6780803754941019,0.7865682071684456,pe,"2023,2024",0.6780803754941019,0.7865682071684456,0.737748682914991,watch_refine
T,AT&T Inc.,26.1169,178963076839.033,8.636826614636728,1.6266353923633734,20.0485823953717,5.18654434250765,17654000000.0,,162888000000.0,2.625338753387534,68.98957435133653,72.38057234066811,4.23825887743414,39118540.33333329,Communications,Wireless Telecommunications,NYSE:T,US,1021655006.0316324,0.4307948783765667,18.83371595774232,0.4585832468757303,1.0,0.4307948783765667,6.059612663236669,stable_or_general,True,False,not_triggered,0.0,0.4307948783765667,priority,stable,not_applicable,3,usable,15.105656089566665,3.8912970958666664,12.443272761900001,3.1433028763,weak_history,0.5717611048090856,0.6940960613739648,pe,"2023,2024",0.5717611048090856,0.6940960613739648,0.7390453309197692,watch_refine
3993,CMOC Group Limited Class H,16.45,444589867759.0,11.227902532250358,3.379273651320587,34.015594962731,13.505755792798302,20194215790.0,,54613353740.2732,25.055798742078945,72.20866524162804,72.97520661157026,1.96407942238267,38680777.666666985,Distribution Services,Wholesale Distributors,HKEX:3993,HK,636298792.6166719,0.3300810273802986,30.09710532857017,0.3730558939032615,0.8,0.4126012842253732,11.519685716078476,stable_or_general,True,False,not_triggered,0.0,0.4126012842253732,priority,stable,not_applicable,3,usable,20.689443219792665,7.908808634320667,17.7805669298735,6.383562991645,weak_history,0.5426875152207636,0.631470446163678,pe,"2023,2024",0.6783593940259545,0.7893380577045974,0.7393976590492082,watch_refine
BCE,"BCE, Inc.",23.65,22054236822.54645,4.996244683066124,1.5171951417238092,30.6217357086642,8.43759857007675,1870528000.0,,29410304000.0,-2.62492472532413,922.1612098541508,1313.2884286959738,5.33049040511727,3282888.2666666666,Communications,Major Telecommunications,NYSE:BCE,US,77640307.50666666,0.163160074614989,30.366710158653163,0.1645303247194993,1.0,0.163160074614989,0.8328252599309027,stable_or_general,True,False,not_triggered,0.2299999999999999,0.393160074614989,priority,stable,not_applicable,3,usable,14.9146515344,4.0285446829,6.258635155,1.8384564646500001,weak_history,0.33498903219713183,0.7982962034581361,pe,"2023,2024",0.33498903219713183,0.7982962034581361,0.7398079763906843,watch_refine
000895,"Henan Shuanghui Investment & Development Co., Ltd. Class A",24.17,82006439039.0,16.46121364843697,4.0068167275066235,24.3735690015023,12.8397078040727,5417263110.0,,12605102324.17,-2.3204729386578964,1.4190601379217611,1.4229467431097569,5.91465990705534,13023194.266666632,Consumer Non-Durables,Food: Meat/Fish/Dairy,SZSE:000895,A,314770605.42533255,0.675371491447246,24.34095573437308,0.6762763889830038,1.0,0.675371491447246,0.133805874417503,stable_or_general,True,False,not_triggered,0.08,0.7553714914472459,watch,stable,not_applicable,3,usable,23.91333333333333,13.693239400766664,23.82,13.8147191755,weak_history,0.6883696814233471,0.6910669037966822,pe,"2023,2024",0.6883696814233471,0.6910669037966822,0.7398531537286815,watch_refine
603558,ZheJiang Jasan Holding Group Co Ltd,12.24,4114207322.999999,9.419732184084962,1.775353910420051,18.7813315719964,11.3923807207472,20872250.0,,1350153235.2900002,2.611292620424855,45.48575442745384,53.23113207547172,5.33661740558292,4089800.633333334,Consumer Non-Durables,Apparel/Footwear,SSE:603558,A,50059159.752,0.501547621795363,18.84718032025992,0.499795302216064,1.0,0.501547621795363,0.3506074529971315,stable_or_general,True,False,not_triggered,0.0,0.501547621795363,priority,stable,not_applicable,3,usable,13.523333333333333,8.845483258066666,12.05,8.0617399918,weak_history,0.6965540190351217,0.7817205132020715,pe,"2023,2024",0.6965540190351217,0.7817205132020715,0.7433955908269441,watch_refine
1415,Cowell e Holdings Inc.,24.3,21315927124.0,12.59458899139629,3.3349573523457923,31.1822474804944,14.8003619513146,1874256690.0,,1380287062.55,14.86102949911034,29.067418969752698,27.269129287598943,1.42857142857143,3262669.6333333333,Consumer Durables,Electronics/Appliances,HKEX:1415,HK,79282872.09,0.4039025409978755,26.479286895538976,0.4756392814157744,0.8,0.5048781762473443,15.082173239428286,stable_or_general,True,False,not_triggered,0.0,0.5048781762473443,priority,stable,not_applicable,3,usable,23.168647401364332,9.695190022788,18.9076198759275,7.949110546797,weak_history,0.5436048455144011,0.6661118149213093,pe,"2023,2024",0.6795060568930014,0.8326397686516366,0.7637295983602508,watch_refine
600233,"YTO Express Group Co.,Ltd. Class A",16.98,58098037842.0,10.262299045086426,1.564656816761916,16.3260892564876,10.7142207875783,1643728350.0,,8340955949.940001,8.203739987627866,46.98468138988902,46.775481238357145,1.46972369194591,22027971.366666667,Transportation,Air Freight/Couriers,SSE:600233,A,374034953.806,0.6285828090158476,15.246649994194737,0.6730855006833544,1.0,0.6285828090158476,6.611744217090565,stable_or_general,True,False,not_triggered,0.0,0.6285828090158476,watch,stable,not_applicable,3,usable,13.213333333333331,8.703183405566666,13.135,8.5138923363,weak_history,0.7766623898904965,0.7812941792985478,pe,"2024,2025",0.7766623898904965,0.7812941792985478,0.7792098740649247,watch_refine
002690,"Hefei Meyer Optoelectronic Technology, Inc. Class A",16.04,14186607343.0,19.34627909781691,5.498366601193598,28.7761430138752,22.7752861467734,789245070.0,,30110984.86,1.9462905769239385,7.542915896004794,7.46597537265068,4.37773608505316,6058395.966666668,Electronic Technology,Electronic Components,SZSE:002690,A,97176671.30533336,0.6723027157770441,28.42079644045893,0.6807085486976775,1.0,0.6723027157770441,1.2348651910887964,technology_strict,True,False,not_triggered,0.0,0.6723027157770441,watch,technology,not_applicable,5,usable,26.1518,20.41160743857,23.54235294117647,18.471363360394122,weak_history,0.7397685473970017,0.8217648909671867,pe,"2021,2024",0.7397685473970017,0.8217648909671867,0.7848665363606036,watch_refine
603365,"Shanghai Shuixing Home Textile Co., Ltd. Class A",16.9,4365815871.0,10.368098159509202,1.3920395108587318,13.8596418433453,11.1562126030897,261819290.00000003,,65964200.059999995,6.356444342559793,14.972457253870818,16.520122953749365,5.91715976331361,2154486.8333333335,Consumer Durables,Home Furnishings,SSE:603365,A,36410827.483333334,0.7480783613818592,13.426179897631554,0.7722299446723625,1.0,0.7480783613818592,3.1275118838793747,stable_or_general,True,False,not_triggered,0.0,0.7480783613818592,watch,stable,not_applicable,3,usable,13.033333333333331,10.2643570257,12.865,10.1189717742,weak_history,0.795506252647765,0.8059151309373651,pe,"2024,2025",0.795506252647765,0.8059151309373651,0.8012311357070451,watch_refine
MSFT,Microsoft Corporation,504.73,3747895498993.364,28.125870696668787,8.47364294624165,34.0386274504814,19.4207984875622,66987000000.0,,128813000000.0,17.78868679984666,31.34279990572708,31.54908515130189,0.713557594291539,31253108.866666667,Technology Services,Packaged Software,NASDAQ:MSFT,US,15774381638.272669,0.8262927386712536,30.127575560692826,0.933559045931474,1.0,0.8262927386712536,11.49003994205784,technology_strict,True,True,not_triggered,0.0,0.8262927386712536,watch,technology,not_applicable,5,usable,36.395016046900004,19.048131368980002,33.725053655051724,18.834861641848274,weak_history,0.7727945678173275,0.8339755655942678,pe,"2025,2026",0.7727945678173275,0.8339755655942678,0.8064441165946447,watch_refine
603025,"Beijing Dahao Technology Corp., Ltd. Class A",13.43,15017990295.0,17.659434582511505,5.393769252703913,32.6799847893319,17.5797706487175,532085510.0,,1202781852.13,23.86592121435898,27.49911599789346,27.51509054325954,3.33333333333333,10889618.099999996,Electronic Technology,Computer Peripherals,SSE:603025,A,146247571.08299994,0.5403746267432865,30.54327264840898,0.5781775511024486,1.0,0.5403746267432865,6.538289888128801,technology_strict,True,False,not_triggered,0.0,0.5403746267432865,priority,technology,not_applicable,5,usable,24.445,15.31243431535,19.042142857142856,13.889812010428571,weak_history,0.7224149962164658,0.9273869393269105,pe,"2021,2023",0.7224149962164658,0.9273869393269105,0.8351495649272104,watch_refine
600690,"Haier Smart Home Co., Ltd. Class A",22.0,187503359078.48425,11.354252683732453,1.7238528738586332,15.2072781275765,5.81346498060283,15941610790.0,,72998167499.11,-2.8954969337870984,-12.37030990483521,-10.676747187903375,5.31947754353804,40245638.33333328,Consumer Durables,Electronics/Appliances,SSE:600690,A,885404043.3333321,0.7466328022989817,15.182442401765853,0.7478541583277702,1.0,0.7466328022989817,0.1633147339207941,stable_or_general,True,False,not_triggered,0.18,0.9266328022989816,watch,stable,not_applicable,3,usable,17.276666666666664,6.9474389316666665,15.2072781275765,5.81346498060283,current_ttm,0.6572015830831056,0.7466328022989817,pe,"2023,2025",0.6572015830831056,0.7466328022989817,0.8363887536518374,watch_refine
6690,"Haier Smart Home Co., Ltd. Class H",21.62,218633828153.0,9.953042997882331,1.4658143880326628,15.1372927277349,5.78729124627148,17950448640.0,,84365738119.5501,0.5890393739793509,-8.946596767986561,-7.186805674243706,6.23286591123702,13082725.9,Consumer Durables,Electronics/Appliances,HKEX:6690,HK,282848533.958,0.6575180368710274,14.727298860705597,0.6758227080213861,0.8,0.8218975460887842,2.708501938910801,stable_or_general,True,False,not_triggered,0.1,0.9218975460887842,watch,stable,not_applicable,3,usable,17.149037989723666,6.785316148256666,15.1372927277349,5.78729124627148,current_ttm,0.5803849174423988,0.6575180368710274,pe,"2023,2025",0.7254811468029985,0.8218975460887842,0.8585101664101805,watch_refine
168,"Tsingtao Brewery Co., Ltd. Class H",40.5,67118861413.00001,10.5934974235568,1.5248304520312812,15.1042625827292,8.50331182366777,3996805020.0,,381892773.60412097,1.0755101175886923,5.030766113743941,5.035990988515853,6.82162708438605,3749097.433333333,Consumer Non-Durables,Beverages: Alcoholic,HKEX:168,HK,151838446.04999998,0.7013581342044342,14.394022965829114,0.7359650216416478,0.8,0.8766976677555427,4.702246223607109,stable_or_general,True,False,not_triggered,0.0,0.8766976677555427,watch,stable,not_applicable,3,usable,15.622651025084,8.688597352937666,15.1042625827292,8.50331182366777,current_ttm,0.6780857747220812,0.7013581342044342,pe,"2024,2025",0.8476072184026014,0.8766976677555427,0.8636069655467191,watch_refine
2507,Cirrus Aircraft Limited,45.94,16740328329.0,13.281295172015032,2.309291202424906,18.5600255280569,10.6442541410917,1269759400.0,,216056319.55,14.044373337919208,8.271381217035776,8.269688243395525,2.04897245299519,887519.1333333333,Electronic Technology,Aerospace & Defense,HKEX:2507,HK,40772628.98533333,0.7155860401128169,17.38754520937691,0.7638395766673595,0.8,0.8944825501410211,6.317234407396544,technology_strict,True,False,not_triggered,0.0,0.8944825501410211,watch,technology,not_applicable,5,usable,20.40597952851964,9.84609180710342,17.732467464222275,9.980513829213447,weak_history,0.6508531067304529,0.7489817871546584,pe,"2024,2025",0.8135663834130661,0.9362272339433229,0.8810298512047073,watch_refine
600660,"Fuyao Glass Industry Group Co., Ltd. Class A",57.33,143140757750.04837,17.647602043957395,3.920458392058148,22.9745881941693,12.02540346653,5651152090.0,,25356283157.0,9.329304211028434,-3.704985373058366,-3.702386245738841,3.6835642869672,11938884.766666662,Consumer Durables,Home Furnishings,SSE:600660,A,684456263.6729997,0.7681357286933292,22.215247047688997,0.7943914378297781,1.0,0.7681357286933292,3.305134960691114,stable_or_general,True,False,not_triggered,0.1,0.8681357286933292,watch,stable,not_applicable,3,usable,22.416666666666664,12.326147025633333,20.845,11.5007428236,weak_history,0.7872536227787686,0.8466107960641591,pe,"2023,2024",0.7872536227787686,0.8466107960641591,0.8999000680857334,watch_refine
002818,Chengdu Fusen Noble-House Industrial Co. Ltd. Class A,11.03,8173171500.0,9.587136027813992,1.3802700223621265,14.8434521749541,12.1405883662462,860467230.0,,0.0,-21.636310728010145,28.776938788109536,28.77770315648087,6.13553113553114,3995066.933333333,Retail Trade,Specialty Stores,SZSE:002818,A,44065588.27466666,0.6458831756126595,14.39710481167386,0.6659072190708986,1.0,0.6458831756126595,3.0070320436197395,stable_or_general,True,False,not_triggered,0.08,0.7258831756126595,watch,stable,not_applicable,3,usable,11.749999999999998,9.976005782933333,10.815,9.119477722100001,weak_history,0.8159264704522547,0.8864665767742943,pe,"2024,2025",0.8159264704522547,0.8864665767742943,0.9047235289293766,watch_refine
921,Hisense Home Appliances Group Co. Ltd. Class H,22.56,39766357655.0,10.020876826722338,1.5484944392164453,16.43522103119,3.5926252037109,3271636320.0,,25187690662.417,-5.250751782642988,-15.66582501309435,-16.027601641178663,6.55892025089606,675889.5333333333,Consumer Durables,Electronics/Appliances,HKEX:921,HK,15248067.872,0.6097196263868422,15.452684091347445,0.6484877816361634,0.8,0.7621495329835527,5.97823989089007,stable_or_general,True,False,not_triggered,0.28,1.0421495329835526,watch,stable,not_applicable,3,usable,21.675535465887332,4.725310606422666,16.43522103119,3.5926252037109,current_ttm,0.46231276927359233,0.6097196263868422,pe,"2023,2025",0.5778909615919904,0.7621495329835527,0.9092331758573498,watch_refine
6198,Qingdao Port International Co Ltd Class H,7.27,66018739396.00001,8.124720607957084,0.8650755780953819,11.3017477233974,7.48210377733743,2964039650.0,,5901739023.68541,6.41820532031227,-0.982918474167119,-0.9738822487826384,5.34629120879121,2488184.0,Transportation,Other Transportation,HKEX:6198,HK,18089097.68,0.7188906359267702,10.647450168909876,0.7630672582700542,0.8,0.8986132949084626,5.789348430888863,stable_or_general,True,False,not_triggered,0.1,0.9986132949084626,watch,stable,not_applicable,3,usable,12.426636685051331,8.342927969462998,11.3017477233974,7.48210377733743,current_ttm,0.6538149310932013,0.7188906359267702,pe,"2024,2025",0.8172686638665017,0.8986132949084626,0.9420082109395802,watch_refine
META,"Meta Platforms, Inc.",607.6954,1548107740517.745,22.890698629259784,5.927577852598936,29.8484958064042,18.2887068618236,40976000000.0,,112318000000.0,27.65206594930762,-4.767365432754835,-3.857269092594742,0.343878954607978,16646986.033333331,Technology Services,Internet Software/Services,NASDAQ:META,US,10116296836.320911,0.7668962207585827,25.895137359512805,0.8839767216315106,1.0,0.7668962207585827,13.244749325167582,technology_strict,True,False,not_triggered,0.1,0.8668962207585826,watch,technology,not_applicable,5,usable,29.944181721058,19.978498264791998,23.87286699200625,16.36165914955,weak_history,0.7644456222746634,0.9588583824860524,pe,"2022,2023",0.7644456222746634,0.9588583824860524,0.9513726403909274,watch_refine
300442,Range Intelligent Computing Technology Group Company Limited Class A,62.93,100605123538.0,19.77686989314896,7.058271962744707,42.6844568439368,12.7038761913272,-7251297620.0,,27359621829.3,10.963029582499512,214.8584872418882,220.24959742351044,1.0018630647415,29664302.83333334,Technology Services,Data Processing Services,SZSE:300442,A,1866774577.301667,0.4633272004715273,35.68953024861538,0.5541364583781887,1.0,0.4633272004715273,16.387526309392484,technology_strict,False,True,review_high_roa_supports_follow_up,0.25,0.7133272004715273,watch,technology,not_applicable,5,usable,31.6672,10.28807530977,20.802857142857142,7.6371627789,weak_history,0.6245222151989743,0.9506804645793346,pe,"2023,2024",0.6245222151989743,0.9506804645793346,0.9539092523581726,watch_refine
002758,"ZJAMP Group Co., Ltd. Class A",8.88,4586214093.0,7.596885961160066,0.8730490352709844,12.1843945544893,2.5857623415134,21351970.0,,10037275477.0,23.80296546416023,46.58411767215668,49.22762670751948,3.73303167420814,10950117.766666668,Retail Trade,Specialty Stores,SZSE:002758,A,97237045.76800002,0.6234931023602661,11.492196141083936,0.6610473636106537,1.0,0.6234931023602661,5.681024283232217,stable_or_general,True,False,not_triggered,0.1,0.7234931023602661,watch,stable,not_applicable,3,usable,9.346666666666666,4.3994629053,8.475,3.9999445859,weak_history,0.8127909373566404,0.8963877240306862,pe,"2023,2024",0.8127909373566404,0.8963877240306862,0.9587691700273656,watch_refine
688330,Shanghai Holystar Information Technology Co. Ltd. Class A,36.78,5126799850.0,6.148753698781283,1.1057729888340375,19.6600008354715,17.2006876447746,708389560.0,,173673077.46,-26.799418078299393,268.41837862336365,268.99019184504346,1.25614418350628,1500518.8666666665,Electronic Technology,Electronic Equipment/Instruments,SSE:688330,A,55189083.91599999,0.3127544983460739,17.983693005189135,0.3419071765185871,1.0,0.3127544983460739,8.52648911010162,technology_strict,True,False,not_triggered,0.08,0.3927544983460739,watch,technology,not_applicable,5,usable,10.3294,9.160259947496,5.7714285714285705,4.990380101071428,weak_history,0.5952672661317485,1.06537811612547,pe,"2023,2024",0.5952672661317485,1.06537811612547,1.0038282336282953,watch_refine
576,Zhejiang Expressway Co. Ltd. Class H,6.15,36772118929.0,6.345439537763104,0.6247828498631574,10.6114435683766,1.7202080651227205,,,137433054236.67702,21.405742195705873,-3.333662402974825,-3.40841140123581,7.35024630541872,8107673.99999999,Transportation,Other Transportation,HKEX:576,HK,49862195.09999994,0.5979808022231103,9.84617135101418,0.6444575573133317,0.8,0.7474760027788879,7.211763530864235,stable_or_general,False,False,not_triggered,0.4499999999999999,1.1974760027788878,watch,stable,not_applicable,3,usable,12.943930717716999,2.4419846731083332,10.6114435683766,1.7202080651227205,current_ttm,0.49022508511095375,0.5979808022231103,pe,"2024,2025",0.6127813563886921,0.7474760027788879,1.0168634119032998,watch_refine
