name,description,close,market_cap_basic,price_earnings_ttm,price_book_fq,return_on_equity,return_on_assets,free_cash_flow_ttm,cash_n_short_term_inv,total_debt,total_revenue_yoy_growth_ttm,net_income_yoy_growth_ttm,earnings_per_share_diluted_yoy_growth_ttm,dividends_yield_current,average_volume_30d_calc,sector,industry,symbol,market,traded_value_30d,quick_pr_roe,implied_roe_from_pe_pb,quick_pr_pe_pb,market_pr_factor,market_normalized_quick_pr,pr_path_gap_percent,model,fcf_positive,extreme_roe_review_required,roe_reliability_precheck,rank_penalty,screen_rank,stage1_tier
300972,"Fujian Wanchen Food Group Co., Ltd. Class A",181.12,35741052904.0,17.386296004761263,13.257491192537392,96.4764954942345,22.1421155552169,4077275010.0,,1738164366.96,44.81447487802455,172.58301461960758,155.20958377226293,0.545057972614841,1987521.6666666667,Process Industries,Agricultural Commodities/Milling,SZSE:300972,A,359979924.2666667,0.1802127649402468,76.25253354082324,0.2280094207683365,1.0,0.1802127649402468,20.962579382477532,cyclical,True,True,review_high_roa_supports_follow_up,0.0,0.1802127649402468,priority
600961,"Zhuzhou Smelter Group Co., Ltd. Class A",24.3,26070808288.0,10.479106472896632,4.44859402460457,53.679940778415,27.0892523869734,2803095330.0,,1335391190.83,23.464480803310217,148.52706859556076,148.54233654876742,0.0,50519595.666666664,Non-Energy Minerals,Other Metals/Minerals,SSE:600961,A,1227626174.7,0.1952145684391354,42.45203573520797,0.2468457941159625,1.0,0.1952145684391354,20.91638865540968,cyclical,True,True,review_high_roa_supports_follow_up,0.0,0.1952145684391354,priority
300475,"Shannon Semiconductor Technology Co., Ltd. Class A",167.65,78718676310.0,19.60887516521048,11.026297373945711,77.9614056590267,19.9506304444328,7672637730.0,,15196569807.19,133.214121466672,1416.8762174718536,1383.550234252993,0.0698938264240978,29552474.30000002,Producer Manufacturing,Electrical Products,SZSE:300475,A,4954472316.395003,0.2515202874993324,56.231156968698855,0.3487190415826902,1.0,0.2515202874993324,27.873084773981148,cyclical,True,True,review_high_roa_supports_follow_up,0.0,0.2515202874993324,priority
600066,"Yutong Bus Co., Ltd. Class A",26.67,57739143739.0,10.762277551349824,4.550286035040785,41.9633760115753,17.8256609207609,6742100450.0,,244309885.36999995,13.520491965018078,25.31845967123254,25.32112875493071,9.37382827146607,19128972.29999998,Consumer Durables,Motor Vehicles,SSE:600066,A,510169691.24099946,0.2564683439287899,42.27995434358669,0.2545479936872808,1.0,0.2564683439287899,0.7544157837159338,cyclical,True,True,review_high_roa_supports_follow_up,0.0,0.2564683439287899,priority
000807,Yunnan Aluminium Co. Ltd. Class A,27.29,94640563883.0,8.626793955870266,2.4800298076136644,31.873035672668497,23.0309853020037,12728817110.0,,2188432237.63,11.9986366276838,135.39154029176737,135.38953791204702,2.56137779406376,77991675.43333355,Non-Energy Minerals,Aluminum,SZSE:000807,A,2128392822.5756724,0.2706611960174174,28.747989349230732,0.3000833850003186,1.0,0.2706611960174174,9.804671119285736,cyclical,True,False,not_triggered,0.0,0.2706611960174174,priority
000612,"Jiaozuo Wanfang Aluminum Manufacturing Co., Ltd. Class A",10.61,12649234597.0,7.165045921123717,1.5624723879761786,23.9851342465253,20.5343293820202,1793464910.0,,299027706.75,11.182665610819305,130.76432822633265,130.76203833567084,3.0631479736098,35970062.999999985,Non-Energy Minerals,Aluminum,SZSE:000612,A,381642368.4299998,0.2987286144609222,21.806871933224553,0.3285682578897151,1.0,0.2987286144609222,9.08171824644386,cyclical,True,False,not_triggered,0.0,0.2987286144609222,priority
002611,"Guangdong Dongfang Precision Science & Technology Co., Ltd. Class A",13.96,16695538351.0,4.020158387329014,1.7652630128082731,56.30350236235601,41.1593284611644,841444720.0,,383526407.31,-0.3179942177376986,468.563774839886,466.75371307328214,1.73352435530086,21866826.03333352,Producer Manufacturing,Industrial Machinery,SZSE:002611,A,305260891.42533594,0.0714015686174587,43.91028518607972,0.0915539120343374,1.0,0.0714015686174587,22.011449832226205,cyclical,True,True,review_high_roa_supports_follow_up,0.2299999999999999,0.3014015686174587,priority
000933,Henan Shenhuo Coal Industary and Electricity Power Corporation Limited Class A,27.15,60530367362.0,8.811216045175737,2.1908765927229004,27.513984105269103,11.91854215424,10772467400.0,,14555494887.87,12.741427207519704,75.24903223916701,76.54844439351402,2.94659300184162,48092689.83333323,Non-Energy Minerals,Aluminum,SZSE:000933,A,1305716528.9749973,0.3202450074647071,24.864633683819793,0.354367418286539,1.0,0.3202450074647071,9.629105008249027,cyclical,True,False,not_triggered,0.0,0.3202450074647071,priority
601899,"Zijin Mining Group Co., Ltd. Class A",32.26,840103507840.571,13.094126719974025,4.224641998913064,39.5141698448175,13.733808590563,69114516800.0,,173229052074.0,17.01668940250069,68.05463320035699,65.79407806191115,2.47985120892746,257392438.4999999,Non-Energy Minerals,Precious Metals,SSE:601899,A,8303480066.009997,0.3313780036730643,32.26364070899602,0.4058477726700883,1.0,0.3313780036730643,18.34918755549265,cyclical,True,False,not_triggered,0.0,0.3313780036730643,priority
002259,"Sichuan Shengda Forestry Industry Co., Ltd. Class A",4.21,3167301949.0,15.28130671506352,6.728464120185392,56.11051975671361,25.3731596909565,14477040.0,,37482650.82,-0.8106703553605343,198.32393132357865,198.4832069339112,0.0,15845246.866666676,Utilities,Gas Distributors,SZSE:002259,A,66708489.308666706,0.2723429898942455,44.03068563209206,0.3470603851765969,1.0,0.2723429898942455,21.528644141950227,cyclical,True,True,review_high_roa_supports_follow_up,0.08,0.3523429898942455,priority
600989,"Ningxia Baofeng Energy Group Co., Ltd. Class A",23.97,175780630887.0,11.318349230333364,3.149339387632832,30.7483014005767,16.6197878112591,12334037720.0,,27734987593.34,42.437252840155466,75.53613281422017,76.6157951797181,3.22110972048394,72258253.76666667,Process Industries,Chemicals: Specialty,SSE:600989,A,1732030342.787,0.3680967310318183,27.825076992610818,0.4067679393425955,1.0,0.3680967310318183,9.506945993156757,cyclical,True,False,not_triggered,0.0,0.3680967310318183,priority
002170,"Shenzhen Batian Ecological Technique Co., Ltd. Class A",11.4,11078870174.0,10.441472797215608,2.876884485517158,28.1424419779659,17.0547011318505,1261128780.0,,1310188461.02,19.7079912720043,48.02381165345126,43.41258373834233,6.40350877192982,20750959.83333335,Process Industries,Chemicals: Agricultural,SZSE:002170,A,236560942.1000002,0.3710222732409202,27.55247790603187,0.3789667424043094,1.0,0.3710222732409202,2.096349962792654,cyclical,True,False,not_triggered,0.0,0.3710222732409202,priority
002532,"Tianshan Aluminum Group Co., Ltd. Class A",13.22,61191908404.0,8.779969449425517,1.8897403679704736,23.0433108774827,12.9169761426576,7289359630.0,,13565658503.74,6.929436125348134,54.74782417100479,55.43511923196037,6.42965204236006,85383710.3,Non-Energy Minerals,Aluminum,SZSE:002532,A,1128772650.166,0.3810203098030095,21.52331370690727,0.4079283315286086,1.0,0.3810203098030095,6.596262050436186,cyclical,True,False,not_triggered,0.0,0.3810203098030095,priority
000792,"Qinghai Salt Lake Industry Co., Ltd. Class A",25.45,130131905732.0,11.103355001963264,2.820241465860672,27.9376308241854,21.9258337946868,9003523450.0,,1302593856.42,48.33508368601865,144.2435505117396,145.43312988542672,0.0,59238040.66666678,Process Industries,Chemicals: Agricultural,SZSE:000792,A,1507608134.9666696,0.3974336647168797,25.399903590959713,0.4371416199357208,1.0,0.3974336647168797,9.083544876070135,cyclical,True,False,not_triggered,0.0,0.3974336647168797,priority
002452,Changgao Electric Group Co. Ltd. Class A,11.81,7326122270.0,9.255485893416928,2.2898735625275086,29.1200158245745,19.9528230653176,508858620.0,,784437167.3299999,-3.3616748074005285,246.7307620194464,228.0205655526992,1.01608806096528,14245241.466666669,Producer Manufacturing,Electrical Products,SZSE:002452,A,168236301.72133335,0.3178393153758586,24.740716899111774,0.3740993412260099,1.0,0.3178393153758586,15.038793082547077,cyclical,True,False,not_triggered,0.08,0.3978393153758586,priority
002648,Satellite Chemical Co. Ltd. Class A,27.22,91636243903.0,10.390106114970608,2.4013818973563623,25.4290158398774,11.7413070343298,12548159240.0,,26766214478.33,7.268363633239024,30.09342090629934,30.481123617890233,1.83688464364438,46826031.733333275,Process Industries,Chemicals: Specialty,SZSE:002648,A,1274604583.7813318,0.4085925377684888,23.112197996672297,0.4495507574167796,1.0,0.4085925377684888,9.110922175650648,cyclical,True,False,not_triggered,0.0,0.4085925377684888,priority
603271,"Yong Jie New Material Co., Ltd. Class A",38.41,7610365042.0,10.171062387458957,2.2446682554468707,24.2975812058612,12.3066832678416,284932410.0,,3283407452.18,46.01093684339146,110.22879275763552,110.04505256132155,1.65321530851341,1874095.066666667,Non-Energy Minerals,Aluminum,SSE:603271,A,71983991.51066665,0.4186039055198397,22.06916219700485,0.4608721571152047,1.0,0.4186039055198397,9.171361502925224,cyclical,True,False,not_triggered,0.0,0.4186039055198397,priority
002192,"YOUNGY Co., Ltd. Class A",60.94,15823388287.0,13.241780926098954,3.479625292205159,30.0705631930238,22.6263822190295,327076840.0,,181821355.69,235.61857431040752,787.3280335611763,787.2373240794293,0.36101083032491,18698779.8,Non-Energy Minerals,Construction Materials,SZSE:002192,A,1139503641.012,0.4403569311655251,26.277623165830924,0.5039185181450271,1.0,0.4403569311655251,12.613465211296138,cyclical,True,False,not_triggered,0.0,0.4403569311655251,priority
603929,L&K Engineering (Suzhou) Co. Ltd. Class A,154.69,33004659014.999996,27.015840304580937,13.822924662424503,58.129510362181,23.864481822664,651890620.0,,100000000.0,36.96383351506071,118.35483462858312,118.35411661518512,1.71310362660805,5420514.6,Industrial Services,Engineering & Construction,SSE:603929,A,838499403.474,0.4647525867026297,51.16599930478794,0.5280037656188782,1.0,0.4647525867026297,11.979304511609158,cyclical,True,True,review_high_roa_supports_follow_up,0.0,0.4647525867026297,priority
601168,"Western Mining Co., Ltd. Class A",37.59,89576970364.0,15.073381987328576,3.9954252964947825,30.460052959274105,9.75410895926303,2120189210.0,,27382869773.0,22.663573583015783,86.86095948710813,86.85748538888055,0.266028198989093,69331848.46666667,Non-Energy Minerals,Other Metals/Minerals,SSE:601168,A,2606184183.8620005,0.494857379515462,26.506495356208266,0.5686674826213168,1.0,0.494857379515462,12.9794836809767,cyclical,True,False,not_triggered,0.0,0.494857379515462,priority
603699,"Neway Valve (Suzhou) Co., Ltd. Class A",43.51,33421433482.0,19.51296080365952,7.152509049543167,38.8883876414937,17.4444279506344,1573137160.0,,3193140855.02,21.40327638874775,30.1755512486392,28.800831792975966,3.70029878188922,6015495.266666667,Producer Manufacturing,Industrial Machinery,SSE:603699,A,261734199.05266663,0.5017683166385457,36.65517048648898,0.5323385635555005,1.0,0.5017683166385457,5.74263241662889,cyclical,True,False,not_triggered,0.0,0.5017683166385457,priority
000680,"Shantui Construction Machinery Co., Ltd. Class A",10.08,14875888423.0,11.359026369168358,2.244588937383094,21.4434151999867,6.93590546836669,836746270.0,,8034504666.48,11.116084280608892,10.18209492037202,10.167597765363125,1.33928571428571,19753345.4,Producer Manufacturing,Trucks/Construction/Farm Machinery,SZSE:000680,A,199113721.632,0.5297209545788865,19.760399038033302,0.5748379041994734,1.0,0.5297209545788865,7.848638597243762,cyclical,True,False,not_triggered,0.0,0.5297209545788865,priority
600595,"Henan Zhongfu Industrial Co., Ltd Class A",6.16,24688694369.0,8.846761453396525,1.3493768989303558,16.1794090666393,10.9069032804081,875924610.0,,6164055575.2,20.1252912445122,188.36570335332547,186.77924217462933,2.84090909090909,111912505.0,Non-Energy Minerals,Aluminum,SSE:600595,A,689381030.8000001,0.5467913826122284,15.252778161123484,0.5800098421378268,1.0,0.5467913826122284,5.727223421444072,cyclical,True,False,not_triggered,0.0,0.5467913826122284,priority
603379,Zhejiang Sanmei Chemical Industry Co. Ltd. Class A,53.11,32422543512.0,15.187303402916786,3.821938401377654,27.2616295136415,22.2513768450776,868305290.0,,842511318.5500001,33.654817496891816,53.79035407704193,53.33684118214504,2.86198456034645,7335080.2,Process Industries,Chemicals: Specialty,SSE:603379,A,389566109.422,0.5570944831202105,25.165352268156006,0.6035005288654216,1.0,0.5570944831202105,7.689478886199863,cyclical,True,False,not_triggered,0.0,0.5570944831202105,priority
000651,"Gree Electric Appliances, Inc. of Zhuhai Class A",38.74,206552855170.0,7.743508764916348,1.4569463697815634,19.6322235112199,6.96422965064431,44372749650.0,,106263968359.09,-12.915115176127786,-14.148026898616642,-15.137482401234871,7.74393391843056,42839776.19999998,Producer Manufacturing,Industrial Machinery,SZSE:000651,A,1659612929.9879994,0.3944285149611759,18.815067097006153,0.4115589237600163,1.0,0.3944285149611759,4.162322284822895,cyclical,True,False,not_triggered,0.18,0.5744285149611759,priority
000408,Zangge Mining Company Limited Class A,72.65,113125817983.0,19.980748074807483,6.606893905015328,34.5700013115776,32.0604664167637,4602940530.0,,313889017.28000003,25.138394447726437,84.55611929547764,82.75948730836895,1.37646249139711,14703619.2,Producer Manufacturing,Electrical Products,SZSE:000408,A,1068217934.88,0.5779793843431492,33.06629902083376,0.6042632125905112,1.0,0.5779793843431492,4.349731656620581,cyclical,True,False,not_triggered,0.0,0.5779793843431492,priority
601717,ZCZL Industrial Technology Group Company Limited Class A,14.07,23667506755.951168,7.30871123577996,1.0605213212271596,14.8006840965094,6.72909152590591,1410049700.0,,11945135810.06,5.503017541284894,-21.128874412482613,-20.49969027462317,8.88415067519545,18288869.9,Producer Manufacturing,Auto Parts: OEM,SSE:601717,A,257324399.49299997,0.4938090150511117,14.510373813037704,0.503688694030268,1.0,0.4938090150511117,1.9614653051081896,cyclical,True,False,not_triggered,0.1,0.5938090150511117,priority
605117,"Ningbo Deye Technology Co., Ltd. Class A",85.5,108861246826.0,24.923480542195016,9.477926961210336,41.8470660899571,20.0431218379796,5497295390.0,,6684821507.4,44.70984142649557,34.47293187612156,33.544845842416684,1.99976374269006,14602762.89999999,Producer Manufacturing,Electrical Products,SSE:605117,A,1248536227.949999,0.5955848968866282,38.02810343910182,0.6553963592243685,1.0,0.5955848968866282,9.125998564978966,cyclical,True,True,review_high_roa_supports_follow_up,0.0,0.5955848968866282,priority
601872,"China Merchants Energy Shipping Co., Ltd. Class A",20.0,161490771484.0,14.887598630340928,3.447883516703272,24.850409315428,12.8631757317965,4040560490.0,,30327857502.23,40.137667032856875,129.07781118821063,130.03424657534245,1.6,115690638.16666652,Transportation,Marine Shipping,SSE:601872,A,2313812763.33333,0.5990886685756998,23.159433581695875,0.642830861032257,1.0,0.5990886685756998,6.804619240948706,cyclical,True,False,not_triggered,0.0,0.5990886685756998,priority
601225,"Shaanxi Coal Industry Co., Ltd. Class A",26.05,252554742603.0,12.381178707224334,2.497107477231269,21.4608442934815,8.42614506650608,24770619580.0,,27281909185.72,-10.316478099847764,4.919085902995427,4.9167248429241175,3.63915547024952,39677875.233333334,Energy Minerals,Coal,SSE:601225,A,1033608649.8283334,0.5769194602928546,20.168576322819924,0.613884614811187,1.0,0.5769194602928546,6.0215150577933585,cyclical,True,False,not_triggered,0.08,0.6569194602928545,priority
000672,"Gansu Shangfeng Materials Co., Ltd. Class A",14.76,14137710908.0,8.072190319934371,1.4371047596792803,18.9189802847209,9.67648347456285,609736480.0,,4647352289.54,-20.076376655564054,149.4405889589032,145.3374480075138,3.2520325203252,18352836.03333334,Non-Energy Minerals,Construction Materials,SZSE:000672,A,270887859.85200006,0.4266715329500887,17.80315754114881,0.4534134072159362,1.0,0.4266715329500887,5.8979010854683045,cyclical,True,False,not_triggered,0.08,0.5066715329500887,watch
600221,"Hainan Airlines Holding Co., Ltd. Class A",1.29,55777266010.0,25.44378698224852,10.14789175582127,54.4380246526789,1.40261894252231,14878676000.0,,118340334000.0,6.501208291967475,,,0.0,196479639.03333297,Transportation,Airlines,SSE:600221,A,253458734.3529995,0.4673899750143934,39.88357457520452,0.6379515189710913,1.0,0.4673899750143934,26.735815949115537,cyclical,True,True,review_possible_equity_or_leverage_distortion,0.1,0.5673899750143934,watch
002468,"STO Express Co., Ltd. Class A",14.41,21777001450.0,11.166214645486246,1.8761481805528977,17.9566726824685,6.60329595610758,1949462640.0,,9912868806.44,24.54704435645155,84.63528498196943,85.71017412577349,0.693962526023595,16252167.99999992,Producer Manufacturing,Building Products,SZSE:002468,A,234193740.8799989,0.621842077479536,16.80200712701953,0.6645762355099654,1.0,0.621842077479536,6.430286812413188,cyclical,True,False,not_triggered,0.0,0.621842077479536,watch
300910,"Xinxiang Richful Lube Additive Co., Ltd. Class A",27.78,10640914436.0,13.404748118123914,2.7505876435444363,21.5292811696563,15.6386595275779,199766970.0,,1322117182.02,14.328445881195028,0.9384254342937052,0.7633587786259457,3.19501079913607,6052445.200000004,Process Industries,Chemicals: Major Diversified,SZSE:300910,A,168136927.6560001,0.6226286893877707,20.519502636722425,0.6532686661778198,1.0,0.6226286893877707,4.690256609018018,cyclical,True,False,not_triggered,0.0,0.6226286893877707,watch
002043,"Dehua TB New Decoration Material Co., Ltd. Class A",11.18,8633742953.0,13.406883319342846,2.7805066092990285,21.3995339759719,11.6527759847516,864199750.0,,62661349.09,6.7916460426424745,11.951226743418204,11.260840560373572,6.90518783542039,13212703.399999952,Non-Energy Minerals,Forest Products,SZSE:002043,A,147718024.01199946,0.6265035179923327,20.739395898877103,0.6464452187861817,1.0,0.6265035179923327,3.0848245472823055,cyclical,True,False,not_triggered,0.0,0.6265035179923327,watch
001395,Yalian Machinery Co Ltd. Class A,28.29,3180291185.0,13.039870938004146,2.5282631038026717,20.6972447107652,11.4080874754737,116701380.0,,126709496.11,17.665803640657813,43.61507870868305,43.618429763008095,2.71908801696713,1799640.966666666,Producer Manufacturing,Industrial Machinery,SZSE:001395,A,50911842.94699998,0.630029316473306,19.388712632378567,0.6725496006489855,1.0,0.630029316473306,6.3222525349281415,cyclical,True,False,not_triggered,0.0,0.630029316473306,watch
000426,"Inner Mongolia Xingye Silver and Tin Mining Co., Ltd. Class A",35.97,60250026794.0,20.137722539469262,5.535097937533565,31.529307369388505,17.9969362270451,2185038910.0,,5047318767.72,64.34806832352513,119.92753109217811,122.63492459179857,0.305810397553517,76514724.8333334,Non-Energy Minerals,Other Metals/Minerals,SZSE:000426,A,2752234652.2550025,0.6386985385863814,27.486216113490283,0.7326480464361056,1.0,0.6386985385863814,12.823279650677064,cyclical,True,False,not_triggered,0.0,0.6386985385863814,watch
300926,"Jiangsu Bojun Industrial Technology Co., Ltd. Class A",16.37,7109920298.0,9.26848601517382,1.9333496315770209,23.2627461300012,8.64004283766324,-248530670.0,,5094418139.22,73.36055499523101,74.34838203849795,60.37410333242532,1.34392180818571,3525414.1000000024,Producer Manufacturing,Auto Parts: OEM,SZSE:300926,A,57711028.81700005,0.3984261343599738,20.85938985517003,0.4443315974017626,1.0,0.3984261343599738,10.331352375167956,cyclical,False,False,not_triggered,0.25,0.6484261343599739,watch
002842,"Guangdong Xianglu Tungsten Co., Ltd. Class A",33.15,10845766365.0,17.85521921792524,6.579835335402888,44.4919883888265,18.1155032655756,-439381510.0,,2114428403.39,131.17533622438836,,,0.416289592760181,37458067.06666649,Producer Manufacturing,Metal Fabrication,SZSE:002842,A,1241734923.259994,0.4013131321954878,36.8510476129985,0.4845240603587929,1.0,0.4013131321954878,17.173745324780555,cyclical,False,True,review_high_roa_supports_follow_up,0.25,0.6513131321954878,watch
601677,"Henan Mingtai Aluminum Industrial Co., Ltd. Class A",16.51,20186663080.0,8.383263938255308,1.009414270708889,12.5838317067767,8.32751221484355,12183450.0,,7390099661.89,15.434869052840098,49.88489754278816,60.8329930583912,1.90793458509994,24405384.666666698,Non-Energy Minerals,Aluminum,SSE:601677,A,402932900.8466672,0.6661932655806829,12.040826558050185,0.6962365829155204,1.0,0.6661932655806829,4.315101801894661,cyclical,True,False,not_triggered,0.0,0.6661932655806829,watch
603195,"Goneo Group Co., Ltd.Class A",38.79,69908611500.0,16.831554282738868,4.605668569963061,27.844662883921306,19.9776811559371,4734890460.0,,1148467472.67,-1.9696129451374973,1.6832950937470084,1.533174729051025,4.89816963134829,3828839.133333341,Producer Manufacturing,Electrical Products,SSE:603195,A,148520669.9820003,0.6044804475782728,27.36329926872099,0.6151142125605822,1.0,0.6044804475782728,1.7287464287393697,cyclical,True,False,not_triggered,0.08,0.6844804475782728,watch
605305,Ficont Industry(Beijing) Co. Ltd. Class A,31.28,6647625880.0,12.502498101442905,2.1358329680294212,18.1215271560325,14.440211090838002,249369740.0,,148705157.79999998,30.722333290846855,21.826115156401805,21.824024930613035,2.39769820971867,4148947.066666663,Producer Manufacturing,Electrical Products,SSE:605305,A,129779064.24533322,0.6899251919439323,17.08324968897957,0.731857130760565,1.0,0.6899251919439323,5.729525211164632,cyclical,True,False,not_triggered,0.0,0.6899251919439323,watch
600938,CNOOC Limited Class A,33.91,1027959309364.745,11.64811761472932,1.882756097303678,16.848115276404,11.9206878430083,132458000000.0,,68088000000.459,6.545842807824571,8.320938169990907,8.327751730296951,3.37637864936597,46661698.833333336,Energy Minerals,Integrated Oil,SSE:600938,A,1582298207.4383333,0.6913602752375905,16.163608229048858,0.7206384521121711,1.0,0.6913602752375905,4.062810801833727,cyclical,True,False,not_triggered,0.0,0.6913602752375905,watch
002709,"Guangzhou Tinci Materials Technology Co., Ltd",32.31,65702364128.0,16.3852122318576,3.2472459715958943,23.6963144175171,13.9988161006046,460423350.0,,4420437398.93,72.35044027201346,668.9922655488155,652.3464326592904,0.773754255648406,51226005.20000006,Process Industries,Chemicals: Specialty,SZSE:002709,A,1655112228.0120022,0.6914666957552315,19.818150205478005,0.8267780828166549,1.0,0.6914666957552315,16.366107166320454,cyclical,True,False,not_triggered,0.0,0.6914666957552315,watch
603979,JCHX MINING MANAGEMENT CO LTD Class A,75.0,46325450134.0,17.784311865692878,3.775083542598798,25.5100825688445,13.549720070423502,2102926750.0,,6573927743.01,26.974128631033462,36.50284465446994,33.034700315457414,0.88,8544842.10000004,Non-Energy Minerals,Precious Metals,SSE:603979,A,640863157.5000031,0.69714834586278,21.22704308779687,0.8378139052215346,1.0,0.69714834586278,16.789594739605086,cyclical,True,False,not_triggered,0.0,0.69714834586278,watch
605099,"CoCreation Grass Co., Ltd. Class A",28.31,11338487408.0,16.33677650181776,3.595491347832989,23.413122948091704,18.2349775733957,375633420.0,,408605096.56,9.815555189636264,22.547368394127652,21.14793064876959,2.93182620981985,1683651.8666666667,Producer Manufacturing,Trucks/Construction/Farm Machinery,SSE:605099,A,47664184.34533333,0.6977615304902883,22.00857278933164,0.7422914996894661,1.0,0.6977615304902883,5.9989868155309045,cyclical,True,False,not_triggered,0.0,0.6977615304902883,watch
002346,"Shanghai Zhezhong Group Co., Ltd. Class A",18.02,7926139106.0,12.74218639513506,2.3503785779035717,20.5867094455301,13.0534387762654,131584900.0,,843073855.48,-1.8645588407713625,61.40374402428851,61.75225895001715,2.77469478357381,9819150.766666668,Producer Manufacturing,Electrical Products,SZSE:002346,A,176941096.81533334,0.6189520685104783,18.445645864990183,0.6907964344756133,1.0,0.6189520685104783,10.400222464910724,cyclical,True,False,not_triggered,0.08,0.6989520685104783,watch
000737,"North Copper Co., Ltd. Class A",14.74,28075519752.0,16.519107923344166,3.552363623218094,23.5560104820715,8.33066127151165,2864600130.0,,9776232714.33,50.22046853563117,165.63035400148615,162.9826112584733,0.949796472184532,96203557.26666668,Non-Energy Minerals,Other Metals/Minerals,SZSE:000737,A,1418040434.1106668,0.7012693399808458,21.504573005410485,0.7681672135125868,1.0,0.7012693399808458,8.708764492282617,cyclical,True,False,not_triggered,0.0,0.7012693399808458,watch
300750,"Contemporary Amperex Technology Co., Limited Class A",330.51,1568350636811.024,17.68861487083153,4.006273598267888,25.2122433470305,8.45905483024545,90573139000.0,,301979824000.0,39.451369595240266,45.63589273448888,40.85015604034433,1.08589755226771,25051784.333333258,Producer Manufacturing,Electrical Products,SZSE:300750,A,8279865240.0099745,0.7015882968984152,22.648882501671856,0.7809928313030818,1.0,0.7015882968984152,10.167127177362268,cyclical,True,False,not_triggered,0.0,0.7015882968984152,watch
301358,"Hunan Yuneng New Energy Battery Material Co., Ltd. Class A",53.45,45311258560.0,10.977613472992402,2.212335352787812,24.0546933963492,9.12824956017612,-4563497120.0,,19540449182.08,110.67804954783249,661.8535593681314,623.5844850646455,0.666043030869972,18987304.6,Producer Manufacturing,Electrical Products,SZSE:301358,A,1014871430.87,0.456360565155176,20.153154036901505,0.544709451081047,1.0,0.456360565155176,16.219451627015292,cyclical,False,False,not_triggered,0.25,0.7063605651551761,watch
603298,"Hangcha Group Co., Ltd. Class A",24.65,32286865589.0,14.132553606237815,2.647821482049596,19.8309304563915,11.7614992246599,1248233510.0,,2854452866.1600003,7.67614405680227,6.930869495954369,6.927415399705737,2.43407707910751,5005839.099999998,Producer Manufacturing,Industrial Machinery,SSE:603298,A,123393933.81499994,0.712652068308923,18.7356195902268,0.7543147179189039,1.0,0.712652068308923,5.523244956021134,cyclical,True,False,not_triggered,0.0,0.712652068308923,watch
002545,"Qingdao East Steel Tower Stock Co., Ltd. Class A",16.84,20950005470.0,12.404242781378905,2.0209511671473024,17.3043803209249,11.626933247531902,2406845040.0,,1156195011.3,32.466621113089985,115.90425853649198,115.90330788804069,1.78147268408551,21316876.733333413,Producer Manufacturing,Building Products,SZSE:002545,A,358976204.1893347,0.716826754343776,16.29241867291673,0.7613506030261036,1.0,0.716826754343776,5.848008592278098,cyclical,True,False,not_triggered,0.0,0.716826754343776,watch
000975,"Shanjin International Gold Co., Ltd. Class A",25.39,70348457412.0,18.569443428655013,4.421665639182331,25.716758584914302,17.1282414306942,3248787720.0,,4668646668.139999,8.03209630993931,40.78483254739956,40.94423255334502,1.89209137455691,54973511.53333334,Non-Energy Minerals,Precious Metals,SZSE:000975,A,1395777457.8313334,0.7220755822449578,23.81151409395038,0.7798514347045582,1.0,0.7220755822449578,7.408571669998709,cyclical,True,False,not_triggered,0.0,0.7220755822449578,watch
603889,Zhejiang Xinao Textiles Inc Class A,6.08,11423337001.0,10.704225352112678,1.5269629510568192,14.7445826532522,7.77351125809824,173144260.0,,2426558041.85,15.4090236012411,23.599298897718366,22.78426286208386,3.40626644736842,11270218.000000002,Process Industries,Textiles,SSE:603889,A,68522925.44000001,0.7259768284965092,14.26504862171502,0.7503812735568341,1.0,0.7259768284965092,3.252272667286449,cyclical,True,False,not_triggered,0.0,0.7259768284965092,watch
600710,Sumec Corporation Limited Class A,11.69,15275899817.0,10.88657105606258,1.812276662868482,17.3249388805669,2.27470489687019,1873992010.0,,14705645088.429998,10.988297834311302,14.661635308469563,14.660971703150036,3.55004277159966,9874888.766666654,Producer Manufacturing,Trucks/Construction/Farm Machinery,SSE:600710,A,115437449.6823332,0.628375726524142,16.64690060383384,0.6539698479100287,1.0,0.628375726524142,3.9136546536022943,cyclical,True,False,not_triggered,0.1,0.728375726524142,watch
000703,"Hengyi Petrochemical Co., Ltd. Class A",17.35,65091044790.0,10.846461615403852,2.0017398407376557,22.2706646298162,5.11034570174203,-1205479970.0,,74771499499.1,7.222869749219651,19477.657174270025,10493.377483443708,0.288184438040346,98176732.56666668,Process Industries,Textiles,SZSE:000703,A,1703366310.0316672,0.4870290939086971,18.45523371322163,0.5877173805516896,1.0,0.4870290939086971,17.132092732815995,cyclical,False,False,not_triggered,0.25,0.7370290939086971,watch
600741,Huayu Automotive Systems Company Limited Class A,15.24,48047514884.0,6.892808683853461,0.722093160441614,10.7866046922559,3.54546107363905,7340110210.0,,29301028738.59,3.9862987316261895,3.8611014011641305,3.861330326944749,6.56167979002625,14303536.566666646,Producer Manufacturing,Auto Parts: OEM,SSE:600741,A,217985897.2759997,0.639015601341362,10.476036599320263,0.6579595840950669,1.0,0.639015601341362,2.8792015819269157,cyclical,True,False,not_triggered,0.1,0.739015601341362,watch
603822,"Zhejiang Jiaao Enprotech Stock Co., Ltd. Class A",62.31,4757380394.0,26.911116869655352,10.542701239372278,41.7474084007722,2.46614770910973,112168680.0,,5020733192.110001,221.02669487503013,,,0.19772107205906,761812.4333333333,Process Industries,Chemicals: Specialty,SSE:603822,A,47468532.721,0.6446176637196377,39.1760077830887,0.6869285155000455,1.0,0.6446176637196377,6.159425737277468,cyclical,True,True,review_possible_equity_or_leverage_distortion,0.1,0.7446176637196377,watch
002801,"Hangzhou Weiguang Electronic Co., Ltd. Class A",26.37,6055396133.0,15.416544869921076,2.9772523020923187,20.6550915238852,16.6730514537892,443104240.0,,52228788.0,4.810862280009364,63.496508458303445,63.49646339132096,1.89609404626469,1198065.233333334,Producer Manufacturing,Electrical Products,SZSE:002801,A,31592980.20300002,0.7463798866295821,19.31205939601407,0.798285907980533,1.0,0.7463798866295821,6.5021843467411795,cyclical,True,False,not_triggered,0.0,0.7463798866295821,watch
603045,Fuda New Material Group Co Ltd Class A,49.1,6543571991.0,16.913537719600413,4.884439726909085,33.4821950741452,10.9003532384736,-838233860.0,,2524489726.62,63.2054242515872,1057.649443404725,1057.4960127591708,0.30142566191446,8761028.666666666,Non-Energy Minerals,Other Metals/Minerals,SSE:603045,A,430166507.5333333,0.5051502054195057,28.878876837509317,0.5856715901649011,1.0,0.5051502054195057,13.748555691889353,cyclical,False,False,not_triggered,0.25,0.7551502054195057,watch
300866,"Anker Innovations Technology Co., Ltd. Class A",127.43,68236324870.192924,22.564365902893368,5.895385702937885,29.7196405553226,14.8299018013264,2441477130.0,,3767346221.94,22.64400116868173,27.852663929499204,,1.88338695754532,3837480.533333337,Producer Manufacturing,Electrical Products,SZSE:300866,A,489010144.3626671,0.7592408751004301,26.12697262714542,0.8636425744729961,1.0,0.7592408751004301,12.088530887476567,cyclical,True,False,not_triggered,0.0,0.7592408751004301,watch
000885,CEVIA Enviro Inc. Class A,11.89,7634310578.0,6.269113149847095,0.7785897637382786,13.0637890301736,3.78907499238582,1216084880.0,,17337991154.28,-4.595831136468567,-1.8129148251902176,-1.8119693518326736,3.24642556770395,4232142.466666638,Consumer Durables,Homebuilding,SZSE:000885,A,50320173.92866633,0.4798847513050956,12.41945623133742,0.5047816130651954,1.0,0.4798847513050956,4.932204564448794,cyclical,True,False,not_triggered,0.28,0.7598847513050957,watch
002911,"Foran Energy Group Co., Ltd. Class A",11.53,14995545933.0,15.90564215753897,3.333516440625533,23.3313270400073,5.41390531777824,2053977580.0,,7283976966.84,-4.498048945800213,20.18610171016226,19.87762526872829,4.50997398091934,5684106.600000002,Utilities,Gas Distributors,SZSE:002911,A,65537749.09800003,0.6817289959660174,20.9580751761444,0.7589266678289056,1.0,0.6817289959660174,10.171954041848451,cyclical,True,False,not_triggered,0.08,0.7617289959660174,watch
600686,Xiamen King Long Motor Group Co. Ltd. Class A,10.82,7758452912.0,12.348778817621548,2.1445361895437016,18.5480272049402,2.24522112574611,1274175400.0,,12052810309.99,7.751622316795633,202.6496438507694,202.65975820379967,2.12569316081331,17505594.766666666,Consumer Durables,Motor Vehicles,SSE:600686,A,189410535.37533337,0.6657731672041378,17.36638271051933,0.7110737465287766,1.0,0.6657731672041378,6.3707287107393595,cyclical,True,False,not_triggered,0.1,0.7657731672041378,watch
002284,"Zhejiang Asia-Pacific Mechanical & Electronic Co., Ltd. Class A",9.74,7189348750.0,12.907500662602702,2.026401472989982,16.8431248363734,7.16976393858066,954516960.0,,2553356233.09,18.693194585763404,80.42398809340132,80.43998087039694,1.02669404517454,29457001.366666663,Producer Manufacturing,Auto Parts: OEM,SZSE:002284,A,286911193.3113333,0.7663364600093945,15.699410179858738,0.8221646873818315,1.0,0.7663364600093945,6.790394701847502,cyclical,True,False,not_triggered,0.0,0.7663364600093945,watch
002884,Guangdong LingXiao Pump Industry Co. Ltd. Class A,15.68,5608461633.0,12.944770081730372,2.4698903356089508,19.4029197809693,17.9249577412534,429715800.0,,0.0,7.510830150727639,-5.6732266458068334,-5.669340394050305,6.37755102040816,2003171.6999999955,Producer Manufacturing,Industrial Machinery,SZSE:002884,A,31409732.25599993,0.6671557800505269,19.080217879611748,0.678439321993412,1.0,0.6671557800505269,1.663161549913028,cyclical,True,False,not_triggered,0.1,0.7671557800505269,watch
000913,"Zhejiang Qianjiang Motorcycle Co., Ltd. Class A",10.84,5706295437.0,7.0435347628330085,1.098173021009144,16.0918143979359,7.662780876021361,-673945550.0,,2033451401.52,-9.860375159773858,35.56555231371415,35.26103005800668,10.1476014760148,4070338.9,Consumer Durables,Motor Vehicles,SZSE:000913,A,44122473.676,0.4377091724185238,15.591220289050488,0.4517628916948593,1.0,0.4377091724185238,3.1108618115159525,cyclical,False,False,not_triggered,0.33,0.7677091724185239,watch
601083,"Shanghai Jinjiang Shipping (Group) Co., Ltd. Class A",12.01,15542381438.0,10.66607460035524,1.6804277045301588,15.9735978637325,12.637928415493798,2124442320.0,,1305431481.83,10.264369592060929,-2.717917608571937,-2.7129773630551317,6.76103247293922,13310401.533333331,Transportation,Marine Shipping,SSE:601083,A,159857922.41533333,0.6677315086648196,15.754884223987998,0.6770011412788003,1.0,0.6677315086648196,1.3692196436288384,cyclical,True,False,not_triggered,0.1,0.7677315086648195,watch
002215,"Shenzhen Noposion Crop Science Co., Ltd. Class A",10.1,9945743565.0,13.409453000531068,2.2130001709049636,17.3976049371066,6.30054875025822,409486120.0,,6135202748.44,9.002232267482508,12.71165774712453,12.501867064973862,2.97029702970297,27308728.733333334,Process Industries,Chemicals: Agricultural,SZSE:002215,A,275818160.20666665,0.7707643120422067,16.50328444282791,0.8125323808715316,1.0,0.7707643120422067,5.140480528852764,cyclical,True,False,not_triggered,0.0,0.7707643120422067,watch
600039,"Sichuan Road & Bridge Co., Ltd. Class A",9.06,77850964485.0,10.2977949533985,1.5613071553018096,15.328140328533102,3.02622515215926,5939115170.0,,78739106241.33,12.905517799386656,11.974568417822402,12.076433121019107,5.43046357615894,19868301.4,Industrial Services,Engineering & Construction,SSE:600039,A,180006810.68400002,0.6718228521322518,15.161567717820445,0.6792038359789658,1.0,0.6718228521322518,1.086711154402642,cyclical,True,False,not_triggered,0.1,0.7718228521322518,watch
002048,"Ningbo Huaxiang Electronic Co., Ltd. Class A",17.53,14237889241.0,9.372827888574026,1.2045245597954026,13.4084834503706,5.67453226305021,1304117170.0,,3450315452.48,-14.665633288940318,3131.5368878416166,3181.2280701754385,1.48317170564746,16321849.833333315,Producer Manufacturing,Office Equipment/Supplies,SZSE:002048,A,286122027.578333,0.6990222215111858,12.851239499060704,0.7293325977824229,1.0,0.6990222215111858,4.1559058738629755,cyclical,True,False,not_triggered,0.08,0.7790222215111857,watch
600988,Chifeng Jilong Gold Mining Group Limited Class A,44.39,79245732669.32869,22.57080388467992,5.841550412487943,28.5956605372724,15.2244275588956,3061423240.0,,793982410.43,42.39394116162256,71.59657192952929,56.07491468931036,0.720883081775175,67994507.03333333,Non-Energy Minerals,Precious Metals,SSE:600988,A,3018276167.2096667,0.7893087084056161,25.881002920117226,0.8720992750684983,1.0,0.7893087084056161,9.493250255984842,cyclical,True,False,not_triggered,0.0,0.7893087084056161,watch
600711,"Chengtun Mining Group Co., Ltd. Class A",11.3,34600675071.0,12.680956121647403,1.9166023558944003,15.8821683145041,5.94816573289037,329506960.0,,23372711706.96,26.99578620359544,39.802309925565446,42.23463687150839,0.884955752212389,121552389.36666656,Non-Energy Minerals,Other Metals/Minerals,SSE:600711,A,1373541999.843332,0.7984398521999514,15.11402087909292,0.8390193597779695,1.0,0.7984398521999514,4.83654007563743,cyclical,True,False,not_triggered,0.0,0.7984398521999514,watch
001337,Sichuan Gold Co. Ltd. Class A,50.61,21256200256.0,30.81653778237837,10.326485057100708,37.9859355103461,24.833400198556603,208066980.0,,500621389.71,105.40191171444351,118.11729850994732,118.10092961487383,0.987947046038332,21431622.066666663,Non-Energy Minerals,Precious Metals,SZSE:001337,A,1084654392.794,0.8112617832983202,33.50955623251629,0.9196343147175214,1.0,0.8112617832983202,11.784307053884714,cyclical,True,False,not_triggered,0.0,0.8112617832983202,watch
600323,"Grandblue Environment Co., Ltd. Class A",29.54,24085354285.0,10.886309194766907,1.586179085740121,15.2757483612876,3.48482386158235,3027897440.0,,34573729922.619995,34.55277424249963,26.88606429267162,26.888005611409856,3.55450236966825,4859380.233333336,Industrial Services,Environmental Services,SSE:600323,A,143546092.09266675,0.7126530849614817,14.570402671482118,0.7471522537996912,1.0,0.7126530849614817,4.617421504487429,cyclical,True,False,not_triggered,0.1,0.8126530849614817,watch
601117,"China National Chemical Engineering Co., Ltd Class A",7.28,44448482062.0,6.831831831831831,0.6313585743784631,9.5359547409422,2.63648340849052,9647175300.0,,28844703365.89,2.5834475907829493,8.892171468450742,8.623853211009187,2.89835164835165,59399046.5,Industrial Services,Engineering & Construction,SSE:601117,A,432425058.52,0.7164287181963713,9.241424407385855,0.7392617772614956,1.0,0.7164287181963713,3.088629734071535,cyclical,True,False,not_triggered,0.1,0.8164287181963713,watch
002895,Guizhou Chanhen Chemical Corp. Class A,31.88,19168339837.0,14.91601553361718,2.610527763879893,18.2110541632459,9.48071662583551,580887120.0,,3818221903.88,33.08635392371207,12.786406552449051,5.347988958990549,5.64617314930991,6520826.166666667,Process Industries,Chemicals: Specialty,SZSE:002895,A,207883938.19333333,0.8190638169492204,17.50150875075438,0.8522702668690918,1.0,0.8190638169492204,3.8962347052020174,cyclical,True,False,not_triggered,0.0,0.8190638169492204,watch
600210,"Shanghai Zijiang Enterprise Group Co., Ltd. Class A",6.25,9479600525.0,8.549931600547195,1.4137904513723945,17.2127855853261,7.94756433445342,-300801320.0,,4269101224.77,-18.03129842165901,19.577448208583515,19.581220350073615,5.6,15613312.133333333,Process Industries,Containers/Packaging,SSE:600210,A,97583200.83333331,0.4967198108733784,16.535693119251526,0.5170591603803422,1.0,0.4967198108733784,3.9336600268337407,cyclical,False,False,not_triggered,0.33,0.8267198108733784,watch
300415,"Yizumi Holdings Co., Ltd. Class A",18.53,8521996966.000001,12.462169614634474,2.578836837424726,21.5072624013792,7.89569167511843,-81484270.0,,3651880309.47,17.737257513192624,4.764350081960911,6.078333452236582,3.2379924446843,5523224.566666666,Producer Manufacturing,Industrial Machinery,SZSE:300415,A,102345351.22033334,0.5794400692221671,20.693321605865226,0.6022314760285876,1.0,0.5794400692221671,3.784492792824179,cyclical,False,False,not_triggered,0.25,0.8294400692221671,watch
600489,"Zhongjin Gold Corp., Ltd. Class A",24.53,118904578953.0,18.027485852869848,3.6590914176182343,21.7055351946967,9.84339186557008,7177052580.0,,20396675895.32,20.664809046540068,52.03793951980218,52.03351955307263,1.86710150835711,97063581.59999996,Non-Energy Minerals,Precious Metals,SSE:600489,A,2380969656.6479993,0.8305478621542809,20.297291854680516,0.8881719779140261,1.0,0.8305478621542809,6.487945712392563,cyclical,True,False,not_triggered,0.0,0.8305478621542809,watch
600346,"Hengli Petrochemical Co., Ltd. Class A",17.27,121565261909.0,10.82487150557854,1.689741206398904,16.621856244646,4.15059736370329,9432164580.0,,166857137449.95,-12.576882788240534,84.83098168980645,84.82391102873031,2.14244354371743,35944395.000000015,Process Industries,Chemicals: Specialty,SSE:600346,A,620759701.6500002,0.6512432393984453,15.609803825644535,0.6934662104974644,1.0,0.6512432393984453,6.088684705882064,cyclical,True,False,not_triggered,0.18,0.8312432393984452,watch
600968,CNOOC Energy Technology & Services Ltd. Class A,3.99,40558770917.0,10.33946618294895,1.360279828993393,13.6601172881403,8.05782840751524,1494941070.0,,4108184042.49,-4.928284211875787,1.4044542418826356,1.392538097740417,3.68421052631579,43443436.63333333,Energy Minerals,Integrated Oil,SSE:600968,A,173339312.167,0.7569090341505094,13.156190125527578,0.78590124377169,1.0,0.7569090341505094,3.689039793605808,cyclical,True,False,not_triggered,0.08,0.8369090341505093,watch
688155,"Shanghai SK Automation Technology Co., Ltd. Class A",49.38,6289029055.0,15.2233560440238,2.5744024732615096,18.1631393593747,6.90449237342302,248142830.0,,1101386295.6,42.83968730520699,66.80961965195323,65.14102433560738,2.02511138112596,2587239.433333337,Producer Manufacturing,Industrial Machinery,SSE:688155,A,127757883.21800016,0.8381456389677722,16.910873435638635,0.9002111039363293,1.0,0.8381456389677722,6.894545590158252,cyclical,True,False,not_triggered,0.0,0.8381456389677722,watch
300274,"Sungrow Power Supply Co., Ltd. Class A",84.4,173442386233.0,15.88765694708507,3.4684608417346254,23.7065878095502,8.94458905523682,14987532840.0,,30518253295.21,-15.1691474087907,-20.464931496750925,-20.366067547107587,1.94312796208531,53476433.166666664,Producer Manufacturing,Electrical Products,SZSE:300274,A,4513410959.266666,0.6701789846231994,21.831166504202425,0.7277511691382479,1.0,0.6701789846231994,7.910971078647866,cyclical,True,False,not_triggered,0.18,0.8501789846231993,watch
301345,"Zhejiang Taotao Vehicles Co., Ltd. Class A",221.19,22553558283.0,23.78335949764521,6.106865592358232,27.9585009015692,16.9831743100366,772459820.0,,1561399759.24,50.917284251034246,71.53416949914502,71.6854347424774,1.356300013563,1086429.5333333334,Consumer Durables,Motor Vehicles,SZSE:301345,A,240307348.478,0.8506664781984197,25.67705202859534,0.9262496127343118,1.0,0.8506664781984197,8.160125898759496,cyclical,True,False,not_triggered,0.0,0.8506664781984197,watch
600887,"Inner Mongolia Yili Industrial Group Co., Ltd. Class A",26.66,165411312673.0,16.658335416145963,3.1396360801419787,18.9200554094607,6.6011234084709605,20124066160.0,,71140643380.20999,0.5862116685498541,24.637569263282067,24.836193447737912,5.17629407351838,59144560.066666864,Process Industries,Agricultural Commodities/Milling,SSE:600887,A,1576793971.3773386,0.8804591242273108,18.847237744408183,0.8838608416816065,1.0,0.8804591242273108,0.3848702526320524,cyclical,True,False,not_triggered,0.0,0.8804591242273108,watch
301219,"Ganzhou Teng Yuan Cobalt New Material Co., Ltd. Class A",41.08,15685496908.0,10.14396128108255,1.564747920557428,16.0117022288419,11.558646614057,-709914430.0,,2104979041.11,58.55246617172373,109.2676404419001,109.69863297431644,3.74503651411896,8552626.333333325,Process Industries,Chemicals: Specialty,SZSE:301219,A,351341889.77333295,0.6335342199163696,15.425412984131976,0.6576135946258022,1.0,0.6335342199163696,3.661629702642366,cyclical,False,False,not_triggered,0.25,0.8835342199163696,watch
688208,Autel Intelligent Technology Corp. Ltd. Class A,25.53,16933969674.0,21.723961878829137,4.421912455486428,24.5331841397616,12.0844328140082,826511540.0,,1745357363.33,16.029984422693747,21.001074997426027,5.988455988455989,4.23031727379554,9327488.166666685,Producer Manufacturing,Auto Parts: OEM,SSE:688208,A,238130772.89500043,0.885492961495386,20.355000069281825,1.067254325958625,1.0,0.885492961495386,17.03074516001403,cyclical,True,False,not_triggered,0.0,0.885492961495386,watch
601799,"Changzhou Xingyu Automotive Lighting Systems Co., Ltd Class A",71.68,20477500400.0,12.815103514856798,1.7877300068785706,14.4497522106803,8.77612928892374,1361623990.0,,3334269734.83,7.623737602877721,4.3728467633979005,4.955622689659054,2.79017857142857,4356016.2,Producer Manufacturing,Auto Parts: OEM,SSE:601799,A,312239241.216,0.8868735828829454,13.950179995081744,0.9186335602389984,1.0,0.8868735828829454,3.4573064528352515,cyclical,True,False,not_triggered,0.0,0.8868735828829454,watch
300390,"Canmax Technologies Co., Ltd. Class A",53.77,44669470544.0,15.672729392561502,3.2549785675067544,23.341809160975,11.942230542721,-918648880.0,,8044119461.77,86.86306229609897,,,1.11586386460852,34448254.23333335,Process Industries,Chemicals: Specialty,SZSE:300390,A,1852282630.1263344,0.6714445004873325,20.76842192561312,0.7546422857113068,1.0,0.6714445004873325,11.024797682196418,cyclical,False,False,not_triggered,0.25,0.9214445004873324,watch
002588,"Stanley Agricultural Group Co., Ltd. Class A",7.82,9007795386.0,9.27859515899383,1.155222284267409,12.9863225894829,6.80343735440556,-357142950.0,,3219121966.98,17.111137315417352,5.227631608190052,5.231614433762024,4.02813299232737,18323468.299999963,Process Industries,Chemicals: Agricultural,SZSE:002588,A,143289522.1059997,0.7144898099565301,12.450400782360258,0.7452446970333481,1.0,0.7144898099565301,4.126817298968543,cyclical,False,False,not_triggered,0.25,0.96448980995653,watch
300881,Shengtak New Material Co. Ltd. Class A,29.31,3224099941.0,14.319914012116472,2.5523310593697803,19.6126645666205,6.18887762696673,-244238940.0,,2205710970.54,16.59563589688623,19.53980793467352,19.528147629058648,3.41180484476288,1289109.766666666,Non-Energy Minerals,Steel,SZSE:300881,A,37783807.260999985,0.7301360793417153,17.82364794376686,0.8034221758248042,1.0,0.7301360793417153,9.121741805029515,cyclical,False,False,not_triggered,0.25,0.9801360793417152,watch
002014,"Huangshan Novel Co., Ltd. Class A",11.33,6587563054.0,15.810773095171644,2.7811597902715866,17.9591313399895,10.6926265416273,194958150.0,,1342942808.75,8.293035157727383,-6.781899613981672,-6.789802289282,4.85436893203884,3840859.5000000033,Process Industries,Containers/Packaging,SZSE:002014,A,43516938.135000035,0.8803751582330644,17.59028336900811,0.8988356107456609,1.0,0.8803751582330644,2.053818550566988,cyclical,True,False,not_triggered,0.1,0.9803751582330644,watch
000498,"SHANDONG HI-SPEED ROAD&BRIDGE GROUP CO., LTD Class A",4.9,7606966029.0,5.216650697327798,0.4194548285670995,11.3957461740887,1.08832527263832,-1801600380.0,,55066286133.45,-8.445834649929514,-17.246270286259545,0.978284239948398,4.53061224489796,9359307.766666668,Industrial Services,Engineering & Construction,SZSE:000498,A,45860608.05666667,0.4577717525149217,8.040692254552582,0.6487812904882869,1.0,0.4577717525149217,29.441283337503044,cyclical,False,False,not_triggered,0.53,0.9877717525149216,watch
600970,Sinoma International Engineering Co. Ltd. Class A,7.72,20240396970.0,8.499394473191677,0.896805768366222,10.7683945070915,3.82607036138764,1679699490.0,,10201080504.46,4.948133332274066,-20.97163567038948,-21.24338853724096,6.21761658031088,16134010.199999996,Industrial Services,Engineering & Construction,SSE:600970,A,124554558.74399996,0.7892907775243952,10.551407764339888,0.8055223210988672,1.0,0.7892907775243952,2.0150333701901,cyclical,True,False,not_triggered,0.2,0.9892907775243952,watch
601919,"COSCO SHIPPING Holdings Co., Ltd. Class A",16.19,241308285213.2544,9.296583405110535,1.0574463096168831,11.4854263239367,5.42187927516125,17033771310.0,,73347921248.41,-8.037463193546355,-46.247029259574354,-44.54174893318897,6.17665225447807,90004734.40000007,Transportation,Marine Shipping,SSE:601919,A,1457176649.936001,0.8094243211273394,11.3745691673737,0.817313013645953,1.0,0.8094243211273394,0.965198447461746,cyclical,True,False,not_triggered,0.18,0.9894243211273396,watch
002372,Zhejiang Weixing New Building Materials Co. Ltd. Class A,8.21,12914641743.0,15.009140767824498,2.735417492678344,18.5149516481746,14.1130969372152,806131920.0,,227052447.15,-13.334275265049106,-2.7269213322115435,-2.720967455095141,5.48112058465286,12072527.69999996,Producer Manufacturing,Miscellaneous Manufacturing,SZSE:002372,A,99115452.41699968,0.8106497415187287,18.225010578502488,0.8235463405178319,1.0,0.8106497415187287,1.565983401856175,cyclical,True,False,not_triggered,0.18,0.9906497415187288,watch
002497,"Sichuan Yahua Industrial Group Co., Ltd. Class A",16.8,19160741610.0,11.168727562824094,1.590969354899807,15.0102671056345,10.8917627702069,-891784490.0,,2751933957.32,64.2439380902253,489.06013868728866,486.4327485380117,0.0,36681672.200000145,Process Industries,Industrial Specialties,SZSE:002497,A,616252092.9600024,0.7440725394308018,14.244857759763628,0.7840532879430747,1.0,0.7440725394308018,5.099238677661888,cyclical,False,False,not_triggered,0.25,0.9940725394308018,watch
002027,Focus Media Information Technology Co Ltd Class A,4.75,68600450928.00001,20.118593816179583,4.903377652985383,22.477009996035903,14.0000460250932,7805567540.0,,2774987867.7000003,2.3236215427533433,-35.99077807024772,-35.98156182212581,7.15789473684211,160379005.76666668,Producer Manufacturing,Miscellaneous Manufacturing,SZSE:002027,A,761800277.3916668,0.8950742923426089,24.372367660417872,0.8254673528847728,1.0,0.8950742923426089,8.432427910635077,cyclical,True,False,not_triggered,0.1,0.9950742923426088,watch
600987,"Zhejiang Hangmin Co., Ltd. Class A",6.32,6423532606.0,8.955646875442824,0.95683203812794,10.9797684456957,6.837527511850759,825109750.0,,43730422.82,-18.956845045692027,-3.45073325404318,-1.051598429613005,5.5379746835443,6051948.233333344,Process Industries,Textiles,SSE:600987,A,38248312.83466674,0.8156498854904016,10.68411976751404,0.838220374754055,1.0,0.8156498854904016,2.6926676973553443,cyclical,True,False,not_triggered,0.18,0.9956498854904016,watch
600803,"ENN Natural Gas Co., Ltd. Class A",19.02,58521592751.0,13.41704288939052,2.4916160134143785,18.7285762349482,3.25098254298807,6873990000.0,,32122430000.0,-4.008617839752536,-0.2244219590367013,-0.4074750597161745,5.99369085173502,8623139.099999987,Utilities,Gas Distributors,SSE:600803,A,164012105.68199974,0.71639417332503,18.57053028715154,0.7224911018654872,1.0,0.71639417332503,0.843875934902838,cyclical,True,False,not_triggered,0.28,0.99639417332503,watch
301031,"Xian Sinofuse Electric Co., Ltd. Class A",89.31,13053045348.0,25.37143831141161,7.4007290517769295,33.9047360372081,15.649379956137702,-57237290.0,,1637957536.69,62.02701269390008,100.12177253744208,103.86285979035156,0.393409469505195,2447023.1333333356,Producer Manufacturing,Electrical Products,SZSE:301031,A,218543636.0380002,0.7483154649417771,29.169528983495656,0.869792526501438,1.0,0.7483154649417771,13.966211235256,cyclical,False,False,not_triggered,0.25,0.9983154649417773,watch
603799,"Zhejiang Huayou Cobalt Co., Ltd. Class A",36.06,67706104783.99999,10.092359361880773,1.3422364130202145,15.356796512010302,4.15500568967287,-10970939330.0,,85420342359.91,45.964334092775914,32.95109304928587,17.625757176718466,1.38657792567942,61645027.86666667,Non-Energy Minerals,Other Metals/Minerals,SSE:603799,A,2222919704.872,0.6571917101322338,13.299530515033904,0.7588507993174858,1.0,0.6571917101322338,13.396452804251467,cyclical,False,False,not_triggered,0.35,1.0071917101322336,watch
000404,"Changhong Huayi Compressor Co., Ltd. Class A",6.91,4830137777.0,9.661633109619688,1.0879336974473706,11.5357951679139,3.1478045280516,844025970.0,,5245263683.410001,-7.609461299145333,1.5476630829217517,3.562119895742826,4.77568740955137,10411203.633333305,Producer Manufacturing,Industrial Machinery,SZSE:000404,A,71941417.10633314,0.8375350783353819,11.260349933637617,0.8580224563677064,1.0,0.8375350783353819,2.387743803239639,cyclical,True,False,not_triggered,0.18,1.0175350783353818,watch
601702,Shanghai Huafon Aluminium Corporation. Class A,15.19,15167679997.0,12.75934481310374,2.26540595358826,19.0188731682643,11.607099482581,-231598930.0,,3673919502.25,8.797728635708284,-3.343268451859654,-3.344970366160601,1.97498354180382,9458453.533333331,Non-Energy Minerals,Aluminum,SSE:601702,A,143673909.1713333,0.6708780641323443,17.754876812026485,0.7186388814852852,1.0,0.6708780641323443,6.646010754974552,cyclical,False,False,not_triggered,0.35,1.0208780641323445,watch
002206,"Zhejiang Hailide New Material Co., Ltd. Class A",5.08,5725515073.0,11.118406653534691,1.414919603042634,13.1252700542183,6.934364152269161,283338030.0,,2792139007.25,-6.65966886179314,-0.6558009482693793,0.9500662836942046,3.93700787401575,9120770.733333346,Process Industries,Textiles,SZSE:002206,A,46333515.325333394,0.8470992678707874,12.72592060295629,0.8736819127216491,1.0,0.8470992678707874,3.042599882610919,cyclical,True,False,not_triggered,0.18,1.027099267870787,watch
600853,"Longjian Road & Bridge Co., Ltd. Class A",3.33,3375617711.0,8.536272750576776,0.9266138524597008,11.3357566168583,1.09785369084861,334606750.0,,17336358326.4,-4.907638387767691,-5.108310373508076,-1.7875125881168166,1.17117117117117,9268169.166666657,Industrial Services,Engineering & Construction,SSE:600853,A,30863003.32499996,0.7530395225565985,10.855016932268146,0.7863896301443289,1.0,0.7530395225565985,4.240913957831516,cyclical,True,False,not_triggered,0.28,1.0330395225565985,watch
000902,"YONFER Agricultural Technology Co., Ltd. Class A",14.18,17085972575.0,11.240586603250096,1.420801821191389,13.7390509745993,8.09726991692517,-79672690.0,,3162139831.21,20.63001863795074,6.094079951293916,5.874947545111209,2.11565585331453,14072627.533333335,Process Industries,Chemicals: Agricultural,SZSE:000902,A,199549858.42266673,0.8181486933873122,12.639925933941733,0.8892921257604826,1.0,0.8181486933873122,8.000007006958676,cyclical,False,False,not_triggered,0.25,1.0681486933873123,watch
000833,"Guangxi Yuegui Guangye Holdings Co., Ltd. Class A",20.96,17923251629.0,18.507726269315672,3.770177464555655,22.2844700805979,12.685630436828902,-646881790.0,,2476836895.42,44.35329441393146,140.64133292726802,140.6502337441564,0.858778625954198,28127003.466666635,Process Industries,Agricultural Commodities/Milling,SZSE:000833,A,589541992.6613327,0.8305212644670213,20.370830050616796,0.9085406055289972,1.0,0.8305212644670213,8.587325716339233,cyclical,False,False,not_triggered,0.25,1.0805212644670212,watch
002266,"Zhefu Holding Group Co., Ltd. Class A",4.79,25216485347.0,12.970484700785269,1.8911428187898267,15.4788715125458,6.80914074621428,-11610036890.0,,13243060493.65,22.438470645163132,81.14029492307044,81.20706575073602,1.25260960334029,70835577.66666673,Producer Manufacturing,Electrical Products,SZSE:002266,A,339302417.02333367,0.8379476947187361,14.580355803321147,0.8895862951321681,1.0,0.8379476947187361,5.804788214027057,cyclical,False,False,not_triggered,0.25,1.087947694718736,watch
000981,Sensteed Hi-Tech Group Class A,2.59,25870599987.0,30.83333333333333,8.964108953725814,40.5974537864239,10.2352052250507,-157135180.0,,1760563978.87,-35.968523742718894,,,0.0,286686170.6666664,Producer Manufacturing,Auto Parts: OEM,SZSE:000981,A,742517182.0266659,0.7594893388029235,29.07278579586751,1.0605565476190475,1.0,0.7594893388029235,28.387662071581264,cyclical,False,True,review_high_roa_supports_follow_up,0.33,1.0894893388029234,watch
300551,"Shanghai Guao Electronic Technology Co., Ltd. Class A",11.42,4017675896.0,23.08469779664443,6.054244332760778,29.799528797011405,23.8257920031881,-23732140.0,,3320610.6100000003,-46.655175865499515,,,0.0,13651346.266666668,Producer Manufacturing,Industrial Machinery,SZSE:300551,A,155898374.36533335,0.7746665376453736,26.22622304217826,0.8802143472782384,1.0,0.7746665376453736,11.991148515044692,cyclical,False,False,not_triggered,0.33,1.1046665376453737,watch
601918,China Coal Xinji Energy Co Ltd. Class A,10.4,26941633191.0,11.073253833049405,1.4821190882687425,14.0616212433098,4.53314942632084,-3423865180.0,,26027253884.34,15.31839270660599,13.827115943939845,13.82862683311115,1.15384615384615,42083485.566666774,Energy Minerals,Coal,SSE:601918,A,437668249.8933345,0.7874805928454236,13.384675458673108,0.8273083547852532,1.0,0.7874805928454236,4.814137523144901,cyclical,False,False,not_triggered,0.35,1.1374805928454237,watch
603071,"ZJMI Environmental Energy Co., Ltd. Class A",12.4,6918635188.0,9.916033586565376,1.1647435873351042,12.2117223609366,5.13808421697407,-548462620.0,,4468652040.400001,-16.5639997764923,2.4236341088339284,2.4244409861577396,3.79032258064516,3910388.3333333335,Process Industries,Industrial Specialties,SSE:603071,A,48488815.333333336,0.8120094195954883,11.746063354536677,0.8442005876577799,1.0,0.8120094195954883,3.8132131785889256,cyclical,False,False,not_triggered,0.33,1.1420094195954884,watch
601233,"Tongkun Group Co., Ltd. Class A",23.41,55692423929.0,10.77510816533186,1.30672328948191,12.8637249569329,4.3961467044532,-672976890.0,,68009559783.13,5.339115194801705,318.29272944985667,316.92573402417963,0.512601452370782,45476884.133333325,Process Industries,Textiles,SSE:601233,A,1064613857.5613332,0.8376351485597193,12.127240575516437,0.8885045281517394,1.0,0.8376351485597193,5.72528084891567,cyclical,False,False,not_triggered,0.35,1.1876351485597194,watch
300815,EIT Environmental Development Group Co. Ltd. Class A,14.51,5783570164.0,10.62225475841874,1.2287914907671265,12.0869141740906,5.25107657020773,-166967240.0,,3066169323.45,4.814690368348446,-4.266775754360654,-4.267993552456371,2.38456237077877,5434591.633333331,Industrial Services,Environmental Services,SZSE:300815,A,78855924.59966663,0.878822717314276,11.568085295574742,0.9182379354068368,1.0,0.878822717314276,4.292484177872424,cyclical,False,False,not_triggered,0.35,1.228822717314276,watch
002533,"Goldcup Electric Apparatus Co., Ltd. Class A",10.93,7878608492.0,12.813599062133646,1.7822143809862347,14.4917408305879,4.88176265722286,-422939450.0,,7062754475.24,19.87662232539051,5.311050672604933,4.984615384615383,4.11710887465691,7595978.533333333,Producer Manufacturing,Electrical Products,SZSE:002533,A,83024045.36933333,0.884200125569995,13.908772799462565,0.921260218056676,1.0,0.884200125569995,4.02276053609002,cyclical,False,False,not_triggered,0.35,1.234200125569995,watch
603529,Aima Technology Group Co. Ltd. Class A,21.29,18146427805.0,13.058946206219712,1.825487196723898,14.956208650954904,5.9621564990567,-1645547040.0,,7839952503.860001,-2.256683229582355,-33.91038979672714,-35.13825343147006,5.50493189290747,5491679.266666665,Consumer Durables,Motor Vehicles,SSE:603529,A,116917851.58733328,0.8731454950239641,13.978824691493523,0.9341948621879792,1.0,0.8731454950239641,6.5349714106788355,cyclical,False,False,not_triggered,0.43,1.3031454950239645,watch
3858,Jiaxin International Resources Investment Limited,55.1,25109069977.0,13.58213370143956,7.964810282844724,118.1392138725,50.28384587703359,1670982000.0,,1023178000.0,2781.4951746851075,,,0.0,2989911.566666667,Non-Energy Minerals,Other Metals/Minerals,HKEX:3858,HK,164744127.32333335,0.1149671921475444,58.64181915688652,0.2316117388020109,0.8,0.1437089901844306,50.36210481290756,cyclical,True,True,review_high_roa_supports_follow_up,0.1,0.2437089901844306,priority
293,Cathay Pacific Airways Limited,13.88,84406056360.0,6.721875151339048,1.4548259763999556,24.4729739587133,7.604153386313091,18735000000.0,,63495000000.0,19.657853239942792,35.20048357848076,46.43642294872706,6.05187319884726,24273846.0,Transportation,Airlines,HKEX:293,HK,336920982.48,0.2746652353195434,21.64315676273969,0.3105773905824708,0.8,0.3433315441494293,11.5630294901944,cyclical,True,False,not_triggered,0.0,0.3433315441494293,priority
2899,"Zijin Mining Group Co., Ltd. Class H",34.82,982449254384.0,12.610915939299556,3.9454838826643464,39.1507265999703,13.6355337072611,78511100060.0,,200204982435.363,21.19913774481032,74.52429440303759,72.19207982538198,2.64419299253303,56223547.966666594,Non-Energy Minerals,Precious Metals,HKEX:2899,HK,1957703940.1993308,0.3221119257416061,31.286259472787265,0.4030816132004693,0.8,0.4026399071770076,20.087665824288948,cyclical,True,False,not_triggered,0.0,0.4026399071770076,priority
1308,"SITC International Holdings Co., Ltd.",45.36,122994926264.0,12.357316043261504,5.538292481914471,46.8477884433946,36.305923077423,10141048770.0,,2567518538.2,5.186015981809692,-2.638012178355432,-3.1426460499234783,5.0705467372134,5720660.6,Transportation,Marine Shipping,HKEX:1308,HK,259489164.816,0.2637758676312467,44.817923750801256,0.2757226352557347,0.8,0.3297198345390584,4.332893312660846,cyclical,True,True,review_high_roa_supports_follow_up,0.1,0.4297198345390584,priority
1585,Yadea Group Holdings Ltd.,8.56,25562324241.0,9.510054438395734,2.1953390080453024,25.0412255172972,8.03549668944405,2997915420.0,,9026682180.3652,13.191990450510808,35.52397569544348,35.069027611044426,6.19158878504673,11317676.466666669,Consumer Durables,Motor Vehicles,HKEX:1585,HK,96879310.55466668,0.3797759191868095,23.084400013336175,0.4119688808416786,0.8,0.4747198989835119,7.814415882359072,cyclical,True,False,not_triggered,0.0,0.4747198989835119,priority
2510,T.S. Lines Limited,13.63,22694372800.0,7.7899068411727725,1.3232958318608474,17.8216748712375,14.3158259525383,1337693420.0,,1309951716.1,,,,5.72267057960381,4279635.166666667,Transportation,Marine Shipping,HKEX:2510,HK,58331427.32166667,0.4371029601569572,16.98731267063041,0.4585720526967662,0.8,0.5463787001961965,4.681727203730313,cyclical,True,False,not_triggered,0.0,0.5463787001961965,priority
883,CNOOC Limited,24.38,1202135031692.0,7.458622694037385,1.1712397702679005,16.78691704247,11.8794110184119,150297336310.0,,78690939429.304,10.531513069035286,12.717803724573292,12.725454357347305,5.25020508613618,59296472.49999993,Energy Minerals,Integrated Oil,HKEX:883,HK,1445647999.5499983,0.4443116431187137,15.703164220979025,0.4749757812551471,0.8,0.5553895538983922,6.455937196503337,cyclical,True,False,not_triggered,0.0,0.5553895538983922,priority
564,ZCZL Industrial Technology Group Company Limited Class H,12.38,27677689890.0,5.741848708315941,0.7897145736785198,14.7077940194998,6.63634662972856,932796680.0,,13790131779.707998,8.982631507688065,-18.28642253303251,-17.536143195899946,11.5694991922456,1242625.2666666666,Producer Manufacturing,Auto Parts: OEM,HKEX:564,HK,15383700.801333334,0.3903949634257399,13.75366391202146,0.4174777532041662,0.8,0.4879937042821748,6.4872414327624135,cyclical,True,False,not_triggered,0.1,0.5879937042821749,priority
1651,Precision Tsugami (China) Corp. Ltd.,50.25,18522854187.0,15.391919625080408,4.464781536684511,32.192536246929,23.5449019144656,1143151900.0,,91787153.7013983,23.92836897851255,42.602679401505554,46.18277884744549,2.98507462686567,1675818.1333333333,Producer Manufacturing,Industrial Machinery,HKEX:1651,HK,84209861.2,0.4781207515623661,29.007308025500343,0.5306221318968779,0.8,0.5976509394529576,9.894306546699983,cyclical,True,False,not_triggered,0.0,0.5976509394529576,priority
9973,"Chery Automobile Co.,Ltd. Class H",24.94,144866600122.0,6.9476557929632,2.3159239738061013,41.0295361454599,6.77288478031003,,,16952160432.6937,,,,3.94775862068966,2181323.466666667,Consumer Durables,Motor Vehicles,HKEX:9973,HK,54402207.25866667,0.1693330328749522,33.333890492268495,0.2084261899934737,0.8,0.2116662910936902,18.75635548476208,cyclical,False,True,review_possible_equity_or_leverage_distortion,0.25,0.4616662910936902,watch
1179,H World Group Limited,33.84,102239967941.0,19.574271170754283,6.38744858802278,38.0507600511754,7.79155353229896,9040057780.0,,39565057284.7585,13.35011046450848,38.64430062441698,35.125840237611364,4.87757387706856,1983356.6,Consumer Services,Hotels/Resorts/Cruise lines,HKEX:1179,HK,67116787.34400001,0.5144252347240467,32.631859098622286,0.5998515472745685,0.8,0.6430315434050583,14.241242343819415,cyclical,True,False,not_triggered,0.0,0.6430315434050583,watch
2099,China Gold International Resources Corp. Ltd.,266.6,105683910122.0,17.467535020245567,5.121634004883419,33.6205175127488,22.9961853867758,6577560340.0,,3743049675.25,46.106339401700815,163.54051815602756,163.5390406464758,1.02826594148537,2968727.966666667,Non-Energy Minerals,Precious Metals,HKEX:2099,HK,791462875.9133334,0.5195498556386566,29.320874404701307,0.5957371795653141,0.8,0.6494373195483207,12.7887475450581,cyclical,True,False,not_triggered,0.0,0.6494373195483207,watch
1378,China Hongqiao Group Ltd.,22.5,220936464844.0,7.319929728674605,1.4361818244487934,22.442331849913,11.6700120879165,,,67290553752.0379,6.877135633506964,11.776113156377386,5.0871794871794895,7.33333333333333,33426969.433333337,Non-Energy Minerals,Aluminum,HKEX:1378,HK,752106812.25,0.3261661835155058,19.620158631069785,0.373082086965547,0.8,0.4077077293943823,12.575222742970691,cyclical,False,False,not_triggered,0.25,0.6577077293943823,watch
1133,Harbin Electric Co. Ltd. Class H,14.89,33298150168.0,8.935965912500752,1.5340931335681007,18.9305940146577,3.9523151047633807,7049798220.0,,7597429619.07465,13.477776996242996,55.89041902764082,55.889231920666106,2.73128274009402,6412846.5,Producer Manufacturing,Electrical Products,HKEX:1133,HK,95487284.385,0.4720383261920759,17.16762517437559,0.5205126406090564,0.8,0.5900479077400949,9.31280254025345,cyclical,True,False,not_triggered,0.1,0.6900479077400948,watch
1882,Haitian International Holdings Limited,17.51,27945960365.0,7.889875185869419,1.0409297625063163,14.017008583516304,9.01325015859404,2419436530.0,,4147737609.16821,7.743758989509695,0.3293853329564221,0.3300180831826338,4.56881781838949,3168087.7,Producer Manufacturing,Industrial Machinery,HKEX:1882,HK,55473215.62700001,0.5628786726397343,13.193234848259667,0.5980243114455117,0.8,0.7035983407996679,5.876958199379089,cyclical,True,False,not_triggered,0.0,0.7035983407996679,watch
340,Tongguan Gold Group Ltd.,2.955,15701959143.0,14.52802359882006,3.212166010826793,25.4954589441576,15.090645558923402,499183000.0,,748286000.046906,64.96150776724457,118.80374081515426,83.40847610459873,1.082910321489,26073242.666666668,Non-Energy Minerals,Precious Metals,HKEX:340,HK,77046432.08,0.5698278909448391,22.110137617670716,0.6570752226892098,0.8,0.7122848636810488,13.27813448623033,cyclical,True,False,not_triggered,0.0,0.7122848636810488,watch
1208,MMG Ltd.,9.07,116517042486.0,13.750758035172831,2.5929250596058298,22.4369837665263,6.36405946416614,18177005580.0,,24352702070.0,48.10534458847126,122.67230409088414,107.09576138147564,0.0,60661105.1,Non-Energy Minerals,Other Metals/Minerals,HKEX:1208,HK,550196223.2570001,0.6128612552498062,18.85659723611913,0.7292279653103984,0.8,0.7660765690622576,15.957521597661206,cyclical,True,False,not_triggered,0.0,0.7660765690622576,watch
6693,Chifeng Jilong Gold Mining Group Limited Class H,39.12,92672998324.0,17.837763895855183,4.454383559772088,28.248859151301904,15.0641777734108,3395472040.0,,917624570.653548,47.35219724941116,77.30168902633717,77.30616864742498,0.934688139059305,8112828.233333333,Non-Energy Minerals,Precious Metals,HKEX:6693,HK,317373840.488,0.6314507711732881,24.971647712004515,0.7143206608380956,0.8,0.7893134639666101,11.601216961522333,cyclical,True,False,not_triggered,0.0,0.7893134639666101,watch
175,Geely Automobile Holdings Limited,16.12,174882410081.0,9.33464589727257,1.5996665707395978,17.9748774820255,5.75584051514803,,,8652988053.164999,34.63497177287369,12.951400374586427,6.690967502780184,3.10173697270471,41781779.86666667,Consumer Durables,Motor Vehicles,HKEX:175,HK,673522291.4506667,0.5193162460554749,17.136874696093123,0.5447111018090531,0.8,0.6491453075693435,4.66207787380114,cyclical,False,False,not_triggered,0.25,0.8991453075693435,watch
2259,Zijin Gold International Company Limited,160.1,428481947146.0,21.65913579912876,5.850601011302514,38.9176811113979,23.8305003135569,,,4004401675.6,106.34666584316496,222.5563956903622,216.24026696329253,1.8738288569644,9189272.2,Non-Energy Minerals,Precious Metals,HKEX:2259,HK,1471202479.2199998,0.5565371620454901,27.012162745375345,0.8018290132224584,0.8,0.6956714525568626,30.591540980934152,cyclical,False,False,not_triggered,0.35,1.045671452556863,watch
1258,China Nonferrous Mining Corp. Ltd.,16.5,64383592163.0,14.331625119430209,2.977135598602731,22.4432297635746,10.9747019563844,,,677380594.9,10.774663550691596,30.25635385945123,30.267028739533824,1.96981818181818,16665300.7,Non-Energy Minerals,Other Metals/Minerals,HKEX:1258,HK,274977461.55,0.6385723120248255,20.773189179826208,0.6899097194641785,0.8,0.7982153900310318,7.4411775904859585,cyclical,False,False,not_triggered,0.25,1.0482153900310318,watch
1171,Yankuang Energy Group Company Limited Class H,12.98,201874730399.0,9.950935295921497,1.480678739483816,17.2183842656113,2.77810757716118,-2165395670.0,,202616672186.256,32.88814842523928,6.7976569414927,6.5251122907309185,4.35208012326656,30382593.233333327,Energy Minerals,Coal,HKEX:1171,HK,394366060.1686666,0.5779250330587399,14.879794667046914,0.6687548799284868,0.8,0.7224062913234248,13.581934068198477,cyclical,False,False,not_triggered,0.35,1.072406291323425,watch
2768,"Qingdao Gon Technology Co., Ltd. Class H",36.64,25173435290.0,12.313482995026211,1.9302273390572864,18.475489493048,5.44831062407165,-1320295670.0,,14013067516.3085,21.24961692524004,59.71930544609355,,1.05961517467249,1197085.0666666664,Process Industries,Chemicals: Specialty,HKEX:2768,HK,43861196.842666656,0.6664766852136481,15.675721807038377,0.7855129828533624,0.8,0.8330958565170601,15.153956743950548,cyclical,False,False,not_triggered,0.25,1.08309585651706,watch
3877,CSSC (Hong Kong) Shipping Company Limited,2.48,15387519767.0,8.472839084386743,0.9788945596355988,12.9678216631721,4.60318866460148,,,25315019000.0626,-3.094555518842246,4.14946415234328,-3.748766853008868,4.03225806451613,11919412.8,Transportation,Marine Shipping,HKEX:3877,HK,29560143.744000003,0.6533741213028199,11.553324096989506,0.7333680777287761,0.8,0.8167176516285248,10.9077499901135,cyclical,False,False,not_triggered,0.43,1.2467176516285248,watch
LTM,LATAM Airlines Group S.A.,51.29,14612517115.865698,9.63282937365011,7.388829024023418,107.343428507644,8.63060361420044,1751077010.0,,8990748134.9226,20.16449185607764,33.21194153869491,37.102173241322475,1.86841294599337,814845.1,Transportation,Airlines,NYSE:LTM,US,41793405.179,0.0897384172237814,76.70466004759736,0.1255833656999805,1.0,0.0897384172237814,28.542751881513485,cyclical,True,True,review_possible_equity_or_leverage_distortion,0.0,0.0897384172237814,priority
ECO,Okeanis Eco Tankers Corp.,76.15,2920258323.9999995,7.10096140396684,3.388273946954269,61.5919910455297,29.4350134271386,44692060.0,,722493783.004812,105.24219735077509,498.5632077171379,413.8920835729346,12.5410374261326,573571.1333333333,Transportation,Marine Shipping,NYSE:ECO,US,43677441.803333335,0.1152903369971869,47.71570713032553,0.1488181110796921,1.0,0.1152903369971869,22.52936409369625,cyclical,True,True,review_high_roa_supports_follow_up,0.0,0.1152903369971869,priority
CSTM,Constellium SE,26.17,3546760979.000001,6.732525533173831,2.846517557150611,53.8005923000067,9.52963804859117,221702000.0,,1923000000.01281,25.94174723130884,1903.890854823565,1921.372854914197,0.0,1428837.8666666667,Non-Energy Minerals,Aluminum,NYSE:CSTM,US,37392686.97066667,0.125138502112234,42.28008558043615,0.1592363270023537,1.0,0.125138502112234,21.41334551733015,cyclical,True,True,review_possible_equity_or_leverage_distortion,0.0,0.125138502112234,priority
CQP,"Cheniere Energy Partners, LP",67.74,32790068156.000004,12.192663522804995,8.880324064970306,91.32280523009,15.5393105839522,2786000000.0,,14444000000.0,15.433276433376845,34.315684315684315,34.31486316603809,4.82728077945084,126336.73333333334,Utilities,Gas Distributors,NYSE:CQP,US,8558050.316,0.133511705998138,72.8333398880455,0.1674049760940077,1.0,0.133511705998138,20.246273967887696,cyclical,True,True,review_high_roa_supports_follow_up,0.0,0.133511705998138,priority
CENX,Century Aluminum Company,44.05,4360654515.0,7.622030349696329,3.107870991957634,56.73325499412451,25.0202110238179,151200000.0,,480000000.0,9.666543316475472,413.1802721088435,419.861473419088,0.0,2009863.8666666667,Non-Energy Minerals,Aluminum,NASDAQ:CENX,US,88534503.32666667,0.1343485465532639,40.77484409493929,0.1869297239236367,1.0,0.1343485465532639,28.1288477116956,cyclical,True,True,review_high_roa_supports_follow_up,0.0,0.1343485465532639,priority
FRO,Frontline Plc,49.21,10955272424.0,7.3696348878305935,3.4721879229105133,53.8422866862181,24.9372644218018,688973000.0,,2434842000.0,48.84009857969576,524.545416351567,524.5230078563412,6.36049583418004,2342956.6333333333,Transportation,Marine Shipping,NYSE:FRO,US,115296895.92633334,0.1368744780618127,47.11478893810742,0.156418718069856,1.0,0.1368744780618127,12.4948217510099,cyclical,True,True,review_high_roa_supports_follow_up,0.0,0.1368744780618127,priority
HMY,Harmony Gold Mining Company Limited,20.64,12991988914.094202,7.3751161294933185,2.8154489577109745,48.1166999268439,29.137685369431704,960832870.0,,578157413.0567421,49.715777730405755,121.37391819315222,121.88218504717354,1.57914728682171,3634449.966666667,Non-Energy Minerals,Precious Metals,NYSE:HMY,US,75015047.312,0.1532756016249319,38.174977970203166,0.1931924135031549,1.0,0.1532756016249319,20.661687047856613,cyclical,True,True,review_high_roa_supports_follow_up,0.0,0.1532756016249319,priority
GFI,Gold Fields Limited,45.1,40179975082.541,9.244644870349491,4.47712447498022,58.7626432300832,33.4429129188422,4500115750.0,,2634378549.55,71.19494284436489,133.70808449051265,133.92471829297529,2.66123059866962,3859125.0,Non-Energy Minerals,Precious Metals,NYSE:GFI,US,174046537.5,0.1573218010999333,48.42938304033482,0.1908891728529767,1.0,0.1573218010999333,17.584743676843885,cyclical,True,True,review_high_roa_supports_follow_up,0.0,0.1573218010999333,priority
PBR,Petroleo Brasileiro S.A. Petrobras,21.2,130203496113.312,5.361930294906165,1.4703016407040523,30.685982529677503,11.0211924445216,18257156170.0,,70814633062.5296,20.81710009340769,86.33582928701784,86.33300344031292,5.58869811320755,20376834.333333332,Energy Minerals,Integrated Oil,NYSE:PBR,US,431988887.8666666,0.1747354933061195,27.42112559913058,0.1955401238188476,1.0,0.1747354933061195,10.639571105110823,cyclical,True,False,not_triggered,0.0,0.1747354933061195,priority
INSW,"International Seaways, Inc.",103.65,5133920464.0,6.618985280500655,2.265800598180102,37.4116050605098,28.1160566183888,269317000.0,,652766000.0,57.66313069733789,226.3704224998115,225.71030408918836,8.03666184273999,565831.1666666666,Transportation,Marine Shipping,NYSE:INSW,US,58648400.425,0.1769233175052249,34.23184222595398,0.1933575539642519,1.0,0.1769233175052249,8.499402336288009,cyclical,True,False,not_triggered,0.0,0.1769233175052249,priority
UAN,"CVR Partners, LP",135.88,1436202238.0,8.964065891293878,4.139293249491422,48.2957251457405,15.591870814300398,144595000.0,,579625000.0,17.472400261722402,82.15853020759909,82.15826473592502,10.649102148955,48837.666666666664,Process Industries,Chemicals: Agricultural,NYSE:UAN,US,6636062.1466666665,0.1856078537850564,46.17651520736372,0.1941260801305419,1.0,0.1856078537850564,4.387986580554903,cyclical,True,True,review_high_roa_supports_follow_up,0.0,0.1856078537850564,priority
DHT,"DHT Holdings, Inc.",22.0,3547182769.9999995,7.484266031638034,2.667882574361163,39.1763532556201,29.257388411867403,36254000.0,,434804000.0,39.41599357538878,148.85901598008007,148.6465911013365,11.1363636363636,3388733.8,Transportation,Marine Shipping,NYSE:DHT,US,74552143.6,0.1910403957919275,35.64654921515745,0.2099576591962402,1.0,0.1910403957919275,9.010037298344695,cyclical,True,False,not_triggered,0.0,0.1910403957919275,priority
FTDR,"Frontdoor, Inc.",81.01,5581047235.0,21.437455344147768,19.76321227217171,101.85873605948,12.5745754933456,386000000.0,,1179000000.0,9.26208651399491,6.614785992217899,11.55753675385252,0.0,500286.1666666667,Consumer Durables,Homebuilding,NASDAQ:FTDR,US,40528182.36166667,0.2104626090356104,92.1901035122944,0.2325353213351028,1.0,0.2104626090356104,9.492197646689482,cyclical,True,True,review_high_roa_supports_follow_up,0.0,0.2104626090356104,priority
HESM,Hess Midstream LP,39.97,8240949334.999999,13.78465995309698,9.969271597178574,65.2400835073069,8.64085164233787,837800000.0,,3680000000.0,2.7760091684706483,28.91027844620144,7.6317743132887905,7.72304228171128,1356933.6333333333,Energy Minerals,Integrated Oil,NYSE:HESM,US,54236637.32433333,0.2112912677610704,72.32149092614209,0.1906025411889597,1.0,0.2112912677610704,10.854381291590576,cyclical,True,True,review_possible_equity_or_leverage_distortion,0.0,0.2112912677610704,priority
TNK,Teekay Tankers Ltd.,100.83,3496795786.0,5.942327072565579,1.471786668441627,28.035629634786304,25.454386756584803,366917000.0,,27801000.0,19.33065185574672,111.74610668784112,110.68178149716286,0.991768322919766,487524.86666666664,Transportation,Marine Shipping,NYSE:TNK,US,49157132.305999994,0.2119562553070826,24.76785021202457,0.2399209871545748,1.0,0.2119562553070826,11.655808930744016,cyclical,True,False,not_triggered,0.0,0.2119562553070826,priority
STNG,Scorpio Tankers Inc.,84.52,4232875723.000001,5.321211815961117,1.2020420492854305,24.6193235920985,18.9542154363658,657566000.0,,728875000.0,32.68443204491772,127.4112495264413,116.30646457218342,2.09417889256981,779635.6333333333,Transportation,Marine Shipping,NYSE:STNG,US,65894803.729333326,0.2161396431569283,22.58962978470192,0.235559939081637,1.0,0.2161396431569283,8.244311830110574,cyclical,True,False,not_triggered,0.0,0.2161396431569283,priority
BLBD,Blue Bird Corporation,61.84,1958846241.0,7.515982401127884,2.9910982902758354,64.2857224327879,32.3552070357124,153143000.0,,115751000.0,13.462721313828958,143.17777816129643,134.87197054037853,0.0,597250.9666666667,Consumer Durables,Motor Vehicles,NASDAQ:BLBD,US,36933999.77866667,0.116915266978387,39.79650471010918,0.1888603648957809,1.0,0.116915266978387,38.094333851941585,cyclical,True,True,review_high_roa_supports_follow_up,0.1,0.216915266978387,priority
OGC,OceanaGold Corporation,30.19,6715690148.298067,8.176856273671985,2.651322413226881,37.6100485264861,26.9038269395039,705945475.8399999,,50039880.0,49.39741703752898,118.47789178000195,128.69531122729933,0.98648913303081,539127.3000000003,Non-Energy Minerals,Precious Metals,NYSE:OGC,US,16276253.187000008,0.2174114789539184,32.424715862545675,0.2521797356169652,1.0,0.2174114789539184,13.787093787684878,cyclical,True,False,not_triggered,0.0,0.2174114789539184,priority
TRMD,TORM plc,35.08,3574526235.203057,5.912273510374711,1.413638554074212,26.663962855241703,17.2098323301499,186996282.852,,1072316209.4432873,20.28713424672488,71.82541149575744,64.44948987550526,7.01522482014388,772231.1,Transportation,Marine Shipping,NASDAQ:TRMD,US,27089866.988,0.2217327387707658,23.910236080817203,0.2472695581252764,1.0,0.2217327387707658,10.327522541845893,cyclical,True,False,not_triggered,0.0,0.2217327387707658,priority
CGAU,Centerra Gold Inc.,22.63,4426598601.209369,7.4141725167534736,2.0503991332503495,32.593378769211,23.3006990594128,131458356.48,,45707085.599999994,36.2340457551393,707.0369164524052,776.8864473652648,0.892288081580625,1579919.9,Non-Energy Minerals,Precious Metals,NYSE:CGAU,US,35753587.337,0.2274748061332381,27.65513115074075,0.2680939199434923,1.0,0.2274748061332381,15.151076092593108,cyclical,True,False,not_triggered,0.0,0.2274748061332381,priority
HON,Honeywell International Inc.,202.36,64135979087.00001,7.4825932458466,3.459889914769692,49.8960498960499,11.0937770844167,4148000000.0,,34955000000.0,-2.4080418094071168,50.83085534371173,53.73390557939914,3.87428345522831,2912449.5333333304,Producer Manufacturing,Industrial Machinery,NASDAQ:HON,US,589363287.5653328,0.1499636396355089,46.239182073543695,0.1618236506421219,1.0,0.1499636396355089,7.328972594272876,cyclical,True,True,review_high_roa_supports_follow_up,0.08,0.2299636396355089,priority
DRD,DRDGOLD Limited,26.81,2309827973.8926,9.226374836533829,2.9899850556509713,39.5687673664087,28.8337809763554,130619410.0,,695546.0646735821,52.86594362757796,105.12246738669796,104.28852643419572,1.56824319283849,299581.7,Non-Energy Minerals,Precious Metals,NYSE:DRD,US,8031785.377,0.2331731678952026,32.40693239354939,0.2847037394495982,1.0,0.2331731678952026,18.09971714948907,cyclical,True,False,not_triggered,0.0,0.2331731678952026,priority
NEXA,Nexa Resources S.A.,13.31,1762758006.0,6.3498878870282915,1.4644252488477694,26.5196584413885,5.4139532380224,173248390.0,,1855220000.0,23.370012900287275,,,0.992757325319309,776717.7,Non-Energy Minerals,Other Metals/Minerals,NYSE:NEXA,US,10338112.587,0.239440786956675,23.06222211953275,0.2753372096633394,1.0,0.239440786956675,13.037258113625729,cyclical,True,False,not_triggered,0.0,0.239440786956675,priority
PARR,"Par Pacific Holdings, Inc. Common Stock",84.65,4240933624.999999,4.940007936693201,2.10400050903639,54.73979001269941,20.3310818954595,438306000.0,,1304278000.0,13.187341522133451,,,0.0,962634.6000000004,Energy Minerals,Oil Refining/Marketing,NYSE:PARR,US,81487018.89000005,0.0902452847471124,42.59103499426339,0.1159870366465283,1.0,0.0902452847471124,22.19364563805881,cyclical,True,True,review_high_roa_supports_follow_up,0.15,0.2402452847471124,priority
CF,"CF Industries Holdings, Inc.",133.07,20138564671.0,9.869977674432404,3.5095400041934086,39.1933526281393,14.551630905750596,1910000000.0,,3613000000.0,20.04032883511711,61.21351766513057,76.22078736864118,1.57811678064177,2599239.500000016,Process Industries,Chemicals: Agricultural,NYSE:CF,US,345880800.2650021,0.2518278486680454,35.55772991548568,0.2775761472369457,1.0,0.2518278486680454,9.276120742075488,cyclical,True,False,not_triggered,0.0,0.2518278486680454,priority
GPOR,Gulfport Energy Corporation,173.25,3063729541.0,6.929196213239264,1.677959601125032,27.4111285765093,16.2053453967893,250001000.0,,922410000.0,26.64766808896456,,,0.0,297257.76666666666,Energy Minerals,Oil & Gas Production,NYSE:GPOR,US,51499908.075,0.2527877024070225,24.215789963041303,0.2861437196067013,1.0,0.2527877024070225,11.657085203731166,cyclical,True,False,not_triggered,0.0,0.2527877024070225,priority
LPG,Dorian LPG Ltd.,55.18,2360748324.0,7.321895359791941,1.909188636348696,28.342022711409996,17.6322406431966,146279050.0,,646238026.0,81.05922022373736,557.3522487472081,555.6725247955454,0.0,566947.5333333333,Transportation,Marine Shipping,NYSE:LPG,US,31284164.889333338,0.2583406073146739,26.075060384404992,0.2808007058028149,1.0,0.2583406073146739,7.99859046790038,cyclical,True,False,not_triggered,0.0,0.2583406073146739,priority
BVN,Buenaventura Mining Company Inc.,34.04,8976080910.990591,7.69404638126667,1.9993210296385833,28.7663340406401,19.4853579617962,654632010.0,,692358096.693488,67.74731707635866,122.3524396786208,122.3551289139066,1.23058166862515,1091734.2666666666,Non-Energy Minerals,Precious Metals,NYSE:BVN,US,37162634.43733333,0.2674670456929542,25.985299939268565,0.2960922675223599,1.0,0.2674670456929542,9.667669496719975,cyclical,True,False,not_triggered,0.0,0.2674670456929542,priority
ATAT,Atour Lifestyle Holdings Limited,32.41,4455088151.0,15.97259868907397,8.963264719140897,58.7806410562356,23.0047612613102,328523140.0,,190824564.506145,45.007151794079256,46.85705402287087,47.82893778231095,2.59179265658747,951514.8,Consumer Services,Hotels/Resorts/Cruise lines,NASDAQ:ATAT,US,30838594.668,0.2717322982883589,56.11650861341807,0.2846327949428904,1.0,0.2717322982883589,4.532329683626202,cyclical,True,True,review_high_roa_supports_follow_up,0.0,0.2717322982883589,priority
CNX,CNX Resources Corporation,35.91,5312655876.0,6.0046150759146535,1.1048979192473771,21.2486692250072,10.4767807760939,525977999.99999994,,2380108000.0,16.211654840991923,509.7057576964077,911.5696887686064,0.0,1398127.5,Energy Minerals,Oil & Gas Production,NYSE:CNX,US,50206758.525,0.282587818198418,18.400811796900623,0.3263233786743066,1.0,0.282587818198418,13.402521343571827,cyclical,True,False,not_triggered,0.0,0.282587818198418,priority
HAFN,Hafnia Limited,9.38,4622047177.982629,7.33823833074749,1.771970138922286,25.8610077053471,16.7647363703509,520347642.87779987,,883908344.1641848,5.066237788199953,39.92808080646917,41.71142138193912,7.99528595600677,1573253.566666667,Transportation,Marine Shipping,NYSE:HAFN,US,14757118.455333335,0.2837568595298865,24.14707807318911,0.3038975692423529,1.0,0.2837568595298865,6.627466538373161,cyclical,True,False,not_triggered,0.0,0.2837568595298865,priority
PARXF,"Parex Resources, Inc.",20.888,2009013286.1867957,3.5992981713194254,0.8552988670405254,26.849496383970106,17.5892785465027,188239596.16,,814202782.8,8.912998995089572,330.9543765846447,341.08156520983715,5.32319391634981,253437.9,Energy Minerals,Oil & Gas Production,OTC:PARXF,US,5293810.8552,0.1340545878345899,23.762934503617167,0.1514669061925641,1.0,0.1340545878345899,11.49579059589252,cyclical,True,False,not_triggered,0.15,0.2840545878345899,priority
MPC,Marathon Petroleum Corporation,395.93,111186936280.99998,13.63137146890224,5.873470495204783,47.8754096523907,9.89154716020232,12899000000.0,,34292000000.0,15.187181048153745,300.6563525550867,330.27183171616923,1.01027959487788,2439234.033333333,Energy Minerals,Oil Refining/Marketing,NYSE:MPC,US,965765930.8176666,0.2847259494566339,43.08789110915327,0.3163620014349343,1.0,0.2847259494566339,9.999953165932574,cyclical,True,True,review_possible_equity_or_leverage_distortion,0.0,0.2847259494566339,priority
SBSW,D/B/A Sibanye-Stillwater Limited,12.54,8884493371.108402,10.301486897231577,2.708669036932076,35.700790335717,11.083657625893,845247490.0,,2278279438.6821303,59.20351083136212,,,1.98367623604466,5415226.466666667,Non-Energy Minerals,Precious Metals,NYSE:SBSW,US,67906939.89199999,0.2885506679364857,26.293961871271268,0.3917814647965608,1.0,0.2885506679364857,26.349076241694945,cyclical,True,False,not_triggered,0.0,0.2885506679364857,priority
PBF,PBF Energy Inc.,78.3,9281435381.0,6.923382996595782,1.448387461959019,23.5452773717547,9.769992526833,781800000.0,,2515000000.0,13.53545629605652,,,1.40485312899106,2890323.066666667,Energy Minerals,Oil Refining/Marketing,NYSE:PBF,US,226312296.12,0.2940455059111423,20.920227332088793,0.3309420536733963,1.0,0.2940455059111423,11.148945065369931,cyclical,True,False,not_triggered,0.0,0.2940455059111423,priority
AU,AngloGold Ashanti PLC,104.42,52732879803.00001,13.974652373496072,5.8873377134103535,46.50338972710691,25.6510460533591,4232934140.000001,,1791000000.0054898,138.98544866609828,10475.000000378452,9056.985294117649,4.32867266807125,2938892.0999999987,Non-Energy Minerals,Precious Metals,NYSE:AU,US,306879113.0819999,0.3005082523124163,42.12868811374593,0.3317134475150286,1.0,0.3005082523124163,9.407274693377786,cyclical,True,True,review_high_roa_supports_follow_up,0.0,0.3005082523124163,priority
PBR.A,Petroleo Brasileiro S.A. Petrobras,19.11,130203496113.312,4.833324902625322,1.325353011346298,30.685982529677503,11.0211924445216,18257156170.0,,70814633062.5296,20.81710009340769,86.33582928701784,86.33300344031292,6.19991627420199,7660098.5,Energy Minerals,Integrated Oil,NYSE:PBR.A,US,146384482.335,0.1575092111830162,27.42114461675035,0.1762626969142951,1.0,0.1575092111830162,10.639509130169166,cyclical,True,False,not_triggered,0.15,0.3075092111830163,priority
KGC,Kinross Gold Corporation,29.13,34555191728.75267,11.352256827098389,3.583924412241317,36.6169104857345,25.1603971898318,3013485460.48,,737913439.9999999,32.35541418061139,97.47552262502364,101.79910384546176,0.529541965833127,8393608.2,Non-Energy Minerals,Precious Metals,NYSE:KGC,US,244505806.86599997,0.3100277078679559,31.570149150310943,0.359588317845707,1.0,0.3100277078679559,13.782597353181158,cyclical,True,False,not_triggered,0.0,0.3100277078679559,priority
ATMU,Atmus Filtration Technologies Inc.,45.41,3705252551.999999,17.367193177037517,8.146840475498479,55.7904292569057,13.4257092032581,190400000.0,,1056400000.0,13.050464175196383,14.111405835543769,15.536211391454197,0.495485575864347,664074.5666666667,Producer Manufacturing,Auto Parts: OEM,NYSE:ATMU,US,30155626.072333332,0.3112934137334643,46.9093675209995,0.3702286791494875,1.0,0.3112934137334643,15.918611586604516,cyclical,True,True,review_high_roa_supports_follow_up,0.0,0.3112934137334643,priority
AMSC,American Superconductor Corporation,29.53,1430496613.9999998,9.754889006342497,2.499054286093901,30.162656389756904,22.4803158354752,20524000.0,,3897000.0,25.8871578385716,793.756953078987,666.573816155989,0.0,668165.4666666667,Producer Manufacturing,Electrical Products,NASDAQ:AMSC,US,19730926.230666667,0.3234094795992573,25.618479969060132,0.3807754799708506,1.0,0.3234094795992573,15.065571022583912,cyclical,True,False,not_triggered,0.0,0.3234094795992573,priority
VIST,Vista Energy S.A.B. de C.V.,76.27,8461763554.225681,10.193253501550304,2.5483150782603694,30.417790226361003,10.8016527094043,87352330.0,,3754654275.64841,78.68477924326452,44.29131562741228,35.08575555154361,0.0,1101042.7333333334,Energy Minerals,Oil & Gas Production,NYSE:VIST,US,83976529.27133334,0.3351082845168849,25.000016705880935,0.4077298676025472,1.0,0.3351082845168849,17.811200222509438,cyclical,True,False,not_triggered,0.0,0.3351082845168849,priority
AUGO,Aura Minerals Inc.,87.08,7296366331.999999,24.70845274238856,15.993329378467775,100.16402900928,20.8061968405342,155801310.0,,458010000.0,89.44542986367102,,,3.03169499310978,978995.4666666654,Non-Energy Minerals,Other Metals/Minerals,NASDAQ:AUGO,US,85250925.23733322,0.246679900826467,64.72817033593705,0.3817264201066168,1.0,0.246679900826467,35.37782877130462,cyclical,True,True,review_high_roa_supports_follow_up,0.1,0.346679900826467,priority
IAG,Iamgold Corporation,20.26,11568460251.538242,10.53922547824987,2.648531087532358,29.269016432288204,20.3484087057365,1541204255.36,,539152240.0,75.39857422020698,38.41216242970171,37.740763814193585,0.0,5411028.833333333,Non-Energy Minerals,Precious Metals,NYSE:IAG,US,109627444.16333334,0.3600812997126713,25.130225109978095,0.4193844437177449,1.0,0.3600812997126713,14.140520682971724,cyclical,True,False,not_triggered,0.0,0.3600812997126713,priority
MPLX,MPLX LP,59.84,60669279413.0,12.880173916786845,4.325784174887753,33.9282507990089,11.6916223239698,3336000000.0,,26133000000.0,4.788438098554762,9.605568445475637,10.254402202287723,7.19585561497326,1256462.8666666667,Industrial Services,Oil & Gas Pipelines,NYSE:MPLX,US,75186737.94133334,0.379629766152374,33.58482736983792,0.3835116904115563,1.0,0.379629766152374,1.0122049356609095,cyclical,True,False,not_triggered,0.0,0.379629766152374,priority
DAC,Danaos Corporation,159.33,2900374140.0,5.39291843096638,0.7149398145688518,14.1397151814653,10.8498380044697,172343590.0,,1210720000.00807,2.4516030052364384,17.69958691943341,21.81307671375208,2.25946149501036,119495.33333333331,Transportation,Marine Shipping,NYSE:DAC,US,19039191.46,0.3814021967030535,13.257011462729258,0.4067974479865257,1.0,0.3814021967030535,6.242726302529156,cyclical,True,False,not_triggered,0.0,0.3814021967030535,priority
CCL,Carnival Corporation Ltd.,22.75,31159518616.000004,10.24590163934426,2.407109384340775,26.7171585270306,5.93657210836324,3171000000.0,,26170000000.0,5.155552133066379,21.544554455445542,20.346883468834697,1.97802197802198,18155179.233333334,Consumer Services,Hotels/Resorts/Cruise lines,NYSE:CCL,US,413030327.55833334,0.3834951845263843,23.49338759116597,0.4361185290790906,1.0,0.3834951845263843,12.06629414802116,cyclical,True,False,not_triggered,0.0,0.3834951845263843,priority
SON,Sonoco Products Company,47.84,4730180015.0,7.3757728064630514,1.3208077468245671,18.9251949473233,5.62248733433235,354831000.0,,4765630000.0,12.014490716462396,,,4.47324414715719,1026662.2666666668,Process Industries,Containers/Packaging,NYSE:SON,US,49115522.83733334,0.389732989646495,17.907381117639684,0.4118845049429109,1.0,0.389732989646495,5.378089010531273,cyclical,True,False,not_triggered,0.0,0.389732989646495,priority
ERO,Ero Copper Corp.,35.47,3699614332.1958513,12.31028213625702,3.052277824327142,30.229821447801104,15.7047689988067,153760210.56,,572666974.0,85.25830266258644,105.99948636610132,103.98560173030138,0.0,1603140.433333333,Non-Energy Minerals,Other Metals/Minerals,NYSE:ERO,US,56863391.17033333,0.4072231176592827,24.794539967019773,0.4964916531071529,1.0,0.4072231176592827,17.97986630574918,cyclical,True,False,not_triggered,0.0,0.4072231176592827,priority
LII,"Lennox International, Inc.",366.04,12650590349.0,16.547022765491924,9.751754391339896,70.4827774491514,18.8955438720617,738700000.0,,2024700000.0,-2.112025994166082,-7.20105439731608,-5.415644053737405,1.43700142060977,518350.0333333333,Producer Manufacturing,Industrial Machinery,NYSE:LII,US,189736846.20133337,0.2347668943300296,58.93358901806037,0.2807740550201523,1.0,0.2347668943300296,16.385830480961104,cyclical,True,True,review_high_roa_supports_follow_up,0.18,0.4147668943300296,priority
OII,"Oceaneering International, Inc.",51.09,5084969723.0,14.711048403351668,4.367913575328342,34.8979198162512,13.95672611145,237415000.0,,822159000.0,3.837386499008476,73.16613489649032,75.17780580075663,0.0,835185.0666666667,Producer Manufacturing,Industrial Machinery,NYSE:OII,US,42669605.056,0.4215451373838348,29.69138198425875,0.4954652636630692,1.0,0.4215451373838348,14.919335763869446,cyclical,True,False,not_triggered,0.0,0.4215451373838348,priority
KALU,Kaiser Aluminum Corporation,157.2,2570077289.0,11.65031275012599,2.7231162427647733,26.3984184207466,8.3726763056949,87000000.0,,1068900000.0,32.83337615621787,255.24256651017217,246.61049603123635,1.95928753180662,227536.46666666667,Non-Energy Minerals,Aluminum,NASDAQ:KALU,US,35768732.559999995,0.4413261644860501,23.373760869512495,0.4984355241403211,1.0,0.4413261644860501,11.457722591657303,cyclical,True,False,not_triggered,0.0,0.4413261644860501,priority
APA,APA Corporation,44.73,15671222500.0,9.459459459459458,2.2340592902254284,25.9477023054309,9.30348672713656,2102000000.0,,3881000000.0,-12.439097146266285,55.13413506012951,58.661879676542625,2.23563603845294,5439692.333333333,Energy Minerals,Integrated Oil,NASDAQ:APA,US,243317438.06999996,0.3645586552563298,23.617198210954538,0.4005326700891983,1.0,0.3645586552563298,8.98154320966057,cyclical,True,False,not_triggered,0.08,0.4445586552563298,priority
BWLP,BW LPG Limited,25.13,3795498187.9724545,8.680126007188994,1.991841294110204,23.6596905705817,12.863623037493502,590994912.9761999,,931099680.96084,-7.651255914233261,90.63762714189704,76.06336111999278,7.62750213857998,415424.3333333333,Transportation,Marine Shipping,NYSE:BWLP,US,10439613.496666666,0.366874029112697,22.94714722413632,0.3782660180982777,1.0,0.366874029112697,3.0116342575136956,cyclical,True,False,not_triggered,0.08,0.4468740291126971,priority
BTG,B2Gold Corp,5.38,7109061897.013405,10.10451600495234,1.7915690916422358,22.114772842523,14.5019979789215,159380622.72,,455538696.7999999,65.31154922572104,,,1.48458445040214,30049267.5,Non-Energy Minerals,Precious Metals,AMEX:BTG,US,161665059.15,0.4569124936035088,17.730380067329968,0.5698984436081515,1.0,0.4569124936035088,19.825628806652627,cyclical,True,False,not_triggered,0.0,0.4569124936035088,priority
GSL,Global Ship Lease Inc New,45.82,1651143608.0000002,4.422481106488944,0.8481721815443879,21.3461426495238,13.6204176327508,290820000.0,,671764000.0,5.552857921553405,-2.397959963519827,-3.758371805709087,5.4561326931471,346327.3333333333,Transportation,Marine Shipping,NYSE:GSL,US,15868718.413333332,0.2071794037499137,19.17865019931676,0.230593970927448,1.0,0.2071794037499137,10.154024011712448,cyclical,True,False,not_triggered,0.25,0.4571794037499137,priority
WES,"Western Midstream Partners, LP",49.03,20257949696.0,15.44154698916604,4.757252068381011,33.7354584258281,8.82234911299287,1246714000.0,,9129011000.0,18.00341731532374,1.0434253824565862,-2.286505616248655,7.50560881093208,804377.7333333333,Industrial Services,Oil & Gas Pipelines,NYSE:WES,US,39438640.26533333,0.4577245340571357,30.80813128191594,0.5012166057027312,1.0,0.4577245340571357,8.677300622276352,cyclical,True,False,not_triggered,0.0,0.4577245340571357,priority
NMM,Navios Maritime Partners LP,92.35,2613828991.0,6.028343331614368,0.7423378038118945,13.162794948845304,7.21916757086888,47864970.0,,2464615000.01641,13.380576326016582,47.22103786003838,52.73175011465374,0.238224147265836,155175.06666666668,Transportation,Marine Shipping,NYSE:NMM,US,14330417.406666666,0.4579835327559517,12.314126169935632,0.4895469843676192,1.0,0.4579835327559517,6.447481573692071,cyclical,True,False,not_triggered,0.0,0.4579835327559517,priority
TRGP,"Targa Resources, Inc.",290.25,62238602108.00001,27.70988868310007,17.02067520915932,72.2288056881145,8.66919479740678,740900000.0,,19578000000.0,-0.8322826174970103,47.949878632815064,49.97780673243511,1.55038759689923,1196076.566666667,Utilities,Gas Distributors,NYSE:TRGP,US,347161223.475,0.3836404107628741,61.4245528151112,0.4511207231171424,1.0,0.3836404107628741,14.958371206712595,cyclical,True,True,review_possible_equity_or_leverage_distortion,0.08,0.4636404107628741,priority
B,Barrick Mining Corporation,43.68,71892231110.21281,11.535828678154608,2.6359988064042916,24.8696483889975,13.0123244848702,5496258915.84,,4676381600.0,42.40158829061854,124.52910776345,132.02622249078243,2.14879213483146,11133267.1,Non-Energy Minerals,Precious Metals,NYSE:B,US,486301106.928,0.4638516997794844,22.8505370524103,0.5048384049659698,1.0,0.4638516997794844,8.118777173707336,cyclical,True,False,not_triggered,0.0,0.4638516997794844,priority
FSM,Fortuna Mining Corp.,11.99,3548528862.4695597,10.68526883744275,2.010685483632946,22.9591595370397,16.1561978550087,390283667.84,,233885000.8,2.0535018684888495,114.24617316235314,105.61420546842004,0.0,5398114.933333334,Non-Energy Minerals,Precious Metals,NYSE:FSM,US,64723398.05066667,0.4654033097424299,18.81735980836729,0.5678410226652233,1.0,0.4654033097424299,18.039857783080016,cyclical,True,False,not_triggered,0.0,0.4654033097424299,priority
SM,SM Energy Company,38.1,9062239511.0,7.510496954404779,1.1581384914774988,16.1264226082871,7.18164203490438,757834000.0,,7036000000.0,75.39189250000238,23.05216337428559,-28.25564292583584,2.20472440944882,3767530.433333333,Energy Minerals,Integrated Oil,NYSE:SM,US,143542909.51,0.4657261648684104,15.42026444466195,0.4870537065922171,1.0,0.4657261648684104,4.378889111229601,cyclical,True,False,not_triggered,0.0,0.4657261648684104,priority
CNQ,Canadian Natural Resources Limited,50.07,103219304545.67184,12.649336444155567,3.144293540905924,26.6851317910414,12.927066664467098,6917504000.0,,14208832000.0,12.69234155170864,35.39138264999797,36.93267598810558,3.49826889786497,6722381.566666666,Energy Minerals,Integrated Oil,NYSE:CNQ,US,336589645.043,0.4740218839167262,24.85737931619881,0.5088765104015762,1.0,0.4740218839167262,6.8493290164532645,cyclical,True,False,not_triggered,0.0,0.4740218839167262,priority
AGI,Alamos Gold Inc.,35.92,15036272032.97671,13.264370423939916,3.1330080103409084,27.203874936437,19.0127212762954,308992154.24,,216040440.0,40.40638795794529,224.0400747532038,223.4948253194788,0.361421686746988,4280288.0,Non-Energy Minerals,Precious Metals,NYSE:AGI,US,153747944.96,0.4875912146682293,23.61972645672173,0.5615801879943079,1.0,0.4875912146682293,13.175139527327572,cyclical,True,False,not_triggered,0.0,0.4875912146682293,priority
NAT,Nordic American Tankers Limited,7.46,1579659903.0,12.789302245842618,3.30732399361589,25.6588180177859,13.174639578855302,119064000.0,,406566000.0,29.11040549685076,823.4018691588785,814.2633228840127,8.31099195710456,3470148.033333333,Transportation,Marine Shipping,NYSE:NAT,US,25887304.328666665,0.4984369208658586,25.8600815747473,0.4945576915090451,1.0,0.4984369208658586,0.7843835862660908,cyclical,True,False,not_triggered,0.0,0.4984369208658586,priority
HTHT,H World Group Limited,42.66,13033551113.11868,19.28222744530826,6.314630225556341,38.2030520399068,7.82306421692539,1140177290.0,,5045244200.78403,13.026854876093044,38.33153495658125,34.828447803034926,4.85232067510549,1634574.066666667,Consumer Services,Hotels/Resorts/Cruise lines,NASDAQ:HTHT,US,69730929.684,0.5047300258933788,32.748447986453,0.5887982066595859,1.0,0.5047300258933788,14.277927448717795,cyclical,True,False,not_triggered,0.0,0.5047300258933788,priority
EOG,"EOG Resources, Inc.",147.36,77294619518.99998,11.463333048098391,2.430247076768662,22.5066282609407,13.6068152809522,6621000000.0,,8250000000.0,17.12869549960523,19.95812979762735,24.99538130937449,2.76872964169381,2962880.1666666665,Energy Minerals,Integrated Oil,NYSE:EOG,US,436610021.36,0.5093314251780894,21.200178574344104,0.5407187023401309,1.0,0.5093314251780894,5.804733038861631,cyclical,True,False,not_triggered,0.0,0.5093314251780894,priority
AA,Alcoa Corporation,48.26,12736268351.0,9.89948717948718,1.728123181594378,19.1040355423917,8.10225167226706,352000000.0,,2225000000.0,6.136241456109362,28.48605577689243,25.044887908479964,0.828843762950684,4504567.466666642,Non-Energy Minerals,Aluminum,NYSE:AA,US,217390425.94133213,0.5181882727092032,17.456693970726466,0.567088315581854,1.0,0.5181882727092032,8.623003071836798,cyclical,True,False,not_triggered,0.0,0.5181882727092032,priority
DINO,HF Sinclair Corporation,107.84,19172209085.0,10.292040465737736,1.8640943179176217,19.41023151224,10.5979853224321,2310000000.0,,3244000000.0,16.25539972603217,,,1.87778189910979,2532885.6333333333,Energy Minerals,Oil Refining/Marketing,NYSE:DINO,US,273146386.6986667,0.5302379036152982,18.111999502170654,0.5682442992837027,1.0,0.5302379036152982,6.688390137184519,cyclical,True,False,not_triggered,0.0,0.5302379036152982,priority
EXE,Expand Energy Corporation,94.83,21953504278.0,8.185372843171951,1.1449451270287825,14.892762470881202,9.96809921502563,2476000000.0,,3728000000.0,42.48698800633627,1250.0,2897.490297542044,2.42539280818306,2514974.1333333333,Energy Minerals,Integrated Oil,NASDAQ:EXE,US,238494997.064,0.549620855041249,13.987696699532377,0.5851837524791053,1.0,0.549620855041249,6.077218871370849,cyclical,True,False,not_triggered,0.0,0.549620855041249,priority
VLO,Valero Energy Corporation,390.42,112412642688.99998,16.195161611468773,4.496380506977785,29.303775545549005,11.5894146467251,10120000000.0,,11349000000.0,12.921579878930906,847.4308300395257,899.6350970310168,1.21151580349367,2606068.0333333383,Energy Minerals,Oil Refining/Marketing,NYSE:VLO,US,1017461081.574002,0.5526646757956307,27.7637273084921,0.5833208715645019,1.0,0.5526646757956307,5.255460118656363,cyclical,True,False,not_triggered,0.0,0.5526646757956307,priority
LNG,"Cheniere Energy, Inc.",278.34,57486714324.0,20.711054229418416,9.34693677435647,45.0612498061715,6.27984873041599,2791000000.0,,26556000000.0,21.64749903703296,-24.499870096128863,-21.674311258239555,0.797585686570382,1829811.6333333333,Industrial Services,Oil & Gas Pipelines,NYSE:LNG,US,509309770.022,0.4596200575551251,45.13018347989203,0.4589180152269118,1.0,0.4596200575551251,0.1529777225821371,cyclical,True,True,review_possible_equity_or_leverage_distortion,0.1,0.5596200575551251,priority
EQNR,Equinor ASA,44.8,107034132622.8945,12.191803189462798,2.6010203198906643,21.3550777079113,6.481802886831501,9598089140.0,,32420271797.37,6.809882876596938,10.359374122063048,21.6956449743335,2.57477678571429,2771268.3333333335,Energy Minerals,Integrated Oil,NYSE:EQNR,US,124152821.33333331,0.5709088656205716,21.334172472031774,0.5714682960140943,1.0,0.5709088656205716,0.0978935135027891,cyclical,True,False,not_triggered,0.0,0.5709088656205716,priority
IBP,"Installed Building Products, Inc.",204.28,5429594420.0,21.98781564161626,8.4903699886119,38.4509202453988,11.7388148807155,291700000.0,,1197200000.0,0.2740282147569268,0.3201280512204882,3.333370407856829,0.744076757391815,329920.3333333333,Industrial Services,Engineering & Construction,NYSE:IBP,US,67396125.69333333,0.5718410769179813,38.61397660867325,0.5694263469532813,1.0,0.5718410769179813,0.4240636172913259,cyclical,True,False,not_triggered,0.0,0.5718410769179813,priority
NFG,National Fuel Gas Company,81.0,7698653502.999999,11.267997496000556,1.9619060813759888,19.5755806461853,7.146561630807441,222266000.0,,3567401000.0,12.534718978818816,177.27405241827864,169.00048647232722,2.66666666666667,530162.9333333333,Energy Minerals,Integrated Oil,NYSE:NFG,US,42943197.6,0.5756149817296149,17.411310945643574,0.6471653703261145,1.0,0.5756149817296149,11.055966817329011,cyclical,True,False,not_triggered,0.0,0.5756149817296149,priority
REX,REX American Resources Corporation,41.62,1380770106.0,11.412432476898188,2.0497949466299787,19.7735419518168,15.4852184099387,68552000.0,,17819000.0,5.650635654190578,134.60340935626996,146.82910321489,0.0,175288.5999999861,Process Industries,Chemicals: Specialty,NYSE:REX,US,7295511.53199942,0.5771567129807823,17.96106965609051,0.6353982638794727,1.0,0.5771567129807823,9.166148887957636,cyclical,True,False,not_triggered,0.0,0.5771567129807823,priority
SCCO,Southern Copper Corporation,193.49,163372065016.00003,28.97988527266464,12.93300224918872,50.0720696820975,25.9253154588576,5100400000.0,,8624400000.0,32.80086809498574,56.853185595567865,55.917519032273155,2.01621236834662,1151941.7756122092,Non-Energy Minerals,Other Metals/Minerals,NYSE:SCCO,US,222889214.16320637,0.5787634794538152,44.62751362714266,0.6493726160679258,1.0,0.5787634794538152,10.873439203775224,cyclical,True,True,review_high_roa_supports_follow_up,0.0,0.5787634794538152,priority
RRC,Range Resources Corporation,41.15,9615912590.0,11.355796561525512,2.042091399346233,19.45296913805,11.7184814346494,680416000.0,,1016557000.0,16.839997427726253,79.53491870164979,82.40712775596496,0.923450789793439,2215502.6666666665,Energy Minerals,Oil & Gas Production,NYSE:RRC,US,91167934.73333332,0.5837564682767926,17.982810701849196,0.6314806261269147,1.0,0.5837564682767926,7.557501509243525,cyclical,True,False,not_triggered,0.0,0.5837564682767926,priority
CSL,Carlisle Companies Incorporated,335.24,13313765967.0,19.107329111831792,8.250402319090536,39.3975065546578,12.528394347504298,864800000.0,,2884900000.0,1.9033148066695988,-9.98393673545039,-2.518557205084889,1.35723660661019,538656.7,Producer Manufacturing,Building Products,NYSE:CSL,US,180579272.108,0.4849882843555949,43.179254781253846,0.4425117850835903,1.0,0.4849882843555949,9.59895322651818,cyclical,True,False,not_triggered,0.1,0.5849882843555949,priority
MGY,Magnolia Oil & Gas Corporation,27.75,6575878578.0,12.159852767188116,2.374500178408392,20.5377177813271,13.9914937466174,352002000.0,,413131000.0,11.351103252384268,16.092789947847823,18.92131318394996,2.37837837837838,3556358.8333333335,Energy Minerals,Oil & Gas Production,NYSE:MGY,US,98688957.625,0.5920741971751048,19.527376061786633,0.6227079730893228,1.0,0.5920741971751048,4.919444946600004,cyclical,True,False,not_triggered,0.0,0.5920741971751048,priority
TILE,"Interface, Inc.",34.13,1972729789.0,13.79603055903634,2.908041804911549,23.2254924644365,11.4228110915525,124029000.0,,290401000.0,6.54030609037764,52.28713720730712,52.86085022244191,0.292997363023733,506583.5333333333,Producer Manufacturing,Building Products,NASDAQ:TILE,US,17289695.99266667,0.5940037904540106,21.07882983056162,0.6544969844120025,1.0,0.5940037904540106,9.242700180251973,cyclical,True,False,not_triggered,0.0,0.5940037904540106,priority
CCK,"Crown Holdings, Inc.",112.64,12250783293.0,16.208127086451018,4.390351516549957,27.231677665856203,5.40056485499759,1199000000.0,,6272000000.0,10.759493670886076,40.754039497307005,45.86822828117456,1.16299715909091,784272.7,Process Industries,Containers/Packaging,NYSE:CCK,US,88340476.92799999,0.5951938505343428,27.08734632405503,0.5983652622352793,1.0,0.5951938505343428,0.5300126697009855,cyclical,True,False,not_triggered,0.0,0.5951938505343428,priority
MLI,"Mueller Industries, Inc.",60.48,13377050757.999998,15.763957670854404,3.770629984488546,26.313960809429,21.963585466725,666374000.0,,24684000.0,14.814672494676335,19.83931397041314,21.80455901962029,0.992063492063492,1161313.4,Producer Manufacturing,Metal Fabrication,NYSE:MLI,US,70236234.432,0.5990720205528981,23.919310513374263,0.6590473275573779,1.0,0.5990720205528981,9.100303498197292,cyclical,True,False,not_triggered,0.0,0.5990720205528981,priority
EXP,Eagle Materials Inc,185.12,5678615734.0,14.6426735218509,3.835090288905854,27.030126504596304,11.021152753981,170513000.0,,1795407000.0,1.6805094578678674,-11.119010191285303,-6.856894468511478,0.54019014693172,375981.5,Non-Energy Minerals,Construction Materials,NYSE:EXP,US,69601695.28,0.5417167958633492,26.191188946354934,0.5590686834355698,1.0,0.5417167958633492,3.103713029603161,cyclical,True,False,not_triggered,0.1,0.6417167958633492,priority
ALV,"Autoliv, Inc.",121.13,8871224350.0,14.26350929665697,3.5627403187906976,25.9326477112321,7.57673952748483,757000000.0,,2189000000.0,5.8874127879193345,-10.06993006993007,-7.086433260393877,2.87294642120036,541727.7666666667,Producer Manufacturing,Auto Parts: OEM,NYSE:ALV,US,65619484.37633334,0.5500213266105903,24.978006777236228,0.5710427346691272,1.0,0.5500213266105903,3.6812320308596713,cyclical,True,False,not_triggered,0.1,0.6500213266105903,priority
RYAAY,Ryanair Holdings plc,53.8,27210895803.959,13.024742168208007,2.5790517718277424,22.599930043681,10.5112645441434,1987838490.0,,207966270.0,13.241816539905312,-4.667178851699983,-1.6313019456550055,1.3110873605948,1142152.4333333136,Transportation,Airlines,NASDAQ:RYAAY,US,61447800.91333227,0.5763178090832082,19.80117332474289,0.6577762819707619,1.0,0.5763178090832082,12.38391762066826,cyclical,True,False,not_triggered,0.1,0.6763178090832082,priority
NVR,"NVR, Inc.",6160.76,16417562332.000004,15.977016680956034,4.671544562879945,31.5441798028199,20.0056810020089,1046421000.0,,1050702000.0,-9.65660494826748,-24.916516892665328,-18.614432631103945,0.0,34637.933333333334,Consumer Durables,Homebuilding,NYSE:NVR,US,213395994.16266668,0.5064965004900132,29.239154318767408,0.5464254029638964,1.0,0.5064965004900132,7.30729249725629,cyclical,True,False,not_triggered,0.18,0.6864965004900132,priority
AOS,A.O. Smith Corporation,57.39,7799792732.0,15.99988848309125,4.257958539250899,27.1327078474972,14.5199674947759,639400000.0,,676700000.0,0.3878423302200411,-3.528731199382954,0.0418363362525814,2.50914793518034,1387949.4666666666,Producer Manufacturing,Building Products,NYSE:AOS,US,79654419.89199999,0.5896900734353768,26.612426353788205,0.6012187040139506,1.0,0.5896900734353768,1.9175435663602136,cyclical,True,False,not_triggered,0.1,0.6896900734353768,priority
AVY,Avery Dennison Corporation,169.38,12836995412.0,18.53882777868987,5.534881714695768,31.1599328087702,7.92891088552066,1063100000.0,,3678200000.0,5.838931551059179,-0.8579465541490858,2.413352463794099,2.25528397685677,993810.8,Process Industries,Pulp & Paper,NYSE:AVY,US,168331673.304,0.5949572450127998,29.855618600966984,0.6209493772836924,1.0,0.5949572450127998,4.185869770027583,cyclical,True,False,not_triggered,0.1,0.6949572450127998,priority
NBR,Nabors Industries Ltd.,90.6,1376319178.0,6.737512177346788,2.4644397126234803,49.2407101413899,4.43602272131375,39653000.0,,2128532000.0,6.0537227306294,,,0.0,230954.4,Industrial Services,Contract Drilling,NYSE:NBR,US,20924468.639999997,0.1368280871254837,36.57788880752672,0.1841963108587173,1.0,0.1368280871254837,25.71616310468132,cyclical,True,True,review_possible_equity_or_leverage_distortion,0.1,0.2368280871254837,watch
RRR,"Red Rock Resorts, Inc.",55.9,5870405201.0,19.779208831646734,19.32183471017248,90.2181750206959,4.02303935478946,193007000.0,,3635487000.0,0.8594734498917169,-4.399155597561872,7.6237623762376305,1.84257602862254,840029.2,Consumer Services,Hotels/Resorts/Cruise lines,NASDAQ:RRR,US,46957632.279999994,0.2192375186830083,97.68760153468595,0.2024740962098831,1.0,0.2192375186830083,8.279292406742433,cyclical,True,True,review_possible_equity_or_leverage_distortion,0.2,0.4192375186830084,watch
CMBT,CMB.TECH NV,19.48,5652507363.391617,6.818395101449906,1.8130899126440936,37.4127454373586,9.70867767866368,,,5446747154.466437,92.48344766009936,210.83493202009507,112.31711710403222,3.22953293413174,1090614.8,Transportation,Marine Shipping,NYSE:CMBT,US,21245176.304,0.1822479217106953,26.591153573053383,0.2564159197801575,1.0,0.1822479217106953,28.92488037913219,cyclical,False,False,not_triggered,0.25,0.4322479217106953,watch
VG,"Venture Global, Inc.",15.8,39501467686.00001,12.007903936768503,4.6043333187626585,48.3977471353661,6.92055616240535,-6990000000.0,,42808000000.0,100.7223208999408,127.64920828258222,147.3308270676692,0.443037974683544,13679820.133333333,Industrial Services,Oil & Gas Pipelines,NYSE:VG,US,216141158.10666665,0.2481087374414968,38.34418848625258,0.3131609876441553,1.0,0.2481087374414968,20.77278229706483,cyclical,False,True,review_possible_equity_or_leverage_distortion,0.25,0.4981087374414968,watch
VAL,Valaris Limited,83.73,5813860292.0,6.251819994176019,1.801623462202594,33.8570193139768,18.8832058844494,-25203600.0,,1165500000.00357,-13.221563692261997,241.0526315795292,248.70079150177045,0.0,1140536.7,Industrial Services,Contract Drilling,NYSE:VAL,US,95497137.891,0.1846535850128765,28.817583741709207,0.2169446283286905,1.0,0.1846535850128765,14.884463175963116,cyclical,False,False,not_triggered,0.33,0.5146535850128766,watch
SUZ,Suzano S.A.,9.36,11702970199.716002,7.459950585797402,1.202095962190486,17.7565258214949,4.99287618971576,944787720.0,,18770509954.694298,0.8744760541851557,11.52866696248189,12.357840064475678,1.9611858974359,3560525.7,Process Industries,Pulp & Paper,NYSE:SUZ,US,33326520.552,0.4201244466846588,16.11399362991883,0.4629485872419932,1.0,0.4201244466846588,9.250301596654252,cyclical,True,False,not_triggered,0.1,0.5201244466846588,watch
KMT,Kennametal Inc.,29.44,2243888127.0000005,6.688324965354295,1.4292573444845185,23.9951111193651,11.9880661689685,-80913000.0,,763706000.0,19.821175628391853,267.6660402684564,268.00434746258674,2.71739130434783,1682540.5,Producer Manufacturing,Industrial Machinery,NYSE:KMT,US,49533992.32,0.2787369865504197,21.369436322070328,0.3129855586525977,1.0,0.2787369865504197,10.942540687697576,cyclical,False,False,not_triggered,0.25,0.5287369865504197,watch
UAL,"United Airlines Holdings, Inc.",109.82,35645789605.0,10.264126960390302,2.134861755940318,23.2590621882275,4.32443795909282,2544000000.0,,33668000000.0,8.476037732595238,5.649546827794562,7.196601576980504,0.0,3194192.966666667,Transportation,Airlines,NASDAQ:UAL,US,350786271.59933335,0.4412958217027966,20.799253206617955,0.4934853601918956,1.0,0.4412958217027966,10.5757014694022,cyclical,True,False,not_triggered,0.1,0.5412958217027967,watch
EME,"EMCOR Group, Inc.",780.66,34434834463.99999,24.223411682569235,8.467080544858032,40.3662123371855,15.510205489277102,1171382000.0,,548028000.0,18.92137557337671,30.209787552442364,33.73516474396216,0.185740271052699,356733.0333333333,Industrial Services,Engineering & Construction,NYSE:EME,US,278487209.802,0.6000912713887337,34.95412064911898,0.6930058955203552,1.0,0.6000912713887337,13.407479609081095,cyclical,True,True,review_high_roa_supports_follow_up,0.0,0.6000912713887337,watch
RCL,Royal Caribbean Cruises Ltd.,260.14,69768245195.0,16.06655384957446,6.796992434054358,45.3388301984025,10.5762988964489,-416000000.0,,23518000000.0,8.717411545623836,22.09270052733833,22.036223309239748,1.92204197739679,1699729.066666667,Consumer Services,Hotels/Resorts/Cruise lines,NYSE:RCL,US,442167519.4026666,0.3543663076278611,42.30522922147604,0.3797770191827339,1.0,0.3543663076278611,6.690955553223232,cyclical,False,True,review_high_roa_supports_follow_up,0.25,0.6043663076278611,watch
NCLH,Norwegian Cruise Line Holdings Ltd.,14.82,6805163585.000001,9.36552072800809,2.644803906171923,36.7304648762226,3.3361510699758,-1185394000.0,,15978819000.0,6.20555770665686,5.7849033253843,13.899085870582311,0.0,14643782.4,Consumer Services,Hotels/Resorts/Cruise lines,NYSE:NCLH,US,217020855.168,0.2549796404583717,28.23979555415958,0.3316426533629275,1.0,0.2549796404583717,23.1161499062851,cyclical,False,False,not_triggered,0.35,0.6049796404583717,watch
VMI,"Valmont Industries, Inc.",483.44,9332740238.0,18.820854615672108,5.265351657506431,31.0677124606998,14.850400574709898,322095000.0,,871741000.0,3.796478627808241,132.28886776073747,139.09672254749557,0.599867615422803,162325.86666666667,Producer Manufacturing,Metal Fabrication,NYSE:VMI,US,78474816.98133333,0.6058011074835398,27.97615605150033,0.6727462693954613,1.0,0.6058011074835398,9.951026851784606,cyclical,True,False,not_triggered,0.0,0.6058011074835398,watch
SQM,Sociedad Quimica y Minera S.A.,69.88,19707101481.61334,14.423414311956902,3.175862716198854,23.7939889153009,9.85367565550602,1944265070.0,,5292358424.8596,58.56238751019303,189.60030783487943,189.59354453078305,0.946880366342301,938621.9333333332,Process Industries,Chemicals: Specialty,NYSE:SQM,US,65590900.70133333,0.6061789119638455,22.018799762037535,0.6550499785562433,1.0,0.6061789119638455,7.460662268871687,cyclical,True,False,not_triggered,0.0,0.6061789119638455,watch
ECG,"Everus Construction Group, Inc.",119.42,6098043099.0,24.02043607691689,7.886750958436386,39.5245454757263,14.380194899871402,250372000.0,,364150000.0,30.5341115385298,53.520965309200605,53.09006928406465,0.0,550416.8666666667,Industrial Services,Engineering & Construction,NYSE:ECG,US,65730782.21733334,0.6077346567253723,32.83350449251577,0.7315830718707541,1.0,0.6077346567253723,16.928824614364725,cyclical,True,False,not_triggered,0.0,0.6077346567253723,watch
AWI,Armstrong World Industries Inc,163.87,6925608927.999999,22.4494828412905,7.843799870378898,36.618082573602,16.2996277915633,246700000.0,,579400000.0,8.56813524590164,6.52027027027027,8.054297302898426,0.827485201684262,364440.3,Producer Manufacturing,Miscellaneous Manufacturing,NYSE:AWI,US,59720831.961,0.6130709546620102,34.939779797297106,0.6425192995356875,1.0,0.6130709546620102,4.583262307444769,cyclical,True,False,not_triggered,0.0,0.6130709546620102,watch
PSX,Phillips 66,259.47,103533954588.0,14.768710619333028,3.2861662242599796,24.0113904096818,8.97991784573254,6394000000.0,,20565000000.0,15.5961228273814,314.4528964306612,322.8171929149018,1.93085905885073,2783704.1,Energy Minerals,Oil Refining/Marketing,NYSE:PSX,US,722287702.8270001,0.6150710295134777,22.250867451883124,0.6637363981997533,1.0,0.6150710295134777,7.332032538560529,cyclical,True,False,not_triggered,0.0,0.6150710295134777,watch
CAT,"Caterpillar, Inc.",818.57,376276058201.0,35.210643587780346,19.400675848946953,56.98969939037211,11.2411498232556,8994000000.0,,45146000000.0,18.35632493387605,14.909399173466143,18.21556423399235,0.752531854331334,2578921.966666667,Producer Manufacturing,Trucks/Construction/Farm Machinery,NYSE:CAT,US,2111028154.2543335,0.6178422410441572,55.09889587953981,0.6390444495432316,1.0,0.6178422410441572,3.317798709343156,cyclical,True,True,review_high_roa_supports_follow_up,0.0,0.6178422410441572,watch
SKYW,"SkyWest, Inc.",96.14,3732954984.999999,9.554475616906672,1.355473389987628,15.341043164437702,5.62041963586,284089000.0,,2384091000.0,9.101531684227805,0.4903090417890396,2.4757617728531867,0.0,294542.9666666667,Transportation,Airlines,NASDAQ:SKYW,US,28317360.815333333,0.6228048193655463,14.186789985513323,0.6734769194908159,1.0,0.6228048193655463,7.523954965461977,cyclical,True,False,not_triggered,0.0,0.6228048193655463,watch
CVE,Cenovus Energy Inc,33.11,61062950975.964264,13.134652442259894,2.536984343182339,20.9433962264151,11.0139079528353,5321536000.0,,8188224000.0,0.0221460187212795,138.54426457704366,141.60591206894858,1.78688167356723,6378725.333333333,Energy Minerals,Integrated Oil,NYSE:CVE,US,211199595.78666663,0.6271500715673641,19.31519965476784,0.6800163952236281,1.0,0.6271500715673641,7.774271918676101,cyclical,True,False,not_triggered,0.0,0.6271500715673641,watch
NEM,Newmont Corporation,126.81,133618713012.00002,16.01277890722665,3.810452738036106,25.527429292554405,15.242097051575302,9733000000.0,,5598000000.0,23.60527601367855,36.96033136848813,42.18029048995494,0.804352969008753,7859811.2,Non-Energy Minerals,Precious Metals,NYSE:NEM,US,996702658.272,0.6272773777458706,23.79632392424047,0.6729097720389915,1.0,0.6272773777458706,6.78135408181838,cyclical,True,False,not_triggered,0.0,0.6272773777458706,watch
EPD,Enterprise Products Partners L.P.,38.9,84003670068.00002,13.521498835552157,2.7771649928714672,21.0675388609772,7.84195597058011,3522000000.0,,34254000000.0,7.3817209259430046,7.224987128882788,7.479358912093255,5.66838046272494,2723919.066666667,Industrial Services,Oil & Gas Pipelines,NYSE:EPD,US,105960451.69333334,0.641816726898159,20.538884236483096,0.6583365814747619,1.0,0.641816726898159,2.509332618217297,cyclical,True,False,not_triggered,0.0,0.641816726898159,watch
TRN,"Trinity Industries, Inc.",28.5,2270580379.0,6.865319297569436,1.9870971160597188,32.3854660347552,4.08989555216524,-351300000.0,,5226500000.0,-18.945948091118343,251.70984455958543,261.2339018447616,4.31578947368421,627291.1333333333,Producer Manufacturing,Trucks/Construction/Farm Machinery,NYSE:TRN,US,17877797.3,0.2119876641639729,28.943986869820037,0.2371932839952992,1.0,0.2119876641639729,10.626616153190016,cyclical,False,False,not_triggered,0.43,0.641987664163973,watch
CRK,"Comstock Resources, Inc.",14.78,4339712019.0,8.586034622981293,1.682621975862685,20.9208843488892,7.09554149713187,-735224000.0,,3169938000.0,17.310164625988406,,,0.0,2456992.5,Energy Minerals,Oil & Gas Production,NYSE:CRK,US,36314349.15,0.4104049561096671,19.597195326454848,0.4381256848213757,1.0,0.4104049561096671,6.327117918916436,cyclical,False,False,not_triggered,0.25,0.6604049561096671,watch
LECO,"Lincoln Electric Holdings, Inc.",253.06,13793226575.999998,25.296893118477342,8.874923064243767,37.7362002022638,14.681728263462702,542404000.0,,1239970000.0,9.13765045361023,10.07878807162118,12.502389815450028,1.23290919149609,452265.8,Producer Manufacturing,Industrial Machinery,NASDAQ:LECO,US,114450383.348,0.6703614296852225,35.08305554630086,0.7210572945988634,1.0,0.6703614296852225,7.030767914475344,cyclical,True,False,not_triggered,0.0,0.6703614296852225,watch
SU,Suncor Energy Inc.,68.83,80505610607.8914,13.042245126145398,2.380820320146954,19.2510485966596,9.73633265167008,7270208000.0,,10334720000.0,9.025994590555362,51.1448099683394,58.695846324526144,2.48688352570829,4804334.433333334,Energy Minerals,Integrated Oil,NYSE:SU,US,330682339.0463333,0.6774823231399696,18.25468159139407,0.7144602912325786,1.0,0.6774823231399696,5.17565056398237,cyclical,True,False,not_triggered,0.0,0.6774823231399696,watch
IESC,"IES Holdings, Inc.",345.71,13776096885.0,30.7224044007216,11.206976197615708,45.1753956242729,24.2517430538164,416671000.0,,76943000.0,22.659690265772685,82.70603190950125,82.836948574214,0.0,317970.3333333333,Industrial Services,Engineering & Construction,NASDAQ:IESC,US,109925523.93666664,0.6800694045104132,36.478187225972725,0.8422130247428259,1.0,0.6800694045104132,19.252091272504845,cyclical,True,True,review_high_roa_supports_follow_up,0.0,0.6800694045104132,watch
CMRE,Costamare Inc.,15.28,1847239028.0,5.792266868840031,0.8312475077535045,16.2593924071706,8.74574766988624,,,1504422000.01002,-52.60229047503472,11.248583953627474,11.510335207338208,3.07591623036649,354124.9333333333,Transportation,Marine Shipping,NYSE:CMRE,US,5411028.981333332,0.3562412865000765,14.350987732027123,0.4036145091193561,1.0,0.3562412865000765,11.737244709721397,cyclical,False,False,not_triggered,0.33,0.6862412865000765,watch
VLTO,Veralto Corp,94.1,22940953884.0,23.71830417905933,7.419830739546593,34.3652173913043,12.5627821221947,1047000000.0,,3379000000.0,6.229019022752704,10.638297872340424,11.103643339214203,0.53134962805526,1440001.6333333333,Producer Manufacturing,Industrial Machinery,NYSE:VLTO,US,135504153.69666666,0.690183446506029,31.2831418449279,0.7581816524897708,1.0,0.690183446506029,8.968590279182354,cyclical,True,False,not_triggered,0.0,0.690183446506029,watch
YETI,"YETI Holdings, Inc.",40.26,2938528967.0000005,17.522632311977713,4.820754389389071,25.320838726671703,13.7283123263038,255436000.0,,253034000.0,6.243468715697036,0.9012517071298772,9.613090978483864,0.0,1783292.6666666667,Producer Manufacturing,Miscellaneous Manufacturing,NYSE:YETI,US,71795362.76,0.6920241663843564,27.511587891357006,0.6369182462740579,1.0,0.6920241663843564,8.651961289014022,cyclical,True,False,not_triggered,0.0,0.6920241663843564,watch
TGS,Transportadora de Gas del Sur SA TGS,29.66,4734426799.321782,11.361808082742767,1.6679844831328867,16.3730168934259,10.3208762127136,279827720.0,,1130678085.52325,10.993368502987414,15.601400512834084,15.60092108759189,0.0,229416.5,Utilities,Gas Distributors,NYSE:TGS,US,6804493.39,0.6939349147868263,14.68062539857856,0.7739321571302313,1.0,0.6939349147868263,10.336467041250453,cyclical,True,False,not_triggered,0.0,0.6939349147868263,watch
RIO,Rio Tinto Plc,99.96,169752399913.9308,13.564934183742706,2.483260474298776,19.5373848711576,9.5006828914368,5763072180.0,,22852000000.0,14.259768013550715,17.124114242128634,16.873641972371562,4.61184473789516,2142328.8333333335,Non-Energy Minerals,Other Metals/Minerals,NYSE:RIO,US,214147190.18,0.6943065447703891,18.306469022716765,0.7409912947663353,1.0,0.6943065447703891,6.3003101825464425,cyclical,True,False,not_triggered,0.0,0.6943065447703891,watch
PAAS,Pan American Silver Corp.,50.34,20871870058.64497,15.575186629967725,2.8568538996425747,22.1949317368835,15.6170569180247,1497234900.48,,839990800.0,31.31847442342491,150.07035864539154,117.89350968964784,1.35752939489533,4897560.933333334,Non-Energy Minerals,Precious Metals,NYSE:PAAS,US,246543217.38400003,0.7017451918576936,18.34234136331819,0.8491384126737308,1.0,0.7017451918576936,17.357973519526904,cyclical,True,False,not_triggered,0.0,0.7017451918576936,watch
ARIS,Aris Mining Corporation,19.54,4033055869.3966026,14.62287646498173,2.287553051562991,20.8350537039755,11.2248011531616,102879575.04,,505226999.2,86.19708216790585,4926.061362812391,3674.443336562824,0.0,1539338.5333333327,Non-Energy Minerals,Precious Metals,NYSE:ARIS,US,30078674.94133332,0.7018401139130044,15.643659830137596,0.9347477907190668,1.0,0.7018401139130044,24.91663303391123,cyclical,True,False,not_triggered,0.0,0.7018401139130044,watch
LCII,LCI Industries,91.02,2212833393.0,10.58261344742992,1.5455737955451407,15.0000781013699,6.55894716580462,286955000.0,,1146181000.0,4.052563945266339,38.7783120500289,43.30772947664829,5.05383432212701,260788.8,Producer Manufacturing,Miscellaneous Manufacturing,NYSE:LCII,US,23736996.576,0.7055038897739774,14.604840318725776,0.7245963130361167,1.0,0.7055038897739774,2.634904831649021,cyclical,True,False,not_triggered,0.0,0.7055038897739774,watch
CPA,"Copa Holdings, S.A.",129.15,5313043870.000001,8.482981490482508,1.8349705751137355,23.0665988845398,9.5386231541718,-48567000.0,,2564815000.0,14.804731189606008,-1.76631414587651,-1.3912457737994903,5.21873790166473,259361.03333333333,Transportation,Airlines,NYSE:CPA,US,33496477.455,0.367760393846713,21.631198620113494,0.3921641902263665,1.0,0.367760393846713,6.222851802345097,cyclical,False,False,not_triggered,0.35,0.717760393846713,watch
FTI,TechnipFMC plc,76.34,29937826391.999996,26.603010872595483,9.16509292952819,36.0425544961217,11.4971418512198,1571700000.0,,1242700000.0,8.765417818950379,29.073342116820378,35.896950179958324,0.261985852763951,2860262.5333334147,Industrial Services,Oilfield Services/Equipment,NYSE:FTI,US,218352441.79467288,0.7381000388154523,34.45133700625373,0.7721909564138659,1.0,0.7381000388154523,4.414829947858411,cyclical,True,False,not_triggered,0.0,0.7381000388154523,watch
SHEL,Shell PLC,96.77,274683897994.8486,10.688093660260655,1.4852583086289102,14.3355255312839,6.751884344353271,28926595730.0,,73076000000.0,7.3746733176189645,89.37971646413719,103.08644744515723,3.12328200888705,6157742.3,Energy Minerals,Integrated Oil,NYSE:SHEL,US,595884722.3709999,0.7455669230218603,13.896381860417645,0.7691278037418178,1.0,0.7455669230218603,3.063324535315637,cyclical,True,False,not_triggered,0.0,0.7455669230218603,watch
GNTX,Gentex Corporation,22.79,4801473382.999999,12.094677068407366,1.8919802948467408,16.1296493905654,13.7847840353176,496653110.0,,11198119.0,10.130257987056156,1.2878354928901257,6.795511221945144,2.10618692408951,2286387.4,Producer Manufacturing,Auto Parts: OEM,NASDAQ:GNTX,US,52106768.84599999,0.7498412876526515,15.64308235884034,0.7731645714677406,1.0,0.7498412876526515,3.016600174890749,cyclical,True,False,not_triggered,0.0,0.7498412876526515,watch
FIX,"Comfort Systems USA, Inc.",1690.82,59507272300.0,41.59919302259783,18.499298789901086,55.29178306239329,21.1695723030638,2156097000.0,,369909000.0,46.10738765936544,107.21091756928936,108.88515440711674,0.177428703232751,369554.6,Industrial Services,Engineering & Construction,NYSE:FIX,US,624850308.772,0.7523575967093658,44.470330902457064,0.9354370021181786,1.0,0.7523575967093658,19.571537687118724,cyclical,True,True,review_high_roa_supports_follow_up,0.0,0.7523575967093658,watch
EC,Ecopetrol S.A.,17.75,36144042181.40625,10.422783323546682,1.481334352602642,15.9041113038176,4.53177184058836,4084973530.0,,30428566042.4418,6.47744983748175,18.116142837710264,18.116243584408387,3.65797183098592,1802346.5333333337,Energy Minerals,Integrated Oil,NYSE:EC,US,31991650.96666667,0.6553515078233143,14.212464239336896,0.7333551133728637,1.0,0.6553515078233143,10.636539396417854,cyclical,True,False,not_triggered,0.1,0.7553515078233143,watch
SMERY,Siemens Energy AG,33.11,142667666921.3592,14.568574822897874,11.577287397155851,26.065060721961004,4.55906179402301,8946294170.0,,3383024700.0,16.832483256129503,200.86282669385253,53.65424920559798,1.63374813488511,558768.5666666667,Producer Manufacturing,Electrical Products,OTC:SMERY,US,18500827.242333338,0.5589311676002805,79.4675356916826,0.1833273763442331,1.0,0.5589311676002805,204.88145237554565,cyclical,True,False,not_triggered,0.2,0.7589311676002806,watch
AEM,Agnico Eagle Mines Limited,200.36,102078826665.04472,17.605970437997463,3.5511855478043377,22.7578751735598,16.7606909120687,4422467526.4,,319965580.0,42.59364612229725,88.18562728491273,88.58597700083142,0.845007012118379,3226617.066666667,Non-Energy Minerals,Precious Metals,NYSE:AEM,US,646484995.4773334,0.7736210126704692,20.170348236755625,0.8728639799046604,1.0,0.7736210126704692,11.369808987309916,cyclical,True,False,not_triggered,0.0,0.7736210126704692,watch
PPG,"PPG Industries, Inc.",105.5,23452650322.000004,15.148686874488464,2.777762418901844,19.563046192259705,7.02171039365492,1407000000.0,,7459000000.0,1.4706791077056172,20.72419106317411,23.48268586322452,2.72037914691943,1439517.066666667,Process Industries,Industrial Specialties,NYSE:PPG,US,151869050.53333333,0.774352149742517,18.336654799960293,0.8261423383790409,1.0,0.774352149742517,6.2689183486395965,cyclical,True,False,not_triggered,0.0,0.774352149742517,watch
SEB,Seaboard Corporation,4296.0,4114683070.000001,6.490995783119151,0.7500333626048286,12.2856312372832,7.66765435084961,-23000000.0,,1972000000.0,8.171861836562764,356.1151079136691,361.79269144437217,0.209497206703911,18449.533333333333,Process Industries,Agricultural Commodities/Milling,AMEX:SEB,US,79259195.2,0.5283404375202903,11.55498151077848,0.5617486948866474,1.0,0.5283404375202903,5.947189138213915,cyclical,False,False,not_triggered,0.25,0.7783404375202903,watch
MWA,MUELLER WATER PRODUCTS,23.94,3737648655.999999,16.95347355003187,3.335478963075663,21.6843954328096,12.0639574341016,179600000.0,,452900000.0,5.883616061842388,49.02749832327297,49.12873587496039,1.16959064327485,1035312.8,Producer Manufacturing,Industrial Machinery,NYSE:MWA,US,24785388.432000004,0.7818282784301376,19.6743101243072,0.8617061255472541,1.0,0.7818282784301376,9.269731843485218,cyclical,True,False,not_triggered,0.0,0.7818282784301376,watch
AROC,"Archrock, Inc.",32.77,5745832257.0,17.601246105919007,3.6994013449700223,21.9475130423621,7.321979426843141,291332000.0,,2357209000.0,11.53657965204034,42.150260994360075,40.92801453334343,2.6853829722307,1850517.066666667,Industrial Services,Oilfield Services/Equipment,NYSE:AROC,US,60641444.274666674,0.8019699576870453,21.01783772982968,0.8374432390320695,1.0,0.8019699576870453,4.235902768290877,cyclical,True,False,not_triggered,0.0,0.8019699576870453,watch
VCISY,Vinci SA,32.23,72831410749.51369,12.273887048250122,2.0426892260343688,17.3005038962651,3.8597842004042406,9695146690.0,,45844043400.0,11.376001743468724,14.57365609425952,16.205691020931987,2.97801056827663,189922.76666666663,Industrial Services,Engineering & Construction,OTC:VCISY,US,6121210.769666666,0.7094525755923131,16.64256170848169,0.737499867102483,1.0,0.7094525755923131,3.803023262955041,cyclical,True,False,not_triggered,0.1,0.8094525755923131,watch
ALSN,"Allison Transmission Holdings, Inc.",126.94,10482456736.0,20.152405143673597,5.3024648065293745,28.349410503751297,7.48867497168743,711000000.0,,4231000000.0,37.5625,-30.577427821522303,-28.496832928462773,0.898062076571609,774996.9666666667,Producer Manufacturing,Auto Parts: OEM,NYSE:ALSN,US,98378114.94866666,0.7108579961832701,26.311821188221625,0.7659068902723745,1.0,0.7108579961832701,7.187413351187866,cyclical,True,False,not_triggered,0.1,0.81085799618327,watch
AGX,"Argan, Inc.",413.74,5804706452.999999,32.70956367747393,11.455169818864125,39.8468914406982,15.7039927765522,545701000.0,,10915000.0,29.020778924621425,52.993071908808574,52.22581926275377,0.483395369072364,333009.1666666667,Industrial Services,Engineering & Construction,NYSE:AGX,US,137779212.61666667,0.8208811903471482,35.02085791120762,0.9340023525524768,1.0,0.8208811903471482,12.111442963305896,cyclical,True,False,not_triggered,0.0,0.8208811903471482,watch
GRBK,"Green Brick Partners, Inc.",68.42,2942791770.0,10.306389901485252,1.526436215401969,15.744086051141002,11.8283726010045,111615000.0,,291859000.0,-8.662832091056835,-16.745301216525544,-15.123697500479446,0.0,311193.6,Consumer Durables,Homebuilding,NYSE:GRBK,US,21291866.112,0.6546197643996191,14.810580911381924,0.6958801928940408,1.0,0.6546197643996191,5.929243124858452,cyclical,True,False,not_triggered,0.18,0.8346197643996192,watch
DAL,"Delta Air Lines, Inc.",79.91,52550655207.00001,13.275630056651105,2.408923053734268,20.1299197554452,4.79734816289856,3410000000.0,,19984000000.0,10.275498998772688,-11.906354515050168,-12.68657798923686,0.972969590789638,4798683.466666667,Transportation,Airlines,NYSE:DAL,US,383462795.82133335,0.6594974156844321,18.145451804958928,0.7316230094101619,1.0,0.6594974156844321,9.858300353877302,cyclical,True,False,not_triggered,0.2,0.8594974156844322,watch
WMS,"Advanced Drainage Systems, Inc.",127.88,9642834941.0,22.07529907300316,5.090381336754519,25.2749673440048,10.8743685219161,550153000.0,,1765658000.0,10.374816405022768,4.245976352694295,4.580083766608902,0.578667500781983,700706.1,Producer Manufacturing,Miscellaneous Manufacturing,NYSE:WMS,US,89606296.06799999,0.8734056417382237,23.059172697595603,0.957332657268531,1.0,0.8734056417382237,8.766755724156383,cyclical,True,False,not_triggered,0.0,0.8734056417382237,watch
BKV,BKV Corporation,24.23,2651678524.0,8.716140868376561,1.151880945997083,13.8632765611743,8.24052576859741,-553342000.0,,1249841000.0,84.2815477142287,,,0.0,1770394.1,Energy Minerals,Integrated Oil,NYSE:BKV,US,42896649.043000005,0.628721560153183,13.215492537256669,0.6595396156294828,1.0,0.628721560153183,4.672661769814413,cyclical,False,False,not_triggered,0.25,0.878721560153183,watch
TTE,TotalEnergies SE,91.89,205115723068.09152,11.58262614226456,1.593378985975925,14.447619030815002,5.83769651551501,16253960172.4642,,62639988174.999565,-5.225619512041304,25.35353120753317,30.520378387619672,4.31636409800686,1469578.2666666666,Energy Minerals,Integrated Oil,NYSE:TTE,US,135039546.924,0.8016979211287505,13.756629683157485,0.8419668486421061,1.0,0.8016979211287505,4.78272126489302,cyclical,True,False,not_triggered,0.08,0.8816979211287505,watch
WDFC,WD-40 Company,194.82,2614697991.0,29.59755708490953,9.39255952309209,33.2153155591224,18.6200142710964,79495000.0,,114414000.0,10.151590599260414,3.1376048959154343,3.54575343327722,2.05317729185915,99966.7,Process Industries,Industrial Specialties,NASDAQ:WDFC,US,19475512.494,0.8910816166182929,31.734239066240157,0.9326695063691098,1.0,0.8910816166182929,4.4590167756978545,cyclical,True,False,not_triggered,0.0,0.8910816166182929,watch
PNR,Pentair plc.,56.58,9032315769.999998,14.23861891939502,2.409067084726523,17.125917941117,9.63484615326304,673000000.0,,1764700000.0,-2.1464461681057614,6.892024942566459,8.53545285698678,1.87345351714387,3509689.2333333334,Producer Manufacturing,Industrial Machinery,NYSE:PNR,US,198578216.822,0.8314076342273038,16.91924686210284,0.8415634002768697,1.0,0.8314076342273038,1.206773731631472,cyclical,True,False,not_triggered,0.08,0.9114076342273038,watch
WH,"Wyndham Hotels & Resorts, Inc.",69.31,5143573117.0,25.3520611580526,10.75749462590894,39.6190476190476,4.82039397450753,322000000.0,,2675000000.0,-2.206896551724138,-37.91044776119403,-35.90969829101905,2.42389265618237,1180289.6333333333,Consumer Services,Hotels/Resorts/Cruise lines,NYSE:WH,US,81805874.48633334,0.6398957744220011,42.43242614019975,0.597469045825652,1.0,0.6398957744220011,7.101075594254258,cyclical,True,False,not_triggered,0.28,0.9198957744220012,watch
PAA,"Plains All American Pipeline, L.P.",26.1,18415285065.0,7.228715448955853,2.0366376283237773,9.93986047630503,3.66487502882586,2375000000.0,,8635000000.0,8.999185310522027,201.20087336244544,299.22600619195043,6.25478927203065,2710144.433333333,Industrial Services,Oil & Gas Pipelines,NASDAQ:PAA,US,70734769.71,0.7272451626647984,28.17426751274264,0.2565715486901817,1.0,0.7272451626647984,183.4473137717113,cyclical,True,False,not_triggered,0.2,0.9272451626647984,watch
TOL,"Toll Brothers, Inc.",134.92,12432473499.000002,10.833815121731869,1.4608634339559146,14.4154859800189,8.2412390879404,1090227000.0,,2912773000.0,-1.082589922924849,-12.85620791460027,-8.472483537158991,0.756003557663801,868598.4999999999,Consumer Durables,Homebuilding,NYSE:TOL,US,117191309.61999996,0.7515400546848344,13.484293552559574,0.8034395780174487,1.0,0.7515400546848344,6.459667254715096,cyclical,True,False,not_triggered,0.18,0.9315400546848344,watch
NEU,NewMarket Corp,887.08,8157948314.999999,19.097935369975673,4.4376612102696935,25.0238038855477,12.6671987839555,473657000.0,,939930000.0,-1.3142625408907866,-9.781197945948431,-7.931171866173245,1.32457050096947,125826.13333333332,Process Industries,Chemicals: Specialty,NYSE:NEU,US,111617846.35733332,0.7631907385993196,23.23634007708628,0.8218994603547074,1.0,0.7631907385993196,7.143053936311238,cyclical,True,False,not_triggered,0.18,0.9431907385993196,watch
ARLP,"Alliance Resource Partners, L.P.",26.53,3413318005.0000005,12.938938743659776,1.9295078700356811,14.7934377778345,9.06801614389223,357086000.0,,590868000.0,-5.111511996899972,12.985420240137236,12.733670552012304,9.04636260836788,326823.43333333335,Energy Minerals,Coal,NASDAQ:ARLP,US,8670625.686333334,0.8746404275986897,14.912412124844176,0.8676623630930518,1.0,0.8746404275986897,0.8042373165481509,cyclical,True,False,not_triggered,0.08,0.9546404275986896,watch
RACE,Ferrari N.V.,413.78,90939012589.5233,39.2820586311225,17.422370278285175,45.447130138047,16.471742217792,2181819975.5,,3615358812.82,2.4566492564077307,-0.5380852022770656,0.4637739981203549,1.01487928130264,411689.6666666667,Consumer Durables,Motor Vehicles,NYSE:RACE,US,170348950.27333334,0.8643462967144919,44.351978703279386,0.8856889766728262,1.0,0.8643462967144919,2.4097262719143253,cyclical,True,True,review_high_roa_supports_follow_up,0.1,0.964346296714492,watch
WFRD,Weatherford International plc,88.85,6458363575.0,17.554778416612333,3.5679134352320307,22.1952698605215,7.14634384457678,526000000.0,,1622000000.0,-7.16922479114047,-23.90852390852391,-22.193697156033817,1.20990433314575,884095.9333333333,Industrial Services,Oilfield Services/Equipment,NASDAQ:WFRD,US,78551923.67666666,0.7909243062566605,20.32445725350577,0.8637267995721906,1.0,0.7909243062566605,8.42887975128126,cyclical,True,False,not_triggered,0.18,0.9709243062566606,watch
PHM,"PulteGroup, Inc.",118.26,22168138392.0,12.080166707526354,1.7054453835658576,14.9007101696911,10.6353906268893,1542275000.0,,2428181000.0,-7.276057627038757,-30.48342075564234,-26.81384239288892,0.845594452900389,1304062.8,Consumer Durables,Homebuilding,NYSE:PHM,US,154218466.72800002,0.8107108030393146,14.117730531841977,0.8556734158000835,1.0,0.8107108030393146,5.254646449279631,cyclical,True,False,not_triggered,0.18,0.9907108030393146,watch
AR,Antero Resources Corporation,38.43,11814880686.0,11.032958199356912,1.42659336335255,13.8740056424938,7.741321768894541,-1216093000.0,,4615305000.0,20.838319979952058,140.24273996896474,142.66406576564023,0.0,3601481.433333333,Energy Minerals,Oil & Gas Production,NYSE:AR,US,138404931.48299998,0.7952251486452314,12.930288845250072,0.8532646355699824,1.0,0.7952251486452314,6.802049974329538,cyclical,False,False,not_triggered,0.25,1.0452251486452315,watch
TM,Toyota Motor Corporation,198.2,232404577273.0005,8.737936841734008,1.02242431351842,12.0908069189237,4.5302230355646,-5548421450.0,,270439427780.342,3.884930170899215,1.9082965826953957,4.593158909188172,2.69953430877901,356610.9,Consumer Durables,Motor Vehicles,NYSE:TM,US,70680280.38,0.7226926126872467,11.700980815461284,0.7467696067143356,1.0,0.7226926126872467,3.2241529128406388,cyclical,False,False,not_triggered,0.35,1.0726926126872467,watch
MATX,"Matson, Inc.",230.18,6883177661.0,15.389655541292257,2.482124080539524,17.2061360390273,10.0874331201879,108500000.0,,332400000.0,-0.1616254906488108,-6.132361870066788,1.1325755782897002,0.634286210791554,263826.0333333333,Transportation,Marine Shipping,NYSE:MATX,US,60727476.35266667,0.8944283310549873,16.12852265523223,0.9541887915133828,1.0,0.8944283310549873,6.262959803123735,cyclical,True,False,not_triggered,0.18,1.0744283310549874,watch
TFPM,Triple Flag Precious Metals Corp.,33.78,6958782550.492006,17.45278963570893,3.0534735128727073,19.9566558504713,18.4477995404425,-223141135.36,,235906572.0,42.96234644839747,126.67894499839868,120.69813556094518,0.686118098486463,596842.2,Non-Energy Minerals,Precious Metals,NYSE:TFPM,US,20161329.516,0.87453478009928,17.495618618041494,0.9975520166924308,1.0,0.87453478009928,12.331911973977782,cyclical,False,False,not_triggered,0.25,1.12453478009928,watch
TGLS,Tecnoglass Holdings Inc.,38.32,1700052087.0000002,13.473980309423348,2.1553203001699734,17.0176150810645,9.93757420244342,-6617000.0,,225394000.0,9.871470513762198,-29.035187038829896,-26.89885618815062,1.56576200417537,271509.13333333336,Producer Manufacturing,Building Products,NYSE:TGLS,US,10404229.989333335,0.7917666632626946,15.9961663196331,0.8423255947824128,1.0,0.7917666632626946,6.002302652667035,cyclical,False,False,not_triggered,0.35,1.1417666632626946,watch
MTDR,Matador Resources Company,61.05,7555194979.0,10.484646561791578,1.2768726262561405,12.8145917819144,5.84223052790299,-568093000.0,,4216410000.0,1.841220432165221,-15.172645797729317,-14.615441014737144,2.45700245700246,1957111.566666667,Energy Minerals,Integrated Oil,NYSE:MTDR,US,119481661.145,0.8181803010368899,12.17849947283252,0.8609144817208767,1.0,0.8181803010368899,4.963812503021869,cyclical,False,False,not_triggered,0.35,1.16818030103689,watch
BMWKY,Bayerische Motoren Werke AG,24.4,44272399003.36112,6.04349333729628,0.4021342782390144,6.78380760050947,2.38336919971324,-6269924850.0,,133524863699.99998,0.6026220835427296,18.261872215770968,20.33261802575107,4.84632036406871,210795.36666666667,Consumer Durables,Motor Vehicles,OTC:BMWKY,US,5143406.946666666,0.8908703921441415,6.654003831812282,0.9082491519471032,1.0,0.8908703921441415,1.9134352909336736,cyclical,False,False,not_triggered,0.35,1.2408703921441415,watch
