name,description,close,market_cap_basic,price_earnings_ttm,price_book_fq,return_on_equity,return_on_assets,free_cash_flow_ttm,cash_n_short_term_inv,total_debt,total_revenue_yoy_growth_ttm,net_income_yoy_growth_ttm,earnings_per_share_diluted_yoy_growth_ttm,dividends_yield_current,average_volume_30d_calc,sector,industry,symbol,market,traded_value_30d,quick_pr_roe,implied_roe_from_pe_pb,quick_pr_pe_pb,market_pr_factor,market_normalized_quick_pr,pr_path_gap_percent,model,fcf_positive,extreme_roe_review_required,roe_reliability_precheck,rank_penalty,screen_rank,stage1_tier
300972,"Fujian Wanchen Food Group Co., Ltd. Class A",181.12,35741052904.0,17.386296004761263,13.257491192537392,96.4764954942345,22.1421155552169,4077275010.0,,1738164366.96,44.81447487802455,172.58301461960758,155.20958377226293,0.545057972614841,1987521.6666666667,Process Industries,Agricultural Commodities/Milling,SZSE:300972,A,359979924.2666667,0.18021276494024682,76.25253354082324,0.22800942076833658,1.0,0.18021276494024682,20.962579382477532,cyclical,True,True,review_high_roa_supports_follow_up,0.0,0.18021276494024682,priority
600961,"Zhuzhou Smelter Group Co., Ltd. Class A",24.3,26070808288.0,10.479106472896632,4.44859402460457,53.679940778415,27.0892523869734,2803095330.0,,1335391190.83,23.464480803310217,148.52706859556076,148.54233654876742,0.0,50519595.666666664,Non-Energy Minerals,Other Metals/Minerals,SSE:600961,A,1227626174.7,0.19521456843913543,42.45203573520797,0.24684579411596255,1.0,0.19521456843913543,20.91638865540968,cyclical,True,True,review_high_roa_supports_follow_up,0.0,0.19521456843913543,priority
000151,"China National Complete Plant Import & Export Co., Ltd. Class A",10.66,3740660897.0,8.303474061380276,4.239225963469485,73.1174434639211,16.6749098231582,211272220.0,,836667666.15,33.34846800488447,,,0.0,5880766.233333333,Distribution Services,Wholesale Distributors,SZSE:000151,A,62688968.04733334,0.11356351737704728,51.05364251315314,0.16264214760466936,1.0,0.11356351737704728,30.17583753684586,stable_or_general,True,True,review_high_roa_supports_follow_up,0.1,0.2135635173770473,priority
688332,"Shenzhen Bluetrum Technology Co., Ltd. Class A",86.02,15353308030.0,8.703922937599287,2.6960623761392526,36.3336621518597,32.3465664300322,176028820.0,,134131190.87,5.1806051582914705,494.75528319373547,495.24784677467926,1.06146826319461,5022036.166666669,Electronic Technology,Electronic Production Equipment,SSE:688332,A,431995551.05666685,0.2395553440558919,30.975255588405744,0.28099600059013646,1.0,0.2395553440558919,14.747774504694933,technology_strict,True,False,not_triggered,0.0,0.2395553440558919,priority
300475,"Shannon Semiconductor Technology Co., Ltd. Class A",167.65,78718676310.0,19.608875165210478,11.026297373945711,77.9614056590267,19.9506304444328,7672637730.0,,15196569807.19,133.214121466672,1416.8762174718536,1383.550234252993,0.0698938264240978,29552474.30000002,Producer Manufacturing,Electrical Products,SZSE:300475,A,4954472316.395003,0.2515202874993324,56.231156968698855,0.34871904158269024,1.0,0.2515202874993324,27.873084773981148,cyclical,True,True,review_high_roa_supports_follow_up,0.0,0.2515202874993324,priority
688336,"Sunshine Guojian Pharmaceutical (Shanghai) Co., Ltd. Class A",38.07,34119303136.000004,11.087165448350177,4.012191497568656,43.3759904602582,41.5918436129793,2768102300.0,,0.0,257.6287675051025,302.44869615660497,301.226922178079,0.621988442343052,9429981.266666668,Health Technology,Pharmaceuticals: Major,SSE:688336,A,358999386.822,0.2556060468177302,36.18771196533095,0.3063792886096821,1.0,0.2556060468177302,16.572021569198004,health_special,True,True,review_high_roa_supports_follow_up,0.0,0.2556060468177302,priority
600066,"Yutong Bus Co., Ltd. Class A",26.67,57739143739.0,10.762277551349825,4.550286035040785,41.9633760115753,17.8256609207609,6742100450.0,,244309885.36999997,13.520491965018078,25.31845967123254,25.32112875493071,9.37382827146607,19128972.29999998,Consumer Durables,Motor Vehicles,SSE:600066,A,510169691.24099946,0.2564683439287899,42.27995434358669,0.2545479936872808,1.0,0.2564683439287899,0.7544157837159338,cyclical,True,True,review_high_roa_supports_follow_up,0.0,0.2564683439287899,priority
300773,"Lakala Payment Co., Ltd. Class A",15.09,16103535339.0,10.189061444969614,3.540566349837988,39.6843775216037,15.072683148341701,303746930.0,,44141541.3,13.541774992577304,899.7749951260454,884.0531561461795,2.29915175612989,55560279.4,Electronic Technology,Computer Processing Hardware,SZSE:300773,A,838404616.146,0.25675245729690005,34.74869956335362,0.2932213744112346,1.0,0.25675245729690005,12.437332437841974,technology_strict,True,False,not_triggered,0.0,0.25675245729690005,priority
000807,Yunnan Aluminium Co. Ltd. Class A,27.29,94640563883.0,8.626793955870266,2.4800298076136644,31.873035672668497,23.0309853020037,12728817110.0,,2188432237.63,11.998636627683801,135.39154029176737,135.38953791204702,2.56137779406376,77991675.43333355,Non-Energy Minerals,Aluminum,SZSE:000807,A,2128392822.5756724,0.2706611960174174,28.747989349230732,0.30008338500031867,1.0,0.2706611960174174,9.804671119285736,cyclical,True,False,not_triggered,0.0,0.2706611960174174,priority
002612,"Lancy Co., Ltd. Class A",15.9,7034881270.0,8.409138988787815,2.504789030599385,29.5071357877947,10.4375663285866,396862140.0,,2680290077.2900004,10.934966133069214,120.44882200806548,120.45004080680893,7.54716981132076,11045836.166666666,Consumer Non-Durables,Apparel/Footwear,SZSE:002612,A,175628795.04999998,0.2849866232108561,29.786510056964257,0.2823136706081386,1.0,0.2849866232108561,0.9468023978292051,stable_or_general,True,False,not_triggered,0.0,0.2849866232108561,priority
000612,"Jiaozuo Wanfang Aluminum Manufacturing Co., Ltd. Class A",10.61,12649234597.0,7.165045921123717,1.5624723879761786,23.9851342465253,20.5343293820202,1793464910.0,,299027706.75,11.182665610819303,130.76432822633265,130.76203833567084,3.0631479736098,35970062.999999985,Non-Energy Minerals,Aluminum,SZSE:000612,A,381642368.4299998,0.2987286144609222,21.806871933224553,0.32856825788971517,1.0,0.2987286144609222,9.08171824644386,cyclical,True,False,not_triggered,0.0,0.2987286144609222,priority
600132,Chongqing Brewery Co.Ltd Class A,38.5,18632890869.0,16.03765725235358,11.763447759597904,72.5614725824339,9.40469682086705,2306202250.0,,120019179.32000001,-1.1255032737281108,7.749430700026232,7.746858168761205,6.49350649350649,3645011.8333333335,Consumer Non-Durables,Beverages: Alcoholic,SSE:600132,A,140332955.58333334,0.2210216617935076,73.34891608231358,0.21864886502693245,1.0,0.2210216617935076,1.0852088193016085,stable_or_general,True,True,review_possible_equity_or_leverage_distortion,0.08,0.3010216617935076,priority
002611,"Guangdong Dongfang Precision Science & Technology Co., Ltd. Class A",13.96,16695538351.0,4.020158387329014,1.7652630128082731,56.30350236235601,41.1593284611644,841444720.0,,383526407.31,-0.31799421773769865,468.563774839886,466.75371307328214,1.73352435530086,21866826.033333518,Producer Manufacturing,Industrial Machinery,SZSE:002611,A,305260891.42533594,0.07140156861745876,43.91028518607972,0.09155391203433746,1.0,0.07140156861745876,22.011449832226205,cyclical,True,True,review_high_roa_supports_follow_up,0.22999999999999998,0.30140156861745876,priority
603444,"G-Bits Network Technology (Xiamen) Co., Ltd. Class A",375.2,27029821430.0,12.016397642838841,4.44516371637486,39.4799594237808,26.12710713473,3034145910.0,,24240639.42,74.27627798657514,109.04808114480116,109.59643422925112,5.22388059701493,1848561.5666666667,Technology Services,Packaged Software,SSE:603444,A,693580299.8133333,0.30436702109680364,36.9924818443733,0.3248335078838886,1.0,0.30436702109680364,6.300608247102602,technology_strict,True,False,not_triggered,0.0,0.30436702109680364,priority
000933,Henan Shenhuo Coal Industary and Electricity Power Corporation Limited Class A,27.15,60530367362.0,8.811216045175737,2.1908765927229004,27.513984105269103,11.91854215424,10772467400.0,,14555494887.869999,12.741427207519704,75.24903223916701,76.54844439351402,2.94659300184162,48092689.83333323,Non-Energy Minerals,Aluminum,SZSE:000933,A,1305716528.9749973,0.32024500746470713,24.864633683819793,0.35436741828653906,1.0,0.32024500746470713,9.629105008249027,cyclical,True,False,not_triggered,0.0,0.32024500746470713,priority
601899,"Zijin Mining Group Co., Ltd. Class A",32.26,840103507840.571,13.094126719974023,4.224641998913064,39.5141698448175,13.733808590563,69114516800.0,,173229052074.0,17.01668940250069,68.05463320035699,65.79407806191115,2.47985120892746,257392438.49999994,Non-Energy Minerals,Precious Metals,SSE:601899,A,8303480066.009997,0.33137800367306436,32.26364070899602,0.4058477726700883,1.0,0.33137800367306436,18.34918755549265,cyclical,True,False,not_triggered,0.0,0.33137800367306436,priority
002259,"Sichuan Shengda Forestry Industry Co., Ltd. Class A",4.21,3167301949.0,15.28130671506352,6.728464120185392,56.11051975671361,25.3731596909565,14477040.0,,37482650.82,-0.8106703553605343,198.32393132357865,198.48320693391122,0.0,15845246.866666676,Utilities,Gas Distributors,SZSE:002259,A,66708489.308666706,0.27234298989424555,44.03068563209206,0.3470603851765969,1.0,0.27234298989424555,21.528644141950227,cyclical,True,True,review_high_roa_supports_follow_up,0.08,0.35234298989424556,priority
600989,"Ningxia Baofeng Energy Group Co., Ltd. Class A",23.97,175780630887.0,11.318349230333364,3.149339387632832,30.7483014005767,16.6197878112591,12334037720.0,,27734987593.34,42.437252840155466,75.53613281422017,76.6157951797181,3.22110972048394,72258253.76666667,Process Industries,Chemicals: Specialty,SSE:600989,A,1732030342.787,0.36809673103181834,27.825076992610814,0.40676793934259553,1.0,0.36809673103181834,9.506945993156757,cyclical,True,False,not_triggered,0.0,0.36809673103181834,priority
002170,"Shenzhen Batian Ecological Technique Co., Ltd. Class A",11.4,11078870174.0,10.441472797215607,2.876884485517158,28.1424419779659,17.0547011318505,1261128780.0,,1310188461.02,19.7079912720043,48.02381165345126,43.41258373834233,6.40350877192982,20750959.83333335,Process Industries,Chemicals: Agricultural,SZSE:002170,A,236560942.1000002,0.3710222732409202,27.55247790603187,0.37896674240430944,1.0,0.3710222732409202,2.096349962792654,cyclical,True,False,not_triggered,0.0,0.3710222732409202,priority
605599,"Beijing Caishikou Department Store Co., Ltd. Class A",14.3,11122223146.0,10.00979980400392,2.5145952029260745,26.605560253934403,13.5312390809598,1043080240.0,,155569572.35,41.332755362045255,42.82847173132896,42.83143371325736,5.45454545454545,10544117.7,Retail Trade,Specialty Stores,SSE:605599,A,150780883.10999998,0.3762296192399738,25.121333614686645,0.39845813751511616,1.0,0.3762296192399738,5.578633282222556,stable_or_general,True,False,not_triggered,0.0,0.3762296192399738,priority
002532,"Tianshan Aluminum Group Co., Ltd. Class A",13.22,61191908404.0,8.779969449425517,1.8897403679704734,23.0433108774827,12.9169761426576,7289359630.0,,13565658503.74,6.929436125348134,54.74782417100479,55.435119231960364,6.42965204236006,85383710.3,Non-Energy Minerals,Aluminum,SZSE:002532,A,1128772650.1660001,0.3810203098030095,21.523313706907274,0.40792833152860863,1.0,0.3810203098030095,6.596262050436186,cyclical,True,False,not_triggered,0.0,0.3810203098030095,priority
002847,Yankershop Food Co. Ltd. Class A,43.81,11600736751.0,14.882125144371221,5.635784983418109,37.44584590495,19.198646413515,438642260.0,,1214645263.3700001,1.837936822751901,15.536413454631331,4.3013038548752816,3.19561743894088,3822205.6000000006,Consumer Non-Durables,Food: Major Diversified,SZSE:002847,A,167450827.33600003,0.3974306037082725,37.869490605309814,0.39298456109374086,1.0,0.3974306037082725,1.131352998234214,stable_or_general,True,False,not_triggered,0.0,0.3974306037082725,priority
000792,"Qinghai Salt Lake Industry Co., Ltd. Class A",25.45,130131905732.0,11.103355001963264,2.820241465860672,27.9376308241854,21.9258337946868,9003523450.0,,1302593856.42,48.33508368601865,144.2435505117396,145.43312988542672,0.0,59238040.66666678,Process Industries,Chemicals: Agricultural,SZSE:000792,A,1507608134.9666696,0.3974336647168797,25.399903590959713,0.43714161993572087,1.0,0.3974336647168797,9.083544876070137,cyclical,True,False,not_triggered,0.0,0.3974336647168797,priority
002452,Changgao Electric Group Co. Ltd. Class A,11.81,7326122270.0,9.255485893416928,2.2898735625275086,29.1200158245745,19.9528230653176,508858620.0,,784437167.3299999,-3.3616748074005285,246.73076201944642,228.02056555269922,1.01608806096528,14245241.466666667,Producer Manufacturing,Electrical Products,SZSE:002452,A,168236301.72133335,0.3178393153758586,24.740716899111778,0.37409934122600996,1.0,0.3178393153758586,15.038793082547075,cyclical,True,False,not_triggered,0.08,0.3978393153758586,priority
300573,"Shenyang Xingqi Pharmaceutical Co., Ltd. Class A",35.71,12587338764.0,16.132821323695506,5.899105635454765,40.3669363597826,31.5611175946365,597981740.0,,71975991.78,22.428976774403512,57.16542755810307,56.46426804269454,2.68379725567068,6974397.499999999,Health Technology,Pharmaceuticals: Major,SZSE:300573,A,249055734.72499996,0.3996543403717049,36.565864811198885,0.44119895446188295,1.0,0.3996543403717049,9.416299306703657,health_special,True,True,review_high_roa_supports_follow_up,0.0,0.3996543403717049,priority
603993,CMOC Group Limited Class A,18.15,370572709707.2947,13.88995178694421,4.309116809116809,34.2453311488368,13.6036308848791,17682221110.0,,47254665612.850006,20.610659510924727,65.73107931035365,66.45859872611464,1.57575757575758,231135896.9333339,Distribution Services,Wholesale Distributors,SSE:603993,A,4195116529.34001,0.40560132785914105,31.023266856600188,0.44772692222093075,1.0,0.40560132785914105,9.408769558200214,stable_or_general,True,False,not_triggered,0.0,0.40560132785914105,priority
002648,Satellite Chemical Co. Ltd. Class A,27.22,91636243903.0,10.390106114970607,2.4013818973563623,25.4290158398774,11.7413070343298,12548159240.0,,26766214478.329998,7.268363633239024,30.09342090629934,30.481123617890233,1.83688464364438,46826031.733333275,Process Industries,Chemicals: Specialty,SZSE:002648,A,1274604583.7813318,0.4085925377684888,23.112197996672297,0.44955075741677963,1.0,0.4085925377684888,9.110922175650648,cyclical,True,False,not_triggered,0.0,0.4085925377684888,priority
002546,"Nanjing Xinlian Electronics Co., Ltd. Class A",7.54,6288729973.0,7.457224804668183,1.5161508268451194,22.3375311184858,19.9922807014655,413705230.0,,226455701.26999998,-10.165044033454237,70.03173668602615,70.04709048099565,1.59151193633952,23041558.766666614,Electronic Technology,Electronic Equipment/Instruments,SZSE:002546,A,173733353.10066625,0.33384283899203304,20.331301074576928,0.36678542004343223,1.0,0.33384283899203304,8.981431444984466,technology_strict,True,False,not_triggered,0.08,0.41384283899203306,priority
603271,"Yong Jie New Material Co., Ltd. Class A",38.41,7610365042.0,10.171062387458955,2.2446682554468707,24.2975812058612,12.3066832678416,284932410.0,,3283407452.18,46.01093684339146,110.22879275763553,110.04505256132155,1.65321530851341,1874095.0666666667,Non-Energy Minerals,Aluminum,SSE:603271,A,71983991.51066665,0.4186039055198397,22.06916219700485,0.4608721571152047,1.0,0.4186039055198397,9.171361502925224,cyclical,True,False,not_triggered,0.0,0.4186039055198397,priority
002668,"Guangdong TCL Smart Home Appliances Co., Ltd. Class A",9.0,9757003052.0,9.791122715404699,2.5487230897320443,28.90820095028,6.05686233298588,1479687900.0,,5129086626.04,0.6009284337096154,-9.280770751900558,-9.277536517962897,2.26433333333333,23048287.933333214,Consumer Durables,Electronics/Appliances,SZSE:002668,A,207434591.39999893,0.3386970615101478,26.030958489796618,0.37613377622043903,1.0,0.3386970615101478,9.953031893724662,stable_or_general,True,False,not_triggered,0.1,0.43869706151014776,priority
002192,"YOUNGY Co., Ltd. Class A",60.94,15823388287.0,13.241780926098954,3.479625292205159,30.0705631930238,22.6263822190295,327076840.0,,181821355.69,235.61857431040752,787.3280335611763,787.2373240794293,0.36101083032491,18698779.8,Non-Energy Minerals,Construction Materials,SZSE:002192,A,1139503641.012,0.4403569311655251,26.277623165830924,0.5039185181450271,1.0,0.4403569311655251,12.613465211296138,cyclical,True,False,not_triggered,0.0,0.4403569311655251,priority
688578,Shanghai Allist Pharmaceuticals Co. Ltd. Class A,99.49,44770499039.0,16.713704935658367,5.290732364136821,36.7115747778828,32.6328785854394,2631107510.0,,4257814.08,40.8281095612533,46.78027400862699,46.78206835330672,1.00512614333099,7290348.433333334,Health Technology,Pharmaceuticals: Major,SSE:688578,A,725316765.6323333,0.4552707160284412,31.6550542474227,0.5279948284094053,1.0,0.4552707160284412,13.773641041153162,health_special,True,False,not_triggered,0.0,0.4552707160284412,priority
605499,Eastroc Beverage (Group) Co. Ltd. Class A,112.77,76196310933.22432,16.008233373553836,4.210053953799539,34.7901112009922,16.7155232750374,4888065410.0,,6059043393.62,20.743504365935337,23.582905520871936,27.145564479740102,3.01708787798173,7360176.966666667,Consumer Non-Durables,Beverages: Non-Alcoholic,SSE:605499,A,830007156.531,0.46013745920700844,26.29930396163949,0.6086941843367282,1.0,0.46013745920700844,24.405806553186736,stable_or_general,True,False,not_triggered,0.0,0.46013745920700844,priority
603929,L&K Engineering (Suzhou) Co. Ltd. Class A,154.69,33004659014.999996,27.015840304580937,13.822924662424503,58.129510362181,23.864481822664,651890620.0,,100000000.0,36.96383351506071,118.35483462858312,118.35411661518513,1.71310362660805,5420514.6,Industrial Services,Engineering & Construction,SSE:603929,A,838499403.474,0.4647525867026297,51.16599930478794,0.5280037656188782,1.0,0.4647525867026297,11.979304511609158,cyclical,True,True,review_high_roa_supports_follow_up,0.0,0.4647525867026297,priority
000889,"ZJBC Information Technology Co., Ltd. Class A",4.1,3832314254.0,31.906614785992215,19.272351226849672,86.5350089117597,11.9339621764566,11463770.0,,106057248.23,0.8009902695497022,,,0.0,54448782.90000001,Consumer Services,Other Consumer Services,SZSE:000889,A,223240009.89000005,0.3687133703138298,60.40236908902885,0.5282344925736954,1.0,0.3687133703138298,30.198921975472924,stable_or_general,True,True,review_high_roa_supports_follow_up,0.1,0.46871337031382976,priority
002289,Shenzhen Success Electronics Co. Ltd. Class A,35.1,9836905255.0,36.39191290824262,19.812710615887426,74.8051273360815,9.23410706550791,251366900.0,,3466392279.6299996,184.52073328572584,,,0.0,5137934.066666684,Electronic Technology,Electronic Production Equipment,SZSE:002289,A,180341485.7400006,0.48648955231026453,54.442619341947065,0.6684452979690362,1.0,0.48648955231026453,27.220738362827145,technology_strict,True,True,review_possible_equity_or_leverage_distortion,0.0,0.48648955231026453,priority
603605,"Proya Cosmetics Co., Ltd. Class A",57.21,22627809948.0,12.347037876335385,3.3374674916315383,30.029211999615,19.4694412703874,1741721450.0,,929364858.36,-4.744642787298599,13.23970257740186,10.471353980401963,3.49589232651634,5694734.199999996,Consumer Non-Durables,Household/Personal Care,SSE:603605,A,325795743.5819998,0.4111675616560862,27.03051148833199,0.4567815108369339,1.0,0.4111675616560862,9.98594472382911,stable_or_general,True,False,not_triggered,0.08,0.4911675616560862,priority
601168,"Western Mining Co., Ltd. Class A",37.59,89576970364.0,15.073381987328577,3.9954252964947825,30.460052959274105,9.75410895926303,2120189210.0,,27382869773.0,22.663573583015783,86.86095948710813,86.85748538888055,0.266028198989093,69331848.46666667,Non-Energy Minerals,Other Metals/Minerals,SSE:601168,A,2606184183.8620005,0.494857379515462,26.506495356208266,0.5686674826213168,1.0,0.494857379515462,12.9794836809767,cyclical,True,False,not_triggered,0.0,0.494857379515462,priority
603558,ZheJiang Jasan Holding Group Co Ltd,12.15,4104073576.0,9.350469447437279,1.7622998375493155,18.7813315719964,11.3923807207472,20872250.0,,1350153235.2900002,2.611292620424855,45.48575442745384,53.23113207547172,5.34979423868313,3616486.8,Consumer Non-Durables,Apparel/Footwear,SSE:603558,A,43940314.62,0.49785977163510303,18.84718032025992,0.49612033675859296,1.0,0.49785977163510303,0.3506074529971315,stable_or_general,True,False,not_triggered,0.0,0.49785977163510303,priority
603699,"Neway Valve (Suzhou) Co., Ltd. Class A",43.51,33421433482.0,19.51296080365952,7.152509049543167,38.8883876414937,17.4444279506344,1573137160.0,,3193140855.02,21.40327638874775,30.1755512486392,28.800831792975966,3.70029878188922,6015495.266666667,Producer Manufacturing,Industrial Machinery,SSE:603699,A,261734199.05266666,0.5017683166385457,36.65517048648898,0.5323385635555005,1.0,0.5017683166385457,5.74263241662889,cyclical,True,False,not_triggered,0.0,0.5017683166385457,priority
603025,"Beijing Dahao Technology Corp., Ltd. Class A",13.01,14472893124.0,17.10716633793557,5.225088457012502,32.6799847893319,17.5797706487175,532085510.0,,1202781852.13,23.86592121435898,27.49911599789346,27.51509054325954,3.45887778631822,10259597.999999998,Electronic Technology,Computer Peripherals,SSE:603025,A,133477369.97999997,0.5234753457878003,30.54327264840897,0.5600960491320075,1.0,0.5234753457878003,6.538289888128846,technology_strict,True,False,not_triggered,0.0,0.5234753457878003,priority
000680,"Shantui Construction Machinery Co., Ltd. Class A",10.08,14875888423.0,11.359026369168358,2.244588937383094,21.4434151999867,6.93590546836669,836746270.0,,8034504666.4800005,11.116084280608892,10.182094920372021,10.167597765363125,1.33928571428571,19753345.4,Producer Manufacturing,Trucks/Construction/Farm Machinery,SZSE:000680,A,199113721.632,0.5297209545788865,19.760399038033306,0.5748379041994734,1.0,0.5297209545788865,7.848638597243762,cyclical,True,False,not_triggered,0.0,0.5297209545788865,priority
600096,Yunnan Yuntianhua Co. Ltd. Class A,29.31,53431857107.0,10.025997126633373,2.1032222139302053,22.1994945565664,10.3323958063094,5080829270.0,,14321972578.4,-15.203315212673548,1.451478021973386,1.4505830094391947,4.77652678266803,36066507.7,Transportation,Air Freight/Couriers,SSE:600096,A,1057109340.687,0.45163177481749367,20.97768618288489,0.47793627186649895,1.0,0.45163177481749367,5.503766631119566,stable_or_general,True,False,not_triggered,0.08,0.5316317748174937,priority
688278,"Xiamen Amoytop Biotech Co., Ltd. Class A",52.05,21246262312.0,19.80442888669051,6.664925206862375,36.8607363725357,27.805180767951704,403039070.0,,769528267.4699999,28.297631309078085,13.53246122129721,12.407510371669316,1.1911623439001,4596731.033333333,Health Technology,Biotechnology,SSE:688278,A,239259850.28499997,0.537277082219292,33.6537107179168,0.5884768266028652,1.0,0.537277082219292,8.700384122028538,health_special,True,False,not_triggered,0.0,0.537277082219292,priority
600595,"Henan Zhongfu Industrial Co., Ltd Class A",6.16,24688694369.0,8.846761453396525,1.3493768989303558,16.1794090666393,10.9069032804081,875924610.0,,6164055575.2,20.1252912445122,188.36570335332547,186.77924217462933,2.84090909090909,111912505.00000001,Non-Energy Minerals,Aluminum,SSE:600595,A,689381030.8000001,0.5467913826122284,15.252778161123485,0.5800098421378268,1.0,0.5467913826122284,5.727223421444072,cyclical,True,False,not_triggered,0.0,0.5467913826122284,priority
300628,Yealink Network Technology Co. Ltd. Class A,40.35,50939764944.0,17.72535582498682,5.541684177564625,32.3973539415752,29.322775125903398,1812548340.0,,5716193.569999999,20.59785435142559,14.131107312377456,14.185393258426974,4.46096654275093,13282971.633333335,Electronic Technology,Telecommunications Equipment,SZSE:300628,A,535967905.4050001,0.5471235662317486,31.264163226290243,0.566954429475389,1.0,0.5471235662317486,3.497787866652724,technology_strict,True,False,not_triggered,0.0,0.5471235662317486,priority
603379,Zhejiang Sanmei Chemical Industry Co. Ltd. Class A,53.11,32422543512.0,15.187303402916786,3.821938401377654,27.2616295136415,22.2513768450776,868305290.0,,842511318.5500001,33.654817496891816,53.79035407704193,53.33684118214504,2.86198456034645,7335080.2,Process Industries,Chemicals: Specialty,SSE:603379,A,389566109.422,0.5570944831202105,25.165352268156006,0.6035005288654216,1.0,0.5570944831202105,7.689478886199863,cyclical,True,False,not_triggered,0.0,0.5570944831202105,priority
002032,"Zhejiang Supor Co., Ltd. Class A",38.38,30400842417.0,15.100723953415173,6.079239192243664,39.8164994657632,16.4658414028274,2446577040.0,,2832032531.79,-1.0289337374436742,-9.7787767427669,-9.535504538174054,6.85252735799896,1940004.4666666666,Consumer Durables,Electronics/Appliances,SZSE:002032,A,74457371.43066667,0.3792579497451741,40.25793207661932,0.375099345010452,1.0,0.3792579497451741,1.108667554353171,stable_or_general,True,False,not_triggered,0.18,0.5592579497451742,priority
002555,"37 Interactive Entertainment Network Technology Group Co., Ltd.",17.69,38230582410.0,11.9132601521988,2.7617840281767543,24.1145951515891,14.9938047341424,2938140470.0,,4523860072.46,-11.554227990674292,16.29316460712919,16.298558897243122,5.82249858677219,37527511.499999985,Technology Services,Packaged Software,SZSE:002555,A,663861678.4349998,0.49402696073932395,23.182436989483676,0.5138916222484742,1.0,0.49402696073932395,3.8655351924661963,technology_strict,True,False,not_triggered,0.08,0.5740269607393239,priority
000651,"Gree Electric Appliances, Inc. of Zhuhai Class A",38.74,206552855170.0,7.743508764916348,1.4569463697815634,19.6322235112199,6.96422965064431,44372749650.0,,106263968359.09,-12.915115176127786,-14.148026898616642,-15.137482401234873,7.74393391843056,42839776.19999998,Producer Manufacturing,Industrial Machinery,SZSE:000651,A,1659612929.9879994,0.3944285149611759,18.815067097006153,0.41155892376001635,1.0,0.3944285149611759,4.162322284822895,cyclical,True,False,not_triggered,0.18,0.5744285149611759,priority
000408,Zangge Mining Company Limited Class A,72.65,113125817983.0,19.980748074807483,6.606893905015328,34.5700013115776,32.0604664167637,4602940530.0,,313889017.28000003,25.138394447726437,84.55611929547764,82.75948730836895,1.37646249139711,14703619.2,Producer Manufacturing,Electrical Products,SZSE:000408,A,1068217934.88,0.5779793843431492,33.06629902083376,0.6042632125905112,1.0,0.5779793843431492,4.349731656620581,cyclical,True,False,not_triggered,0.0,0.5779793843431492,priority
600867,"Tonghua Dongbao Pharmaceutical Co., Ltd. Class A",7.75,14883434143.0,11.605271039233305,2.200154436646908,20.0221084650474,16.5375470531996,364513020.0,,746687407.2199999,18.503601962321206,219.83158983965572,219.36872309899567,3.87096774193548,26606945.53333331,Health Technology,Pharmaceuticals: Major,SSE:600867,A,206203827.88333315,0.5796228234150579,18.958233971520063,0.612149373020044,1.0,0.5796228234150579,5.313498802508954,health_special,True,False,not_triggered,0.0,0.5796228234150579,priority
002357,"Sichuan Fulin Transportation Group Co., Ltd. Class A",11.98,3755598606.0,10.080780881857962,1.8580557106520255,20.1285614108512,13.1070601427865,6812180.0,,206553927.07,-1.9230920511531908,139.22451057450107,139.21095008051526,0.834724540901502,11354834.666666666,Transportation,Other Transportation,SZSE:002357,A,136030919.30666667,0.5008197394784242,18.43166449531608,0.5469273208841081,1.0,0.5008197394784242,8.430294052809618,stable_or_general,True,False,not_triggered,0.08,0.5808197394784241,priority
601717,ZCZL Industrial Technology Group Company Limited Class A,14.07,23667506755.951168,7.30871123577996,1.0605213212271596,14.8006840965094,6.72909152590591,1410049700.0,,11945135810.06,5.503017541284894,-21.128874412482613,-20.499690274623166,8.88415067519545,18288869.9,Producer Manufacturing,Auto Parts: OEM,SSE:601717,A,257324399.49299997,0.4938090150511117,14.510373813037704,0.503688694030268,1.0,0.4938090150511117,1.9614653051081898,cyclical,True,False,not_triggered,0.1,0.5938090150511117,priority
605117,"Ningbo Deye Technology Co., Ltd. Class A",85.5,108861246826.0,24.923480542195016,9.477926961210336,41.8470660899571,20.0431218379796,5497295390.0,,6684821507.4,44.70984142649557,34.47293187612156,33.544845842416684,1.99976374269006,14602762.89999999,Producer Manufacturing,Electrical Products,SSE:605117,A,1248536227.949999,0.5955848968866282,38.02810343910182,0.6553963592243685,1.0,0.5955848968866282,9.125998564978966,cyclical,True,True,review_high_roa_supports_follow_up,0.0,0.5955848968866282,priority
601872,"China Merchants Energy Shipping Co., Ltd. Class A",20.0,161490771484.0,14.887598630340927,3.4478835167032718,24.850409315428,12.8631757317965,4040560490.0,,30327857502.23,40.137667032856875,129.07781118821063,130.03424657534245,1.6,115690638.16666651,Transportation,Marine Shipping,SSE:601872,A,2313812763.33333,0.5990886685756998,23.159433581695875,0.642830861032257,1.0,0.5990886685756998,6.804619240948706,cyclical,True,False,not_triggered,0.0,0.5990886685756998,priority
600211,Tibet Rhodiola Pharmaceutical Holding Co. Class A,37.31,12025729173.0,12.240412059971787,3.034779171214904,24.2383468614797,16.1711373271035,900525850.0,,1170672998.43,1.4967584281873332,-1.698102199287938,-1.3080783551886026,4.70919324577861,4803119.266666667,Health Technology,Pharmaceuticals: Major,SSE:600211,A,179204379.83933336,0.505001934741045,24.7931128163499,0.49370210794587305,1.0,0.505001934741045,2.2887945206851112,health_special,True,False,not_triggered,0.1,0.605001934741045,priority
002001,Zhejiang NHU Co. Ltd. Class A,26.51,81480625455.0,11.303939962476548,2.3323230412577476,21.9432136847937,15.8294752221287,6661824930.0,,7426333715.29,6.1862441618762265,-1.319566760074879,-0.9335529928610655,3.77216144851,32666213.633333344,Health Technology,Pharmaceuticals: Other,SZSE:002001,A,865981323.419667,0.5151451434987392,20.632832879508374,0.547861751630971,1.0,0.5151451434987392,5.971690492142445,health_special,True,False,not_triggered,0.1,0.6151451434987392,priority
601225,"Shaanxi Coal Industry Co., Ltd. Class A",26.05,252554742603.0,12.381178707224334,2.497107477231269,21.4608442934815,8.42614506650608,24770619580.0,,27281909185.72,-10.316478099847764,4.919085902995427,4.9167248429241175,3.63915547024952,39677875.233333334,Energy Minerals,Coal,SSE:601225,A,1033608649.8283334,0.5769194602928546,20.168576322819924,0.613884614811187,1.0,0.5769194602928546,6.0215150577933585,cyclical,True,False,not_triggered,0.08,0.6569194602928545,priority
600285,"Henan Lingrui Pharmaceutial Co., Ltd. Class A",19.03,10748928167.0,13.829941860465118,3.339551485775757,24.7762782477452,13.7750718477718,925258060.0,,446077046.29,5.9116906408138945,-0.4714013538607227,-0.4557621355711636,5.78034682080925,10925347.933333335,Health Technology,Pharmaceuticals: Major,SSE:600285,A,207909371.17133337,0.5581928698965807,24.147256145178357,0.5727334723794958,1.0,0.5581928698965807,2.538807872098736,health_special,True,False,not_triggered,0.1,0.6581928698965807,priority
600809,Shanxi Xinghuacun Fen Wine Factory Co. Ltd. Class A,114.18,138751698052.0,13.682444577591372,3.656863360522274,27.5297850145974,16.9026071578808,9011990740.0,,2089534575.06,-3.841255415088191,-17.486558150664994,-17.486527908241452,5.74531441583465,7434801.866666678,Consumer Non-Durables,Beverages: Alcoholic,SSE:600809,A,848905677.1360013,0.497005137175477,26.72668133084461,0.5119395262067498,1.0,0.497005137175477,2.9172174186138933,stable_or_general,True,False,not_triggered,0.18,0.6770051371754771,priority
600519,"Kweichow Moutai Co., Ltd. Class A",1275.16,1594054178719.0,19.60300818457414,6.34440313498574,33.2451371632829,27.085589260476002,116933614800.0,,25670001536.23,-4.702317582417921,-9.452899828088526,-9.18759240153958,4.07644766146993,3225078.6333333333,Consumer Non-Durables,Beverages: Alcoholic,SSE:600519,A,4112491270.0813336,0.5896503927264404,32.36443649489588,0.6056959523353879,1.0,0.5896503927264404,2.64911124914744,stable_or_general,True,False,not_triggered,0.18,0.7696503927264404,priority
300456,Sai MicroElectronics Inc. Class A,34.65,25367245661.0,6.075003944807755,2.806588395384721,59.0942940635882,43.5947771502546,370356220.0,,1466328031.15,-64.56714063350148,,,1.06782106782107,33897414.30000003,Electronic Technology,Aerospace & Defense,SZSE:300456,A,1174545405.4950008,0.10280187014791596,46.19895593291727,0.13149656355067643,1.0,0.10280187014791596,21.821629879857696,technology_strict,True,True,review_high_roa_supports_follow_up,0.08,0.18280187014791596,watch
688330,Shanghai Holystar Information Technology Co. Ltd. Class A,35.1,4913999786.0,5.869368917427511,1.0598363685114465,19.6600008354715,17.2006876447746,708389560.0,,173673077.46,-26.799418078299393,268.41837862336365,268.89766208130277,1.31054131054131,1584672.333333333,Electronic Technology,Electronic Equipment/Instruments,SSE:688330,A,55621998.89999999,0.2985436758902736,18.05707535889502,0.3250453797622452,1.0,0.2985436758902736,8.153231986055697,technology_strict,True,False,not_triggered,0.08,0.3785436758902736,watch
002432,"Andon Health Co., Ltd. Class A",61.4,28233903718.0,5.924353531455036,1.1372141476107667,19.6672439370511,14.140167800280901,1653794640.0,,8289854789.249999,-43.60498338420027,122.26888530977101,127.0864830517759,2.68729641693811,25286988.766666666,Health Technology,Medical Specialties,SZSE:002432,A,1552621110.2733333,0.301229473250909,19.195582126771967,0.30863109502641106,1.0,0.301229473250909,2.3982099972359228,health_special,True,False,not_triggered,0.08,0.381229473250909,watch
301308,"Shenzhen Longsys Electronics Co., Ltd. Class A",339.55,127006376346.22835,11.991580642541065,7.730366281169051,94.6633147334279,39.3153110894106,-5880283690.0,,16729134845.58,96.95352351858519,,,0.394859078191724,14851517.7,Electronic Technology,Semiconductors,SZSE:301308,A,5042832835.035,0.12667611182124122,64.4649484634659,0.18601706707850751,1.0,0.12667611182124122,31.90081221537686,technology_strict,False,True,review_high_roa_supports_follow_up,0.35,0.4766761118212412,watch
688525,"Biwin Storage Technology Co., Ltd. Class A",213.0,101565222656.0,12.623344297270869,7.908783874101072,97.5442387833858,36.6879580914744,-8489088700.0,,16907504669.24,220.4397136418315,,,0.0,23645551.5,Electronic Technology,Computer Peripherals,SSE:688525,A,5036502469.5,0.1294114799060889,62.65204915476264,0.2014833428047784,1.0,0.1294114799060889,35.770630909435276,technology_strict,False,True,review_high_roa_supports_follow_up,0.35,0.4794114799060889,watch
000672,"Gansu Shangfeng Materials Co., Ltd. Class A",14.76,14137710908.0,8.072190319934371,1.4371047596792803,18.9189802847209,9.67648347456285,609736480.0,,4647352289.54,-20.076376655564058,149.4405889589032,145.33744800751379,3.2520325203252,18352836.03333334,Non-Energy Minerals,Construction Materials,SZSE:000672,A,270887859.85200006,0.4266715329500887,17.80315754114881,0.4534134072159362,1.0,0.4266715329500887,5.8979010854683045,cyclical,True,False,not_triggered,0.08,0.5066715329500887,watch
600221,"Hainan Airlines Holding Co., Ltd. Class A",1.29,55777266010.0,25.443786982248522,10.14789175582127,54.4380246526789,1.40261894252231,14878676000.0,,118340334000.0,6.501208291967475,,,0.0,196479639.03333297,Transportation,Airlines,SSE:600221,A,253458734.35299954,0.4673899750143934,39.88357457520452,0.6379515189710913,1.0,0.4673899750143934,26.735815949115537,cyclical,True,True,review_possible_equity_or_leverage_distortion,0.1,0.5673899750143934,watch
300515,"Hunan Sundy Science and Technology Co., Ltd. Class A",15.24,3084751199.0,14.576757532281205,3.258791681100291,24.0229183837848,15.7158396270198,239864100.0,,43464752.56,11.140822153059109,29.17053336250925,29.169755374351382,2.6246719160105,5204767.033333333,Health Technology,Medical Specialties,SZSE:300515,A,79320649.588,0.6067854579283903,22.35608072565849,0.6520265207108144,1.0,0.6067854579283903,6.938531078935862,health_special,True,False,not_triggered,0.0,0.6067854579283903,watch
000848,"Cheng De Lolo Co., Ltd. Class A",8.1,8055693727.0,12.317518248175183,2.5619209979473,20.1610274986107,14.852129012082802,694353140.0,,735553754.44,9.636784179918614,5.6217111045066375,8.318234228298467,6.17283950617284,16585272.399999972,Consumer Non-Durables,Food: Major Diversified,SZSE:000848,A,134340706.43999976,0.6109568695853416,20.799003064816596,0.5922167620144921,1.0,0.6109568695853416,3.164400059718475,stable_or_general,True,False,not_triggered,0.0,0.6109568695853416,watch
002517,"Kingnet Network Co., Ltd. Class A",17.71,37618835915.0,15.806854694751873,3.5808594871546022,25.4845576565048,19.5788560988834,2899287440.0,,857971454.32,46.7317330685296,34.61859386552329,34.98795180722893,0.564652738565782,72700633.26666665,Technology Services,Packaged Software,SZSE:002517,A,1287528215.1526663,0.6202522683660258,22.653839465883777,0.6977561008391835,1.0,0.6202522683660258,11.107582202426425,technology_strict,True,False,not_triggered,0.0,0.6202522683660258,watch
002468,"STO Express Co., Ltd. Class A",14.41,21777001450.0,11.166214645486246,1.8761481805528974,17.9566726824685,6.60329595610758,1949462640.0,,9912868806.439999,24.54704435645155,84.63528498196943,85.71017412577349,0.693962526023595,16252167.99999992,Producer Manufacturing,Building Products,SZSE:002468,A,234193740.87999886,0.621842077479536,16.80200712701953,0.6645762355099654,1.0,0.621842077479536,6.430286812413188,cyclical,True,False,not_triggered,0.0,0.621842077479536,watch
300910,"Xinxiang Richful Lube Additive Co., Ltd. Class A",27.78,10640914436.0,13.404748118123914,2.7505876435444363,21.5292811696563,15.6386595275779,199766970.0,,1322117182.02,14.328445881195028,0.9384254342937051,0.7633587786259457,3.19501079913607,6052445.200000004,Process Industries,Chemicals: Major Diversified,SZSE:300910,A,168136927.6560001,0.6226286893877707,20.519502636722425,0.6532686661778198,1.0,0.6226286893877707,4.690256609018018,cyclical,True,False,not_triggered,0.0,0.6226286893877707,watch
002043,"Dehua TB New Decoration Material Co., Ltd. Class A",11.18,8633742953.0,13.406883319342846,2.7805066092990285,21.3995339759719,11.6527759847516,864199750.0,,62661349.09,6.7916460426424745,11.951226743418205,11.260840560373572,6.90518783542039,13212703.399999952,Non-Energy Minerals,Forest Products,SZSE:002043,A,147718024.01199946,0.6265035179923327,20.739395898877103,0.6464452187861817,1.0,0.6265035179923327,3.0848245472823055,cyclical,True,False,not_triggered,0.0,0.6265035179923327,watch
002602,"Zhejiang Century Huatong Group Co., Ltd. Class A",15.56,113191664684.0,15.199765556315326,3.3514619568143877,24.1269749819162,16.7527538235754,8182712540.0,,2385043614.86,40.191662994891324,174.83490205157537,177.27518959913328,0.38560411311054,112700733.1,Technology Services,Packaged Software,SZSE:002602,A,1753623407.036,0.6299905217172045,22.049431909967154,0.689349531469991,1.0,0.6299905217172045,8.610872575224281,technology_strict,True,False,not_triggered,0.0,0.6299905217172045,watch
001395,Yalian Machinery Co Ltd. Class A,28.29,3180291185.0,13.039870938004146,2.5282631038026717,20.6972447107652,11.4080874754737,116701380.0,,126709496.11,17.665803640657813,43.61507870868305,43.618429763008095,2.71908801696713,1799640.966666666,Producer Manufacturing,Industrial Machinery,SZSE:001395,A,50911842.94699998,0.630029316473306,19.388712632378567,0.6725496006489855,1.0,0.630029316473306,6.3222525349281415,cyclical,True,False,not_triggered,0.0,0.630029316473306,watch
000426,"Inner Mongolia Xingye Silver and Tin Mining Co., Ltd. Class A",35.97,60250026794.0,20.137722539469262,5.535097937533565,31.529307369388505,17.9969362270451,2185038910.0,,5047318767.72,64.34806832352513,119.92753109217811,122.63492459179857,0.305810397553517,76514724.8333334,Non-Energy Minerals,Other Metals/Minerals,SZSE:000426,A,2752234652.2550025,0.6386985385863814,27.486216113490283,0.7326480464361056,1.0,0.6386985385863814,12.823279650677065,cyclical,True,False,not_triggered,0.0,0.6386985385863814,watch
300926,"Jiangsu Bojun Industrial Technology Co., Ltd. Class A",16.37,7109920298.0,9.26848601517382,1.9333496315770207,23.2627461300012,8.64004283766324,-248530670.0,,5094418139.22,73.36055499523101,74.34838203849795,60.37410333242532,1.34392180818571,3525414.1000000024,Producer Manufacturing,Auto Parts: OEM,SZSE:300926,A,57711028.81700005,0.39842613435997387,20.85938985517003,0.4443315974017626,1.0,0.39842613435997387,10.331352375167956,cyclical,False,False,not_triggered,0.25,0.6484261343599739,watch
603871,"Jiayou International Logistics Co., Ltd. Class A",13.54,18522837299.0,14.138039051895165,2.9587544386779565,21.797629798264,15.231409076696501,1092633730.0,,639535427.93,0.8074499308808205,21.672845967278036,22.79779458904987,2.95420974889217,11146061.93333333,Transportation,Air Freight/Couriers,SSE:603871,A,150917678.57733327,0.6486044208816291,20.927615405626877,0.6755685622975385,1.0,0.6486044208816291,3.99132566563003,stable_or_general,True,False,not_triggered,0.0,0.6486044208816291,watch
002842,"Guangdong Xianglu Tungsten Co., Ltd. Class A",33.15,10845766365.0,17.85521921792524,6.579835335402888,44.4919883888265,18.1155032655756,-439381510.0,,2114428403.3899999,131.17533622438836,,,0.416289592760181,37458067.06666649,Producer Manufacturing,Metal Fabrication,SZSE:002842,A,1241734923.259994,0.4013131321954878,36.8510476129985,0.4845240603587929,1.0,0.4013131321954878,17.173745324780555,cyclical,False,True,review_high_roa_supports_follow_up,0.25,0.6513131321954878,watch
002690,"Hefei Meyer Optoelectronic Technology, Inc. Class A",15.6,13840593066.0,18.815583162465323,5.347538589689534,28.7761430138752,22.7752861467734,789245070.0,,30110984.86,1.9462905769239383,7.542915896004794,7.4659753726506795,4.48717948717949,5190522.299999999,Electronic Technology,Electronic Components,SZSE:002690,A,80972147.87999998,0.6538604966410154,28.42079644045893,0.6620357456161948,1.0,0.6538604966410154,1.2348651910887742,technology_strict,True,False,not_triggered,0.0,0.6538604966410154,watch
603816,"Jason Furniture (Hangzhou) Co., Ltd. Class A",22.97,18547859683.0,11.079490642485046,1.814784528902636,16.7926436317358,8.94331911482498,1664144750.0,,2911430291.51,4.111145072270413,9.998556169971067,9.739572305737877,6.00783630822812,7349036.4,Consumer Durables,Home Furnishings,SSE:603816,A,168807366.108,0.6597823955214726,16.3796747293032,0.6764170122782635,1.0,0.6597823955214726,2.4592250719365105,stable_or_general,True,False,not_triggered,0.0,0.6597823955214726,watch
603486,"Ecovacs Robotics Co., Ltd. Class A",51.46,29446552677.0,14.664310954063605,2.9237307395118406,22.2130430460996,11.3312391010034,1138351050.0,,2501762338.08,13.656629561839315,72.25434890312088,70.31644340904678,1.78779634667703,5780992.566666666,Consumer Durables,Electronics/Appliances,SSE:603486,A,297489877.48066664,0.6601666833144016,19.937730103177127,0.7355055404088758,1.0,0.6601666833144016,10.243139304238614,stable_or_general,True,False,not_triggered,0.0,0.6601666833144016,watch
600233,"YTO Express Group Co.,Ltd. Class A",17.84,60971697963.0,10.782062129819895,1.6439032750902578,16.3260892564876,10.7142207875783,1643728350.0,,8340955949.940001,8.203739987627866,46.98468138988902,46.775481238357145,1.40134529147982,22536080.5,Transportation,Air Freight/Couriers,SSE:600233,A,402043676.12,0.6604191585890884,15.246649994194735,0.7071758146166691,1.0,0.6604191585890884,6.611744217090565,stable_or_general,True,False,not_triggered,0.0,0.6604191585890884,watch
601677,"Henan Mingtai Aluminum Industrial Co., Ltd. Class A",16.51,20186663080.0,8.383263938255308,1.009414270708889,12.5838317067767,8.32751221484355,12183450.0,,7390099661.89,15.434869052840098,49.88489754278816,60.832993058391196,1.90793458509994,24405384.666666694,Non-Energy Minerals,Aluminum,SSE:601677,A,402932900.8466672,0.6661932655806829,12.040826558050185,0.6962365829155204,1.0,0.6661932655806829,4.315101801894661,cyclical,True,False,not_triggered,0.0,0.6661932655806829,watch
002946,"New Hope Dairy Co., Ltd. Class A",14.47,12402109876.0,15.577564861664335,3.4289262034417227,23.1540987411898,9.16645253242051,1008005710.0,,2206467520.98,6.271858134707291,25.36397898785164,25.357624831309032,3.10988251554941,7643294.133333334,Consumer Non-Durables,Food: Meat/Fish/Dairy,SZSE:002946,A,110598466.10933335,0.6727778539681508,22.011952663282763,0.7076866418874611,1.0,0.6727778539681508,4.932803002499176,stable_or_general,True,False,not_triggered,0.0,0.6727778539681508,watch
001221,"Higold Group Co., Ltd. Class A",35.59,14197763748.0,19.491757489457257,4.6822047277243355,28.9130706285155,20.4049243059037,374294390.0,,491309757.54,22.456694338563914,21.780908951567714,18.487994808565876,2.10733352065187,3427978.8,Consumer Durables,Home Furnishings,SZSE:001221,A,122001765.492,0.674150377865211,24.0214599953691,0.8114310076579406,1.0,0.674150377865211,16.918336678920742,stable_or_general,True,False,not_triggered,0.0,0.674150377865211,watch
603259,"WuXi AppTec Co., Ltd. Class A",151.24,453810211680.97925,20.667696134031186,5.415136602943451,30.2806050730172,21.6444991300106,13374849520.0,,15128903000.0,26.07773937922572,57.484638559784685,52.45208333333334,1.27563475271092,57350229.70000001,Health Technology,Pharmaceuticals: Major,SSE:603259,A,8673648739.828003,0.6825390735817232,26.200968738005347,0.788814197699951,1.0,0.6825390735817232,13.472770194566497,health_special,True,False,not_triggered,0.0,0.6825390735817232,watch
603195,"Goneo Group Co., Ltd.Class A",38.79,69908611500.0,16.831554282738868,4.605668569963061,27.844662883921302,19.9776811559371,4734890460.0,,1148467472.67,-1.9696129451374973,1.6832950937470084,1.533174729051025,4.89816963134829,3828839.133333341,Producer Manufacturing,Electrical Products,SSE:603195,A,148520669.9820003,0.6044804475782728,27.36329926872099,0.6151142125605822,1.0,0.6044804475782728,1.7287464287393695,cyclical,True,False,not_triggered,0.08,0.6844804475782728,watch
605305,Ficont Industry(Beijing) Co. Ltd. Class A,31.28,6647625880.0,12.502498101442903,2.1358329680294212,18.1215271560325,14.440211090838002,249369740.0,,148705157.79999998,30.722333290846855,21.826115156401805,21.824024930613035,2.39769820971867,4148947.066666663,Producer Manufacturing,Electrical Products,SSE:605305,A,129779064.24533322,0.6899251919439323,17.08324968897957,0.731857130760565,1.0,0.6899251919439323,5.729525211164632,cyclical,True,False,not_triggered,0.0,0.6899251919439323,watch
000600,"HCIG Energy Investment Co., Ltd. Class A",7.5,15257817078.0,7.67028022090407,1.093922748634055,15.0145636208591,3.5807373669324,147954220.0,,27192553003.68,-7.996997662917603,60.61051284467504,60.21628707193185,4.26666666666667,23836986.666666668,Utilities,Electric Utilities,SZSE:000600,A,178777400.0,0.5108560205005275,14.261835514858387,0.5378185867389197,1.0,0.5108560205005275,5.013319900652857,stable_or_general,True,False,not_triggered,0.18,0.6908560205005274,watch
600938,CNOOC Limited Class A,33.91,1027959309364.745,11.64811761472932,1.8827560973036779,16.848115276404,11.9206878430083,132458000000.0,,68088000000.459,6.545842807824571,8.320938169990907,8.327751730296951,3.37637864936597,46661698.833333336,Energy Minerals,Integrated Oil,SSE:600938,A,1582298207.4383333,0.6913602752375905,16.163608229048858,0.7206384521121711,1.0,0.6913602752375905,4.062810801833727,cyclical,True,False,not_triggered,0.0,0.6913602752375905,watch
002709,"Guangzhou Tinci Materials Technology Co., Ltd",32.31,65702364128.0,16.3852122318576,3.2472459715958943,23.6963144175171,13.9988161006046,460423350.0,,4420437398.93,72.35044027201346,668.9922655488155,652.3464326592904,0.773754255648406,51226005.20000006,Process Industries,Chemicals: Specialty,SZSE:002709,A,1655112228.0120022,0.6914666957552315,19.818150205478005,0.8267780828166549,1.0,0.6914666957552315,16.366107166320454,cyclical,True,False,not_triggered,0.0,0.6914666957552315,watch
600415,Zhejiang China Commodities City Group Co. Ltd. Class A,11.99,65187936807.0,14.63623046875,2.9747432144097656,21.1405173377121,11.0006311023494,4829008680.0,,3285768122.81,34.833738445882645,35.43293918244677,35.382581391505546,4.17014178482068,67038465.60000045,Distribution Services,Wholesale Distributors,SSE:600415,A,803791202.5440054,0.6923307615864609,20.324517441571977,0.720126837491989,1.0,0.6923307615864609,3.8598861281624375,stable_or_general,True,False,not_triggered,0.0,0.6923307615864609,watch
000623,"Jilin Aodong Pharmaceutical Group Co., Ltd. Class A",17.65,20680051238.0,6.288523889264972,0.6219418257111102,10.2139609545759,9.01218000602306,420187910.0,,2249054731.35,-3.672609433121047,37.824049320308376,40.700822137557665,2.8328611898017,12312730.8,Health Technology,Pharmaceuticals: Other,SZSE:000623,A,217319698.62,0.6156792567772336,9.890108341208913,0.635839737271907,1.0,0.6156792567772336,3.1706858368388047,health_special,True,False,not_triggered,0.08,0.6956792567772335,watch
603979,JCHX MINING MANAGEMENT CO LTD Class A,75.0,46325450134.0,17.784311865692878,3.775083542598798,25.5100825688445,13.549720070423502,2102926750.0,,6573927743.01,26.974128631033462,36.50284465446994,33.034700315457414,0.88,8544842.10000004,Non-Energy Minerals,Precious Metals,SSE:603979,A,640863157.5000031,0.69714834586278,21.22704308779687,0.8378139052215346,1.0,0.69714834586278,16.789594739605086,cyclical,True,False,not_triggered,0.0,0.69714834586278,watch
605099,"CoCreation Grass Co., Ltd. Class A",28.31,11338487408.0,16.33677650181776,3.595491347832989,23.413122948091704,18.2349775733957,375633420.0,,408605096.56,9.815555189636264,22.547368394127652,21.14793064876959,2.93182620981985,1683651.8666666667,Producer Manufacturing,Trucks/Construction/Farm Machinery,SSE:605099,A,47664184.34533333,0.6977615304902883,22.00857278933164,0.7422914996894661,1.0,0.6977615304902883,5.9989868155309045,cyclical,True,False,not_triggered,0.0,0.6977615304902883,watch
002346,"Shanghai Zhezhong Group Co., Ltd. Class A",18.02,7926139106.0,12.74218639513506,2.3503785779035717,20.5867094455301,13.0534387762654,131584900.0,,843073855.48,-1.8645588407713625,61.40374402428851,61.75225895001715,2.77469478357381,9819150.766666668,Producer Manufacturing,Electrical Products,SZSE:002346,A,176941096.81533334,0.6189520685104783,18.445645864990183,0.6907964344756133,1.0,0.6189520685104783,10.400222464910724,cyclical,True,False,not_triggered,0.08,0.6989520685104783,watch
300442,Range Intelligent Computing Technology Group Company Limited Class A,61.05,99497160437.0,19.186046511627907,6.847409873280857,42.6844568439368,12.7038761913272,-7251297620.0,,27359621829.3,10.963029582499512,214.8584872418882,220.24959742351044,1.05700245700246,27089178.766666684,Technology Services,Data Processing Services,SZSE:300442,A,1653794363.705001,0.4494855488445375,35.68953024861538,0.5375819288731674,1.0,0.4494855488445375,16.387526309392474,technology_strict,False,True,review_high_roa_supports_follow_up,0.25,0.6994855488445375,watch
3858,Jiaxin International Resources Investment Limited,55.1,25109069977.0,13.58213370143956,7.964810282844724,118.1392138725,50.28384587703359,1670982000.0,,1023178000.0,2781.4951746851075,,,0.0,2989911.566666667,Non-Energy Minerals,Other Metals/Minerals,HKEX:3858,HK,164744127.32333335,0.11496719214754449,58.64181915688652,0.2316117388020109,0.8,0.1437089901844306,50.36210481290756,cyclical,True,True,review_high_roa_supports_follow_up,0.1,0.2437089901844306,priority
3306,JNBY Design Limited,21.14,10845538375.0,10.085396689089261,3.371277481333584,37.6999704209915,19.4030876600447,1500857420.0,,859174507.973001,12.455438417289185,14.643393901867952,14.0362330667537,6.85903500473037,1069976.0,Consumer Non-Durables,Apparel/Footwear,HKEX:3306,HK,22619292.64,0.26751736344794774,33.4273165970829,0.3017112264993889,0.8,0.3343967043099347,11.333308159651933,stable_or_general,True,False,not_triggered,0.0,0.3343967043099347,priority
293,Cathay Pacific Airways Limited,13.88,84406056360.0,6.721875151339048,1.4548259763999556,24.4729739587133,7.604153386313091,18735000000.0,,63495000000.0,19.657853239942792,35.20048357848076,46.43642294872706,6.05187319884726,24273846.0,Transportation,Airlines,HKEX:293,HK,336920982.48,0.27466523531954345,21.643156762739686,0.3105773905824708,0.8,0.3433315441494293,11.563029490194399,cyclical,True,False,not_triggered,0.0,0.3433315441494293,priority
1928,Sands China Ltd.,13.36,108127545932.0,15.712101611196049,10.713455169482689,72.8752358847408,8.89825849050194,10913104590.0,,50447907650.0,8.734427447157273,-3.6674298626429223,-3.659641966915942,5.61377245508982,13223710.5,Consumer Services,Casinos/Gaming,HKEX:1928,HK,176668772.28,0.21560275476907204,68.18600995966415,0.2304299902647279,0.8,0.26950344346134003,6.434594506826874,stable_or_general,True,True,review_possible_equity_or_leverage_distortion,0.1,0.36950344346134,priority
3993,CMOC Group Limited Class H,16.0,433361935701.0,10.92075626237117,3.286831514962273,34.015594962731,13.505755792798302,20194215790.0,,54613353740.2732,25.055798742078945,72.20866524162804,72.97520661157026,2.0401875,42266997.90000033,Distribution Services,Wholesale Distributors,HKEX:3993,HK,676271966.4000052,0.32105145520272205,30.097105328570166,0.3628507174742969,0.8,0.40131431900340253,11.519685716078488,stable_or_general,True,False,not_triggered,0.0,0.40131431900340253,priority
2899,"Zijin Mining Group Co., Ltd. Class H",34.82,982449254384.0,12.610915939299556,3.9454838826643464,39.1507265999703,13.6355337072611,78511100060.0,,200204982435.363,21.19913774481032,74.52429440303759,72.19207982538198,2.64419299253303,56223547.966666594,Non-Energy Minerals,Precious Metals,HKEX:2899,HK,1957703940.1993308,0.32211192574160613,31.286259472787265,0.40308161320046937,0.8,0.40263990717700765,20.087665824288948,cyclical,True,False,not_triggered,0.0,0.40263990717700765,priority
2600,Aluminum Corporation of China Limited Class H,8.345,178682351920.0,7.267897578819021,1.4651995357714114,22.3208309457286,7.392144248478881,37411261710.0,,73748649622.6418,6.65243949510868,46.957687110846166,46.753578732106355,3.64050329538646,39846708.733333334,Distribution Services,Wholesale Distributors,HKEX:2600,HK,332520784.3796667,0.32561052930737033,20.159881449643315,0.3605129125869741,0.8,0.4070131616342129,9.681312946365972,stable_or_general,True,False,not_triggered,0.0,0.4070131616342129,priority
1308,"SITC International Holdings Co., Ltd.",45.36,122994926264.0,12.357316043261504,5.538292481914471,46.8477884433946,36.305923077423,10141048770.0,,2567518538.2,5.186015981809692,-2.638012178355432,-3.1426460499234783,5.0705467372134,5720660.6,Transportation,Marine Shipping,HKEX:1308,HK,259489164.81599998,0.2637758676312467,44.817923750801256,0.2757226352557347,0.8,0.3297198345390584,4.332893312660846,cyclical,True,True,review_high_roa_supports_follow_up,0.1,0.4297198345390584,priority
322,Tingyi (Cayman Islands) Holding Corp.,12.07,68043255974.99999,13.050059465888204,4.560895703991445,36.0576208232554,7.985451018050591,6882429180.0,,20329164161.5793,3.527495131736362,17.29880393984028,17.268923545074184,3.81839270919635,21232469.366666667,Consumer Non-Durables,Beverages: Non-Alcoholic,HKEX:322,HK,256275905.25566667,0.3619223666990129,34.94923311202724,0.3734004527097113,0.8,0.4524029583737661,3.0739346798868694,stable_or_general,True,False,not_triggered,0.0,0.4524029583737661,priority
2589,"Auntea Jenny (Shanghai) Industrial Co., Ltd. Class H",78.6,8268957082.999999,11.934043909993623,3.3191306073671183,31.980933368923996,21.6384208443536,862658980.0,,169320508.341439,,,,4.40134351145038,429258.0333333333,Consumer Services,Restaurants,HKEX:2589,HK,33739681.419999994,0.3731612136620747,27.81228753974722,0.4290924970820321,0.8,0.46645151707759336,13.034784760933416,stable_or_general,True,False,not_triggered,0.0,0.46645151707759336,priority
1585,Yadea Group Holdings Ltd.,8.56,25562324241.0,9.510054438395734,2.1953390080453024,25.0412255172972,8.03549668944405,2997915420.0,,9026682180.3652,13.191990450510808,35.52397569544348,35.069027611044426,6.19158878504673,11317676.466666667,Consumer Durables,Motor Vehicles,HKEX:1585,HK,96879310.55466667,0.37977591918680953,23.084400013336175,0.4119688808416786,0.8,0.4747198989835119,7.8144158823590715,cyclical,True,False,not_triggered,0.0,0.4747198989835119,priority
9980,Eastroc Beverage (Group) Co. Ltd. Class H,101.2,89106887621.0,13.369089924303474,3.2690421706440014,34.314663942266,16.5577596000554,5464255960.0,,7002582197.79788,25.278432029610524,28.431947933165368,,2.16924206153577,653459.8999999999,Consumer Non-Durables,Beverages: Non-Alcoholic,HKEX:9980,HK,66130141.879999995,0.38960282247836675,24.452241619687644,0.5467429175711805,0.8,0.48700352809795844,28.741130436747852,stable_or_general,True,False,not_triggered,0.0,0.48700352809795844,priority
1415,Cowell e Holdings Inc.,23.9,20794022245.0,12.387270654089354,3.280060935023228,31.1822474804944,14.8003619513146,1874256690.0,,1380287062.55,14.861029499110339,29.067418969752694,27.269129287598943,1.46443514644351,2961029.9,Consumer Durables,Electronics/Appliances,HKEX:1415,HK,70768614.61,0.39725393949996807,26.47928689553898,0.46780982822374506,0.8,0.49656742437496004,15.082173239428265,stable_or_general,True,False,not_triggered,0.0,0.49656742437496004,priority
1929,Chow Tai Fook Jewellery Group Limited,11.67,115140084161.0,12.919295914978413,3.943633414436334,32.3792605592756,11.0904803518662,424900000.0,,28446300000.091103,5.289551173433863,52.21536641034534,52.58445945945947,5.74121679520137,16839177.766666666,Consumer Durables,Other Consumer Specialties,HKEX:1929,HK,196513204.537,0.3989991028772106,30.525141930251415,0.42323458952290627,0.8,0.4987488785965132,5.726253771700296,stable_or_general,True,False,not_triggered,0.0,0.4987488785965132,priority
7618,JINGDONG Industrials Inc,12.85,34863569443.0,12.621549945977801,2.581098724515416,37.5833304763535,14.3724814477249,2581231260.0,,10237403.6755386,25.661234214407923,175.84310173585757,175.01350621285795,0.0,2962470.3,Consumer Services,Other Consumer Services,HKEX:7618,HK,38067743.355,0.33582840546606074,20.44993471929296,0.6171926766137951,0.8,0.4197855068325759,45.587752708186535,stable_or_general,True,False,not_triggered,0.1,0.519785506832576,priority
2510,T.S. Lines Limited,13.63,22694372800.0,7.7899068411727725,1.3232958318608474,17.8216748712375,14.3158259525383,1337693420.0,,1309951716.1000001,,,,5.72267057960381,4279635.166666667,Transportation,Marine Shipping,HKEX:2510,HK,58331427.32166667,0.43710296015695727,16.98731267063041,0.45857205269676626,0.8,0.5463787001961965,4.681727203730313,cyclical,True,False,not_triggered,0.0,0.5463787001961965,priority
883,CNOOC Limited,24.38,1202135031692.0,7.458622694037385,1.1712397702679005,16.78691704247,11.8794110184119,150297336310.0,,78690939429.304,10.531513069035286,12.717803724573292,12.725454357347305,5.25020508613618,59296472.49999993,Energy Minerals,Integrated Oil,HKEX:883,HK,1445647999.5499983,0.44431164311871374,15.703164220979025,0.4749757812551471,0.8,0.5553895538983922,6.455937196503337,cyclical,True,False,not_triggered,0.0,0.5553895538983922,priority
6,Power Assets Holdings Limited,61.2,130423641372.0,7.287015538489016,1.2646527691246185,18.6391872822799,17.3139150749467,5528000000.0,,2770000000.0,-12.239902080783354,190.78797725426483,190.78664912402192,4.6078431372549,2861189.2333333334,Utilities,Electric Utilities,HKEX:6,HK,175104781.08,0.39095135577164963,17.35487954492338,0.4198828070011354,0.8,0.488689194714562,6.890363393566512,stable_or_general,True,False,not_triggered,0.08,0.568689194714562,priority
1361,361 Degrees International Ltd.,4.38,9494446903.0,5.877616747181965,0.7237097560371107,12.8441046271852,9.24275152552987,747174180.0,,553880753.161199,13.070118241531627,18.224686344318812,17.557974443918592,7.64840182648402,3656472.6,Consumer Non-Durables,Apparel/Footwear,HKEX:1361,HK,16015349.988,0.45761202651227945,12.312979684905363,0.4773512908810699,0.8,0.5720150331403493,4.135165180418133,stable_or_general,True,False,not_triggered,0.0,0.5720150331403493,priority
564,ZCZL Industrial Technology Group Company Limited Class H,12.38,27677689890.0,5.741848708315941,0.7897145736785198,14.7077940194998,6.63634662972856,932796680.0,,13790131779.707998,8.982631507688065,-18.28642253303251,-17.536143195899946,11.5694991922456,1242625.2666666666,Producer Manufacturing,Auto Parts: OEM,HKEX:564,HK,15383700.801333334,0.3903949634257399,13.753663912021459,0.4174777532041662,0.8,0.48799370428217487,6.4872414327624135,cyclical,True,False,not_triggered,0.1,0.5879937042821749,priority
151,Want Want China Holdings Limited,2.835,33265104178.0,7.925636007827788,1.4817408756644315,20.2897950586787,13.696705542081599,4230424600.0000005,,3191310498.97224,5.79956317923007,-9.740338289237712,-9.694521585458213,3.81305114638448,13728164.5,Consumer Non-Durables,Food: Meat/Fish/Dairy,HKEX:151,HK,38919346.3575,0.3906217872041886,18.695545369494432,0.4239317896957458,0.8,0.48827723400523576,7.857396708905373,stable_or_general,True,False,not_triggered,0.1,0.5882772340052358,priority
2020,ANTA Sports Products Ltd.,72.45,201113992517.0,11.406215560943355,2.4810760164706465,24.1578948465741,12.919034907579602,22944036750.0,,38137738077.34251,16.637270096937968,11.792863489284935,12.530782177340773,3.3816425120773,7313954.833333333,Consumer Non-Durables,Apparel/Footwear,HKEX:2020,HK,529896027.675,0.47215271170703454,21.751964998506903,0.5243763292983553,0.8,0.5901908896337932,9.959186689681221,stable_or_general,True,False,not_triggered,0.0,0.5901908896337932,priority
1651,Precision Tsugami (China) Corp. Ltd.,50.25,18522854187.0,15.391919625080407,4.464781536684511,32.192536246929,23.5449019144656,1143151900.0,,91787153.7013983,23.92836897851255,42.602679401505554,46.18277884744549,2.98507462686567,1675818.1333333333,Producer Manufacturing,Industrial Machinery,HKEX:1651,HK,84209861.2,0.4781207515623661,29.007308025500343,0.5306221318968779,0.8,0.5976509394529576,9.894306546699983,cyclical,True,False,not_triggered,0.0,0.5976509394529576,priority
1999,Man Wah Holdings Limited,2.78,10686184148.0,5.950342465753424,0.7601901022154892,13.478910261337202,8.49589861527141,1070727000.0000001,,4840131000.0,-2.8007114157473696,-12.129930083966157,-12.163940590336535,8.63309352517986,8055610.466666667,Consumer Durables,Home Furnishings,HKEX:1999,HK,22394597.09733333,0.4414557520144146,12.775568912053116,0.4657594903769468,0.8,0.5518196900180182,5.218087632065805,stable_or_general,True,False,not_triggered,0.18,0.7318196900180183,priority
6110,Topsports International Holdings Limited,1.015,6294240412.0,4.555655296229802,0.6398255135939281,14.166469915986102,8.64742532992503,2745118910.0,,3980959430.10926,-3.552403351753338,-0.6077116410583117,-0.6244424620874274,17.1822660098522,26286021.466666665,Retail Trade,Apparel/Footwear Retail,HKEX:6110,HK,26680311.78866666,0.3215801341651804,14.044642800859823,0.32436960916876445,0.8,0.40197516770647546,0.8599680502536677,stable_or_general,True,False,not_triggered,0.32999999999999996,0.7319751677064754,priority
9973,"Chery Automobile Co.,Ltd. Class H",24.94,144866600122.0,6.9476557929632,2.3159239738061013,41.0295361454599,6.77288478031003,,,16952160432.6937,,,,3.94775862068966,2181323.466666667,Consumer Durables,Motor Vehicles,HKEX:9973,HK,54402207.25866667,0.1693330328749522,33.333890492268495,0.20842618999347373,0.8,0.21166629109369023,18.75635548476208,cyclical,False,True,review_possible_equity_or_leverage_distortion,0.25,0.46166629109369023,watch
9992,Pop Mart International Group Limited,153.0,201500663818.0,13.830883549384389,7.645577033686013,69.7916786788645,49.6893679371344,,,4308044625.607921,86.7846714534374,101.54528423177528,101.92760527900992,1.78091503267974,9962135.6,Consumer Services,Movies/Entertainment,HKEX:9992,HK,1524206746.8,0.19817381973322404,55.27902108630158,0.25020131105056326,0.8,0.24771727466653004,20.79425207601129,stable_or_general,False,True,review_high_roa_supports_follow_up,0.25,0.49771727466653004,watch
1530,"3SBio, Inc.",15.44,39190801337.0,4.226663016698604,1.2321541150276516,36.657115579207,27.0913290121645,,,1603171868.11389,101.73124275980192,257.92635551181803,254.694630546655,1.61917098445596,24035655.966666665,Health Technology,Biotechnology,HKEX:1530,HK,371110528.1253333,0.11530266225027513,29.151936413186604,0.1449873846042938,0.8,0.1441283278128439,20.47400360730388,health_special,False,False,not_triggered,0.4,0.5441283278128439,watch
2400,"XD, Inc.",39.18,18870553093.0,11.491758080600691,4.0814073042398515,42.0412856755701,29.4254966337135,,,130337935.980193,5.883559395488523,13.6153099602686,12.295378940087627,1.02092904543134,3289562.6666666665,Technology Services,Packaged Software,HKEX:2400,HK,128885065.27999999,0.27334459201085926,35.515952177323506,0.3235660985020144,0.8,0.34168074001357407,15.521251059261543,technology_strict,False,True,review_high_roa_supports_follow_up,0.25,0.5916807400135741,watch
1478,Q Technology (Group) Co. Ltd.,5.445,6506180323.0,4.034229828850856,0.8868583714055362,24.470044682938,8.11240467414755,-235075630.0,,8855956311.57338,31.138791265049516,216.77946929917633,214.98249708284712,10.1010101010101,7635999.0,Electronic Technology,Electronic Components,HKEX:1478,HK,41578014.555,0.1648640156208528,21.983337812416018,0.18351307082095397,0.8,0.20608001952606597,10.162248997672918,technology_strict,False,False,not_triggered,0.4,0.606080019526066,watch
9961,Trip.com Group Ltd.,305.8,198642643841.0,6.162005533311706,1.1258854428129905,20.0431517579795,12.21458179332,,,35603328537.1008,19.462330160959834,87.33605161616605,86.06849335612947,0.762478744277305,2424728.7333333334,Consumer Services,Other Consumer Services,HKEX:9961,HK,741482046.6533334,0.30743695441304597,18.27141239530655,0.3372484512962208,0.8,0.38429619301630746,8.839624546411928,stable_or_general,False,False,not_triggered,0.25,0.6342961930163075,watch
3998,Bosideng International Holdings Limited,4.365,50786998260.0,11.547619047619047,2.451434636833859,22.6902973751023,14.0336271808393,6247051230.0,,7253272245.8238,8.077352320679388,16.446029820440586,13.718411552346579,7.17067583046964,21060892.966666665,Consumer Non-Durables,Apparel/Footwear,HKEX:3998,HK,91930797.7995,0.5089232131567418,21.228918504540633,0.5439570105820105,0.8,0.6361540164459273,6.4405452533434655,stable_or_general,True,False,not_triggered,0.0,0.6361540164459273,watch
1179,H World Group Limited,33.84,102239967941.0,19.574271170754283,6.38744858802278,38.0507600511754,7.79155353229896,9040057780.0,,39565057284.7585,13.35011046450848,38.64430062441698,35.125840237611364,4.87757387706856,1983356.6,Consumer Services,Hotels/Resorts/Cruise lines,HKEX:1179,HK,67116787.34400001,0.5144252347240467,32.631859098622286,0.5998515472745685,0.8,0.6430315434050583,14.241242343819415,cyclical,True,False,not_triggered,0.0,0.6430315434050583,watch
2099,China Gold International Resources Corp. Ltd.,266.6,105683910122.0,17.467535020245567,5.121634004883419,33.6205175127488,22.9961853867758,6577560340.0,,3743049675.25,46.106339401700815,163.54051815602756,163.5390406464758,1.02826594148537,2968727.966666667,Non-Energy Minerals,Precious Metals,HKEX:2099,HK,791462875.9133334,0.5195498556386566,29.320874404701307,0.5957371795653141,0.8,0.6494373195483207,12.788747545058099,cyclical,True,False,not_triggered,0.0,0.6494373195483207,watch
1378,China Hongqiao Group Ltd.,22.5,220936464844.0,7.319929728674605,1.4361818244487934,22.442331849913,11.6700120879165,,,67290553752.0379,6.877135633506964,11.776113156377386,5.0871794871794895,7.33333333333333,33426969.433333334,Non-Energy Minerals,Aluminum,HKEX:1378,HK,752106812.25,0.32616618351550586,19.620158631069785,0.373082086965547,0.8,0.4077077293943823,12.575222742970693,cyclical,False,False,not_triggered,0.25,0.6577077293943823,watch
1318,"Mao Geping Cosmetics Co., Ltd. Class H",47.46,34101505289.0,15.471378276176816,4.0568194057178415,29.3004445555415,24.300789652431,1301336250.0,,104905072.434934,32.223519859219564,31.749800285307444,30.536170212765956,2.40400337126001,2687067.433333333,Consumer Non-Durables,Household/Personal Care,HKEX:1318,HK,127528220.38599999,0.5280253767771166,26.22144797509492,0.5900276098738522,0.8,0.6600317209713957,10.508361313802183,stable_or_general,True,False,not_triggered,0.0,0.6600317209713957,watch
1681,Consun Pharmaceutical Group Ltd.,13.04,10716912508.0,8.441768628212598,1.994383912785469,25.5812880500079,18.0274101202991,,,265210933.150588,15.047188942407766,20.573157228218687,20.972668180750258,5.59815950920245,1809123.4333333333,Health Technology,Pharmaceuticals: Major,HKEX:1681,HK,23590969.570666667,0.3299977941575929,23.625190414721732,0.3573206598560246,0.8,0.4124972426969911,7.646595556338931,health_special,False,False,not_triggered,0.25,0.6624972426969911,watch
1133,Harbin Electric Co. Ltd. Class H,14.89,33298150168.0,8.935965912500752,1.5340931335681007,18.9305940146577,3.9523151047633807,7049798220.0,,7597429619.07465,13.477776996242996,55.89041902764082,55.889231920666106,2.73128274009402,6412846.5,Producer Manufacturing,Electrical Products,HKEX:1133,HK,95487284.385,0.4720383261920759,17.16762517437559,0.5205126406090564,0.8,0.5900479077400949,9.31280254025345,cyclical,True,False,not_triggered,0.1,0.6900479077400948,watch
1910,Samsonite Group S.A.,12.5,17386170959.0,8.534170819963133,1.3289926660868714,17.723640066972,5.01604210284121,3851009140.0,,18325302440.1221,1.2738061782196628,-10.986337786593156,-9.098243654192272,6.4096,3999305.5,Consumer Durables,Other Consumer Specialties,HKEX:1910,HK,49991318.75,0.48151343559873794,15.572604464139522,0.5480246313078561,0.8,0.6018917944984223,12.136534000376908,stable_or_general,True,False,not_triggered,0.1,0.7018917944984223,watch
1882,Haitian International Holdings Limited,17.51,27945960365.0,7.8898751858694185,1.0409297625063163,14.017008583516303,9.01325015859404,2419436530.0,,4147737609.16821,7.743758989509695,0.3293853329564221,0.33001808318263387,4.56881781838949,3168087.7,Producer Manufacturing,Industrial Machinery,HKEX:1882,HK,55473215.62700001,0.5628786726397343,13.193234848259667,0.5980243114455117,0.8,0.7035983407996679,5.876958199379089,cyclical,True,False,not_triggered,0.0,0.7035983407996679,watch
340,Tongguan Gold Group Ltd.,2.955,15701959143.0,14.52802359882006,3.212166010826793,25.4954589441576,15.090645558923402,499183000.0,,748286000.046906,64.96150776724457,118.80374081515426,83.40847610459873,1.082910321489,26073242.666666668,Non-Energy Minerals,Precious Metals,HKEX:340,HK,77046432.08,0.5698278909448391,22.110137617670716,0.6570752226892098,0.8,0.7122848636810488,13.27813448623033,cyclical,True,False,not_triggered,0.0,0.7122848636810488,watch
917,Qunabox Group Limited,8.07,2137732034.0,6.465828058649147,0.8472245260476925,16.8959600742355,12.2692058857968,,,600599742.343856,24.817915063883273,13.714248370629928,7.03198696509734,0.0,7368365.4,Technology Services,Packaged Software,HKEX:917,HK,59462708.778000005,0.38268485663083635,13.103109429493493,0.49345753337718146,0.8,0.4783560707885454,22.448269456588555,technology_strict,False,False,not_triggered,0.25,0.7283560707885455,watch
1024,Kuaishou Technology Class B,31.26,136503151548.0,7.856640193023022,1.422658313972407,20.3330855425658,8.74060216587576,,,74292253677.0124,11.31210309805611,0.7153043130117971,-0.7136796925687358,2.20729366602687,52480913.1,Commercial Services,Advertising/Marketing Services,HKEX:1024,HK,1640553343.506,0.38639684943909425,18.1077188088081,0.4338834878085986,0.8,0.4829960617988678,10.944559934590636,hybrid_platform,False,False,not_triggered,0.25,0.7329960617988678,watch
1208,MMG Ltd.,9.07,116517042486.0,13.750758035172833,2.5929250596058298,22.4369837665263,6.36405946416614,18177005580.0,,24352702070.0,48.10534458847126,122.67230409088414,107.09576138147565,0.0,60661105.1,Non-Energy Minerals,Other Metals/Minerals,HKEX:1208,HK,550196223.2570001,0.6128612552498062,18.85659723611913,0.7292279653103984,0.8,0.7660765690622576,15.957521597661206,cyclical,True,False,not_triggered,0.0,0.7660765690622576,watch
1038,CK Infrastructure Holdings Limited,66.3,158360584169.0,6.63716814159292,1.1292593131957271,18.4253294289898,14.358942176861,,,31269000000.0,-9.356477561388655,208.74631992149168,208.74698646226128,3.93665158371041,1402870.7666666666,Utilities,Electric Utilities,HKEX:1038,HK,93010331.83,0.3602197815334699,17.01417365214896,0.39009641474739615,0.8,0.45027472691683734,7.658781799692427,stable_or_general,False,False,not_triggered,0.33,0.7802747269168373,watch
590,Luk Fook Holdings (International) Limited,21.74,12763723179.0,6.2390586884775425,0.8501013943383403,14.500206521471402,10.1847526641997,-102938000.0,,4751020000.0,28.96230838160763,86.00399685779333,85.99871890680049,7.22171113155474,1895610.7333333334,Retail Trade,Specialty Stores,HKEX:590,HK,41210577.34266666,0.43027378122090615,13.62547520042294,0.45789659418879425,0.8,0.5378422265261327,6.032543879655716,stable_or_general,False,False,not_triggered,0.25,0.7878422265261327,watch
6693,Chifeng Jilong Gold Mining Group Limited Class H,39.12,92672998324.0,17.837763895855183,4.454383559772088,28.248859151301904,15.0641777734108,3395472040.0,,917624570.653548,47.35219724941116,77.30168902633717,77.30616864742498,0.934688139059305,8112828.233333333,Non-Energy Minerals,Precious Metals,HKEX:6693,HK,317373840.488,0.6314507711732881,24.971647712004515,0.7143206608380956,0.8,0.7893134639666101,11.601216961522331,cyclical,True,False,not_triggered,0.0,0.7893134639666101,watch
2618,"JD Logistics, Inc.",10.79,71523906671.0,8.61064559891469,1.0969003162610642,13.1651293399566,6.10844020791835,10989721430.0,,27597372898.1343,29.203304309784688,16.591198647543873,16.394203975478366,0.0,13572096.3,Transportation,Air Freight/Couriers,HKEX:2618,HK,146442919.077,0.6540494496154396,12.73888587865375,0.675933961645998,0.8,0.8175618120192996,3.2376701382582307,stable_or_general,True,False,not_triggered,0.0,0.8175618120192996,watch
168,"Tsingtao Brewery Co., Ltd. Class H",39.64,67036221296.0,10.368549083204728,1.492451336259753,15.1042625827292,8.50331182366777,3996805020.0,,381892773.60412097,1.0755101175886925,5.030766113743941,5.035990988515853,6.81130171543895,3530206.533333333,Consumer Non-Durables,Beverages: Alcoholic,HKEX:168,HK,139937386.98133335,0.6864650972805868,14.394022965829116,0.7203371224166645,0.8,0.8580813716007335,4.702246223607098,stable_or_general,True,False,not_triggered,0.0,0.8580813716007335,watch
2507,Cirrus Aircraft Limited,44.76,16381658076.0,12.940156114483955,2.249975494569848,18.5600255280569,10.6442541410917,1269759400.0,,216056319.55,14.044373337919208,8.271381217035776,8.269688243395525,2.09383378016086,798285.9333333333,Electronic Technology,Aerospace & Defense,HKEX:2507,HK,35731278.376,0.6972057282422658,17.387545209376906,0.7442198400442102,0.8,0.8715071603028322,6.317234407396544,technology_strict,True,False,not_triggered,0.0,0.8715071603028322,watch
2142,HBM Holdings Ltd.,12.89,11473491268.0,16.889412997903566,3.247628525717741,24.0398384037196,18.4293509149007,51252540.0,,703510305.5,55.30738269215731,16.016052470809218,5.037159372419483,0.0,9131567.033333333,Health Technology,Pharmaceuticals: Other,HKEX:2142,HK,117705899.05966666,0.7025593398036456,19.228782706189136,0.8783402078004345,0.8,0.878199174754557,20.012845414077596,health_special,True,False,not_triggered,0.0,0.878199174754557,watch
6690,"Haier Smart Home Co., Ltd. Class H",20.58,211431255023.0,9.474265721388452,1.3953034276462626,15.1372927277349,5.78729124627148,17950448640.0,,84365738119.5501,0.5890393739793509,-8.946596767986561,-7.186805674243706,6.41458211856171,11819152.0,Consumer Durables,Electronics/Appliances,HKEX:6690,HK,243238148.15999997,0.6258890471232997,14.727298860705599,0.6433131975522721,0.8,0.7823613089041246,2.708501938910801,stable_or_general,True,False,not_triggered,0.1,0.8823613089041246,watch
175,Geely Automobile Holdings Limited,16.12,174882410081.0,9.33464589727257,1.5996665707395978,17.9748774820255,5.75584051514803,,,8652988053.164999,34.63497177287369,12.951400374586427,6.690967502780184,3.10173697270471,41781779.86666667,Consumer Durables,Motor Vehicles,HKEX:175,HK,673522291.4506667,0.5193162460554749,17.136874696093123,0.5447111018090531,0.8,0.6491453075693435,4.66207787380114,cyclical,False,False,not_triggered,0.25,0.8991453075693435,watch
999,Xiaocaiyuan International Holding Ltd.,7.99,9400384933.0,13.528614967829325,3.3783640937823725,25.8145146964274,15.5930643871414,,,1541021651.3543801,,,,7.21026282853567,3637359.4,Consumer Services,Restaurants,HKEX:999,HK,29062501.606,0.5240700871940707,24.971987907232407,0.5417516225815229,0.8,0.6550876089925883,3.2637715607010453,stable_or_general,False,False,not_triggered,0.25,0.9050876089925883,watch
303,VTech Holdings Limited,50.6,12824654389.0,12.245589409743229,2.525476870924175,20.7492096904964,10.2374935389482,721847170.0,,994137360.0,-6.746215076510219,-14.364563832231205,-14.488224825131407,8.19348418972332,814102.8333333334,Consumer Durables,Recreational Products,HKEX:303,HK,41193603.36666667,0.5901713651943081,20.623563198311825,0.5937669107899652,0.8,0.7377142064928851,0.6055483271833917,stable_or_general,True,False,not_triggered,0.18,0.9177142064928852,watch
3606,"Fuyao Glass Industry Group Co., Ltd. Class H",54.85,159728740199.0,15.13103448275862,3.243750236554256,22.7425379801769,11.9014808123063,6400991160.0,,29266652182.3678,13.0566599339307,-0.40550323627570173,-0.40661574811803247,4.29578304466727,2853702.9,Consumer Durables,Home Furnishings,HKEX:3606,HK,156525604.065,0.6653186419188263,21.4377294576284,0.7058132957907254,0.8,0.8316483023985328,5.737303917820469,stable_or_general,True,False,not_triggered,0.1,0.9316483023985328,watch
1368,Xtep International Holdings Limited,3.285,8825263407.0,6.693154034229829,0.7221764220939819,12.3640994800582,7.2998637428429,,,2719133236.62192,10.471950602549983,-4.978086279049862,-8.976261127596437,8.37138508371385,13540414.3,Consumer Non-Durables,Apparel/Footwear,HKEX:1368,HK,44480260.9755,0.5413377694853618,10.789777411376754,0.6203236433007931,0.8,0.6766722118567022,12.733010367804297,stable_or_general,False,False,not_triggered,0.35,1.0266722118567022,watch
2259,Zijin Gold International Company Limited,160.1,428481947146.0,21.659135799128762,5.850601011302514,38.9176811113979,23.8305003135569,,,4004401675.6,106.34666584316497,222.5563956903622,216.24026696329253,1.8738288569644,9189272.2,Non-Energy Minerals,Precious Metals,HKEX:2259,HK,1471202479.2199998,0.5565371620454901,27.012162745375345,0.8018290132224584,0.8,0.6956714525568626,30.591540980934152,cyclical,False,False,not_triggered,0.35,1.0456714525568627,watch
1258,China Nonferrous Mining Corp. Ltd.,16.5,64383592163.0,14.331625119430209,2.977135598602731,22.4432297635746,10.9747019563844,,,677380594.9,10.774663550691596,30.256353859451234,30.267028739533824,1.96981818181818,16665300.7,Non-Energy Minerals,Other Metals/Minerals,HKEX:1258,HK,274977461.55,0.6385723120248255,20.773189179826208,0.6899097194641785,0.8,0.7982153900310318,7.4411775904859585,cyclical,False,False,not_triggered,0.25,1.0482153900310318,watch
1171,Yankuang Energy Group Company Limited Class H,12.98,201874730399.0,9.950935295921497,1.480678739483816,17.2183842656113,2.77810757716118,-2165395670.0,,202616672186.256,32.88814842523928,6.7976569414927,6.5251122907309185,4.35208012326656,30382593.233333327,Energy Minerals,Coal,HKEX:1171,HK,394366060.1686666,0.5779250330587399,14.879794667046914,0.6687548799284868,0.8,0.7224062913234248,13.581934068198475,cyclical,False,False,not_triggered,0.35,1.072406291323425,watch
1579,Yihai International Holding Ltd.,13.97,13552744565.0,13.231672665277515,2.719189654232749,19.9796024148202,16.7641383111979,,,126787551.684499,11.127857135346073,28.009642872439667,28.006789524733282,6.49606299212598,3230299.7,Consumer Non-Durables,Food: Major Diversified,HKEX:1579,HK,45127286.80900001,0.6622590575407398,20.55061157436604,0.6438578539327823,0.8,0.8278238219259246,2.8579605724400325,stable_or_general,False,False,not_triggered,0.25,1.0778238219259246,watch
2768,"Qingdao Gon Technology Co., Ltd. Class H",36.64,25173435290.0,12.313482995026213,1.9302273390572862,18.475489493048,5.44831062407165,-1320295670.0,,14013067516.3085,21.24961692524004,59.71930544609355,,1.05961517467249,1197085.0666666664,Process Industries,Chemicals: Specialty,HKEX:2768,HK,43861196.842666656,0.6664766852136481,15.675721807038375,0.7855129828533624,0.8,0.8330958565170601,15.153956743950548,cyclical,False,False,not_triggered,0.25,1.08309585651706,watch
991,"Datang International Power Generation Co., Ltd. Class H",2.68,100124126289.0,6.143970655662541,0.5127979442160028,12.1256682297527,2.16092400816039,,,203432032039.601,3.1974489756315685,59.244582503820645,59.255202628696615,6.23880597014925,29119720.566666666,Utilities,Electric Utilities,HKEX:991,HK,78040851.11866666,0.5066913046975099,8.34636056966494,0.7361257166378552,0.8,0.6333641308718874,31.167829998964425,stable_or_general,False,False,not_triggered,0.44999999999999996,1.0833641308718873,watch
2057,"ZTO Express (Cayman), Inc. Class A",162.4,121186231686.0,11.367852217921168,1.6785588703877616,16.0392099056169,10.5973945602568,,,25471976714.4383,21.236339993748004,22.67170469572305,25.451368154835073,3.10921921182266,1528664.1333333333,Transportation,Air Freight/Couriers,HKEX:2057,HK,248255055.25333333,0.7087538778291173,14.765840003985542,0.7698750775338753,0.8,0.8859423472863965,7.93910615999498,stable_or_general,False,False,not_triggered,0.25,1.1359423472863965,watch
576,Zhejiang Expressway Co. Ltd. Class H,5.96,35987163338.0,6.149401568303756,0.605480615477141,10.6114435683766,1.7202080651227203,,,137433054236.67702,21.405742195705873,-3.333662402974825,-3.40841140123581,7.51057046979866,8509337.933333341,Transportation,Other Transportation,HKEX:576,HK,50715654.08266671,0.5795065985771931,9.84617135101418,0.6245474864369848,0.8,0.7243832482214914,7.211763530864223,stable_or_general,False,False,not_triggered,0.44999999999999996,1.1743832482214913,watch
902,"Huaneng Power International, Inc. Class H",5.725,116249957627.0,8.556269615901957,1.1037123291896727,13.4501949475253,1.50902202946224,-4775426390.0,,463290480025.237,-3.2281598658516595,7.253434924908728,7.26194293042642,7.94323144104804,27239340.7,Utilities,Electric Utilities,HKEX:902,HK,155945225.5075,0.6361446543550824,12.899457108485764,0.6633046293299669,0.8,0.795180817943853,4.094645774192774,stable_or_general,False,False,not_triggered,0.43000000000000005,1.225180817943853,watch
3877,CSSC (Hong Kong) Shipping Company Limited,2.48,15387519767.0,8.472839084386743,0.9788945596355987,12.9678216631721,4.60318866460148,,,25315019000.0626,-3.094555518842246,4.14946415234328,-3.748766853008868,4.03225806451613,11919412.8,Transportation,Marine Shipping,HKEX:3877,HK,29560143.744000003,0.6533741213028199,11.553324096989506,0.7333680777287761,0.8,0.8167176516285248,10.907749990113501,cyclical,False,False,not_triggered,0.43000000000000005,1.2467176516285248,watch
LTM,LATAM Airlines Group S.A.,51.29,14612517115.865698,9.63282937365011,7.388829024023418,107.343428507644,8.63060361420044,1751077010.0,,8990748134.9226,20.164491856077642,33.21194153869491,37.102173241322475,1.86841294599337,814845.1,Transportation,Airlines,NYSE:LTM,US,41793405.179,0.08973841722378141,76.70466004759736,0.12558336569998058,1.0,0.08973841722378141,28.542751881513485,cyclical,True,True,review_possible_equity_or_leverage_distortion,0.0,0.08973841722378141,priority
AUPH,Aurinia Pharmaceuticals Inc,16.1,2142124016.0000005,7.038251366120219,3.480125457441957,66.1177795439022,48.518408679737,174155200.0,,64135999.99999999,19.75925662534958,418.03219209859617,434.9625818521984,0.0,1058044.6666666667,Health Technology,Biotechnology,NASDAQ:AUPH,US,17034519.133333337,0.10645020771526092,49.44588188756817,0.1423425186777748,1.0,0.10645020771526092,25.21545304658015,health_special,True,True,review_high_roa_supports_follow_up,0.0,0.10645020771526092,priority
SLDE,"Slide Insurance Holdings, Inc.",24.84,2901603187.0,6.050567545184391,2.402634773398848,53.8821006380406,20.8616096548209,1034559000.0,,38650000.0,41.43171092857332,117.73629258163724,-59.701990655306446,0.281803542673108,977315.1,Technology Services,Packaged Software,NASDAQ:SLDE,US,24276507.084,0.11229271824106851,39.70924637162492,0.15237175464271596,1.0,0.11229271824106851,26.30345531927849,technology_strict,True,True,review_high_roa_supports_follow_up,0.0,0.11229271824106851,priority
ECO,Okeanis Eco Tankers Corp.,76.15,2920258323.9999995,7.10096140396684,3.388273946954269,61.5919910455297,29.4350134271386,44692060.0,,722493783.004812,105.24219735077509,498.5632077171379,413.8920835729346,12.5410374261326,573571.1333333333,Transportation,Marine Shipping,NYSE:ECO,US,43677441.803333335,0.11529033699718695,47.71570713032553,0.1488181110796921,1.0,0.11529033699718695,22.52936409369625,cyclical,True,True,review_high_roa_supports_follow_up,0.0,0.11529033699718695,priority
CSTM,Constellium SE,26.17,3546760979.000001,6.732525533173831,2.846517557150611,53.8005923000067,9.52963804859117,221702000.0,,1923000000.01281,25.941747231308838,1903.890854823565,1921.372854914197,0.0,1428837.8666666667,Non-Energy Minerals,Aluminum,NYSE:CSTM,US,37392686.97066667,0.12513850211223404,42.28008558043615,0.15923632700235374,1.0,0.12513850211223404,21.41334551733015,cyclical,True,True,review_possible_equity_or_leverage_distortion,0.0,0.12513850211223404,priority
CQP,"Cheniere Energy Partners, LP",67.74,32790068156.000004,12.192663522804997,8.880324064970306,91.32280523009,15.5393105839522,2786000000.0,,14444000000.0,15.433276433376845,34.315684315684315,34.31486316603809,4.82728077945084,126336.73333333334,Utilities,Gas Distributors,NYSE:CQP,US,8558050.316,0.13351170599813802,72.8333398880455,0.16740497609400773,1.0,0.13351170599813802,20.246273967887696,cyclical,True,True,review_high_roa_supports_follow_up,0.0,0.13351170599813802,priority
CENX,Century Aluminum Company,44.05,4360654515.0,7.622030349696329,3.107870991957634,56.73325499412451,25.0202110238179,151200000.0,,480000000.0,9.666543316475472,413.18027210884355,419.861473419088,0.0,2009863.8666666667,Non-Energy Minerals,Aluminum,NASDAQ:CENX,US,88534503.32666667,0.13434854655326392,40.77484409493929,0.18692972392363671,1.0,0.13434854655326392,28.128847711695602,cyclical,True,True,review_high_roa_supports_follow_up,0.0,0.13434854655326392,priority
FRO,Frontline Plc,49.21,10955272424.0,7.3696348878305935,3.4721879229105133,53.8422866862181,24.9372644218018,688973000.0,,2434842000.0,48.84009857969576,524.545416351567,524.5230078563412,6.36049583418004,2342956.6333333333,Transportation,Marine Shipping,NYSE:FRO,US,115296895.92633334,0.13687447806181277,47.11478893810742,0.156418718069856,1.0,0.13687447806181277,12.4948217510099,cyclical,True,True,review_high_roa_supports_follow_up,0.0,0.13687447806181277,priority
NUTX,Nutex Health Inc.,200.24,1371238221.0,7.921387429584151,3.4753836824279642,57.1561996677076,19.9282587999825,274169000.0,,347336000.0,6.88391043632732,219.31967824244722,158.1377775054633,0.0,163075.60000000006,Health Services,Medical/Nursing Services,NASDAQ:NUTX,US,32654258.144000016,0.13859191961042183,43.873421333343515,0.1805509392440281,1.0,0.13859191961042183,23.239435812015085,stable_or_general,True,True,review_high_roa_supports_follow_up,0.0,0.13859191961042183,priority
TDC,Teradata Corporation,27.84,2589120013.9999995,5.862657148272159,4.384914884769981,119.11573472041601,26.980854197349004,736000000.0,,99000000.0,0.9552238805970149,316.3636363636364,319.4594117127462,0.0,2547056.433333333,Technology Services,Packaged Software,NYSE:TDC,US,70910051.10399999,0.049218158810276136,74.79398460239658,0.07838407298979902,1.0,0.049218158810276136,37.20898017549887,technology_strict,True,True,review_high_roa_supports_follow_up,0.1,0.14921815881027614,priority
HMY,Harmony Gold Mining Company Limited,20.64,12991988914.094202,7.3751161294933185,2.8154489577109745,48.1166999268439,29.137685369431704,960832870.0,,578157413.0567421,49.715777730405755,121.37391819315222,121.88218504717354,1.57914728682171,3634449.966666667,Non-Energy Minerals,Precious Metals,NYSE:HMY,US,75015047.312,0.15327560162493195,38.174977970203166,0.1931924135031549,1.0,0.15327560162493195,20.661687047856613,cyclical,True,True,review_high_roa_supports_follow_up,0.0,0.15327560162493195,priority
GFI,Gold Fields Limited,45.1,40179975082.541,9.244644870349493,4.47712447498022,58.7626432300832,33.4429129188422,4500115750.0,,2634378549.55,71.19494284436489,133.70808449051265,133.92471829297529,2.66123059866962,3859125.0,Non-Energy Minerals,Precious Metals,NYSE:GFI,US,174046537.5,0.15732180109993332,48.42938304033482,0.19088917285297674,1.0,0.15732180109993332,17.584743676843885,cyclical,True,True,review_high_roa_supports_follow_up,0.0,0.15732180109993332,priority
NVO,Novo Nordisk A/S,43.07,189824019520.59583,10.525929908597684,5.625741260312335,60.353782852541705,21.8065432918519,11795532910.0,,21432701131.844597,13.207519141209511,12.445792562057399,12.752824469550845,2.85726491757604,12900246.2,Health Technology,Pharmaceuticals: Major,NYSE:NVO,US,555613603.834,0.17440381383077466,53.44650125132578,0.19694329211749068,1.0,0.17440381383077466,11.44465396326858,health_special,True,True,review_high_roa_supports_follow_up,0.0,0.17440381383077466,priority
PBR,Petroleo Brasileiro S.A. Petrobras,21.2,130203496113.312,5.361930294906165,1.4703016407040523,30.685982529677503,11.0211924445216,18257156170.0,,70814633062.5296,20.81710009340769,86.33582928701784,86.33300344031292,5.58869811320755,20376834.333333332,Energy Minerals,Integrated Oil,NYSE:PBR,US,431988887.8666666,0.17473549330611957,27.42112559913058,0.1955401238188476,1.0,0.17473549330611957,10.639571105110823,cyclical,True,False,not_triggered,0.0,0.17473549330611957,priority
INSW,"International Seaways, Inc.",103.65,5133920464.0,6.618985280500655,2.265800598180102,37.4116050605098,28.1160566183888,269317000.0,,652766000.0,57.663130697337884,226.3704224998115,225.71030408918836,8.03666184273999,565831.1666666666,Transportation,Marine Shipping,NYSE:INSW,US,58648400.425,0.17692331750522494,34.23184222595398,0.19335755396425192,1.0,0.17692331750522494,8.499402336288009,cyclical,True,False,not_triggered,0.0,0.17692331750522494,priority
ARCO,Arcos Dorados Holdings Inc.,8.01,1668915496.9999998,6.5725773365061135,2.030392517205105,36.3838238691034,7.068094536745139,95342940.0,,2199575000.00002,10.767117810403263,97.29127444576632,97.29642221142947,3.24594257178527,1077419.4,Consumer Services,Restaurants,NYSE:ARCO,US,8630129.394,0.18064559019832568,30.891877162520114,0.2127606976399725,1.0,0.18064559019832568,15.094473649447727,stable_or_general,True,False,not_triggered,0.0,0.18064559019832568,priority
MUSA,Murphy USA Inc.,523.58,9623583028.0,15.941371509647093,12.295363958788762,86.3941769316909,12.7163342673479,541500000.0,,2762400000.0,10.265769303825085,25.83078491335372,35.93962120459587,0.48703159020589,291733.13333333336,Retail Trade,Specialty Stores,NYSE:MUSA,US,152745633.9506667,0.1845190506560578,77.12864574637189,0.20668548443166423,1.0,0.1845190506560578,10.724717237187132,stable_or_general,True,True,review_high_roa_supports_follow_up,0.0,0.1845190506560578,priority
UAN,"CVR Partners, LP",135.88,1436202238.0,8.964065891293878,4.139293249491422,48.2957251457405,15.591870814300398,144595000.0,,579625000.0,17.472400261722402,82.15853020759909,82.15826473592502,10.649102148955,48837.666666666664,Process Industries,Chemicals: Agricultural,NYSE:UAN,US,6636062.1466666665,0.18560785378505648,46.17651520736372,0.19412608013054192,1.0,0.18560785378505648,4.387986580554903,cyclical,True,True,review_high_roa_supports_follow_up,0.0,0.18560785378505648,priority
BYD,Boyd Gaming Corporation,77.0,5594466628.999999,3.3891590924096042,2.251452113514122,93.3309604757425,27.440204853376,35064000.0,,3258284000.0,1.7489530067105015,221.90196470927935,249.9830550249553,0.987012987012987,847517.8666666667,Consumer Services,Casinos/Gaming,NYSE:BYD,US,65258875.733333334,0.036313342058560245,66.43099518569363,0.05101773777339833,1.0,0.036313342058560245,28.82212414072435,stable_or_general,True,True,review_high_roa_supports_follow_up,0.15,0.18631334205856023,priority
ZTS,Zoetis Inc.,72.97,30152926764.0,12.004013950121735,9.600002104975108,64.3938461538462,17.7019894437678,2366000000.0,,9238000000.0,1.4064997336174747,0.1531393568147014,4.590502408809359,2.86419076332739,6019145.5,Health Technology,Pharmaceuticals: Major,NYSE:ZTS,US,439217047.135,0.18641554538367552,79.97326681611989,0.15010033262392794,1.0,0.18641554538367552,24.19395888397815,health_special,True,True,review_high_roa_supports_follow_up,0.0,0.18641554538367552,priority
GAP,"Gap, Inc. (The)",21.51,7555820170.0,6.42626673040153,1.9109112052599364,33.7757313109426,9.97520198384129,957000000.0,,5720000000.0,1.054991428194646,40.26996625421822,43.84185646755479,3.16132031613203,7549648.866666666,Retail Trade,Apparel/Footwear Retail,NYSE:GAP,US,162392947.122,0.1902628449770845,29.735946007652526,0.2161110572620671,1.0,0.1902628449770845,11.960615348634274,stable_or_general,True,False,not_triggered,0.0,0.1902628449770845,priority
THC,Tenet Healthcare Corporation,263.69,21232054566.0,10.168870583970598,4.557512212591033,53.3127155941477,7.54863157894737,3023000000.0,,13248000000.0,5.433101314771848,51.01078167115903,66.00366178428763,0.0,782085.8666666667,Health Services,Hospital/Nursing Management,NYSE:THC,US,206228222.18133333,0.19074006023971637,44.81827332698219,0.2268911724863032,1.0,0.19074006023971637,15.933238763958158,stable_or_general,True,True,review_possible_equity_or_leverage_distortion,0.0,0.19074006023971637,priority
DHT,"DHT Holdings, Inc.",22.0,3547182769.9999995,7.484266031638034,2.667882574361163,39.1763532556201,29.257388411867403,36254000.0,,434804000.0,39.41599357538878,148.85901598008007,148.6465911013365,11.1363636363636,3388733.8,Transportation,Marine Shipping,NYSE:DHT,US,74552143.6,0.19104039579192758,35.64654921515745,0.20995765919624026,1.0,0.19104039579192758,9.010037298344697,cyclical,True,False,not_triggered,0.0,0.19104039579192758,priority
BKE,"Buckle, Inc. (The)",40.7,2096556026.0,9.382420065008414,4.28815111149509,45.7642520466643,20.8009177997484,191323000.0,,421381000.0,6.224878565574589,9.559009569923948,8.700228030170155,3.43980343980344,433861.86666666664,Retail Trade,Apparel/Footwear Retail,NYSE:BKE,US,17658177.973333333,0.2050163532759471,45.70410493010946,0.20528615710461837,1.0,0.2050163532759471,0.13142816470267382,stable_or_general,True,True,review_high_roa_supports_follow_up,0.0,0.2050163532759471,priority
FTDR,"Frontdoor, Inc.",81.01,5581047235.0,21.437455344147768,19.76321227217171,101.85873605948,12.5745754933456,386000000.0,,1179000000.0,9.26208651399491,6.614785992217899,11.557536753852519,0.0,500286.1666666667,Consumer Durables,Homebuilding,NASDAQ:FTDR,US,40528182.36166667,0.2104626090356104,92.19010351229439,0.23253532133510285,1.0,0.2104626090356104,9.492197646689482,cyclical,True,True,review_high_roa_supports_follow_up,0.0,0.2104626090356104,priority
HESM,Hess Midstream LP,39.97,8240949334.999999,13.784659953096979,9.969271597178574,65.2400835073069,8.64085164233787,837800000.0,,3680000000.0,2.7760091684706483,28.910278446201442,7.6317743132887905,7.72304228171128,1356933.6333333333,Energy Minerals,Integrated Oil,NYSE:HESM,US,54236637.32433333,0.21129126776107043,72.32149092614209,0.19060254118895978,1.0,0.21129126776107043,10.854381291590576,cyclical,True,True,review_possible_equity_or_leverage_distortion,0.0,0.21129126776107043,priority
TNK,Teekay Tankers Ltd.,100.83,3496795786.0,5.942327072565579,1.471786668441627,28.035629634786304,25.454386756584803,366917000.0,,27801000.0,19.33065185574672,111.74610668784113,110.68178149716286,0.991768322919766,487524.86666666664,Transportation,Marine Shipping,NYSE:TNK,US,49157132.305999994,0.21195625530708267,24.76785021202457,0.2399209871545748,1.0,0.21195625530708267,11.655808930744016,cyclical,True,False,not_triggered,0.0,0.21195625530708267,priority
STNG,Scorpio Tankers Inc.,84.52,4232875723.0000005,5.321211815961117,1.2020420492854305,24.6193235920985,18.9542154363658,657566000.0,,728875000.0,32.68443204491772,127.4112495264413,116.30646457218342,2.09417889256981,779635.6333333333,Transportation,Marine Shipping,NYSE:STNG,US,65894803.729333326,0.21613964315692835,22.58962978470192,0.235559939081637,1.0,0.21613964315692835,8.244311830110574,cyclical,True,False,not_triggered,0.0,0.21613964315692835,priority
LMT,Lockheed Martin Corporation,524.19,120978207069.0,19.318994302225303,13.750421675400966,89.1646574953907,10.3643257500824,8729000000.0,,20538000000.0,7.196147207839207,49.54804947668887,52.76697088614012,2.60401762719625,1054906.7333333334,Electronic Technology,Aerospace & Defense,NYSE:LMT,US,552971560.5460001,0.21666650043739566,71.17565987281797,0.2714269785028468,1.0,0.21666650043739566,20.175031372158458,technology_strict,True,True,review_high_roa_supports_follow_up,0.0,0.21666650043739566,priority
BLBD,Blue Bird Corporation,61.84,1958846241.0,7.515982401127884,2.9910982902758354,64.2857224327879,32.3552070357124,153143000.0,,115751000.0,13.462721313828958,143.17777816129643,134.87197054037853,0.0,597250.9666666667,Consumer Durables,Motor Vehicles,NASDAQ:BLBD,US,36933999.77866667,0.11691526697838706,39.79650471010918,0.18886036489578092,1.0,0.11691526697838706,38.094333851941585,cyclical,True,True,review_high_roa_supports_follow_up,0.1,0.21691526697838706,priority
OGC,OceanaGold Corporation,30.19,6715690148.298067,8.176856273671985,2.651322413226881,37.6100485264861,26.9038269395039,705945475.8399999,,50039880.0,49.39741703752898,118.47789178000197,128.69531122729933,0.98648913303081,539127.3000000003,Non-Energy Minerals,Precious Metals,NYSE:OGC,US,16276253.187000008,0.21741147895391846,32.424715862545675,0.2521797356169652,1.0,0.21741147895391846,13.787093787684878,cyclical,True,False,not_triggered,0.0,0.21741147895391846,priority
TRMD,TORM plc,35.08,3574526235.203057,5.912273510374711,1.413638554074212,26.663962855241703,17.2098323301499,186996282.852,,1072316209.4432873,20.287134246724882,71.82541149575744,64.44948987550526,7.01522482014388,772231.1,Transportation,Marine Shipping,NASDAQ:TRMD,US,27089866.987999998,0.2217327387707658,23.910236080817203,0.24726955812527646,1.0,0.2217327387707658,10.327522541845891,cyclical,True,False,not_triggered,0.0,0.2217327387707658,priority
CGAU,Centerra Gold Inc.,22.63,4426598601.209369,7.4141725167534736,2.0503991332503495,32.593378769211,23.3006990594128,131458356.47999999,,45707085.599999994,36.2340457551393,707.0369164524052,776.8864473652648,0.892288081580625,1579919.9,Non-Energy Minerals,Precious Metals,NYSE:CGAU,US,35753587.337,0.22747480613323817,27.65513115074075,0.26809391994349235,1.0,0.22747480613323817,15.151076092593108,cyclical,True,False,not_triggered,0.0,0.22747480613323817,priority
HON,Honeywell International Inc.,202.36,64135979087.00001,7.4825932458466,3.459889914769692,49.8960498960499,11.0937770844167,4148000000.0,,34955000000.0,-2.4080418094071168,50.83085534371173,53.73390557939914,3.87428345522831,2912449.5333333304,Producer Manufacturing,Industrial Machinery,NASDAQ:HON,US,589363287.5653328,0.1499636396355089,46.239182073543695,0.1618236506421219,1.0,0.1499636396355089,7.328972594272876,cyclical,True,True,review_high_roa_supports_follow_up,0.08,0.22996363963550892,priority
DRD,DRDGOLD Limited,26.81,2309827973.8926,9.226374836533829,2.9899850556509713,39.5687673664087,28.8337809763554,130619409.99999999,,695546.0646735821,52.86594362757796,105.12246738669795,104.28852643419573,1.56824319283849,299581.7,Non-Energy Minerals,Precious Metals,NYSE:DRD,US,8031785.377,0.2331731678952026,32.40693239354939,0.2847037394495982,1.0,0.2331731678952026,18.09971714948907,cyclical,True,False,not_triggered,0.0,0.2331731678952026,priority
INVA,"Innoviva, Inc.",20.66,1492591675.9999998,5.033009330312554,1.2168380704222947,36.6756447235564,23.5310158847992,189442000.0,,269657000.0,18.167638381476397,824.3085202721934,1137.1609403254974,0.0,680015.7,Health Technology,Pharmaceuticals: Major,NASDAQ:INVA,US,14049124.362,0.13723028915371466,24.177147121376947,0.20817217618957484,1.0,0.13723028915371466,34.07846732180768,health_special,True,False,not_triggered,0.1,0.23723028915371466,priority
NEXA,Nexa Resources S.A.,13.31,1762758006.0,6.3498878870282915,1.4644252488477694,26.5196584413885,5.4139532380224,173248390.0,,1855220000.0,23.370012900287275,,,0.992757325319309,776717.7,Non-Energy Minerals,Other Metals/Minerals,NYSE:NEXA,US,10338112.587,0.239440786956675,23.06222211953275,0.2753372096633394,1.0,0.239440786956675,13.037258113625727,cyclical,True,False,not_triggered,0.0,0.239440786956675,priority
PARR,"Par Pacific Holdings, Inc. Common Stock",84.65,4240933624.9999995,4.940007936693201,2.10400050903639,54.73979001269941,20.3310818954595,438306000.0,,1304278000.0,13.187341522133453,,,0.0,962634.6000000004,Energy Minerals,Oil Refining/Marketing,NYSE:PARR,US,81487018.89000005,0.09024528474711246,42.59103499426339,0.11598703664652839,1.0,0.09024528474711246,22.19364563805881,cyclical,True,True,review_high_roa_supports_follow_up,0.15,0.24024528474711246,priority
RBGLY,Reckitt Benckiser Group Plc.,13.66,42842970849.778206,11.539111336374388,5.763640122698869,47.8840051521705,11.7078826556508,2102008750.0,,13488841750.0,1.1450505682038803,139.63067590725547,142.13540601349968,3.86049691569771,497977.1333333332,Consumer Non-Durables,Household/Personal Care,OTC:RBGLY,US,6802367.641333331,0.24098049650826545,49.94873482614145,0.2310190914051984,1.0,0.24098049650826545,4.311940213458421,stable_or_general,True,True,review_high_roa_supports_follow_up,0.0,0.24098049650826545,priority
SNDK,Sandisk Corporation,1633.35,239153480443.0,22.407593627345396,15.154366055110732,91.6399487015069,64.4257860926406,11494000000.0,,201000000.0,175.29571719918422,,,0.0,13491662.066666666,Electronic Technology,Computer Peripherals,NASDAQ:SNDK,US,22036606236.59,0.24451774520664843,67.63049306917502,0.3313238246603653,1.0,0.24451774520664843,26.199769830225883,technology_strict,True,True,review_high_roa_supports_follow_up,0.0,0.24451774520664843,priority
RCI,"Rogers Communication, Inc.",36.21,19590431719.490433,4.519860724879311,1.678017485652149,44.4148457467871,7.3664978983569,1931776000.0,,32171392000.0,4.210328521979984,288.7464312871445,285.15341998222095,3.98565165404544,1011827.3,Communications,Wireless Telecommunications,NYSE:RCI,US,36638266.533,0.10176463857709717,37.125424604691894,0.1217456978069981,1.0,0.10176463857709717,16.4121275657532,stable_or_general,True,True,review_possible_equity_or_leverage_distortion,0.15,0.2517646385770972,priority
CF,"CF Industries Holdings, Inc.",133.07,20138564671.0,9.869977674432404,3.5095400041934086,39.1933526281393,14.551630905750597,1910000000.0,,3613000000.0,20.04032883511711,61.21351766513057,76.22078736864118,1.57811678064177,2599239.500000016,Process Industries,Chemicals: Agricultural,NYSE:CF,US,345880800.2650021,0.2518278486680454,35.55772991548568,0.27757614723694574,1.0,0.2518278486680454,9.276120742075488,cyclical,True,False,not_triggered,0.0,0.2518278486680454,priority
GPOR,Gulfport Energy Corporation,173.25,3063729541.0,6.929196213239264,1.677959601125032,27.4111285765093,16.2053453967893,250001000.0,,922410000.0,26.64766808896456,,,0.0,297257.76666666666,Energy Minerals,Oil & Gas Production,NYSE:GPOR,US,51499908.075,0.25278770240702253,24.215789963041306,0.2861437196067013,1.0,0.25278770240702253,11.657085203731166,cyclical,True,False,not_triggered,0.0,0.25278770240702253,priority
OMAB,Grupo Aeroportuario del Centro Norte S.A.B. de C.V.,98.73,4749623526.438801,15.792757054194128,9.141886749125442,61.9717541048613,17.5688845729293,338139320.0,,816786494.026755,13.972101284123989,14.664879841322534,14.664074393353022,4.81356426618049,74352.6,Transportation,Other Transportation,NASDAQ:OMAB,US,7340832.198000001,0.25483798679429803,57.886578750969925,0.2728224295675707,1.0,0.25483798679429803,6.591995680772422,stable_or_general,True,True,review_high_roa_supports_follow_up,0.0,0.25483798679429803,priority
AMGN,Amgen Inc.,377.35,204007495686.0,23.440800099391232,17.453407473120322,91.4731115296087,9.52728619998257,10175000000.0,,57304000000.0,9.892702010758565,32.089439492370445,31.702528020944104,2.63415926858354,2647385.6333333333,Health Technology,Biotechnology,NASDAQ:AMGN,US,998990968.7383333,0.2562589126729743,74.4573879693364,0.3148216817523172,1.0,0.2562589126729743,18.601885598659806,health_special,True,True,review_possible_equity_or_leverage_distortion,0.0,0.2562589126729743,priority
LPG,Dorian LPG Ltd.,55.18,2360748324.0,7.321895359791941,1.9091886363486958,28.342022711409996,17.6322406431966,146279050.0,,646238026.0,81.05922022373736,557.3522487472081,555.6725247955454,0.0,566947.5333333333,Transportation,Marine Shipping,NYSE:LPG,US,31284164.889333334,0.25834060731467395,26.075060384404992,0.2808007058028149,1.0,0.25834060731467395,7.99859046790038,cyclical,True,False,not_triggered,0.0,0.25834060731467395,priority
FIS,"Fidelity National Information Services, Inc.",38.14,19669023955.0,5.856340017811627,1.2271004523605757,22.3266900615772,8.70429406677939,2935000000.0,,21256000000.0,18.261122419307938,2007.5,2338.2628229127663,4.40482433141059,6210013.566666666,Technology Services,Packaged Software,NYSE:FIS,US,236849917.43266666,0.2623022042971794,20.95336760892366,0.2794939757233829,1.0,0.2623022042971794,6.151034698228475,technology_strict,True,False,not_triggered,0.0,0.2623022042971794,priority
BVN,Buenaventura Mining Company Inc.,34.04,8976080910.990591,7.69404638126667,1.9993210296385833,28.7663340406401,19.4853579617962,654632010.0,,692358096.693488,67.74731707635866,122.35243967862081,122.35512891390661,1.23058166862515,1091734.2666666666,Non-Energy Minerals,Precious Metals,NYSE:BVN,US,37162634.43733333,0.2674670456929542,25.985299939268565,0.2960922675223599,1.0,0.2674670456929542,9.667669496719977,cyclical,True,False,not_triggered,0.0,0.2674670456929542,priority
DECK,Deckers Outdoor Corporation,81.27,11067498838.0,11.532894363398988,4.82761775151936,42.5584290402442,26.3324914256712,1117808000.0,,472334000.0,7.484361821074422,2.543375613462683,8.21585429527934,0.0,2566717.666666666,Consumer Non-Durables,Apparel/Footwear,NYSE:DECK,US,208597144.76999995,0.2709896634693265,41.859550598506985,0.27551405111860744,1.0,0.2709896634693265,1.642162216740517,stable_or_general,True,True,review_high_roa_supports_follow_up,0.0,0.2709896634693265,priority
ATAT,Atour Lifestyle Holdings Limited,32.41,4455088151.0,15.97259868907397,8.963264719140897,58.7806410562356,23.0047612613102,328523140.0,,190824564.506145,45.007151794079256,46.85705402287087,47.82893778231095,2.59179265658747,951514.8,Consumer Services,Hotels/Resorts/Cruise lines,NASDAQ:ATAT,US,30838594.667999998,0.27173229828835893,56.11650861341807,0.28463279494289045,1.0,0.27173229828835893,4.532329683626202,cyclical,True,True,review_high_roa_supports_follow_up,0.0,0.27173229828835893,priority
ZM,"Zoom Communications, Inc.",95.57,27885770442.000004,8.851614815363668,2.471580189807635,32.1430348882633,26.432371088622,1925657000.0,,60272000.0,5.036770916318318,173.97084445042967,184.39837741017806,0.0,3191657.1333333333,Technology Services,Packaged Software,NASDAQ:ZM,US,305026672.2326667,0.2753820492101617,27.92236491716444,0.3170080629496537,1.0,0.2753820492101617,13.130900631414843,technology_strict,True,False,not_triggered,0.0,0.2753820492101617,priority
CNX,CNX Resources Corporation,35.91,5312655876.0,6.0046150759146535,1.1048979192473771,21.2486692250072,10.4767807760939,525977999.99999994,,2380108000.0,16.211654840991923,509.7057576964077,911.5696887686065,0.0,1398127.5,Energy Minerals,Oil & Gas Production,NYSE:CNX,US,50206758.525,0.282587818198418,18.400811796900626,0.32632337867430666,1.0,0.282587818198418,13.402521343571827,cyclical,True,False,not_triggered,0.0,0.282587818198418,priority
HAFN,Hafnia Limited,9.38,4622047177.982629,7.33823833074749,1.771970138922286,25.8610077053471,16.7647363703509,520347642.87779987,,883908344.1641848,5.066237788199953,39.92808080646917,41.71142138193912,7.99528595600677,1573253.5666666667,Transportation,Marine Shipping,NYSE:HAFN,US,14757118.455333335,0.28375685952988655,24.147078073189114,0.3038975692423529,1.0,0.28375685952988655,6.627466538373161,cyclical,True,False,not_triggered,0.0,0.28375685952988655,priority
PARXF,"Parex Resources, Inc.",20.888,2009013286.1867957,3.5992981713194254,0.8552988670405254,26.849496383970102,17.5892785465027,188239596.16,,814202782.8,8.912998995089572,330.9543765846447,341.08156520983715,5.32319391634981,253437.9,Energy Minerals,Oil & Gas Production,OTC:PARXF,US,5293810.8552,0.13405458783458996,23.762934503617167,0.1514669061925641,1.0,0.13405458783458996,11.495790595892519,cyclical,True,False,not_triggered,0.15,0.2840545878345899,priority
MPC,Marathon Petroleum Corporation,395.93,111186936280.99998,13.63137146890224,5.873470495204783,47.8754096523907,9.89154716020232,12899000000.0,,34292000000.0,15.187181048153745,300.6563525550867,330.27183171616923,1.01027959487788,2439234.033333333,Energy Minerals,Oil Refining/Marketing,NYSE:MPC,US,965765930.8176666,0.28472594945663393,43.08789110915327,0.3163620014349343,1.0,0.28472594945663393,9.999953165932574,cyclical,True,True,review_possible_equity_or_leverage_distortion,0.0,0.28472594945663393,priority
SBSW,D/B/A Sibanye-Stillwater Limited,12.54,8884493371.108402,10.301486897231577,2.708669036932076,35.700790335717,11.083657625893,845247490.0,,2278279438.6821303,59.20351083136212,,,1.98367623604466,5415226.466666667,Non-Energy Minerals,Precious Metals,NYSE:SBSW,US,67906939.89199999,0.28855066793648576,26.293961871271268,0.39178146479656084,1.0,0.28855066793648576,26.349076241694945,cyclical,True,False,not_triggered,0.0,0.28855066793648576,priority
SEZL,Sezzle Inc.,118.87,4002949066.0000005,25.849171486974296,17.176926533850267,88.8405817041124,40.0041136609476,327622000.0,,122115000.0,43.059308548441535,54.35819506188599,57.78891023881416,0.0,688735.9333333335,Technology Services,Packaged Software,NASDAQ:SEZL,US,81870040.39533335,0.2909613038449719,66.4505883389954,0.3889983841091915,1.0,0.2909613038449719,25.202438948101314,technology_strict,True,True,review_high_roa_supports_follow_up,0.0,0.2909613038449719,priority
PBF,PBF Energy Inc.,78.3,9281435381.0,6.923382996595782,1.448387461959019,23.5452773717547,9.769992526833,781800000.0,,2515000000.0,13.535456296056521,,,1.40485312899106,2890323.066666667,Energy Minerals,Oil Refining/Marketing,NYSE:PBF,US,226312296.12,0.2940455059111423,20.920227332088793,0.33094205367339635,1.0,0.2940455059111423,11.148945065369931,cyclical,True,False,not_triggered,0.0,0.2940455059111423,priority
TGTX,"TG Therapeutics, Inc.",53.89,8248890797.0,19.628482972136226,13.656002534051314,100.279949802104,37.6980687734231,17385000.0,,754441000.0,76.08287745447818,630.2545610930083,633.6985569214324,0.0,2054720.1333333333,Health Technology,Pharmaceuticals: Major,NASDAQ:TGTX,US,110728867.98533334,0.19573686475583374,69.57237884067152,0.2821303985750959,1.0,0.19573686475583374,30.621845166488292,health_special,True,True,review_high_roa_supports_follow_up,0.1,0.2957368647558337,priority
BMY,Bristol-Myers Squibb Company,63.64,129998355872.0,14.019473939287131,5.825374246426877,46.6960130801157,10.1826559157479,11440000000.0,,45053000000.0,3.1255240650679186,83.83838383838383,83.16587983698503,3.94406033940918,9797638.7,Health Technology,Pharmaceuticals: Major,NYSE:BMY,US,623521726.8679999,0.30022849949168284,41.55201736994055,0.33739574698553776,1.0,0.30022849949168284,11.015920569813254,health_special,True,True,review_high_roa_supports_follow_up,0.0,0.30022849949168284,priority
AU,AngloGold Ashanti PLC,104.42,52732879803.00001,13.974652373496072,5.8873377134103535,46.50338972710691,25.6510460533591,4232934140.0000005,,1791000000.0054898,138.98544866609828,10475.000000378452,9056.985294117647,4.32867266807125,2938892.0999999987,Non-Energy Minerals,Precious Metals,NYSE:AU,US,306879113.0819999,0.30050825231241635,42.12868811374593,0.3317134475150286,1.0,0.30050825231241635,9.407274693377786,cyclical,True,True,review_high_roa_supports_follow_up,0.0,0.30050825231241635,priority
HD,"Home Depot, Inc. (The)",308.74,308026688547.0,21.604713653921515,18.54260884188273,104.29587273660302,13.586206567255402,15099000000.0,,62567000000.0,2.497364498891272,-2.7479663681728073,-2.9250730249303722,2.9992874263134,3721827.8666666667,Retail Trade,Home Improvement Chains,NYSE:HD,US,1149077135.5546668,0.20714830881643567,85.8266818015291,0.25172490885621773,1.0,0.20714830881643567,17.708458111010252,stable_or_general,True,True,review_high_roa_supports_follow_up,0.1,0.3071483088164357,priority
PBR.A,Petroleo Brasileiro S.A. Petrobras,19.11,130203496113.312,4.833324902625322,1.325353011346298,30.685982529677503,11.0211924445216,18257156170.0,,70814633062.5296,20.81710009340769,86.33582928701784,86.33300344031292,6.19991627420199,7660098.5,Energy Minerals,Integrated Oil,NYSE:PBR.A,US,146384482.335,0.15750921118301628,27.421144616750354,0.1762626969142951,1.0,0.15750921118301628,10.639509130169166,cyclical,True,False,not_triggered,0.15,0.3075092111830163,priority
CROX,"Crocs, Inc.",112.48,5392862307.999999,9.717662508207486,3.907264983986049,42.29964170786991,13.4764265750107,704620000.0,,1689202000.0,-2.0251147769614413,150.88635316301037,210.80798045165275,0.0,955040.8666666667,Consumer Non-Durables,Apparel/Footwear,NASDAQ:CROX,US,107422996.68266667,0.22973392009605367,40.20786872034292,0.24168559084284152,1.0,0.22973392009605367,4.94513169159495,stable_or_general,True,True,review_high_roa_supports_follow_up,0.08,0.30973392009605366,priority
KGC,Kinross Gold Corporation,29.13,34555191728.75267,11.352256827098387,3.583924412241317,36.6169104857345,25.1603971898318,3013485460.48,,737913439.9999999,32.35541418061139,97.47552262502364,101.79910384546176,0.529541965833127,8393608.2,Non-Energy Minerals,Precious Metals,NYSE:KGC,US,244505806.86599997,0.3100277078679559,31.570149150310943,0.359588317845707,1.0,0.3100277078679559,13.782597353181158,cyclical,True,False,not_triggered,0.0,0.3100277078679559,priority
ATMU,Atmus Filtration Technologies Inc.,45.41,3705252551.9999995,17.367193177037517,8.146840475498479,55.7904292569057,13.4257092032581,190400000.0,,1056400000.0000001,13.050464175196383,14.111405835543767,15.536211391454197,0.495485575864347,664074.5666666667,Producer Manufacturing,Auto Parts: OEM,NYSE:ATMU,US,30155626.072333332,0.3112934137334643,46.9093675209995,0.3702286791494875,1.0,0.3112934137334643,15.918611586604515,cyclical,True,True,review_high_roa_supports_follow_up,0.0,0.3112934137334643,priority
AMSC,American Superconductor Corporation,29.53,1430496613.9999998,9.754889006342495,2.499054286093901,30.162656389756904,22.4803158354752,20524000.0,,3897000.0,25.8871578385716,793.756953078987,666.573816155989,0.0,668165.4666666667,Producer Manufacturing,Electrical Products,NASDAQ:AMSC,US,19730926.230666667,0.32340947959925737,25.618479969060132,0.38077547997085065,1.0,0.32340947959925737,15.065571022583912,cyclical,True,False,not_triggered,0.0,0.32340947959925737,priority
KMB,Kimberly-Clark Corporation,98.15,32642633334.999996,16.72659724944188,18.651859199841894,111.552466070837,9.53998584571833,1820000000.0,,6517000000.0,-12.185563734576075,-19.54732510288066,-19.11699840105862,5.17575140091696,3978500.2666666624,Consumer Non-Durables,Household/Personal Care,NASDAQ:KMB,US,390489801.1733329,0.14994376940820217,111.51018298395542,0.15000062596837974,1.0,0.14994376940820217,0.0379042152727771,stable_or_general,True,True,review_possible_equity_or_leverage_distortion,0.18,0.32994376940820214,priority
MU,"Micron Technology, Inc.",975.26,1101451892973.0,22.07864240097256,10.931541621312862,66.6380585190662,47.4982236046473,26172000000.0,,6376000000.0,166.98015556147044,710.7469879518072,697.287150515315,0.0543444824969752,29740854.566666666,Electronic Technology,Semiconductors,NASDAQ:MU,US,29005065824.687332,0.3313218135647741,49.511837833069535,0.4459265373143951,1.0,0.3313218135647741,25.70035962421773,technology_strict,True,True,review_high_roa_supports_follow_up,0.0,0.3313218135647741,priority
MKC,"McCormick & Company, Incorporated",51.32,13874551346.0,8.541233252891738,1.9723054798347908,25.6950067476383,10.9102553299065,1019900000.0,,4933500000.0,9.536097763540369,108.66425992779783,108.65020661874499,3.68277474668745,2510173.8666666667,Consumer Non-Durables,Food: Specialty/Candy,NYSE:MKC,US,128822122.83733334,0.3324082899365958,23.091577310185773,0.36988522430315623,1.0,0.3324082899365958,10.132044186724388,stable_or_general,True,False,not_triggered,0.0,0.3324082899365958,priority
VIST,Vista Energy S.A.B. de C.V.,76.27,8461763554.225681,10.193253501550304,2.5483150782603694,30.417790226361003,10.8016527094043,87352330.0,,3754654275.64841,78.68477924326452,44.29131562741228,35.08575555154361,0.0,1101042.7333333334,Energy Minerals,Oil & Gas Production,NYSE:VIST,US,83976529.27133334,0.3351082845168849,25.000016705880938,0.40772986760254726,1.0,0.3351082845168849,17.811200222509438,cyclical,True,False,not_triggered,0.0,0.3351082845168849,priority
UHS,"Universal Health Services, Inc.",174.83,10301693316.0,7.119528921177372,1.3713239939813286,20.985171749453,9.870469200880972,845400000.0,,5262175000.0,10.049655883844052,21.01634484765771,29.3490513363463,0.457587370588572,671784.3,Health Services,Hospital/Nursing Management,NYSE:UHS,US,117448049.16900001,0.3392647439906204,19.26144284493685,0.3696259402004686,1.0,0.3392647439906204,8.21403286614073,stable_or_general,True,False,not_triggered,0.0,0.3392647439906204,priority
ADP,"Automatic Data Processing, Inc.",268.26,106569710897.0,24.51452540003107,17.693628354656134,72.2371350006547,7.57258331574622,5244600000.0,,5514700000.0,6.743868215885492,8.18217472301206,9.619738344719813,2.47521061656602,2106335.3333333335,Technology Services,Packaged Software,NASDAQ:ADP,US,565045516.52,0.3393618171569081,72.17609994861948,0.3396487953419816,1.0,0.3393618171569081,0.08449262562069126,technology_strict,True,True,review_possible_equity_or_leverage_distortion,0.0,0.3393618171569081,priority
KTB,"Kontoor Brands, Inc.",66.62,3641024426.0,13.91714888550001,5.8861573694478215,40.9637108724128,8.49904034703548,423188000.0,,1272766000.0,15.6178946292964,6.632123115127926,6.733706437155801,3.16721705193636,738970.1666666666,Consumer Non-Durables,Apparel/Footwear,NYSE:KTB,US,49230192.50333334,0.33974336282293655,42.29427606095734,0.32905513893751687,1.0,0.33974336282293655,3.24815589263574,stable_or_general,True,True,review_possible_equity_or_leverage_distortion,0.0,0.33974336282293655,priority
GOOG,Alphabet Inc.,335.45,4122997717468.0,16.85229561975956,6.590902883944898,48.675697331861,34.2975879823263,53273000000.0,,117348446000.0,20.231187401337234,111.2993519247575,112.01789423230548,0.253390967357281,16895253.23333333,Technology Services,Internet Software/Services,NASDAQ:GOOG,US,5667512697.121666,0.34621580261837925,39.10982238061958,0.43089675672141425,1.0,0.34621580261837925,19.652260728846326,technology_strict,True,True,review_high_roa_supports_follow_up,0.0,0.34621580261837925,priority
PEP,"PepsiCo, Inc.",136.32,186062016481.0,17.878736212572296,8.426695415017221,51.589495507947504,9.60861290648818,9282000000.0,,53214000000.0,5.624284702163606,38.42384105960265,39.01002734731084,4.21618251173709,6982664.066666666,Consumer Non-Durables,Food: Specialty/Candy,NASDAQ:PEP,US,951876765.568,0.3465576865317093,47.13250038943794,0.3793292540146839,1.0,0.3465576865317093,8.6393461975664,stable_or_general,True,True,review_possible_equity_or_leverage_distortion,0.0,0.3465576865317093,priority
AUGO,Aura Minerals Inc.,87.08,7296366331.999999,24.70845274238856,15.993329378467777,100.16402900928001,20.8061968405342,155801310.0,,458010000.0,89.44542986367102,,,3.03169499310978,978995.4666666654,Non-Energy Minerals,Other Metals/Minerals,NASDAQ:AUGO,US,85250925.23733322,0.246679900826467,64.72817033593705,0.38172642010661684,1.0,0.246679900826467,35.37782877130462,cyclical,True,True,review_high_roa_supports_follow_up,0.1,0.34667990082646705,priority
GOOGL,Alphabet Inc.,338.5,4122997717468.0,17.00552114261026,6.650829113773582,48.675697331861,34.2975879823263,53273000000.0,,117348446000.0,20.231187401337234,111.2993519247575,112.01789423230548,0.251107828655835,25405453.766666703,Technology Services,Internet Software/Services,NASDAQ:GOOGL,US,8599746100.01668,0.34936368813927976,39.10982238061958,0.43481458384319205,1.0,0.34936368813927976,19.652260728846336,technology_strict,True,True,review_high_roa_supports_follow_up,0.0,0.34936368813927976,priority
BBY,"Best Buy Co., Inc.",90.8,19043276427.0,15.111170283584077,6.001984356502006,43.1259535514494,8.11224489795918,1768000000.0,,4133000000.0,1.4495889225443532,63.49614395886889,65.59098299666547,4.20704845814978,3928682.0,Retail Trade,Electronics/Appliance Stores,NYSE:BBY,US,356724325.59999996,0.3503962008760317,39.71885859179434,0.3804532864070255,1.0,0.3503962008760317,7.900335364388855,stable_or_general,True,True,review_possible_equity_or_leverage_distortion,0.0,0.3503962008760317,priority
ACAD,ACADIA Pharmaceuticals Inc.,27.83,4795262371.0,12.533777697712122,3.66631887357194,35.7431290221518,25.635153640530202,145625000.0,,73854000.0,11.75371925809168,71.26575441123515,66.84700931770365,0.0,1643551.9666666666,Health Technology,Pharmaceuticals: Major,NASDAQ:ACAD,US,45740051.232333325,0.3506625760141009,29.251507103410482,0.4284831428822615,1.0,0.3506625760141009,18.161873614137527,health_special,True,False,not_triggered,0.0,0.3506625760141009,priority
KXIAY,KIOXIA HLDGS CORP,35.45,191872787825.40802,22.40834386852086,13.132158786136591,87.0488278920943,35.527336044731,7274480350.0,,5155089986.155971,122.1977744278527,493.6617505773019,480.3374908290536,0.0,1736384.5666666667,Electronic Technology,Computer Peripherals,OTC:KXIAY,US,61554832.888333336,0.25742269495343734,58.60387926563635,0.3823696340467426,1.0,0.25742269495343734,32.67700360275764,technology_strict,True,True,review_high_roa_supports_follow_up,0.1,0.35742269495343737,priority
CHKP,Check Point Software Technologies Ltd.,131.64,13440527096.0,13.483422273663077,5.013044807800913,37.6388664549214,15.889323271826001,1186974490.0,,1974900000.0,4.640775228998736,22.200209765745214,27.25293918302442,0.0,972880.6333333333,Technology Services,Internet Software/Services,NASDAQ:CHKP,US,128070006.57199998,0.35823135879534646,37.17932069510871,0.36265918853748585,1.0,0.35823135879534646,1.2209341117195294,technology_strict,True,False,not_triggered,0.0,0.35823135879534646,priority
PTC,PTC Inc.,130.78,14190448041.0,12.6430781129157,4.173095056136393,35.25461624323,19.3186022037837,934313000.0,,1607694000.0,19.498312687248834,140.05932981879246,143.8529904052429,0.0,1347284.1666666667,Technology Services,Packaged Software,NASDAQ:PTC,US,176197823.3166667,0.3586219184939667,33.00695462660563,0.38304285432999635,1.0,0.3586219184939667,6.375510092400971,technology_strict,True,False,not_triggered,0.0,0.3586219184939667,priority
IAG,Iamgold Corporation,20.26,11568460251.538242,10.53922547824987,2.648531087532358,29.269016432288204,20.3484087057365,1541204255.36,,539152240.0,75.39857422020698,38.41216242970171,37.740763814193585,0.0,5411028.833333333,Non-Energy Minerals,Precious Metals,NYSE:IAG,US,109627444.16333334,0.3600812997126713,25.130225109978095,0.4193844437177449,1.0,0.3600812997126713,14.140520682971724,cyclical,True,False,not_triggered,0.0,0.3600812997126713,priority
LULU,lululemon athletica inc.,98.97,11463305577.0,8.112029113799547,2.306984940612096,30.8979519751313,17.715835759045,1354336000.0,,2141127000.0,1.741731226859486,-20.59487610247795,-16.471659489398405,0.0,5630593.233333333,Consumer Non-Durables,Apparel/Footwear,NASDAQ:LULU,US,557259812.303,0.26254261513282956,28.439061401883215,0.2852425049886623,1.0,0.26254261513282956,7.958102126727229,stable_or_general,True,False,not_triggered,0.1,0.3625426151328296,priority
CARG,"CarGurus, Inc.",34.425,3066354511.0,18.687910536887244,11.633368929020397,51.40540671846,28.078248707510202,291280000.0,,185142000.0,6.009115567949498,35.56480197256896,48.40087005558688,0.0,879696.4333333333,Technology Services,Internet Software/Services,NASDAQ:CARG,US,30283549.717499997,0.36353978559567157,62.25077386825993,0.30020366616543753,1.0,0.36353978559567157,21.097716839783853,technology_strict,True,True,review_high_roa_supports_follow_up,0.0,0.36353978559567157,priority
PEGA,Pegasystems Inc.,36.24,5958035219.999999,20.473419580814646,10.629030980809672,54.693035683241,23.927693227886,492500000.0,,72016000.0,3.5996479766113274,47.15598163479398,53.10959259579623,0.33112582781457,1958436.0666666667,Technology Services,Information Technology Services,NASDAQ:PEGA,US,70973723.05600001,0.3743332094306862,51.91624652078144,0.3943547724048075,1.0,0.3743332094306862,5.077043407393845,technology_strict,True,True,review_high_roa_supports_follow_up,0.0,0.3743332094306862,priority
TJX,"TJX Companies, Inc. (The)",126.02,138618719664.00003,23.308117705809458,13.028743463400211,62.17144028283029,17.3342857142857,5876000000.0,,14317000000.0,7.661631419939577,21.97426618415762,23.37585286265203,1.43627995556261,7130529.3,Retail Trade,Apparel/Footwear Retail,NYSE:TJX,US,898589302.3859999,0.37490071968376765,55.89787913312642,0.41697678100270735,1.0,0.37490071968376765,10.090744433721,stable_or_general,True,True,review_high_roa_supports_follow_up,0.0,0.37490071968376765,priority
DRI,"Darden Restaurants, Inc.",209.89,23831279030.0,20.203293900220427,10.846579986357153,53.7178011861556,8.3642591080283,1092700000.0,,8010600000.0,9.391638444276996,14.978561219628395,17.071219292314616,2.9158130449283,1002739.7333333333,Consumer Services,Restaurants,NYSE:DRI,US,210465042.62933332,0.376100537514691,53.68718605949108,0.37631500890795505,1.0,0.376100537514691,0.056992516425646844,stable_or_general,True,True,review_possible_equity_or_leverage_distortion,0.0,0.376100537514691,priority
AEO,"American Eagle Outfitters, Inc.",15.02,2516951549.0,7.690338436331984,1.4275490351688394,20.3636288896116,8.07827188320945,343499000.0,,1920747000.0,8.2056942840907,70.90802084231782,88.01501732768581,3.3288948069241,6296799.466666667,Retail Trade,Apparel/Footwear Retail,NYSE:AEO,US,94577927.98933333,0.3776506868211083,18.562889617764714,0.4142856308843381,1.0,0.3776506868211083,8.842919312704256,stable_or_general,True,False,not_triggered,0.0,0.3776506868211083,priority
VSXY,Victorias Secret & Co.,75.65,6034149603.0,17.094113659473507,6.113131313131314,45.225628742515,7.621271442986881,554000000.0,,2899000000.0,10.348837042248057,149.40823712783663,147.6358345923564,0.0,1827995.2666666666,Retail Trade,Apparel/Footwear Retail,NYSE:VSXY,US,138287841.92333335,0.3779740411525543,35.76161616161617,0.478001709492678,1.0,0.3779740411525543,20.926215608368224,stable_or_general,True,True,review_possible_equity_or_leverage_distortion,0.0,0.3779740411525543,priority
MPLX,MPLX LP,59.84,60669279413.0,12.880173916786845,4.325784174887753,33.9282507990089,11.6916223239698,3336000000.0,,26133000000.0,4.788438098554762,9.605568445475637,10.254402202287725,7.19585561497326,1256462.8666666667,Industrial Services,Oil & Gas Pipelines,NYSE:MPLX,US,75186737.94133334,0.379629766152374,33.58482736983792,0.38351169041155636,1.0,0.379629766152374,1.0122049356609097,cyclical,True,False,not_triggered,0.0,0.379629766152374,priority
GCT,GigaCloud Technology Inc,51.87,1852289974.0,12.288848349877986,3.5163312469451573,32.3435187324092,13.251329945250301,160189910.0,,506256000.0,22.863917024885886,17.092139011026813,27.059000602046968,0.0,638353.3333333334,Distribution Services,Wholesale Distributors,NASDAQ:GCT,US,33111387.400000002,0.3799477864962226,28.614001465646457,0.42946976027214484,1.0,0.3799477864962226,11.530957091028105,stable_or_general,True,False,not_triggered,0.0,0.3799477864962226,priority
DAC,Danaos Corporation,159.33,2900374140.0,5.39291843096638,0.7149398145688518,14.1397151814653,10.8498380044697,172343590.0,,1210720000.00807,2.4516030052364384,17.69958691943341,21.813076713752082,2.25946149501036,119495.33333333333,Transportation,Marine Shipping,NYSE:DAC,US,19039191.46,0.3814021967030535,13.257011462729258,0.4067974479865257,1.0,0.3814021967030535,6.242726302529156,cyclical,True,False,not_triggered,0.0,0.3814021967030535,priority
CCL,Carnival Corporation Ltd.,22.75,31159518616.000004,10.245901639344261,2.407109384340775,26.7171585270306,5.93657210836324,3171000000.0,,26170000000.0,5.155552133066379,21.544554455445546,20.346883468834697,1.97802197802198,18155179.233333334,Consumer Services,Hotels/Resorts/Cruise lines,NYSE:CCL,US,413030327.55833334,0.3834951845263843,23.493387591165966,0.4361185290790906,1.0,0.3834951845263843,12.06629414802116,cyclical,True,False,not_triggered,0.0,0.3834951845263843,priority
KXHCF,KIOXIA HLDGS CORP,385.25,211291143157.95798,25.0821528565405,14.280323458477485,87.1149456088947,36.1563690938906,7022434705.0,,5151822819.0,105.68419298750338,453.0877349097166,440.5555125904505,0.0,15246.2,Electronic Technology,Computer Peripherals,OTC:KXHCF,US,5873598.550000001,0.2879202033729966,56.93420154224801,0.4405463179795065,1.0,0.2879202033729966,34.64473731309447,technology_strict,True,True,review_high_roa_supports_follow_up,0.1,0.3879202033729966,priority
SON,Sonoco Products Company,47.84,4730180015.0,7.3757728064630514,1.3208077468245671,18.9251949473233,5.62248733433235,354831000.0,,4765630000.0,12.014490716462397,,,4.47324414715719,1026662.2666666667,Process Industries,Containers/Packaging,NYSE:SON,US,49115522.83733334,0.38973298964649505,17.907381117639684,0.4118845049429109,1.0,0.38973298964649505,5.378089010531273,cyclical,True,False,not_triggered,0.0,0.38973298964649505,priority
BCE,"BCE, Inc.",23.39,21811778469.221367,4.9413176802078915,1.500515617967015,30.6217357086642,8.43759857007675,1870528000.0,,29410304000.0,-2.62492472532413,922.1612098541509,1313.2884286959738,5.40290213028712,3270009.4,Communications,Major Telecommunications,NYSE:BCE,US,76485519.866,0.161366348636135,30.36671015865317,0.16272153468029973,1.0,0.161366348636135,0.8328252599308916,stable_or_general,True,False,not_triggered,0.22999999999999998,0.39136634863613495,priority
SYY,Sysco Corporation,83.21,39865580951.00001,22.771057960702752,14.936089476527847,78.1138790035587,6.36566312011745,1938000000.0,,14967000000.0,3.910484079094518,-3.938730853391685,-2.142359809329979,2.60785963225574,3263760.6333333333,Distribution Services,Food Distributors,NYSE:SYY,US,271577522.29966664,0.2915110381301811,65.59242658950615,0.34715986501322393,1.0,0.2915110381301811,16.029740903639045,stable_or_general,True,True,review_possible_equity_or_leverage_distortion,0.1,0.39151103813018107,priority
DLTR,"Dollar Tree, Inc.",118.17,22172271593.000004,14.432624546575962,6.47456117137123,46.031520254893,11.8047018913349,1978400000.0,,7670800000.0,-7.849169578613378,,,0.0,2322822.5,Retail Trade,Discount Stores,NASDAQ:DLTR,US,274487934.825,0.31353786419951707,44.860594484925294,0.3217216515359782,1.0,0.31353786419951707,2.5437477699712496,stable_or_general,True,True,review_high_roa_supports_follow_up,0.08,0.3935378641995171,priority
