name,description,close,market_cap_basic,price_earnings_ttm,price_book_fq,return_on_equity,return_on_assets,free_cash_flow_ttm,cash_n_short_term_inv,total_debt,total_revenue_yoy_growth_ttm,net_income_yoy_growth_ttm,earnings_per_share_diluted_yoy_growth_ttm,dividends_yield_current,average_volume_30d_calc,sector,industry,symbol,market,traded_value_30d,quick_pr_roe,implied_roe_from_pe_pb,quick_pr_pe_pb,market_pr_factor,market_normalized_quick_pr,pr_path_gap_percent,model,fcf_positive,rank_penalty,screen_rank,stage1_tier
688332,"Shenzhen Bluetrum Technology Co., Ltd. Class A",92.59,17371978109.0,9.368707565593096,2.901981113772767,36.3336621518597,32.3465664300322,176028820.0,,134131190.87,5.1806051582914705,494.75528319373547,495.24784677467926,0.938122880920579,5078867.933333335,Electronic Technology,Electronic Production Equipment,SSE:688332,A,470252381.9473336,0.2578520030938739,30.97525558840574,0.30245779696164543,1.0,0.2578520030938739,14.747774504694933,technology_strict,True,0.0,0.2578520030938739,priority
000807,Yunnan Aluminium Co. Ltd. Class A,26.95,94952673974.0,8.519314661440221,2.449131671498287,31.873035672668497,23.0309853020037,12728817110.0,,2188432237.63,11.998636627683801,135.39154029176737,135.38953791204702,2.55295836376917,78345606.6000002,Non-Energy Minerals,Aluminum,SZSE:000807,A,2111414097.8700054,0.26728908877498714,28.747989349230735,0.29634471329272943,1.0,0.26728908877498714,9.804671119285713,cyclical,True,0.0,0.26728908877498714,priority
600066,"Yutong Bus Co., Ltd. Class A",28.68,61484501518.0,11.573382833622533,4.8932209780641065,41.9633760115753,17.8256609207609,6742100450.0,,244309885.36999997,13.520491965018078,25.31845967123254,25.32112875493071,8.80281690140845,19459643.96666665,Consumer Durables,Motor Vehicles,SSE:600066,A,558102588.9639995,0.2757972292417583,42.27995434358669,0.27373215069183404,1.0,0.2757972292417583,0.7544157837159338,cyclical,True,0.0,0.2757972292417583,priority
688336,"Sunshine Guojian Pharmaceutical (Shanghai) Co., Ltd. Class A",42.16,37668355152.0,12.278300375688032,4.443235974192134,43.3759904602582,41.5918436129793,2768102300.0,,0.0,257.6287675051025,302.44869615660497,301.226922178079,0.563385676897454,10084233.666666664,Health Technology,Pharmaceuticals: Major,SSE:688336,A,425151291.38666654,0.2830667437309037,36.187711965330955,0.3392947414705593,1.0,0.2830667437309037,16.572021569197993,health_special,True,0.0,0.2830667437309037,priority
300773,"Lakala Payment Co., Ltd. Class A",16.9,16946596450.0,11.41120864280891,3.96524660783711,39.6843775216037,15.072683148341701,303746930.0,,44141541.3,13.541774992577304,899.7749951260454,884.0531561461795,2.18477329974811,53451488.76666666,Electronic Technology,Computer Processing Hardware,SZSE:300773,A,903330160.1566664,0.2875491403789006,34.74869956335362,0.3283923941384933,1.0,0.2875491403789006,12.437332437841974,technology_strict,True,0.0,0.2875491403789006,priority
600961,"Zhuzhou Smelter Group Co., Ltd. Class A",25.37,28559874909.0,10.940532148863685,4.644478617457528,53.679940778415,27.0892523869734,2803095330.0,,1335391190.83,23.464480803310217,148.52706859556076,148.54233654876742,0.0,52378909.9,Non-Energy Minerals,Other Metals/Minerals,SSE:600961,A,1328852944.163,0.20381043626752535,42.45203573520797,0.2577151356675708,1.0,0.20381043626752535,20.91638865540969,cyclical,True,0.1,0.30381043626752535,priority
000612,"Jiaozuo Wanfang Aluminum Manufacturing Co., Ltd. Class A",11.03,13448008246.0,7.448676391139925,1.6243233213362158,23.9851342465253,20.5343293820202,1793464910.0,,299027706.75,11.182665610819303,130.76432822633265,130.76203833567084,2.88120567375887,34400268.89999999,Non-Energy Minerals,Aluminum,SZSE:000612,A,379434965.9669999,0.3105538753538145,21.806871933224553,0.34157472992681986,1.0,0.3105538753538145,9.08171824644386,cyclical,True,0.0,0.3105538753538145,priority
000567,"Hainan Haide Capital Management Co., Ltd. Class A",6.72,13213043470.0,8.290155440414507,1.8899763752953087,25.7252549072037,16.6972786145773,319822130.0,,2695088403.7999997,268.67499496454104,1498.7525623263539,1498.8165680473371,0.0,26750118.833333347,Finance,Investment Managers,SZSE:000567,A,179760798.5600001,0.3222574652931062,22.797840026999662,0.3636377582523787,1.0,0.3222574652931062,11.379536921067734,financial_special,True,0.0,0.3222574652931062,priority
000933,Henan Shenhuo Coal Industary and Electricity Power Corporation Limited Class A,27.36,62091004708.0,8.879369097458865,2.207822599517442,27.513984105269103,11.91854215424,10772467400.0,,14555494887.869999,12.741427207519704,75.24903223916701,76.54844439351402,2.87253141831239,51231841.03333323,Non-Energy Minerals,Aluminum,SZSE:000933,A,1401703170.671997,0.3227220406716165,24.86463368381979,0.35710838174289905,1.0,0.3227220406716165,9.62910500824904,cyclical,True,0.0,0.3227220406716165,priority
603444,"G-Bits Network Technology (Xiamen) Co., Ltd. Class A",399.9,27444776668.0,12.807455803228285,4.737795762735359,39.4799594237808,26.12710713473,3034145910.0,,24240639.42,74.27627798657514,109.04808114480116,109.59643422925112,5.14489710205796,2026329.3,Technology Services,Packaged Software,SSE:603444,A,810329087.0699999,0.324403975843848,36.9924818443733,0.3462178033122789,1.0,0.324403975843848,6.300608247102602,technology_strict,True,0.0,0.324403975843848,priority
601899,"Zijin Mining Group Co., Ltd. Class A",33.35,870890840238.7916,13.53655071640216,4.36738408753102,39.5141698448175,13.733808590563,69114516800.0,,173229052074.0,17.01668940250069,68.05463320035699,65.79407806191115,2.40168117682378,261534694.0999999,Non-Energy Minerals,Precious Metals,SSE:601899,A,8722182048.234997,0.3425745946217203,32.26364070899602,0.4195605461422023,1.0,0.3425745946217203,18.34918755549265,cyclical,True,0.0,0.3425745946217203,priority
600989,"Ningxia Baofeng Energy Group Co., Ltd. Class A",24.4,178787307312.0,11.521390121824535,3.2058356720167334,30.7483014005767,16.6197878112591,12334037720.0,,27734987593.34,42.437252840155466,75.53613281422017,76.6157951797181,3.16694011484824,72248183.56666666,Process Industries,Chemicals: Specialty,SSE:600989,A,1762855679.0266664,0.3747000516135322,27.825076992610814,0.4140649862310942,1.0,0.3747000516135322,9.506945993156734,cyclical,True,0.0,0.3747000516135322,priority
002532,"Tianshan Aluminum Group Co., Ltd. Class A",13.13,61608495468.0,8.720196586305374,1.8768752671295246,23.0433108774827,12.9169761426576,7289359630.0,,13565658503.74,6.929436125348134,54.74782417100479,55.435119231960364,6.38617580766341,89410260.53333335,Non-Energy Minerals,Aluminum,SZSE:002532,A,1173956720.802667,0.37842637425972125,21.523313706907274,0.40515120975572094,1.0,0.37842637425972125,6.596262050436175,cyclical,True,0.0,0.37842637425972125,priority
002170,"Shenzhen Batian Ecological Technique Co., Ltd. Class A",11.73,11285707675.0,10.743725957135005,2.9601627206242336,28.1424419779659,17.0547011318505,1261128780.0,,1310188461.02,19.7079912720043,48.02381165345126,43.41258373834233,6.27687016337059,19700305.96666668,Process Industries,Chemicals: Agricultural,SZSE:002170,A,231084588.98900017,0.38176239167684156,27.55247790603187,0.3899368323160131,1.0,0.38176239167684156,2.096349962792643,cyclical,True,0.0,0.38176239167684156,priority
605599,"Beijing Caishikou Department Store Co., Ltd. Class A",14.9,11526667233.0,10.429791404171915,2.620102693957938,26.605560253934403,13.5312390809598,1043080240.0,,155569572.35,41.332755362045255,42.82847173132896,42.83143371325736,5.26315789473684,11282621.133333333,Retail Trade,Specialty Stores,SSE:605599,A,168111054.88666666,0.39201547738990267,25.121333614686648,0.4151766607674985,1.0,0.39201547738990267,5.578633282222533,stable_or_general,True,0.0,0.39201547738990267,priority
002611,"Guangdong Dongfang Precision Science & Technology Co., Ltd. Class A",14.77,17865093763.0,4.253419726421886,1.8676887320328217,56.30350236235601,41.1593284611644,841444720.0,,383526407.31,-0.31799421773769865,468.563774839886,466.75371307328214,1.61764705882353,26917290.100000188,Producer Manufacturing,Industrial Machinery,SZSE:002611,A,397568374.77700275,0.07554449630944599,43.91028518607971,0.09686613758933842,1.0,0.07554449630944599,22.011449832226205,cyclical,True,0.32999999999999996,0.40554449630944595,priority
002847,Yankershop Food Co. Ltd. Class A,45.45,11767557843.0,15.439228208438074,5.846757075926798,37.44584590495,19.198646413515,438642260.0,,1214645263.3700001,1.837936822751901,15.536413454631331,4.3013038548752816,3.15031503150315,4288477.7,Consumer Non-Durables,Food: Major Diversified,SZSE:002847,A,194911311.46500003,0.4123081702474546,37.86949060530981,0.40769569280325324,1.0,0.4123081702474546,1.131352998234214,stable_or_general,True,0.0,0.4123081702474546,priority
603993,CMOC Group Limited Class A,18.48,381286346771.25433,14.142496364888652,4.387464387464388,34.2453311488368,13.6036308848791,17682221110.0,,47254665612.850006,20.610659510924727,65.73107931035365,66.45859872611464,1.5368081676518,230939067.66666716,Distribution Services,Wholesale Distributors,SSE:603993,A,4267753970.480009,0.41297589745658003,31.02326685660019,0.45586741171585676,1.0,0.41297589745658003,9.408769558200202,stable_or_general,True,0.0,0.41297589745658003,priority
002648,Satellite Chemical Co. Ltd. Class A,27.54,93083841766.0,10.512252843728527,2.429612691153351,25.4290158398774,11.7413070343298,12548159240.0,,26766214478.329998,7.268363633239024,30.09342090629934,30.481123617890233,1.80831826401447,47091249.43333331,Process Industries,Chemicals: Specialty,SZSE:002648,A,1296893009.3939993,0.4133959768605504,23.112197996672297,0.45483570386694017,1.0,0.4133959768605504,9.110922175650648,cyclical,True,0.0,0.4133959768605504,priority
000792,"Qinghai Salt Lake Industry Co., Ltd. Class A",26.65,138415345495.0,11.626892369442869,2.9532194524631397,27.9376308241854,21.9258337946868,9003523450.0,,1302593856.42,48.33508368601865,144.2435505117396,145.43312988542672,0.0,61927272.06666677,Process Industries,Chemicals: Agricultural,SZSE:000792,A,1650361800.5766692,0.41617316953653616,25.39990359095971,0.4577534055515507,1.0,0.41617316953653616,9.08354487607016,cyclical,True,0.0,0.41617316953653616,priority
300573,"Shenyang Xingqi Pharmaceutical Co., Ltd. Class A",37.59,13316988388.0,16.98215495821098,6.209671824047735,40.3669363597826,31.5611175946365,597981740.0,,71975991.78,22.428976774403512,57.16542755810307,56.46426804269454,2.53674960296453,7732822.900000001,Health Technology,Pharmaceuticals: Major,SZSE:300573,A,290676812.81100005,0.4206946696883895,36.565864811198885,0.4644264547247881,1.0,0.4206946696883895,9.416299306703667,health_special,True,0.0,0.4206946696883895,priority
002668,"Guangdong TCL Smart Home Appliances Co., Ltd. Class A",9.27,10158124164.0,10.08485639686684,2.6251847824240055,28.90820095028,6.05686233298588,1479687900.0,,5129086626.04,0.6009284337096154,-9.280770751900558,-9.277536517962897,2.17491995731057,24142650.89999988,Consumer Durables,Electronics/Appliances,SZSE:002668,A,223802373.84299886,0.34885797335545227,26.03095848979661,0.3874177895070523,1.0,0.34885797335545227,9.953031893724674,stable_or_general,True,0.1,0.4488579733554523,priority
002192,"YOUNGY Co., Ltd. Class A",65.43,17923998995.0,14.217422481041265,3.736000703462153,30.0705631930238,22.6263822190295,327076840.0,,181821355.69,235.61857431040752,787.3280335611763,787.2373240794293,0.318702013617268,19793696.7,Non-Energy Minerals,Construction Materials,SZSE:002192,A,1295101575.081,0.4728020020702381,26.277623165830924,0.5410467450316561,1.0,0.4728020020702381,12.613465211296127,cyclical,True,0.0,0.4728020020702381,priority
605499,Eastroc Beverage (Group) Co. Ltd. Class A,120.41,80459766012.82864,17.092767407197105,4.495278855874812,34.7901112009922,16.7155232750374,4888065410.0,,6059043393.62,20.743504365935337,23.582905520871936,27.145564479740102,2.86105785401951,8608623.766666668,Consumer Non-Durables,Beverages: Non-Alcoholic,SSE:605499,A,1036564387.7443334,0.49131108861502076,26.29930396163949,0.6499323112173934,1.0,0.49131108861502076,24.405806553186736,stable_or_general,True,0.0,0.49131108861502076,priority
688578,Shanghai Allist Pharmaceuticals Co. Ltd. Class A,110.55,49986000824.0,18.57171656083056,5.878886952008499,36.7115747778828,32.6328785854394,2631107510.0,,4257814.08,40.8281095612533,46.78027400862699,46.78206835330672,0.900252070579762,8058136.733333333,Health Technology,Pharmaceuticals: Major,SSE:688578,A,890827015.87,0.5058817736148776,31.655054247422704,0.5866904038663158,1.0,0.5058817736148776,13.773641041153173,health_special,True,0.0,0.5058817736148776,priority
601168,"Western Mining Co., Ltd. Class A",38.79,95320000000.0,15.554575346860215,4.122972791993418,30.460052959274105,9.75410895926303,2120189210.0,,27382869773.0,22.663573583015783,86.86095948710813,86.85748538888055,0.25,69539070.23333333,Non-Energy Minerals,Other Metals/Minerals,SSE:601168,A,2697420534.351,0.5106549016069373,26.506495356208262,0.5868212729683661,1.0,0.5106549016069373,12.9794836809767,cyclical,True,0.0,0.5106549016069373,priority
603699,"Neway Valve (Suzhou) Co., Ltd. Class A",45.62,36025404315.0,20.459234012019014,7.499367107335308,38.8883876414937,17.4444279506344,1573137160.0,,3193140855.02,21.40327638874775,30.1755512486392,28.800831792975966,3.43283582089552,6749698.933333334,Producer Manufacturing,Industrial Machinery,SSE:603699,A,307921265.3386667,0.5261013699161218,36.65517048648898,0.5581541086968957,1.0,0.5261013699161218,5.74263241662889,cyclical,True,0.0,0.5261013699161218,priority
603605,"Proya Cosmetics Co., Ltd. Class A",63.04,24807136694.0,13.605265997625985,3.677572988506418,30.029211999615,19.4694412703874,1741721450.0,,929364858.36,-4.744642787298599,13.23970257740186,10.471353980401963,3.18877551020408,5950118.633333329,Consumer Non-Durables,Household/Personal Care,SSE:603605,A,375095478.64533305,0.45306769947211456,27.030511488331992,0.5033299500639802,1.0,0.45306769947211456,9.985944723829087,stable_or_general,True,0.08,0.5330676994721145,priority
603025,"Beijing Dahao Technology Corp., Ltd. Class A",13.43,15017990295.0,17.659434582511505,5.393769252703913,32.6799847893319,17.5797706487175,532085510.0,,1202781852.13,23.86592121435898,27.49911599789346,27.51509054325954,3.33333333333333,10889618.099999996,Electronic Technology,Computer Peripherals,SSE:603025,A,146247571.08299994,0.5403746267432865,30.54327264840898,0.5781775511024486,1.0,0.5403746267432865,6.538289888128801,technology_strict,True,0.0,0.5403746267432865,priority
603929,L&K Engineering (Suzhou) Co. Ltd. Class A,150.26,33070800095.0,26.242162804100662,13.427064837907464,58.129510362181,23.864481822664,651890620.0,,100000000.0,36.96383351506071,118.35483462858312,118.35411661518513,1.70967741935484,6134857.066666666,Industrial Services,Engineering & Construction,SSE:603929,A,921823622.8373332,0.45144303883856185,51.165999304787945,0.5128828354896414,1.0,0.45144303883856185,11.979304511609158,cyclical,True,0.1,0.5514430388385618,priority
600096,Yunnan Yuntianhua Co. Ltd. Class A,30.8,56366873284.0,10.535677635629746,2.210141391642795,22.1994945565664,10.3323958063094,5080829270.0,,14321972578.4,-15.203315212673548,1.451478021973386,1.4505830094391947,4.52781371280724,33145166.1,Transportation,Air Freight/Couriers,SSE:600096,A,1020871115.8800001,0.47459087903032426,20.977686182884895,0.502232588655345,1.0,0.47459087903032426,5.503766631119545,stable_or_general,True,0.08,0.5545908790303242,priority
000680,"Shantui Construction Machinery Co., Ltd. Class A",10.6,15392412893.0,11.945007888212757,2.3603812238353967,21.4434151999867,6.93590546836669,836746270.0,,8034504666.4800005,11.116084280608892,10.182094920372021,10.167597765363125,1.29434324065197,21074107.233333334,Producer Manufacturing,Trucks/Construction/Farm Machinery,SZSE:000680,A,223385536.67333335,0.5570478292198607,19.76039903803331,0.6044922405272241,1.0,0.5570478292198607,7.848638597243762,cyclical,True,0.0,0.5570478292198607,priority
600595,"Henan Zhongfu Industrial Co., Ltd Class A",6.36,25971224666.0,9.13399396811719,1.3931878372073154,16.1794090666393,10.9069032804081,875924610.0,,6164055575.2,20.1252912445122,188.36570335332547,186.77924217462933,2.70061728395062,110414301.56666666,Non-Energy Minerals,Aluminum,SSE:600595,A,702234957.964,0.5645443495801578,15.252778161123487,0.598841330518925,1.0,0.5645443495801578,5.727223421444072,cyclical,True,0.0,0.5645443495801578,priority
300628,Yealink Network Technology Co. Ltd. Class A,42.08,52795564683.0,18.48532771041996,5.779283028300358,32.3973539415752,29.322775125903398,1812548340.0,,5716193.569999999,20.59785435142559,14.131107312377456,14.185393258426974,4.30416068866571,14367558.766666671,Electronic Technology,Telecommunications Equipment,SZSE:300628,A,604586872.9013335,0.5705814043874097,31.26416322629025,0.5912625128209259,1.0,0.5705814043874097,3.497787866652702,technology_strict,True,0.0,0.5705814043874097,priority
601872,"China Merchants Energy Shipping Co., Ltd. Class A",19.2,155838588322.0,14.292094685127289,3.3099681760351407,24.850409315428,12.8631757317965,4040560490.0,,30327857502.23,40.137667032856875,129.07781118821063,130.03424657534245,1.6580310880829,105475076.13333318,Transportation,Marine Shipping,SSE:601872,A,2025121461.759997,0.5751251218326717,23.159433581695875,0.6171176265909667,1.0,0.5751251218326717,6.804619240948718,cyclical,True,0.0,0.5751251218326717,priority
002032,"Zhejiang Supor Co., Ltd. Class A",40.02,31287994843.0,15.745986779981116,6.339008662678255,39.8164994657632,16.4658414028274,2446577040.0,,2832032531.79,-1.0289337374436742,-9.7787767427669,-9.535504538174054,6.65822784810127,2163633.3333333335,Consumer Durables,Electronics/Appliances,SZSE:002032,A,86588606.00000001,0.3954638652632066,40.25793207661932,0.3911275608993822,1.0,0.3954638652632066,1.108667554353171,stable_or_general,True,0.18,0.5754638652632066,priority
000651,"Gree Electric Appliances, Inc. of Zhuhai Class A",38.98,206552855170.0,7.791480941054187,1.4659723669097917,19.6322235112199,6.96422965064431,44372749650.0,,106263968359.09,-12.915115176127786,-14.148026898616642,-15.137482401234873,7.74393391843056,47070122.16666665,Producer Manufacturing,Industrial Machinery,SZSE:000651,A,1834793362.056666,0.3968720576454991,18.815067097006153,0.41410859184732673,1.0,0.3968720576454991,4.162322284822917,cyclical,True,0.18,0.5768720576454991,priority
688278,"Xiamen Amoytop Biotech Co., Ltd. Class A",56.96,22601451273.0,21.672627653907618,7.293643415617309,36.8607363725357,27.805180767951704,403039070.0,,769528267.4699999,28.297631309078085,13.53246122129721,12.407510371669316,1.11973993137078,4874372.933333334,Health Technology,Biotechnology,SSE:688278,A,277644282.2826667,0.5879597041923319,33.6537107179168,0.6439892419461902,1.0,0.5879597041923319,8.700384122028549,health_special,True,0.0,0.5879597041923319,priority
600867,"Tonghua Dongbao Pharmaceutical Co., Ltd. Class A",8.02,15478772315.0,12.009583707696915,2.276804978310736,20.0221084650474,16.5375470531996,364513020.0,,746687407.2199999,18.503601962321206,219.83158983965572,219.36872309899567,3.72208436724566,29447118.83333331,Health Technology,Pharmaceuticals: Major,SSE:600867,A,236165893.04333314,0.5998161346824211,18.958233971520066,0.6334758673059034,1.0,0.5998161346824211,5.313498802508942,health_special,True,0.0,0.5998161346824211,priority
002555,"37 Interactive Entertainment Network Technology Group Co., Ltd.",18.67,39548875512.0,12.573237255034009,2.914782804186546,24.1145951515891,14.9938047341424,2938140470.0,,4523860072.46,-11.554227990674292,16.29316460712919,16.298558897243122,5.62841530054645,41359013.39999998,Technology Services,Packaged Software,SZSE:002555,A,772172780.1779997,0.521395328264736,23.182436989483676,0.5423604628252693,1.0,0.521395328264736,3.865535192466185,technology_strict,True,0.08,0.601395328264736,priority
601717,ZCZL Industrial Technology Group Company Limited Class A,14.47,24198364707.079033,7.5164926497324815,1.0906711811056857,14.8006840965094,6.72909152590591,1410049700.0,,11945135810.06,5.503017541284894,-21.128874412482613,-20.499690274623166,8.68658790826963,19203998.133333333,Producer Manufacturing,Auto Parts: OEM,SSE:601717,A,277881852.98933333,0.5078476508734603,14.510373813037702,0.5180082020339714,1.0,0.5078476508734603,1.9614653051081898,cyclical,True,0.1,0.6078476508734603,priority
600211,Tibet Rhodiola Pharmaceutical Holding Co. Class A,38.06,12254575498.0,12.48646697942981,3.0957838449863107,24.2383468614797,16.1711373271035,900525850.0,,1170672998.43,1.4967584281873332,-1.698102199287938,-1.3080783551886026,4.62125197264598,4988236.333333333,Health Technology,Pharmaceuticals: Major,SSE:600211,A,189852274.84666666,0.5151534075648398,24.7931128163499,0.5036264333535225,1.0,0.5151534075648398,2.2887945206851112,health_special,True,0.1,0.6151534075648398,priority
002001,Zhejiang NHU Co. Ltd. Class A,26.86,82126074591.0,11.453180965376086,2.363115687973712,21.9432136847937,15.8294752221287,6661824930.0,,7426333715.29,6.1862441618762265,-1.319566760074879,-0.9335529928610655,3.74251497005988,33837749.06666666,Health Technology,Pharmaceuticals: Other,SZSE:002001,A,908881939.9306666,0.521946380776165,20.632832879508374,0.5550949320561251,1.0,0.521946380776165,5.971690492142445,health_special,True,0.1,0.6219463807761649,priority
601225,"Shaanxi Coal Industry Co., Ltd. Class A",26.24,254396797781.0,12.471482889733839,2.5153205452033967,21.4608442934815,8.42614506650608,24770619580.0,,27281909185.72,-10.316478099847764,4.919085902995427,4.9167248429241175,3.61280487804878,39442350.233333334,Energy Minerals,Coal,SSE:601225,A,1034967270.1226666,0.5811273181606335,20.16857632281992,0.6183620841706543,1.0,0.5811273181606335,6.021515057793369,cyclical,True,0.08,0.6611273181606334,priority
600285,"Henan Lingrui Pharmaceutial Co., Ltd. Class A",19.61,11042644766.0,14.251453488372094,3.441334978248166,24.7762782477452,13.7750718477718,925258060.0,,446077046.29,5.9116906408138945,-0.4714013538607227,-0.4557621355711636,5.62659846547315,11633380.900000004,Health Technology,Pharmaceuticals: Major,SSE:600285,A,228130599.44900006,0.575205579541353,24.147256145178357,0.5901893533033059,1.0,0.575205579541353,2.538807872098736,health_special,True,0.1,0.675205579541353,priority
600809,Shanxi Xinghuacun Fen Wine Factory Co. Ltd. Class A,122.56,142129956505.0,14.686638705811863,3.925251125114818,27.5297850145974,16.9026071578808,9011990740.0,,2089534575.06,-3.841255415088191,-17.486558150664994,-17.486527908241452,5.60875512995896,8959704.733333344,Consumer Non-Durables,Beverages: Alcoholic,SSE:600809,A,1098101412.1173346,0.5334817797532533,26.726681330844613,0.5495122467323458,1.0,0.5334817797532533,2.917217418613882,stable_or_general,True,0.18,0.7134817797532533,priority
601965,"China Automotive Engineering Research Institute Co., Ltd. Class A",14.05,13789826562.0,13.011668827560658,1.747223407073208,14.1050104517706,7.95274419357215,238603290.0,,2184285379.36,11.416127994450694,18.3141907819267,17.203950938890706,2.41305890702626,8231707.3,Commercial Services,Miscellaneous Commercial Services,SSE:601965,A,115655487.565,0.9224855856755005,13.428126939200357,0.9689861353318054,1.0,0.9224855856755005,4.798886997529839,financial_special,True,0.0,0.9224855856755005,reject_valuation
688411,Beijing HyperStrong Technology Co. Ltd. Class A,177.41,32730573598.0,25.400166079660966,6.256204277888174,27.3892173062979,7.7064140024051,135351730.0,,7523973590.700001,47.020365460805486,85.90977723122529,82.85250536677314,0.886337031049668,2351220.7,Technology Services,Packaged Software,SSE:688411,A,417130064.387,0.9273783108004489,24.63056445484344,1.0312457973193623,1.0,0.9273783108004489,10.072039739595384,technology_strict,True,0.0,0.9273783108004489,reject_valuation
600236,"Guangxi Guiguan Electric Power Co., Ltd. Class A",9.88,79139069211.0,20.22517911975435,4.304654516619539,21.6103912214676,7.422283177316361,5043780630.0,,28086086096.38,36.971554300524964,89.34957659662624,89.34108527131782,2.91832669322709,22586317.46666668,Utilities,Electric Utilities,SSE:600236,A,223152816.57066682,0.9359006467066089,21.283641005755513,0.9502687587281268,1.0,0.9359006467066089,1.5120050921960893,stable_or_general,True,0.0,0.9359006467066089,reject_valuation
601799,"Changzhou Xingyu Automotive Lighting Systems Co., Ltd Class A",76.32,21391673649.0,13.651730614435202,1.9104534999072555,14.4497522106803,8.77612928892374,1361623990.0,,3334269734.83,7.623737602877721,4.3728467633979005,4.901206537443936,2.67094017094017,4126373.433333333,Producer Manufacturing,Auto Parts: OEM,SSE:601799,A,314924820.432,0.9447726449139209,13.99422207970586,0.9755262233713345,1.0,0.9447726449139209,3.1525117132302105,cyclical,True,0.0,0.9447726449139209,reject_valuation
002415,"Hangzhou Hikvision Digital Technology Co., Ltd Class A",34.87,324742069613.0,19.452192346312618,3.788870694872583,20.1765719324263,12.524645535819301,20312436150.0,,6733231201.65,4.73427846752662,30.731886298903138,31.393388550905215,3.71640937678674,87707947.53333333,Electronic Technology,Telecommunications Equipment,SZSE:002415,A,3058376130.487333,0.964097985101745,19.47785949993861,0.9986822395127107,1.0,0.964097985101745,3.4629888309459123,technology_strict,True,0.0,0.964097985101745,reject_valuation
600428,"COSCO Shipping Specialized Carriers Co., Ltd. Class A",11.66,31966671732.0,13.753243689549421,1.880357042066135,14.018788875318,5.3252447003196,5727105550.0,,17639838006.28,33.90428130912729,43.071474100098214,25.82368655387356,2.78969957081545,56534359.56666662,Transportation,Marine Shipping,SSE:600428,A,659190632.5473328,0.9810579082023193,13.672098630048621,1.0059350844150916,1.0,0.9810579082023193,2.4730399205866616,cyclical,True,0.0,0.9810579082023193,reject_valuation
600026,"COSCO SHIPPING Energy Transportation Co., Ltd. Class A",20.34,102499136708.53625,15.832490075504008,2.313406268944284,15.8322865847097,7.24503175547745,2615229490.0,,38693657775.29,18.02269478321826,103.45653122576361,85.75766338924234,1.86915887850467,64166907.43333319,Transportation,Marine Shipping,SSE:600026,A,1305154897.1939971,1.0000128528998777,14.611765160829504,1.0835439730407768,1.0,1.0000128528998777,7.709066011089849,cyclical,True,0.0,1.0000128528998777,reject_valuation
600517,"State Grid Yingda Co., Ltd. Class A",5.05,28706546336.0,11.17751217352811,1.2074868969738703,11.1626087099786,5.36794788975018,1314730130.0,,7825422660.28,6.58417953120471,43.12638266573472,43.15589353612167,2.66932270916335,22127787.533333328,Producer Manufacturing,Electrical Products,SSE:600517,A,111745327.0433333,1.0013351237095847,10.802823367382071,1.0346843406953563,1.0,1.0013351237095847,3.223129574316297,cyclical,True,0.0,1.0013351237095847,reject_valuation
000423,"Dong-E-E-Jiao Co., Ltd. Class A",48.55,29958734518.0,17.47534374775034,3.0380472396008673,17.4060311249301,13.978023533813499,1223758880.0,,182908406.17000002,9.341219288779087,8.867713726250297,9.081628646589975,5.8446520916544,6487097.033333333,Health Technology,Pharmaceuticals: Other,SZSE:000423,A,314948560.9683333,1.003982103807741,17.384763833283483,1.0052103045710314,1.0,1.003982103807741,0.12218346327185214,health_special,True,0.0,1.003982103807741,reject_valuation
600018,"Shanghai International Port (Group) Co., Ltd. Class A",5.43,127925751589.0,8.993044054322622,0.8608894589396948,9.91715510367554,6.07183989130025,6752675560.0,,55077286513.68,9.901203815606364,-3.661971485403766,-3.7615556263946375,3.53260869565217,54293085.13333333,Transportation,Other Transportation,SSE:600018,A,294811452.274,0.9068169208112496,9.5728371143239,0.9394335187074551,1.0,0.9068169208112496,3.47194317071865,stable_or_general,True,0.1,1.0068169208112496,reject_valuation
600012,Anhui Expressway Company Limited Class A,16.51,27681218292.027245,14.541130878985381,2.23933636432687,15.6883077326777,6.17290398893107,2594537100.0,,15431908752.48,-20.21627322531782,5.759026343089859,3.491021784705132,3.96634615384615,6969985.566666666,Transportation,Other Transportation,SSE:600012,A,115074461.70566668,0.9268769536370819,15.400015191137058,0.9442283464339712,1.0,0.9268769536370819,1.8376267628926524,stable_or_general,True,0.08,1.0068769536370819,reject_valuation
002027,Focus Media Information Technology Co Ltd Class A,4.88,69611407421.0,20.669207962727658,5.037575357172351,22.477009996035903,14.0000460250932,7805567540.0,,2774987867.7000003,2.3236215427533433,-35.99077807024772,-35.98156182212581,7.05394190871369,170510428.33333334,Producer Manufacturing,Miscellaneous Manufacturing,SZSE:002027,A,832090890.2666667,0.9195710624488278,24.372367660417872,0.8480590909637246,1.0,0.9195710624488278,8.432427910635077,cyclical,True,0.1,1.019571062448828,reject_valuation
603899,"Shanghai M&G Stationery, Inc.",23.16,20639971645.0,15.841313269493844,2.4319224472952214,15.5254488080187,8.27881140622133,1833101870.0,,760149422.16,6.6255959848925166,1.435849679018592,2.2592152199762188,4.3994720633524,3565692.033333333,Consumer Non-Durables,Consumer Sundries,SSE:603899,A,82581427.492,1.0203449488244103,15.351772961768626,1.03188819356203,1.0,1.0203449488244103,1.1186526611737913,stable_or_general,True,0.0,1.0203449488244103,reject_valuation
601975,Nanjing Tanker Corporation Class A,4.48,20031876412.0,13.530655391120508,1.7199413377150887,13.1737700336963,11.5057310613703,798583590.0,,481712600.73,11.13824855922097,22.219920464508764,25.08500188893087,0.630841121495327,176529280.533333,Transportation,Marine Shipping,SSE:601975,A,790851176.7893319,1.0270906017420491,12.711441449050577,1.0644469744327163,1.0,1.0270906017420491,3.5094629970248925,cyclical,True,0.0,1.0270906017420491,reject_valuation
600499,"Keda Industrial Group Co., Ltd. Class A",14.59,26977553018.0,15.045890481592245,2.0979614256934846,14.6263475599612,6.09121343761952,2050876300.0,,7950497300.0,28.106769871496752,42.50824126192605,39.665850496903346,2.08478109798471,35441443.666666605,Producer Manufacturing,Industrial Machinery,SSE:600499,A,517090663.09666574,1.0286840525231002,13.943750476319204,1.079041862312784,1.0,1.0286840525231002,4.666900474254854,cyclical,True,0.0,1.0286840525231002,reject_valuation
002270,"Huaming Power Equipment Co., Ltd. Class A",19.12,17028283812.999998,23.07785153892577,5.008959540600866,22.3834369203838,15.1869927981944,649151010.0,,1122321071.05,11.364016341938658,9.397751886690308,11.0143373978293,3.21052631578947,18499679.099999987,Producer Manufacturing,Electrical Products,SZSE:002270,A,353713864.3919998,1.0310235921771955,21.70461809303252,1.0632691826231246,1.0,1.0310235921771955,3.0326836301582727,cyclical,True,0.0,1.0310235921771955,reject_valuation
601211,"Guotai Haitong Securities Co., Ltd. Class A",17.87,293383331088.3232,9.396361341886635,0.9178039063418865,10.0650510633512,1.50141846154759,140969793340.0,,1127305898972.0,14.698369425932983,33.954963780107924,-14.78245283864319,2.82645562464669,81298320.06666666,Finance,Investment Managers,SSE:601211,A,1452800979.5913334,0.9335632062613777,9.767652317185224,0.9619876953804612,1.0,0.9335632062613777,2.9547663920838185,financial_special,True,0.1,1.0335632062613778,reject_valuation
603939,Yifeng Pharmacy Chain Co Ltd Class A,22.9,27666761135.0,15.962637669036663,2.333886399863024,15.4388092284385,6.56130561599612,3022840740.0,,9362163081.22,3.510935239456843,9.392786460786375,13.442985924402986,3.05810397553517,12254117.533333333,Retail Trade,Drugstore Chains,SSE:603939,A,280619291.5133333,1.0339293291890197,14.62093200543011,1.0917660832502507,1.0,1.0339293291890197,5.297540833018699,stable_or_general,True,0.0,1.0339293291890197,reject_valuation
002155,Hunan Gold Corp. Ltd. Class A,26.78,43035420083.0,23.38251986379115,4.86350230280841,22.5177356358957,19.4135690668466,487856700.0,,1883217.08,30.802945536027227,68.1808303623268,68.17914831130689,1.08932461873638,64724751.033333324,Non-Energy Minerals,Precious Metals,SZSE:002155,A,1733328832.6726665,1.0384045821426595,20.79973557657383,1.1241739000819913,1.0,1.0384045821426595,7.6295418291668415,cyclical,True,0.0,1.0384045821426595,reject_valuation
603317,"Sichuan Teway Food Group Co., Ltd. Class A",13.55,13925577317.0,18.916655032807483,3.3910012087480323,18.0542013336099,14.2259058298491,785422600.0,,59553385.120000005,19.831486798289784,33.929572260512145,34.264292408622325,4.18569254185693,13280441.466666672,Consumer Non-Durables,Food: Specialty/Candy,SSE:603317,A,179949981.87333342,1.0477702493320504,17.92600860388351,1.0552630789605535,1.0,1.0477702493320504,0.7100437585557895,stable_or_general,True,0.0,1.0477702493320504,reject_valuation
601877,"Zhejiang Chint Electrics Co., Ltd Class A",25.87,53892432132.0,10.85879785090665,1.1966209681112308,11.4233677613994,3.2226758631301604,28955860330.0,,71186717937.27,3.743722698875084,12.665711266185006,13.534121235226854,2.39139099242726,21326393.4,Producer Manufacturing,Electrical Products,SSE:601877,A,551713797.258,0.9505776297949119,11.01982912419094,0.985387135184266,1.0,0.9505776297949119,3.5325715291426807,cyclical,True,0.1,1.0505776297949119,reject_valuation
002444,"Hangzhou GreatStar Industrial Co., Ltd. Class A",30.55,36307540402.0,14.357552401541497,1.8953000281658337,13.6023171280036,10.4557509091915,1439667710.0,,3165994161.6800003,1.265529448730013,6.6660321557599085,6.667335071185093,2.12765957446809,9945936.4,Consumer Durables,Tools & Hardware,SZSE:002444,A,303848357.02000004,1.0555225456391593,13.20071816671444,1.0876341893082766,1.0,1.0555225456391593,2.9524305124630223,stable_or_general,True,0.0,1.0555225456391593,reject_valuation
600309,Wanhua Chemical Group Co. Ltd. Class A,77.66,242235889976.0,14.761452195400112,2.1401450536634616,15.4369551936581,4.89804590098224,10414793230.0,,185080005711.38,31.691186134616174,49.95719615067008,50.18555523836711,1.61540449728612,34998832.166666694,Process Industries,Industrial Specialties,SSE:600309,A,2718009306.0633354,0.9562411764636395,14.49820129709435,1.0181574867744816,1.0,0.9562411764636395,6.081211513455809,cyclical,True,0.1,1.0562411764636395,reject_valuation
002595,"Himile Mechanical Science & Technology (Shandong) Co., Ltd. Class A",42.4,48939494436.0,21.045316920633343,3.967373963359804,19.8497253240206,16.2080167603699,41559770.0,,148366554.83,19.34410171222486,3.648078848984243,3.546281543917354,1.12493850520341,4940610.299999998,Producer Manufacturing,Metal Fabrication,SZSE:002595,A,209481876.7199999,1.0602321481580368,18.85157623580424,1.1163690853957664,1.0,1.0602321481580368,5.02852846537114,cyclical,True,0.0,1.0602321481580368,reject_valuation
002475,"Luxshare Precision Industry Co., Ltd. Class A",54.3,432567099456.27454,22.600516107550153,4.235440575520713,21.1467762301812,5.96067597787943,419678920.0,,147389737557.13,32.07158466098413,21.790666883417234,18.958261127890292,0.532305501157201,123174950.56666677,Electronic Technology,Electronic Components,SZSE:002475,A,6688399815.770005,1.068745224404188,18.740459533602333,1.2059744888873507,1.0,1.068745224404188,11.379118360104979,technology_strict,True,0.0,1.068745224404188,reject_valuation
603338,"Zhejiang Dingli Machinery Co., Ltd. Class A",57.91,29530207616.0,15.96548301720335,2.489096502241304,16.4302963839288,10.5215413277313,1034622000.0000001,,3365469336.98,17.02393123020528,-1.0738539963853062,-1.074564992090756,1.9718792866941,5181812.533333362,Producer Manufacturing,Trucks/Construction/Farm Machinery,SSE:603338,A,300078763.805335,0.9717099828351178,15.590486674028078,1.0240528952697785,1.0,0.9717099828351178,5.111348512995651,cyclical,True,0.1,1.0717099828351178,reject_valuation
601958,"Jinduicheng Molybdenum Co., Ltd. Class A",20.98,69726919770.0,19.26715033520066,3.2751517762780975,17.9622912356841,14.970402855679698,3157255730.0,,118030729.44999999,6.150901637828744,22.93844160306035,22.94230552105678,1.850994909764,50874601.93333335,Non-Energy Minerals,Other Metals/Minerals,SSE:601958,A,1067349148.5613338,1.072644357136595,16.998630930358534,1.1334530653754409,1.0,1.072644357136595,5.364907475785419,cyclical,True,0.0,1.072644357136595,reject_valuation
601995,China International Capital Corp. Ltd. Class A,33.9,133290831623.29137,11.980068558504435,1.5695766958141844,12.2483833482282,1.60114013805054,102227164090.0,,392181747460.0,15.69953061943756,75.20074731153834,75.20277382205435,0.950118764845606,19108103.433333334,Finance,Investment Banks/Brokers,SSE:601995,A,647764706.39,0.9780938608716407,13.101566891284358,0.914399678902072,1.0,0.9780938608716407,6.965682888914282,financial_special,True,0.1,1.0780938608716408,reject_valuation
002920,"Huizhou Desay SV Automotive Co., Ltd. Class A",88.0,53903818158.0,20.803782505910164,3.267893760773837,19.2599153110485,9.47144576537759,407404990.0,,4293053481.85,7.3406585320678595,3.627313830210284,-1.9494216638464432,1.38396811337467,8545737.0,Producer Manufacturing,Auto Parts: OEM,SZSE:002920,A,752024856.0,1.0801596045428103,15.708171145537879,1.3243924014553254,1.0,1.0801596045428103,18.441120369169806,cyclical,True,0.0,1.0801596045428103,reject_valuation
601881,"China Galaxy Securities Co., Ltd. Class A",12.43,114677018691.61267,10.22456198075183,1.1254918933797897,11.3095192272664,1.44309733460856,86082150960.0,,437105607001.36,-17.926708820023272,15.305204737810937,15.308735653988425,2.82714054927302,25696795.8,Finance,Investment Banks/Brokers,SSE:601881,A,319411171.794,0.9040668993338975,11.007727230746665,0.9288531380204165,1.0,0.9040668993338975,2.668477681987891,financial_special,True,0.18,1.0840668993338975,reject_valuation
000963,"Huadong Medicine Co., Ltd. Class A",27.37,48157614591.0,13.872978863601805,1.8866832012815935,14.0680422421203,8.76394273927586,2823607060.0,,5290465770.76,3.7366838550182093,-4.6997908820418575,-4.663187397313222,3.38674435542607,25151545.4333333,Health Technology,Pharmaceuticals: Major,SZSE:000963,A,688397798.5103325,0.9861342911002593,13.599697799811675,1.0200946423819737,1.0,0.9861342911002593,3.329137304595109,health_special,True,0.1,1.0861342911002594,reject_valuation
000598,"Chengdu Xingrong Environment Co., Ltd. Class A",7.22,21802793162.0,10.503345941227815,1.0677424936371716,10.5940603602067,4.04633708748643,787097490.0,,15687953410.56,0.3315772051029226,0.40851847380547746,0.30643513789581067,3.2,19880523.466666557,Utilities,Water Utilities,SZSE:000598,A,143537379.42933252,0.9914372378583356,10.165736705348916,1.0332105036422259,1.0,0.9914372378583356,4.043054695692028,stable_or_general,True,0.1,1.0914372378583357,reject_valuation
603596,"Bethel Automotive Safety Systems Co., Ltd. Class A",29.96,27241839309.0,20.328402768353914,3.1929235606000055,18.5836978035114,7.99299697719253,289983740.0,,7355179848.16,17.90488541695729,12.156391076189042,3.861874559548975,0.843208538587849,18582348.399999995,Producer Manufacturing,Auto Parts: OEM,SSE:603596,A,556727158.0639999,1.0938836276444859,15.70671142727733,1.294249459059281,1.0,1.0938836276444859,15.481237408469163,cyclical,True,0.0,1.0938836276444859,reject_valuation
600511,China National Medicines Corporation Ltd. Class A,27.05,20160319394.0,10.586669797659583,1.0850080763909864,10.626357360668,5.43086935898131,853658120.0,,2998300207.11,4.055897704795149,-1.0444905403696487,-1.0418280402788507,2.99401197604791,4798120.8,Health Technology,Pharmaceuticals: Major,SSE:600511,A,129789167.64,0.9962651770817237,10.248813811410756,1.0329653745756087,1.0,0.9962651770817237,3.552897163563029,health_special,True,0.1,1.0962651770817238,reject_valuation
600563,Xiamen Faratronic Co. Ltd. Class A,123.48,28161000824.0,23.05839293383877,4.558913658280845,20.9500916227867,14.459901661892802,751291860.0,,1375273834.88,8.488865835925186,6.942381735469366,6.9415876185721395,1.83764781080217,4768099.633333334,Electronic Technology,Electronic Components,SSE:600563,A,588764942.7240001,1.1006344673337343,19.771168230855,1.1662635543130784,1.0,1.1006344673337343,5.627294682804285,technology_strict,True,0.0,1.1006344673337343,reject_valuation
002440,"Zhejiang Runtu Co., Ltd. Class A",13.3,14816237290.0,12.837837837837839,1.4186333760701082,11.6174683300544,9.60315369652233,828920700.0,,859356980.49,16.175126614260485,343.30543914595614,338.7971198644642,1.48148148148148,57235088.76666665,Process Industries,Industrial Specialties,SZSE:002440,A,761226680.5966665,1.105046080016103,11.05040735044084,1.1617524522592093,1.0,1.105046080016103,4.8811063090791755,cyclical,True,0.0,1.105046080016103,reject_valuation
002460,"Ganfeng Lithium Group Co., Ltd. Class A",49.09,89794813749.13701,16.026771139405813,2.125599597482708,14.479577962026099,5.56648565437502,290187630.0,,40934483555.240005,113.65013000461406,,,0.296912114014252,39893658.46666661,Process Industries,Chemicals: Specialty,SZSE:002460,A,1958379694.128664,1.1068534719338752,13.262806207149183,1.208399707353542,1.0,1.1068534719338752,8.403364780852051,cyclical,True,0.0,1.1068534719338752,reject_valuation
601298,Qingdao Port International Co Ltd Class A,9.21,56618573179.875984,11.513939242405302,1.2665817694738668,11.3829554109485,7.535576287480321,2620215800.0,,5106529539.0,2.702923295477202,-4.472254152347617,-4.466738325570284,3.74620390455531,10003685.166666666,Transportation,Other Transportation,SSE:601298,A,92133940.385,1.01150701436736,11.000420818698654,1.0466817071973977,1.0,1.01150701436736,3.3605911508878705,stable_or_general,True,0.1,1.11150701436736,reject_valuation
600483,"Fujian Funeng Co., Ltd. Class A",11.12,30943030689.0,11.356209150326798,1.1126130497904343,11.0055498843146,5.23001677991677,2513697940.0,,20929105311.29,-2.1467281426383837,0.24328330284049557,-7.026205848841621,3.82749326145553,13518831.899999997,Utilities,Alternative Power Generation,SSE:600483,A,150329410.72799996,1.0318620395798639,9.79739836649994,1.15910456281505,1.0,1.0318620395798639,10.977657005003893,stable_or_general,True,0.08,1.111862039579864,reject_valuation
603162,"Fujian Highton Development Co., Ltd. Class A",14.64,18356173079.0,22.18181818181818,4.133001338143876,19.9479357635291,13.0715423696067,318923030.0,,1977743492.23,62.05207548198716,129.04095914327826,135.54603854389723,0.425296769346356,41306176.46666667,Transportation,Trucking,SSE:603162,A,604722423.472,1.111985643265069,18.63238308179616,1.1904981818181817,1.0,1.111985643265069,6.594931412092109,stable_or_general,True,0.0,1.111985643265069,reject_valuation
001286,"Shaanxi Energy Investment Co., Ltd. Class A",9.58,30086527330.0,11.881433709537394,1.3533921686908685,11.738164450615,4.19165967739239,2672465650.0,,30396639633.440002,7.525790797894159,7.935905658608541,7.923972694418422,4.26195426195426,24501724.666666668,Utilities,Electric Utilities,SZSE:001286,A,234726522.30666667,1.01220542270686,11.390815298699867,1.0430714042824947,1.0,1.01220542270686,2.959143683635612,stable_or_general,True,0.1,1.11220542270686,reject_valuation
000688,"GuoCheng Mining Co., Ltd. Class A",27.95,33042183749.999996,32.68241347053321,9.784735812133071,29.255300762335203,8.50771369369367,703151520.0,,8712351844.33,145.94941765459038,176.71980435915918,179.56848643347496,0.449826989619377,22605732.566666666,Non-Energy Minerals,Other Metals/Minerals,SZSE:000688,A,631830225.2383333,1.1171450171043962,29.938841025174245,1.0916392335645864,1.0,1.1171450171043962,2.336466366871459,cyclical,True,0.0,1.1171450171043962,reject_valuation
002901,"Double Medical Technology, Inc. Class A",41.22,16888516572.0,23.838991382800298,4.739919621450378,21.2833461207076,14.896981477212401,704121170.0,,421492817.17,14.62861174638364,53.128128702436385,52.86888869242331,1.4570179698883,2147851.8,Health Technology,Medical Specialties,SZSE:002901,A,88534451.196,1.1200772306947633,19.88305438488561,1.1989602261975327,1.0,1.1200772306947633,6.579283764311727,health_special,True,0.0,1.1200772306947633,reject_valuation
600900,"China Yangtze Power Co., Ltd. Class A",28.42,695876154317.0,19.207894025412273,3.217425267316869,17.1309609684276,6.41283907883653,46592754110.0,,282570487313.26996,1.2646510726615774,5.884585083232562,5.88993058040507,3.51617440225035,106698808.86666663,Utilities,Electric Utilities,SSE:600900,A,3032380147.990666,1.1212385610365037,16.750536331886135,1.1467032245915816,1.0,1.1212385610365037,2.220684742920087,stable_or_general,True,0.0,1.1212385610365037,reject_valuation
603986,Giga Device Semiconductor Inc. Class A,371.88,270319073059.78833,32.68814935921101,6.999539424734529,29.0860357849576,25.455626034457403,5821946980.0,,76847415.65,110.43929278756084,582.9636379377927,551.1332417582418,0.195720250521921,51586133.73333332,Electronic Technology,Semiconductors,SSE:603986,A,19183851412.751995,1.1238434003480224,21.41307954701378,1.5265505966781703,1.0,1.1238434003480224,26.38020627724056,technology_strict,True,0.0,1.1238434003480224,reject_valuation
601020,"Tibet Huayu Mining Co., Ltd. Class A",22.61,19170773078.0,22.86378804732531,4.207818987480762,20.2481295068948,9.76601638164558,54720190.0,,2336988788.94,9.352740159573097,148.52871988579867,148.52978135209852,0.337895637296835,31576863.73333334,Distribution Services,Wholesale Distributors,SSE:601020,A,713952889.0106668,1.129180255368272,18.40385757063125,1.242336719873946,1.0,1.129180255368272,9.108357073849948,stable_or_general,True,0.0,1.129180255368272,reject_valuation
600933,"IKD Co., Ltd. Class A",13.46,13842017626.0,13.250639889742075,1.4080145948139875,11.7309041639198,6.52898160596955,147352640.0,,4927559801.02,18.582150885079432,1.2199152157198543,-2.298740021159953,2.96515937731653,9035034.766666668,Producer Manufacturing,Auto Parts: OEM,SSE:600933,A,121611567.95933335,1.1295497520554687,10.626012075869603,1.2470002664341675,1.0,1.1295497520554687,9.418643888068434,cyclical,True,0.0,1.1295497520554687,reject_valuation
605090,"Jiangxi Jovo Energy Co., Ltd. Class A",33.5,23833093939.0,14.918726341572034,1.9176805567799453,14.1748464092251,9.14830592821822,2193382470.0,,3395307149.45,-8.134388855246248,9.094895856395704,6.421800947867297,1.93299733175215,14266097.90000001,Energy Minerals,Oil & Gas Production,SSE:605090,A,477914279.65000033,1.052478870731383,12.85418414999811,1.160612464197055,1.0,1.052478870731383,9.316942287060648,cyclical,True,0.08,1.132478870731383,reject_valuation
600566,"HUBEI JUMPCAN PHARMACEUTICAL CO., LTD Class A",25.74,23524659958.0,12.839185953711093,1.7110652877102435,13.4658316474668,10.9078366270431,1060685930.0000001,,1665537694.1899998,-13.860390698647052,-4.166495100250441,-4.209470113240015,6.81551116333725,6478484.5,Health Technology,Pharmaceuticals: Major,SSE:600566,A,166756191.03,0.9534640184014486,13.326898557892372,0.9634038931066637,1.0,0.9534640184014486,1.0317453330152437,health_special,True,0.18,1.1334640184014486,reject_valuation
600863,Inner Mongolia MengDian HuaNeng Thermal Power Corporation Limited Class A,4.72,36982096311.0,14.005934718100889,1.8591167619857887,13.294646029003697,5.37426804315114,3045158430.0,,15059966528.07,-5.137881847131897,14.749045873915728,4.012345679012349,4.66101694915254,132383123.36666666,Utilities,Electric Utilities,SSE:600863,A,624848342.2906666,1.0535018899747641,13.273778576042604,1.055158080109889,1.0,1.0535018899747641,0.15696132800806506,stable_or_general,True,0.08,1.1335018899747642,reject_valuation
002020,"Zhejiang Jingxin Pharmaceutical Co., Ltd. Class A",12.68,10276250958.0,14.329302746073003,1.7347074186103462,12.591353277571402,9.09497524073677,704895780.0,,432583062.64,0.3684553866246462,3.4405466241428395,6.166766646670665,2.75157232704403,15112723.3,Health Technology,Pharmaceuticals: Major,SZSE:002020,A,191629331.444,1.138027218376706,12.106014154008637,1.1836515771236045,1.0,1.138027218376706,3.8545429777376183,health_special,True,0.0,1.138027218376706,reject_valuation
601066,"CSC Financial Co., Ltd. Class A",25.28,175463213508.03998,15.599160804640258,2.2391635732019597,15.0159065991711,1.70693741456739,72662236260.0,,421638435999.41,2.1369180922421824,41.64867559106257,41.64845730268335,1.36,22066210.766666666,Finance,Investment Managers,SSE:601066,A,557833808.1813333,1.038842423640365,14.354384836752752,1.0867174721901283,1.0,1.038842423640365,4.4054733428807165,financial_special,True,0.1,1.1388424236403651,reject_valuation
000568,Luzhou Laojiao Company Limited Class A,79.92,111864513184.0,15.657693664041378,2.57198219307824,16.2713622671561,11.1616436891946,1305768770.0,,6372675456.740001,-30.85566642513568,-42.730651054493265,-42.854903716972686,7.59884473684211,11714476.133333333,Consumer Non-Durables,Beverages: Alcoholic,SZSE:000568,A,936220932.576,0.9622853579780829,16.42631570309053,0.9532078858739736,1.0,0.9622853579780829,0.9523077010411329,stable_or_general,True,0.18,1.142285357978083,reject_valuation
601898,China Coal Energy Co. Ltd. Class A,15.18,176862358317.44586,10.980902777777777,1.2110951635177927,11.387513030967,4.92197525359583,18410953000.0,,80346787000.0,-13.091698798359014,6.312887383848288,6.313927555179578,2.56874580818243,46803554.6,Energy Minerals,Coal,SSE:601898,A,710477958.8280001,0.9642933226874477,11.029103781600769,0.9956296536166971,1.0,0.9642933226874477,3.147388269867002,cyclical,True,0.18,1.1442933226874477,reject_valuation
002608,Jiangsu Guoxin Corp. Ltd. Class A,7.38,27088832698.0,8.565459610027855,0.7368387421423835,9.05492667684065,3.1890594970806805,1499542170.0,,40943615578.73,7.778564278210758,-1.812013869757872,-1.8119658119658024,1.81311018131102,16859564.73333345,Utilities,Electric Utilities,SZSE:002608,A,124423587.73200086,0.9459446681037538,8.60244255054035,0.9957008791055313,1.0,0.9459446681037538,4.9971042554943885,stable_or_general,True,0.2,1.1459446681037537,reject_valuation
002056,"Hengdian Group DMEGC Magnetics Co., Ltd Class A",19.72,32389544156.0,17.74498335283002,2.977156513586673,16.9186693310648,6.5961961904266,1083445510.0,,8595124960.57,9.874289023233338,-19.239474345996996,-19.025065578548535,4.85870104115022,27395364.7,Producer Manufacturing,Metal Fabrication,SZSE:002056,A,540236591.884,1.0488403671468418,16.77745453118088,1.0576683918201648,1.0,1.0488403671468418,0.8346684784756309,cyclical,True,0.1,1.148840367146842,reject_valuation
002842,"Guangdong Xianglu Tungsten Co., Ltd. Class A",34.14,11581904320.0,28.942014242115974,7.651397489427222,31.9390310768359,12.9855208605615,-475214370.0,,1714093347.17,74.11804020309467,,,0.389830508474576,38723156.733333156,Producer Manufacturing,Metal Fabrication,SZSE:002842,A,1322008570.875994,0.9061644410091845,26.436990271026215,1.0947545066745044,1.0,0.9061644410091845,17.226699183746042,cyclical,False,0.25,1.1561644410091845,reject_valuation
300979,Huali Industrial Group Co. Ltd. Class A,32.86,37927254028.0,15.409144196951935,2.4842015816940197,15.7552210585822,10.1354905024993,298488380.0,,3191877380.95,-7.740225616088033,-31.491834628822485,-31.492546903109748,6.46153846153846,3534518.066666667,Consumer Non-Durables,Apparel/Footwear,SZSE:300979,A,116144263.67066666,0.9780341475157057,16.121606430196277,0.9558069950206773,1.0,0.9780341475157057,2.3254854390919677,stable_or_general,True,0.18,1.1580341475157057,reject_valuation
002414,Wuhan Guide Infrared Co. Ltd. Class A,12.54,54067519993.0,28.847481021394064,6.378465811118063,24.8869919378719,17.1665192766365,949565820.0,,1062111731.3699999,100.00170568999947,,,0.0,79934567.33333333,Electronic Technology,Electronic Equipment/Instruments,SZSE:002414,A,1002379474.3599999,1.1591389225909328,22.110997512703523,1.3046666485679899,1.0,1.1591389225909328,11.154399182104424,technology_strict,True,0.0,1.1591389225909328,reject_valuation
688111,Beijing Kingsoft Office Software. Inc. Class A,242.99,110922411316.0,31.307899449834434,7.478447028872302,27.004418756979696,19.3364117559257,2440249850.0,,64391524.63,22.738611884096223,115.87004010151622,115.01232789428484,0.522903158335076,10625825.533333333,Technology Services,Packaged Software,SSE:688111,A,2581969346.344667,1.159362092981262,23.886773498986212,1.3106792950150083,1.0,1.159362092981262,11.544944870134199,technology_strict,True,0.0,1.159362092981262,reject_valuation
000951,"Sinotruk Jinan Truck Co., Ltd. Class A",21.96,25004802232.0,13.031867544952823,1.5509865644729435,12.2817920073766,3.85229890740577,2918723420.0,,13290356642.94,49.89473817340161,28.76858849532349,28.771205868867494,3.86629266012155,12218772.899999999,Consumer Durables,Motor Vehicles,SZSE:000951,A,268324252.88399997,1.0610721576400022,11.901491164814923,1.0949777103124436,1.0,1.0610721576400022,3.0964605355086827,cyclical,True,0.1,1.1610721576400023,reject_valuation
600027,Huadian Power International Corp. Ltd. Class A,4.84,53318376700.824326,10.762730709361797,1.1294820484697152,11.164171041257,2.02115900752124,8687158000.0,,160454452000.0,0.46665188834377824,-17.42071988253184,-26.53161248162065,4.80167014613779,70282745.9999997,Utilities,Electric Utilities,SSE:600027,A,340168490.63999856,0.964042083338594,10.494381760265101,1.0255707249104227,1.0,0.964042083338594,5.999453775087316,stable_or_general,True,0.2,1.164042083338594,reject_valuation
000603,"Shengda Resources Co., Ltd. Class A",36.16,25528866333.0,29.269872106200417,6.642626335735529,25.1180110153065,10.8014566207792,839211150.0,,2827071447.75,30.942253636541512,125.72432755832345,125.72629270966564,0.324324324324324,72761013.06666666,Non-Energy Minerals,Other Metals/Minerals,SZSE:000603,A,2631038232.4906664,1.1652941822648235,22.694415307432724,1.2897389824629737,1.0,1.1652941822648235,9.648836073831147,cyclical,True,0.0,1.1652941822648235,reject_valuation
603606,Ningbo Orient Wires & Cables Co Ltd Class A,34.07,27292912454.0,20.556292989018946,3.3139605573523334,17.4857363728737,8.67263154894278,340126930.0,,4586653455.84,29.357398310248726,62.868318735218544,62.95349523154067,1.17524629797522,16651059.899999987,Producer Manufacturing,Electrical Products,SSE:603606,A,567301610.7929996,1.1756035062331558,16.12139192179559,1.2750941785136751,1.0,1.1756035062331558,7.802613638820899,cyclical,True,0.0,1.1756035062331558,reject_valuation
600282,"Nanjing Iron & Steel Co., Ltd. Class A",4.74,29229890381.0,10.719131614654003,1.049768785103028,9.95584533256331,3.8529963136527403,1560708600.0,,26226608143.59,5.715292308486361,9.471913420383379,9.455445544554445,5.38526315789474,39113044.09999982,Non-Energy Minerals,Steel,SSE:600282,A,185395829.03399917,1.0766671494578322,9.793412590138374,1.0945246629808894,1.0,1.0766671494578322,1.631531396873509,cyclical,True,0.1,1.1766671494578322,reject_valuation
688123,Giantec Semiconductor Corporation Class A,125.26,20984671339.0,29.29373246024322,6.3733740925345135,24.8639039365734,23.7937408442628,284621550.0,,4418405.38,14.936078489520213,93.99652283056025,92.22297145425938,0.530062092988036,9933974.133333331,Electronic Technology,Semiconductors,SSE:688123,A,1244329599.941333,1.1781630324413292,21.756783985053154,1.3464183162533547,1.0,1.1781630324413292,12.496508832427756,technology_strict,True,0.0,1.1781630324413292,reject_valuation
600295,"Inner Mongolia ERDOS Resources Co., Ltd. Class A",14.71,34547295157.0,14.757223113964688,1.9235119588569816,13.3808753451024,5.94242961412639,5716313900.0,,9833066683.19,-0.672850602260486,52.56128168598774,52.555861646770744,5.03959683225342,11029883.699999997,Process Industries,Textiles,SSE:600295,A,162249589.22699997,1.1028593222315648,13.034376074701829,1.1321771774413276,1.0,1.1028593222315648,2.5895112349835547,cyclical,True,0.08,1.1828593222315649,reject_valuation
300832,Shenzhen New Industries Biomedical Engineering Co. Ltd. Class A,51.5,39490044839.0,23.539628850900446,4.500654561216767,19.871284977092,18.315893447618,1683745950.0,,3302610.53,6.716950127107797,1.2089616390098779,1.3339509031959418,2.38473767885533,7586552.100000004,Health Technology,Medical Specialties,SZSE:300832,A,390707433.1500002,1.1846052672505771,19.119479706854456,1.2311856395580334,1.0,1.1846052672505771,3.7833752125453257,health_special,True,0.0,1.1846052672505771,reject_valuation
601138,"Foxconn Industrial Internet Co., Ltd. Class A",63.69,1245182585344.0,26.867749419953597,7.171538147988838,28.65568014687,10.4532449759006,-8476721000.0,,107564271000.0,56.29186828854016,76.42488765256822,76.88978434445188,1.55063291139241,129219856.56666666,Electronic Technology,Telecommunications Equipment,SSE:601138,A,8230012664.730999,0.9376064110936241,26.691994315917004,1.0065845624705452,1.0,0.9376064110936241,6.852693151544287,technology_strict,False,0.25,1.1876064110936242,reject_valuation
688617,APT Medical Inc. Class A,251.41,34538775145.0,37.907481680287084,11.337721226716093,31.7186297812041,27.2445860905767,863814450.0,,13735677.53,27.466525063212018,23.426025334643697,23.728149543868824,0.409768890345845,1673003.933333333,Health Technology,Medical Specialties,SSE:688617,A,420609918.87933326,1.1951172525980422,29.90892753662403,1.267430322731187,1.0,1.1951172525980422,5.705486829233908,health_special,True,0.0,1.1951172525980422,reject_valuation
600600,"Tsingtao Brewery Co., Ltd. Class A",51.49,57562052856.95206,15.258104664256505,2.240492917144405,15.0164060441361,8.45555610962476,3348251500.0,,330435948.0,-2.8362862460803253,-0.08835203001557816,-0.08586232420429023,4.63145447378794,5929591.866666666,Consumer Non-Durables,Beverages: Alcoholic,SSE:600600,A,305314685.21466666,1.0160956369593368,14.68395299707809,1.0391006200641382,1.0,1.0160956369593368,2.213932189106127,stable_or_general,True,0.18,1.1960956369593367,reject_valuation
600909,"Huaan Securities Co., Ltd. Class A",8.25,40997548530.0,12.929007992477668,1.5174255633787272,12.651832835302901,2.86996855376214,932568660.0,,45898718146.33,-6.956432416430782,75.4715807347511,66.77992681651857,1.96078431372549,140900694.2333331,Finance,Investment Banks/Brokers,SSE:600909,A,1162430727.4249983,1.021907905422316,11.73659699384201,1.1015976776966354,1.0,1.021907905422316,7.23401781682631,financial_special,True,0.18,1.2019079054223158,reject_valuation
002378,"Chongyi Zhangyuan Tungsten Co., Ltd. Class A",23.7,29083330149.0,32.99457051371293,9.87236736870168,34.1923039960293,11.1599458447814,-423431610.0,,4547021856.64,103.11413696906982,393.4555664211625,393.33791208791206,0.492206726825267,37142443.03333332,Non-Energy Minerals,Other Metals/Minerals,SZSE:002378,A,880275899.8899996,0.9649706705211949,29.92118768328446,1.1027159370463566,1.0,0.9649706705211949,12.49145513341493,cyclical,False,0.25,1.214970670521195,reject_valuation
688257,Shareate Tools Ltd. Class A,51.11,18747491693.0,26.06722089049829,6.326599072362875,26.9848743801172,13.0364171077622,-92517110.0,,2324249976.97,60.98777776518878,276.16076803800127,274.9665327978581,0.293902484939759,16435685.499999998,Producer Manufacturing,Industrial Machinery,SSE:688257,A,840027885.9049999,0.9659937831582033,24.27032440066893,1.074036772651454,1.0,0.9659937831582033,10.059524240173545,cyclical,False,0.25,1.2159937831582033,reject_valuation
603129,Zhejiang CFMoto Power Co. Ltd. Class A,296.54,45646241192.0,26.372942254159963,5.684215328519622,23.5205067395914,8.52030359862851,2664685800.0,,6872148977.7,34.043637736976095,-1.5170454719180757,-2.6695520450119083,1.39720558882236,1663589.9,Consumer Durables,Motor Vehicles,SSE:603129,A,493320948.946,1.121274407313986,21.55320886740658,1.2236202236244242,1.0,1.121274407313986,8.364181494752088,cyclical,True,0.1,1.221274407313986,reject_valuation
600426,"Shandong Hualu-Hengsheng Chemical Co., Ltd. Class A",20.83,56698648659.0,13.996774627066253,1.639544264940278,12.2560457622204,8.2012488441056,1274538400.0,,11189908553.44,-1.95864100626397,26.24980751642953,26.097271648873075,1.85985483931006,44093725.46666669,Process Industries,Chemicals: Specialty,SSE:600426,A,918472301.4706671,1.1420302190949463,11.713729117062517,1.1949033896198091,1.0,1.1420302190949463,4.424890830855022,cyclical,True,0.08,1.2220302190949464,reject_valuation
000429,"Guangdong Provincial Expressway Development Co., Ltd. Class A",13.04,25697361842.0,17.101639344262296,2.576963056942188,15.117087336125397,6.02977261473637,8491350.0,,11037724069.78,0.30801444930402017,-9.609632029453339,-9.613560929350411,4.58618071374336,9607846.8,Industrial Services,Engineering & Construction,SZSE:000429,A,125286322.272,1.131278728766381,15.06851480765658,1.1349253435098094,1.0,1.131278728766381,0.3213087772056533,cyclical,True,0.1,1.2312787287663811,reject_valuation
300009,"Anhui Anke Biotechnology (Group) Co., Ltd. Class A",8.32,14033886130.0,19.71096896470031,3.2624252524262327,17.0352395315354,13.911121532461202,716598720.0,,124636477.7,-3.0516558144156902,6.644004945114794,4.973887092762984,2.97619047619048,45241530.400000006,Health Technology,Pharmaceuticals: Major,SZSE:300009,A,376409532.92800003,1.1570702559369146,16.55131849818645,1.1909002274870166,1.0,1.1570702559369146,2.840705776124375,health_special,True,0.08,1.2370702559369147,reject_valuation
600060,"Hisense Visual Technology Co., Ltd. Class A",28.6,36704805761.0,14.343748432719796,1.6878633184809229,12.3789076401806,5.68054344092359,3943127570.0,,3380217019.0299997,-2.6720747249790633,5.094136914709235,5.119148038802191,3.28317039106145,10667195.666666668,Consumer Durables,Electronics/Appliances,SSE:600060,A,305081796.0666667,1.1587248931530545,11.767240107409483,1.2189560425207915,1.0,1.1587248931530545,4.941207661859526,stable_or_general,True,0.08,1.2387248931530546,reject_valuation
603369,"Jiangsu King's Luck Brewery Joint-stock Co., Ltd. Class A",30.9,37478808802.0,15.682095006090133,2.246682870897168,14.7391145477778,9.79079263611854,756371650.0,,2466712562.04,-13.629942865957753,-22.72668948282898,-22.72638142672262,3.99201596806387,17520534.266666677,Consumer Non-Durables,Beverages: Alcoholic,SSE:603369,A,541384508.8400003,1.0639780941559005,14.326420481604467,1.0946275816926072,1.0,1.0639780941559005,2.7999922575780323,stable_or_general,True,0.18,1.2439780941559004,reject_valuation
603766,"Loncin Motor Co., Ltd. Class A",14.77,29792945859.0,19.299621063635175,3.272550018833226,16.8400033126564,9.14968894194468,2066010720.0000002,,2733867373.82,1.7959561574963645,-2.5759893904819076,-2.148062907556583,4.80769230769231,18099709.93333335,Consumer Durables,Motor Vehicles,SSE:603766,A,267332715.71533355,1.1460580324904217,16.956550639221856,1.1381808408010536,1.0,1.1460580324904217,0.6920861261224598,cyclical,True,0.1,1.2460580324904218,reject_valuation
002841,Guangzhou Shiyuan Electronic Technology Co. Ltd. Class A,48.85,34560793084.0,15.781482199392647,2.343975670636151,15.8283719805755,7.675463065327611,-1232494380.0,,6407501792.67,23.3393770791436,144.57148248097647,144.8311318516175,1.45660530042484,9641200.9,Electronic Technology,Computer Processing Hardware,SZSE:002841,A,470972663.96500003,0.9970376118756624,14.852696603658428,1.0625331292033156,1.0,0.9970376118756624,6.164091784767356,technology_strict,False,0.25,1.2470376118756623,reject_valuation
603337,Jack Technology Co. Ltd. Class A,37.96,18335299660.0,19.801773604590505,3.187885363776687,17.2586018236595,10.2066956300408,1152004730.0,,1273366675.6499999,14.490812282634325,-0.3080138623887089,1.5844417359970344,1.16580310880829,5206432.700000008,Producer Manufacturing,Industrial Machinery,SSE:603337,A,197636185.2920003,1.1473567677680945,16.098989047312724,1.2300010607123095,1.0,1.1473567677680945,6.719042412561393,cyclical,True,0.1,1.2473567677680946,reject_valuation
600461,"Jiangxi Hongcheng Environment Co., Ltd. Class A",8.92,11478879537.0,11.644908616187989,1.1465266156128133,12.0226358257997,4.68242679291187,1055062750.0,,8016891121.280001,-9.16385654036818,-2.356481471006784,-9.882352941176467,5.20044543429844,10351932.766666664,Utilities,Water Utilities,SSE:600461,A,92339240.27866665,0.968581996902781,9.845733044388062,1.1827365787482358,1.0,0.968581996902781,18.106701500016854,stable_or_general,True,0.28,1.248581996902781,reject_valuation
000166,"Shenwan Hongyuan Group Co., Ltd. Class A",4.59,107918509570.30058,10.493827160493826,0.9995601064455294,9.80363095246509,1.45333537924561,15868099140.0,,410896141317.14996,-6.640537895043906,48.68801450086499,48.67437117607069,2.42290748898678,63727752.63333321,Finance,Investment Banks/Brokers,SZSE:000166,A,292510384.5869994,1.0704021001377237,9.525219837892692,1.1016887105059638,1.0,1.0704021001377237,2.839877550698633,financial_special,True,0.18,1.2504021001377237,reject_valuation
002287,"Tibet Cheezheng Tibetan Medicine Co., Ltd. Class A",19.9,11382264237.0,16.96215479031708,2.2128297422108947,14.4798977436341,9.75534178148582,392324820.0,,932915201.83,-11.356069122105527,7.5344187336677875,1.251402433761971,3.15947843530592,2288598.2333333334,Health Technology,Pharmaceuticals: Other,SZSE:002287,A,45543104.843333334,1.1714278022283875,13.045687706340814,1.3002116233452898,1.0,1.1714278022283875,9.904835397914447,health_special,True,0.08,1.2514278022283876,reject_valuation
601827,Chongqing Sanfeng Environment Group Corp. Ltd. Class A,8.04,13576097616.0,11.082012405237766,1.096437396697596,10.2249246273785,4.7806834378223,2303325040.0,,8289765833.089999,-0.447481978579632,2.811314777181014,2.8932066373564154,3.27586206896552,8429649.1,Industrial Services,Engineering & Construction,SSE:601827,A,67774378.76399998,1.0838233834569604,9.893847404279924,1.1200913004221047,1.0,1.0838233834569604,3.2379429204991372,cyclical,True,0.18,1.2638233834569603,reject_valuation
600398,HLA Group Corp. Ltd. Class A,5.9,28000151694.0,13.66689830901089,1.5898636759265,11.6626821046852,6.34596529739896,3991075450.0,,3275839433.9900002,6.481449023652407,-1.389360373822084,-1.393330287802661,7.03259005145798,31272975.666666668,Consumer Non-Durables,Apparel/Footwear,SSE:600398,A,184510556.43333334,1.1718486525085465,11.632951676228304,1.1748435555645704,1.0,1.1718486525085465,0.2549193074974698,stable_or_general,True,0.1,1.2718486525085466,reject_valuation
002130,"Shenzhen Woer Heat-Shrinkable Material Co., Ltd. Class A",17.17,23466848735.59,19.423076923076923,2.5923398395980293,15.265227367592102,8.56864971481883,200266710.0,,3372475431.21,17.988305277728898,16.86034654045363,11.714899532415014,0.96887844979448,32896445.366666753,Producer Manufacturing,Electrical Products,SZSE:002130,A,564831966.9456682,1.2723739028160097,13.34670016426708,1.455271841280891,1.0,1.2723739028160097,12.567956946373638,cyclical,True,0.0,1.2723739028160097,reject_valuation
601233,"Tongkun Group Co., Ltd. Class A",26.0,62995957700.0,11.918404767361906,1.4383219871856576,12.8637249569329,4.3961467044532,-672976890.0,,68009559783.13,5.339115194801705,318.29272944985667,318.6336595663021,0.453172205438066,42806656.566666655,Process Industries,Textiles,SSE:601233,A,1112973070.733333,0.9265127175265424,12.06807467325197,0.9875978637900049,1.0,0.9265127175265424,6.185224624630337,cyclical,False,0.35,1.2765127175265425,reject_valuation
000893,"Asia-Potash International Investment (Guangzhou) Co., Ltd. Class A",48.41,43652180640.0,20.394321102076926,3.0255436885133706,15.963270816893402,10.7335876672588,1512947510.0,,4096751362.96,51.51996011058163,41.19117967571443,41.174021648626145,0.232853513971211,15364131.833333334,Non-Energy Minerals,Other Metals/Minerals,SZSE:000893,A,743777622.0516666,1.2775778432885,14.835226303293096,1.3747226152896521,1.0,1.2775778432885,7.066499883009758,cyclical,True,0.0,1.2775778432885,reject_valuation
000686,"Northeast Securities Co., Ltd. Class A",8.11,18981070080.0,10.633276517634718,0.9288762544410821,8.97977919888845,1.55755908103601,8949199010.0,,58371568920.99,1.2867264137110028,52.29432736416173,52.29632587859425,3.0826140567201,18587777.600000028,Finance,Investment Banks/Brokers,SZSE:000686,A,150746876.3360002,1.1841356320822392,8.735560040224579,1.217240390847494,1.0,1.1841356320822392,2.719656611312904,financial_special,True,0.1,1.2841356320822392,reject_valuation
601555,Soochow Securities Co Ltd Class A,8.47,41664657493.0,10.414361244313293,0.974009919491813,9.40669703110075,1.9591051904097803,29913576360.0,,111912928656.42,-4.607839964659935,29.008432303155228,29.013324873096458,4.23167848699763,39738486.33333339,Finance,Investment Banks/Brokers,SSE:601555,A,336584979.2433338,1.1071220014720329,9.352565141944408,1.1135299339009077,1.0,1.1071220014720329,0.5754611738569615,financial_special,True,0.18,1.2871220014720328,reject_valuation
601000,Tangshan Port Group Co. Ltd. Class A,4.69,27496308428.0,13.09690030717677,1.303505568386794,10.1553040023767,8.52928226681092,2055537429.9999998,,145998274.22,13.822557477094804,20.57453036442732,20.57239057239057,4.31034482758621,44870104.13333331,Transportation,Other Transportation,SSE:601000,A,210440788.38533324,1.2896610780053095,9.952779190603643,1.315903835135966,1.0,1.2896610780053095,1.9942762100047307,stable_or_general,True,0.0,1.2896610780053095,reject_valuation
002216,"Sanquan Foods Co., Ltd. Class A",11.95,10380256786.0,17.576114134431535,2.3910520629076792,13.5818872424661,8.81998930397803,425047890.0,,543469984.5300001,5.2711791385418625,14.186682100016796,14.442013129102843,4.91109229466554,8368463.733333333,Consumer Non-Durables,Food: Specialty/Candy,SZSE:002216,A,100003141.61333333,1.2940848219882726,13.60398575373164,1.29198269188207,1.0,1.2940848219882726,0.16270574825891782,stable_or_general,True,0.0,1.2940848219882726,reject_valuation
301606,Ugreen Group Limited Class A,57.4,25495577923.0,27.663983806448503,6.675676115733428,26.446632030220602,18.5528762189657,-169505900.0,,152998501.35,57.268328154479256,62.42625476950526,62.431501487396254,1.10354975170131,4211930.233333333,Producer Manufacturing,Electrical Products,SZSE:301606,A,241764795.39333335,1.046030503046166,24.131289847622455,1.1463947423089822,1.0,1.046030503046166,8.754771420241337,cyclical,False,0.25,1.296030503046166,reject_valuation
600406,"NARI Technology Co., Ltd. Class A",22.71,180670100263.0,21.612105062809288,3.483038018947359,16.6625555862844,9.16629374145996,8714823030.0,,2201657004.48,13.442419395849015,6.956868259084676,6.8429079816980085,2.75343072155821,47512646.46666679,Producer Manufacturing,Electrical Products,SSE:600406,A,1079012201.2580028,1.2970462394495508,16.116144210963824,1.3410220695410853,1.0,1.2970462394495508,3.279277134237135,cyclical,True,0.0,1.2970462394495508,reject_valuation
301589,"Xi'an Novastar Tech Co., Ltd. Class A",144.0,12901663054.0,20.844189682126107,3.111991497347675,16.048638222545,10.7007050231727,642958090.0,,1235542400.94,15.1655954439695,11.140790328494719,12.633895818048432,1.0252808988764,688939.0666666679,Distribution Services,Electronics Distributors,SZSE:301589,A,99207225.60000019,1.2988136060568898,14.92977920852547,1.3961485559159028,1.0,1.2988136060568898,6.971675717929548,stable_or_general,True,0.0,1.2988136060568898,reject_valuation
000690,"Guangdong Baolihua New Energy Stock Co., Ltd Class A",4.95,10683608252.0,9.803921568627452,0.8292679657973034,8.65121723452761,4.98523106974636,1671609670.0,,7756088602.86,-1.1427316085417663,22.330927029327636,22.31104651162791,5.09164969450102,59558300.633333355,Utilities,Electric Utilities,SZSE:000690,A,294813588.1350001,1.133241866762901,8.458533251132495,1.159056928376421,1.0,1.133241866762901,2.227247081787531,stable_or_general,True,0.18,1.313241866762901,reject_valuation
000513,"Livzon Pharmaceutical Group, Inc. Class A",26.77,20861488809.315178,14.164770622784275,1.7783617813644692,12.3827073636357,7.010920208674351,2882163990.0,,4237099116.48,-8.928996256402527,-22.883628682176823,-21.697878687437864,5.3739195791056,7341460.099999994,Health Technology,Pharmaceuticals: Major,SZSE:000513,A,196530886.87699983,1.1439154788057062,12.55482230332727,1.128233461259769,1.0,1.1439154788057062,1.3899621030940557,health_special,True,0.18,1.3239154788057061,reject_valuation
000729,"Beijing Yanjing Brewery Co., Ltd. Class A",11.27,31708567200.0,16.08162100456621,1.8818304014961134,12.1180783230785,7.69541378508058,1558635970.0,,742852511.64,6.311742737932323,41.06757701463925,41.06280193236714,2.66666666666667,24752138.1,Consumer Non-Durables,Beverages: Alcoholic,SZSE:000729,A,278956596.387,1.327076833126195,11.701745744174591,1.3742924650855641,1.0,1.327076833126195,3.435632018576873,stable_or_general,True,0.0,1.327076833126195,reject_valuation
000977,"IEIT SYSTEMS Co., Ltd.Class A",77.72,126795714149.0,25.00482594427643,4.651817003791721,20.310725949886,4.22579375526082,3360946480.0,,21537589578.890003,10.5117236469951,83.12127165126431,83.51538052783847,0.0463231036479444,85724096.46666677,Electronic Technology,Computer Processing Hardware,SZSE:000977,A,6662476777.389341,1.2311143385998362,18.603676802863394,1.3440797864445702,1.0,1.2311143385998362,8.404668307939966,technology_strict,True,0.1,1.3311143385998363,reject_valuation
600549,Xiamen Tungsten Co. Ltd. Class A,48.79,79751003157.0,21.893650437514022,4.143876337693222,20.237343524918,5.97950573296561,-2311013640.0,,27876068212.64,66.88142480216392,110.14912730156021,102.02157555978606,1.15346632431365,61779600.30000003,Non-Energy Minerals,Other Metals/Minerals,SSE:600549,A,3014226698.637001,1.0818440874197066,18.92729743502633,1.1567235371383895,1.0,1.0818440874197066,6.47340935967523,cyclical,False,0.25,1.3318440874197066,reject_valuation
601811,"Xinhua Winshare Publishing & Media Co., Ltd. Class A",11.49,12086374278.921175,10.375654686653423,0.9255201922891039,8.97441714504509,5.79521543754741,1209530880.0,,348617508.62,-6.9668852395192395,-18.93905999424884,-18.94305372566243,5.2997393570808,2800083.8,Distribution Services,Wholesale Distributors,SSE:601811,A,32172962.862,1.1561368854334988,8.920113672245026,1.1631751643409343,1.0,1.1561368854334988,0.6050919176410874,stable_or_general,True,0.18,1.3361368854334987,reject_valuation
688016,"Shanghai MicroPort Endovascular MedTech Co., Ltd Class A",87.08,10662172989.0,18.42962962962963,2.471576725739848,13.780172240734402,11.936635402499,304359030.0,,17806806.85,26.162210065087198,38.1916451825642,39.179357271200914,2.65895953757225,1578256.299999998,Health Technology,Medical Specialties,SSE:688016,A,137434558.60399982,1.337401979283783,13.410886574553032,1.3742290285714287,1.0,1.337401979283783,2.679833457304348,health_special,True,0.0,1.337401979283783,reject_valuation
600362,Jiangxi Copper Company Limited Class A,45.86,141097340923.55557,13.663041859079398,1.8066192544012216,13.8370927543094,4.27778106476984,-8513342450.0,,150057026120.0,17.833726935169288,54.087800212003515,54.0880503144654,2.13310580204778,62167134.56666667,Non-Energy Minerals,Other Metals/Minerals,SSE:600362,A,2850984791.2273335,0.9874214259945757,13.222672323152421,1.0333041253057376,1.0,0.9874214259945757,4.440386734891422,cyclical,False,0.35,1.3374214259945756,reject_valuation
002078,"Shandong Sunpaper Co., Ltd. Class A",14.78,40878943212.0,12.072204525034714,1.3099469108119366,11.0572244669028,5.84193002887136,-758149710.0,,21949851421.980003,4.282666846377976,9.544661191077939,9.517845961177212,2.04081632653061,21539073.93333334,Process Industries,Pulp & Paper,SZSE:002078,A,318347512.73466676,1.0917933846029821,10.85093371385016,1.1125498361146302,1.0,1.0917933846029821,1.8656648752145788,cyclical,False,0.25,1.3417933846029821,reject_valuation
300850,"Luoyang Xinqianglian Slewing Bearing Co., Ltd. Class A",26.84,11159613864.0,14.008350730688935,1.5543111286128757,12.8250192672373,7.067970644095201,-342881110.0,,3811958393.0,33.68879979013497,177.18880819385564,138.96233474681964,1.09461966604824,15048914.866666682,Producer Manufacturing,Metal Fabrication,SZSE:300850,A,403912875.02133375,1.0922674218879784,11.095604032869858,1.262513576474998,1.0,1.0922674218879784,13.484698918038996,cyclical,False,0.25,1.3422674218879784,reject_valuation
002003,"Zhejiang Weixing Industrial Development Co., Ltd. Class A",12.23,13643320936.0,20.714769647696475,3.2063886573018094,15.420761881342601,9.77451621858522,377808410.0,,1454725580.27,8.613340500362542,5.286657220352766,3.1446540880503173,4.15282392026578,15051137.899999999,Producer Manufacturing,Miscellaneous Manufacturing,SZSE:002003,A,184075416.517,1.3433039046377488,15.478756036557552,1.338270956578976,1.0,1.3433039046377488,0.3760784043044918,cyclical,True,0.0,1.3433039046377488,reject_valuation
600377,Jiangsu Expressway Co. Ltd. Class A,12.42,58143062571.375374,13.387948690309367,1.5061921231730446,11.442319746522,4.71995895362115,785958590.0,,38820930628.42999,-10.896557709674198,1.1080661309121902,1.1117166212534046,3.91061452513967,10475002.833333334,Transportation,Other Transportation,SSE:600377,A,130099535.19000001,1.1700379806619858,11.25035775094713,1.1900020414179522,1.0,1.1700379806619858,1.6776492863976977,stable_or_general,True,0.18,1.3500379806619858,reject_valuation
600160,"Zhejiang Juhua Co., Ltd. Class A",37.92,104075209854.0,23.358383639275598,4.641001633896936,21.2255064995751,11.8621964854881,-2112362659.9999998,,10808678448.06,5.179587050944382,37.9869840293247,37.98555036124095,1.4526588845655,34183548.3333333,Process Industries,Chemicals: Specialty,SSE:600160,A,1296240152.7999988,1.1004865132308241,19.86867629870328,1.1756386428621854,1.0,1.1004865132308241,6.392451463520921,cyclical,False,0.25,1.3504865132308241,reject_valuation
300428,"Lizhong Sitong Light Alloys Group Co., Ltd. Class A",20.05,13814467829.0,12.692283344938913,1.5029230166101104,12.637385692629902,4.26929971902084,-1158961980.0,,14821771521.16,25.119385522898867,46.216017171446445,40.25570451922223,1.93548387096774,6914133.966666723,Producer Manufacturing,Metal Fabrication,SZSE:300428,A,138628386.0316678,1.0043440671705564,11.841234360792974,1.071871644307946,1.0,1.0043440671705564,6.299968610606244,cyclical,False,0.35,1.3543440671705564,reject_valuation
000538,Yunnan Baiyao Group Co. Ltd. Class A,51.02,90011366374.0,17.43319893391649,2.221774170721267,12.8330350197492,9.52171764241688,4649036920.0,,1993376419.46,2.4738000601193333,0.5439351449760038,0.5462603497440564,3.11798306086271,8699673.400000008,Health Technology,Pharmaceuticals: Major,SZSE:000538,A,443857336.86800045,1.3584626635155237,12.744500760550489,1.367899713096606,1.0,1.3584626635155237,0.6898933811250618,health_special,True,0.0,1.3584626635155237,reject_valuation
300159,"Xinjiang Machinery Research Institute Co., Ltd. Class A",3.06,10143282940.0,22.56637168141593,3.6011015134041,20.3089898576905,8.07942992945431,-248387810.0,,79497931.28,2.212864223854403,,,0.0,44117277.53333333,Producer Manufacturing,Trucks/Construction/Farm Machinery,SZSE:300159,A,134998869.252,1.1111518514482206,15.957822392731895,1.414126008301355,1.0,1.1111518514482206,21.424834496684365,cyclical,False,0.25,1.3611518514482206,reject_valuation
300438,"Guangzhou Great Power Energy & Technology Co., Ltd. Class A",54.82,33589818674.000004,25.197646626218052,4.392695081094985,19.6830135932365,4.99982962627899,794702560.0,,7969423954.16,119.38362454194822,,,0.107142857142857,19419731.366666675,Producer Manufacturing,Electrical Products,SZSE:300438,A,1064589673.5206671,1.2801721904452934,17.43295771329852,1.445402842169251,1.0,1.2801721904452934,11.43146027552987,cyclical,True,0.1,1.3801721904452935,reject_valuation
601216,"Inner Mongolia Junzheng Energy & Chemical Group Co., Ltd. Class A",4.82,40249343687.0,13.270925110132158,1.4806577560969616,11.0445167744846,7.16745183646859,3773608740.0,,6819075434.63,-2.6743994148378216,-4.530685017180111,-4.521556256572028,7.9664570230608,54787170.866666466,Process Industries,Chemicals: Specialty,SSE:601216,A,264074163.57733238,1.201584947635833,11.157155539718183,1.189454163553533,1.0,1.201584947635833,1.019861416606327,cyclical,True,0.18,1.3815849476358328,reject_valuation
000338,"Weichai Power Co., Ltd. Class A",26.85,227571124381.2236,17.962269199892965,2.4201311647996655,13.9935318864845,3.4845384987280106,28048806280.0,,99031438878.52,11.981143622157083,16.55732616785541,16.453723901526942,2.79602750190986,93690784.46666649,Producer Manufacturing,Auto Parts: OEM,SZSE:000338,A,2515597562.9299955,1.2836122678393742,13.473415512635157,1.3331637536932066,1.0,1.2836122678393742,3.7168341635873348,cyclical,True,0.1,1.3836122678393743,reject_valuation
603194,"Zhejiang E-P Equipment Co., Ltd. Class A",34.29,13750290367.0,16.382399312025225,2.457069359005134,15.7879430649515,9.23620765007833,-359717000.0,,2578441433.63,13.122739773250222,-3.6731323903978117,,1.89559638378536,1167621.9333333333,Producer Manufacturing,Electrical Products,SSE:603194,A,40037756.094,1.0376525456563996,14.998226524740874,1.0922890973143415,1.0,1.0376525456563996,5.0020229802054335,cyclical,False,0.35,1.3876525456563997,reject_valuation
000550,"Jiangling Motors Co., Ltd. Class A",17.19,11477357946.0,12.308463411141343,1.2279036277801947,10.2873958803536,3.7203507151625894,2080894220.0000002,,747669221.0,4.91072013886344,-13.158379485025293,-12.433381403222768,3.31233611442193,3983854.1666666665,Consumer Durables,Motor Vehicles,SZSE:000550,A,68482453.125,1.1964605575884841,9.976091952052473,1.233796106761928,1.0,1.1964605575884841,3.0260712421463443,cyclical,True,0.2,1.396460557588484,reject_valuation
600007,China World Trade Center Company Ltd. Class A,18.95,18936911976.0,15.861722608186154,2.0518051012530627,13.023294527452101,10.962620978879901,1474032730.0,,39481884.0,-3.6504585205010174,-0.3180775098606571,-0.317062995410914,5.69148936170213,2443331.1,Finance,Real Estate Development,SSE:600007,A,46301124.345,1.2179500797398741,12.935575485314166,1.2262092727296177,1.0,1.2179500797398741,0.6735549284632381,financial_special,True,0.18,1.397950079739874,reject_valuation
600761,"Anhui Heli Co., Ltd. Class A",16.38,14562826786.0,13.255644573925709,1.321675477836519,10.1637400616557,5.4796434687683,1156648030.0,,3141233693.26,21.99616390483073,-16.13831421618344,-16.138445877163218,3.6697247706422,11398419.566666638,Producer Manufacturing,Trucks/Construction/Farm Machinery,SSE:600761,A,186706112.50199953,1.3042093258499106,9.9706617091733,1.329464880122262,1.0,1.3042093258499106,1.899678182550324,cyclical,True,0.1,1.4042093258499107,reject_valuation
300059,"East Money Information Co., Ltd Class A",19.15,300037306156.0,20.767812601670098,3.0790256451483238,15.8504527397759,3.3854147928139304,15693791810.0,,167810184650.00998,28.532040347565648,31.108585039965547,30.887154009936125,0.526038926880589,226704162.4333332,Technology Services,Internet Software/Services,SZSE:300059,A,4341384710.5983305,1.3102346628594612,14.8259506391189,1.4007744330993077,1.0,1.3102346628594612,6.463551025808001,technology_strict,True,0.1,1.4102346628594613,reject_valuation
301500,"Guangdong Feinan Resources Recycling Co., Ltd. Class A",24.92,14082517056.0,18.001878205591275,2.5901727266868866,15.4621848909863,5.50425259003969,-1412335980.0,,8094148704.469999,34.804810492300604,280.7200677177887,282.1921590281612,0.219473264166002,13466979.1,Commercial Services,Miscellaneous Commercial Services,SZSE:301500,A,335597119.172,1.1642519044048873,14.388347133036342,1.2511428893912415,1.0,1.1642519044048873,6.944928970393782,financial_special,False,0.25,1.4142519044048873,reject_valuation
002768,"Qingdao Gon Technology Co., Ltd. Class A",60.17,22090877729.861584,21.77705392689106,3.6887700646224455,18.6159577284444,5.47918779533349,-1156005390.0,,12124925029.19,17.12812920310205,53.85307055532963,45.07744814912049,0.544812126929157,10291801.066666663,Process Industries,Chemicals: Specialty,SZSE:002768,A,619257670.1813331,1.1698057249891924,16.938792901033434,1.2856319841753567,1.0,1.1698057249891924,9.009285752987761,cyclical,False,0.25,1.4198057249891924,reject_valuation
300760,"Shenzhen Mindray Bio-Medical Electronics Co., Ltd. Class A",169.91,202671233092.0,26.183101413095404,5.076823141540909,19.7590644233314,13.1425428389637,9023962630.0,,311080233.0,4.3650340471944595,-14.305171297028336,-14.29307270686126,2.51684857159897,9982017.1,Health Technology,Medical Specialties,SZSE:300760,A,1696044525.461,1.325118479910341,19.389693609794254,1.3503617921981819,1.0,1.325118479910341,1.8693740028550843,health_special,True,0.1,1.4251184799103411,reject_valuation
002236,Zhejiang Dahua Technology Co. Ltd. Class A,16.31,52558693691.0,14.127327847553051,1.363813862402804,9.8837103035324,7.11348765869798,1562333390.0,,6215660880.780001,5.448451266171067,5.421083099128573,5.107428987618357,3.40699815837937,38559865.733333334,Electronic Technology,Telecommunications Equipment,SZSE:002236,A,628911410.1106666,1.4293547072604909,9.653728412900291,1.4634063900818552,1.0,1.4293547072604909,2.326878101130858,technology_strict,True,0.0,1.4293547072604909,reject_valuation
600642,"Shenergy Co., Ltd. Class A",8.57,41877904477.0,11.587344510546242,1.142151936860455,10.0247811385125,3.3039448451505202,4910739640.0,,55994724162.69,-3.818232883918684,-5.487982049605493,-5.057766367137354,5.32407407407407,24000084.40000011,Utilities,Electric Utilities,SSE:600642,A,205680723.30800095,1.155870073415448,9.856891161050086,1.1755577211133377,1.0,1.155870073415448,1.6747495545556212,stable_or_general,True,0.28,1.435870073415448,reject_valuation
002315,"Focus Technology Co., Ltd. Class A",26.46,10565080956.0,23.26358361174609,3.945102541355738,17.295524288877,10.4038157275032,938211490.0,,11225421.75,14.834549798332267,-8.428994396784567,-8.444015133220638,3.45960109503324,9297948.233333338,Commercial Services,Miscellaneous Commercial Services,SZSE:002315,A,246023710.25400013,1.3450637993499412,16.958275247687137,1.3718130689569332,1.0,1.3450637993499412,1.9499208902661214,financial_special,True,0.1,1.4450637993499413,reject_valuation
688213,Smartsens Technology (Shanghai) Co. Ltd. Class A,92.97,37489568861.0,32.96107211231652,6.921783179999866,22.6273126758124,10.7101371175444,1963033910.0,,3973357431.59,34.9001955111628,77.05686710697884,76.59654395191588,1.07682417229187,7139982.9,Electronic Technology,Semiconductors,SSE:688213,A,663804210.213,1.456694066350639,20.99987268743425,1.5695843781014693,1.0,1.456694066350639,7.192369733405457,technology_strict,True,0.0,1.456694066350639,reject_valuation
600839,"Sichuan Changhong Electric Co., Ltd. Class A",6.95,32129059395.0,14.96554694229113,1.9175746405582212,13.516460840922202,2.02266038786638,-895934620.0,,42450999008.03,1.400660067953079,130.96893134129326,131.96803196803197,0.862068965517241,75538311.90000032,Electronic Technology,Computer Peripherals,SSE:600839,A,524991267.70500225,1.107208988981916,12.813261339212055,1.1679732853409068,1.0,1.107208988981916,5.20254162673377,technology_strict,False,0.35,1.457208988981916,reject_valuation
603288,Foshan Haitian Flavouring and Food Company Ltd. Class A,34.4,189328797044.5512,27.465069860279442,5.139521576279315,18.6881630191231,15.554758865937202,7066021520.0,,2536590713.9900002,6.4870112389631585,7.4875711547517225,2.554654875951846,3.10668229777257,17567535.76666667,Consumer Non-Durables,Food: Specialty/Candy,SSE:603288,A,604323230.3733335,1.4696505928472032,18.712938297354192,1.4677048266739974,1.0,1.4696505928472032,0.1325720361372129,stable_or_general,True,0.0,1.4696505928472032,reject_valuation
600079,"Humanwell Healthcare (Group) Co.,Ltd. Class A",18.73,30411289493.0,15.057480504863735,1.5832829663943329,10.7864197409032,5.4324169257454,2088595330.0,,8449645192.68,-2.5444013246988377,47.8334620262786,47.8369384359401,2.54102699841186,9267269.33333335,Health Technology,Pharmaceuticals: Major,SSE:600079,A,173575954.61333367,1.3959664899525686,10.514926224761936,1.4320100952686088,1.0,1.3959664899525686,2.516993800192402,health_special,True,0.08,1.4759664899525686,reject_valuation
002318,"Zhejiang Jiuli Hi-Tech Metals Co., Ltd. Class A",19.78,19121742731.0,17.659137577002053,2.3822140861354657,13.6233415891645,7.62416343777883,999551510.0,,1775237286.0,-19.31802369725986,-35.80602592389665,-35.68557648139642,5.03524672708963,10072751.933333334,Non-Energy Minerals,Steel,SZSE:002318,A,199239033.24133334,1.296241268078272,13.489979766836882,1.3090558979498566,1.0,1.296241268078272,0.9789215182983257,cyclical,True,0.18,1.476241268078272,reject_valuation
688188,Shanghai BOCHU Electronic Technology Corporation Limited Class A,96.0,39128173769.0,30.882069098629607,6.14108372216202,20.8997915200407,19.6061153888116,1077947510.0,,25495674.189999998,21.636818366274102,22.094012963982486,22.001569858712717,1.51262852404643,2571190.9999999977,Producer Manufacturing,Industrial Machinery,SSE:688188,A,246834335.99999976,1.4776257011471599,19.88559672782589,1.5529867934723005,1.0,1.4776257011471599,4.852655067120171,cyclical,True,0.0,1.4776257011471599,reject_valuation
603713,"Milkyway Intelligent Supply Chain Service Group Co., Ltd. Class A",63.29,10515152713.0,15.847062947568732,2.0407998748885525,14.0506176618482,4.31448360337311,-700517910.0,,7295920921.68,8.533104361103556,8.250595394130732,13.586075481357188,1.63907556138338,2844037.8,Transportation,Airlines,SSE:603713,A,179999152.362,1.127855253694536,12.878095339437353,1.2305439997046252,1.0,1.127855253694536,8.344987748080367,cyclical,False,0.35,1.477855253694536,reject_valuation
600301,"Guangxi Huaxi Nonferrous Metal Co., Ltd. Class A",44.97,28636331236.0,29.856592749966804,5.586272948501196,20.1140339439104,11.3507803279091,1399524600.0,,859264211.0100001,17.23814054102523,37.91521648922109,37.91777309770166,0.861497680583168,11089668.133333333,Process Industries,Chemicals: Specialty,SSE:600301,A,498702375.956,1.4843662307234995,18.710349822175896,1.595726057167576,1.0,1.4843662307234995,6.9786305703211315,cyclical,True,0.0,1.4843662307234995,reject_valuation
002074,"Gotion High-tech Co., Ltd Class A",25.95,46858629932.0,13.726527373710658,1.5503894494653696,12.0614621660985,2.65061322861567,-12229945840.0,,73788526524.9,40.932528935192195,161.28803252633878,158.3003142505807,0.382555470543229,24995931.800000053,Producer Manufacturing,Electrical Products,SZSE:002074,A,648644430.2100013,1.1380483713071043,11.294841056702433,1.2152917694725103,1.0,1.1380483713071043,6.355955014731396,cyclical,False,0.35,1.4880483713071042,reject_valuation
603730,"Shanghai Daimay Automotive Interior Co., Ltd. Class A",10.84,23140355671.0,27.76639344262295,5.002838326172136,18.5918762046556,11.6183091924551,844036100.0,,1475953455.17,0.027541690552369148,34.54714938886778,34.57428472940365,2.32126276694522,17142624.466666657,Producer Manufacturing,Auto Parts: OEM,SSE:603730,A,185826049.21866655,1.4934691441023018,18.017602237431753,1.5410703975325852,1.0,1.4934691441023018,3.0888435405999615,cyclical,True,0.0,1.4934691441023018,reject_valuation
603296,"Huaqin Co., Ltd. Class A",75.98,109992461937.23192,21.331311940256604,3.586555749983361,18.542837024415,4.45386438925896,-1651408520.0,,42509238597.01,17.353354260057376,46.56487958613484,43.168937658266024,0.768283347973397,25555747.166666675,Electronic Technology,Telecommunications Equipment,SSE:603296,A,1941725669.723334,1.1503801663235282,16.8135732111947,1.2686959322872509,1.0,1.1503801663235282,9.325777986094641,technology_strict,False,0.35,1.500380166323528,reject_valuation
603659,"Shanghai Putailai New Energy Technology Co., Ltd. Class A",22.45,48668679154.0,17.141330075589828,2.2147443770649162,13.609389541080702,5.56693357149525,-52631850.0,,18275516848.030003,31.91423543976374,98.5116396920652,100.50520514390693,1.01232394366197,26607415.600000005,Producer Manufacturing,Electrical Products,SSE:603659,A,597336480.2200001,1.2595223337422863,12.920493143171141,1.326677696094713,1.0,1.2595223337422863,5.061919903387935,cyclical,False,0.25,1.5095223337422863,reject_valuation
000786,Beijing New Building Materials (Group) Co Ltd Class A,16.28,28189026620.0,11.692882281117575,1.0055813470836905,8.79308265618236,6.415068602004001,2891688290.0,,2231508875.83,-4.738095997899639,-30.044726791462644,-30.045721750489868,4.13647342995169,24303894.633333318,Non-Energy Minerals,Construction Materials,SZSE:000786,A,395667404.63066643,1.3297819136155151,8.599944161822005,1.359646302475561,1.0,1.3297819136155151,2.1964821884684738,cyclical,True,0.18,1.509781913615515,reject_valuation
600801,"Huaxin Building Materials Group Co., Ltd. Class A",24.8,41589946482.7991,15.376984126984127,1.5527376706054863,10.8728484331225,4.50105290945355,5274183900.0,,26885256381.0,14.024702344863845,24.14399552836559,23.785401795993558,2.30221850146505,12993320.833333246,Non-Energy Minerals,Construction Materials,SSE:600801,A,322234356.66666454,1.4142553555828528,10.097803690131164,1.5228048196275037,1.0,1.4142553555828528,7.12825850335852,cyclical,True,0.1,1.5142553555828528,reject_valuation
000100,TCL Technology Group Corporation Class A,4.8,106929294851.0,15.574302401038288,1.5706703490160403,10.9958941267549,1.66626494536461,19803161000.0,,172505182000.0,9.931325871601723,162.66337573942903,135.98774885145482,1.84426229508197,496058596.2666659,Electronic Technology,Telecommunications Equipment,SZSE:000100,A,2381081262.079996,1.4163743504171558,10.08501253264049,1.5443017398968542,1.0,1.4163743504171558,8.283833798454621,technology_strict,True,0.1,1.5163743504171558,reject_valuation
688187,"Zhuzhou CRRC Times Electric Co., Ltd. Class A",46.33,52004946962.41102,15.12618759998694,1.4538468731779843,9.96246885113901,5.88437676310308,339829070.0,,7135225132.0,10.134707766838073,6.984017608910021,10.542081709253646,2.42844752818734,5984233.766666667,Producer Manufacturing,Electrical Products,SSE:688187,A,277249550.40966666,1.5183171788042842,9.611456049766563,1.573766505477005,1.0,1.5183171788042842,3.523351556901644,cyclical,True,0.0,1.5183171788042842,reject_valuation
601326,"Qinhuangdao Port Co., Ltd. Class A",3.58,18794997346.816856,12.23931623931624,0.9615410441046521,8.0301514131532,5.76094284406758,2138820980.0,,3688961388.53,5.180183494176847,5.9639982704186485,5.939876856211507,3.2033426183844,23498447.833333332,Transportation,Other Transportation,SSE:601326,A,84124443.24333332,1.5241700448223836,7.856166351972366,1.5579247804806784,1.0,1.5241700448223836,2.166647329910254,stable_or_general,True,0.0,1.5241700448223836,reject_valuation
601882,"Ningbo Haitian Precision Machinery Co., Ltd. Class A",22.63,11755440239.0,24.87359859309738,3.84157696479771,16.2943846595762,8.89571452989359,238076630.0,,539373401.91,11.19551379802291,1.8172303317377823,1.812891674127138,1.33214920071048,8543498.6,Producer Manufacturing,Industrial Machinery,SSE:601882,A,193339373.318,1.526513526761453,15.444395592456726,1.6105258664344246,1.0,1.526513526761453,5.216453918804065,cyclical,True,0.0,1.526513526761453,reject_valuation
002603,"Shijiazhuang Yiling Pharmaceutical Co., Ltd. Class A",15.87,26263488112.0,19.278425655976676,2.4300908642670986,12.626326791624502,9.86428680717612,1876618350.0,,22293317.09,32.22644550376047,,,5.08905852417303,25040137.2666666,Health Technology,Pharmaceuticals: Other,SZSE:002603,A,397386978.4219989,1.526843552692201,12.605235031283401,1.5293983498230612,1.0,1.526843552692201,0.16704589299155748,health_special,True,0.0,1.526843552692201,reject_valuation
300012,"Centre Testing International Group Co., Ltd. Class A",14.79,24734984835.0,22.307692307692307,3.074824897142013,14.5358430721708,11.0701406781291,835643440.0,,462450753.18,13.737660145259792,16.922571581779078,16.869381279746168,1.36054421768707,33823899.466666676,Commercial Services,Miscellaneous Commercial Services,SZSE:300012,A,500255473.1120001,1.534667937520658,13.783697814774543,1.6184113006149206,1.0,1.534667937520658,5.174417841894952,financial_special,True,0.0,1.534667937520658,reject_valuation
601339,"Bros Eastern Co., Ltd. Class A",7.52,11154918278.0,13.657827824191791,1.2244545722468902,8.87305645845504,5.8712157340649,1917813400.0,,3509540237.84,13.268803800221649,45.50715925992231,44.971037388098985,5.68031704095112,11422806.166666666,Process Industries,Textiles,SSE:601339,A,85899502.37333332,1.5392472580491017,8.965221907967257,1.5234232866064683,1.0,1.5392472580491017,1.038711406196402,cyclical,True,0.0,1.5392472580491017,reject_valuation
600120,"Zhejiang Orient Holdings Group Co., Ltd Class A",4.92,16701215528.0,11.72265904217298,0.9827872405451672,8.59841060862921,2.34876331554854,2125389980.0,,19091982819.57,-81.27296069967208,397.44295470807697,403.84153661464586,1.71779141104294,37633327.90000011,Finance,Investment Managers,SSE:600120,A,185155973.26800054,1.363351853702861,8.383654570260298,1.3982755305493237,1.0,1.363351853702861,2.497624830260936,financial_special,True,0.18,1.543351853702861,reject_valuation
600795,"GD Power Development Co., Ltd Class A",5.37,96312345060.0,14.760857614073666,1.5896792222709026,10.9750514751588,1.25051905688142,10450464510.0,,325364595330.91,0.3566593938378759,-4.5969330235327375,-4.589562024652494,4.46296296296296,125816467.36666851,Utilities,Electric Utilities,SSE:600795,A,675634429.75901,1.3449465496798583,10.769558678997289,1.370609330803887,1.0,1.3449465496798583,1.8723629372183637,stable_or_general,True,0.2,1.5449465496798582,reject_valuation
603588,"Beijing GeoEnviron Engineering & Technology, Inc. Class A",14.71,22774049310.0,16.32630410654828,2.1222080196668522,13.658352159725501,4.72863321832842,-188098100.0,,14992274219.84,34.542674799257036,138.78735469257327,141.4255091103966,0.665335994677312,61403039.39999998,Industrial Services,Environmental Services,SSE:603588,A,903238709.5739998,1.195334833633137,12.998704457646728,1.2559947154536644,1.0,1.195334833633137,4.829628745580905,cyclical,False,0.35,1.5453348336331372,reject_valuation
301035,"Shandong Weifang Rainbow Chemical Co., Ltd. Class A",56.48,20361265029.0,20.78074984362927,2.6689222714191883,13.4254743273236,5.60775701003147,588710290.0,,7442406606.37,10.279015499619666,20.255593038775714,19.368439544995404,1.75311313999284,1844244.0333333337,Process Industries,Chemicals: Agricultural,SZSE:301035,A,104162903.00266668,1.5478596388461427,12.843243345414685,1.6180297518888362,1.0,1.5478596388461427,4.336762841398878,cyclical,True,0.0,1.5478596388461427,reject_valuation
688100,"Willfar Information Technology Co., Ltd. Class A",25.97,12621558625.0,22.38407171177383,3.512644573660711,16.292214023524,10.4006949525311,169500560.0,,360839799.46,-7.392776803900321,-15.126008264095189,-15.431153874189082,2.99961044020257,4059604.1,Electronic Technology,Computer Processing Hardware,SSE:688100,A,105427918.477,1.373912206128272,15.692607756492711,1.4264086670051745,1.0,1.373912206128272,3.68032402573113,technology_strict,True,0.18,1.553912206128272,reject_valuation
000997,"Newland Digital Technology Co., Ltd. Class A",21.6,20966262997.0,19.551049963794352,2.806025680331319,14.9926857614988,7.730362614370441,-951879300.0,,1624513361.3200002,27.64422138902431,2.8109856302350833,3.9420453476338366,1.18539592223803,27123074.066666685,Electronic Technology,Computer Peripherals,SZSE:000997,A,585858399.8400004,1.3040392011684407,14.35230172050945,1.3622240073071963,1.0,1.3040392011684407,4.27130969845213,technology_strict,False,0.25,1.5540392011684407,reject_valuation
600820,"Shanghai Tunnel Engineering Co., Ltd. Class A",5.45,17041000274.000002,8.376882877343991,0.5414066838393582,6.565603078463381,1.15039344261653,3884741900.0,,56640517114.04,-10.559184717127385,-26.47503773280599,-26.47756808678948,3.690036900369,19296705.56666689,Industrial Services,Engineering & Construction,SSE:600820,A,105167045.33833456,1.2758740937023754,6.463104376254796,1.2961082460806832,1.0,1.2758740937023754,1.5611467976917925,cyclical,True,0.28,1.5558740937023754,reject_valuation
600345,"Wuhan Yangtze Communication Industry Group Co., Ltd. Class A",46.59,16085071282.0,22.89659917436603,3.66325423408973,17.4931815606621,13.865325075034002,-38528010.0,,163679784.32000002,9.157532034099136,376.1605039991604,376.19939152820035,0.225409836065574,9248494.433333334,Electronic Technology,Telecommunications Equipment,SSE:600345,A,430887355.64900005,1.3088870709405371,15.99911937223821,1.4311162159397584,1.0,1.3088870709405371,8.540825939768848,technology_strict,False,0.25,1.5588870709405371,reject_valuation
002508,"Hangzhou Robam Appliances Co., Ltd. Class A",16.05,14852866171.0,13.511238319723883,1.3062969208831707,9.74316013785225,6.69505072790138,619690940.0,,1024003476.4699999,-14.032852532244815,-26.620466804148162,-26.641141233866488,6.32911392405063,10112528.9,Consumer Durables,Electronics/Appliances,SZSE:002508,A,162306088.845,1.3867408652386428,9.668224998860552,1.3974890242331193,1.0,1.3867408652386428,0.769105074036236,stable_or_general,True,0.18,1.5667408652386428,reject_valuation
603132,Jinhui Mining Co. Ltd. Class A,19.74,19951199627.0,27.65868011769651,5.693798259555283,21.0011720306197,8.38620374574138,-265675439.99999997,,5167937780.389999,24.926379846823153,35.373687113635164,35.37556904400607,2.74509803921569,9961172.166666666,Non-Energy Minerals,Other Metals/Minerals,SSE:603132,A,196633538.56999996,1.317006502178553,20.58593626061097,1.3435716387900458,1.0,1.317006502178553,1.9772028408858056,cyclical,False,0.25,1.567006502178553,reject_valuation
002028,"Sieyuan Electric Co., Ltd. Class A",147.2,112674900854.0,35.04344720866563,7.0011690810870455,22.2673587756557,11.3611690547402,2413967250.0,,3981814532.91,34.00269838346021,35.30215658820864,33.07882397668229,0.486102930962634,11993285.19999997,Electronic Technology,Electronic Equipment/Instruments,SZSE:002028,A,1765411581.4399953,1.573758592643582,19.978539894773192,1.7540544701083858,1.0,1.573758592643582,10.278807217067953,technology_strict,True,0.0,1.573758592643582,reject_valuation
601921,"Zhejiang Publishing & Media Co., Ltd. Class A",7.53,16466665926.000002,13.327433628318586,1.1507638137504814,8.89071892711142,5.82374842288125,623623620.0,,139973798.41,-8.855259737123603,0.266760265266547,0.26619343389528766,4.31848852901485,9031602.533333333,Consumer Services,Publishing: Books/Magazines,SSE:601921,A,68007967.076,1.4990276644195575,8.634549200119814,1.5435008035084974,1.0,1.4990276644195575,2.881316225287933,stable_or_general,True,0.08,1.5790276644195576,reject_valuation
603868,"Shanghai Flyco Electrical Appliance Co., Ltd. Class A",31.69,13730112392.0,25.07715438790852,3.9801107498156894,16.6704064036204,13.842752674422302,895230020.0,,526945.2999999999,-4.545864545796185,18.77734778783105,18.779960522605503,1.58629441624365,960563.9666666667,Consumer Durables,Electronics/Appliances,SSE:603868,A,30440272.103666667,1.5042917239535554,15.871460885270075,1.5800155114380197,1.0,1.5042917239535554,4.792597726812553,stable_or_general,True,0.08,1.5842917239535554,reject_valuation
603733,"Xianhe Co., Ltd. Class A",18.82,15519638743.0,15.426229508196721,1.4984064503133356,12.4582575849673,4.20496115917719,-210084730.0,,13328357473.0,8.533449707602013,16.23203506664551,17.59036144578312,3.68615060558189,10427299.133333333,Process Industries,Pulp & Paper,SSE:603733,A,196241769.68933332,1.238233308549561,9.713368062605046,1.5881442367643108,1.0,1.238233308549561,22.032692000800846,cyclical,False,0.35,1.5882333085495608,reject_valuation
601139,Shenzhen Gas Corporation Ltd. Class A,6.45,18612535566.0,13.4375,1.1058760595835733,9.52291695183736,3.2812397516377603,2373822890.0,,17559341779.51,-2.808206035098892,14.138332790915006,11.757857974388822,2.47295208655332,20112622.79999997,Utilities,Gas Distributors,SSE:601139,A,129726417.05999982,1.4110697455370917,8.229775327133568,1.6327906250000002,1.0,1.4110697455370917,13.57925970838474,cyclical,True,0.18,1.5910697455370917,reject_valuation
601901,"Founder Securities Co., Ltd. Class A",6.92,56719178667.0,12.536231884057969,1.0790817201685363,8.84716499153404,1.55670859477959,1054476410.0,,148820393461.31003,-5.372030740034408,40.23557406819609,40.243902439024396,2.1044992743106,45850407.8,Finance,Investment Banks/Brokers,SSE:601901,A,317284821.97599995,1.4169772911496554,8.607703894986013,1.4563967391304344,1.0,1.4169772911496554,2.7066421478199043,financial_special,True,0.18,1.5969772911496554,reject_valuation
600267,"Zhejiang Hisun Pharmaceutical Co., Ltd. Class A",11.64,13592820773.0,15.370394823715834,1.4995806585014242,10.1292786076267,6.01989723231454,1171079440.0,,1960092418.5700002,-0.19313455882999359,88.83652907649005,89.84707946853848,1.78117048346056,51399849.13333333,Health Technology,Pharmaceuticals: Major,SSE:600267,A,598294243.9120001,1.517422456140451,9.756292377002822,1.5754340101518864,1.0,1.517422456140451,3.6822585800240892,health_special,True,0.08,1.597422456140451,reject_valuation
000973,"FSPG Hi-Tech Co., Ltd Class A",12.19,29941325130.0,21.0644548125108,3.161790834178466,15.542290893132302,7.405945105651221,-459032750.0,,8383994091.2,124.69737229294631,685.3403798405789,357.8322784810126,0.0985221674876847,48012913.76666681,Process Industries,Industrial Specialties,SZSE:000973,A,585277418.8156683,1.3552992256642542,15.010076749295148,1.4033542375790955,1.0,1.3552992256642542,3.424296633595536,cyclical,False,0.25,1.6052992256642542,reject_valuation
600486,Jiangsu Yangnong Chemical Co. Ltd. Class A,55.86,22258486311.0,17.68169156748544,1.8733430924246313,11.0043277122988,6.858024628222361,1072242559.9999999,,3010917027.87,11.841288796225669,2.0157362914704287,2.5081929978260065,1.73202614379085,5595389.499999999,Process Industries,Chemicals: Agricultural,SSE:600486,A,312558457.46999997,1.6067943476205093,10.594818291421221,1.6688999359057024,1.0,1.6067943476205093,3.721348832785998,cyclical,True,0.0,1.6067943476205093,reject_valuation
603568,"Zhejiang Weiming Environment Protection Co., Ltd. Class A",14.43,29780131450.0,17.12962962962963,2.004506319126296,12.0053080275558,5.84683505877439,1376349340.0,,8306119973.13,-22.418448699704893,-36.49317360841835,-35.670103092783506,2.86568088033012,9328224.900000004,Industrial Services,Engineering & Construction,SSE:603568,A,134606285.30700007,1.4268379945197547,11.70198283598054,1.4638228298336324,1.0,1.4268379945197547,2.526592327985566,cyclical,True,0.18,1.6068379945197546,reject_valuation
600219,"Shandong Nanshan Aluminium Co., Ltd. Class A",4.92,56614649620.0,12.93035479632063,1.1282230029076967,8.58087559280692,5.92722811638685,1045034900.0000001,,6706972453.45,2.671678044108123,-17.2600452538445,-16.060004412089118,3.56997971602434,210560599.83333328,Non-Energy Minerals,Aluminum,SSE:600219,A,1035958151.1799997,1.5068805807136676,8.725383183056476,1.4819240055187082,1.0,1.5068805807136676,1.6840657889352517,cyclical,True,0.1,1.6068805807136677,reject_valuation
601598,Sinotrans Ltd. Class A,6.51,41386879860.27079,12.392918332381496,1.1302672014167405,9.32626849010656,4.69303222364733,3066611620.0,,10803161264.689999,-7.0529775639727745,-3.0558122596425688,-3.0096011816838963,4.6656298600311,18160332.733333334,Transportation,Air Freight/Couriers,SSE:601598,A,118223766.094,1.328818524314208,9.120266680556279,1.3588328901393052,1.0,1.328818524314208,2.2088342166945996,stable_or_general,True,0.28,1.6088185243142081,reject_valuation
600150,China CSSC Holdings Limited Class A,37.47,258279330399.0,19.335363021827753,1.8506564224494946,13.6746489765067,4.63128316844693,12640098540.0,,32176731740.17,106.13140855180609,172.44058420624765,68.3666377063423,1.06351981351981,84118771.5,Producer Manufacturing,Trucks/Construction/Farm Machinery,SSE:600150,A,3151930368.105,1.413956808328043,9.571355967613759,2.0201278781451766,1.0,1.413956808328043,30.00656920658421,cyclical,True,0.2,1.613956808328043,reject_valuation
002831,"Shenzhen YUTO Packaging Technology Co., Ltd. Class A",27.53,35995970356.0,21.828417380272754,3.1138729657462663,14.214734281549802,7.1799102915284,1877393350.0,,6869950169.76,-0.44232439645992383,10.105906853655558,11.295446523120377,2.56164638511095,10619751.633333346,Process Industries,Containers/Packaging,SZSE:002831,A,292361762.465667,1.5356190940976808,14.265225515434768,1.5301838275640804,1.0,1.5356190940976808,0.35520350141544643,cyclical,True,0.08,1.615619094097681,reject_valuation
600763,Topchoice Medical Corp. Class A,35.51,15569290777.0,24.98416942235981,3.839695159994507,15.4264833248697,10.4203725894796,655775700.0,,1161897032.6599998,4.778827399141551,24.655574243216364,23.979413817166776,1.2846131886954,9419940.633333335,Health Services,Hospital/Nursing Management,SSE:600763,A,334502091.8896667,1.6195635062258,15.368512337088687,1.6256726008584284,1.0,1.6195635062258,0.3757887430348772,stable_or_general,True,0.0,1.6195635062258,reject_valuation
300001,"Qingdao TGOOD Electric Co., Ltd. Class A",34.38,36554667808.0,26.50936849410132,4.108680453890878,16.3648033076996,5.38622938384908,2129298899.9999998,,6472282917.04,5.675173577681757,27.905195107822866,29.689999999999994,0.584795321637427,17690545.633333337,Producer Manufacturing,Electrical Products,SZSE:300001,A,608200958.8740002,1.6199014430945669,15.498975220043864,1.7103949208085962,1.0,1.6199014430945669,5.290794343054306,cyclical,True,0.0,1.6199014430945669,reject_valuation
002262,"Jiangsu Nhwa Pharmaceutical Co., Ltd. Class A",22.56,22893154830.0,20.78879469222263,2.7149223250614045,13.664569864345802,11.9688474657396,464240310.0,,415126012.02000004,2.943305741717183,-9.679248717559545,-9.769684875696361,1.76991150442478,11891185.26666667,Health Technology,Pharmaceuticals: Major,SZSE:002262,A,268265139.61600006,1.5213647336580765,13.05954657427587,1.5918465908434751,1.0,1.5213647336580765,4.427678998140916,health_special,True,0.1,1.6213647336580765,reject_valuation
605020,Zhejiang Yonghe Refrigerant Co. Ltd. Class A,32.96,17020479780.999998,20.523038605230386,2.7857130783143735,14.9003916885378,9.51541428891039,-74318730.0,,1992053163.3,20.91467067218921,95.88314733809798,70.39787798408489,1.35054021608643,12755415.033333302,Process Industries,Chemicals: Specialty,SSE:605020,A,420418479.49866563,1.377348933787951,13.573589817272099,1.5119831143796068,1.0,1.377348933787951,8.904476466121025,cyclical,False,0.25,1.627348933787951,reject_valuation
600268,"Guodian Nanjing Automation Co., Ltd. Class A",10.58,10755062989.0,21.000396982929733,2.8738754400452,14.471243745609502,4.46909162651414,514254150.0,,202823509.39,-5.522523364553988,15.48812341329243,13.775971093044262,1.88857412653447,15892810.600000005,Producer Manufacturing,Electrical Products,SSE:600268,A,168145936.14800006,1.4511812082013436,13.684862445130166,1.5345712875910449,1.0,1.4511812082013436,5.434096158582912,cyclical,True,0.18,1.6311812082013435,reject_valuation
600886,"SDIC Power Holdings Co., Ltd. Class A",14.25,113984001684.0,15.987882867721307,1.7189675097046273,10.9806289439015,2.25510948366041,8880122830.0,,169770050866.84,-8.753831352806754,6.578655464708777,3.279258400926998,3.56811797752809,30069332.233333312,Utilities,Electric Utilities,SSE:600886,A,428487984.3249997,1.4560079344636057,10.751689413331468,1.487011227081882,1.0,1.4560079344636057,2.084940049788153,stable_or_general,True,0.18,1.6360079344636056,reject_valuation
600885,"Hongfa Technology Co., Ltd. Class A",35.72,55171741308.0,27.958672510958046,4.183958291605026,17.0858235594128,8.32426517201639,956069980.0,,3701905013.52,30.614961471129742,11.339422243734084,8.087986463620993,0.973352033660589,16473529.599999985,Producer Manufacturing,Electrical Products,SSE:600885,A,588434477.3119994,1.6363666880754633,14.964795950040822,1.868296273754523,1.0,1.6363666880754633,12.413961797021344,cyclical,True,0.0,1.6363666880754633,reject_valuation
603345,"Anjoy Foods Group Co., Ltd. Class A",76.63,22139003888.851498,16.906784335355763,1.6072800157393048,10.320321029292,7.9730993143571505,2227439950.0,,1093582044.37,17.562285731447435,10.842831832384975,-2.4933310386369483,3.78367670364501,6260989.1,Consumer Non-Durables,Food: Specialty/Candy,SSE:603345,A,479779594.7329999,1.6382033356684846,9.506716261696985,1.7784042218104275,1.0,1.6382033356684846,7.88352189128394,stable_or_general,True,0.0,1.6382033356684846,reject_valuation
600531,"Henan Yuguang Gold & Lead Co., Ltd. Class A",13.08,16288768829.0,18.490245971162,2.235977701763653,14.351176477328002,4.13207496093308,-1584239730.0,,13986768889.69,43.038868630513946,5.699877859878399,2.5514641925195796,1.59613956941351,58771448.09999989,Non-Energy Minerals,Precious Metals,SSE:600531,A,768730541.1479986,1.2884132531136316,12.092741790730951,1.529036697478707,1.0,1.2884132531136316,15.736930628404766,cyclical,False,0.35,1.6384132531136317,reject_valuation
002563,"Zhejiang Semir Garment Co., Ltd. Class A",5.84,15677104952.0,15.145228215767634,1.3725771310787658,9.22116358857791,6.07973145854417,1683942790.0,,3257540408.32,5.693922263931009,15.023105254700303,14.150384843102431,5.14579759862779,21687107.2,Consumer Non-Durables,Apparel/Footwear,SZSE:002563,A,126652706.048,1.6424422005187886,9.062769550410481,1.6711478904461008,1.0,1.6424422005187886,1.71772289522798,stable_or_general,True,0.0,1.6424422005187886,reject_valuation
002466,Tianqi Lithium Corp. Class A,45.35,76726315163.00116,16.85560304776064,1.6071421610267849,10.2382738514983,5.82490554515224,992969880.0,,17690909422.71,54.70097637736263,,,0.0,47969231.96666668,Process Industries,Chemicals: Specialty,SZSE:002466,A,2175404669.688334,1.6463325060692664,9.534765125121421,1.7678047467945353,1.0,1.6463325060692664,6.871360705729968,cyclical,True,0.0,1.6463325060692664,reject_valuation
300529,"Jafron Biomedical Co., Ltd. Class A",15.56,12251990271.0,23.476161738080872,3.4838524781027784,15.956423628946501,10.0366138951108,475328250.0,,1248101376.5600002,-17.539633918090257,-20.13111279933812,-18.92354740061163,3.38101430429129,8781921.8,Health Technology,Medical Specialties,SZSE:300529,A,136646703.208,1.4712671388025094,14.839957728062476,1.5819561058241607,1.0,1.4712671388025094,6.996968285917459,health_special,True,0.18,1.6512671388025093,reject_valuation
600298,"Angel Yeast Co., Ltd. Class A",41.98,36639178808.0,22.68208342338448,2.8904141940130277,13.7252602573038,6.697426281406151,810811350.0,,9313497598.99,13.1574462766456,13.483992648878182,11.21927768763897,1.30270014211274,12695262.3,Consumer Non-Durables,Food: Specialty/Candy,SSE:600298,A,532947111.354,1.6525794774138705,12.743160053071254,1.7799418141905725,1.0,1.6525794774138705,7.155421360479696,stable_or_general,True,0.0,1.6525794774138705,reject_valuation
600612,"Lao Feng Xiang Co., Ltd. Class A",33.8,14280219633.0,14.139301401380465,1.335377224311767,9.59745632195005,5.49266740112517,920929900.0,,3667966091.3399997,-21.339696426985803,-29.20151617433199,-29.199739367373535,4.97437443473018,2491420.7666666666,Consumer Durables,Other Consumer Specialties,SSE:600612,A,84210021.91333333,1.4732342536472813,9.44443566484402,1.4971038930375289,1.0,1.4732342536472813,1.5943876374416188,stable_or_general,True,0.18,1.6532342536472813,reject_valuation
600958,Orient Securities Company Limited Class A,9.27,73643527829.90114,12.01088364861363,0.9580137801032835,8.06489319500578,1.31631311023613,29751460650.0,,242820692523.02,-10.874358306603837,38.464669704983116,38.713156002875635,3.46695557963164,52768384.400000066,Finance,Investment Banks/Brokers,SSE:600958,A,489162923.3880006,1.4892799393861065,7.976213975013098,1.5058376926998005,1.0,1.4892799393861065,1.0995709161727651,financial_special,True,0.18,1.6692799393861064,reject_valuation
688059,Zhuzhou Huarui Precision Cutting Tools Co. Ltd. Class A,84.63,12433154641.0,32.883898041653715,5.448659757176354,19.6666838236553,11.8103053021319,114520060.0,,467625016.69,27.220139262303828,181.39931668784803,160.59133252328877,0.827169556406215,5614272.633333332,Producer Manufacturing,Industrial Machinery,SSE:688059,A,475135892.9589999,1.6720611535992969,16.569385266535583,1.9846178667875987,1.0,1.6720611535992969,15.7489619749429,cyclical,True,0.0,1.6720611535992969,reject_valuation
600480,Lingyun Industrial Corp. Ltd. Class A,8.23,10181154290.0,14.056362083689155,1.2380687331232278,8.92652260057464,3.44270001113271,1613941440.0,,3730683524.45,5.85265036350084,2.4855818790081705,1.1925337020394084,4.80192076830732,12385362.166666687,Producer Manufacturing,Auto Parts: OEM,SSE:600480,A,101931530.63166684,1.5746738918001828,8.807888739291007,1.5958832473649782,1.0,1.5746738918001828,1.3290042112927059,cyclical,True,0.1,1.674673891800183,reject_valuation
002091,"Jiangsu Guotai International Group Co., Ltd. Class A",7.71,12566058536.0,12.039350405996252,0.7768371543779962,7.638206783259731,2.6982442862282,1573780320.0,,12334155334.57,1.9225887389418612,5.093518498670034,5.121470781352595,6.0880829015544,11396256.466666678,Commercial Services,Miscellaneous Commercial Services,SZSE:002091,A,87865137.35800008,1.5762011618201126,6.452483964509322,1.8658473964780757,1.0,1.5762011618201126,15.523575786781475,financial_special,True,0.1,1.6762011618201127,reject_valuation
000828,"Dongguan Development (Holdings) Co., Ltd Class A",10.07,10415960493.0,12.43977764051884,1.009076679807043,8.24937336727478,5.29437159210375,1247990930.0,,4471317150.17,-5.79995289069124,-19.533959080223326,-19.532803180914513,4.74051896207585,6831476.066666666,Transportation,Other Transportation,SZSE:000828,A,68792963.99133334,1.5079663735269118,8.11169386597618,1.5335610349764854,1.0,1.5079663735269118,1.6689692073433626,stable_or_general,True,0.18,1.6879663735269117,reject_valuation
002925,Xiamen Intretech Inc. Class A,23.33,18234539415.0,22.8010164190774,3.441317642616286,15.809173763365001,9.11049641661305,-327519270.0,,1909062593.6100001,27.368696960883792,206.2498838636914,212.14154972544242,0.973338975878121,14845073.766666677,Electronic Technology,Electronic Production Equipment,SZSE:002925,A,346335570.97633356,1.442264900137588,15.092825597621024,1.5107188691474287,1.0,1.442264900137588,4.53121824370093,technology_strict,False,0.25,1.692264900137588,reject_valuation
002906,Foryou Corporation Class A,28.45,15021393227.0,17.74575848303393,2.093694483979742,12.2970802985053,6.180117737154651,-57644570.0,,3930515887.79,30.02864644868043,19.227861112590755,19.22361865100022,1.73731758165393,8628865.166666666,Producer Manufacturing,Auto Parts: OEM,SZSE:002906,A,245491213.99166664,1.4430871436361128,11.79828118353716,1.5040969279318108,1.0,1.4430871436361128,4.056240203853667,cyclical,False,0.25,1.6930871436361128,reject_valuation
600166,"Beiqi Foton Motor Co., Ltd. Class A",2.9,22491574507.0,15.384615384615383,1.4495941136481785,9.65237490960277,2.45895973947733,2777310890.0,,17233938213.55,19.651891285560037,236.699639221409,236.6071428571429,0.0,119638522.2000001,Consumer Durables,Motor Vehicles,SSE:600166,A,346951714.3800003,1.5938684032372004,9.42236173871316,1.6327769842889204,1.0,1.5938684032372004,2.3829697151607543,cyclical,True,0.1,1.6938684032372004,reject_valuation
688169,Beijing Roborock Technology Co. Ltd. Class A,132.0,34367164345.0,20.38452629140607,2.357619854159779,11.9919829768785,8.02802651347957,2004520080.0,,1226518996.0,35.28029560906276,9.061593380408144,9.403774349963683,0.397779623895476,7367832.4333333345,Consumer Durables,Electronics/Appliances,SSE:688169,A,972553881.2000002,1.6998461664521256,11.565732852736097,1.7624932679111391,1.0,1.6998461664521256,3.5544590495520723,stable_or_general,True,0.0,1.6998461664521256,reject_valuation
002120,"Yunda Holding Group Co., Ltd. Class A",6.87,19712196573.0,12.52506836827712,0.9226777262642163,7.826806769654151,4.33054358958235,2039804190.0,,8821201477.67,5.89780658253558,17.0504704113844,14.342297269126531,2.93685756240822,30221590.133333314,Transportation,Air Freight/Couriers,SZSE:002120,A,207622324.21599987,1.60027821522807,7.366648222065831,1.7002397821522026,1.0,1.60027821522807,5.879262911822892,stable_or_general,True,0.1,1.70027821522807,reject_valuation
600338,Tibet Summit Resources Co. Ltd. Class A,13.48,12753232186.0,21.762996448175656,2.5944331317579405,12.7344664462226,8.07974262936953,305321910.0,,596874753.16,52.40972945597059,40.70254585010674,40.70876874148114,0.14336917562724,41832967.13333333,Non-Energy Minerals,Other Metals/Minerals,SSE:600338,A,563908396.9573333,1.708983767799017,11.921304761208221,1.8255549106497284,1.0,1.708983767799017,6.385518297514425,cyclical,True,0.0,1.708983767799017,reject_valuation
688036,"Shenzhen Transsion Holdings Co., Ltd. Class A",56.78,64995872894.0,20.8535331276627,3.0883721537397966,15.3276329537769,6.66025319200809,-4881877340.0,,7901946137.84,13.775796686163602,-19.65615674679424,-20.000000000000007,3.01098122564648,16248002.266666664,Electronic Technology,Telecommunications Equipment,SSE:688036,A,922561568.7013332,1.3605188218265727,14.809826876017466,1.4080875693038795,1.0,1.3605188218265727,3.3782520714122577,technology_strict,False,0.35,1.7105188218265726,reject_valuation
601098,"China South Publishing & Media Group Co., Ltd Class A",10.16,17852239246.0,12.089481199428842,1.1198800758343987,9.41117166435277,5.77863841876069,-1603695890.0,,233886982.76,-5.333566342257601,-6.464804264051869,-6.466332776850299,5.53319919517103,11619665.366666667,Consumer Services,Publishing: Books/Magazines,SSE:601098,A,118055800.12533334,1.2845883202004336,9.263259997354615,1.3051000622762758,1.0,1.2845883202004336,1.571660493224325,stable_or_general,False,0.43000000000000005,1.7145883202004337,reject_valuation
603737,"SKSHU Paint Co., Ltd. Class A",24.58,21647564180.0,33.99723374827109,6.921623455799323,21.0380446950547,4.58791931842227,970388730.0,,5561805986.48,4.848292758353772,14.772746441174464,14.761904761904757,1.89730879345603,11167029.799999995,Process Industries,Industrial Specialties,SSE:603737,A,274485592.48399985,1.6159882841328232,20.359372492037878,1.6698566599519065,1.0,1.6159882841328232,3.2259281356900815,cyclical,True,0.1,1.7159882841328233,reject_valuation
300357,"Zhejiang Wolwo Bio-Pharmaceutical Co., Ltd. Class A",21.96,11806818448.0,27.546412443552434,4.174444642986135,15.9848755227316,14.2060287296247,358834260.0,,18287949.3,11.531367743371975,20.77080750953931,20.769580366611116,1.10864745011086,12075262.666666685,Health Technology,Pharmaceuticals: Major,SZSE:300357,A,265172768.1600004,1.7232797593187088,15.15422253819921,1.8177384141031492,1.0,1.7232797593187088,5.196493293620863,health_special,True,0.0,1.7232797593187088,reject_valuation
301607,"Zhejiang EV-Tech Co., Ltd. Class A",42.03,10027733807.0,30.46756071040232,5.192356870452982,20.6412711444811,8.13447044773603,-134111799.99999999,,769351586.76,84.36640154244685,195.7871408814179,190.237744582369,0.258496381041326,11510542.499999998,Producer Manufacturing,Auto Parts: OEM,SZSE:301607,A,483788101.2749999,1.4760506025593534,17.04224673516509,1.7877666709011637,1.0,1.4760506025593534,17.436059940902847,cyclical,False,0.25,1.7260506025593534,reject_valuation
002701,"ORG Technology Co., Ltd. Class A",4.55,11570117402.0,13.36662749706228,1.1482504952618895,8.75191837633682,2.71566246724056,1470676870.0,,16186165206.0,43.868362099595196,-24.325497189879762,-23.91595887349129,2.65486725663717,26371857.73333334,Process Industries,Containers/Packaging,SZSE:002701,A,119991952.6866667,1.527279725688779,8.5904278810362,1.5559908868532355,1.0,1.527279725688779,1.845201113132533,cyclical,True,0.2,1.7272797256887789,reject_valuation
000563,"Shaanxi International Trust Corp., Ltd. Class A",3.04,15495331084.0,10.833927298645758,0.8222883418988369,7.701080390859221,5.47574819075423,-1206745900.0,,2602749334.6800003,-4.633087553726174,2.4551439010912635,2.446148229280774,2.97029702970297,41880708.266666606,Finance,Investment Managers,SZSE:000563,A,127317353.13066648,1.4068061556018896,7.589937787395187,1.427406600965551,1.0,1.4068061556018896,1.443207937368829,financial_special,False,0.33,1.7368061556018897,reject_valuation
002947,Suzhou Hengmingda Electronic Technology Co. Ltd. Class A,68.03,17952433165.0,30.269187986651836,5.105046289104857,17.4185109253926,13.388588913083902,491357480.0,,548388922.5699999,7.477631878584501,4.5198785232899334,7.397142447555803,0.709018718094158,9187126.733333332,Electronic Technology,Electronic Equipment/Instruments,SZSE:002947,A,625000231.6686666,1.7377597956737851,16.86548807109094,1.794741300047884,1.0,1.7377597956737851,3.174914644945126,technology_strict,True,0.0,1.7377597956737851,reject_valuation
601033,"Grandtop Yongxing Group Co., Ltd. Class A",14.63,11800538479.0,14.287109375,1.2219006694144816,8.69650366510428,3.65307154533644,964938370.0,,10724340418.09,11.995978210199393,7.181358596952039,7.180238643500105,4.30034129692833,3747854.433333333,Utilities,Alternative Power Generation,SSE:601033,A,54831110.35966667,1.6428567071533202,8.552469483803344,1.6705244493484497,1.0,1.6428567071533202,1.656230904367828,stable_or_general,True,0.1,1.7428567071533203,reject_valuation
002568,Shanghai Bairun Investment Holding Group Co. Ltd. Class A,18.09,17416149416.0,25.685077381797527,3.6335151095176403,14.702795953265598,8.51660802509793,325585940.0,,2597024001.44,7.004474988892882,3.040745205537464,3.512639623750739,1.70648464163823,14558282.900000019,Process Industries,Chemicals: Specialty,SZSE:002568,A,263359337.66100034,1.746951903803894,14.146405149990462,1.8156610891223377,1.0,1.746951903803894,3.7842516827662265,cyclical,True,0.0,1.746951903803894,reject_valuation
600674,"Sichuan Chuantou Energy Co., Ltd. Class A",15.76,76872553574.0,16.619213329115258,1.7193658856425313,10.5896831890422,6.61153158073953,2602871270.0,,20622936199.79,-4.770024120705169,-0.9386307265641443,-0.9401441554371679,3.17057704502219,28682403.96666664,Utilities,Electric Utilities,SSE:600674,A,452034686.5146662,1.569377764418126,10.345651455297034,1.6063960206784391,1.0,1.569377764418126,2.304429031433919,stable_or_general,True,0.18,1.7493777644181259,reject_valuation
000425,"XCMG Construction Machinery Co., Ltd. Class A",8.14,92869892980.0,15.404996214988646,1.4766600634201916,9.88231942154599,3.47587747634456,7213926190.0,,71077338854.5,10.766648330389259,-6.833683615685181,-6.709039548022605,2.52206809583859,121910907.36666648,Producer Manufacturing,Trucks/Construction/Farm Machinery,SZSE:000425,A,992354785.9646652,1.558844190099928,9.585591861317312,1.6070991168688875,1.0,1.558844190099928,3.002610496294389,cyclical,True,0.2,1.7588441900999279,reject_valuation
001872,"China Merchants Port Group Co., Ltd. Class A",23.77,57457738554.0,12.400229537273722,0.9038022813688212,7.4565603176419,2.31578732421754,8944288810.0,,55107621187.520004,7.215096409926266,3.692469589707688,4.247335218620843,3.36279461279461,3003700.7,Transportation,Other Transportation,SZSE:001872,A,71397965.639,1.6629959403580916,7.288593155893537,1.7013200314585992,1.0,1.6629959403580916,2.2526091735751264,stable_or_general,True,0.1,1.7629959403580917,reject_valuation
603236,Quectel Wireless Solutions Co. Ltd. Class A,62.17,25363696863.0,24.930825680715405,3.4025072488673813,16.4597467354222,5.39981371750078,-1222398730.0,,7157084863.7,28.08235977196574,13.910975405902414,7.468539906912612,1.06101646156305,15588553.066666665,Electronic Technology,Electronic Production Equipment,SSE:603236,A,969140344.1546665,1.514654270290989,13.647792064501509,1.8267295957388996,1.0,1.514654270290989,17.08382708507431,technology_strict,False,0.25,1.764654270290989,reject_valuation
300014,EVE Energy Co. Ltd. Class A,51.04,111164132876.0,18.648154914139567,2.2111357370481337,13.1489691431027,4.68012335761761,-5757619500.0,,44101841246.92,43.296018907174464,64.53650844369744,62.06774040738986,0.936109481915934,37835695.59999989,Producer Manufacturing,Electrical Products,SZSE:300014,A,1931133903.4239943,1.4182218173294192,11.857128746670734,1.5727378282348188,1.0,1.4182218173294192,9.824651517336648,cyclical,False,0.35,1.7682218173294193,reject_valuation
300113,"Hangzhou Shunwang Technology Co., Ltd. Class A",17.24,11271944413.0,28.046201399056446,4.434236213100545,16.5861902869599,13.6537460378157,298912320.0,,72289310.18,-36.36218515476322,30.330640861862484,29.82048574445619,0.707964601769911,25618557.666666675,Technology Services,Packaged Software,SZSE:300113,A,441663934.17333347,1.6909369128066998,15.810469838705945,1.7739005662182123,1.0,1.6909369128066998,4.676905514968244,technology_strict,True,0.08,1.7709369128066998,reject_valuation
600061,"SDIC Capital Co., Ltd. Class A",6.53,41369813654.0,11.231510147918817,0.7629226597376622,7.009113385020341,1.00655916102079,36906552130.0,,187218313973.86,-13.812945812757905,20.141761256912655,26.14449989151661,2.39567233384853,31424395.566666685,Finance,Investment Banks/Brokers,SSE:600061,A,205201303.05033347,1.6024152458315841,6.79269884182966,1.6534679969550266,1.0,1.6024152458315841,3.0876165258389987,financial_special,True,0.18,1.782415245831584,reject_valuation
600008,"Beijing Capital Eco-Environment Protection Group Co.,Ltd. Class A",2.8,20553652580.0,12.221737232649497,0.980519184908409,8.13046113078792,1.54690514224758,1110984520.0,,62281751108.28,-4.967531165634559,-52.50190055901837,-52.50829187396351,4.28571428571429,69893312.46666665,Utilities,Water Utilities,SSE:600008,A,195701274.9066666,1.5032034513231962,8.022748045089875,1.5233853991126531,1.0,1.5032034513231962,1.3248090602163143,stable_or_general,True,0.28,1.7832034513231962,reject_valuation
600350,Shandong Hi-speed Co. Ltd. Class A,10.17,49554350708.0,15.925461948011275,1.6777527022211665,10.5888389946727,1.8696491188713402,4641581210.0,,92427757104.0,-10.709586954812501,-5.290456958612853,-4.941947008038108,4.09756097560976,14674012.433333334,Transportation,Other Transportation,SSE:600350,A,149234706.447,1.503985654709025,10.535033192118357,1.511666993125916,1.0,1.503985654709025,0.5081369409943304,stable_or_general,True,0.28,1.783985654709025,reject_valuation
002311,"Guangdong Haid Group Co., Limited Class A",44.62,72178601160.0,22.793216183081324,3.0679254649502234,13.5126472961291,6.09021585096707,3758156380.0,,14625951235.099998,10.518042189648789,-35.17578747410199,-35.03252356298951,2.94851440235881,9739503.800000003,Process Industries,Agricultural Commodities/Milling,SZSE:002311,A,434576659.5560001,1.6868061219662547,13.459818220947014,1.6934267468493065,1.0,1.6868061219662547,0.39096021693112437,cyclical,True,0.1,1.7868061219662548,reject_valuation
000422,"Hubei Yihua Chemical Industry Co., Ltd Class A",12.44,13714442905.0,18.12618388459857,2.146337423566923,12.5892900252497,1.59096940929193,-604466020.0,,27999872265.89,35.833259332351034,42.50223665476812,43.00896020004168,1.98255352894528,25770377.199999973,Process Industries,Chemicals: Agricultural,SZSE:000422,A,320583492.3679997,1.4398098580812584,11.841088213777967,1.5307869984033593,1.0,1.4398098580812584,5.943161290041776,cyclical,False,0.35,1.7898098580812585,reject_valuation
000700,"Jiangnan Mould & Plastic Technology Co., Ltd. Class A",11.1,10777500361.0,20.192832454065854,2.457954583199548,12.5267632267657,6.61891126035086,723418780.0,,1009475716.86,-3.243785777202664,-10.113156759491325,-10.12099411379988,2.78364565587734,44199608.06666667,Producer Manufacturing,Auto Parts: OEM,SZSE:000700,A,490615649.54,1.611975263563712,12.172411120583709,1.6589016139883335,1.0,1.611975263563712,2.8287603091663227,cyclical,True,0.18,1.7919752635637118,reject_valuation
300487,"Sunresin New Materials Co., Ltd. Class A",61.23,31607145913.0,35.61333100680509,6.5893408291614115,19.8590111396739,13.105468805430402,811272080.0,,634019576.41,16.684201116892048,5.487120366689843,5.764025590551189,0.568621134020619,6925249.500000002,Process Industries,Industrial Specialties,SZSE:300487,A,424033026.8850001,1.7933083755443167,18.502455802020606,1.9247894110854111,1.0,1.7933083755443167,6.830930946723712,cyclical,True,0.0,1.7933083755443167,reject_valuation
000528,"Guangxi Liugong Machinery Co., Ltd Class A",7.94,16049011185.0,12.561303591203924,0.837884184144572,7.84900200768151,2.70014051784512,24690310.0,,19659597098.58,10.729369309323399,-8.317054660605079,-8.60323886639676,4.10848293299621,29192562.13333331,Producer Manufacturing,Trucks/Construction/Farm Machinery,SZSE:000528,A,231788943.3386665,1.6003695219991878,6.670360110803324,1.883152241040123,1.0,1.6003695219991878,15.016455540776963,cyclical,True,0.2,1.8003695219991878,reject_valuation
601108,"Caitong Securities Co., Ltd. Class A",8.75,40679417879.0,12.432509235578289,1.0207629006931855,9.06512758742746,2.04188765394349,-4087374980.0,,99226316916.03,-3.100276672466577,38.177535033287754,34.10823170731706,1.25570776255708,63886966.433333345,Finance,Investment Managers,SSE:601108,A,559010956.2916667,1.3714654444379903,8.210433480089876,1.5142329897351774,1.0,1.3714654444379903,9.428373722207406,financial_special,False,0.43000000000000005,1.8014654444379903,reject_valuation
601766,CRRC Corporation Limited Class A,6.25,169947282950.93652,12.881286067600989,1.0163808061769934,8.04003270491717,2.54302876451203,9740035000.0,,80370108000.0,3.1906633453978803,-9.761585719442788,-9.76380881532452,3.72771474878444,153453835.93333334,Producer Manufacturing,Trucks/Construction/Farm Machinery,SSE:601766,A,959086474.5833334,1.6021434912476136,7.890367474513235,1.6325330992769316,1.0,1.6021434912476136,1.8615002686792614,cyclical,True,0.2,1.8021434912476135,reject_valuation
600720,"CCCC Design And Consulting Group Co., Ltd. Class A",5.2,11863058698.0,9.908536585365853,0.7489061649379416,7.76946638640265,3.92174357225612,-50155450.0,,2050979887.8400002,-8.954906341291936,-28.45969046197355,-28.462377317339143,2.45261121856867,8667433.199999956,Non-Energy Minerals,Construction Materials,SSE:600720,A,45070652.63999978,1.2753175176491904,7.558191449219841,1.3109666051643367,1.0,1.2753175176491904,2.719297911534324,cyclical,False,0.53,1.8053175176491905,reject_valuation
600872,"Jonjee Hi-Tech Industrial and Commercial Holding Co., Ltd. Class A",18.51,13818515194.0,20.28493150684932,2.505336190129436,12.4735690369274,8.22340976071138,918814680.0,,862857240.87,-8.394663510989142,-13.219270972699151,-12.53714176171762,2.48481501932634,12458183.26666668,Producer Manufacturing,Electrical Products,SSE:600872,A,230600972.26600027,1.6262331532215646,12.350725410551648,1.6424081041846503,1.0,1.6262331532215646,0.9848314144258019,cyclical,True,0.18,1.8062331532215645,reject_valuation
002539,Chengdu Wintrue Holding Co. Ltd. Class A,13.4,15998809481.0,15.744330865938199,1.6384402537870593,10.7898596447138,3.9350940299993695,-2839390270.0,,14210510384.5,4.518132410687283,18.876943236421678,17.89721568084222,1.49365197908887,21250733.733333297,Process Industries,Chemicals: Agricultural,SZSE:002539,A,284759832.02666616,1.4591784679656798,10.406541044762433,1.5129264179342523,1.0,1.4591784679656798,3.5525818923804575,cyclical,False,0.35,1.8091784679656797,reject_valuation
603658,"Autobio Diagnostics Co., Ltd. Class A",32.98,18508447098.0,18.95620186228302,2.1725568781055933,11.6053400465617,8.48251905194182,644959500.0,,914058123.41,-2.321071596494134,-13.246808338516521,-13.127278174464468,4.04445816610065,4006427.333333333,Health Technology,Medical Specialties,SSE:603658,A,132131973.4533333,1.6334033975936062,11.460929219309008,1.6539847249336654,1.0,1.6334033975936062,1.2443480903902904,health_special,True,0.18,1.8134033975936061,reject_valuation
603997,Ningbo Jifeng Auto Parts Co Ltd Class A,11.43,14690330595.0,21.779725609756095,2.637438707816556,12.6539409343386,2.84334416706221,434328560.0,,8405978597.76,16.37477167213131,,,0.924805531547105,17467015.533333335,Producer Manufacturing,Auto Parts: OEM,SSE:603997,A,199647987.546,1.721181229055143,12.109604845687914,1.7985496543689115,1.0,1.721181229055143,4.301711944723385,cyclical,True,0.1,1.821181229055143,reject_valuation
000887,"Anhui Zhongding Sealing Parts Co., Ltd. Class A",20.56,28010305936.0,18.63331520754033,1.832610302015247,10.2027971494907,5.49308730505513,1554884850.0,,6920155465.49,5.322094503261137,7.380686546824202,7.376411054885155,0.932835820895522,48668013.49999999,Producer Manufacturing,Auto Parts: OEM,SZSE:000887,A,1000614357.5599998,1.8262947831390006,9.835127467138246,1.8945677389336488,1.0,1.8262947831390006,3.6036165079573967,cyclical,True,0.0,1.8262947831390006,reject_valuation
601107,Sichuan Expressway Co. Ltd. Class A,5.79,16307490604.80253,11.24053581828771,0.9276437847866419,8.14810628640707,2.44858723534396,-519951490.00000006,,43301599219.46,5.012370505019266,-1.4287288290262576,-1.4351320321469483,5.08561643835617,11153161.5,Transportation,Other Transportation,SSE:601107,A,64576805.085,1.3795273924003089,8.25266517346458,1.362049178298213,1.0,1.3795273924003089,1.2832292974864323,stable_or_general,False,0.44999999999999996,1.8295273924003088,reject_valuation
601019,"Shandong Publishing & Media Co., Ltd. Class A",7.12,14545692877.0,13.006941907197662,0.9555328303365569,7.48936958017442,5.25017311284788,970347660.0,,235964100.08999997,0.10702454276269845,-3.642131827435322,-3.643724696356284,4.16068866571019,10991472.3,Consumer Services,Publishing: Books/Magazines,SSE:601019,A,78259282.77600001,1.7367205300736066,7.346329653458303,1.7705361072484151,1.0,1.7367205300736066,1.9099061033757248,stable_or_general,True,0.1,1.8367205300736067,reject_valuation
002926,"HUAXI Securities Co., Ltd. Class A",8.58,22575001001.0,11.670293797606094,0.889088766912634,7.84205336592214,1.8025089702764001,-1000392100.0,,33821362355.83,16.014219879905568,60.73665795002526,60.73458679492786,2.43023255813954,16173468.466666667,Finance,Investment Banks/Brokers,SZSE:002926,A,138768359.444,1.4881681178452164,7.618392324407559,1.5318578120763333,1.0,1.4881681178452164,2.852072423869312,financial_special,False,0.35,1.8381681178452163,reject_valuation
600583,"Offshore Oil Engineering Co., Ltd. Class A",6.15,27014479521.0,13.087891040646948,0.9422976741335458,7.507903486178641,4.26122828258858,2044693700.0,,1245004000.0,1.640694340177858,0.6942498900208636,0.7072438919845627,3.20785597381342,42752635.26666697,Industrial Services,Engineering & Construction,SSE:600583,A,262928706.8900019,1.7432151418489263,7.199767106916311,1.817821444262319,1.0,1.7432151418489263,4.104160100480514,cyclical,True,0.1,1.8432151418489264,reject_valuation
600547,"Shandong Gold Mining Co., Ltd. Class A",37.9,158519238365.57983,31.91578947368421,5.2733809746432465,18.3002056584284,3.18671882941797,5721611600.0,,90486883739.43001,8.126222195704052,25.0924525139526,21.384033527547793,0.746666666666667,101023931.73333332,Non-Energy Minerals,Precious Metals,SSE:600547,A,3828807012.6933327,1.7440126121743869,16.522796589416505,1.9316215206648202,1.0,1.7440126121743869,9.712508712672797,cyclical,True,0.1,1.844012612174387,reject_valuation
301603,"Jirfine Intelligent Equipment Co., Ltd. Class A",124.98,14035677813.0,33.87542689868271,5.678506050394129,18.2268265691652,10.6647126789777,97974560.0,,797489202.13,39.002125517290835,65.12981444037712,65.132933488497,0.226500566251416,2441479.3666666667,Producer Manufacturing,Industrial Machinery,SZSE:301603,A,305136091.246,1.8585477164736213,16.76290624285814,2.02085643192781,1.0,1.8585477164736213,8.031679682428173,cyclical,True,0.0,1.8585477164736213,reject_valuation
600023,"Zhejiang Zheneng Electric Power Co., Ltd. Class A",4.88,66105053352.99999,11.856171039844508,0.8884972380116597,7.48910867852758,3.5018868006689505,5509206480.0,,49218151587.03,-7.98053776745644,-24.79333004031224,-24.794445459528593,6.69371196754564,39377144.46666674,Utilities,Electric Utilities,SSE:600023,A,192160464.9973337,1.5831217770731467,7.49396440913113,1.5820959898606115,1.0,1.5831217770731467,0.06483722979575557,stable_or_general,True,0.28,1.8631217770731467,reject_valuation
601022,"Ningbo Ocean Shipping Co., Ltd. Class A",8.35,12155748715.0,17.653276955602536,1.7074442524563682,9.99845338151612,6.75359168650804,76412190.0,,1271945987.6200001,15.078508490095615,-5.435286871374171,-5.43782487005198,1.79425837320574,6692103.266666667,Transportation,Marine Shipping,SSE:601022,A,55879062.27666666,1.765600766638337,9.672109358225894,1.8251734240979038,1.0,1.765600766638337,3.2639450406752757,cyclical,True,0.1,1.8656007666383372,reject_valuation
000089,"Shenzhen Airport Co., Ltd. Class A",6.64,13494063359.0,14.338155905851867,1.1311658333404315,8.09845564364223,3.80274293669925,1594506180.0,,10299667650.92,5.8721411027799455,63.47735528649964,63.466290151782566,2.43161094224924,14980080.9,Transportation,Other Transportation,SZSE:000089,A,99467737.176,1.7704802664577377,7.889200262348703,1.817440986291206,1.0,1.7704802664577377,2.5838924172883027,stable_or_general,True,0.1,1.8704802664577378,reject_valuation
300201,"Xuzhou Handler Special Vehicle Co., Ltd. Class A",13.43,13955073466.0,38.01302009623549,7.154157988099487,20.2606360909698,11.1085289360248,379366150.0,,943672087.3100001,11.862160321320006,37.78623825159661,36.620262954369686,0.217592190889371,31600877.366666652,Consumer Durables,Motor Vehicles,SZSE:300201,A,424399783.0343331,1.876200723686951,18.820283076660825,2.019790028736376,1.0,1.876200723686951,7.109120403929192,cyclical,True,0.0,1.876200723686951,reject_valuation
002773,"Chengdu Kanghong Pharmaceutical Group Co., Ltd. Class A",20.3,18655519869.0,18.740768094534715,2.029646841449588,11.0413020397294,10.2508474305593,834985420.0,,2147348.3299999996,-6.5381754301358,-18.775456578509132,-18.873576992210907,3.45679012345679,7999739.566666666,Health Technology,Pharmaceuticals: Major,SZSE:002773,A,162394713.20333335,1.6973331611707285,10.830115559892578,1.7304310365752553,1.0,1.6973331611707285,1.912695432811451,health_special,True,0.18,1.8773331611707285,reject_valuation
002683,"Guangdong Hongda Holdings Group Co., Ltd. Class A",30.94,22978924367.0,23.71789957838252,3.260493858384549,14.1381162858711,3.06333756475494,323210210.0,,13364567661.74,23.604593878964998,-1.5518644711264946,-2.086617128274416,2.1494708994709,9301513.833333313,Industrial Services,Engineering & Construction,SZSE:002683,A,287788838.00333273,1.6775855495038587,13.746975559995619,1.7253176507713297,1.0,1.6775855495038587,2.766568883482501,cyclical,True,0.2,1.8775855495038587,reject_valuation
603093,Nanhua Futures Co.Ltd. Class A,13.49,11688051583.959108,20.31932519957825,1.6454149153385849,12.7139430413729,1.04288957440476,17519295060.0,,1376977828.94,-72.44135147787448,40.143653953167544,26.746849942726232,0.247870090634441,19318654.255916376,Finance,Investment Banks/Brokers,SSE:603093,A,260608645.9123119,1.5981922471617498,8.097783263849418,2.509245374630972,1.0,1.5981922471617498,36.30785321675479,financial_special,True,0.28,1.8781922471617498,reject_valuation
600031,"Sany Heavy Industry Co., Ltd. Class A",20.0,167615509629.77557,20.21018593371059,1.9970862511595582,10.72898920223,5.27993571225578,21352506000.0,,32097066000.0,17.029743801790758,16.576538951356234,9.870101032530265,2.45737211634905,69746907.76666676,Producer Manufacturing,Trucks/Construction/Farm Machinery,SSE:600031,A,1394938155.3333352,1.8836989722675779,9.881582770737493,2.0452377319106585,1.0,1.8836989722675779,7.898287672023896,cyclical,True,0.0,1.8836989722675779,reject_valuation
688308,"OKE Precision Cutting Tools Co., Ltd. Class A",84.18,13925155286.0,27.993748129427026,4.418874441603982,17.06532148513,10.8817719047881,-350918460.0,,1380584770.0500002,79.36563631557736,,,0.285062713797035,10423443.500000004,Producer Manufacturing,Metal Fabrication,SSE:688308,A,877445473.8300004,1.6403879735766826,15.785218975228476,1.7734152546985396,1.0,1.6403879735766826,7.501191882127467,cyclical,False,0.25,1.8903879735766826,reject_valuation
002064,"Huafon Chemical Co., Ltd. Class A",11.22,57069256548.0,19.48931735278791,1.9348263570944497,10.2954181649087,7.67529636613711,2766058430.0,,5843504817.22,3.5709470003315897,69.54358683605764,69.52296819787985,1.30434782608696,47441962.30000004,Process Industries,Textiles,SZSE:002064,A,532298817.0060005,1.8930088162145808,9.927625078246654,1.9631399452717824,1.0,1.8930088162145808,3.5723958053073157,cyclical,True,0.0,1.8930088162145808,reject_valuation
000088,"Shenzhen Yan Tian Port Holdings Co., Ltd. Class A",4.53,19457228265.0,15.800488315312172,1.3013614021379099,8.32576482289354,6.2313488827644,989092670.0,,2558008466.15,17.197899006152976,8.434462472217717,2.4294390853876484,4.29515418502203,23220567.666666627,Transportation,Marine Shipping,SZSE:000088,A,105189171.52999982,1.8977822039682433,8.236210021919177,1.9184173634793238,1.0,1.8977822039682433,1.0756345258289168,cyclical,True,0.0,1.8977822039682433,reject_valuation
002698,"Harbin Boshi Automation Co., Ltd. Class A",11.94,12567281834.0,23.43014128728414,2.9291915774702484,13.020362959611301,7.40585987254232,644528680.0,,583101121.74,2.2395558613742392,-1.503615774460728,-1.4313346228239772,2.03417412530513,20523911.466666657,Producer Manufacturing,Industrial Machinery,SZSE:002698,A,245055502.91199988,1.7994998572592482,12.501809278717243,1.8741400356483608,1.0,1.7994998572592482,3.982636140809548,cyclical,True,0.1,1.8994998572592483,reject_valuation
301216,"Wankai New Materials Co., Ltd. Class A",20.6,11836832893.0,17.664208540559084,1.801376391475817,11.3438439295166,3.4776173516320203,-977652120.0,,9975287794.73,0.7265680669359781,,,0.725338491295938,22709361.133333333,Process Industries,Chemicals: Specialty,SZSE:301216,A,467812839.3466667,1.5571625147801038,10.197889066694648,1.7321436255125326,1.0,1.5571625147801038,10.101997787894334,cyclical,False,0.35,1.907162514780104,reject_valuation
601021,"Spring Airlines Co., Ltd. Class A",43.89,42508588500.0,19.386898714607536,2.3596951805013586,12.4409140729155,4.41113664519835,-544999040.0,,26726964719.0,14.987881106649482,5.287859557042256,6.296365855948921,2.20943613348677,4983216.7,Transportation,Airlines,SSE:601021,A,218713380.963,1.558317869650253,12.171596990514981,1.5927982769816695,1.0,1.558317869650253,2.164769251053955,cyclical,False,0.35,1.908317869650253,reject_valuation
600941,China Mobile Limited Class A,100.3,1488961896717.277,16.52742762041294,1.4928683165118977,9.13170696555659,6.15206659097834,129735808730.0,,98828000000.6663,0.64261927344586,-7.452583089261529,-7.534434422233064,4.68636227991644,10797043.833333334,Communications,Specialty Telecommunications,SSE:600941,A,1082943496.4833333,1.80989465417056,9.032671936605935,1.8297385022291854,1.0,1.80989465417056,1.0845182540810905,stable_or_general,True,0.1,1.9098946541705601,reject_valuation
300627,Shanghai HuaCe Navigation Technology Ltd. Class A,28.51,22375372827.0,32.519676057944565,5.164368573974915,16.9805665038021,12.0619586775201,606993180.0,,466543393.97,5.39501310205076,5.0830198452572795,2.995770676691739,1.5878616796048,8718574.633333324,Electronic Technology,Telecommunications Equipment,SZSE:300627,A,248566562.79633307,1.915111374562393,15.880750364096135,2.0477417824957698,1.0,1.915111374562393,6.476910764194487,technology_strict,True,0.0,1.915111374562393,reject_valuation
601038,"First Tractor Co., Ltd. Class A",14.59,13966211504.048632,19.86655773420479,1.9942918691941365,10.3711776681873,5.05672727240822,1599334420.0,,3085117815.98,6.970360291186324,5.026905845900442,5.034324942791764,1.81007488087134,10681626.4,Producer Manufacturing,Trucks/Construction/Farm Machinery,SSE:601038,A,155844929.176,1.915554662142541,10.038436934449445,1.9790489160745386,1.0,1.915554662142541,3.208321604194553,cyclical,True,0.0,1.915554662142541,reject_valuation
601808,China Oilfield Services Limited Class A,12.5,48286031406.11885,15.346838551258442,1.2606664992501555,8.44756443396125,4.56132608653857,4466234320.0,,16008913035.0,3.373522225097688,10.774226094930524,10.771113831089359,2.25458898643256,18331708.0,Industrial Services,Contract Drilling,SSE:601808,A,229146350.0,1.8167175487363483,8.214502909114014,1.8682613812493856,1.0,1.8167175487363483,2.758919765208001,cyclical,True,0.1,1.9167175487363484,reject_valuation
000728,Guoyuan Securities Company Limited Class A,7.76,33513813001.000004,12.427930813581039,0.8768569649675302,7.11663566317801,1.43390867090853,6186633110.0,,97896264134.39,-20.426493423666095,2.8596121087374704,2.866556836902796,2.34375,29647550.3333333,Finance,Investment Banks/Brokers,SZSE:000728,A,230064990.5866664,1.746321071048228,7.055534651104715,1.7614442318180872,1.0,1.746321071048228,0.8585659708482352,financial_special,True,0.18,1.926321071048228,reject_valuation
600025,Huaneng Lancang River Hydropower Co Ltd Class A,9.76,182957334939.0,21.98198198198198,2.6003991186352167,12.7305806719915,3.65869253572344,2842713370.0,,142525189655.12,3.1730773656245166,-5.325025842935046,-8.52904820766378,2.08757637474542,27441396.6,Utilities,Electric Utilities,SSE:600025,A,267828030.816,1.7267069388550713,11.829684515102828,1.8582052593133676,1.0,1.7267069388550713,7.076630517496585,stable_or_general,True,0.2,1.9267069388550713,reject_valuation
000960,"Yunnan Tin Co., Ltd. Class A",33.42,56055906062.0,22.83722837228372,2.5615496225508347,11.7862147016724,6.07710118744611,1328482020.0,,14121812410.619999,22.555134672751816,41.12314878968649,41.15944824925244,1.04196816208394,51717529.56666665,Non-Energy Minerals,Other Metals/Minerals,SZSE:000960,A,1728399838.1179996,1.9376219549982612,11.216552117417391,2.0360292657867123,1.0,1.9376219549982612,4.833295495407675,cyclical,True,0.0,1.9376219549982612,reject_valuation
600109,"Sinolink Securities Co., Ltd. Class A",8.74,31860223021.0,12.975059382422804,0.8846332921719063,7.0160663118469,1.42352612977417,44944144570.0,,77845294480.83,21.86766297414804,6.576710442043991,-51.689019579717424,0.92485549132948,23974269.7,Finance,Investment Banks/Brokers,SSE:600109,A,209535117.178,1.8493353405901984,6.817951780400413,1.9030729169605232,1.0,1.8493353405901984,2.8237266103366743,financial_special,True,0.1,1.9493353405901985,reject_valuation
600535,Tasly Pharmaceutical Group Co. Ltd. Class A,14.73,21766240023.0,17.99413633032006,1.6828881239282014,9.60921139112179,7.944411139796371,1676497220.0,,647259454.59,-3.1527174537989042,14.510961535260227,14.505525248286478,2.11171662125341,16239499.166666662,Health Technology,Pharmaceuticals: Major,SSE:600535,A,239207822.72499993,1.8725924113757484,9.352425106908525,1.9240075300927038,1.0,1.8725924113757484,2.6722930088780905,health_special,True,0.08,1.9525924113757485,reject_valuation
002472,"Zhejiang Shuanghuan Driveline Co., Ltd. Class A",38.05,29802888303.0,25.43789276641262,3.1122071314938182,12.9502872174803,6.67935563855422,297000960.0,,5946624093.87,8.878097658072729,12.673828035754257,11.178831574253017,1.2987012987013,22716120.266666587,Producer Manufacturing,Industrial Machinery,SZSE:002472,A,864348376.1466635,1.9642724782255445,12.234532003386212,2.0791880522583166,1.0,1.9642724782255445,5.526944708438286,cyclical,True,0.0,1.9642724782255445,reject_valuation
000027,"Shenzhen Energy Group Co., Ltd. Class A",6.32,30066706481.0,13.065949968989043,0.8980551138696939,6.979274686689571,1.35211447038943,722845570.0,,100069496398.37999,3.472779752376199,73.82807971577735,73.80524613726196,2.53164556962025,22939601.499999955,Utilities,Electric Utilities,SZSE:000027,A,144978281.47999972,1.8721071394292006,6.873247762322325,1.9009863198317667,1.0,1.8721071394292006,1.5191682392076244,stable_or_general,True,0.1,1.9721071394292007,reject_valuation
603786,Keboda Technology Co. Ltd. Class A,39.52,16065418613.0,23.207469610664162,2.8123910305221287,12.3444738634026,8.74157460699875,7515840.0,,1261699306.32,11.104603583856042,-19.23896890497505,-18.924966673014662,1.55857214680744,2151519.433333333,Producer Manufacturing,Auto Parts: OEM,SSE:603786,A,85028048.00533333,1.879988557427859,12.118473395435558,1.9150489383757936,1.0,1.879988557427859,1.830782506146833,cyclical,True,0.1,1.979988557427859,reject_valuation
600998,"Jointown Pharmaceutical Group Co., Ltd. Class A",5.05,25212351074.0,12.669342699448068,0.9437029783639741,7.111329702677111,1.75881009851683,2380419290.0,,51788103491.7,7.587990445246297,-26.788936417133513,-27.23621759766337,4.0,36422169.900000006,Distribution Services,Medical Distributors,SSE:600998,A,183931957.99500003,1.781571552599875,7.448713013383764,1.700876738932475,1.0,1.781571552599875,4.744306969477785,stable_or_general,True,0.2,1.981571552599875,reject_valuation
300896,"IMEIK Technology Development Co., Ltd. Class A",93.5,26371748586.0,25.73984858912595,3.562372959493724,14.249895733054702,12.175250625837,1098345030.0,,247814437.94,-11.19821595521357,-32.66755158991283,-32.706557984438675,2.19178082191781,4734133.999999997,Process Industries,Chemicals: Specialty,SZSE:300896,A,442641528.99999976,1.806318380942159,13.839914198247005,1.8598271795923573,1.0,1.806318380942159,2.8770844537246987,cyclical,True,0.18,1.986318380942159,reject_valuation
002756,"Yongxing Special Materials Technology Co., Ltd. Class A",42.93,23675392045.0,18.652241918665275,1.6900410404794945,9.37889273748012,8.16290071936643,1264037850.0,,728618669.5899999,21.359238478085587,80.46175167639915,79.7282523816961,1.57906609519513,11824910.133333363,Non-Energy Minerals,Steel,SZSE:002756,A,507643392.02400124,1.9887466933198639,9.060793055596564,2.058566154663954,1.0,1.9887466933198639,3.3916549723653433,cyclical,True,0.0,1.9887466933198639,reject_valuation
600292,"SPIC Hydropower Co., Ltd. Class A",12.05,57503712203.0,27.867715078630898,2.933572238912071,14.735935691222398,4.5054489410943,1925372610.0,,35657771828.82,259.1246992515928,,,0.505385252692626,9786053.800000032,Utilities,Electric Utilities,SSE:600292,A,117921948.2900004,1.8911398409013531,10.52677706311684,2.647316924405316,1.0,1.8911398409013531,28.563904704149756,stable_or_general,True,0.1,1.9911398409013532,reject_valuation
002850,Shenzhen Kedali Industry Co Ltd Class A,172.3,50002190662.0,24.774612851740553,3.262820061249363,14.171055134112201,8.58294402300094,-6540090.0,,5509968291.26,34.38199545199458,21.642998887527323,19.56024686688785,1.43159823627097,4237968.0,Producer Manufacturing,Electrical Products,SZSE:002850,A,730201886.4000001,1.7482546371655656,13.170014323836877,1.881137882052269,1.0,1.7482546371655656,7.063982186235684,cyclical,False,0.25,1.9982546371655656,reject_valuation
601330,"Dynagreen Environmental Protection Group Co., Ltd. Class A",7.92,10170764390.01157,16.343375980189847,1.3402534635906271,8.59893767935227,3.1808296349399003,1728816900.0,,11475665215.11,8.895560416733364,6.911504661197087,13.303717559036695,4.05063291139241,12167036.666666666,Utilities,Electric Utilities,SSE:601330,A,96362930.39999999,1.9006273320753897,8.200591268384064,1.9929509282091469,1.0,1.9006273320753897,4.632507244757833,stable_or_general,True,0.1,2.0006273320753896,reject_valuation
002487,"Dajin Heavy Industry Co., Ltd. Class A",33.22,21269182043.05,18.323221180364037,1.6975898516627388,10.4248309095974,6.547501051459021,-581320470.0,,3389483859.92,25.081488421063263,36.7184655163314,36.58279343076692,0.497751124437781,23452725.466666713,Producer Manufacturing,Electrical Products,SZSE:002487,A,779099540.0026681,1.757651643394537,9.264691153114224,1.977747652624652,1.0,1.757651643394537,11.128619414010043,cyclical,False,0.25,2.007651643394537,reject_valuation
000157,Zoomlion Heavy Industry Science & Technology Co. Ltd. Class A,6.62,54644534900.29285,13.966244725738397,0.9931216574030319,7.310391317791,3.06155486487771,2511291680.0,,56607962392.32,18.941126207368285,4.973302554368094,2.7308192457737324,6.06980273141123,49387384.83333335,Producer Manufacturing,Industrial Machinery,SZSE:000157,A,326944487.5966668,1.9104647232425602,7.110871081707509,1.9640694600224324,1.0,1.9104647232425602,2.729268891501424,cyclical,True,0.1,2.0104647232425603,reject_valuation
600380,"Joincare Pharmaceutical Group Industry Co., Ltd. Class A",9.16,16536870964.000002,13.98473282442748,1.1009509523946883,8.02409164269877,3.41054780238642,3443578690.0,,5528285476.78,-8.788941985322317,-14.108357913916375,-13.462808825472319,2.41228070175439,17680020.49999996,Health Technology,Pharmaceuticals: Major,SSE:600380,A,161948987.7799996,1.7428431088710683,7.872520456534071,1.7763984103490473,1.0,1.7428431088710683,1.8889513344805153,health_special,True,0.28,2.0228431088710686,reject_valuation
300724,Shenzhen S.C New Energy Technology Corp. Class A,52.56,18496889561.0,15.702676864244744,1.373780756509907,9.0046801574755,4.19085282566412,763714310.0,,815378340.47,-52.33815628255654,-65.50683407399445,-65.51269370260468,2.25691179236411,9606402.033333333,Electronic Technology,Semiconductors,SZSE:300724,A,504912490.87200004,1.7438350490670904,8.748704239326408,1.7948574365629424,1.0,1.7438350490670904,2.842698615303796,technology_strict,True,0.28,2.0238350490670904,reject_valuation
300037,"Shenzhen Capchem Technology Co., Ltd. Class A",62.55,47398914218.0,30.308169396259323,4.1176590630959655,14.9238159492209,7.71977932156034,614457860.0,,7061072553.2699995,51.23600557428962,58.13105407425528,56.47888391841688,0.785545954438335,15628582.300000008,Process Industries,Chemicals: Specialty,SZSE:300037,A,977567822.8650005,2.0308592319407133,13.585970862378026,2.230843103026818,1.0,2.0308592319407133,8.964497360426893,cyclical,True,0.0,2.0308592319407133,reject_valuation
002096,"Explosive Co., Ltd. Class A",9.64,11722165285.0,16.809067131647776,1.4758498001325815,9.06689088067442,5.54018224054179,195192440.0,,767182729.39,-2.76716281741025,-7.691966636149685,-7.693545791083206,2.70899470899471,6452626.1,Process Industries,Industrial Specialties,SZSE:002096,A,62203315.604,1.8538953818751012,8.780081539170494,1.9144545590673214,1.0,1.8538953818751012,3.163260099614129,cyclical,True,0.18,2.033895381875101,reject_valuation
600188,Yankuang Energy Group Company Limited Class A,21.56,175870574523.97116,20.246032491313738,2.009630567263901,12.7766847323937,2.52712299350259,-1997816000.0,,145511964000.0,21.50548059653982,-7.1162706111099,-7.3516617365582055,2.29885057471264,54415649.63333332,Energy Minerals,Coal,SSE:600188,A,1173201406.0946662,1.584607659605346,9.926046340813212,2.0396874844385464,1.0,1.584607659605346,22.311252498490852,cyclical,False,0.44999999999999996,2.0346076596053457,reject_valuation
688009,China Railway Signal & Communication Corporation Ltd Class A,4.96,47632945528.715034,14.841412327947337,1.117665880995624,7.66595090488387,3.03975837498836,1823162790.0,,12435836546.66,3.1725654665142025,0.6593492421616377,0.6626506024096324,3.46232179226069,28240036.3,Electronic Technology,Electronic Equipment/Instruments,SSE:688009,A,140070580.048,1.936017137611993,7.530724544934224,1.9707814619153574,1.0,1.936017137611993,1.7639867725149916,technology_strict,True,0.1,2.036017137611993,reject_valuation
600312,"Henan Pinggao Electric Co., Ltd. Class A",20.38,26568520648.0,21.74330523845087,2.330479886746453,11.0969931034504,5.74219725554296,170351820.0,,1265291216.78,-6.580960823347122,10.177599817688396,10.16690173953926,1.69050051072523,24249106.966666665,Producer Manufacturing,Electrical Products,SSE:600312,A,494196799.9806666,1.9593871092602735,10.718149155286804,2.028643651383208,1.0,1.9593871092602735,3.4139333478165446,cyclical,True,0.08,2.0393871092602733,reject_valuation
300304,"Jiangsu Yunyi Electric Co., Ltd. Class A",11.97,10432346980.0,24.98434564809017,2.9385266124458997,12.2402151919163,8.87643719252848,71697220.0,,577293559.04,8.18695005902486,0.12213651682750251,0.2930709650408232,0.673400673400673,21474075.433333334,Producer Manufacturing,Auto Parts: OEM,SZSE:300304,A,257044682.937,2.041168823942766,11.761471178135594,2.124253443271256,1.0,2.041168823942766,3.9112385384930115,cyclical,True,0.0,2.041168823942766,reject_valuation
603833,"Oppein Home Group, Inc. Class A",31.3,18747256462.0,13.687847115931254,1.0280483110447205,7.76512176586144,4.19053885992091,1318855460.0,,8460613991.38,-19.423136239185272,-45.949222287754324,-46.67459540133388,8.0032310177706,5171361.9,Consumer Durables,Home Furnishings,SSE:603833,A,161863627.47000003,1.7627343818494214,7.510664769539816,1.8224548073884967,1.0,1.7627343818494214,3.276922165474827,stable_or_general,True,0.28,2.0427343818494217,reject_valuation
002939,"China Great Wall Securities Co., Ltd. Class A",8.13,32598169868.0,13.892686261107313,1.0158195464671846,7.446464971130901,1.6533086748278798,7080677430.0,,69323061964.52,-18.582176445654436,5.272700449355104,5.270732146069456,2.42574257425743,23888857.8,Finance,Investment Banks/Brokers,SZSE:002939,A,194216413.91400003,1.86567536609219,7.3119015817047535,1.9000100187163986,1.0,1.86567536609219,1.8070774514865051,financial_special,True,0.18,2.04567536609219,reject_valuation
600388,Zijin Longking Co Ltd Class A,19.01,25661376658.0,19.595917946603446,2.1915969951718,11.5447627712498,4.22614677924966,-280812880.0,,6639669975.5,25.34631908897141,44.90522749656029,38.03357996585088,2.09135938359934,13560176.833333293,Producer Manufacturing,Industrial Machinery,SSE:600388,A,257778961.6016659,1.6973859346338092,11.183946580832,1.7521469550103717,1.0,1.6973859346338092,3.125366866059376,cyclical,False,0.35,2.0473859346338092,reject_valuation
688612,"Shenzhen VMAX New Energy (Group) Co., Ltd. Class A",38.78,15091319417.0,28.401933499340853,4.50251713696569,16.4941545409685,7.58856670863959,-36889010.0,,1511565936.43,-4.757291409289567,25.466592307446646,25.611775528978843,1.82572614107884,5117905.933333334,Electronic Technology,Electronic Equipment/Instruments,SSE:688612,A,198472392.0946667,1.7219393348592427,15.852854303282498,1.791597459736947,1.0,1.7219393348592427,3.8880455260263624,technology_strict,False,0.33,2.0519393348592425,reject_valuation
603556,"Hexing Electrical Co., Ltd. Class A",25.2,12015586952.0,18.46965699208443,1.78153187704885,9.45240758371052,6.84777234219789,443970400.0,,540381357.45,19.295663458474966,-24.04986669313142,-23.46011443958263,3.23755564548766,12166209.23333333,Electronic Technology,Electronic Equipment/Instruments,SSE:603556,A,306588472.67999995,1.9539632446566815,9.645722591450204,1.9148028379393376,1.0,1.9539632446566815,2.045140415578617,technology_strict,True,0.1,2.0539632446566816,reject_valuation
002967,GRG Metrology & Test Group Co. Ltd. Class A,17.67,11103823637.0,22.37841945288754,2.2150379389491923,10.8703522816517,6.4121210182104305,502859640.0,,1584628107.41,14.049152490482319,21.44709006445927,23.163313055685535,2.01612903225806,4395870.666666667,Commercial Services,Miscellaneous Commercial Services,SZSE:002967,A,77675034.68,2.0586655218764673,9.898098226340021,2.260880720837453,1.0,2.0586655218764673,8.944089668122036,financial_special,True,0.0,2.0586655218764673,reject_valuation
600621,"Shanghai Chinafortune Co., Ltd. Class A",13.75,14300921970.0,17.924651284056836,1.5960719219027497,9.10956627027666,1.41703045657592,11896559240.0,,22740441797.89,10.206420859533766,85.4753692801391,85.46905222437137,1.3353115727003,9158037.933333334,Finance,Investment Banks/Brokers,SSE:600621,A,125923021.58333334,1.9676734053236606,8.904340154847995,2.013024095255133,1.0,1.9676734053236606,2.2528637405964225,financial_special,True,0.1,2.0676734053236605,reject_valuation
605507,Guobang Pharma Ltd. Class A,15.58,12040411481.0,17.08146036618792,1.4319918749626608,8.5876063899907,6.35992462395481,467212420.0,,2201081514.47,1.705888256252241,-15.130095303041305,-14.757009345794394,1.98909681611436,6090630.600000001,Health Technology,Pharmaceuticals: Major,SSE:605507,A,94892024.74800001,1.9890828236023073,8.383310585067028,2.0375554732058574,1.0,1.9890828236023073,2.37896097755238,health_special,True,0.1,2.089082823602307,reject_valuation
601878,Zheshang Securities Co. Ltd. Class A,9.47,42674491745.0,14.941621962764279,1.1437253320064347,7.8221685327132,1.22164083605465,12968401600.0,,99688146501.12001,-33.742291657316805,25.165384856772704,21.884615384615387,1.80658873538789,21422678.533333335,Finance,Investment Banks/Brokers,SSE:601878,A,202872765.7106667,1.9101636458325735,7.654626350851935,1.9519727388262818,1.0,1.9101636458325735,2.1418891853401623,financial_special,True,0.18,2.0901636458325736,reject_valuation
300953,"Ningbo Zhenyu Technology Co., Ltd. Class A",88.65,22527323761.0,30.109024216282307,4.388196765455957,16.2431411302086,5.43958530461322,-63244990.0,,6524398704.690001,50.25045292541995,117.31290797484615,153.2731182795699,0.165471351351351,6368560.799999995,Producer Manufacturing,Industrial Machinery,SZSE:300953,A,564572914.9199996,1.853645423315708,14.574357288812154,2.065890359322752,1.0,1.853645423315708,10.273775423233156,cyclical,False,0.25,2.103645423315708,reject_valuation
601126,"Beijing Sifang Automation Co., Ltd. Class A",40.95,34665521603.0,39.314516129032256,7.002334111370458,18.6238152354052,7.509146366515221,658977750.0,,1563019164.7900002,15.49428831387559,12.878006631921501,11.819645732689219,1.73035328046143,26049104.0,Producer Manufacturing,Electrical Products,SSE:601126,A,1066710808.8000001,2.1109807862726515,17.8110652268705,2.2073085258101677,1.0,2.1109807862726515,4.364036038059527,cyclical,True,0.0,2.1109807862726515,reject_valuation
300008,"Bestway Marine & Energy Technology Co., Ltd. Class A",6.46,10903863994.0,31.40495867768595,4.371510742683133,14.874938423387702,6.11240053877832,48733040.0,,1869147636.1699998,14.793882563013504,74.80466428142888,74.76635514018692,0.507131537242472,48382825.43333348,Producer Manufacturing,Trucks/Construction/Farm Machinery,SZSE:300008,A,312553052.2993343,2.111266466038493,13.919810522754187,2.2561340634881097,1.0,2.111266466038493,6.421054484042632,cyclical,True,0.0,2.111266466038493,reject_valuation
600177,"Youngor Fashion Co., Ltd. Class A",8.22,37146277729.0,13.041408852927178,0.8777334402559308,6.73168610497687,3.96566226491435,2068259500.0,,22668469750.489998,-14.4931108292691,9.083694810995015,11.321087954786282,5.32687651331719,29720128.39999997,Consumer Non-Durables,Apparel/Footwear,SSE:600177,A,244299455.44799978,1.9373168400239882,6.730357510867556,1.9376992725674858,1.0,1.9373168400239882,0.019736423959682003,stable_or_general,True,0.18,2.1173168400239883,reject_valuation
603283,"Suzhou Secote Precision Electronic Co., Ltd. Class A",43.7,16183978612.0,29.16833533573622,4.402463767823934,16.3138705555169,8.87082125825718,-140482790.0,,1538712886.04,-6.358356333216928,3.9980734373546456,2.969072164948447,0.689825129533679,22701226.566666666,Producer Manufacturing,Industrial Machinery,SSE:603283,A,992043600.9633334,1.787946964301019,15.093297979299354,1.9325355780917433,1.0,1.787946964301019,7.481808636790854,cyclical,False,0.33,2.117946964301019,reject_valuation
002085,"Zhejiang Wanfeng Auto Wheel Co., Ltd. Class A",10.45,21168473136.0,24.484536082474225,3.2294052022781985,12.607700368585501,4.85829096722115,809739470.0,,6882614388.43,-2.5176030242548055,19.72001683356685,18.161683277962346,1.42314990512334,22535620.266666487,Producer Manufacturing,Auto Parts: OEM,SZSE:002085,A,235497231.78666478,1.9420302963006746,13.189570720883589,1.8563557981236534,1.0,1.9420302963006746,4.615198135164511,cyclical,True,0.18,2.1220302963006747,reject_valuation
600332,Guangzhou Baiyunshan Pharmaceutical Holdings Company Limited Class A,20.24,30932218398.566864,12.839380867800049,0.8408968347546317,6.66618889697306,3.01088384701692,2269600700.0,,24117278923.28,2.8079167814515458,-8.535882784453994,-8.534957934435742,4.210004952947,9628619.466666667,Health Technology,Pharmaceuticals: Major,SSE:600332,A,194883258.00533333,1.9260451610709788,6.54935657266404,1.96040339617323,1.0,1.9260451610709788,1.7526104662601294,health_special,True,0.2,2.1260451610709787,reject_valuation
000301,"Jiangsu Eastern Shenghong Co., Ltd. Class A",14.62,97425570201.0,23.512383403023478,2.4919081164276737,11.5847045875719,2.00228173845596,23277682780.0,,146631544364.7,7.027715956081586,,,0.0,33591458.76666664,Utilities,Electric Utilities,SZSE:000301,A,491107127.1686663,2.02960578107858,10.598279526639725,2.2185094612689724,1.0,2.02960578107858,8.514891799575231,stable_or_general,True,0.1,2.1296057810785802,reject_valuation
600875,Dongfang Electric Corporation Limited Class A,25.07,94623966731.17036,18.706163259215042,1.8799910312354473,10.471922405383,2.89134974578763,-3422200650.0,,23366203069.710003,6.317380334128685,47.58327013987736,35.4421424962102,2.15622457282343,46264484.333333336,Producer Manufacturing,Electrical Products,SSE:600875,A,1159850622.2366667,1.7863160683466586,10.050115596576571,1.8612883682240462,1.0,1.7863160683466586,4.027978746190886,cyclical,False,0.35,2.1363160683466584,reject_valuation
000938,"Unisplendour Co., Ltd. Class A",35.27,109054847125.0,35.87995930824008,5.64487991626308,17.5837516585061,2.71632563175834,1475584280.0,,36938683671.67,27.505023017627895,74.3114950015559,74.29078014184398,0.17046944662995,251184423.9333333,Electronic Technology,Computer Peripherals,SZSE:000938,A,8859274632.128666,2.040517860185044,15.732682046176944,2.2806002945288624,1.0,2.040517860185044,10.527159665802632,technology_strict,True,0.1,2.140517860185044,reject_valuation
300827,Sineng Electric Co.Ltd. Class A,24.04,13572119232.0,26.23881248635669,3.0861503227363523,14.594936378488802,4.63969979708815,-69670380.0,,4040508220.16,25.27838745972129,4.363315304728168,0.30654696737464693,0.489795918367347,13534914.89999995,Electronic Technology,Electronic Equipment/Instruments,SZSE:300827,A,325379354.1959988,1.797802457366623,11.76177589721733,2.230854652872992,1.0,1.797802457366623,19.411941291139946,technology_strict,False,0.35,2.147802457366623,reject_valuation
300476,"Victory Giant Technology (HuiZhou) Co., Ltd. Class A",219.5,218621252062.5,39.05693950177936,5.689199178474455,20.5696099873279,11.5795439207665,-5205281230.0,,14421593742.99,46.85004224576107,77.05110246460482,69.92713089226862,0.896601348314607,38497002.06666662,Electronic Technology,Electronic Components,SZSE:300476,A,8450091953.633323,1.8987690834119242,14.566423409123662,2.6812992046706605,1.0,1.8987690834119242,29.184737007179816,technology_strict,False,0.25,2.148769083411924,reject_valuation
600827,"Shanghai Bailian Group Co., Ltd. Class A",7.84,13211711882.0,11.363965792143789,0.6840619669399133,6.07819220335889,2.30062826074135,320623060.0,,12715140648.050001,-8.454159447364939,-23.358687235136784,-23.361475227727176,1.92061459667094,13993922.2,Retail Trade,Food Retail,SSE:600827,A,109712350.048,1.8696292272337012,6.019570803467426,1.887836552333242,1.0,1.8696292272337012,0.9644545274344773,stable_or_general,True,0.28,2.149629227233701,reject_valuation
601001,"Jinneng Holding Shanxi Coal Industry Co., Ltd. Class A",16.82,27164149441.0,16.769690927218345,1.471465639265212,8.96478146780336,4.59978399534713,2686593440.0,,1298565344.61,-2.6193622380746495,-25.31093545032742,-24.97569002917197,3.37030191004313,23967722.733333334,Energy Minerals,Coal,SSE:601001,A,403137096.3746667,1.8706190426889926,8.774554317378167,1.9111729576971976,1.0,1.8706190426889926,2.1219385113668165,cyclical,True,0.28,2.1506190426889926,reject_valuation
002832,"BIEM.L.FDLKK Garment Co., Ltd. Class A",26.6,14804142279.0,24.21263426178773,2.7986772567491784,11.8021486130429,8.25085946940954,496570430.0,,778058699.84,15.34194829650873,-12.399997027982545,-12.39933019695399,2.77563608326908,14546498.966666661,Consumer Non-Durables,Apparel/Footwear,SZSE:002832,A,386936872.5133332,2.051544600533977,11.558747497235515,2.0947454962208165,1.0,2.051544600533977,2.0623457964119907,stable_or_general,True,0.1,2.151544600533977,reject_valuation
600546,"Shanxi Coal International Energy Group Co., Ltd. Class A",13.17,26287370976.0,17.166319082377477,1.5061842759851096,9.14134365791913,3.68179647178729,5151810070.0,,6521009044.23,-15.882410299347585,-6.8432681176980985,-6.847984458474989,2.67722473604827,26824880.9,Energy Minerals,Coal,SSE:600546,A,353283681.45299995,1.8778770085408971,8.774066640362763,1.9564837818085838,1.0,1.8778770085408971,4.017757468708593,cyclical,True,0.28,2.157877008540897,reject_valuation
300373,"Yangzhou Yangjie Electronic Technology Co., Ltd. Class A",86.19,48433950891.0,32.58724337404061,4.6439678526861625,14.925969648492,8.64280963130643,607120650.0,,3605584795.5099998,23.867739980413187,21.12965084014756,21.253381011323526,1.03394021128343,17129405.966666676,Electronic Technology,Semiconductors,SZSE:300373,A,1476383500.2670007,2.1832580489893307,14.250876637161655,2.286683423324546,1.0,2.1832580489893307,4.522942409966313,technology_strict,True,0.0,2.1832580489893307,reject_valuation
300674,"Yusys Technologies Co., Ltd. Class A",18.19,11812286450.0,24.432505036937542,2.7317562534541175,11.5211343603083,9.06086008371941,422481280.0,,218668766.17,-9.890042892606651,19.083783033793267,19.005754475703323,1.73611111111111,21278479.933333326,Technology Services,Packaged Software,SZSE:300674,A,387055549.98733324,2.120668353726563,11.180827546435351,2.185214371249923,1.0,2.120668353726563,2.953761350491224,technology_strict,True,0.08,2.200668353726563,reject_valuation
002241,GoerTek Inc. Class A,23.41,83362384015.0,20.614653046847483,2.1607801330065857,11.0977948583618,4.32936577752507,-3860132110.0,,29122453936.49,0.9436719888987779,39.64089203406792,36.76984222570154,1.47182506307822,82980827.53333335,Electronic Technology,Computer Processing Hardware,SZSE:002241,A,1942581172.5553336,1.8575449726677065,10.4817681291853,1.9667152328478161,1.0,1.8575449726677065,5.550893101185295,technology_strict,False,0.35,2.2075449726677063,reject_valuation
601886,"Jangho Group Co., Ltd. Class A",13.46,14911304332.0,21.097178683385582,2.108333241961784,9.9988436920405,2.45935594183918,1483502350.0,,7293738759.879999,6.9461800828619715,12.38938861537444,12.383301039281317,3.72856077554064,21752743.4,Producer Manufacturing,Building Products,SSE:601886,A,292791926.164,2.109961844906109,9.993436912121977,2.1111034040545986,1.0,2.109961844906109,0.05407405181088176,cyclical,True,0.1,2.209961844906109,reject_valuation
001301,"Shijiazhuang Shangtai Technology Co., Ltd. Class A",55.74,19037874547.0,23.4744156664561,2.805530529145003,12.6149196108586,6.289976326213739,-1850827020.0,,8688350618.56,38.95314591251861,-9.848453521551695,-10.237024156050367,0.707144837144837,6211472.533333337,Producer Manufacturing,Electrical Products,SZSE:001301,A,346227479.0080002,1.8608454425860885,11.951439256287781,1.9641496863322094,1.0,1.8608454425860885,5.259489358931091,cyclical,False,0.35,2.2108454425860886,reject_valuation
603876,"Jiangsu Dingsheng New Material Joint-Stock Co., Ltd. Class A",19.82,18789782387.0,22.839363908734732,2.3813671835106542,10.7725388220449,2.95906698669079,1248100200.0,,18103397739.429996,10.157929014837999,163.57234680338377,158.65871833084947,0.840751730959446,23317123.86666673,Non-Energy Minerals,Aluminum,SSE:603876,A,462145395.0373346,2.1201468183151317,10.42659153305018,2.190491862689603,1.0,2.1201468183151317,3.211381223215226,cyclical,True,0.1,2.220146818315132,reject_valuation
002507,"Chongqing Fuling Zhacai Group Co., Ltd. Class A",11.35,12835616210.0,17.787180692681396,1.470691134129623,8.38692100447451,7.81880363706049,625102440.0,,510105.88999999996,3.796791997951977,-7.015916825595831,-7.023167710913597,3.76007162041182,11754562.733333314,Consumer Non-Durables,Food: Specialty/Candy,SZSE:002507,A,133414287.0233331,2.120823682873816,8.268264428970154,2.1512592933480796,1.0,2.120823682873816,1.4147811269600963,stable_or_general,True,0.1,2.220823682873816,reject_valuation
002249,"Zhongshan Broad-Ocean Motor Co., Ltd. Class A",6.66,16762600658.0,18.161985274065994,1.6794813277485114,9.32582011138325,4.77375037549894,1403696210.0,,3721954697.83,-3.0449576594773027,-13.68056950347235,-14.402427637721749,4.32748538011696,39108045.89999996,Producer Manufacturing,Electrical Products,SZSE:002249,A,260459585.69399974,1.9474947036451171,9.247234277558244,1.9640451111033939,1.0,1.9474947036451171,0.8426694155196257,cyclical,True,0.28,2.2274947036451174,reject_valuation
601512,China-Singapore Suzhou Industrial Park Development Group Co.Ltd. Class A,8.59,12815509911.0,13.203197048877959,0.8307631899372236,6.428012757656621,2.69862409688305,788551280.0,,10436850649.66,-32.39305475513963,46.20603460250008,46.202247191011224,2.47953216374269,3603031.966666667,Finance,Real Estate Development,SSE:601512,A,30950044.59366667,2.0540091544079764,6.292136570118251,2.0983646654430173,1.0,2.0540091544079764,2.113813283530308,financial_special,True,0.18,2.2340091544079765,reject_valuation
300919,"CNGR Advanced Material Co., Ltd. Class A",39.4,38253074602.097664,18.399178107779957,1.6887533314302712,9.753819944977572,2.59415589729916,-1311406270.0,,45405439183.45,45.68944969631465,60.03071220930089,48.79099499722067,1.64670658682635,11573539.699999992,Producer Manufacturing,Electrical Products,SZSE:300919,A,455997464.17999965,1.886356136526187,9.178417218083204,2.004613395818412,1.0,1.886356136526187,5.899255165056139,cyclical,False,0.35,2.236356136526187,reject_valuation
002738,"Sinomine Resource Group Co., Ltd. Class A",48.39,36544138099.0,23.593369088249634,2.684701528765254,11.8764989379308,7.60797553410721,-759009410.0,,4735777668.66,12.656628936659875,296.60360960148955,296.5583913379738,0.993640699523052,23401969.066666696,Non-Energy Minerals,Other Metals/Minerals,SZSE:002738,A,1132421283.1360013,1.986559272354065,11.379051116961223,2.073403910900986,1.0,1.986559272354065,4.188505582068824,cyclical,False,0.25,2.2365592723540653,reject_valuation
000758,"China Nonferrous Metal Industry's Foreign Engineering and Construction Co., Ltd. Class A",6.18,12385329693.0,19.409547738693465,1.888435623596278,10.2687294180334,2.48888564269759,-1127528000.0,,7878255043.92,21.103041080103694,21.158738474284387,20.56039379023098,0.877192982456141,31871637.266666662,Non-Energy Minerals,Steel,SZSE:000758,A,196966718.30799997,1.8901605981171772,9.729415898916749,1.9949345305358448,1.0,1.8901605981171772,5.251998540048586,cyclical,False,0.35,2.240160598117177,reject_valuation
688097,Bozhon Precision Industry Technology Co.Ltd. Class A,44.38,20532396951.0,28.73980054397099,3.8982964497218138,14.2735898992941,5.12878289622498,-584945010.0,,4174823610.6000004,58.590686840912156,47.87426647008141,47.291110263258304,0.524254948879704,6616990.733333333,Producer Manufacturing,Industrial Machinery,SSE:688097,A,293662048.7453334,2.013494905398138,13.564104050609338,2.1188130404145578,1.0,2.013494905398138,4.970619540637422,cyclical,False,0.25,2.263494905398138,reject_valuation
300144,"Songcheng Performance Development Co., Ltd. Class A",6.13,15601071320.0,20.993150684931507,2.219968855249339,10.036328470334,8.31286011038563,924928830.0,,160251258.76999998,-7.353302718242251,-14.789366232039402,-14.868804664723045,4.18060200668896,34254735.80000002,Consumer Services,Movies/Entertainment,SZSE:300144,A,209981530.45400012,2.0917161835609863,10.574729294173034,1.9852187324075812,1.0,2.0917161835609863,5.364519758699338,stable_or_general,True,0.18,2.2717161835609865,reject_valuation
601018,"Ningbo Zhoushan Port Co., Ltd. Class A",3.47,67701272949.00001,13.198934956257132,0.8269839870161131,6.36856117267079,4.2132924222693,182837000.0,,23125408000.0,13.28903931810948,-2.779060772115496,-2.773668639053237,3.44827586206897,55212622.43333333,Transportation,Marine Shipping,SSE:601018,A,191587799.84366667,2.072514434327382,6.265535740245999,2.1065931954509787,1.0,2.072514434327382,1.6177191304513339,cyclical,True,0.2,2.272514434327382,reject_valuation
002461,"Guangzhou Zhujiang Brewery Co., Ltd. Class A",8.68,19255958513.0,19.908256880733944,1.70167049934619,8.75964059394352,6.05327786119551,973678810.0,,2048448070.09,1.6160772845271942,4.589376012552796,4.581434396737828,2.18390804597701,5865821.3,Consumer Non-Durables,Beverages: Alcoholic,SZSE:002461,A,50915328.883999996,2.272725309586179,8.547561494411738,2.329115373285077,1.0,2.272725309586179,2.4210936197361144,stable_or_general,True,0.0,2.272725309586179,reject_valuation
601607,Shanghai Pharmaceuticals Holding Co. Ltd. Class A,16.62,54879654011.17139,12.920780533312604,0.7866569352186595,6.217450380014,1.98710717856934,7849879170.0,,65935288668.77,4.334769418667731,-21.40778812228139,-21.423335369578496,2.85888077858881,11930028.4,Health Technology,Pharmaceuticals: Major,SSE:601607,A,198277072.00800002,2.0781477524688357,6.08830815747149,2.122228408799643,1.0,2.0781477524688357,2.0770929343905897,health_special,True,0.2,2.278147752468836,reject_valuation
301029,"Dongguan Yiheda Automation Co., Ltd. Class A",25.36,16600390658.0,29.321308821829113,3.675799152942813,12.788807942921002,10.766324499514802,233200020.0,,8985025.64,22.17325149555975,18.373989930547296,15.643802647412755,2.47414783607813,9236416.700000007,Producer Manufacturing,Industrial Machinery,SZSE:301029,A,234235527.51200017,2.292731969445155,12.536272426578229,2.338917648252827,1.0,2.292731969445155,1.9746603238541716,cyclical,True,0.0,2.292731969445155,reject_valuation
002645,"Jiangsu Huahong Technology Stock Co., Ltd. Class A",17.47,13834822791.0,27.659911336288786,3.0326491500944335,12.0621909813537,6.748778696706979,87771540.0,,1527788984.19,70.50805223384575,,,0.378029395753947,36466879.43333333,Producer Manufacturing,Industrial Machinery,SZSE:002645,A,637076383.7003332,2.293108389599101,10.964059548939007,2.5227801083008017,1.0,2.293108389599101,9.103913493926907,cyclical,True,0.0,2.293108389599101,reject_valuation
600179,"Antong Holdings Co., Ltd. Class A",4.62,29772077910.0,23.77766340710242,2.3379147015363437,10.3400747444602,7.91912559835711,997176660.0,,1715179300.71,10.811468220530195,27.06620325965026,26.662320730117333,0.0,42468430.26666678,Transportation,Air Freight/Couriers,SSE:600179,A,196204147.83200052,2.2995639775081456,9.832398842175575,2.4182972831725804,1.0,2.2995639775081456,4.909789482485294,stable_or_general,True,0.0,2.2995639775081456,reject_valuation
600216,"Zhejiang Medicine Co., Ltd. Class A",12.68,12135638208.0,14.947542143109748,1.034603741871262,7.04781960390628,5.54977556410951,1030533370.0000001,,1037053244.12,-3.752551607363884,-46.91487677656888,-46.29653076728285,2.2029897718332,32434917.33333337,Health Technology,Pharmaceuticals: Other,SSE:600216,A,411274751.7866671,2.1208746794292264,6.921564307802772,2.159561260777305,1.0,2.1208746794292264,1.7914093038580492,health_special,True,0.18,2.3008746794292265,reject_valuation
002138,"Shenzhen Sunlord Electronics Co., Ltd. Class A",44.49,36914881990.0,35.48978940650925,5.318322331694045,15.3858965400139,7.13666702462535,753008240.0,,4598428847.57,14.770229100757732,3.3988566798208266,3.355594030835185,1.74710635509937,36457007.833333366,Electronic Technology,Electronic Production Equipment,SZSE:002138,A,1621972278.5050015,2.3066442253924837,14.985499831448989,2.368275319854823,1.0,2.3066442253924837,2.6023618937226267,technology_strict,True,0.0,2.3066442253924837,reject_valuation
000630,"Tongling Nonferrous Metals Group Co., Ltd. Class A",6.39,86893346268.0,21.602434077079106,2.2512365947492285,11.0297980378941,3.9565414237846404,-5416525120.0,,37712215989.02,45.577828268244616,91.79495637161709,85.33834586466168,1.54320987654321,296069733.66666716,Non-Energy Minerals,Other Metals/Minerals,SZSE:000630,A,1891885598.130003,1.9585520970430772,10.421217288369668,2.0729280926891285,1.0,1.9585520970430772,5.51760555754135,cyclical,False,0.35,2.3085520970430773,reject_valuation
688390,"Goodwe Technologies Co., Ltd. Class A",61.22,15122258447.0,33.54152969537585,4.799362802664814,15.176757612123701,4.16911043321664,690858710.0,,4376439676.7300005,44.32483267652337,,,0.0,8058420.433333327,Electronic Technology,Electronic Equipment/Instruments,SSE:688390,A,493336498.9286663,2.2100589963024615,14.30871771875828,2.3441324620866593,1.0,2.2100589963024615,5.71953453794376,technology_strict,True,0.1,2.3100589963024616,reject_valuation
000858,"Wuliangye Yibin Co., Ltd. Class A",71.98,274351695201.00003,21.355248323740582,2.358187674783707,10.720174839045,6.744340277107081,-5028360700.0,,2373806936.5800004,-18.30097325245516,87.54153488052566,87.5472957934565,7.29723401245048,31610553.00000006,Consumer Non-Durables,Beverages: Alcoholic,SZSE:000858,A,2275327604.9400043,1.9920615702983255,11.042660984476191,1.933886076350787,1.0,1.9920615702983255,3.0082172191504997,stable_or_general,False,0.33,2.3220615702983256,reject_valuation
600776,"Eastern Communications Co., Ltd. Class A",13.09,13827629716.0,30.057405281285877,4.080360343510855,14.4380209751135,11.3738042765276,-64122470.00000001,,178933528.62,1.5725674223742454,181.1655539410254,181.14912846998058,0.408921933085502,15395874.966666667,Electronic Technology,Telecommunications Equipment,SSE:600776,A,201532003.31366667,2.0818230790144416,13.575224825049483,2.214136831518465,1.0,2.0818230790144416,5.975861591773535,technology_strict,False,0.25,2.3318230790144416,reject_valuation
002273,Zhejiang Quartz Crystal Optoelectronic Technology Co Ltd Class A,24.89,36075983735.0,28.69495042656214,3.3901583254334064,12.287839174967,9.29194850049321,360626890.0,,948131218.75,11.182408883936061,8.35429403963022,8.915118031140125,1.17050331642606,44850519.33333324,Electronic Technology,Semiconductors,SZSE:002273,A,1116329426.2066643,2.335231607280472,11.814477024833012,2.4287956518301934,1.0,2.335231607280472,3.8522814580640885,technology_strict,True,0.0,2.335231607280472,reject_valuation
600258,BTG Hotels (Group) Co Ltd Shs -A-,11.95,12965001124.0,15.610711952971913,1.1108745790064227,7.21167769563784,3.42565195606708,2801808890.0,,7912561098.8,-1.9986203687535162,1.0415616133712604,1.0427666314677806,3.8560411311054,17536009.866666667,Consumer Services,Hotels/Resorts/Cruise lines,SSE:600258,A,209555317.90666667,2.1646435977601213,7.116104520748257,2.1937159449325305,1.0,2.1646435977601213,1.3252557715854762,cyclical,True,0.18,2.3446435977601214,reject_valuation
002340,"GEM Co., Ltd. Class A",6.46,32770073401.0,17.75700934579439,1.5227696492679625,8.89307643839654,2.52492354676018,-1606418300.0,,38002343959.13,12.349260878233919,66.1413241832361,66.04290278411685,1.47286821705426,89447403.43333317,Process Industries,Chemicals: Specialty,SZSE:002340,A,577830226.1793323,1.9967228966038277,8.575597498509055,2.0706439812364805,1.0,1.9967228966038277,3.569956269764485,cyclical,False,0.35,2.346722896603828,reject_valuation
600361,"Innovation New Material Technology Co., Ltd. Class A",3.63,13661547215.0,16.93097014925373,1.2165776297180086,7.527123449342471,2.95867482303287,257538439.99999997,,15497208646.42,0.11565924669883336,5.129789405802775,11.958224543080942,2.40437158469945,43343117.43333333,Non-Energy Minerals,Aluminum,SSE:600361,A,157335516.283,2.249328081729911,7.185516358444657,2.3562635313404994,1.0,2.249328081729911,4.538348456708996,cyclical,True,0.1,2.349328081729911,reject_valuation
002518,"Shenzhen Kstar Science and Technology Co., Ltd. Class A",36.24,21319944258.0,32.68103526016773,4.328068551637656,13.829679674472601,8.58359282782261,789293920.0,,1371600786.92,29.58508394722193,50.02322260683878,50.01352813852814,1.21918179355188,14365736.233333278,Producer Manufacturing,Electrical Products,SZSE:002518,A,520614281.09599805,2.363108620692911,13.243364285074493,2.467729087313549,1.0,2.363108620692911,4.239544249751159,cyclical,True,0.0,2.363108620692911,reject_valuation
002493,"Rongsheng Petrochemical Co., Ltd. Class A",14.38,146245448492.0,25.67398678807356,2.888547851868517,11.7568701451412,1.36079993982817,11688106680.0,,221908263933.72,-7.791848574858634,1043.0847480992038,1043.0612244897957,0.683060109289617,53480491.53333333,Distribution Services,Wholesale Distributors,SZSE:002493,A,769049468.2493334,2.1837433322918796,11.25087379576882,2.281954917824154,1.0,2.1837433322918796,4.303835486194407,stable_or_general,True,0.18,2.3637433322918797,reject_valuation
300130,"XGD, Inc. Class A",20.22,11042694007.0,24.706744868035187,2.5371888900739696,10.4519347099544,7.4192467729377904,63130600.0,,280684574.38,15.924928885358918,661.7156620152783,685.4126679462572,3.06122448979592,16114062.333333338,Electronic Technology,Computer Processing Hardware,SZSE:300130,A,325826340.38000005,2.363844164133989,10.269215566946276,2.405903810955071,1.0,2.363844164133989,1.748184887091797,technology_strict,True,0.0,2.363844164133989,reject_valuation
300124,"Shenzhen Inovance Technology Co., Ltd Class A",59.31,162862379996.0,33.134078212290504,4.365844681634155,14.597536690568703,7.260354928545351,2609094850.0,,16101367700.59,19.31957739036183,-4.756444978632899,-6.419907988289419,0.831255195344971,23785671.433333352,Producer Manufacturing,Auto Parts: OEM,SZSE:300124,A,1410728172.7110012,2.26984037887009,13.176297386823702,2.514672919072439,1.0,2.26984037887009,9.736158462018118,cyclical,True,0.1,2.36984037887009,reject_valuation
000878,Yunnan Copper Co. Ltd. Class A,17.35,42925757899.0,22.147051314781724,2.206929887045894,10.9281599836172,3.1729165915118305,-5079704910.0,,31050407096.350002,11.298410327572963,23.60403159102667,3.106080547512497,1.29943502824859,49536530.333333336,Non-Energy Minerals,Other Metals/Minerals,SZSE:000878,A,859458801.2833334,2.0266038700003635,9.96489264271904,2.22250776890845,1.0,2.0266038700003635,8.814542817292459,cyclical,False,0.35,2.3766038700003635,reject_valuation
600116,"Chongqing Three Gorges Water Conservancy and Electric Power Co., Ltd. Class A",6.28,11989135459.0,15.521502718734553,1.0298390958406307,6.789998179094179,3.07581806439769,1286962890.0,,10011840537.48,3.4785956391119517,495.5820811753149,495.87628865979383,1.99362041467305,16906721.29999995,Utilities,Electric Utilities,SSE:600116,A,106174209.76399969,2.285936212254655,6.634918760782153,2.3393659030882863,1.0,2.285936212254655,2.283939026515547,stable_or_general,True,0.1,2.3859362122546552,reject_valuation
002156,"TongFu Microelectronics Co., Ltd. Class A",56.87,90191111412.0,34.19312169312169,5.124305173232512,15.978304646695502,5.40652038416262,-890965670.0,,21021952918.6,19.676432009429377,229.0766699422252,229.0858725761773,0.136065849151688,120731285.7333332,Electronic Technology,Semiconductors,SZSE:002156,A,6865988219.654658,2.1399718211151533,14.986362518235122,2.281615812477254,1.0,2.1399718211151533,6.208056176132093,technology_strict,False,0.25,2.3899718211151533,reject_valuation
688029,"Micro-Tech (Nanjing) Co., Ltd. Class A",77.81,14567568566.0,28.467420334394323,3.4677747858322614,12.4227862243661,9.70357388925286,472611020.0,,255012862.12,12.031810285336626,-15.799803960192465,-15.670122176971498,1.93423597678917,2262669.966666666,Health Technology,Medical Specialties,SSE:688029,A,176058350.1063333,2.2915487572794433,12.1815561266101,2.336928060628349,1.0,2.2915487572794433,1.9418356993284647,health_special,True,0.1,2.3915487572794434,reject_valuation
002673,"Western Securities Co., Ltd. Class A",6.94,28517808927.0,15.456570155902005,1.0235203199754592,6.72994255580161,1.5787349544326903,1376856400.0,,67004249741.59,7.5463114927093216,30.582665552116662,30.67520372526193,1.72910662824207,28135958.49999993,Finance,Investment Banks/Brokers,SZSE:002673,A,195263551.98999953,2.296686788593392,6.621911003875809,2.3341555250221973,1.0,2.296686788593392,1.6052373557434163,financial_special,True,0.1,2.3966867885933922,reject_valuation
001965,"China Merchants Expressway Network & Technology Holdings Co., Ltd. Class A",9.8,66999636484.99999,14.13733410271206,0.8761632631896099,6.43168551044993,2.89488880307933,7533489390.0,,54381943147.37,20.110663752434448,-7.928686100201751,-5.093099671412926,3.78296146044625,16312247.433333334,Transportation,Other Transportation,SZSE:001965,A,159860024.8466667,2.1980760843704683,6.197514020847322,2.281129829663412,1.0,2.1980760843704683,3.6409039158108225,stable_or_general,True,0.2,2.3980760843704685,reject_valuation
600906,Caida Securities Co Ltd Class A,6.66,21546799567.0,18.979766315189515,1.6938849735107928,9.20192560022369,1.96109173413756,-966293520.0,,21588172386.65,29.3955289982511,38.803692727178706,38.80537974683543,1.6566265060241,33908080.1,Finance,Investment Managers,SSE:600906,A,225827813.46600002,2.06258636939296,8.924688246320377,2.1266587460928754,1.0,2.06258636939296,3.0128189027802454,financial_special,False,0.35,2.41258636939296,reject_valuation
601377,"China Industrial Securities Co., Ltd. Class A",5.96,51125045503.0,14.02682984231584,0.9153121275785386,6.266819139901781,1.07340903159044,39514214990.0,,191615826260.06003,-6.075860561600149,43.763588852239295,43.74154262516916,2.53378378378378,65433597.10000002,Finance,Investment Managers,SSE:601377,A,389984238.7160001,2.2382694520422493,6.525438305505387,2.1495613299234893,1.0,2.2382694520422493,4.126801170260985,financial_special,True,0.18,2.4182694520422494,reject_valuation
600392,"Shenghe Resources Holding Co., Ltd. Class A",21.73,38930810107.0,28.24278658695087,2.9168568283712317,11.4720673338005,6.363750850933431,1022973020.0,,7695507793.599999,45.27880945834138,106.66304160123146,106.66129465484822,1.57374100719424,68493828.93333331,Non-Energy Minerals,Other Metals/Minerals,SSE:600392,A,1488370902.7213328,2.4618741997563327,10.327794034739188,2.7346388291586505,1.0,2.4618741997563327,9.974429767247827,cyclical,True,0.0,2.4618741997563327,reject_valuation
002246,"North Chemical Industries Co., Ltd. Class A",21.35,11831699306.0,30.719424460431657,3.5919902822782808,12.3500160068135,7.579248115245761,253454280.0,,640500386.4100001,36.55480797165968,772.0016618410498,772.0200752823087,0.278422273781903,15993576.533333333,Process Industries,Textiles,SZSE:002246,A,341462858.9866667,2.4873995664041053,11.692895766667002,2.627187060711144,1.0,2.4873995664041053,5.320804764819442,cyclical,True,0.0,2.4873995664041053,reject_valuation
600176,"China Jushi Co., Ltd. Class A",40.18,170653722596.0,35.27655838454785,4.809493542853928,14.1785279173566,8.1398802848291,2285756280.0,,15903641681.28,21.91245413131354,42.928338403007935,43.81313131313131,0.844475721323012,254647395.10000005,Process Industries,Industrial Specialties,SSE:600176,A,10231732335.118002,2.488026866411439,13.633681297438088,2.5874565801370673,1.0,2.488026866411439,3.8427587341527847,cyclical,True,0.0,2.488026866411439,reject_valuation
600699,Ningbo Joyson Electronic Corp. Class A,19.12,28241432688.88028,20.82108243493412,1.7884636610749116,8.949767024864,1.9555155698454803,1272161340.0,,27647913882.67,-0.34676840434621,32.560617471848666,23.162553648068663,0.922131147540984,23715017.20000003,Producer Manufacturing,Auto Parts: OEM,SSE:600699,A,453431128.86400056,2.326438484609661,8.58967667345759,2.423965793645297,1.0,2.326438484609661,4.023460615298912,cyclical,True,0.18,2.506438484609661,reject_valuation
300450,Wuxi Lead Intelligent Equipment Co. Ltd. Class A,31.57,52551475679.5754,28.311362209667294,2.9186107893376874,11.7496099612118,4.02702256188416,6211835640.0,,7179965340.96,26.023587885482435,213.8046739183797,206.4303380049464,0.894359613586787,32668533.76666667,Producer Manufacturing,Industrial Machinery,SZSE:300450,A,1031345611.0136667,2.409557619625647,10.3089733645564,2.746283379391149,1.0,2.409557619625647,12.261143998918056,cyclical,True,0.1,2.5095576196256473,reject_valuation
600114,"NBTM New Materials Group Co., Ltd. Class A",28.88,19871896853.0,37.448132780082986,5.077587934750885,14.885236981235,6.21919832902447,941293370.0,,2473652773.4,8.4490497398253,1.4975996577842354,1.5003948407475605,1.00772589855559,18305202.866666682,Producer Manufacturing,Metal Fabrication,SSE:600114,A,528654258.78933376,2.5157901635890507,13.558988280054995,2.7618677740999633,1.0,2.5157901635890507,8.909825909066349,cyclical,True,0.0,2.5157901635890507,reject_valuation
000739,Apeloa Pharmaceutical Co. Ltd. Class A,22.35,24906537476.0,29.847756410256412,3.8422923786798333,12.766107549245001,6.914979306135681,437831440.0,,3143972366.1,-16.90222260641329,-12.309658169822633,-10.516252390057359,2.72720930232558,26853842.366666667,Health Technology,Pharmaceuticals: Major,SZSE:000739,A,600183376.8950001,2.338046761326371,12.872968828436058,2.318638132978578,1.0,2.338046761326371,0.8370701780385348,health_special,True,0.18,2.5180467613263713,reject_valuation
603156,"Hebei Yangyuan Zhihui Beverage Co., Ltd. Class A",40.43,51557955928.0,37.19411223551058,5.8054798100546945,15.3670620271366,10.7189037283717,2320771340.0,,1746950872.46,14.144318063495783,-4.610077254126811,-4.55702871191501,3.66658518699585,15390667.066666666,Consumer Non-Durables,Food: Major Diversified,SSE:603156,A,622244669.5053333,2.4203788707190568,15.608598945163127,2.3829244614576046,1.0,2.4203788707190568,1.5717833220169286,stable_or_general,True,0.1,2.520378870719057,reject_valuation
300613,"Shanghai Fullhan Microelectronics Co., Ltd. Class A",72.37,17700029602.0,35.48592723350005,5.109158220824074,15.6066059779996,11.0585486991244,-47434430.0,,716999829.56,47.04076815039815,168.69553179954275,167.46229508196723,0.105263157894737,15551431.000000002,Electronic Technology,Semiconductors,SZSE:300613,A,1125457061.4700003,2.2737760717175814,14.397702467249712,2.46469374639596,1.0,2.2737760717175814,7.746101314110576,technology_strict,False,0.25,2.5237760717175814,reject_valuation
002430,"Hangzhou Oxygen Plant Group Co., Ltd. Class A",27.29,27071212425.0,26.06245821793525,2.647735696017821,10.6178851309056,4.1990778408645,1070642890.0000001,,7436348304.14,15.13222407419052,7.108006144304971,6.153690186536888,1.44560896277557,17523923.066666715,Process Industries,Chemicals: Specialty,SZSE:002430,A,478227860.48933464,2.4545809166907406,10.15919401722338,2.5654060916397783,1.0,2.4545809166907406,4.319985647114432,cyclical,True,0.1,2.5545809166907407,reject_valuation
600196,"Shanghai Fosun Pharmaceutical (Group) Co., Ltd. Class A",22.34,54847153872.50021,17.40281997351406,1.2100596363321219,7.053163887118491,2.76509374047312,1537301120.0,,39541494314.07,6.157550527596805,4.404165062540364,4.8945906193822575,1.75044883303411,28270911.533333477,Health Technology,Pharmaceuticals: Major,SSE:600196,A,631572163.6546699,2.467377796976703,6.9532388324062,2.5028365043936995,1.0,2.467377796976703,1.4167408600102127,health_special,True,0.1,2.567377796976703,reject_valuation
300457,"Shenzhen Yinghe Technology Co., Ltd. Class A",21.54,13597092817.0,22.32587064676617,1.9407188768697665,9.04758426948864,3.20815009205916,1915731780.0,,2261488881.29,35.026111308502045,41.682548287096296,41.94497572458438,0.400188323917138,12624706.299999991,Producer Manufacturing,Industrial Machinery,SZSE:300457,A,271936173.7019998,2.4676057146056296,8.692690679684079,2.568349831996733,1.0,2.4676057146056296,3.9225231756213286,cyclical,True,0.1,2.5676057146056297,reject_valuation
603638,"Yantai Eddie Precision Machinery Co., Ltd. Class A",18.49,16434993858.999998,31.917831866045223,3.5362924202086963,12.3574563445413,6.91117239987379,159235760.0,,1442625293.27,33.78655388808069,38.854126173533786,38.787733588883576,1.06780565936999,8496164.766666671,Producer Manufacturing,Industrial Machinery,SSE:603638,A,157094086.53566673,2.582880406463616,11.079362893601395,2.880836395789378,1.0,2.582880406463616,10.342690399262299,cyclical,True,0.0,2.582880406463616,reject_valuation
603039,"Weaver Network Technology Co., Ltd. Class A",39.6,11920395391.0,35.83386118903267,4.544390431992508,13.8008931024866,8.28650669876814,341800370.0,,4854094.54,1.9092722882241664,52.69615069518381,52.17570917102727,0.291626368032578,29102976.73333333,Technology Services,Packaged Software,SSE:603039,A,1152477878.6399999,2.596488569466293,12.681832995946769,2.8256058253160643,1.0,2.596488569466293,8.108606437493549,technology_strict,True,0.0,2.596488569466293,reject_valuation
002594,BYD Company Limited Class A,87.4,718528335482.4504,27.048774449121073,3.3166702907171564,13.0693962615584,3.27144034191008,-56214818000.0,,205186658000.0,-8.233308727252423,-29.81023802124558,-32.19883752649139,0.410033214981102,32700538.299999986,Producer Manufacturing,Electrical Products,SZSE:002594,A,2858027047.419999,2.069626929032739,12.261813550761184,2.2059358786646976,1.0,2.069626929032739,6.17918911199129,cyclical,False,0.53,2.5996269290327394,reject_valuation
000581,Weifu High-Technology Group Co. Ltd. Class A,18.09,15939860330.0,14.541800643086816,0.8735256538404708,6.05415959911607,4.05803069227374,1228331400.0,,3963566902.07,14.306137964436031,-14.523141448281388,-14.177302518109695,4.41988950276243,7768003.966666649,Producer Manufacturing,Auto Parts: OEM,SZSE:000581,A,140523191.75699967,2.401951981115591,6.0069978627835585,2.420810024451773,1.0,2.401951981115591,0.778997242480961,cyclical,True,0.2,2.601951981115591,reject_valuation
002458,"Shandong Yisheng Livestock & Poultry Breeding Co., Ltd. Class A",9.11,12307919824.0,27.423239012642984,2.755020881909099,10.4513318861824,6.35066381840565,555535870.0,,2016504875.42,8.153147827679714,42.75685781160553,44.74945533769063,1.7162471395881,53481299.499999985,Process Industries,Agricultural Commodities/Milling,SZSE:002458,A,487214638.4449998,2.6238989739574694,10.046300076511555,2.7296854368066357,1.0,2.6238989739574694,3.875408551577364,cyclical,True,0.0,2.6238989739574694,reject_valuation
688400,"Luster LightTech Co., Ltd. Class A",44.36,21700362909.0,28.92540427751695,2.6673369082222043,12.1809539279339,9.00320832849977,-30120350.0,,281383126.51,19.143393520948166,522.8356689517597,502.8301886792453,0.18386329223448,11071966.4,Producer Manufacturing,Electrical Products,SSE:688400,A,491152429.504,2.374641957325193,9.221433459083798,3.136757902755702,1.0,2.374641957325193,24.29629474308411,cyclical,False,0.25,2.624641957325193,reject_valuation
600098,Guangzhou Development Group Incorporated Class A,6.11,20789588443.0,13.13978494623656,0.7881338769866199,6.00441925752642,1.96284703866355,-1095686050.0,,42890520479.53,8.77670111217825,-26.56656524256399,-26.551887537513817,5.79470198675497,22168515.133333333,Utilities,Electric Utilities,SSE:600098,A,135449627.46466666,2.1883523422795803,5.998072877230412,2.1906677719967624,1.0,2.1883523422795803,0.10569515591456469,stable_or_general,False,0.44999999999999996,2.63835234227958,reject_valuation
600089,"TBEA Co., Ltd. Class A",18.88,95144082022.0,17.80628124115816,1.3376040309490966,7.76220819131443,2.25982025954197,-13577133060.0,,88709475847.16,7.190227612089014,24.240877349793212,24.244199671900628,1.91184280403611,81731325.59999989,Producer Manufacturing,Electrical Products,SSE:600089,A,1543087427.327998,2.2939710971785847,7.511978569996438,2.370384989152945,1.0,2.2939710971785847,3.2236911862012163,cyclical,False,0.35,2.643971097178585,reject_valuation
001391,"Air China Cargo Co., Ltd. Class A",4.1,46690310209.0,22.126281705342688,1.875262994200406,8.66869943090596,7.417118091896631,2659692510.0,,430613481.0,8.568405271747634,-10.485650822976497,-11.212266411116437,2.14814814814815,21931392.933333334,Transportation,Airlines,SZSE:001391,A,89918711.02666666,2.5524338318222535,8.47527397134964,2.610686307031465,1.0,2.5524338318222535,2.2313088727786923,cyclical,True,0.1,2.6524338318222536,reject_valuation
600529,"Shandong Pharmaceutical Glass Co., Ltd. Class A",19.1,12648485073.0,18.386599922988065,1.4832198139529829,8.25069776495719,6.83951713233524,,,541485395.69,-9.309810341987003,-17.833125880882605,-17.835956655857,2.41343126967471,10078345.066666681,Process Industries,Containers/Packaging,SSE:600529,A,192496390.77333364,2.2284902982485466,8.06685205620083,2.279278186198376,1.0,2.2284902982485466,2.2282443739146562,cyclical,False,0.43000000000000005,2.6584902982485468,reject_valuation
600348,"Shan Xi Hua Yang Group New Energy Co., Ltd. Class A",8.89,32323200138.0,16.181288678558428,1.162816553589624,7.22552406526272,2.31130002720779,-2510883310.0,,38121204996.04,-14.761092231173437,16.00341907381044,16.00506756756756,2.64508928571429,32040784.3333334,Energy Minerals,Coal,SSE:600348,A,284842572.72333395,2.23946229123383,7.186180141081433,2.251723218856484,1.0,2.23946229123383,0.5445130875756932,cyclical,False,0.43000000000000005,2.66946229123383,reject_valuation
688778,XTC New Energy Materials (Xiamen) Co. Ltd. Class A,46.13,23389098278.0,25.493230174081237,2.4422590764099374,9.91721994843973,4.34526468924367,6163790.0,,9111484051.449999,84.34338605391258,62.137423057040266,62.18517522631534,1.07665805340224,6361757.633333332,Process Industries,Chemicals: Specialty,SSE:688778,A,293467879.6256666,2.5706024779748957,9.580029912776462,2.661080435676098,1.0,2.5706024779748957,3.4000459545753925,cyclical,True,0.1,2.670602477974896,reject_valuation
603355,Kingclean Electric Co Ltd Class A,27.34,15399310305.0,25.978715317369822,2.6690799679398003,10.8476687513249,3.69203195653254,1197505010.0,,9369598097.0,-0.34647190158537094,-42.83663979460021,-42.90364583333333,0.0,2748105.23333333,Consumer Durables,Electronics/Appliances,SSE:603355,A,75133197.07933325,2.3948662070084747,10.274102992903606,2.528562866783942,1.0,2.3948662070084747,5.287456425614401,stable_or_general,True,0.28,2.674866207008475,reject_valuation
600995,"China Southern Power Grid Energy Storage Co., Ltd. Class A",12.48,39918112452.0,20.26632023384216,1.702475956619603,8.67060769947618,3.3358683269668004,-4672058550.0,,31649369304.43,24.187893507959025,47.68836645321988,47.67386091127099,1.35364291433147,12020715.099999964,Utilities,Electric Utilities,SSE:600995,A,150018524.44799957,2.337358687680739,8.400518382102176,2.4125082896099372,1.0,2.337358687680739,3.1149987029204573,stable_or_general,False,0.35,2.687358687680739,reject_valuation
000060,Shenzhen Zhongjin Lingnan Nonfemet Co. Ltd. Class A,6.51,29401032212.0,20.452403393025445,1.427712983635032,7.84643273276901,2.71991912526323,273683670.0,,21260817504.440002,18.7123222611646,26.045783840974977,14.126927214055234,0.830815709969789,121596090.43333332,Non-Energy Minerals,Other Metals/Minerals,SZSE:000060,A,791590548.721,2.6065862143455583,6.980661178049628,2.929866222033108,1.0,2.6065862143455583,11.03395114959268,cyclical,True,0.1,2.7065862143455583,reject_valuation
600570,Hundsun Technologies Inc. Class A,22.03,40460719299.0,34.002160827288165,4.295234492897168,13.3491363689816,8.53555657035935,922897500.0,,649413111.15,-10.783167457301799,-3.340633492841917,-3.6436644854253375,0.930232558139535,30070453.133333337,Technology Services,Packaged Software,SSE:600570,A,662452082.5273335,2.547143117535039,12.632239800036656,2.69169690929945,1.0,2.547143117535039,5.370359168782968,technology_strict,True,0.18,2.7271431175350394,reject_valuation
002541,"Anhui Honglu Steel Construction (Group) Co., Ltd Class A",20.65,17932124617.0,18.78468116073865,1.3876802220288353,7.86114605653004,2.8056450113213,-221200350.0,,16045822398.52,6.536822201650939,23.566675005679212,19.8931181153888,1.3840830449827,10718817.233333325,Producer Manufacturing,Metal Fabrication,SZSE:002541,A,221343575.86833316,2.389560125922699,7.38729718196755,2.542835450913252,1.0,2.389560125922699,6.027732739666836,cyclical,False,0.35,2.739560125922699,reject_valuation
601198,"Dongxing Securities Co., Ltd.",14.17,45512833191.0,19.84871830788626,1.5045609325941838,7.749366099679851,1.90479122026704,1372175260.0,,69131114581.91,-46.63424786089404,29.12837165403184,29.142547033285098,1.17897727272727,21177835.9,Finance,Investment Banks/Brokers,SSE:601198,A,300089934.70299995,2.5613344436916288,7.58014149455884,2.6185155411853485,1.0,2.5613344436916288,2.183721906337621,financial_special,True,0.18,2.741334443691629,reject_valuation
603026,"Shida Shinghwa Advanced Material Group Co., Ltd. Class A",60.61,14422809069.0,27.020641077080825,2.608257085241508,11.271667255454,4.47960021511264,-2790353470.0,,5239732355.09,44.562832802119665,,,0.0645369474023879,8530841.433333334,Process Industries,Chemicals: Specialty,SSE:603026,A,517054299.27433336,2.3972177730855564,9.652831987964406,2.7992449377313724,1.0,2.3972177730855564,14.36198594938376,cyclical,False,0.35,2.7472177730855565,reject_valuation
002299,"Fujian Sunner Development Co., Ltd. Class A",17.27,20283331766.0,21.935729709132477,1.85878007198333,8.60839773302131,3.9859937215564503,1664969860.0,,9438650130.31,18.430009091053268,-36.5530828780133,-36.41062918988773,3.05250305250305,11681928.266666668,Process Industries,Agricultural Commodities/Milling,SZSE:002299,A,201746901.16533333,2.5481779989077764,8.473755360002755,2.5886668634159564,1.0,2.5481779989077764,1.5640816931828616,cyclical,True,0.2,2.7481779989077766,reject_valuation
601816,"Beijing-Shanghai High-Speed Railway Co., Ltd. Class A",4.9,238757322474.0,17.594254937163374,1.144418623661439,6.619249743961719,4.66814594636761,20976653540.0,,49024336143.88,3.740941502271861,7.067461479723239,7.363145720894374,2.74385245901639,144308474.26666668,Transportation,Railroads,SSE:601816,A,707111523.9066668,2.6580436783207024,6.504501769177772,2.7049350682838615,1.0,2.6580436783207024,1.7335495595799721,stable_or_general,True,0.1,2.7580436783207025,reject_valuation
300015,"Aier Eye Hospital Group Co., Ltd. Class A",8.39,76392715898.0,30.598103574033555,3.3987976601364385,11.3946450131838,6.96812440518704,3751451330.0,,7723384535.72,3.8569076478187547,-28.416217899496342,-28.649492583918807,2.17654171704958,73625732.50000003,Health Services,Medical/Nursing Services,SZSE:300015,A,617719895.6750003,2.6853055570077897,11.107870302853533,2.7546327729603686,1.0,2.6853055570077897,2.5167498416884704,stable_or_general,True,0.1,2.78530555700779,reject_valuation
688425,China Railway Construction Heavy Industry Corp. Ltd. Class A,4.05,21493994312.0,17.248722316865415,1.1583872960666315,6.864026756506801,4.62993684425362,375133960.0,,3337939407.7400002,-5.92853805618052,-17.638498628363166,-17.642932304454582,2.08436724565757,16218224.5,Producer Manufacturing,Trucks/Construction/Farm Machinery,SSE:688425,A,65683809.224999994,2.5129159498853015,6.71578610164062,2.5683847066915475,1.0,2.5129159498853015,2.159674781652854,cyclical,True,0.28,2.792915949885302,reject_valuation
600862,"Avic Aviation High-Technology Co., Ltd. Class A",18.57,25757477027.0,29.831325301204817,3.3020612543920795,11.41100200999,8.02121479051681,1390535970.0,,112909985.55,-12.299480279143827,-25.06550896132748,-24.86421243210621,1.20605732828556,13238739.4,Producer Manufacturing,Industrial Machinery,SSE:600862,A,245843390.65800002,2.6142599287151436,11.069106789763433,2.69500745342817,1.0,2.6142599287151436,2.9961892910652987,cyclical,True,0.18,2.7942599287151437,reject_valuation
002158,Shanghai Hanbell Precise Machinery Co. Ltd. Class A,27.36,15502118608.0,29.748831140589324,3.354704863218531,11.3682060754784,7.92252538543506,741072410.0,,868821352.7,-11.661708247115264,-26.515773880904202,-26.51218537754695,1.54692334135442,12441691.933333285,Producer Manufacturing,Industrial Machinery,SZSE:002158,A,340404691.2959987,2.616844816418181,11.276761925080711,2.638065017088352,1.0,2.616844816418181,0.8043850524045104,cyclical,True,0.18,2.796844816418181,reject_valuation
001287,"Shenzhen CECport Technologies Co., Ltd. Class A",22.13,11453211936.0,27.28393539637529,2.8920203499958834,11.0809427308073,1.58116997029107,-16653040770.0,,32003167399.37,83.77081462833948,99.93432239866944,99.92605373428643,0.52212389380531,20174161.433333334,Distribution Services,Electronics Distributors,SZSE:001287,A,446454192.5196667,2.462239545785246,10.599718508276824,2.5740245248088938,1.0,2.462239545785246,4.342809400075431,stable_or_general,False,0.35,2.8122395457852463,reject_valuation
600754,"Shanghai Jin Jiang International Hotels Co., Ltd. Class A",19.59,18997173592.0,18.971528181289948,1.3078475526427,6.9940520516797005,2.37854590728604,2148552120.0,,19757095320.47,3.1172463041584173,153.35081953256542,153.33660451422963,2.67295597484277,13922958.7,Consumer Services,Hotels/Resorts/Cruise lines,SSE:600754,A,272750760.93299997,2.7125231612672542,6.89373855466489,2.7519941510477213,1.0,2.7125231612672542,1.4342686653399994,cyclical,True,0.1,2.8125231612672543,reject_valuation
600816,J-Yuan Trust Co.Ltd. Class A,2.5,23906210322.0,21.44082332761578,1.6277737264298364,7.85658878369167,4.39178668678934,145216610.0,,4131010041.91,120.2621559552857,1882.5041727698529,1876.2711864406779,0.0,74120022.10000005,Finance,Investment Banks/Brokers,SSE:600816,A,185300055.25000012,2.7290245064272187,7.591936660068757,2.824157298412129,1.0,2.7290245064272187,3.3685372991935747,financial_special,True,0.1,2.829024506427219,reject_valuation
603501,"OmniVision Integrated Circuits Group, Inc. Class A",80.25,98733521067.56412,30.29445073612684,3.0906668792583325,11.0800368433455,6.96937659400862,453319720.0,,11910390999.54,4.81428314340637,-18.74471130019743,-18.278574733919477,0.630517023959647,18738595.33333333,Electronic Technology,Semiconductors,SSE:603501,A,1503772275.4999995,2.7341471120036234,10.20208917527143,2.969435986656218,1.0,2.7341471120036234,7.923689067887452,technology_strict,True,0.1,2.8341471120036235,reject_valuation
300002,"Beijing Ultrapower Software Co., Ltd. Class A",8.29,15838732419.0,24.23976608187134,2.070512308184143,8.86021709777813,7.516298286230791,1234879700.0,,65823181.230000004,4.691915138428315,-48.40164665945953,-48.67947178871548,0.734394124847001,45368430.9999999,Technology Services,Information Technology Services,SZSE:300002,A,376104292.9899992,2.7357982106273595,8.541799872122763,2.8377820183988227,1.0,2.7357982106273595,3.5937858197088057,technology_strict,True,0.1,2.8357982106273596,reject_valuation
002237,"Shandong Humon Smelting Co., Ltd. Class A",14.96,21749849185.0,20.967063770147163,1.5576291551527748,8.43455572402201,2.9369886878608,-2893745990.0,,17803948056.329998,68.87577042060676,82.94578952055481,64.81866481866481,0.880999342537804,33783543.53333333,Non-Energy Minerals,Precious Metals,SZSE:002237,A,505401811.2586667,2.4858527770979073,7.428933169796155,2.8223519166107245,1.0,2.4858527770979073,11.92264995489679,cyclical,False,0.35,2.8358527770979074,reject_valuation
300957,"Yunnan Botanee Bio-Technology Group Co., Ltd. Class A",33.61,13983035490.0,25.646699732926365,2.2889591263136317,9.02645252410022,6.78602816188205,984051630.0,,930481544.13,5.193276873236218,107.13036200327322,107.0627271290883,1.96910027264465,8286797.8,Consumer Non-Durables,Household/Personal Care,SZSE:300957,A,278519274.05799997,2.841282293841444,8.92496559069924,2.8735908808043975,1.0,2.841282293841444,1.1243280029448521,stable_or_general,True,0.0,2.841282293841444,reject_valuation
002984,"Qingdao Sentury Tire Co., Ltd. Class A",13.76,14063949270.0,16.868946916758613,1.0539691974438183,6.378612333881091,4.82721967926032,371505030.0,,3137858262.15,4.683088610439266,-50.96538835264758,-52.390124321484855,0.366568914956012,9895418.53333337,Consumer Durables,Automotive Aftermarket,SZSE:002984,A,136160959.01866716,2.6446107764154774,6.247984551997984,2.6999021486639645,1.0,2.6446107764154774,2.0479028203243543,stable_or_general,True,0.2,2.8446107764154775,reject_valuation
603127,"Joinn Laboratories (China) Co., Ltd. Class A",42.94,30515680947.27355,31.987485101311083,3.5086773168995844,11.5274599459218,9.69836052326087,383951230.0,,82440829.69999999,-7.873751631345846,223.0269760640384,227.81440781440784,0.269058295964126,47262435.80000003,Health Technology,Biotechnology,SSE:603127,A,2029448993.252001,2.77489449118647,10.968906451341411,2.916196363166108,1.0,2.77489449118647,4.845416919258039,health_special,True,0.08,2.85489449118647,reject_valuation
601928,"Jiangsu Phoenix Publishing & Media Corp., Ltd. Class A",8.65,21326261473.0,16.91104594330401,1.0998274605937544,6.50931617502927,4.16966938496602,1882432220.0,,201279913.64,-15.744502242870581,-33.56939500377966,-33.56280036368361,5.96658711217184,11867199.7,Consumer Services,Publishing: Books/Magazines,SSE:601928,A,102651277.405,2.5979758070713115,6.503604001083297,2.600257632612188,1.0,2.5979758070713115,0.0877538253232335,stable_or_general,True,0.28,2.8779758070713113,reject_valuation
600848,Shanghai Lingang Holdings Corp. Ltd. Class A,8.65,20907246142.0,18.210526315789476,1.3028266065810066,6.740947457084411,1.38556265752475,626585440.0,,33222982961.17,-28.437490264242143,7.178216578186598,7.17509025270758,2.34466588511137,9144489.566666668,Electronic Technology,Electronic Equipment/Instruments,SSE:600848,A,79099834.75166668,2.701478750832139,7.154250151745411,2.545413695290859,1.0,2.701478750832139,6.131225577595023,technology_strict,True,0.18,2.881478750832139,reject_valuation
002050,"Zhejiang Sanhua Intelligent Controls Co., Ltd. Class A",35.46,134207257750.31714,37.456427590577796,4.590986596028136,12.9842709584267,8.13707578144331,3421339870.0,,8641143256.58,3.7913917944663735,8.18564563885787,-1.7232430187895835,1.10192837465565,55291191.300000146,Producer Manufacturing,Industrial Machinery,SZSE:002050,A,1960625643.4980052,2.884754000475386,12.256872561928473,3.0559530909151,1.0,2.884754000475386,5.602150469804778,cyclical,True,0.0,2.884754000475386,reject_valuation
600522,"Jiangsu Zhongtian Technology Co., Ltd. Class A",31.7,110690960617.0,29.082568807339445,2.8141606432975927,10.0565895371295,5.83116703265325,4792396920.0,,12483962218.47,19.10957282408951,26.345346649057426,26.25970114676244,0.790033424491036,231746359.4666671,Producer Manufacturing,Electrical Products,SSE:600522,A,7346359595.093347,2.8918917989011033,9.676451423326109,3.005499385573604,1.0,2.8918917989011033,3.7799903476213315,cyclical,True,0.0,2.8918917989011033,reject_valuation
002223,"Jiangsu Yuyue Medical Equipment & Supply Co., Ltd. Class A",25.79,25351855872.0,22.904085257548846,1.9213863185969933,8.425064832109,6.69684056124251,1443007430.0,,965733197.64,-0.4550737163696947,-40.583661394747594,-40.42328042328043,3.8971161340608,9457873.933333326,Health Technology,Medical Specialties,SZSE:002223,A,243918568.74066648,2.7185648673299756,8.38883673803883,2.7303052822200278,1.0,2.7185648673299756,0.4300037423106806,health_special,True,0.18,2.8985648673299758,reject_valuation
688475,"Hangzhou EZVIZ Network Co., Ltd. Class A",29.3,22695749760.0,34.24497428705002,3.920802466492528,11.8113423468639,7.55340723687926,613004620.0,,252893435.53,6.942672093070265,28.403029609890414,28.410625844214323,1.38792505204719,5528872.233333333,Electronic Technology,Computer Peripherals,SSE:688475,A,161995956.43666667,2.8993295834950215,11.44927846529354,2.9910159309040822,1.0,2.8993295834950215,3.065391476579238,technology_strict,True,0.0,2.8993295834950215,reject_valuation
600577,"Tongling Jingda Special Magnet Wire Co., Ltd. Class A",7.98,18189284952.0,28.459343794579176,2.680055750533157,10.0339561161352,4.06340940034021,1352492770.0,,9113324144.02,18.268783092879357,6.63904162528637,2.410518626734841,1.10429447852761,71849797.4333334,Producer Manufacturing,Electrical Products,SSE:600577,A,573361383.5180005,2.8363033947113694,9.417138251246831,3.022079854334851,1.0,2.8363033947113694,6.147304789349139,cyclical,True,0.1,2.9363033947113695,reject_valuation
000065,Norinco International Cooperation Ltd. Class A,9.79,11265989238.0,16.54834347532116,1.0158362542516741,6.225863204508881,2.6015354507914,360009850.0,,5584083599.41,-30.79101494016393,-31.749565526559486,-34.010039040713885,1.41237113402062,23924026.466666672,Distribution Services,Wholesale Distributors,SZSE:000065,A,234216219.1086667,2.657999851865771,6.13859783468121,2.6957855720451427,1.0,2.657999851865771,1.4016589661731027,stable_or_general,True,0.28,2.9379998518657713,reject_valuation
000559,"Wanxiang Qianchao Co., Ltd. Class A",10.91,37198322116.0,34.43813131313131,4.375762048386062,12.1339723422825,4.23342060670889,955893450.0,,9876873378.03,1.436286961189979,5.764224225656244,5.039787798408503,1.7825311942959,34426346.96666677,Producer Manufacturing,Auto Parts: OEM,SZSE:000559,A,375591445.4063345,2.8381580525881778,12.706154142334599,2.7103505063258844,1.0,2.8381580525881778,4.715535719974007,cyclical,True,0.1,2.938158052588178,reject_valuation
600575,"Huaihe Energy Group Co., Ltd. Class A",3.29,23287432591.0,17.288491854965844,1.1141438701768407,6.67882466946281,2.86652961245247,-4588896560.0,,20973446571.019997,34.43756087942101,51.50893602841524,1.223404255319147,5.77507598784195,48828359.73333338,Transportation,Air Freight/Couriers,SSE:600575,A,160645303.5226668,2.5885530329929125,6.444424878256923,2.6827051570258984,1.0,2.5885530329929125,3.5095964156331205,stable_or_general,False,0.35,2.9385530329929126,reject_valuation
300378,"Digiwin Co., Ltd. Class A",39.74,10345019606.0,34.74383633502361,4.305189627678015,12.8641608370754,6.95465402044141,-67940460.0,,1357558489.77,4.95605658206,93.9542662610801,92.00940070505287,0.32569046378322,17034537.7,Technology Services,Packaged Software,SZSE:300378,A,676952528.198,2.7008241559674437,12.39123275324135,2.8039047467601774,1.0,2.7008241559674437,3.6763228462678654,technology_strict,False,0.25,2.9508241559674437,reject_valuation
600497,"Yunnan Chihong Zinc & Germanium Co., Ltd. Class A",9.84,50857438713.0,29.285714285714285,2.790982630104038,9.90934450341349,6.37232815226464,2491890540.0,,3146705522.67,41.21130099019582,28.074999785517956,29.032258064516125,0.991080277502478,145220656.4000001,Non-Energy Minerals,Other Metals/Minerals,SSE:600497,A,1428971258.976001,2.955363422436891,9.530184590599154,3.072943027210884,1.0,2.955363422436891,3.8262865185858197,cyclical,True,0.0,2.955363422436891,reject_valuation
688516,Wuxi Autowell Technology Co. Ltd. Class A,41.08,13345844304.0,30.656716417910445,3.4142684505969982,11.3376886041008,3.05621423712637,95969920.0,,4326782512.86,-29.694211856367637,-46.39916436134822,-47.12543897723237,3.06603773584906,8274125.2666666545,Producer Manufacturing,Industrial Machinery,SSE:688516,A,339901065.95466614,2.703965286788881,11.137097672346586,2.752666567164179,1.0,2.703965286788881,1.7692400872754588,cyclical,True,0.28,2.983965286788881,reject_valuation
002049,"Unigroup Guoxin Microelectronics Co., Ltd. Class A",62.08,52921345823.0,33.8661284163439,3.6386911027906788,11.3400252209031,8.29729576121994,850769170.0,,2289684503.0499997,15.06451079469437,36.09039946754697,36.34064708069914,0.493945188017846,19861233.399999984,Electronic Technology,Semiconductors,SZSE:002049,A,1232985369.471999,2.986424435275362,10.744337404197154,3.1519978517348566,1.0,2.986424435275362,5.252967300354062,technology_strict,True,0.0,2.986424435275362,reject_valuation
600487,"Hengtong Optic-Electric Co., Ltd. Class A",62.22,159106057612.0,36.320121417313636,4.510960939080277,13.1605114802238,5.67292746042698,-1632997960.0,,26333494776.35,17.44724646795179,50.99686212578002,50.54925740398982,0.421197733190381,215148124.76666668,Producer Manufacturing,Electrical Products,SSE:600487,A,13386516322.982,2.759780383299814,12.420005118512414,2.9243241907507214,1.0,2.759780383299814,5.626729347291226,cyclical,False,0.25,3.009780383299814,reject_valuation
600329,Tianjin Pharmaceutical Da Ren Tang Group Corporation Limited Class A,35.96,23915580958.0,32.649355365897954,4.661400338586699,11.5192115961843,7.25221655422971,793621330.0,,98343424.49000001,-20.986096841463514,-75.76198174056056,-75.72779161249092,13.3129516397999,2946043.6,Health Technology,Pharmaceuticals: Major,SSE:600329,A,105939727.856,2.8343394071095056,14.277158879086176,2.2868244055001865,1.0,2.8343394071095056,23.942153157560142,health_special,True,0.18,3.0143394071095058,reject_valuation
300140,"CECEP Environmental Protection Co., Ltd. Class A",5.41,16734961526.0,18.351424694708278,1.1602545268156053,6.444307793993051,3.0326414049746,1944835790.0,,10284151986.66,-0.6847573510840144,28.131533870854103,28.118209474141683,2.22222222222222,11158531.3,Producer Manufacturing,Industrial Machinery,SZSE:300140,A,60367654.333000004,2.8476952500335626,6.322422079579305,2.9025940476168564,1.0,2.8476952500335626,1.8913701565800412,cyclical,True,0.18,3.0276952500335628,reject_valuation
600956,China Suntien Green Energy Corporation Limited Class A,7.15,22456066795.237965,18.950437317784257,1.3130372663849605,7.26467648983676,1.84774638919711,-2403234370.0,,50606355909.8712,-9.895676626211337,2.4472108249369224,-3.676282869543009,2.79329608938548,6922958.366666666,Utilities,Gas Distributors,SSE:600956,A,49499152.321666665,2.608572775992958,6.928796651846791,2.735025758438622,1.0,2.608572775992958,4.623465868849941,cyclical,False,0.43000000000000005,3.038572775992958,reject_valuation
301371,"Harbin Fuerjia Technology Co., Ltd. Class A",21.68,11192754809.0,24.56657223796034,2.037239765642252,8.32517523269393,7.964393465266401,350768100.0,,16063198.360000001,12.669414275053835,-16.601857665215018,-16.60366660366661,3.70541917554423,3917965.6333333324,Consumer Non-Durables,Household/Personal Care,SZSE:301371,A,84941494.93066664,2.9508774952249124,8.292731057100033,2.962422399666156,1.0,2.9508774952249124,0.38971162392454906,stable_or_general,True,0.1,3.0508774952249125,reject_valuation
601689,"Ningbo Tuopu Group Co., Ltd. Class A",45.82,83120678557.0,31.766500277315586,3.2879629842246665,10.7134835488744,6.04067156413192,1329997000.0,,10113816752.02,12.934950402943512,-11.714094914586402,-12.982625482625487,1.02446163495714,24078662.066666704,Producer Manufacturing,Auto Parts: OEM,SSE:601689,A,1103284295.8946683,2.965095352263186,10.350409883120163,3.0691055364987614,1.0,2.965095352263186,3.3889412729100954,cyclical,True,0.1,3.065095352263186,reject_valuation
000155,"Sichuan New Energy Power Co., Ltd. Class A",12.02,22504791228.0,24.58580486807118,1.9839337676420732,8.29029414284459,3.1728641169697003,251049800.0,,12166917970.84,99.20164027190967,125.99193619716202,126.02866389274156,1.39458572600492,42369831.766666666,Process Industries,Chemicals: Agricultural,SZSE:000155,A,509285377.8353333,2.965613094595848,8.069427778703908,3.0467841763149277,1.0,2.965613094595848,2.6641559435055195,cyclical,True,0.1,3.065613094595848,reject_valuation
688779,"Minmetals New Energy Materials (Hunan) Co., Ltd. Class A",7.74,15067207861.0,23.611958511287373,1.9765470183251956,8.68176345099397,4.06715901872848,-772667720.0,,8361457347.86,140.34669325401958,,,0.529705505761844,26305999.8,Producer Manufacturing,Electrical Products,SSE:688779,A,203608438.45200002,2.7197191727890324,8.37095752722221,2.82069983445761,1.0,2.7197191727890324,3.579986088381326,cyclical,False,0.35,3.0697191727890325,reject_valuation
600458,"Zhuzhou Times New Materials Technology Co., Ltd. Class A",11.51,10776232592.0,19.260374832663988,1.3198285025622563,7.047293786216061,2.12800250425121,-640933530.0,,7560737423.059999,9.838665970057567,5.717981298531442,-8.623853211009175,2.00518582541054,17168914.86666668,Producer Manufacturing,Auto Parts: OEM,SSE:600458,A,197614210.11533347,2.733017157640814,6.852558758742001,2.810683645447474,1.0,2.733017157640814,2.7632596764299078,cyclical,False,0.35,3.083017157640814,reject_valuation
002126,"Zhejiang Yinlun Machinery Co., Ltd Class A",41.67,36892769160.0,37.916287534121935,4.6659433166828475,13.872196729582301,4.4513244354785,-29306250.0,,8161863357.11,27.83350956841955,17.80798739611733,,0.272170560217736,18010341.233333364,Producer Manufacturing,Auto Parts: OEM,SZSE:002126,A,750490919.1930013,2.7332576284234698,12.305907619473118,3.081145146427268,1.0,2.7332576284234698,11.290851338411956,cyclical,False,0.35,3.08325762842347,reject_valuation
000880,"Weichai Heavy Machinery Co., Ltd. Class A",24.3,10872617208.0,39.314026856495715,5.0679163355836545,13.111589088117102,3.5769530239056104,745373060.0,,1449433205.76,56.96122593007973,22.260285484083305,22.27497527200792,0.769138334959087,12495109.300000003,Producer Manufacturing,Trucks/Construction/Farm Machinery,SZSE:000880,A,303631155.99000007,2.9984181621528707,12.890860440429039,3.049759714502599,1.0,2.9984181621528707,1.6834622119763276,cyclical,True,0.1,3.098418162152871,reject_valuation
600299,Bluestar Adisseo Co. Class A,8.57,25623762810.0,19.155118462226195,1.3386525376603415,7.2180950503909695,4.96576952616979,-52535660.0,,2319244577.0,9.884625840569697,-1.324897995746819,-10.250752256770307,1.81490384615385,41246127.86666667,Process Industries,Chemicals: Specialty,SSE:600299,A,353479315.81733334,2.653763677050589,6.988484776537186,2.740954452177774,1.0,2.653763677050589,3.1810369945370343,cyclical,False,0.44999999999999996,3.1037636770505888,reject_valuation
002245,Jiangsu Azure Corporation Class A,16.86,29474434083.0,36.41468682505399,3.622394389800575,11.6993243623609,6.91971243890893,493702530.0,,3239555849.5,24.620887351801642,35.926660143499916,20.856173322892204,0.264507531865585,71623925.93333337,Distribution Services,Wholesale Distributors,SZSE:002245,A,1207579391.2360005,3.1125461349039463,9.947619231777379,3.6606434139264534,1.0,3.1125461349039463,14.972703348743021,stable_or_general,True,0.0,3.1125461349039463,reject_valuation
600131,"State Grid Information & Communication Co., Ltd. Class A",14.88,17583717899.0,28.58789625360231,2.710199859025894,9.78871381616392,4.56213219590866,200506820.0,,933001691.03,29.153768625228082,-13.003576563303259,-12.988966900702106,1.12321307011573,7073243.133333334,Utilities,Electric Utilities,SSE:600131,A,105249857.82400002,2.9204956637301676,9.480235393971626,3.0155259933504426,1.0,2.9204956637301676,3.151368279690747,stable_or_general,True,0.2,3.1204956637301677,reject_valuation
601969,Hainan Mining Co Ltd,9.52,19090980195.0,28.358653559725944,2.656175887949555,9.3724874876068,4.39003334610038,158737580.0,,5107560020.0,9.912210761983108,13.825844566561946,11.639507815098096,1.14345114345114,18544184.766666666,Non-Energy Minerals,Steel,SSE:601969,A,176540638.97866666,3.0257339470684244,9.366368125889345,3.0277107603042523,1.0,3.0257339470684244,0.0652906896439931,cyclical,True,0.1,3.1257339470684244,reject_valuation
300783,Three Squirrels Inc. Class A,17.78,11149752652.0,26.797287113790507,2.2754322425421365,8.79236180266915,5.21685282669731,334190480.0,,631197877.01,-9.374521115207678,3.7167025892372467,3.2363466625174935,0.676300578034682,8142499.8,Consumer Non-Durables,Food: Specialty/Candy,SZSE:300783,A,144773646.444,3.0477916759130057,8.491278362917365,3.1558601624483447,1.0,3.0477916759130057,3.4243750030894415,stable_or_general,True,0.08,3.1277916759130058,reject_valuation
600276,"Jiangsu Hengrui Pharmaceuticals Co., Ltd. Class A",46.02,301827809056.71216,39.39056749122658,4.7118617690061475,12.5702571765956,11.5606824633304,5688139870.0,,723618746.89,3.9102302233327424,5.051099225897283,1.0377929603044007,0.435161009573542,81813853.43333331,Health Technology,Pharmaceuticals: Major,SSE:600276,A,3765073535.001999,3.133632585064955,11.961903747783314,3.2930015423779118,1.0,3.133632585064955,4.839625954073334,health_special,True,0.0,3.133632585064955,reject_valuation
600737,"Cofco Sugar Holding Co., Ltd. Class A",15.61,33173535211.000004,29.950115118956255,2.980139404086666,10.1184865788371,5.55194074325923,957256270.0,,3065496227.41,-18.042896508655463,-13.968889248476396,-13.965004952129418,2.19213410702772,74408712.7,Process Industries,Agricultural Commodities/Milling,SSE:600737,A,1161520005.247,2.9599401931902714,9.950343737411725,3.009957837571836,1.0,2.9599401931902714,1.6617390369133678,cyclical,True,0.18,3.1399401931902715,reject_valuation
002240,"Chengxin Lithium Group Co., Ltd. Class A",29.47,27626322914.0,26.725310601251472,2.2823340990162806,8.75339208870073,3.68714284225616,72549230.0,,15627130106.25,199.14637176699316,,,0.0,42675128.666666664,Non-Energy Minerals,Other Metals/Minerals,SZSE:002240,A,1257636041.8066666,3.0531376100186005,8.539972212369367,3.1294376535022335,1.0,3.0531376100186005,2.4381391141710007,cyclical,True,0.1,3.1531376100186006,reject_valuation
601231,"Universal Scientific Industrial (Shanghai) Co., Ltd. Class A",24.73,60296026607.0,28.156666287145622,2.622050458302188,9.9656095358948,5.04255762496748,-684973460.0,,4151162309.91,-1.98454460287345,35.27982124643068,28.80187710808037,1.69558359621451,29184080.666666668,Electronic Technology,Electronic Production Equipment,SSE:601231,A,721722314.8866667,2.825383252848615,9.312361170751362,3.0235797099001283,1.0,2.825383252848615,6.555026692451904,technology_strict,False,0.33,3.155383252848615,reject_valuation
600366,"Ningbo Yunsheng Co., Ltd. Class A",11.25,12480676573.0,24.59016393442623,1.9049489727668496,8.03601451313899,4.714407760067541,278961880.0,,3773011384.42,27.27823208318869,202.4040477929633,202.98013245033113,0.871080139372822,44001336.000000015,Process Industries,Chemicals: Specialty,SSE:600366,A,495015030.0000002,3.0599949632023415,7.746792489251855,3.1742381080354742,1.0,3.0599949632023415,3.5990729411234157,cyclical,True,0.1,3.1599949632023416,reject_valuation
300861,"Yangling Metron New Material Co., Ltd. Class A",16.17,11004746074.0,23.10330047149593,1.6402721817141608,7.27696648167669,6.4338258802295005,203062150.0,,245009699.44,29.311413065057003,,,2.83445054945092,12653899.933333334,Process Industries,Industrial Specialties,SZSE:300861,A,204613561.92200002,3.1748532207300597,7.099730983189493,3.254109279097921,1.0,3.1748532207300597,2.4355684327181493,cyclical,True,0.0,3.1748532207300597,reject_valuation
688099,"Amlogic (Shanghai) Co., Ltd. Class A",90.82,39093602030.0,39.07917383820998,4.806931466029411,13.205864199277201,11.2378740032549,-341251490.0,,21802313.7,25.85970287311304,3.2272214051887778,2.0820521830800165,0.216567406605306,13284057.366666667,Electronic Technology,Semiconductors,SSE:688099,A,1206458090.0406666,2.9592288129351587,12.300494083959867,3.177040984814597,1.0,2.9592288129351587,6.8558187609326415,technology_strict,False,0.25,3.2092288129351587,reject_valuation
601369,Xi'an Shaangu Power Co. Ltd. Class A,8.55,14686961690.0,22.098733522874127,1.6247000005700705,7.46874088456128,2.80349341068169,1100775900.0,,3726547704.25,-5.701042449926528,-33.24579541095672,-32.595818815331,3.55504587155963,12581579.233333318,Producer Manufacturing,Industrial Machinery,SSE:601369,A,107572502.44499987,2.9588298569247025,7.352005031819418,3.005810445889385,1.0,2.9588298569247025,1.5629924045586718,cyclical,True,0.28,3.2388298569247027,reject_valuation
003816,"CGN Power Co., Ltd. Class A",4.37,202421876354.64243,22.831765935214214,1.783556992196428,8.11579545895785,1.9282978476575303,-16354384000.0,,353845030995.23004,-21.458769409134135,2.7155367712705045,0.10460251046023952,1.95454545454545,112155420.9,Utilities,Electric Utilities,SZSE:003816,A,490119189.33300006,2.8132505372610814,7.811734743853462,2.9227523314432844,1.0,2.8132505372610814,3.7465300430751802,stable_or_general,False,0.43000000000000005,3.2432505372610816,reject_valuation
601633,"Great Wall Motor Co., Ltd. Class A",14.94,108788099307.8182,21.251778093883356,1.4597498883691937,6.974784704667371,2.64005888075421,29168194390.0,,56143831791.310005,15.433774909308942,-49.85311703496786,-49.83229857989011,2.34741784037559,13530098.366666617,Consumer Durables,Motor Vehicles,SSE:601633,A,202139669.59799924,3.046943955081816,6.868836489448081,3.0939414741536466,1.0,3.046943955081816,1.5190177146025996,cyclical,True,0.2,3.246943955081816,reject_valuation
000400,"XJ Electric Co., Ltd. Class A",21.92,21411440233.0,23.393810032017075,1.7938291295918793,7.85257550700041,3.60324693999057,990582920.0,,1825264067.8,-9.765081472688623,-15.477550020195125,-15.501848678870948,2.18363463368221,17777137.60000001,Producer Manufacturing,Electrical Products,SZSE:000400,A,389674856.1920002,2.979125767229105,7.667964846841199,3.050849932059104,1.0,2.979125767229105,2.350956829318396,cyclical,True,0.28,3.259125767229105,reject_valuation
600459,Sino-Platinum Metals Co Ltd. Class A,20.06,16751657272.0,23.1212540341171,1.8284218422580554,8.08990415634804,2.9524837311524,-2672815400.0,,11636252419.96,-7.256689708311277,13.387621832869273,11.259297255706588,1.22447174447174,29115769.400000047,Non-Energy Minerals,Precious Metals,SSE:600459,A,584062334.1640009,2.8580380666159266,7.907970041590674,2.923791303269316,1.0,2.8580380666159266,2.248903216172282,cyclical,False,0.43000000000000005,3.288038066615927,reject_valuation
002978,Sichuan Anning Iron and Titanium Co. Ltd. Class A,26.08,12351977282.0,19.834207924557,1.3706470263318742,7.15373676787944,4.34050145576045,-462798670.0,,6654139917.32,-8.759714468480178,-27.450701808676953,-33.213124746038204,1.1463507833397,2696436.033333333,Non-Energy Minerals,Steel,SZSE:002978,A,70323051.74933332,2.7725660823324354,6.9105206093703275,2.8701467003314898,1.0,2.7725660823324354,3.3998477495169266,cyclical,False,0.53,3.3025660823324356,reject_valuation
600572,"Zhejiang CONBA Pharmaceutical Co., Ltd. Class A",4.39,10795640468.0,22.295581513458608,1.5772020650928178,7.183183902180611,4.98483814408584,979878340.0,,311042128.54999995,6.411097575447484,-16.048586728679393,-12.411032028469753,3.40136054421769,87123591.10000032,Health Technology,Pharmaceuticals: Major,SSE:600572,A,382472564.9290014,3.1038578180756726,7.074056642751158,3.1517391843766287,1.0,3.1038578180756726,1.519204588320855,health_special,True,0.2,3.303857818075673,reject_valuation
600845,"Shanghai Baosight Software Co., Ltd. Class A",17.41,40509804389.0,38.40723582616369,4.4877611201616725,11.9859795773998,5.74815641466014,756782200.0,,3357714916.4399996,2.3437735528214367,-21.12117637628714,-20.61295971978984,1.3317892298784,18399942.16666669,Technology Services,Packaged Software,SSE:600845,A,320342993.1216671,3.2043468435890357,11.684676138824159,3.2869747838837964,1.0,3.2043468435890357,2.513799031860231,technology_strict,True,0.1,3.3043468435890357,reject_valuation
001696,Chongqing Zongshen Power Machinery Co. Ltd. Class A,16.44,19511260746.0,32.541567695962,3.400607724178445,10.7374500948815,4.44705328260265,1236872150.0,,3941193368.14,-0.6894249084181746,-15.565140934166402,-15.560755473842564,1.17370892018779,56890711.80000007,Producer Manufacturing,Auto Parts: OEM,SZSE:001696,A,935283301.9920013,3.0306606697501146,10.45004271444617,3.11401288828958,1.0,3.0306606697501146,2.676681874147535,cyclical,True,0.28,3.3106606697501144,reject_valuation
600888,"Xinjiang Joinworld Co., Ltd. Class A",9.87,15779354128.0,18.846667939660108,1.1821562674044663,6.587893829602061,3.5305562017903602,-3199645890.0,,8031216819.46,3.6364825770298337,-16.8660716900921,-19.862280030604428,1.27952755905512,56602229.9333333,Non-Energy Minerals,Aluminum,SSE:600888,A,558664009.4419997,2.8608032289431313,6.272494804860377,3.0046526184535645,1.0,2.8608032289431313,4.787554761803703,cyclical,False,0.44999999999999996,3.310803228943131,reject_valuation
603179,Jiangsu Xinquan Automotive Trim Co. Ltd. Class A,39.45,30714926679.0,34.34915106660862,3.705491830071499,11.9032543225796,4.41773505186629,-23137390.0,,5506206562.28,10.44583599407308,-18.325872285609908,-20.705606186136414,0.366349928195309,21682484.19999998,Producer Manufacturing,Auto Parts: OEM,SSE:603179,A,855374001.6899993,2.8856941249630195,10.787724630765823,3.184096020457112,1.0,2.8856941249630195,9.371636206223876,cyclical,False,0.44999999999999996,3.3356941249630196,reject_valuation
601059,"Cinda Securities Co., Ltd. Class A",17.12,11798695214.0,28.227535037098104,2.582544892836455,9.42119709413516,1.62722007944653,,,63222308482.170006,24.125714511787844,10.8108445187275,10.816736707473055,0.509964830011723,7523745.666666667,Finance,Investment Banks/Brokers,SSE:601059,A,128806525.81333335,2.9961728594628574,9.149027321876812,3.085304485822387,1.0,2.9961728594628574,2.8889085913272994,financial_special,False,0.35,3.3461728594628575,reject_valuation
000683,Inner Mongolia Berun Chemical Company Limited Class A,6.37,22577492781.0,22.57264351523742,1.8730005645464811,7.782898214748611,2.63770465864628,-1352311320.0,,15724758563.179998,1.0954852551802248,-23.163563628891858,-23.356871265616515,4.87012987012987,86736189.66666669,Process Industries,Chemicals: Specialty,SZSE:000683,A,552509528.1766669,2.90028764252142,8.297657132103877,2.7203634900631415,1.0,2.90028764252142,6.613974680791745,cyclical,False,0.44999999999999996,3.35028764252142,reject_valuation
002202,Goldwind Science & Technology Co. Ltd. Class A,17.49,67137297678.39919,24.2310889443059,1.875540866737942,8.01798344068265,1.85015117441573,-3121852920.0,,62549675182.64,20.283947305526553,61.58341805088939,58.77694676638803,1.12994350282486,130620148.10000001,Producer Manufacturing,Electrical Products,SZSE:002202,A,2284546390.269,3.0220926650158892,7.740225257927083,3.1305405381438796,1.0,3.0220926650158892,3.4641900274605564,cyclical,False,0.35,3.3720926650158893,reject_valuation
601728,China Telecom Corp. Ltd. Class A,6.38,552353285451.7887,19.61869618696187,1.23720616353616,6.33934633874535,3.35850818823705,68544825650.0,,63411820123.74,-3.1318268289227893,-13.038742716180508,-13.02487296068468,4.25,123101445.2,Communications,Wireless Telecommunications,SSE:601728,A,785387220.376,3.094750647563562,6.3062608837297685,3.110987088653175,1.0,3.094750647563562,0.5219064119177053,stable_or_general,True,0.28,3.3747506475635625,reject_valuation
301498,Gambol Pet Group Co. Ltd. Class A,39.28,15494452996.0,32.3798532684857,3.358131757086017,10.6477708152208,7.9825294141918395,-225347410.0,,1194492357.3999999,17.557503505774676,-30.030884178198146,-30.100835494093918,1.29265770423992,6137203.5,Consumer Non-Durables,Food: Specialty/Candy,SZSE:301498,A,241069353.48000002,3.040998330110493,10.371053041041364,3.1221374666920436,1.0,3.040998330110493,2.598832929272621,stable_or_general,False,0.35,3.390998330110493,reject_valuation
300888,Winner Medical Co. Ltd. Class A,29.6,16952795102.0,21.82890855457227,1.4771063486629692,6.804218488664921,4.20262874766909,1044070559.9999999,,3792596796.98,8.778120940415404,-1.7128387667263278,-1.5393552134766109,2.57909215955983,3601575.799999992,Consumer Non-Durables,Household/Personal Care,SZSE:300888,A,106606643.67999977,3.2081433879492303,6.766743948604684,3.2259102339868253,1.0,3.2081433879492303,0.5507545079962539,stable_or_general,True,0.2,3.4081433879492304,reject_valuation
603393,"Xinjiang Xintai Natural Gas Co., Ltd. Class A",26.61,11167238928.0,19.738891773607296,1.1643909045361363,6.179475148791531,2.5894043904851,1249393820.0,,7498037268.389999,-1.9229069911645402,-52.50763259557192,-52.60345251907324,0.0,9518849.366666647,Utilities,Gas Distributors,SSE:603393,A,253296581.64699945,3.1942667133255593,5.898967975968303,3.3461601849715414,1.0,3.1942667133255593,4.539336530515614,cyclical,True,0.28,3.4742667133255596,reject_valuation
301267,"Huaxia Eye Hospital Group Co., Ltd.",15.13,12496579806.0,27.94606575544884,2.3236420209081707,7.99918269048111,5.52580512881952,777890700.0,,1064580020.84,1.7022227959354024,1.2457809598188212,1.290926099158095,1.73680694722779,4987034.766666667,Health Services,Hospital/Nursing Management,SZSE:301267,A,75453836.01966667,3.493615140044767,8.314737542099692,3.361028007673194,1.0,3.493615140044767,3.944838664506145,stable_or_general,True,0.0,3.493615140044767,reject_valuation
601609,Ningbo Jintian Copper (Group) Co. Ltd. Class A,13.34,23508122102.0,27.966457023060798,2.1908971017420424,8.88203776730594,2.71980293015632,-3185836040.0,,19055864365.1,15.517932182328645,15.26029446108574,1.8360375747224587,1.01375814627082,56816677.63333333,Non-Energy Minerals,Other Metals/Minerals,SSE:601609,A,757934479.6286666,3.148653243290977,7.834017372795759,3.569874266577008,1.0,3.148653243290977,11.79932378094427,cyclical,False,0.35,3.498653243290977,reject_valuation
603456,"Zhejiang Jiuzhou Pharmaceutical Co., Ltd. Class A",15.07,13364206874.0,22.438951756998215,1.478246624899088,6.71886658179621,5.47006945428951,941296680.0,,185610897.76,-0.875638460382591,-9.94064705000709,-9.194159004867505,1.97498354180382,31850166.7,Health Technology,Pharmaceuticals: Major,SSE:603456,A,479982012.16899997,3.3396930097991953,6.587859544009472,3.4061065824335297,1.0,3.3396930097991953,1.94983835728606,health_special,True,0.18,3.5196930097991954,reject_valuation
600141,"Hubei Xingfa Chemicals Group Co., Ltd. Class A",30.19,36497165090.0,22.014000291672744,1.4473472890403833,6.92426116226512,3.00715971579053,-1863379290.0,,17727395763.74,8.507155183924336,5.1021586748120615,3.87820027268595,1.62179695102173,36311532.399999976,Process Industries,Chemicals: Major Diversified,SSE:600141,A,1096245163.1559994,3.179256208827246,6.574667347432864,3.3483063291815522,1.0,3.179256208827246,5.048824800794982,cyclical,False,0.35,3.529256208827246,reject_valuation
002402,"Shenzhen H&T Intelligent Control Co., Ltd. Class A",18.82,17581336367.0,31.366666666666667,2.4002836466966126,8.96481856439683,3.8816416017653705,266681590.00000003,,4143023587.33,4.239022563347879,5.664644644971699,4.675505931611991,1.05042016806723,24488764.366666548,Electronic Technology,Electronic Production Equipment,SZSE:002402,A,460878545.38066447,3.498862407682991,7.652338937396214,4.098964633333334,1.0,3.498862407682991,14.640336751633098,technology_strict,True,0.1,3.598862407682991,reject_valuation
000596,"Anhui Gujing Distillery Co., Ltd. Class A",101.17,45429145117.0,26.062651347313103,2.1485176353861304,8.19876864410656,5.33326458971247,-1784103970.0,,1445946194.6399999,-36.22750292569138,-63.39839269963016,-63.39823676394323,4.54733360892931,6534007.866666666,Consumer Non-Durables,Beverages: Alcoholic,SZSE:000596,A,661045575.8706666,3.1788494685781217,8.243664877969636,3.16153697816646,1.0,3.1788494685781217,0.5475972772490456,stable_or_general,False,0.43000000000000005,3.608849468578122,reject_valuation
600256,"Guanghui Energy Co., Ltd. Class A",6.71,40868608154.0,24.23257493680029,1.7163627434178383,7.27222370509977,3.4028523292226804,4222751309.9999995,,16403070669.36,-17.192587996143903,-24.96469514896742,-24.50926935659761,0.947368421052631,127483061.73333308,Energy Minerals,Integrated Oil,SSE:600256,A,855411344.230665,3.332209777843713,7.082873973955282,3.421291276098778,1.0,3.332209777843713,2.6037390875600197,cyclical,True,0.28,3.612209777843713,reject_valuation
688301,iRay Technology Company Limited Class A,90.7,29112598353.0,38.554729011689695,3.656938082433916,11.456823561606,6.21698118937739,-1128406870.0,,3604855417.87,52.811219906690035,46.475640931622905,41.26583798714946,0.549256109376682,6191480.366666668,Health Technology,Medical Specialties,SSE:688301,A,561567269.2566668,3.3652197578475365,9.485057154273193,4.064786156224697,1.0,3.3652197578475365,17.210410867638505,health_special,False,0.25,3.6152197578475365,reject_valuation
688819,Tianneng Battery Group Co Ltd Class A,21.46,20705728738.0,20.728291316526608,1.2362121446034098,6.05084178685752,1.99978283192406,3245139830.0,,31072911258.690002,6.459721335576525,-18.297048050410293,-18.274392169245328,2.58215962441315,2354686.966666667,Producer Manufacturing,Electrical Products,SSE:688819,A,50531582.30466667,3.4256872095959663,5.9638883192353696,3.4756337152846255,1.0,3.4256872095959663,1.4370474503401232,cyclical,True,0.2,3.6256872095959665,reject_valuation
300409,"Guangdong Dowstone Technology Co., Ltd. Class A",17.27,13791048551.0,23.496598639455783,1.6478394410895014,7.114491229867791,4.12729998335512,-739131860.0,,4071855335.25,29.099312735733818,104.8612328591062,91.00831600831602,1.41803743618832,21196600.7,Process Industries,Chemicals: Specialty,SZSE:300409,A,366065294.089,3.3026393427562666,7.0130977950248035,3.3503879920403534,1.0,3.3026393427562666,1.4251677536310736,cyclical,False,0.35,3.6526393427562667,reject_valuation
600378,Haohua Chemical Science & Technology Corp. Ltd. Class A,45.75,61633399981.0,34.69852104664391,3.1601851212267733,9.42646355031856,5.37071528020536,2044897980.0,,5710352270.45,1.9237920361679275,28.083713995247493,18.166338053414602,0.806086777709233,64489139.6,Process Industries,Chemicals: Specialty,SSE:600378,A,2950378136.7000003,3.6809690995380024,9.107549906748636,3.8098633992587323,1.0,3.6809690995380024,3.383173783758442,cyclical,True,0.0,3.6809690995380024,reject_valuation
000733,"China Zhenhua (Group) Science & Technology Co., Ltd. Class A",40.28,22748654826.0,23.25366585844591,1.4145001718961854,6.24114631357707,5.16171907277297,957691060.0,,1176876750.0700002,7.464518034046728,11.357577179754276,11.35253278477757,0.925700365408039,13105161.7,Electronic Technology,Electronic Components,SZSE:000733,A,527875913.27599996,3.725864559185159,6.082912606153356,3.8227848013010988,1.0,3.725864559185159,2.535330842660888,technology_strict,True,0.0,3.725864559185159,reject_valuation
605060,"Allied Machinery Co., Ltd. Class A",40.98,10010617197.0,38.17064083457525,3.79148848767905,10.2409915708758,8.45752150554836,48712750.0,,148482984.28,26.82082670845051,29.637394552151523,28.94547201537354,0.841143955779861,4375862.633333334,Producer Manufacturing,Industrial Machinery,SSE:605060,A,179322850.71400002,3.7272407237525864,9.932996682216272,3.8428122001605796,1.0,3.7272407237525864,3.0074713618105986,cyclical,True,0.0,3.7272407237525864,reject_valuation
002250,"Lianhe Chemical Technology Co., Ltd. Class A",15.41,13990706707.0,27.40529966210208,2.004547630445189,7.503494953579571,3.6157850016103,848487270.0,,4542067168.24,24.691354375121467,61.76408804148018,62.60844418739156,1.29282482223659,17901918.23333334,Process Industries,Chemicals: Specialty,SZSE:002250,A,275868559.9756668,3.652337988050259,7.314452515245488,3.746732869614138,1.0,3.652337988050259,2.5193918234581947,cyclical,True,0.1,3.752337988050259,reject_valuation
605589,"Jinan Shengquan Group Share Holding Co., Ltd. Class A",36.86,32416449385.0,31.496197556182178,2.7811395579753664,9.1853417938933,5.34266005957598,-1283453380.0,,5913238195.64,8.617237911026026,-8.137683722781047,-6.674641148325368,1.69712793733682,34567770.233333334,Consumer Non-Durables,Food: Specialty/Candy,SSE:605589,A,1274168010.8006666,3.4289630438272667,8.830080370858846,3.5669208244271893,1.0,3.4289630438272667,3.8676995478888254,stable_or_general,False,0.35,3.7789630438272668,reject_valuation
603087,"Gan & Lee Pharmaceuticals Co., Ltd. Class A",70.1,42686528148.0,35.97454582777378,3.5574203678301606,10.1407477294444,9.32213093304074,-14340820.0,,210684945.22,11.352299755039763,25.04167272088052,25.2796708242253,1.39958012596221,12787674.966666667,Health Technology,Pharmaceuticals: Major,SSE:603087,A,896416015.1633333,3.5475239881295013,9.888715162273682,3.63793933159485,1.0,3.5475239881295013,2.4853450050721815,health_special,False,0.25,3.7975239881295013,reject_valuation
603883,LBX Pharmacy Chain Joint Stock Company Class A,13.47,10001889575.0,23.731501057082454,1.4640492755292915,6.281479614255179,2.10627225835646,2738449330.0,,8328321846.000001,1.2980147972191431,3.993872477319667,3.8989566172432704,3.10841546626232,15914996.366666663,Retail Trade,Drugstore Chains,SSE:603883,A,214375001.05899996,3.7780113149179417,6.169223227842806,3.8467567440221573,1.0,3.7780113149179417,1.7871010224664086,stable_or_general,True,0.1,3.878011314917942,reject_valuation
601888,China Tourism Group Duty Free Corporation Limited Class A,54.6,104975500015.63756,27.689030883919063,1.9746185568576224,7.26639977154086,5.07252498586596,4641966600.0,,10206430141.43,-0.3027919138919773,14.199005394693337,13.831322519194137,1.30305286671631,28394731.7,Retail Trade,Discount Stores,SSE:601888,A,1550352350.82,3.8105570508746625,7.131410864958874,3.8826862465564504,1.0,3.8105570508746625,1.8577137348081973,stable_or_general,True,0.08,3.8905570508746625,reject_valuation
601101,"Beijing Haohua Energy Resource Co., Ltd. Class A",13.86,19727971295.0,24.675093466263128,1.605030485156942,6.64373504610227,2.77818263438049,1426433530.0,,6263806844.36,-4.040388597371561,29.24051459135399,29.245283018867923,1.82481751824818,47442232.90000001,Energy Minerals,Coal,SSE:601101,A,657549347.9940002,3.7140393611481315,6.5046581783019795,3.7934496771211554,1.0,3.7140393611481315,2.093353615627458,cyclical,True,0.18,3.8940393611481317,reject_valuation
601136,Capital Securities Corp. Ltd. Class A,15.54,41382673766.0,34.31221020092735,3.0676542118063233,8.97813601514228,2.09954429586468,321736690.0,,36197348137.8,17.108503958908862,24.00259316045997,24.014238773274915,1.10964332892999,16222467.533333333,Finance,Investment Managers,SSE:601136,A,252097145.468,3.821752103449682,8.940415653327438,3.8378763953952255,1.0,3.821752103449682,0.4201357804250683,financial_special,True,0.1,3.9217521034496823,reject_valuation
603063,"Shenzhen Hopewind Electric Co., Ltd. Class A",30.94,15086689684.0,31.864057672502575,2.620770154052834,8.69873582592878,4.87380503830477,737204110.0,,2522279474.95,-5.356815022869603,-15.84965298439248,-17.844149251205685,0.393105533716359,22789045.5,Producer Manufacturing,Electrical Products,SSE:603063,A,705093067.77,3.663067635359577,8.224847509971886,3.874121390563203,1.0,3.663067635359577,5.44778374053333,cyclical,True,0.28,3.9430676353595766,reject_valuation
603707,"Nanjing King-friend Biochemical Pharmaceutical Co., Ltd. Class A",7.89,12739490779.0,26.845865940796187,1.8353148065010618,7.12892411126109,4.69347879780049,1180610410.0,,2571189501.8599997,5.167453218971264,-31.746843601302892,-31.53971581644538,1.26582278481013,14057032.099999992,Health Technology,Pharmaceuticals: Major,SSE:603707,A,110909983.26899993,3.7657668284600687,6.836489501022333,3.9268495821988227,1.0,3.7657668284600687,4.1020861728183755,health_special,True,0.2,3.965766828460069,reject_valuation
300699,"Weihai Guangwei Composites Co., Ltd. Class A",24.57,20031205691.0,38.04583462372251,3.7073809624403227,9.82691287953177,6.20203987307223,157171220.0,,2555155947.16,20.154661143272026,-17.04767340554684,-16.96026745531695,2.07210940737671,11060204.100000035,Producer Manufacturing,Electrical Products,SZSE:300699,A,271749214.7370009,3.8715957992226864,9.744512110476029,3.9043344800013733,1.0,3.8715957992226864,0.8385214162971888,cyclical,True,0.1,3.9715957992226865,reject_valuation
300976,"Dongguan Tarry Electronics Co., Ltd. Class A",58.96,11166162681.0,34.95790347444563,2.9756166985795165,8.78652698951166,7.127773372915571,101966960.0,,92687866.97999999,22.48799165832804,16.446394847684488,16.189032791402596,0.598525222054634,5619402.266666663,Electronic Technology,Electronic Production Equipment,SZSE:300976,A,331319957.64266646,3.9785803328407607,8.511999870800903,4.106896617134982,1.0,3.9785803328407607,3.1244098952687094,technology_strict,True,0.0,3.9785803328407607,reject_valuation
603583,Zhejiang Jiecang Linear Motion Technology Co. Ltd. Class A,26.22,10375574523.0,28.272590036661633,2.1140558104283746,7.6449050225431305,5.1823352094062,-152754740.0,,1250384396.31,1.3712659164829222,-2.32924888312404,-2.3069630253871307,1.14306784660767,5214679.9666666705,Producer Manufacturing,Industrial Machinery,SSE:603583,A,136728908.7260001,3.698226459752218,7.477404113620422,3.78107022264075,1.0,3.698226459752218,2.1910136022459947,cyclical,False,0.35,4.048226459752218,reject_valuation
002838,"Shandong Dawn Polymer Co., Ltd. Class A",24.74,11845581346.0,34.28492239467849,3.055384714184444,9.25668038016704,4.40149028002816,-69655250.0,,3583455707.38,22.288605477660152,116.09964039723029,104.53514739229026,0.481927710843374,8235262.300000008,Process Industries,Chemicals: Specialty,SZSE:002838,A,203740389.3020002,3.703803197973203,8.911744582681873,3.847161695062954,1.0,3.703803197973203,3.7263444703590887,cyclical,False,0.35,4.0538031979732025,reject_valuation
002226,"Anhui Jiangnan Chemical Industry Co., Ltd. Class A",5.16,13509320902.0,23.35898596650068,1.4256270272361071,6.04977911163314,2.76372530285908,392740900.0,,7836004249.99,7.094074452438407,-34.991863745002036,-34.99117127722189,1.72549019607843,23507087.19999999,Process Industries,Industrial Specialties,SZSE:002226,A,121296569.95199996,3.8611303876506184,6.103120354970078,3.8273841261344748,1.0,3.8611303876506184,0.881705635076302,cyclical,True,0.2,4.061130387650619,reject_valuation
601990,"Nanjing Securities Co., Ltd. Class A",6.85,26170452949.0,22.652116402116402,1.2918653970553011,6.018377009897,1.50652425386849,-6785272440.0,,39550085987.64,3.171190492061694,16.37622631557025,3.561643835616445,1.91458026509573,17557329.133333318,Finance,Investment Banks/Brokers,SSE:601990,A,120267704.56333323,3.763824759543284,5.703067095905447,3.971918271552448,1.0,3.763824759543284,5.239118677228715,financial_special,False,0.35,4.1138247595432835,reject_valuation
301291,"Guangdong Mingyang Electric Co., Ltd. Class A",33.74,10061176890.0,28.578688802303912,2.0310056427524885,7.386584032931701,3.86370930603279,55479850.0,,1728231143.3899999,-19.511733885541112,-48.92523712383712,-48.99114279542017,1.61190328580285,8139933.566666666,Producer Manufacturing,Electrical Products,SZSE:301291,A,274641358.53933334,3.868999347315509,7.10671387621099,4.021364768598353,1.0,3.868999347315509,3.7888982982250408,cyclical,True,0.28,4.148999347315509,reject_valuation
002080,"Sinoma Science & Technology Co., Ltd. Class A",47.44,83520209113.0,39.27802616327207,3.9005042536380174,10.2499567890587,3.06912657967197,-871558060.0,,25910959218.33,23.702390144513636,42.1462698301736,42.14428621866541,0.872011251758087,53116326.766666666,Process Industries,Textiles,SZSE:002080,A,2519838541.8106666,3.8320187071617053,9.930499657554801,3.9552920313924607,1.0,3.8320187071617053,3.1166680804440405,cyclical,False,0.35,4.182018707161705,reject_valuation
600685,CSSC Offshore & Marine Engineering (Group) Company Limited Class A,27.44,28126735005.684628,29.416809605488854,2.042732109530343,7.1888761116825,2.25220350804403,3256951500.0,,5746066077.16,3.1361431281891496,74.2209074220589,74.22487859544266,0.813469542186909,11362293.333333444,Producer Manufacturing,Trucks/Construction/Farm Machinery,SSE:600685,A,311781329.0666697,4.091990061935298,6.944098074963206,4.236231874597296,1.0,4.091990061935298,3.4049555579558577,cyclical,True,0.1,4.191990061935297,reject_valuation
601952,"Jiangsu Provincial Agricultural Reclamation & Dev Co., Ltd Class A",9.32,12677599737.0,26.835588828102505,1.7851259931199868,6.84558699046067,3.18236394870644,1224165920.0,,4546566011.69,-6.0714107740198076,-26.17758617457879,-26.18490967056323,2.28260869565217,25423432.80000001,Process Industries,Agricultural Commodities/Milling,SSE:601952,A,236946393.69600007,3.9201296931143985,6.65208430698038,4.03416246543095,1.0,3.9201296931143985,2.8266777377883745,cyclical,True,0.28,4.200129693114398,reject_valuation
601619,Jiaze Renewables Corporation Limited Class A,4.16,11887160366.0,26.29582806573957,1.5026350294567035,6.65985574113016,2.1534741958372,930200910.0,,13976822047.76,-3.3816931382938313,-27.463606978501964,-39.710365853658544,1.98019801980198,48537207.833333336,Utilities,Alternative Power Generation,SSE:601619,A,201914784.58666667,3.948408056850378,5.714347636058906,4.601720045838055,1.0,3.948408056850378,14.19712591118084,stable_or_general,True,0.28,4.228408056850378,reject_valuation
300100,"Shuanglin Co., Ltd. Class A",20.99,12413694880.0,39.61124740517078,3.6553870373950095,9.9212516091227,4.76365291362893,417809380.0,,1071489888.81,-4.222809363458903,-42.64075977852235,-44.073878627968334,0.466417910447761,7447054.566666677,Producer Manufacturing,Auto Parts: OEM,SZSE:300100,A,156313675.35433352,3.9925655517845953,9.228154316891928,4.292434439751759,1.0,3.9925655517845953,6.985986441402825,cyclical,True,0.28,4.272565551784595,reject_valuation
600452,Chongqing Fuling Electric Power Industrial Co Ltd Class A,9.05,13921067776.0,32.10358283079106,2.4312859487791187,7.79172470286158,6.75029294193005,549371950.0,,12229518.15,-5.860141340048702,-10.714967668429946,-10.706366803927779,1.13686534216336,24390795.166666638,Utilities,Electric Utilities,SSE:600452,A,220736696.2583331,4.120215235402341,7.573254242661144,4.239073693042989,1.0,4.120215235402341,2.8038780697706156,stable_or_general,True,0.18,4.300215235402341,reject_valuation
300184,"Wuhan P&S Information Technology Co., Ltd. Class A",11.71,13811689225.0,36.11967921036398,2.8826531240230127,8.79756806909666,5.04589818203923,-238343640.0,,1728420342.8,33.87234510662094,173.35827835495985,173.81756756756755,0.0,57515829.96666662,Distribution Services,Electronics Distributors,SZSE:300184,A,673510368.9096662,4.10564361954096,7.9808381110867685,4.525800261527354,1.0,4.10564361954096,9.283587823307982,stable_or_general,False,0.25,4.35564361954096,reject_valuation
601696,"BOC International (China) Co., Ltd. Class A",12.12,33280435804.0,27.451868629671573,1.7201126872503032,6.43674277236604,1.22650578358215,19028031220.0,,34002287076.05,15.683711911754022,17.128552528199055,17.139824887237992,0.314691151919866,37443899.2,Finance,Investment Banks/Brokers,SSE:601696,A,453820058.304,4.264869608822464,6.265922041427467,4.381137915245694,1.0,4.264869608822464,2.6538380820798735,financial_special,True,0.1,4.364869608822463,reject_valuation
002007,Hualan Biological Engineering Inc. Class A,13.04,23642696816.0,29.468926553672315,2.1698759975771935,7.02983487861899,5.3671866244139,1083354290.0,,398376460.53,-3.3843010516649703,-30.56418139372029,-30.45733144743045,7.72200772200772,13389533.433333298,Health Technology,Biotechnology,SZSE:002007,A,174599515.9706662,4.1919799060005065,7.363267859876596,4.002153271409876,1.0,4.1919799060005065,4.743112562597052,health_special,True,0.18,4.371979906000506,reject_valuation
301301,"Yili Chuanning Biotechnology Co., Ltd. Class A",8.39,18748435015.0,31.636500754147818,2.345849189018406,7.51200803504776,5.77403019150322,829009880.0,,1406467847.81,-11.117966193882218,-45.66360739820324,-45.74468085106383,2.05952380952381,14884883.2,Health Technology,Pharmaceuticals: Major,SZSE:301301,A,124884170.04800001,4.211457257040418,7.415008401998584,4.266549549103782,1.0,4.211457257040418,1.2912610396130786,health_special,True,0.18,4.391457257040417,reject_valuation
603885,"Juneyao Airlines Co., Ltd. Class A",10.25,21982402385.0,32.508721852204246,2.501000400160064,7.69271307135824,1.31243103118516,6510545190.0,,38673187768.92,5.910451538425343,-26.436025052606194,-26.159250585480088,1.96850393700787,13343762.666666668,Transportation,Airlines,SSE:603885,A,136773567.33333334,4.225911138326708,7.693321230931398,4.225577078661585,1.0,4.225911138326708,0.007905657828599644,cyclical,True,0.2,4.4259111383267085,reject_valuation
002797,"First Capital Securities Co., Ltd. Class A",6.56,26984570259.0,26.409017713365536,1.5945435497553495,6.08728661377026,1.6958535551476999,6466952590.0,,26281678268.75,7.199620128789978,5.508430621433778,5.522514868309266,1.25574272588055,49698598.666666664,Finance,Investment Managers,SZSE:002797,A,326022807.2533333,4.338389070365898,6.037875270719953,4.373892558104557,1.0,4.338389070365898,0.8117137599293112,financial_special,True,0.1,4.438389070365898,reject_valuation
603888,"XinhuaNet Co., Ltd. Class A",16.56,12098054628.0,38.32446193010877,3.2112440080048397,8.60736728184483,6.4956287143529305,459869410.0,,16306545.759999998,4.337761532365754,18.938811023578296,18.937517203413147,0.745319018404908,8693214.700000007,Technology Services,Internet Software/Services,SSE:603888,A,143959635.4320001,4.452518485059304,8.37909743876142,4.573817432032847,1.0,4.452518485059304,2.6520286123364323,technology_strict,True,0.0,4.452518485059304,reject_valuation
600143,"Kingfa Sci. & Tech. Co., Ltd. Class A",13.69,36944982241.0,28.443798046956157,1.8586426885015321,6.60141532994485,1.91029614831088,4973261120.0,,31948445626.26,-1.3444674698558463,21.28759173758415,17.390243902439032,1.44717800289436,43128364.36666675,Process Industries,Chemicals: Major Diversified,SSE:600143,A,590427308.1796678,4.308742387095615,6.534439196316929,4.352905764734673,1.0,4.308742387095615,1.0145723345736157,cyclical,True,0.18,4.4887423870956145,reject_valuation
002335,"Kehua Data Co., Ltd. Class A",30.06,23032151905.0,39.366160293347306,3.423148271515102,8.92962072212824,4.09492313472242,1545074880.0,,3403943040.57,7.1156242675260355,71.32106638609437,65.71180555555554,0.778945299705208,21447176.63333336,Electronic Technology,Electronic Equipment/Instruments,SZSE:002335,A,644702129.5980008,4.4084918630189005,8.695662076277218,4.527103278397029,1.0,4.4084918630189005,2.6200289254308173,technology_strict,True,0.1,4.5084918630189,reject_valuation
601858,China Science Publishing & Media Ltd. Class A,21.5,16474018849.0,36.01943374099514,2.910325428528499,8.26079166546553,6.25089152803845,715840880.0,,20860112.58,-1.5822118197213897,-2.302157246064914,-2.307692307692308,1.46976967370441,17726186.866666667,Consumer Services,Publishing: Books/Magazines,SSE:601858,A,381113017.6333333,4.36028835971925,8.079875573435634,4.457919359478374,1.0,4.36028835971925,2.190057555696745,stable_or_general,True,0.18,4.540288359719249,reject_valuation
300224,"Yantai Zhenghai Magnetic Material Co., Ltd. Class A",11.71,10782691897.0,32.73693038859379,2.1246793022487855,7.35540629955184,3.5879209370518,520792350.00000006,,3537017054.3999996,22.624878672186906,492.639204001763,425.25697503671086,1.68918918918919,14477333.366666686,Non-Energy Minerals,Other Metals/Minerals,SZSE:300224,A,169529573.7236669,4.450730395489972,6.490160430524258,5.044086465817824,1.0,4.450730395489972,11.76340005963098,cyclical,True,0.1,4.550730395489972,reject_valuation
600664,"Harbin Pharmaceutical Group Co., Ltd. Class A",7.78,21533261064.0,38.24975417895772,3.2090414123082,8.74393821410728,3.5673456101979797,360559900.0,,2859939156.13,-0.14446567378234848,-6.044515045765528,-6.05080831408776,0.0,403484389.2666666,Health Technology,Pharmaceuticals: Major,SSE:600664,A,3139108548.494666,4.374430976335858,8.389704669196503,4.559129991714115,1.0,4.374430976335858,4.0511899356661,health_special,True,0.28,4.654430976335858,reject_valuation
600559,"Hebei Hengshui Laobaigan Liquor Co., Ltd. Class A",11.69,10382383753.0,28.736479842674534,1.963719072264526,6.966512229113851,4.24291975939379,-122972380.0,,1000000.0,-30.278341185572422,-53.89037564112002,-54.018311291963386,1.76211453744493,13669612.600000003,Consumer Non-Durables,Beverages: Alcoholic,SSE:600559,A,159797771.29400003,4.124945008002928,6.8335407921061515,4.205210844116103,1.0,4.124945008002928,1.9087232266958076,stable_or_general,False,0.53,4.654945008002929,reject_valuation
000958,"SPIC Industry-Finance Holdings Co., Ltd. Class A",5.25,95978578620.0,31.34328358208955,1.890440850806408,7.27045667548164,2.59949008498325,-9155715870.0,,82988844185.45999,67.39509306371951,165.19649080073958,-7.304925290536795,3.41603053435115,16509163.933333516,Producer Manufacturing,Building Products,SZSE:000958,A,86673110.65000096,4.311047432245813,6.031406524001397,5.19667899309423,1.0,4.311047432245813,17.04226029788095,cyclical,False,0.35,4.661047432245812,reject_valuation
002063,YGsoft Inc. Class A,5.57,10554256120.0,35.455124124761305,2.670899186742366,7.75570474272821,6.53517320229738,367877010.0,,67729614.22999999,8.18458271179869,-3.719536655693408,-4.03176542455713,0.580762250453721,27678416.666666653,Technology Services,Packaged Software,SZSE:002063,A,154168780.83333325,4.571489671264783,7.533182445910692,4.706526674394795,1.0,4.571489671264783,2.869143478239744,technology_strict,True,0.1,4.671489671264783,reject_valuation
603328,"Guangdong Ellington Electronics Technology Co., Ltd. Class A",10.48,10693320573.0,33.45036706032557,2.4807610823503787,7.34629054550852,4.48240736640651,278219440.0,,1213892500.6899998,8.788919417886133,-28.543167541142395,-28.535583941605836,1.56862745098039,22310998.533333335,Electronic Technology,Electronic Components,SSE:603328,A,233819264.62933335,4.553368377293072,7.416244724240206,4.5104184535594,1.0,4.553368377293072,0.9522381166159333,technology_strict,True,0.2,4.753368377293072,reject_valuation
002152,"GRG Banking Equipment Co., Ltd. Class A",9.85,24088815176.0,29.8937784522003,1.976891443572293,6.560529319149551,2.9622658262709,1455472450.0,,4849896945.5,4.108887037976128,-7.809772823419426,-7.80637940682708,3.81443298969072,26289573.03333332,Electronic Technology,Electronic Equipment/Instruments,SZSE:002152,A,258952294.37833318,4.556610754705912,6.613053103117468,4.5204201427186534,1.0,4.556610754705912,0.8006028387771202,technology_strict,True,0.2,4.756610754705912,reject_valuation
600085,"Beijing TongRenTang Co., Ltd. Class A",24.14,32723280163.0,34.12978933974268,2.4302046043014824,7.171143672792671,3.11293662763158,2126554580.0,,3791359632.0800004,-14.711691715823314,-33.13606429927985,-33.13480809226697,2.09555741827326,7848083.899999997,Health Technology,Pharmaceuticals: Major,SSE:600085,A,189452745.34599993,4.759323044834696,7.12047935634813,4.793187035829955,1.0,4.759323044834696,0.7065025992542995,health_special,True,0.28,5.039323044834696,reject_valuation
002422,"Sichuan Kelun Pharmaceutical Co., Ltd. Class A",41.92,66528395241.00001,36.169111302847284,2.7083305067717953,7.57442126167516,4.53100081651106,2424632840.0,,5530200184.0,-4.1980799585767965,-14.385271568555162,-13.183520599250931,1.42037302725968,31874596.999999996,Health Technology,Biotechnology,SZSE:002422,A,1336183106.24,4.775164999846882,7.487965308560378,4.8302989947747355,1.0,4.775164999846882,1.1414199201228659,health_special,True,0.28,5.055164999846882,reject_valuation
603806,"HANGZHOU FIRST APPLIED MATERIAL CO.,LTD. Class A",14.49,37931164554.0,35.35871156661786,2.3189973737234713,6.9756714615509505,5.291548084963871,3341342560.0,,3636457221.79,-11.26239535096908,27.57950280694156,25.898617511520733,1.03163686382393,27022176.60000001,Producer Manufacturing,Electrical Products,SSE:603806,A,391551338.93400013,5.068861365032852,6.55848946688667,5.391288915708623,1.0,5.068861365032852,5.9805281393158545,cyclical,True,0.08,5.148861365032852,reject_valuation
603906,"Jiangsu Lopal Tech Group Co., Ltd. Class A",18.7,17246500374.62,38.85310617078745,2.519112248678139,8.04468065961816,1.49286059898467,-3328801090.0,,15311484320.949999,61.97018166882309,,,0.0,23121022.466666676,Process Industries,Chemicals: Specialty,SSE:603906,A,432363120.12666684,4.82966419858257,6.483683022934698,5.992443805989985,1.0,4.82966419858257,19.404096977014817,cyclical,False,0.35,5.17966419858257,reject_valuation
300677,"Intco Medical Technology Co., Ltd. Class A",54.25,36135397694.0,30.740027198549413,1.8694906025790357,6.14711629282352,2.80789154908597,1505092940.0,,17639051040.11,20.118676493617073,-28.4027625261312,-28.775526676890788,0.26824034334764,10628951.566666657,Health Technology,Medical Specialties,SZSE:300677,A,576620622.4916662,5.000723222763331,6.081616618306879,5.054581557478615,1.0,5.000723222763331,1.0655349825268279,health_special,True,0.2,5.200723222763331,reject_valuation
603160,"Shenzhen Goodix Technology Co., Ltd. Class A",52.05,24716688233.0,36.732533521524346,2.569454248904835,7.18129109714212,6.25950764796592,745691220.0,,276662588.7,4.04473685414783,-8.239651534518437,-8.27885300019418,1.0063056379822,5480792.5,Electronic Technology,Semiconductors,SSE:603160,A,285275249.625,5.1150319663469,6.99503683131249,5.251228036011951,1.0,5.1150319663469,2.5936041766048468,technology_strict,True,0.1,5.2150319663469,reject_valuation
600161,Beijing Tiantan Biological Products Corporation Limited Class A,12.28,24104157267.0,32.07103682423609,2.0336782416301222,6.44042674943658,4.50393152230143,234951930.0,,168424632.88,-10.123353379211254,-47.98257175433521,-47.98261105828012,1.64068908941756,13985298.133333331,Health Technology,Biotechnology,SSE:600161,A,171739461.0773333,4.979644683800141,6.34116774202096,5.057591618608546,1.0,4.979644683800141,1.5411868076025015,health_special,True,0.28,5.259644683800142,reject_valuation
000922,"Harbin Electric Corp. Jiamusi Electric Machine Co., Ltd. Class A",12.1,10184310678.0,32.82691264243082,2.1380736133444067,6.66468939462245,3.3276893354342905,-43187300.0,,356861513.47999996,4.230028004880244,43.87258091655921,30.662885501595166,0.617035541195477,10741216.433333343,Producer Manufacturing,Electrical Products,SZSE:000922,A,129968718.84333344,4.925497753716464,6.513173007262382,5.040079943497253,1.0,4.925497753716464,2.2734200858981146,cyclical,False,0.35,5.275497753716464,reject_valuation
600095,"Xiangcai Co., Ltd. Class A",10.17,27047916169.0,34.00200601805417,2.2589408077545863,6.879209039281629,1.8463899647712203,-862181300.0,,35974851558.479996,10.754456113928814,380.0049542692144,380.0963081861958,0.0,61529334.03333333,Finance,Real Estate Development,SSE:600095,A,625753327.119,4.94272027843551,6.643551579148443,5.1180465166814395,1.0,4.94272027843551,3.4256476113392553,financial_special,False,0.35,5.292720278435509,reject_valuation
002179,"Jonhon Optronic Technology Co., Ltd. Class A",34.22,72484268689.0,39.1533180778032,2.955865864845581,7.73300195099275,4.42901489789399,25087150.0,,5420845221.8,-5.423522429469099,-40.96770004600806,-37.410484101976515,1.58775981524249,22997743.89999996,Electronic Technology,Aerospace & Defense,SZSE:002179,A,786982796.2579987,5.063146023489204,7.549464540838802,5.1862377611025865,1.0,5.063146023489204,2.37343028382897,technology_strict,True,0.28,5.343146023489204,reject_valuation
603341,"Shanghai Longcheer Technology Co., Ltd. Class A",37.31,14455722719.941824,38.203972967438055,2.6294813416768212,7.43071871721986,1.7070411512496102,-440964290.0,,14102580574.73,-7.113920669219452,-8.249715754611804,-12.756834018224042,1.34661998384056,12182493.0,Electronic Technology,Telecommunications Equipment,SSE:603341,A,454528813.83000004,5.141356364210721,6.882743174166666,5.550689892197472,1.0,5.141356364210721,7.3744622008544365,technology_strict,False,0.53,5.671356364210721,reject_valuation
002429,"Shenzhen MTC Co., Ltd. Class A",7.85,35856574705.0,34.399649430324274,2.1306336260127297,6.309278503684281,3.61796561051827,570542720.0,,5980279705.990001,-4.069481015424364,-23.659251344764066,-23.653395784543328,1.08343711083437,68671208.79999986,Consumer Durables,Electronics/Appliances,SZSE:002429,A,539068989.0799989,5.452231885188888,6.193765521733821,5.55391535401469,1.0,5.452231885188888,1.8308429701273665,stable_or_general,True,0.28,5.732231885188888,reject_valuation
002498,"Qingdao Hanhe Cable Co., Ltd Class A",6.61,22855087442.0,37.966685812751294,2.489032816824506,6.7372333301463,4.26901946735241,108727440.0,,3860462063.34,21.392806435216325,3.25254785736758,3.2621589561091366,0.582241630276565,139619603.00000018,Producer Manufacturing,Electrical Products,SZSE:002498,A,922885575.8300012,5.6353526666304194,6.555833788338071,5.791282549031187,1.0,5.6353526666304194,2.692493089062853,cyclical,True,0.1,5.735352666630419,reject_valuation
603267,Beijing Yuanliu Hongyuan Electronic Technology Co. Ltd. Class A,47.5,11211376654.0,38.39004283520569,2.389946726829592,6.367475152806171,5.32646710200651,49700720.0,,318198064.91999996,2.375687610115428,31.227925801980593,31.222823205005845,0.717507175071751,8967842.7,Electronic Technology,Electronic Components,SSE:603267,A,425972528.24999994,6.0290840425638805,6.225433863381588,6.166645358007648,1.0,6.0290840425638805,2.2307317424235973,technology_strict,True,0.0,6.0290840425638805,reject_valuation
600521,"Zhejiang Huahai Pharmaceutical Co., Ltd. Class A",15.99,23522329491.0,37.95395205316876,2.4368313572495355,6.3774258027333,2.90115019638034,42317780.0,,8848598077.33,0.538804077106066,-19.49996547863877,-20.2234425298239,0.620732464307883,37215165.99999995,Health Technology,Pharmaceuticals: Major,SSE:600521,A,595070504.3399992,5.9512965304750525,6.420494376543023,5.911375328328572,1.0,5.9512965304750525,0.6753284968249229,health_special,True,0.2,6.151296530475053,reject_valuation
002410,Glodon Company Limited Class A,8.86,14159782852.0,39.44790739091719,2.494931290831268,6.281093902072681,3.94250052712611,1019082390.0,,102588776.33999999,-2.707831869662629,24.505221325056347,25.19509476031215,2.67441860465116,29130338.8333333,Technology Services,Information Technology Services,SZSE:002410,A,258094802.063333,6.280419940529767,6.324622662761883,6.237195401897824,1.0,6.280419940529767,0.6930124173885943,technology_strict,True,0.18,6.460419940529767,reject_valuation
300456,Sai MicroElectronics Inc. Class A,38.26,28427421417.0,6.7079264337184625,3.098991977126102,59.0942940635882,43.5947771502546,370356220.0,,1466328031.15,-64.56714063350148,,,0.952871491115117,33264786.500000022,Electronic Technology,Aerospace & Defense,SZSE:300456,A,1272710731.4900007,0.11351225257891097,46.19895593291728,0.14519649412550878,1.0,0.11351225257891097,21.821629879857674,technology_strict,True,0.18,0.29351225257891095,watch
601336,"New China Life Insurance Co., Ltd. Class A",62.25,172837643533.1197,4.385872207309082,1.5714105763883508,42.7837766021692,2.37050631440822,112343000000.0,,164822000000.0,39.46803724085419,47.86441809984973,47.868439147375675,4.40891472868217,19089072.533333335,Finance,Multi-Line Insurance,SSE:601336,A,1188294765.2,0.10251250720785392,35.828918447956276,0.12241151553820505,1.0,0.10251250720785392,16.255830379079473,financial_special,True,0.25,0.35251250720785393,watch
601628,China Life Insurance Co. Ltd. Class A,39.17,1009369172734.7053,4.4708487421814365,1.666870220301773,41.6958096415119,3.21959203584045,636036000000.0,,260987000000.0,34.48666969122788,125.9699967149688,125.96719281956051,2.17978100331041,34552086.7,Finance,Multi-Line Insurance,SSE:601628,A,1353405236.0390003,0.10722537301998586,37.28308239496526,0.11991628521533357,1.0,0.10722537301998586,10.583143209080104,financial_special,True,0.25,0.35722537301998586,watch
601601,"China Pacific Insurance (Group) Co., Ltd. Class A",34.21,307271666721.77356,5.835593538372311,1.0310285029200923,18.7649629741776,1.78762438998645,267085000000.0,,193836000000.0,8.102381142649444,18.196298702659654,18.196298237832167,3.37837837837838,47072706.56666667,Finance,Multi-Line Insurance,SSE:601601,A,1610357291.6456668,0.3109834826960571,17.66792865439479,0.330293021469766,1.0,0.3109834826960571,5.8461843025879645,financial_special,True,0.1,0.4109834826960571,watch
002432,"Andon Health Co., Ltd. Class A",67.6,31278012840.0,6.522578155152449,1.2520468465551764,19.6672439370511,14.140167800280901,1653794640.0,,8289854789.249999,-43.60498338420027,122.26888530977101,127.0864830517759,2.42575713025581,28504228.833333332,Health Technology,Medical Specialties,SZSE:002432,A,1926885869.1333332,0.33164678162477923,19.19558212677197,0.33979579843298663,1.0,0.33164678162477923,2.3982099972358895,health_special,True,0.08,0.41164678162477925,watch
601319,People's Insurance Co. (Group) of China Ltd. Class A,7.99,331630395514.1179,6.21403017576606,1.038838788862192,18.1882447021192,2.84033180246504,136463000000.0,,185163000000.0,7.48539173598942,21.726751156019866,21.726782164157914,2.7363184079602,80113766.8,Finance,Multi-Line Insurance,SSE:601319,A,640108996.732,0.34165090021259903,16.717633475832372,0.37170513307097514,1.0,0.34165090021259903,8.085503853571318,financial_special,True,0.1,0.441650900212599,watch
000672,"Gansu Shangfeng Materials Co., Ltd. Class A",14.89,14003613052.0,8.143286847142466,1.449762186424423,18.9189802847209,9.67648347456285,609736480.0,,4647352289.54,-20.076376655564058,149.4405889589032,145.33744800751379,3.28317373461012,21732848.43333335,Non-Energy Minerals,Construction Materials,SZSE:000672,A,323602113.1723336,0.4304294800560177,17.803157541148806,0.4574068857347759,1.0,0.4304294800560177,5.897901085468316,cyclical,True,0.08,0.5104294800560177,watch
000408,Zangge Mining Company Limited Class A,75.62,119681352466.0,20.797579757975797,6.876989911868673,34.5700013115776,32.0604664167637,4602940530.0,,313889017.28000003,25.138394447726437,84.55611929547764,82.75948730836895,1.30106687483737,14485437.4,Producer Manufacturing,Electrical Products,SZSE:000408,A,1095388776.1880002,0.6016077225606186,33.06629902083377,0.628966058308251,1.0,0.6016077225606186,4.349731656620548,cyclical,True,0.0,0.6016077225606186,watch
605117,"Ningbo Deye Technology Co., Ltd. Class A",86.42,109816170044.0,25.191663022882963,9.579911672371898,41.8470660899571,20.0431218379796,5497295390.0,,6684821507.4,44.70984142649557,34.47293187612156,33.544845842416684,1.98237449275362,14541218.033333322,Producer Manufacturing,Electrical Products,SSE:605117,A,1256652062.4406657,0.6019935296952329,38.02810343910182,0.6624485773587125,1.0,0.6019935296952329,9.125998564978966,cyclical,True,0.0,0.6019935296952329,watch
002517,"Kingnet Network Co., Ltd. Class A",17.41,36216891971.0,15.539093181006782,3.5202012236793685,25.4845576565048,19.5788560988834,2899287440.0,,857971454.32,46.7317330685296,34.61859386552329,34.98795180722893,0.586510263929619,77916621.06666665,Technology Services,Packaged Software,SZSE:002517,A,1356528372.7706664,0.6097454541079903,22.65383946588377,0.6859364040434888,1.0,0.6097454541079903,11.107582202426435,technology_strict,True,0.0,0.6097454541079903,watch
600036,"China Merchants Bank Co., Ltd. Class A",41.69,1052287377897.2302,6.9311210493940045,0.9182313749242882,13.5788450874301,1.14736803132813,749746000000.0,,1920863000000.0,9.286927774461637,39.54960259052105,39.547131290165424,4.90869247626004,83778873.06666669,Finance,Major Banks,SSE:600036,A,3492741218.1493344,0.5104352398725076,13.247948901492206,0.523184464322119,1.0,0.5104352398725076,2.4368507322040434,financial_special,True,0.1,0.6104352398725076,watch
603379,Zhejiang Sanmei Chemical Industry Co. Ltd. Class A,58.56,36152570971.0,16.74578209894195,4.214135055256551,27.2616295136415,22.2513768450776,868305290.0,,842511318.5500001,33.654817496891816,53.79035407704193,53.33684118214504,2.56670043904086,8008311.233333333,Process Industries,Chemicals: Specialty,SSE:603379,A,468966705.824,0.6142619644420925,25.16535226815601,0.6654300691086252,1.0,0.6142619644420925,7.689478886199841,cyclical,True,0.0,0.6142619644420925,watch
002468,"STO Express Co., Ltd. Class A",14.31,21353854007.0,11.088725300271213,1.8631284152471868,17.9566726824685,6.60329595610758,1949462640.0,,9912868806.439999,24.54704435645155,84.63528498196943,85.71017412577349,0.707714083510262,17297973.86666659,Producer Manufacturing,Building Products,SZSE:002468,A,247534006.0319989,0.6175267264907814,16.80200712701953,0.6599643254786678,1.0,0.6175267264907814,6.430286812413177,cyclical,True,0.0,0.6175267264907814,watch
600233,"YTO Express Group Co.,Ltd. Class A",16.98,58098037842.0,10.262299045086426,1.564656816761916,16.3260892564876,10.7142207875783,1643728350.0,,8340955949.940001,8.203739987627866,46.98468138988902,46.775481238357145,1.46972369194591,22027971.366666667,Transportation,Air Freight/Couriers,SSE:600233,A,374034953.806,0.6285828090158476,15.246649994194735,0.6730855006833544,1.0,0.6285828090158476,6.611744217090565,stable_or_general,True,0.0,0.6285828090158476,watch
002602,"Zhejiang Century Huatong Group Co., Ltd. Class A",15.73,105989876313.0,15.365829832958875,3.3880781864196865,24.1269749819162,16.7527538235754,8182712540.0,,2385043614.86,40.191662994891324,174.83490205157537,177.27518959913328,0.0,116197770.46666667,Technology Services,Packaged Software,SZSE:002602,A,1827790929.4406667,0.6368734515817241,22.04943190996715,0.6968809852199845,1.0,0.6368734515817241,8.61087257522427,technology_strict,True,0.0,0.6368734515817241,watch
300910,"Xinxiang Richful Lube Additive Co., Ltd. Class A",29.49,11594689593.0,14.229878401852924,2.9199002738706055,21.5292811696563,15.6386595275779,199766970.0,,1322117182.02,14.328445881195028,0.9384254342937051,0.7633587786259457,2.93219028741328,6031966.4,Process Industries,Chemicals: Major Diversified,SZSE:300910,A,177882689.136,0.6609546454299985,20.519502636722425,0.693480668307556,1.0,0.6609546454299985,4.690256609018018,cyclical,True,0.0,0.6609546454299985,watch
603486,"Ecovacs Robotics Co., Ltd. Class A",52.22,29492331499.0,14.880884532087086,2.9669105949729557,22.2130430460996,11.3312391010034,1138351050.0,,2501762338.08,13.656629561839315,72.25434890312088,70.31644340904678,1.78502134264649,6515083.166666667,Consumer Durables,Electronics/Appliances,SSE:603486,A,340217642.96333337,0.669916521622193,19.937730103177127,0.7463680396453847,1.0,0.669916521622193,10.243139304238625,stable_or_general,True,0.0,0.669916521622193,watch
603871,"Jiayou International Logistics Co., Ltd. Class A",13.99,18645958288.0,14.607914795865094,3.0570882272603113,21.797629798264,15.231409076696501,1092633730.0,,639535427.93,0.8074499308808205,21.672845967278036,22.79779458904987,2.93470286133529,11517821.93333333,Transportation,Air Freight/Couriers,SSE:603871,A,161134328.84733328,0.6701606977942387,20.927615405626877,0.6980209886663635,1.0,0.6701606977942387,3.9913256656299967,stable_or_general,True,0.0,0.6701606977942387,watch
600221,"Hainan Airlines Holding Co., Ltd. Class A",1.3,56211332100.0,25.641025641025642,10.226557583385777,54.4380246526789,1.40261894252231,14878676000.0,,118340334000.0,6.501208291967475,,,0.0,214412399.09999964,Transportation,Airlines,SSE:600221,A,278736118.82999957,0.4710131531152802,39.88357457520453,0.6428968795832702,1.0,0.4710131531152802,26.735815949115537,cyclical,True,0.2,0.6710131531152802,watch
601677,"Henan Mingtai Aluminum Industrial Co., Ltd. Class A",16.65,20602378915.0,8.454351579161164,1.0179738102545728,12.5838317067767,8.32751221484355,12183450.0,,7390099661.89,15.434869052840098,49.88489754278816,60.832993058391196,1.86943620178042,25254351.2666667,Non-Energy Minerals,Aluminum,SSE:601677,A,420484948.5900005,0.671842390788514,12.040826558050187,0.7021404667197704,1.0,0.671842390788514,4.31510180189465,cyclical,True,0.0,0.671842390788514,watch
002690,"Hefei Meyer Optoelectronic Technology, Inc. Class A",16.04,14186607343.0,19.34627909781691,5.498366601193598,28.7761430138752,22.7752861467734,789245070.0,,30110984.86,1.9462905769239383,7.542915896004794,7.4659753726506795,4.37773608505316,6058395.966666668,Electronic Technology,Electronic Components,SZSE:002690,A,97176671.30533335,0.6723027157770441,28.420796440458926,0.6807085486976775,1.0,0.6723027157770441,1.2348651910887964,technology_strict,True,0.0,0.6723027157770441,watch
600710,Sumec Corporation Limited Class A,10.7,13590193154.0,9.964611659526913,1.658798998519483,17.3249388805669,2.27470489687019,1873992010.0,,14705645088.429998,10.988297834311302,14.661635308469565,14.660971703150036,3.99038461538462,9154682.566666659,Producer Manufacturing,Trucks/Construction/Farm Machinery,SSE:600710,A,97955103.46333325,0.5751599892051599,16.646900603833842,0.5985866015942947,1.0,0.5751599892051599,3.913654653602272,cyclical,True,0.1,0.6751599892051598,watch
603816,"Jason Furniture (Hangzhou) Co., Ltd. Class A",23.74,18410587691.0,11.450897163804745,1.8756197090182227,16.7926436317358,8.94331911482498,1664144750.0,,2911430291.51,4.111145072270413,9.998556169971067,9.739572305737877,6.05263157894737,8052253.633333332,Consumer Durables,Home Furnishings,SSE:603816,A,191160501.25533327,0.6818996112181,16.3796747293032,0.6990918533515881,1.0,0.6818996112181,2.4592250719365327,stable_or_general,True,0.0,0.6818996112181,watch
000426,"Inner Mongolia Xingye Silver and Tin Mining Co., Ltd. Class A",38.44,65777550722.0,21.520546411376106,5.915183895434813,31.529307369388505,17.9969362270451,2185038910.0,,5047318767.72,64.34806832352513,119.92753109217811,122.63492459179857,0.280112044817927,78459217.73333341,Non-Energy Minerals,Other Metals/Minerals,SZSE:000426,A,3015972329.669336,0.6825569036213651,27.48621611349028,0.7829577677232111,1.0,0.6825569036213651,12.823279650677078,cyclical,True,0.0,0.6825569036213651,watch
000737,"North Copper Co., Ltd. Class A",14.35,28342180706.0,16.082035189958535,3.4583729981804376,23.5560104820715,8.33066127151165,2864600130.0,,9776232714.33,50.22046853563117,165.63035400148615,162.9826112584733,0.940860215053763,74865095.13333334,Non-Energy Minerals,Other Metals/Minerals,SZSE:000737,A,1074314115.1633334,0.6827147237941071,21.504573005410485,0.747842572178129,1.0,0.6827147237941071,8.708764492282617,cyclical,True,0.0,0.6827147237941071,watch
000600,"HCIG Energy Investment Co., Ltd. Class A",7.46,13379999200.0,7.629372059725915,1.0880884939746736,15.0145636208591,3.5807373669324,147954220.0,,27192553003.68,-7.996997662917603,60.61051284467504,60.21628707193185,4.31266846361186,25852833.466666665,Utilities,Electric Utilities,SZSE:000600,A,192862137.66133332,0.508131455057858,14.26183551485839,0.5349502209429786,1.0,0.508131455057858,5.013319900652835,stable_or_general,True,0.18,0.6881314550578579,watch
603195,"Goneo Group Co., Ltd.Class A",39.3,69512118086.0,17.05285082009893,4.666222603752212,27.844662883921302,19.9776811559371,4734890460.0,,1148467472.67,-1.9696129451374973,1.6832950937470084,1.533174729051025,4.92610837438424,4468924.800000007,Producer Manufacturing,Electrical Products,SSE:603195,A,175628744.64000028,0.6124279863322021,27.363299268720993,0.6232015610629253,1.0,0.6124279863322021,1.7287464287393584,cyclical,True,0.08,0.692427986332202,watch
601991,"Datang International Power Generation Co., Ltd. Class A",5.58,82918696055.47653,12.416555407209612,2.739645319036116,23.4195108921929,2.50839861966968,11094481000.0,,249811973000.0,-0.27347858787300694,39.13598990839425,39.133126934984524,2.64285714285714,366967664.3,Utilities,Electric Utilities,SSE:601991,A,2047679566.7940001,0.530179962526407,22.064455311376893,0.562740173368675,1.0,0.530179962526407,5.7860114459851175,stable_or_general,True,0.18,0.7101799625264069,watch
300442,Range Intelligent Computing Technology Group Company Limited Class A,62.93,100605123538.0,19.776869893148962,7.058271962744707,42.6844568439368,12.7038761913272,-7251297620.0,,27359621829.3,10.963029582499512,214.8584872418882,220.24959742351044,1.0018630647415,29664302.83333334,Technology Services,Data Processing Services,SZSE:300442,A,1866774577.301667,0.4633272004715273,35.68953024861538,0.5541364583781887,1.0,0.4633272004715273,16.387526309392484,technology_strict,False,0.25,0.7133272004715273,watch
600999,"China Merchants Securities Co., Ltd. Class A",18.54,153939143744.74658,9.06424171311235,1.2818172767397868,14.7445339609282,2.30179200433716,35574762530.0,,380886129910.06,7.2630456422848875,64.33698150616445,64.34195725534309,3.07859078590786,62604461.63333326,Finance,Investment Managers,SSE:600999,A,1160686718.6819985,0.6147526762888433,14.141472803902696,0.6409687193692333,1.0,0.6147526762888433,4.090065909329976,financial_special,True,0.1,0.7147526762888433,watch
002709,"Guangzhou Tinci Materials Technology Co., Ltd",33.83,70359071555.0,17.156042395659007,3.4000102512871897,23.6963144175171,13.9988161006046,460423350.0,,4420437398.93,72.35044027201346,668.9922655488155,652.3464326592904,0.722543352601156,57826666.066666715,Process Industries,Chemicals: Specialty,SZSE:002709,A,1956276113.0353348,0.7239962339028002,19.81815020547801,0.8656732448680725,1.0,0.7239962339028002,16.366107166320443,cyclical,True,0.0,0.7239962339028002,watch
002946,"New Hope Dairy Co., Ltd. Class A",15.58,13027786059.0,16.77252664441813,3.691960625405808,23.1540987411898,9.16645253242051,1008005710.0,,2206467520.98,6.271858134707291,25.36397898785164,25.357624831309032,2.96052631578947,9024728.766666668,Consumer Non-Durables,Food: Meat/Fish/Dairy,SZSE:002946,A,140605274.1846667,0.7243869360624595,22.011952663282766,0.7619735923017722,1.0,0.7243869360624595,4.932803002499176,stable_or_general,True,0.0,0.7243869360624595,watch
000623,"Jilin Aodong Pharmaceutical Group Co., Ltd. Class A",18.49,21605675020.0,6.587807745751237,0.6515413233653501,10.2139609545759,9.01218000602306,420187910.0,,2249054731.35,-3.672609433121047,37.824049320308376,40.700822137557665,2.7114967462039,12724737.799999999,Health Technology,Pharmaceuticals: Other,SZSE:000623,A,235280401.92199996,0.6449807058249886,9.890108341208915,0.6661006652780488,1.0,0.6449807058249886,3.1706858368388158,health_special,True,0.08,0.7249807058249885,watch
000333,Midea Group Co. Ltd. Class A,87.57,655876688688.9166,15.025995641654799,3.1321310795247257,20.690326160494,6.92787999351494,54879532000.0,,131260261000.0,5.398082370725765,1.1973150206955316,1.6340553172194765,4.92836676217765,26437639.500000004,Consumer Durables,Electronics/Appliances,SZSE:000333,A,2315144091.0150003,0.7262329034882667,20.8447490217679,0.7208527973142468,1.0,0.7262329034882667,0.7463529577834915,stable_or_general,True,0.0,0.7262329034882667,watch
301358,"Hunan Yuneng New Energy Battery Material Co., Ltd. Class A",55.82,26941075780.0,11.464366399671391,2.3104314198805547,24.0546933963492,9.12824956017612,-4563497120.0,,19540449182.079998,110.67804954783249,661.8535593681314,623.5844850646455,0.620425235273614,20029506.6,Producer Manufacturing,Electrical Products,SZSE:301358,A,1118047058.4120002,0.47659582314241206,20.153154036901505,0.5688621432992336,1.0,0.47659582314241206,16.21945162701528,cyclical,False,0.25,0.7265958231424121,watch
605099,"CoCreation Grass Co., Ltd. Class A",29.75,12095455133.0,17.167753476830747,3.778377520241308,23.413122948091704,18.2349775733957,375633420.0,,408605096.56,9.815555189636264,22.547368394127652,21.14793064876959,2.74834437086093,1897534.9333333333,Producer Manufacturing,Trucks/Construction/Farm Machinery,SSE:605099,A,56451664.266666666,0.7332534628077033,22.008572789331637,0.7800484675295523,1.0,0.7332534628077033,5.998986815530937,cyclical,True,0.0,0.7332534628077033,watch
000987,"Guangzhou Yuexiu Capital Holdings Group Co., Ltd. Class A",7.69,38431232838.0,8.057418273260687,1.1341112343377617,14.502222498006201,2.1585532097774,6733639560.0,,160193228235.63,-40.95801494065184,68.19467788586694,68.20585125132182,2.87206266318538,27651555.16666673,Finance,Investment Banks/Brokers,SZSE:000987,A,212640459.23166716,0.5555988590278793,14.075367516930557,0.5724481626194713,1.0,0.5555988590278793,2.943376307557888,financial_special,True,0.18,0.7355988590278792,watch
601156,Eastern Air Logistics Co. Ltd. Class A,19.25,30290559620.0,10.846292540004509,1.5299427682188367,14.7092498043495,8.37683617905617,5432959920.0,,9563089238.96,13.521227064812761,4.392516674651119,4.393859184753837,3.54821802935011,10065978.433333334,Transportation,Air Freight/Couriers,SSE:601156,A,193770084.84166667,0.7373790427297848,14.105674935245666,0.7689311280598858,1.0,0.7373790427297848,4.103369492884368,stable_or_general,True,0.0,0.7373790427297848,watch
603979,JCHX MINING MANAGEMENT CO LTD Class A,79.54,49240865883.0,18.86085554396282,4.003601933044112,25.5100825688445,13.549720070423502,2102926750.0,,6573927743.01,26.974128631033462,36.50284465446994,33.034700315457414,0.827897641746111,8349521.966666707,Non-Energy Minerals,Precious Metals,SSE:603979,A,664120977.2286699,0.7393490590656735,21.22704308779687,0.8885295736176116,1.0,0.7393490590656735,16.789594739605096,cyclical,True,0.0,0.7393490590656735,watch
603298,"Hangcha Group Co., Ltd. Class A",25.64,34055112305.000004,14.700149065474143,2.7541640081035155,19.8309304563915,11.7614992246599,1248233510.0,,2854452866.1600003,7.67614405680227,6.930869495954369,6.927415399705737,2.30769230769231,5479725.0666666655,Producer Manufacturing,Industrial Machinery,SSE:603298,A,140500150.7093333,0.7412737943789366,18.7356195902268,0.7846097106466813,1.0,0.7412737943789366,5.523244956021111,cyclical,True,0.0,0.7412737943789366,watch
603889,Zhejiang Xinao Textiles Inc Class A,6.23,11648797388.0,10.968309859154932,1.5646347343888132,14.7445826532522,7.77351125809824,173144260.0,,2426558041.85,15.4090236012411,23.599298897718366,22.78426286208386,3.34033870967742,11823353.8,Process Industries,Textiles,SSE:603889,A,73659494.17400001,0.7438874410416534,14.26504862171502,0.768893969450506,1.0,0.7438874410416534,3.252272667286449,cyclical,True,0.0,0.7438874410416534,watch
300750,"Contemporary Amperex Technology Co., Limited Class A",351.0,1657377568455.573,18.78522229179712,4.2546429245469986,25.2122433470305,8.45905483024545,90573139000.0,,301979824000.0,39.451369595240266,45.635892734488884,40.85015604034433,1.02689556509299,26290394.66666664,Producer Manufacturing,Electrical Products,SZSE:300750,A,9227928527.99999,0.745083332459967,22.648882501671856,0.8294105587951399,1.0,0.745083332459967,10.167127177362257,cyclical,True,0.0,0.745083332459967,watch
000975,"Shanjin International Gold Co., Ltd. Class A",26.25,73811851420.0,19.19842024427704,4.5714345422818505,25.716758584914302,17.1282414306942,3248787720.0,,4668646668.139999,8.03209630993931,40.78483254739956,40.94423255334502,1.80331081081081,61271530.56666667,Non-Energy Minerals,Precious Metals,SZSE:000975,A,1608377677.375,0.7465334396979182,23.81151409395038,0.8062662528946299,1.0,0.7465334396979182,7.40857166999872,cyclical,True,0.0,0.7465334396979182,watch
001221,"Higold Group Co., Ltd. Class A",39.65,15837348390.0,21.715318473081766,5.216336539878333,28.9130706285155,20.4049243059037,374294390.0,,491309757.54,22.456694338563914,21.780908951567714,18.487994808565876,1.88916876574307,3557165.6,Consumer Durables,Home Furnishings,SZSE:001221,A,141041616.04,0.7510554223758249,24.021459995369103,0.9039966129147886,1.0,0.7510554223758249,16.91833667892073,stable_or_general,True,0.0,0.7510554223758249,watch
600741,Huayu Automotive Systems Company Limited Class A,15.58,49024860684.0,7.04658525554048,0.7382028503727261,10.7866046922559,3.54546107363905,7340110210.0,,29301028738.59,3.9862987316261895,3.8611014011641305,3.861330326944749,6.43086816720257,14302097.299999982,Producer Manufacturing,Auto Parts: OEM,SSE:600741,A,222826675.93399972,0.6532718549145945,10.476036599320265,0.6726384724541431,1.0,0.6532718549145945,2.8792015819268935,cyclical,True,0.1,0.7532718549145945,watch
000703,"Hengyi Petrochemical Co., Ltd. Class A",17.93,65355355112.0,11.209052263065766,2.068656792185946,22.2706646298162,5.11034570174203,-1205479970.0,,74771499499.1,7.222869749219651,19477.657174270025,10493.377483443708,0.264830508474576,97679779.73333336,Process Industries,Textiles,SZSE:000703,A,1751398450.6186671,0.5033101817742327,18.455233713221638,0.6073644169044261,1.0,0.5033101817742327,17.132092732815995,cyclical,False,0.25,0.7533101817742327,watch
000776,"GF Securities Co., Ltd. Class A",22.2,161080082396.61758,9.409969481180061,1.257434866856339,14.3877432159927,1.88008034683136,155485451450.0,,546862038317.87,21.13412221502472,60.79025191727191,52.788031863221285,2.70880361173815,61467543.3,Finance,Investment Banks/Brokers,SZSE:000776,A,1364579461.26,0.6540267879343584,13.362794314808447,0.7041917475862122,1.0,0.6540267879343584,7.12376420538956,financial_special,True,0.1,0.7540267879343584,watch
000895,"Henan Shuanghui Investment & Development Co., Ltd. Class A",24.17,82006439039.0,16.46121364843697,4.0068167275066235,24.3735690015023,12.8397078040727,5417263110.0,,12605102324.17,-2.3204729386578964,1.4190601379217611,1.4229467431097569,5.91465990705534,13023194.266666632,Consumer Non-Durables,Food: Meat/Fish/Dairy,SZSE:000895,A,314770605.42533255,0.675371491447246,24.340955734373082,0.6762763889830038,1.0,0.675371491447246,0.13380587441750302,stable_or_general,True,0.08,0.7553714914472459,watch
600415,Zhejiang China Commodities City Group Co. Ltd. Class A,13.12,69863638768.0,16.015625,3.2550984965017618,21.1405173377121,11.0006311023494,4829008680.0,,3285768122.81,34.833738445882645,35.43293918244677,35.382581391505546,3.89105058365759,84185985.66666712,Distribution Services,Wholesale Distributors,SSE:600415,A,1104520131.9466724,0.7575796156809314,20.324517441571977,0.7879953384399413,1.0,0.7575796156809314,3.8598861281624375,stable_or_general,True,0.0,0.7575796156809314,watch
002545,"Qingdao East Steel Tower Stock Co., Ltd. Class A",17.85,21795968058.0,13.148202710665883,2.1421602335854724,17.3043803209249,11.626933247531902,2406845040.0,,1156195011.3,32.466621113089985,115.90425853649198,115.90330788804069,1.71232876712329,22535660.366666745,Producer Manufacturing,Building Products,SZSE:002545,A,402261537.54500145,0.7598193328406415,16.29241867291673,0.8070135548703058,1.0,0.7598193328406415,5.848008592278086,cyclical,True,0.0,0.7598193328406415,watch
002911,"Foran Energy Group Co., Ltd. Class A",11.51,14852483926.0,15.878052145123466,3.3277341050823837,23.3313270400073,5.41390531777824,2053977580.0000002,,7283976966.84,-4.498048945800213,20.18610171016226,19.87762526872829,4.55341506129597,6279735.899999997,Utilities,Gas Distributors,SZSE:002911,A,72279760.20899996,0.6805464651837695,20.958075176144398,0.757610229549931,1.0,0.6805464651837695,10.17195404184844,cyclical,True,0.08,0.7605464651837694,watch
002558,Giant Network Group Co. Ltd. Class A,27.67,47320920569.0,15.698400090774992,3.064213376448636,20.2264184361476,17.0439746194414,4351310250.0,,654493323.28,155.6728659467352,110.32804088724207,100.0,1.2630014858841,84197658.66666667,Technology Services,Packaged Software,SZSE:002558,A,2329749215.306667,0.7761334583447373,19.519271764829654,0.8042513204340334,1.0,0.7761334583447373,3.4961536742173505,technology_strict,True,0.0,0.7761334583447373,watch
000685,"Zhongshan Public Utilities Group Co., Ltd. Class A",11.43,16706414508.999998,6.384404848349439,0.8658920354599076,14.219291070492702,7.069733677169131,-218969310.0,,12661221214.429998,-17.618665245997242,92.78082820530557,92.77484655970713,3.36538461538462,14279706.500000002,Utilities,Water Utilities,SZSE:000685,A,163217045.29500002,0.4489960024517747,13.562611645528193,0.47073565292673386,1.0,0.4489960024517747,4.618229008105912,stable_or_general,False,0.33,0.7789960024517747,watch
600039,"Sichuan Road & Bridge Co., Ltd. Class A",9.16,79655457283.0,10.411457149352126,1.5785401261108805,15.328140328533102,3.02622515215926,5939115170.0,,78739106241.33,12.905517799386656,11.974568417822402,12.076433121019107,5.30744336569579,20188015.133333337,Industrial Services,Engineering & Construction,SSE:600039,A,184922218.62133336,0.6792381154008197,15.161567717820443,0.6867005670604114,1.0,0.6792381154008197,1.086711154402642,cyclical,True,0.1,0.7792381154008197,watch
000783,"Changjiang Securities Co., Ltd Class A",9.26,51042573494.0,9.939888364104766,1.387619318777816,14.447718627491,2.52324299327822,6370425970.0,,86367874483.58,33.30945925568245,84.98278391136,84.98808578236694,3.25027085590466,116388644.8333333,Finance,Investment Banks/Brokers,SZSE:000783,A,1077758851.1566663,0.6879901678865221,13.960109690857598,0.7120207924021074,1.0,0.6879901678865221,3.3749891536895116,financial_special,True,0.1,0.7879901678865221,watch
000415,"Bohai Leasing Co., Ltd. Class A",4.56,27882281336.0,5.833439938595369,0.890423263479368,16.1344809470231,1.77104286631758,-3094913000.0,,170558449000.0,-5.099070986676165,,,0.0,57233496.59999985,Finance,Finance/Rental/Leasing,SZSE:000415,A,260984744.4959993,0.36155113745209577,15.264119847846972,0.38216680665136316,1.0,0.36155113745209577,5.394416480046182,financial_special,False,0.43000000000000005,0.7915511374520958,watch
600519,"Kweichow Moutai Co., Ltd. Class A",1330.0,1623706079190.0,20.446062365102108,6.6172528698602795,33.2451371632829,27.085589260476002,116933614800.0,,25670001536.23,-4.702317582417921,-9.452899828088526,-9.18759240153958,4.00200403424489,3710890.566666666,Consumer Non-Durables,Beverages: Alcoholic,SSE:600519,A,4935484453.666666,0.6150091144061652,32.364436494895884,0.6317447352536666,1.0,0.6150091144061652,2.6491112491474067,stable_or_general,True,0.18,0.7950091144061653,watch
300866,"Anker Innovations Technology Co., Ltd. Class A",135.91,80657531902.79999,24.0659418493466,6.287702039443521,29.719640555322602,14.8299018013264,2441477130.0,,3767346221.94,22.64400116868173,27.852663929499204,,1.74978127734033,4058261.06666667,Producer Manufacturing,Electrical Products,SZSE:300866,A,551558261.5706671,0.8097655758840105,26.12697262714542,0.9211148261525927,1.0,0.8097655758840105,12.088530887476557,cyclical,True,0.0,0.8097655758840105,watch
002215,"Shenzhen Noposion Crop Science Co., Ltd. Class A",10.62,10142688786.0,14.099840679766329,2.3269368133673973,17.3976049371066,6.30054875025822,409486120.0,,6135202748.44,9.002232267482508,12.71165774712453,12.501867064973862,2.9126213592233,24784915.3,Process Industries,Chemicals: Agricultural,SZSE:002215,A,263215800.486,0.8104472271176469,16.50328444282791,0.8543657311738282,1.0,0.8104472271176469,5.140480528852775,cyclical,True,0.0,0.8104472271176469,watch
600988,Chifeng Jilong Gold Mining Group Limited Class A,45.69,83568108887.6075,23.23180963034525,6.012625328825728,28.595660537272398,15.2244275588956,3061423240.0,,793982410.43,42.393941161622564,71.59657192952929,56.07491468931036,0.686695278969957,72140235.06666666,Non-Energy Minerals,Precious Metals,SSE:600988,A,3296087340.1959996,0.8124243047319801,25.881002920117222,0.8976394655976503,1.0,0.8124243047319801,9.493250255984876,cyclical,True,0.0,0.8124243047319801,watch
600711,"Chengtun Mining Group Co., Ltd. Class A",11.52,35733617160.0,12.927841993042307,1.9539167380445566,15.8821683145041,5.94816573289037,329506960.0,,23372711706.96,26.99578620359544,39.802309925565446,42.23463687150839,0.856898029134533,117985068.09999989,Non-Energy Minerals,Other Metals/Minerals,SSE:600711,A,1359187984.5119987,0.8139846988799503,15.11402087909292,0.8553542499683369,1.0,0.8139846988799503,4.83654007563743,cyclical,True,0.0,0.8139846988799503,watch
600062,"China Resources Double-Crane Pharmaceutical Co., Ltd. Class A",16.02,16689857952.999998,10.264624847824694,1.3584375763167176,13.8926758155826,9.12878587901342,899837890.0,,1229362079.35,-1.354763765265853,3.9222379491043284,3.7975525405692956,2.98070939639079,9442831.566666814,Health Technology,Pharmaceuticals: Other,SSE:600062,A,151274161.69800234,0.7388515347282103,13.234166824953192,0.7756154946203799,1.0,0.7388515347282103,4.739972337732046,health_special,True,0.08,0.8188515347282103,watch
600323,"Grandblue Environment Co., Ltd. Class A",29.99,24460413208.0,11.052146674037221,1.6103422742500415,15.2757483612876,3.48482386158235,3027897440.0,,34573729922.619995,34.55277424249963,26.88606429267162,26.888005611409856,3.5,5398230.533333337,Industrial Services,Environmental Services,SSE:600323,A,161892933.69466677,0.7235093438725401,14.570402671482121,0.7585340586138366,1.0,0.7235093438725401,4.617421504487429,cyclical,True,0.1,0.82350934387254,watch
002048,"Ningbo Huaxiang Electronic Co., Ltd. Class A",18.72,15610508312.0,10.009089450890231,1.2862920570091236,13.4084834503706,5.67453226305021,1304117170.0,,3450315452.48,-14.665633288940318,3131.5368878416166,3181.2280701754385,1.35275754422477,17237316.26666665,Producer Manufacturing,Office Equipment/Supplies,SZSE:002048,A,322682560.51199967,0.7464743860062405,12.851239499060705,0.7788423405868199,1.0,0.7464743860062405,4.155905873862952,cyclical,True,0.08,0.8264743860062405,watch
600968,CNOOC Energy Technology & Services Ltd. Class A,3.95,39847214213.0,10.23581238662866,1.3466429384771685,13.6601172881403,8.05782840751524,1494941070.0,,4108184042.4900002,-4.928284211875787,1.4044542418826356,1.392538097740417,3.75,45040716.9,Energy Minerals,Integrated Oil,SSE:600968,A,177910831.755,0.7493209736577725,13.156190125527578,0.7780225345609463,1.0,0.7493209736577725,3.6890397936058084,cyclical,True,0.08,0.8293209736577725,watch
603049,"Zhongce Rubber Group Co., Ltd. A",50.17,22861822746.0,10.285163697492774,1.743864322697974,17.7420452940673,7.93185304072831,-128463380.0,,17704686702.48,,,,2.84181240063593,2614747.533333333,Consumer Durables,Automotive Aftermarket,SSE:603049,A,131181883.74733333,0.5797056386127023,16.95514406954046,0.6066102213764047,1.0,0.5797056386127023,4.435233996330568,stable_or_general,False,0.25,0.8297056386127023,watch
601117,"China National Chemical Engineering Co., Ltd Class A",7.42,45303259724.0,6.963213213213212,0.6435000854242027,9.5359547409422,2.63648340849052,9647175300.0,,28844703365.89,2.5834475907829493,8.892171468450742,8.623853211009187,2.84366576819407,61211398.86666667,Industrial Services,Engineering & Construction,SSE:601117,A,454188579.59066665,0.7302061935463016,9.241424407385855,0.7534783499011397,1.0,0.7302061935463016,3.088629734071535,cyclical,True,0.1,0.8302061935463015,watch
601083,"Shanghai Jinjiang Shipping (Group) Co., Ltd. Class A",13.23,16823559937.000002,11.749555950266432,1.8511289367971693,15.9735978637325,12.637928415493798,2124442320.0,,1305431481.83,10.264369592060927,-2.717917608571937,-2.7129773630551317,6.24615384615385,12288794.7,Transportation,Marine Shipping,SSE:601083,A,162580753.88099998,0.7355610207856422,15.754884223988,0.7457722813587451,1.0,0.7355610207856422,1.3692196436288384,cyclical,True,0.1,0.8355610207856422,watch
600750,"China Resources Jiangzhong Pharmaceutical Co., Ltd. Class A",23.44,14744224336.0,16.840290250736405,3.723176136092889,22.157027169661,13.0963611213819,840569610.0,,545784778.69,-8.932001259565236,6.567717637295292,6.187061336588339,5.8898847631242,4741787.833333335,Health Technology,Pharmaceuticals: Other,SSE:600750,A,111147506.81333338,0.7600428578160227,22.10874088663691,0.7617028186763503,1.0,0.7600428578160227,0.21792762474113214,health_special,True,0.08,0.8400428578160226,watch
002011,"Zhejiang Dun'an Artificial Environment Co., Ltd. Class A",10.85,11260522838.0,11.442733600506221,1.642205125798967,15.4261368074083,7.77440010449148,1236706180.0,,2350486672.9300003,3.771629557126189,-8.74547334937686,-9.427834559174697,0.954198473282443,10514317.866666667,Producer Manufacturing,Industrial Machinery,SZSE:002011,A,114080348.85333334,0.7417757111431116,14.351510601682772,0.7973191058483081,1.0,0.7417757111431116,6.966269125847813,cyclical,True,0.1,0.8417757111431116,watch
600030,CITIC Securities Co. Ltd. Class A,27.99,418708451314.56104,10.449098443274721,1.4039364391477065,14.000012400627801,1.85616711211759,175572050400.0,,803446489314.38,0.3289206931487917,59.74021278395141,59.74118909893256,2.51256281407035,111796758.5333331,Finance,Investment Banks/Brokers,SSE:600030,A,3129191271.347993,0.7463635134213277,13.435957626098471,0.7776965910474464,1.0,0.7463635134213277,4.02895910652219,financial_special,True,0.1,0.8463635134213277,watch
002736,"Guosen Securities Co., Ltd. Class A",10.26,104670617872.0,9.187785439240619,1.0803252347548842,12.2913922138803,2.03565549286214,6884938420.0,,305016329926.32,8.024967973473544,9.492559552952997,2.7606515137572494,4.40313111545988,23456506.966666665,Finance,Investment Managers,SZSE:002736,A,240663761.478,0.7474975396900222,11.75827670224931,0.7813887759150142,1.0,0.7474975396900222,4.337307787062217,financial_special,True,0.1,0.8474975396900222,watch
000682,"Dongfang Electronics Co., Ltd. Class A",11.17,15002734160.0,14.790783898305085,2.395576868635744,17.4445177190217,7.533560332336629,318291870.0,,633630712.0300001,12.836931429060385,38.01808771498419,38.01169590643274,0.777479892761394,14625304.333333334,Electronic Technology,Electronic Equipment/Instruments,SZSE:000682,A,163364649.40333334,0.8478757702872488,16.1964158567029,0.9132133941957231,1.0,0.8478757702872488,7.154693998549799,technology_strict,True,0.0,0.8478757702872488,watch
000999,"China Resources Sanjiu Medical & Pharmaceutical Co., Ltd. Class A",24.9,41305887659.0,12.635104277667834,1.8149905095676968,14.8353910762625,5.77777786182092,3894687140.0,,5475123164.74,12.823631189867532,17.658041729054208,17.70292062354417,4.19016921837228,11558735.13333333,Health Technology,Pharmaceuticals: Major,SZSE:000999,A,287812504.8199999,0.85168663318116,14.364665852229157,0.8795961150538755,1.0,0.85168663318116,3.1729883062302955,health_special,True,0.0,0.85168663318116,watch
001337,Sichuan Gold Co. Ltd. Class A,53.2,22936200256.0,32.39359434938805,10.854949714241409,37.9859355103461,24.833400198556603,208066980.0,,500621389.71000004,105.40191171444353,118.11729850994732,118.10092961487383,0.91558322651529,22488003.933333334,Non-Energy Minerals,Precious Metals,SZSE:001337,A,1196361809.2533333,0.8527786380452607,33.50955623251629,0.9666972049589438,1.0,0.8527786380452607,11.784307053884714,cyclical,True,0.0,0.8527786380452607,watch
600578,"Beijing Jingneng Power Co., Ltd. Class A",5.41,36351791390.0,10.14628657164291,1.4523372966123764,15.0280705094352,3.61345233499845,6290604650.0,,56310556438.799995,-3.6024294373061676,29.417409001384016,29.417475728155352,3.13075506445672,123423022.96666701,Utilities,Electric Utilities,SSE:600578,A,667718554.2496686,0.6751556405908984,14.313978679366343,0.7088376194292384,1.0,0.6751556405908984,4.751719987077008,stable_or_general,True,0.18,0.8551556405908984,watch
601688,"Huatai Securities Co., Ltd. Class A",19.56,167612597151.4647,9.015071208001105,0.9871394304165112,11.8755361737867,1.82262233310238,139267754940.0,,553022672367.64,8.110876565573804,19.128550576982413,13.775563712637659,2.82051282051282,61518619.5,Finance,Investment Banks/Brokers,SSE:601688,A,1203304197.4199998,0.7591296153768954,10.949879458970882,0.8233032374265407,1.0,0.7591296153768954,7.794651974190881,financial_special,True,0.1,0.8591296153768954,watch
300693,"Shenzhen Sinexcel Electric Co., Ltd. Class A",40.13,12855907186.0,22.941916304596386,5.575283696219977,26.665294265838803,13.720475160197202,604926180.0,,402000466.27,30.06855068418991,34.59475575053675,34.161681239453905,1.21654501216545,14056935.83333332,Electronic Technology,Electronic Production Equipment,SZSE:300693,A,564104834.9916662,0.8603661401924795,24.301734964933928,0.9440443794527558,1.0,0.8603661401924795,8.863803554318384,technology_strict,True,0.0,0.8603661401924795,watch
603233,"DaShenLin Pharmaceutical Group Co., Ltd. Class A",18.79,21029542958.0,15.598538934086005,2.7511504611361564,18.1064351669316,5.240986724997,3131022920.0,,11783314711.720001,4.8622410632298285,29.228522580167223,29.318303811057422,4.48406266882766,9042368.933333334,Retail Trade,Drugstore Chains,SSE:603233,A,169906112.25733334,0.8614914415938786,17.63723174818847,0.8844097053772704,1.0,0.8614914415938786,2.591362763665661,stable_or_general,True,0.0,0.8614914415938786,watch
002895,Guizhou Chanhen Chemical Corp. Class A,33.6,20118339093.0,15.720769194778457,2.75137179631005,18.2110541632459,9.48071662583551,580887120.0,,3818221903.88,33.08635392371207,12.786406552449051,5.347988958990549,5.37955768081291,6942390.133333334,Process Industries,Chemicals: Specialty,SZSE:002895,A,233264308.48000002,0.8632542110882624,17.50150875075438,0.8982522260602723,1.0,0.8632542110882624,3.8962347052020063,cyclical,True,0.0,0.8632542110882624,watch
600489,"Zhongjin Gold Corp., Ltd. Class A",25.6,124527460714.0,18.813845814654222,3.8187011940899636,21.7055351946967,9.84339186557008,7177052580.0,,20396675895.32,20.664809046540068,52.03793951980218,52.03351955307263,1.78279486181394,99321416.93333332,Non-Energy Minerals,Precious Metals,SSE:600489,A,2542628273.4933333,0.8667764073032853,20.29729185468052,0.92691409028125,1.0,0.8667764073032853,6.487945712392551,cyclical,True,0.0,0.8667764073032853,watch
600660,"Fuyao Glass Industry Group Co., Ltd. Class A",57.33,143140757750.04837,17.647602043957395,3.920458392058148,22.9745881941693,12.02540346653,5651152090.0,,25356283157.0,9.329304211028434,-3.704985373058366,-3.702386245738841,3.6835642869672,11938884.766666662,Consumer Durables,Home Furnishings,SSE:600660,A,684456263.6729997,0.7681357286933292,22.215247047688997,0.7943914378297781,1.0,0.7681357286933292,3.305134960691114,stable_or_general,True,0.1,0.8681357286933292,watch
603565,Shanghai Zhonggu Logistics Co. Ltd. Class A,12.4,26313788682.0,12.940930912126904,2.3687945701115436,18.7658237147975,8.24926057008095,2173782000.0,,9665219128.720001,-1.1098179598053346,-6.4106351326805076,-6.407501465129907,5.34716679968077,25886724.333333332,Transportation,Air Freight/Couriers,SSE:603565,A,320995381.73333335,0.6896010059991416,18.304669008716782,0.7069743192823843,1.0,0.6896010059991416,2.45741787352014,stable_or_general,True,0.18,0.8696010059991417,watch
301345,"Zhejiang Taotao Vehicles Co., Ltd. Class A",229.01,23305037159.0,24.62420163007247,6.32276906417993,27.9585009015692,16.9831743100366,772459820.0,,1561399759.24,50.917284251034246,71.53416949914502,71.6854347424774,1.31256562828141,1284251.1,Consumer Durables,Motor Vehicles,SZSE:301345,A,294106344.411,0.8807411283160183,25.67705202859534,0.9589964456453038,1.0,0.8807411283160183,8.160125898759507,cyclical,True,0.0,0.8807411283160183,watch
300274,"Sungrow Power Supply Co., Ltd. Class A",88.43,178949799024.0,16.646273742070292,3.6340757373766936,23.7065878095502,8.94458905523682,14987532840.0,,30518253295.21,-15.169147408790701,-20.464931496750925,-20.366067547107587,1.8833256775379,56370493.1,Producer Manufacturing,Electrical Products,SZSE:300274,A,4984842704.833,0.7021792370880275,21.831166504202425,0.7625004252001807,1.0,0.7021792370880275,7.910971078647844,cyclical,True,0.18,0.8821792370880275,watch
600887,"Inner Mongolia Yili Industrial Group Co., Ltd. Class A",26.86,164790862768.0,16.78330417395651,3.163189239032766,18.9200554094607,6.6011234084709605,20124066160.0,,71140643380.20999,0.5862116685498541,24.637569263282067,24.836193447737912,5.19578313253012,65765512.53333353,Process Industries,Agricultural Commodities/Milling,SSE:600887,A,1766461666.6453385,0.8870642189326918,18.847237744408186,0.89049145564771,1.0,0.8870642189326918,0.38487025263205243,cyclical,True,0.0,0.8870642189326918,watch
601128,Jiangsu Changshu Rural Commercial Bank Co. Ltd. Class A,6.42,23238901082.0,6.539009981666327,0.7135339156451758,14.291482630216102,1.07159385148658,-19642809000.0,,49831285000.0,-0.13821565398264962,9.41784523555113,9.185943060498222,3.69755102040816,53205452.26666669,Finance,Regional Banks,SSE:601128,A,341579003.5520001,0.45754594893052397,10.911956361065943,0.5992518449759964,1.0,0.45754594893052397,23.64713554634923,financial_special,False,0.43000000000000005,0.887545948930524,watch
600873,MeiHua Holdings Group Co Ltd. Class A,7.82,21187946228.0,10.079917504511473,1.397359312542104,14.190656190578602,8.56076702529527,55318600.0,,6280716292.36,-2.2005931248682726,-28.33237341309823,-27.778812139266428,5.56493506493506,29128778.79999999,Consumer Non-Durables,Food: Specialty/Candy,SSE:600873,A,227787050.21599993,0.7103207469154025,13.862805046933047,0.7271196175943854,1.0,0.7103207469154025,2.3103311026816398,stable_or_general,True,0.18,0.8903207469154024,watch
688208,Autel Intelligent Technology Corp. Ltd. Class A,25.68,17159490713.0,21.85159972770592,4.447893139713727,24.5331841397616,12.0844328140082,826511540.0,,1745357363.33,16.029984422693747,21.001074997426027,5.988455988455989,4.1747197526092,9796967.133333348,Producer Manufacturing,Auto Parts: OEM,SSE:688208,A,251586115.98400036,0.8906956228437725,20.355000069281825,1.073524915417841,1.0,0.8906956228437725,17.030745160014014,cyclical,True,0.0,0.8906956228437725,watch
600346,"Hengli Petrochemical Co., Ltd. Class A",19.02,134869156797.0,11.92177510342234,1.8609657061787583,16.621856244646,4.15059736370329,9432164580.0,,166857137449.95,-12.576882788240534,84.83098168980645,84.82391102873031,1.93110647181628,36511568.63333335,Process Industries,Chemicals: Specialty,SSE:600346,A,694450035.4060003,0.7172348820705519,15.609803825644539,0.7637363823776357,1.0,0.7172348820705519,6.0886847058820415,cyclical,True,0.18,0.8972348820705518,watch
601900,Southern Publishing & Media Co. Ltd. Class A,12.45,10627039615.0,10.27821348963923,1.2457225190610555,12.510432212773297,5.98656048480566,1370375050.0,,1493595330.04,-6.981874893631634,10.929118790110104,11.394151186315996,4.64730290456432,8862114.266666668,Consumer Services,Publishing: Books/Magazines,SSE:601900,A,110333322.62,0.8215714145467375,12.120029617177964,0.8480353443255376,1.0,0.8215714145467375,3.1206163700461587,stable_or_general,True,0.08,0.9015714145467375,watch
000719,"Central China Land Media Co., Ltd. Class A",12.47,12319372935.0,9.454848737584351,1.056584461514737,11.4873720444611,7.0117563416063,1527963580.0,,265720200.45,-8.94936363619508,11.705417793116716,11.704920809689156,5.48172757475083,5031092.333333308,Consumer Services,Publishing: Books/Magazines,SZSE:000719,A,62737721.396666355,0.8230645530579139,11.175054100174712,0.8460673794354635,1.0,0.8230645530579139,2.718793672543929,stable_or_general,True,0.08,0.9030645530579139,watch
301219,"Ganzhou Teng Yuan Cobalt New Material Co., Ltd. Class A",43.27,16808070844.000002,10.684742079660223,1.648165592076921,16.0117022288419,11.558646614057,-709914430.0,,2104979041.11,58.55246617172373,109.2676404419001,109.69863297431645,3.49491367560216,8809014.133333327,Process Industries,Chemicals: Specialty,SZSE:301219,A,381166041.5493331,0.6673083178135666,15.425412984131974,0.6926713787599431,1.0,0.6673083178135666,3.661629702642377,cyclical,False,0.25,0.9173083178135666,watch
600690,"Haier Smart Home Co., Ltd. Class A",22.0,187503359078.48422,11.354252683732453,1.7238528738586332,15.2072781275765,5.81346498060283,15941610790.0,,72998167499.11,-2.8954969337870984,-12.37030990483521,-10.676747187903375,5.31947754353804,40245638.333333276,Consumer Durables,Electronics/Appliances,SSE:600690,A,885404043.3333321,0.7466328022989817,15.182442401765853,0.7478541583277702,1.0,0.7466328022989817,0.1633147339207941,stable_or_general,True,0.18,0.9266328022989816,watch
600938,CNOOC Limited Class A,33.41,1043246899693.5452,11.476367133827974,1.8549950224392768,16.848115276404,11.9206878430083,,,68088000000.459,6.545842807824571,8.320938169990907,8.327751730296951,3.42485791205504,47985072.9,Energy Minerals,Integrated Oil,SSE:600938,A,1603181285.5889997,0.6811662281240901,16.163608229048855,0.7100127008277098,1.0,0.6811662281240901,4.062810801833749,cyclical,False,0.25,0.9311662281240901,watch
301061,MotoMotion China Corporation Class A,38.0,10124554608.0,14.973009180818787,2.477739466999118,17.7136785966665,13.8852015286692,665498470.0,,836234329.39,7.934227912620072,-11.620436167639395,-13.55043090234016,1.91145505617978,3318387.9000000004,Consumer Durables,Home Furnishings,SZSE:301061,A,126098740.20000002,0.845279488340526,16.5480394560449,0.9048207324251475,1.0,0.845279488340526,6.580446485243097,stable_or_general,True,0.1,0.945279488340526,watch
600901,Jiangsu Financial Leasing Class A,6.74,39244031228.0,11.527278946468275,1.5147156649466929,13.570444449778302,1.97800288356561,2646003800.0,,155391181692.37,14.21906802498646,10.192433116475227,9.494382022471903,4.40528634361234,34752083.90000001,Finance,Finance/Rental/Leasing,SSE:600901,A,234229045.4860001,0.8494400451752776,13.140270761043489,0.8772482056186242,1.0,0.8494400451752776,3.1699307294378087,financial_special,True,0.1,0.9494400451752776,watch
689009,Ninebot Ltd. CDR Class A,39.9,27846501522.0,18.5340022296544,2.933124755572937,21.5740739614595,7.06931334634522,497331380.0,,5478061123.92,23.98374014368921,-11.86567889116224,0.43855556592329253,4.12748756218905,12047867.333333334,Utilities,Electric Utilities,SSE:689009,A,480709906.6,0.8590868031121074,15.825641538339397,1.171137497633426,1.0,0.8590868031121074,26.64509463251705,stable_or_general,True,0.1,0.9590868031121074,watch
300390,"Canmax Technologies Co., Ltd. Class A",57.94,49853353721.0,16.88818934359333,3.507410418473895,23.341809160975,11.942230542721,-918648880.0,,8044119461.77,86.86306229609897,,,0.999833361106482,37172134.933333285,Process Industries,Chemicals: Specialty,SZSE:300390,A,2153753498.0373306,0.7235167260226156,20.768421925613115,0.8131667106957989,1.0,0.7235167260226156,11.024797682196418,cyclical,False,0.25,0.9735167260226156,watch
000791,GEPIC Energy Development Co. Ltd. Class A,7.22,23452962132.0,11.334379905808477,1.5442462923117066,14.2512812758225,5.4248500560571,1537717630.0,,18268162005.48,-18.390769376679135,-5.309984008492188,-18.10233993314477,3.18118948824343,21001473.833333302,Utilities,Electric Utilities,SZSE:000791,A,151630641.07666644,0.7953235703120543,13.624444434938464,0.831915015686265,1.0,0.7953235703120543,4.398459540248312,stable_or_general,True,0.18,0.9753235703120542,watch
002867,Chow Tai Seng Jewelry Co. Ltd. Class A,10.88,11598803379.0,12.310477483593573,1.89821518921088,15.3908794859173,11.7552182606704,168742870.0,,875477423.1,-23.12756155963505,-4.30586663088079,-4.298863021115318,8.33333333333333,10042878.23333333,Retail Trade,Specialty Stores,SZSE:002867,A,109266515.17866665,0.7998553620576196,15.419509046181762,0.798370262420381,1.0,0.7998553620576196,0.18601640205591075,stable_or_general,True,0.18,0.9798553620576196,watch
601058,"Sailun Group Co., Ltd. Class A",15.36,48718798227.0,13.022467147096227,2.21640544058273,17.8272188315408,7.976728182367131,-1296821380.0,,17900516866.71,14.597971834941138,2.9198191708139016,2.449405020411709,2.13592233009709,34837386.59999999,Consumer Durables,Automotive Aftermarket,SSE:601058,A,535102258.17599976,0.7304822625532723,17.019858184683137,0.7651337047458877,1.0,0.7304822625532723,4.528808752990909,stable_or_general,False,0.25,0.9804822625532723,watch
601919,"COSCO SHIPPING Holdings Co., Ltd. Class A",16.06,247840552682.34598,9.22193511340798,1.048955388044913,11.4854263239367,5.42187927516125,17033771310.0,,73347921248.41,-8.037463193546355,-46.247029259574354,-44.54174893318897,6.03500301750151,93154722.30000004,Transportation,Marine Shipping,SSE:601919,A,1496064840.1380005,0.8029249288020426,11.3745691673737,0.8107502778970972,1.0,0.8029249288020426,0.9651984474617459,cyclical,True,0.18,0.9829249288020425,watch
600970,Sinoma International Engineering Co. Ltd. Class A,7.8,20319050659.0,8.587471099856876,0.9060990923907424,10.7683945070915,3.8260703613876403,1679699490.0,,10201080504.460001,4.948133332274066,-20.97163567038948,-21.24338853724096,6.19354838709677,17558561.39999999,Industrial Services,Engineering & Construction,SSE:600970,A,136956778.91999993,0.7974699565660988,10.551407764339888,0.8138697026646586,1.0,0.7974699565660988,2.0150333701901113,cyclical,True,0.2,0.9974699565660987,watch
603198,"Anhui Yingjia Distillery Co., Ltd. Class A",41.05,32064001465.0,16.279992068213364,3.09899729885205,19.8041868516659,15.5111724776963,1487342290.0,,940738624.15,-2.9701936031600407,-13.826086616107558,-13.824333561175669,3.74251497005988,7559539.366666666,Consumer Non-Durables,Beverages: Alcoholic,SSE:603198,A,310319091.0016666,0.8220479936970456,19.035619218161862,0.8552383761007702,1.0,0.8220479936970456,3.880834084532936,stable_or_general,True,0.18,1.0020479936970457,watch
600803,"ENN Natural Gas Co., Ltd. Class A",19.26,59044656631.0,13.586343115124155,2.523055963110459,18.7285762349482,3.25098254298807,6873990000.0,,32122430000.0,-4.008617839752536,-0.22442195903670134,-0.4074750597161745,5.94059405940594,8168848.0999999875,Utilities,Gas Distributors,SSE:600803,A,157332014.40599978,0.725433847436387,18.57053028715154,0.7316077088290898,1.0,0.725433847436387,0.8438759349028491,cyclical,True,0.28,1.0054338474363869,watch
002372,Zhejiang Weixing New Building Materials Co. Ltd. Class A,8.67,13638239267.0,15.850091407678244,2.888680835751673,18.5149516481746,14.1130969372152,806131920.0,,227052447.15,-13.334275265049106,-2.7269213322115435,-2.720967455095141,5.19031141868512,13548176.766666627,Producer Manufacturing,Miscellaneous Manufacturing,SZSE:002372,A,117462692.56699964,0.856069824478365,18.225010578502484,0.8696890100230942,1.0,0.856069824478365,1.565983401856208,cyclical,True,0.18,1.036069824478365,watch
000833,"Guangxi Yuegui Guangye Holdings Co., Ltd. Class A",19.84,16991175595.0,17.518763796909493,3.568717600037414,22.2844700805979,12.685630436828902,-646881790.0,,2476836895.42,44.35329441393146,140.64133292726802,140.6502337441564,0.905888273779567,21879631.999999966,Process Industries,Agricultural Commodities/Milling,SZSE:000833,A,434091898.87999934,0.7861422656023714,20.37083005061679,0.8599926342411884,1.0,0.7861422656023714,8.587325716339256,cyclical,False,0.25,1.0361422656023715,watch
002497,"Sichuan Yahua Industrial Group Co., Ltd. Class A",17.88,20837307970.0,11.886717191862784,1.693245956286223,15.010267105634501,10.8917627702069,-891784490.0,,2751933957.32,64.2439380902253,489.06013868728866,486.4327485380117,0.328407224958949,39355017.50000014,Process Industries,Industrial Specialties,SZSE:002497,A,703667712.9000025,0.791905774108496,14.244857759763628,0.834456713596558,1.0,0.791905774108496,5.099238677661888,cyclical,False,0.25,1.041905774108496,watch
603799,"Zhejiang Huayou Cobalt Co., Ltd. Class A",38.07,72531525250.0,10.654911838790932,1.41705325134996,15.356796512010302,4.15500568967287,-10970939330.0,,85420342359.91,45.964334092775914,32.95109304928587,17.625757176718466,1.29433083096039,63655774.2,Non-Energy Minerals,Other Metals/Minerals,SSE:603799,A,2423375323.794,0.6938238603642302,13.299530515033904,0.801149471159642,1.0,0.6938238603642302,13.39645280425149,cyclical,False,0.35,1.0438238603642302,watch
301031,"Xian Sinofuse Electric Co., Ltd. Class A",94.76,13978202701.0,26.9196897815403,7.852346713093516,33.9047360372081,15.649379956137702,-57237290.0,,1637957536.69,62.027012693900076,100.12177253744208,103.86285979035155,0.264263906315349,2580563.600000002,Producer Manufacturing,Electrical Products,SZSE:301031,A,244534206.7360002,0.793980220108418,29.169528983495656,0.9228702251850439,1.0,0.793980220108418,13.966211235255999,cyclical,False,0.25,1.043980220108418,watch
601702,Shanghai Huafon Aluminium Corporation. Class A,15.75,16016432374.0,13.229735405291896,2.348923223766629,19.0188731682643,11.607099482581,-231598930.0,,3673919502.25,8.797728635708284,-3.343268451859654,-3.344970366160601,1.87032418952618,10522708.5,Non-Energy Minerals,Aluminum,SSE:601702,A,165732658.875,0.6956108959897579,17.754876812026485,0.7451324808027151,1.0,0.6956108959897579,6.646010754974563,cyclical,False,0.35,1.0456108959897579,watch
300975,Nanjing Sunlord Electronics Corp. Ltd. Class A,24.28,17573603585.0,23.003315963998105,5.854439536274377,28.4676404352146,7.70071116359166,-1901878030.0,,5238797236.42,75.40178181971677,506.1289915964334,506.260769672602,0.258014073494918,50049119.066666566,Distribution Services,Electronics Distributors,SZSE:300975,A,1215192610.9386642,0.8080513738519367,25.450415694141704,0.903848339471057,1.0,0.8080513738519367,10.598787588101544,stable_or_general,False,0.25,1.0580513738519368,watch
000902,"YONFER Agricultural Technology Co., Ltd. Class A",14.33,17134169912.000002,11.359492667459373,1.435831459638407,13.739050974599301,8.09726991692517,-79672690.0,,3162139831.21,20.63001863795074,6.094079951293916,5.874947545111209,2.10970464135021,13551468.133333338,Process Industries,Chemicals: Agricultural,SZSE:000902,A,194192538.35066673,0.8268032987475448,12.639925933941736,0.898699306216341,1.0,0.8268032987475448,8.000007006958665,cyclical,False,0.25,1.0768032987475449,watch
000543,"An Hui Wenergy Co., Ltd. Class A",7.4,16842793791.0,8.864398658361285,0.9351983378745218,11.111961440114,2.43349133050341,2356403400.0,,47680072369.41,-11.011939884924077,-8.793506634002854,-8.79493062383918,5.10094212651413,22290511.19999999,Utilities,Electric Utilities,SZSE:000543,A,164949782.87999994,0.7977348289169679,10.550048276454739,0.8402235161467998,1.0,0.7977348289169679,5.056831475591372,stable_or_general,True,0.28,1.077734828916968,watch
002266,"Zhefu Holding Group Co., Ltd. Class A",4.87,25479706451.0,13.187110750067696,1.9227276675378822,15.4788715125458,6.80914074621428,-11610036890.0,,13243060493.65,22.438470645163132,81.14029492307044,81.20706575073602,1.2396694214876,73702054.30000009,Producer Manufacturing,Electrical Products,SZSE:002266,A,358929004.4410004,0.8519426457787568,14.580355803321147,0.9044436862826012,1.0,0.8519426457787568,5.804788214027068,cyclical,False,0.25,1.101942645778757,watch
000981,Sensteed Hi-Tech Group Class A,2.66,26769579919.0,31.666666666666668,9.206382168691379,40.5974537864239,10.2352052250507,-157135180.0,,1760563978.8700001,-35.968523742718894,,,0.0,293381696.7666664,Producer Manufacturing,Auto Parts: OEM,SZSE:000981,A,780395313.3993326,0.7800160776894891,29.07278579586751,1.089220238095238,1.0,0.7800160776894891,28.387662071581254,cyclical,False,0.33,1.1100160776894892,watch
000921,"Hisense Home Appliances Group Co., Ltd. Class A",27.88,34104171809.181126,13.865817874372109,2.211655774975924,16.5403850408276,3.6135351714038197,2761576530.0,,21793862092.28,-8.657869709373383,-18.793781965086957,-19.132078507078514,4.65415746872701,9875442.566666659,Consumer Durables,Electronics/Appliances,SZSE:000921,A,275327338.75866646,0.8383007916772371,15.950417025624427,0.8693075455078447,1.0,0.8383007916772371,3.566833624168486,stable_or_general,True,0.28,1.1183007916772372,watch
603613,"Beijing United Information Technology Co., Ltd. Class A",20.68,13625370478.0,11.195322650498051,1.5188884204588686,14.5189935732096,6.5557507509192705,-1106130400.0,,7107677587.240001,4.400245830570995,-6.629798003884827,-6.697646226891608,0.349021681649921,10540673.933333334,Retail Trade,Department Stores,SSE:603613,A,217981136.94133332,0.7710811768079865,13.567169682164517,0.8251774624161655,1.0,0.7710811768079865,6.555715354825864,stable_or_general,False,0.35,1.1210811768079865,watch
600011,"Huaneng Power International, Inc. Class A",6.86,98555058144.46127,12.018220042046252,1.6694572073826028,14.1681961820527,1.47344217064842,6509562060.0,,403875354980.0,-6.119575165220985,-0.6538827007654836,-0.6440382941688488,5.82241630276565,83228193.5,Utilities,Electric Utilities,SSE:600011,A,570945407.4100001,0.848253361798456,13.891052098746204,0.865177090735338,1.0,0.848253361798456,1.956099984397186,stable_or_general,True,0.28,1.128253361798456,watch
601918,China Coal Xinji Energy Co Ltd. Class A,10.48,27537459078.0,11.158432708688245,1.4935200043323482,14.0616212433098,4.53314942632084,-3423865180.0,,26027253884.34,15.31839270660599,13.827115943939845,13.82862683311115,1.12888052681091,42114565.33333344,Energy Minerals,Coal,SSE:601918,A,441360644.69333446,0.7935381358673115,13.384675458673104,0.8336722652066785,1.0,0.7935381358673115,4.8141375231449235,cyclical,False,0.35,1.1435381358673116,watch
600064,Nanjing Gaoke Company Limited Class A,7.67,13271704861.0,7.784431137724551,0.6670093024752393,8.80115901044336,4.36803438032801,2148082220.0,,10511280259.19,-0.9627050412029292,-18.169515101314687,-18.171248235196412,4.17209908735332,16768215.999999996,Finance,Real Estate Development,SSE:600064,A,128612216.71999997,0.8844779566518034,8.568504116412688,0.9084935984116211,1.0,0.8844779566518034,2.6434574554851986,financial_special,True,0.28,1.1644779566518033,watch
600704,"Wuchan Zhongda Group Co., Ltd. Class A",4.95,24682917863.0,7.1531791907514455,0.6045631695231768,8.66084127129644,1.6140251766799303,-7093823390.0,,111713615254.77,0.6595597412018465,0.6433342948925977,-0.2019036631093262,4.48979591836735,36679442.83333329,Distribution Services,Wholesale Distributors,SSE:600704,A,181563242.0249998,0.8259219822511176,8.45167097596037,0.8463627146747302,1.0,0.8259219822511176,2.4151267617534833,stable_or_general,False,0.35,1.1759219822511175,watch
603529,Aima Technology Group Co. Ltd. Class A,21.69,18419177975.0,13.304299822118628,1.8597847485646477,14.956208650954903,5.9621564990567,-1645547040.0,,7839952503.860001,-2.256683229582355,-33.91038979672714,-35.13825343147006,5.42341508560852,5836824.466666665,Consumer Durables,Motor Vehicles,SSE:603529,A,126600722.68199997,0.8895502953062369,13.978824691493523,0.9517466679594772,1.0,0.8895502953062369,6.5349714106788355,cyclical,False,0.43000000000000005,1.3195502953062368,watch
293,Cathay Pacific Airways Limited,14.42,87203375440.0,6.983389026102959,1.5114258342714235,24.4729739587133,7.604153386313091,18735000000.0,,63495000000.0,19.657853239942792,35.20048357848076,46.43642294872706,5.85774058577406,24583012.7,Transportation,Airlines,HKEX:293,HK,354487043.134,0.285351058595664,21.643156762739682,0.3226603726368321,0.8,0.35668882324458,11.56302949019442,cyclical,True,0.0,0.35668882324458,priority
3993,CMOC Group Limited Class H,16.45,444589867759.0,11.227902532250358,3.379273651320587,34.015594962731,13.505755792798302,20194215790.0,,54613353740.2732,25.055798742078945,72.20866524162804,72.97520661157026,1.96407942238267,38680777.666666985,Distribution Services,Wholesale Distributors,HKEX:3993,HK,636298792.6166719,0.3300810273802986,30.097105328570166,0.3730558939032615,0.8,0.41260128422537323,11.519685716078476,stable_or_general,True,0.0,0.41260128422537323,priority
2899,"Zijin Mining Group Co., Ltd. Class H",36.6,1015481531854.0,13.255586541595742,4.147177200043512,39.1507265999703,13.6355337072611,78511100060.0,,200204982435.363,21.19913774481032,74.52429440303759,72.19207982538198,2.5335938359934,56997429.53333326,Non-Energy Minerals,Precious Metals,HKEX:2899,HK,2086105920.9199972,0.3385783021867543,31.28625947278727,0.42368716378912047,0.8,0.4232228777334428,20.087665824288926,cyclical,True,0.0,0.4232228777334428,priority
2600,Aluminum Corporation of China Limited Class H,8.76,185793625631.0,7.629332868838181,1.5380644617564485,22.3208309457286,7.392144248478881,37411261710.0,,73748649622.6418,6.65243949510868,46.957687110846166,46.753578732106355,3.46803652968037,37483800.93333333,Distribution Services,Wholesale Distributors,HKEX:2600,HK,328358096.17599994,0.34180326383853377,20.159881449643315,0.3784413558132885,0.8,0.4272540797981672,9.68131294636596,stable_or_general,True,0.0,0.4272540797981672,priority
1308,"SITC International Holdings Co., Ltd.",45.22,122615313955.0,12.319176178930448,5.52119898659992,46.8477884433946,36.305923077423,10141048770.0,,2567518538.2,5.186015981809692,-2.638012178355432,-3.1426460499234783,5.08624502432552,5425098.5,Transportation,Marine Shipping,HKEX:1308,HK,245322954.17,0.2629617445830021,44.817923750801256,0.27487163946790827,0.8,0.32870218072875257,4.332893312660824,cyclical,True,0.1,0.42870218072875255,priority
322,Tingyi (Cayman Islands) Holding Corp.,12.55,71256570060.0,13.569034490215158,4.742273495036673,36.0576208232554,7.985451018050591,6882429180.0,,20329164161.5793,3.527495131736362,17.29880393984028,17.268923545074184,3.64620253164557,20384793.066666666,Consumer Non-Durables,Beverages: Non-Alcoholic,HKEX:322,HK,255829152.98666668,0.3763153025743672,34.949233112027244,0.38824984933776935,0.8,0.47039412821795895,3.0739346798868583,stable_or_general,True,0.0,0.47039412821795895,priority
2589,"Auntea Jenny (Shanghai) Industrial Co., Ltd. Class H",81.5,8610866893.0,12.374358507181682,3.4415921692165417,31.980933368923996,21.6384208443536,862658980.0,,169320508.341439,,,,4.22658032987172,521407.1666666667,Consumer Services,Restaurants,HKEX:2589,HK,42494684.083333336,0.3869292482628383,27.812287539747224,0.44492415409905367,0.8,0.48366156032854785,13.034784760933416,stable_or_general,True,0.0,0.48366156032854785,priority
9980,Eastroc Beverage (Group) Co. Ltd. Class H,103.2,93818194736.0,13.633301187629629,3.333647747138942,34.314663942266,16.5577596000554,5464255960.0,,7002582197.79788,25.278432029610524,28.431947933165368,,2.13964226732378,732291.7333333329,Consumer Non-Durables,Beverages: Non-Alcoholic,HKEX:9980,HK,75572506.87999997,0.3973024830016546,24.452241619687644,0.5575481135706111,0.8,0.49662810375206823,28.741130436747863,stable_or_general,True,0.0,0.49662810375206823,priority
1415,Cowell e Holdings Inc.,24.3,21315927124.0,12.59458899139629,3.3349573523457923,31.1822474804944,14.8003619513146,1874256690.0,,1380287062.55,14.861029499110339,29.067418969752694,27.269129287598943,1.42857142857143,3262669.6333333333,Consumer Durables,Electronics/Appliances,HKEX:1415,HK,79282872.09,0.4039025409978755,26.479286895538976,0.4756392814157744,0.8,0.5048781762473443,15.082173239428286,stable_or_general,True,0.0,0.5048781762473443,priority
1585,Yadea Group Holdings Ltd.,9.11,27339142539.0,10.121097655816019,2.3363946686089605,25.0412255172972,8.03549668944405,2997915420.0,,9026682180.3652,13.191990450510808,35.52397569544348,35.069027611044426,5.78918623702895,9833174.9,Consumer Durables,Motor Vehicles,HKEX:1585,HK,89580223.339,0.40417740932147594,23.084400013336175,0.4384388439798705,0.8,0.5052217616518448,7.814415882359082,cyclical,True,0.0,0.5052217616518448,priority
1929,Chow Tai Fook Jewellery Group Limited,12.08,118790625522.0,13.373187202479796,4.082184374155177,32.3792605592756,11.0904803518662,424900000.0,,28446300000.091103,5.289551173433863,52.21536641034534,52.58445945945947,5.56478405315615,16881350.7,Consumer Durables,Other Consumer Specialties,HKEX:1929,HK,203926716.456,0.41301706621736967,30.52514193025142,0.43810401383347963,0.8,0.516271332771712,5.726253771700285,stable_or_general,True,0.0,0.516271332771712,priority
2328,"PICC Property & Casualty Co., Ltd. Class H",17.55,388136273467.0,7.196752234888871,1.112203246112517,16.5396493399582,5.69723057081999,67291799340.0,,63250466059.4806,9.170334508906478,31.938705461639056,31.937456040686037,4.407111747851,28163049.76666671,Finance,Property/Casualty Insurance,HKEX:2328,HK,494261523.4050008,0.4351212100671452,15.454238381595351,0.4656814562573058,0.8,0.5439015125839315,6.562478659935067,financial_special,True,0.0,0.5439015125839315,priority
2510,T.S. Lines Limited,13.94,23476937818.0,7.967080070869291,1.3533928023580493,17.8216748712375,14.3158259525383,1337693420.0,,1309951716.1000001,,,,5.53191489361702,4221169.1,Transportation,Marine Shipping,HKEX:2510,HK,58843097.25399999,0.44704440679295554,16.98731267063041,0.46900179123939256,0.8,0.5588055084911944,4.6817272037303015,cyclical,True,0.0,0.5588055084911944,priority
6,Power Assets Holdings Limited,60.3,127866313477.0,7.179853545275941,1.2460549342845506,18.6391872822799,17.3139150749467,5528000000.0,,2770000000.0,-12.239902080783354,190.78797725426483,190.78664912402192,4.7,2716749.6666666665,Utilities,Electric Utilities,HKEX:6,HK,163820004.89999998,0.38520207112794885,17.35487954492338,0.4137080598393539,0.8,0.481502588909936,6.890363393566501,stable_or_general,True,0.08,0.561502588909936,priority
1361,361 Degrees International Ltd.,4.445,9559476781.0,5.964841653247451,0.7344497410011318,12.8441046271852,9.24275152552987,747174180.0,,553880753.161199,13.070118241531627,18.224686344318812,17.557974443918592,7.59637188208617,3846010.7333333334,Consumer Non-Durables,Apparel/Footwear,HKEX:1361,HK,17095517.70966667,0.464403072567827,12.312979684905365,0.48443527122519536,0.8,0.5805038407097837,4.135165180418121,stable_or_general,True,0.0,0.5805038407097837,priority
564,ZCZL Industrial Technology Group Company Limited Class H,12.38,28215927101.0,5.741848708315941,0.7897145736785198,14.7077940194998,6.63634662972856,932796680.0,,13790131779.707998,8.982631507688065,-18.28642253303251,-17.536143195899946,11.5044497991968,1293164.7666666666,Producer Manufacturing,Auto Parts: OEM,HKEX:564,HK,16009379.811333334,0.3903949634257399,13.753663912021459,0.4174777532041662,0.8,0.48799370428217487,6.4872414327624135,cyclical,True,0.1,0.5879937042821749,priority
6110,Topsports International Holdings Limited,1.12,6914362776.0,5.0269299820466795,0.7060143598277829,14.166469915986102,8.64742532992503,2745118910.0,,3980959430.10926,-3.552403351753338,-0.6077116410583117,-0.6244424620874274,15.6412556053812,30883283.733333334,Retail Trade,Apparel/Footwear Retail,HKEX:6110,HK,34589277.781333335,0.3548470445960612,14.044642800859823,0.3579250859793264,0.8,0.4435588057450765,0.8599680502536677,stable_or_general,True,0.18,0.6235588057450765,priority
151,Want Want China Holdings Limited,3.085,35846523498.0,8.624545708694436,1.6124058558817536,20.2897950586787,13.696705542081599,4230424600.0000005,,3191310498.97224,5.79956317923007,-9.740338289237712,-9.694521585458213,3.53846153846154,14909640.433333334,Consumer Non-Durables,Food: Meat/Fish/Dairy,HKEX:151,HK,45996240.736833334,0.42506815291884364,18.695545369494432,0.461315545400838,0.8,0.5313351911485545,7.857396708905384,stable_or_general,True,0.1,0.6313351911485545,priority
300,Midea Group Co. Ltd. Class H,100.8,764769399061.0,15.420860998072392,3.1195435068001713,20.6201247066318,6.90224555855849,62991721920.0,,151700641049.17102,9.406297243700939,5.201802030969445,5.659096419623379,4.88981094527363,4546541.766666667,Consumer Durables,Electronics/Appliances,HKEX:300,HK,458291410.08,0.7478548853350421,20.229373101736112,0.7623004885281865,0.8,0.9348186066688026,1.8950011721801885,stable_or_general,True,0.0,0.9348186066688026,reject_valuation
1913,Prada S.p.A.,39.34,101227079950.0,13.937504428541063,2.448720957229547,18.0470570729909,8.28580317211055,9936140080.0,,43287819231.733406,15.286321844274442,1.3930156723860998,1.3937782886701693,3.79815217391304,1821186.7,Consumer Non-Durables,Consumer Sundries,HKEX:1913,HK,71645484.778,0.772286826166236,17.569292765318043,0.7932877330187037,0.8,0.9653585327077949,2.6473252993025387,stable_or_general,True,0.0,0.9653585327077949,reject_valuation
220,Uni-President China Holdings Ltd.,7.45,32049458494.0,13.218594748048261,2.1496192721302583,16.7711186484652,8.86050612692986,2614991980.0,,2953960184.35906,3.654160363849562,4.0188097909514635,4.004428861413533,7.40835579514825,7367018.0666666785,Consumer Non-Durables,Beverages: Non-Alcoholic,HKEX:220,HK,54884284.59666675,0.788176091596487,16.262086198290117,0.812847416184409,0.8,0.9852201144956088,3.0351729115080106,stable_or_general,True,0.0,0.9852201144956088,reject_valuation
1044,"Hengan International Group Co., Ltd.",21.24,25050515427.0,9.021023571883628,0.9742176330639557,11.0751309443224,5.31020152853521,1692582540.0,,24755274089.461502,2.1925350653419615,10.746542275375708,10.779147454596776,7.22298424467099,4851794.433333334,Consumer Non-Durables,Household/Personal Care,HKEX:1044,HK,103052113.764,0.8145297439131591,10.799413451266872,0.8353253269348048,0.8,1.0181621798914489,2.489519035410337,stable_or_general,True,0.0,1.0181621798914489,reject_valuation
2314,Lee & Man Paper Manufacturing Limited,3.735,15912974672.0,6.408716540837337,0.4841519627922411,8.07779733059062,4.28966440182449,1078092000.0,,21914316000.0,13.688706141569847,83.56015114506393,83.55905511811022,5.53306342780027,6657943.7,Process Industries,Pulp & Paper,HKEX:2314,HK,24867419.7195,0.7933742675825161,7.554585379258852,0.8483214126393351,0.8,0.991717834478145,6.477161160634282,cyclical,True,0.1,1.091717834478145,reject_valuation
3898,"Zhuzhou CRRC Times Electric Co., Ltd. Class H",30.28,60639130377.0,8.867023924565874,0.8221632178621204,9.86045004420835,5.82547840671258,404862290.0,,8246351319.951749,13.789293464066766,10.372915837677718,14.06573585409847,4.20838881491345,3509976.4,Producer Manufacturing,Electrical Products,HKEX:3898,HK,106282085.392,0.8992514423592688,9.272143899198662,0.95630784217361,0.8,1.124064302949086,5.966321439407696,cyclical,True,0.0,1.124064302949086,reject_valuation
9999,Netease Inc,189.1,582782219971.0,16.78218656537598,3.152700226891049,20.3598852453452,14.6305400474007,57306169730.0,,14566942457.1138,10.150016996587716,-1.485915936917507,-1.895416869819606,2.57881530054645,6774291.333333333,Technology Services,Packaged Software,HKEX:9999,HK,1281018491.1333332,0.8242770704816632,18.785992007713194,0.89333512749742,0.8,1.030346338102079,7.730363991083089,technology_strict,True,0.1,1.130346338102079,reject_valuation
9987,"Yum China Holdings, Inc.",345.6,117339779029.09575,16.171811607503397,2.837128869093237,17.4950654943629,8.92285165187923,7497263669.88311,,18059151172.824978,8.678423053888986,5.993703696849777,12.469441184130666,2.54062714579995,884862.8,Consumer Services,Restaurants,HKEX:9987,HK,305808583.68,0.92436416501065,17.54366757387197,0.9218033537974866,0.8,1.1554552062633123,0.2778045016449404,stable_or_general,True,0.0,1.1554552062633123,reject_valuation
1579,Yihai International Holding Ltd.,15.29,14532577201.0,14.481909452547828,2.9761209601445042,19.9796024148202,16.7641383111979,,,126787551.684499,11.127857135346073,28.009642872439667,28.006789524733282,6.05807743658211,2987723.8666666667,Consumer Non-Durables,Food: Major Diversified,HKEX:1579,HK,45682297.92133333,0.7248347165209671,20.55061157436604,0.7046948165091079,0.8,0.9060433956512088,2.8579605724400547,stable_or_general,False,0.25,1.1560433956512088,reject_valuation
1513,Livzon Pharmaceutical Group Inc Class H,20.38,24325042398.0,9.645510909176961,1.171444797244633,12.303320969732,6.966091852374411,3271086650.0,,4896917370.588619,-5.903096927149313,-20.066794547181097,-18.837629162985447,8.12561819980218,1399354.5,Health Technology,Pharmaceuticals: Major,HKEX:1513,HK,28518844.709999997,0.7839762071481636,12.1449740534749,0.7941977369986395,0.8,0.9799702589352045,1.287025809101916,health_special,True,0.18,1.1599702589352046,reject_valuation
3808,Sinotruk Hong Kong Ltd.,41.26,111875444272.0,12.808493465371123,2.0872560019992332,17.3918925650939,5.13092476488734,,,48813740187.321396,38.32500741831162,37.15426562706293,36.69269286259866,3.99802566633761,6744144.5,Producer Manufacturing,Trucks/Construction/Farm Machinery,HKEX:3808,HK,278263402.07,0.7364634652285164,16.295874355889797,0.7859960862266815,0.8,0.9205793315356454,6.301891557241158,cyclical,False,0.25,1.1705793315356454,reject_valuation
6655,Huaxin Building Materials Group Co Ltd Class H,16.83,48494967007.0,9.325132978723403,0.911750859608245,10.7914446482711,4.46392382389712,5876943750.0,,31071937513.281597,18.04272160724882,28.491972650335455,28.190922650756452,3.88687341772152,3137043.8,Non-Energy Minerals,Construction Materials,HKEX:6655,HK,52796447.15399999,0.8641227641581227,9.777349681645639,0.9537485394665641,0.8,1.0801534551976533,9.397212325857874,cyclical,True,0.1,1.1801534551976534,reject_valuation
700,Tencent Holdings Ltd,442.8,3905839289062.0,15.578658504406565,3.0384885509435753,20.7532662758743,11.1387705583424,,,545302969228.048,15.9724417340515,17.0773973819533,18.231733948961125,1.22401847575058,24091168.33333332,Technology Services,Packaged Software,HKEX:700,HK,10667569337.999994,0.7506605609603139,19.504173289915247,0.7987346232440217,0.8,0.9383257012003923,6.018777812392473,technology_strict,False,0.25,1.1883257012003923,reject_valuation
1209,China Resources Mixc Lifestyle Services Ltd.,41.26,92304296865.0,20.143533662061223,5.170102123927072,26.5330476064248,13.472735254422203,,,2529251241.60698,10.125930496184978,15.485065008869409,15.488272440234535,2.88081107814046,5132329.833333333,Finance,Real Estate Development,HKEX:1209,HK,211759928.92333332,0.7591865797272229,25.666311634609357,0.7848238558320539,0.8,0.9489832246590286,3.2666280356183797,financial_special,False,0.25,1.1989832246590286,reject_valuation
667,China East Education Holdings Limited,4.19,9083956230.0,10.428073668491788,1.3304797347931567,13.613206403474601,8.07291350555797,,,1686868248.4230802,16.175503204053836,30.404861061312754,28.00254858235106,7.32600732600733,5862510.966666667,Commercial Services,Miscellaneous Commercial Services,HKEX:667,HK,24563920.950333335,0.7660262659229314,12.758633829114329,0.8173346620149594,0.8,0.9575328324036643,6.27752602165903,financial_special,False,0.25,1.2075328324036643,reject_valuation
177,Jiangsu Expressway Co. Ltd. Class H,9.895,67796333958.99999,9.541027866165269,1.038294657425722,11.3598157901513,4.68444749429867,837768830.0,,44866283348.760506,-7.887342093865109,4.709023830587661,4.704694598687518,5.70264765784114,4245433.933333334,Transportation,Other Transportation,HKEX:177,HK,42008568.770333335,0.8398928329838871,10.882419294757112,0.8767377554329218,0.8,1.0498660412298588,4.20250208465599,stable_or_general,True,0.18,1.2298660412298588,reject_valuation
1836,Stella International Holdings Limited,11.84,9872600937.0,10.360518025901294,1.1838342632031515,11.3889109400366,8.63374223793195,228496550.0,,211241300.85,2.3280295947086587,-21.54818075715606,-21.87051343406029,12.3614663256607,1419360.0,Consumer Non-Durables,Apparel/Footwear,HKEX:1836,HK,16805222.4,0.9097022604224525,11.426400303957447,0.9067175794911551,0.8,1.1371278255280655,0.3291742653729557,stable_or_general,True,0.1,1.2371278255280656,reject_valuation
189,Dongyue Group Limited,13.02,21809581218.0,10.506778566817301,1.282895125786783,13.3021764423819,7.77858275431581,,,34316914.3528752,7.791271725543031,52.955650230408004,48.478312964294275,2.27790432801822,27419915.6,Process Industries,Chemicals: Specialty,HKEX:189,HK,357007301.112,0.7898540973597211,12.210166204876971,0.8604943119136819,0.8,0.9873176216996513,8.209259907466626,cyclical,False,0.25,1.2373176216996513,reject_valuation
2273,Gushengtang Holdings Limited,27.56,6388954821.0,16.214626110490087,2.6983576831720777,19.7511137621205,10.1371082118722,,,1771746934.44012,11.781556377114027,24.232715698243155,8.86440786524051,3.81511371973588,766196.5333333333,Technology Services,Internet Software/Services,HKEX:2273,HK,21116376.458666664,0.8209474314095221,16.64150418754565,0.9743485881898204,0.8,1.0261842892619026,15.743970755404124,technology_strict,False,0.25,1.2761842892619026,reject_valuation
598,Sinotrans Ltd. Class H,4.765,48258186006.0,8.12169763081643,0.7158276785700872,9.24810953131794,4.65678435819703,3278936890.0,,12485473339.193401,-3.7983563658655144,0.2204873237447808,0.29059829059829656,7.05949367088608,4224008.633333334,Transportation,Air Freight/Couriers,HKEX:598,HK,20127401.137833335,0.8782008477854839,8.81376912942435,0.9214783722553531,0.8,1.0977510597318547,4.696531766008338,stable_or_general,True,0.18,1.2777510597318547,reject_valuation
2382,"Sunny Optical Technology (Group) Co., Ltd.",70.5,77118053704.0,14.361084516510155,2.310816258968753,17.2480724095616,8.66178257663659,,,13253529101.0699,20.363840107412756,51.40277763212653,51.67928317627065,1.70821529745043,13091239.633333333,Electronic Technology,Electronic Components,HKEX:2382,HK,922932394.15,0.83261967920247,16.09081999560781,0.8925017196407761,0.8,1.0407745990030874,6.709459390443307,technology_strict,False,0.25,1.2907745990030874,reject_valuation
2611,"Guotai Haitong Securities Co., Ltd. Class H",15.42,342092648939.0,7.4539565910958565,0.6852602389078498,9.90289460680861,1.47206192028852,-69050121180.0,,1293791291605.11,37.61411039659527,43.31508724625386,-2.937174494440002,4.93476253298153,10489536.566666666,Finance,Investment Managers,HKEX:2611,HK,161748653.858,0.7527048289467791,9.193241609783847,0.8108082989098244,0.8,0.9408810361834739,7.166116829485903,financial_special,False,0.35,1.2908810361834737,reject_valuation
857,"PetroChina Co., Ltd. Class H",10.16,2329705512294.0,9.354571402264984,0.9822755340881515,11.0514677979459,6.00853677069796,,,479504131631.434,9.998931556213602,15.069840132648086,15.06515520711941,5.27295409181637,79208451.83333333,Energy Minerals,Integrated Oil,HKEX:857,HK,804757870.6266667,0.8464551110580703,10.50048678713722,0.8908702607696296,0.8,1.0580688888225878,4.985591243464427,cyclical,False,0.25,1.3080688888225878,reject_valuation
388,Hong Kong Exchanges & Clearing Ltd.,408.8,510474771402.0,26.16085598730354,8.518906429148664,33.6883112464488,3.9528918608713,,,946000000.0,23.067095125633976,28.224553224553222,45.07441070251502,3.10361923648984,3484269.7333333334,Finance,Investment Banks/Brokers,HKEX:388,HK,1424369466.9866667,0.7765558741108237,32.56356150304518,0.8033782172400616,0.8,0.9706948426385296,3.338694347649085,financial_special,False,0.35,1.3206948426385297,reject_valuation
1088,China Shenhua Energy Co. Ltd. Class H,45.74,1152320235241.0,14.29375,1.869230681210758,13.4698068154092,7.183850073439811,37399310350.0,,196571325825.889,16.498747031908188,7.760536145558541,4.452278365321846,5.04466279589102,8679792.4,Energy Minerals,Coal,HKEX:1088,HK,397013704.37600005,1.0611696363490695,13.07725881039446,1.0930234085937498,0.8,1.3264620454363367,2.914280883120557,cyclical,True,0.0,1.3264620454363367,reject_valuation
1919,"COSCO SHIPPING Holdings Co., Ltd. Class H",16.22,288988576369.0,8.345338547026136,0.9166596965867706,11.389460647091,5.404755180079091,,,82711160224.93639,-4.842257828919683,-44.56418300574038,-42.91253010632673,6.56537874339401,21294345.30000009,Transportation,Marine Shipping,HKEX:1919,HK,345394280.76600146,0.7327246483052411,10.984092393872055,0.7597658730257895,0.8,0.9159058103815513,3.5591523231829236,cyclical,False,0.43000000000000005,1.3459058103815513,reject_valuation
9696,Tianqi Lithium Corp. Class H,34.5,89464893251.0,11.277458158995815,1.0578934489718195,10.3250630302881,5.87616504624204,1176818300.0,,20445809567.3598,61.39679454349245,,,0.0,5055388.433333334,Process Industries,Chemicals: Specialty,HKEX:9696,HK,174410900.95000002,1.0922410958571303,9.380601852448088,1.2022105123300482,0.8,1.3653013698214127,9.147267915648328,cyclical,True,0.0,1.3653013698214127,reject_valuation
3288,Foshan Haitian Flavouring and Food Company Ltd. Class H,28.5,220762336637.0,20.325203252032523,3.6842982963029036,18.5879066716799,15.469194071315401,7835149910.0,,2931598904.8022604,10.416604602282627,11.610500413491508,6.4854191980558875,4.29092274678112,2249962.066666667,Consumer Non-Durables,Food: Specialty/Candy,HKEX:3288,HK,64123918.900000006,1.0934638101556389,18.126747617810285,1.1212824098715959,0.8,1.3668297626945485,2.480962821769639,stable_or_general,True,0.0,1.3668297626945485,reject_valuation
1776,"GF Securities Co., Ltd. Class H",18.75,187823595410.0,10.312964083383752,0.9886164115596939,10.1294904396795,1.46020396878235,79801723640.0,,529804983321.55493,4.270498259167307,46.09968486357056,46.10253937640631,3.7350736497545,6073599.1,Finance,Investment Banks/Brokers,HKEX:1776,HK,113879983.125,1.018112820659324,9.586151988568957,1.0758189621530605,0.8,1.272641025824155,5.363926787295881,financial_special,True,0.1,1.372641025824155,reject_valuation
3750,"Contemporary Amperex Technology Co., Limited Class H",574.5,1932545658207.0,27.503829950210644,6.025483231693727,24.9586942520381,8.37135738739876,102112832800.0,,349005346596.988,44.55334351401865,50.860120321674465,46.582456140350885,0.721938325991189,2069732.3333333333,Producer Manufacturing,Electrical Products,HKEX:3750,HK,1189061225.5,1.1019739122756678,21.907796996278257,1.255435676845237,0.8,1.3774673903445847,12.223785527204445,cyclical,True,0.0,1.3774673903445847,reject_valuation
38,"First Tractor Co., Ltd. Class H",9.6,16284968445.0,11.550956563590423,1.1354040264265286,10.4174992604583,5.07546461083216,1820177930.0,,3565544871.16543,11.494208025842175,10.655172246295372,10.651045133803748,3.13567312729178,3994653.433333333,Producer Manufacturing,Trucks/Construction/Farm Machinery,HKEX:38,HK,38348672.95999999,1.1088032045689111,9.829523816282165,1.1751288037429426,0.8,1.386004005711139,5.644113135749507,cyclical,True,0.0,1.386004005711139,reject_valuation
467,United Energy Group Limited,0.425,10653263735.0,8.220502901353964,0.7781602460817343,9.87859752232337,4.86126526893655,,,3600945000.0,28.368267958560306,3.237181900973833,2.988047808764943,12.1951219512195,37623154.3666662,Energy Minerals,Integrated Oil,HKEX:467,HK,15989840.605833134,0.8321528316927083,9.466090522923686,0.8684158345461277,0.8,1.0401910396158853,4.175764813451622,cyclical,False,0.35,1.3901910396158854,reject_valuation
506,China Foods Limited,4.03,11104976933.0,11.038071761161326,1.3759901666211418,13.2333454450946,4.74430634657495,,,63779787.6769118,4.393335040957276,8.533839445605505,8.531510107015459,4.45843828715365,4387695.833333333,Consumer Non-Durables,Beverages: Non-Alcoholic,HKEX:506,HK,17682414.208333332,0.8341104527920392,12.465856323408905,0.8854643816513089,0.8,1.042638065990049,5.799660598826051,stable_or_general,False,0.35,1.3926380659900488,reject_valuation
3958,Orient Securities Company Limited Class H,6.035,85870282470.0,6.8602932818006135,0.5396535844265007,8.16398760453618,1.32876940774748,-1129976130.0,,280633715853.669,20.90668306068623,54.32465286254471,54.74054529463501,6.11016060862215,7224097.8,Finance,Investment Banks/Brokers,HKEX:3958,HK,43597430.223,0.8403115749451664,7.86633402187229,0.872108057288899,0.8,1.0503894686814579,3.645933789739031,financial_special,False,0.35,1.4003894686814577,reject_valuation
696,TravelSky Technology Ltd. Class H,8.86,25531179883.0,9.46985891406584,0.89623772351572,10.0987429070214,7.2437483418718,,,1432109683.62219,6.61859735388348,17.89853445881595,17.90800252047889,3.63713467048711,3013045.8,Technology Services,Information Technology Services,HKEX:696,HK,26695585.787999995,0.9377265072746517,9.464108511527174,1.0006076010785023,0.8,1.1721581340933145,6.284291038372524,technology_strict,False,0.25,1.4221581340933145,reject_valuation
325,Bloks Group Limited,76.6,18319943413.0,23.486126015636977,5.1701422261579495,24.8645648937689,17.8313441407218,,,23183824.5350311,,,,0.0,1575864.8,Consumer Durables,Recreational Products,HKEX:325,HK,120711243.67999999,0.9445621154433568,22.013601658765214,1.0668915691170164,0.8,1.180702644304196,11.465968727721998,stable_or_general,False,0.25,1.430702644304196,reject_valuation
6060,"Zhongan Online P&C Insurance Co., Ltd. Class H",11.64,19375347961.0,8.746618575293057,0.6298847862802003,8.18981145773955,4.34011378879635,2917886890.0,,8672440044.669432,15.597423775987934,70.95206978970734,49.142665022974334,0.0,9742210.433333334,Finance,Multi-Line Insurance,HKEX:6060,HK,113399329.444,1.0679877821884791,7.201466267883939,1.2145607921958845,0.8,1.3349847277355988,12.067984653317055,financial_special,True,0.1,1.434984727735599,reject_valuation
1818,"Zhaojin Mining Industry Co., Ltd. Class H",22.12,79207910244.0,18.74894049838956,3.358017494481739,19.7379222745463,6.2198587146978905,,,28334535306.2163,49.44438338198508,65.80630936589762,61.417430565056776,0.513278175313059,24485402.666666668,Non-Energy Minerals,Precious Metals,HKEX:1818,HK,541617106.9866667,0.9498943322199563,17.91043869796363,1.0468163742142877,0.8,1.1873679152749455,9.25874340350078,cyclical,False,0.25,1.4373679152749455,reject_valuation
1789,AK Medical Holdings Ltd.,5.015,5484888619.0,13.344864289515698,1.7717842910036459,13.590580520164902,10.4996855744256,,,90451587.4082589,16.15314599889212,31.710489609395314,32.04497540407589,2.38383838383838,3031429.466666667,Health Technology,Medical Specialties,HKEX:1789,HK,15202618.775333334,0.9819201078066808,13.276900031090133,1.0051189854760083,0.8,1.227400134758351,2.308072775915271,health_special,False,0.25,1.477400134758351,reject_valuation
316,Orient Overseas (International) Limited,149.6,101301258811.0,9.822653823678111,0.908505923142828,9.42891764000632,7.04399767037286,917578490.0,,9976028646.0,-8.086510154662948,-52.14847643687347,-52.148285927038394,5.80670925684485,1302617.6333333303,Transportation,Marine Shipping,HKEX:316,HK,194871597.9466662,1.0417583649263402,9.249088275439561,1.062013198615654,0.8,1.302197956157925,1.9072111077071519,cyclical,True,0.18,1.482197956157925,reject_valuation
2313,Shenzhou International Group Holdings Limited,37.16,54837552906.0,11.015592577221792,1.2941034711644073,12.124111585323,7.99673332321359,,,17235866417.8899,1.8630300728589444,-27.590779349452642,-27.5845783960158,7.29166666666667,7634258.7,Consumer Non-Durables,Apparel/Footwear,HKEX:2313,HK,283689053.292,0.9085690526435652,11.74792424549519,0.9376628881009158,0.8,1.1357113158044565,3.102803345056704,stable_or_general,False,0.35,1.4857113158044566,reject_valuation
1866,China XLX Fertiliser Ltd.,11.6,14885595704.0,10.290986515259048,1.203600425410495,12.4070301289966,3.1278572230375405,,,23793252853.427998,24.290229051251096,-4.574990684590463,-5.021907650825757,3.18965517241379,3038331.2333333334,Process Industries,Chemicals: Agricultural,HKEX:1866,HK,35244642.306666665,0.829448015219039,11.695675857954399,0.8798966934655597,0.8,1.0368100190237988,5.7334774208348875,cyclical,False,0.44999999999999996,1.4868100190237987,reject_valuation
1698,Tencent Music Entertainment Group Class A,32.58,98305135393.0,9.993865030674847,1.0539463302578675,10.9380151773709,7.873184136827669,,,19513244937.6603,16.052346359834697,-9.551934489964488,-8.1819462047599,2.89014136447449,1888231.2333333334,Technology Services,Internet Software/Services,HKEX:1698,HK,61518573.582,0.9136817666289806,10.54593320024754,0.9476510841582295,0.8,1.1421022082862258,3.5845806644565714,technology_strict,False,0.35,1.4921022082862256,reject_valuation
1277,Kinetic Development Group Limited,2.0,17414004140.0,13.764624913971094,1.6934084077727447,12.9917751047749,7.22226778444124,662763400.0,,1779742233.44976,-2.6798904184764343,-27.115961897962805,-28.069306930693067,5.4320987654321,13919254.4,Energy Minerals,Coal,HKEX:1277,HK,27838508.8,1.0594876222043088,12.302612082468992,1.1188375949515181,0.8,1.324359527755386,5.304610161028878,cyclical,True,0.18,1.5043595277553858,reject_valuation
1,CK Hutchison Holdings Ltd,69.85,263890067319.00003,7.079367975108192,0.46246900183166856,6.669202104707711,3.29777973641324,47302000000.0,,316658000000.0,-2.337429144808647,388.5585003232062,388.5472370766488,3.355587808418,6495555.033333333,Retail Trade,Specialty Stores,HKEX:1,HK,453714519.07833326,1.0615014905772535,6.532631210268468,1.0836931930246305,0.8,1.3268768632215668,2.0477846119379084,stable_or_general,True,0.18,1.5068768632215668,reject_valuation
2648,"Anjoy Foods Group Co., Ltd. Class H",63.0,25814658444.0,12.440758293838863,1.1433497425194528,10.2201104822755,7.89371571812761,2438030940.0,,1263879074.3437,21.777419505902042,14.817054257302473,,5.05188679245283,575370.3,Consumer Non-Durables,Food: Specialty/Candy,HKEX:2648,HK,36248328.900000006,1.217282172772455,9.190354120823029,1.3536756179668024,0.8,1.5216027159655687,10.075785024421723,stable_or_general,True,0.0,1.5216027159655687,reject_valuation
6069,SY Holdings Group Limited,6.37,6856152933.0,12.347354138398915,1.5089030014615277,12.983151659731302,4.53703777747261,-15162490.0,,4875996319.13373,16.76635037372011,18.484842120281687,10.164424514200306,7.29043545878694,5996541.933333334,Finance,Finance/Rental/Leasing,HKEX:6069,HK,38197972.11533333,0.9510290307010443,12.22045617667193,1.0103840609460408,0.8,1.1887862883763052,5.874501839371993,financial_special,False,0.35,1.538786288376305,reject_valuation
1070,TCL Electronics Holdings Limited,17.17,44141577728.0,14.867088059572259,2.1162156099557037,15.5744565698822,3.1722125535576398,,,8905777000.0,13.777665039736291,33.34945553477145,32.67087880528432,2.84408909194746,6219105.333333315,Consumer Durables,Electronics/Appliances,HKEX:1070,HK,106782038.57333304,0.9545814964948539,14.234230681059069,1.044460244652021,0.8,1.1932268706185674,8.605281878116067,stable_or_general,False,0.35,1.5432268706185672,reject_valuation
3986,GigaDevice Semiconductor Inc. Class H,464.8,315199119932.0,36.57596122066762,7.569698470963252,29.152023966803895,25.515899766963802,6676738910.0,,88814406.7996113,119.93012598018309,620.4037848327932,573.4393216746158,0.183273350471294,4656903.133333334,Electronic Technology,Semiconductors,HKEX:3986,HK,2164528576.3733335,1.2546628413285315,20.695829223172723,1.767310738132407,0.8,1.5683285516606642,29.007230349633506,technology_strict,True,0.0,1.5683285516606642,reject_valuation
9936,Ximei Resources Holding Ltd.,13.36,5867797118.0,16.879343019583068,2.345802137910691,15.9854166725822,8.01472071936524,,,1591352278.20762,51.59243164289173,79.56290200543702,71.28327201904348,0.464361326746648,1391466.6666666667,Non-Energy Minerals,Other Metals/Minerals,HKEX:9936,HK,18589994.666666668,1.0559213666625349,13.897472995181975,1.214562030480999,0.8,1.3199017083281686,13.061553040287134,cyclical,False,0.25,1.5699017083281686,reject_valuation
3360,Far East Horizon Limited,6.97,32770216309.000004,7.471325972773073,0.5409827413310814,7.554002474202101,1.06541358856566,-6131259210.0,,309643984521.12604,0.5099137164539472,3.9689479449387415,0.2902601591055606,8.0,9208497.766666668,Finance,Finance/Rental/Leasing,HKEX:3360,HK,64183229.43366667,0.9890552721274081,7.240786217901948,1.0318390500607715,0.8,1.23631909015926,4.1463615794385404,financial_special,False,0.35,1.58631909015926,reject_valuation
666,Rept Battero Energy Company Ltd Class H,9.995,23193475344.0,14.846999405822933,1.6221725589102636,12.1321577610414,2.86688196410263,4438608070.0,,14363832044.5884,56.41694410314262,,,0.0,2266389.933333333,Producer Manufacturing,Electrical Products,HKEX:666,HK,22652567.383666664,1.2237723658275688,10.925928630899346,1.3588775752968498,0.8,1.529715457284461,9.942412173500404,cyclical,True,0.1,1.629715457284461,reject_valuation
669,"Techtronic Industries Co., Ltd.",134.8,238266255764.0,24.157706093189965,4.210597336328647,18.4784891778449,9.40966904405128,15686346910.0,,12341583028.5,4.099019984712904,9.388729323771535,9.562144119379543,1.96784073506891,5990644.366666666,Consumer Durables,Tools & Hardware,HKEX:669,HK,807538860.6266667,1.3073420592282112,17.429623988660126,1.386014185326499,0.8,1.634177574035264,5.676141480453545,stable_or_general,True,0.0,1.634177574035264,reject_valuation
1112,Health and Happiness (H&H) International Holdings Limited,19.04,11833140438.0,14.682294879703887,1.6009498071965385,11.8071219895713,3.80683507747702,1858984220.0,,8924098957.555931,24.26716643280969,,,1.90943807965085,2166313.7,Health Technology,Pharmaceuticals: Other,HKEX:1112,HK,41246612.848000005,1.2435117459336913,10.903948056578104,1.3465118142090189,0.8,1.554389682417114,7.6493995216694755,health_special,True,0.1,1.654389682417114,reject_valuation
3296,"Huaqin Co., Ltd. Class H",73.75,128254091764.0,19.2805416851847,3.012215503903831,18.4194956730909,4.42095229464636,-1923909390.0,,49128949588.7762,21.625964098738855,52.471043133889076,42.60522685754762,1.29173271889401,1599409.033333333,Electronic Technology,Telecommunications Equipment,HKEX:3296,HK,117956416.20833331,1.0467464488374514,15.623085456247516,1.234105883833248,0.8,1.3084330610468142,15.181795780264872,technology_strict,False,0.35,1.6584330610468143,reject_valuation
6869,Yangtze Optical Fibre and Cable Joint Stock Ltd Co Class H,159.4,255388060371.0,33.06642326681326,6.927185029284089,24.8915659441973,9.79080634930678,3644859080.0,,11650845825.7016,38.703111932424925,511.6145253646116,468.6010851615947,0.206707317073171,29388963.733333334,Producer Manufacturing,Electrical Products,HKEX:6869,HK,4684600819.093333,1.3284187640481364,20.949302479402057,1.5784021114461972,0.8,1.6605234550601704,15.837747908802257,cyclical,True,0.0,1.6605234550601704,reject_valuation
3330,Lingbao Gold Group Company Limited Class H,22.9,31472959993.0,30.586349672766126,3.488365007890712,30.4236222216239,13.993054548184,,,4605489858.36501,-9.850878527298711,58.708905706502804,-28.127099932802153,1.03818141980719,27578859.933333334,Non-Energy Minerals,Precious Metals,HKEX:3330,HK,631555892.4733334,1.0053487204763727,11.404973281256664,2.681843167754966,0.8,1.2566859005954658,62.51276985305692,cyclical,False,0.43000000000000005,1.686685900595466,reject_valuation
1729,Time Interconnect Technology Limited,16.68,38504857633.0,27.362204724409448,4.523144507416547,25.4991716837715,10.3459229470863,,,4898946000.01212,84.01500234004841,130.70870902972783,119.28057553956835,0.168213457076566,12987890.733333332,Producer Manufacturing,Electrical Products,HKEX:1729,HK,216638017.43199998,1.0730624925288708,16.530628847248966,1.6552428209023082,0.8,1.3413281156610883,35.17189871006833,cyclical,False,0.35,1.6913281156610882,reject_valuation
6127,"JOINN Laboratories (China) Co., Ltd. Class H",22.74,35582083313.0,14.95855808446257,1.6077465953809453,11.5815235918253,9.73975198300846,428359830.0,,95278849.9644656,-5.0079625701064785,238.14580636670217,243.16027088036117,0.583657917019475,6146506.800000001,Health Technology,Biotechnology,HKEX:6127,HK,139771564.632,1.291588102883192,10.748005164019848,1.3917520373490349,0.8,1.6144851286039898,7.196966972409258,health_special,True,0.08,1.69448512860399,reject_valuation
941,China Mobile Limited,79.65,1736168573476.0,11.68385383814232,1.0257752265688276,9.11051398072708,6.13822034867574,145590302950.0,,114217896867.57199,4.258090931060676,-3.681968181907806,-3.7649284282447293,6.8394952681388,14077721.633333333,Communications,Specialty Telecommunications,HKEX:941,HK,1121290528.095,1.2824582523948742,8.779425357240871,1.3308221623532577,0.8,1.6030728154935927,3.634137702731288,stable_or_general,True,0.1,1.7030728154935928,reject_valuation
2579,"CNGR Advanced Material Co., Ltd. Class H",25.24,44604086988.0,10.583252966581407,0.9360632458326827,9.71483028566988,2.5824152085366,-1385453400.0,,52476158273.4362,51.22664265749771,66.42187428313078,,1.6997578125,1019166.9666666667,Producer Manufacturing,Electrical Products,HKEX:2579,HK,25723774.238666665,1.0893914412681525,8.844759251134569,1.196556363614287,0.8,1.3617393015851904,8.956111521770282,cyclical,False,0.35,1.7117393015851903,reject_valuation
2603,"Xiamen Jihong Co., Ltd. Class H",12.88,8820545427.0,16.12015018773467,1.777875935179306,11.5962860160689,6.943998947239461,162457850.0,,1141505373.66021,18.609455668858107,43.84821029644711,,3.13113354037267,2529533.3333333335,Process Industries,Containers/Packaging,HKEX:2603,HK,32580389.333333336,1.3901131936032864,11.028904287331255,1.461627535044588,0.8,1.737641492004108,4.892788328534047,cyclical,True,0.0,1.737641492004108,reject_valuation
1766,CRRC Corporation Limited Class H,5.37,198162983524.0,9.865882785228735,0.7556079618847142,8.00764996506926,2.53385287645266,9413855340.0,,92885667085.4187,6.681235026637262,-6.252117015080691,-6.2521529452290725,4.91252851711027,18270297.133333333,Producer Manufacturing,Trucks/Construction/Farm Machinery,HKEX:1766,HK,98111495.606,1.2320571988367877,7.658797274745809,1.2881765153597404,0.8,1.5400714985459845,4.3564927518711,cyclical,True,0.2,1.7400714985459844,reject_valuation
956,China Suntien Green Energy Corporation Limited Class H,3.255,26184362098.0,7.6480263157894735,0.5172109696394777,7.270432783933331,1.84962395536414,-2681598440.0,,58486982840.0691,-6.66360790029957,7.593081452163215,1.164725457570706,6.99057750759879,8050613.0,Utilities,Gas Distributors,HKEX:956,HK,26204745.314999998,1.0519354958745473,6.762672463243063,1.1309177484727446,0.8,1.314919369843184,6.9839077779846885,cyclical,False,0.43000000000000005,1.744919369843184,reject_valuation
699,Ningbo Joyson Electronic Corp. Class H,12.03,32930250271.999996,11.7228610407328,0.9736523049579379,8.87084028667145,1.94198797955598,1398425950.0,,31953359133.3734,3.0646088860301997,37.44583278292322,27.605073364834613,1.71313072439634,1361219.2666666666,Producer Manufacturing,Auto Parts: OEM,HKEX:699,HK,16375467.777999999,1.3215051406512806,8.305585996241362,1.411442978982808,0.8,1.6518814258141006,6.372049007345904,cyclical,True,0.1,1.7518814258141007,reject_valuation
1989,Delton Technology (Guangzhou) Inc. Class H,111.0,64765062836.0,31.350618539230638,5.696546507170208,25.8528308876205,15.1943705804509,-1189704490.0,,2258516070.5022798,73.93758853232436,81.97880350291769,,0.640035314384152,1511470.8333333333,Electronic Technology,Electronic Components,HKEX:1989,HK,167773262.5,1.212657084847243,18.170443750708863,1.725363396147526,0.8,1.5158213560590539,29.715844931281033,technology_strict,False,0.25,1.7658213560590539,reject_valuation
2607,Shanghai Pharmaceuticals Holding Co. Ltd. Class H,11.57,63991114096.0,7.964479933916156,0.4738420357269523,6.23444513322399,1.99338036164664,8801847370.0,,76202999160.6874,8.022983979379575,-17.718841074072916,-17.73599864091964,4.70982456140351,1344244.1333333333,Health Technology,Pharmaceuticals: Major,HKEX:2607,HK,15552904.622666666,1.2774961947251144,5.949441013833567,1.3386938227301095,0.8,1.596870243406393,4.571443220690274,health_special,True,0.2,1.796870243406393,reject_valuation
1860,Mobvista Incorporation,10.25,16259116215.0,27.253390055836213,5.053717317240325,21.9671191816678,8.46116527932707,,,177073489.0,25.605540974939387,95.7486240865595,93.06981519507185,0.0,13752610.633333333,Technology Services,Packaged Software,HKEX:1860,HK,140964258.99166667,1.2406447031333976,18.54344471233255,1.4697048190680022,0.8,1.550805878916747,15.585450422613478,technology_strict,False,0.25,1.800805878916747,reject_valuation
6823,HKT Trust and HKT Ltd,12.32,92126138123.0,17.39621575826038,2.6354801515401087,14.9654365035121,4.41763929057765,,,50585000000.0,7.089193921934135,4.252427184466019,4.223693892568074,6.81234567901235,9759382.733333332,Communications,Major Telecommunications,HKEX:6823,HK,120235595.27466665,1.1624262181846698,15.149732494486242,1.1482853419749652,0.8,1.4530327727308372,1.2314775511619303,stable_or_general,False,0.35,1.803032772730837,reject_valuation
2338,"Weichai Power Co., Ltd. Class H",32.14,265353892032.0,19.151471815039926,2.5066077268093943,13.9424846217279,3.47326357897665,31326169180.0,,114453016072.346,15.980385576954404,21.229944833965444,21.143434635097087,2.6317978246961,16908300.7,Producer Manufacturing,Auto Parts: OEM,HKEX:2338,HK,543432784.498,1.3736053748407486,13.088329455916382,1.4632479935308162,0.8,1.7170067185509357,6.126276549592935,cyclical,True,0.1,1.8170067185509358,reject_valuation
1686,Sunevision Holdings Ltd.,5.745,12832093137.0,20.481283422459892,2.1018549006695206,18.7256911899658,4.5702710643459,,,16167075000.0,6.094385718185203,16.964718735163338,16.43835616438357,2.20994475138122,6721865.866666666,Technology Services,Data Processing Services,HKEX:1686,HK,38617119.404,1.0937531338461264,10.262320272198444,1.995775115101947,0.8,1.3671914173076578,45.19657422473393,technology_strict,False,0.44999999999999996,1.8171914173076578,reject_valuation
1286,Impro Precision Industries Limited,8.39,16181944523.0,19.82045830380345,2.4258791281870384,13.3708763144416,8.11339955015843,175561000.0,,2503703000.00619,19.631523572300434,16.717868750012293,16.419141914191428,1.92539109506619,4383219.833333333,Non-Energy Minerals,Steel,HKEX:1286,HK,36775214.40166666,1.482360455492045,12.239268593105761,1.619415257784937,0.8,1.8529505693650563,8.463227799913264,cyclical,True,0.0,1.8529505693650563,reject_valuation
9698,GDS Holdings Ltd.,30.8,46408656919.0,15.748031496062993,1.4594915283150833,12.961529017977599,4.55178167141813,-955179370.0,,54755785620.1992,12.610236589002998,1832.5483153652922,14175.912408759123,0.0,5781884.666666667,Technology Services,Data Processing Services,HKEX:9698,HK,178082047.73333335,1.2149825436659922,9.267771204800779,1.6992253205285632,0.8,1.5187281795824903,28.49785552347712,technology_strict,False,0.35,1.8687281795824902,reject_valuation
1385,"Shanghai Fudan Microelectronics Group Co., Ltd. Class H",25.72,42960465294.0,20.844476861982333,2.6246317402879953,13.838878446196501,9.3620469575845,1298695180.0,,1499669206.73311,24.48348290060857,125.32040214973416,124.67225054624909,0.248376963350785,3420768.4,Electronic Technology,Semiconductors,HKEX:1385,HK,87982163.248,1.5062258797215797,12.591497295261886,1.6554406813736122,0.8,1.8827823496519747,9.013600023905454,technology_strict,True,0.0,1.8827823496519747,reject_valuation
2689,Nine Dragons Paper Holdings Ltd.,6.63,31344036753.0,8.772161947605186,0.5687877100675425,6.85509247486226,2.22825934914744,-10265046960.0,,93945990147.6785,7.3835262953189815,252.5583073635946,252.5186567164179,0.0,15997881.1,Process Industries,Containers/Packaging,HKEX:2689,HK,106065951.69299999,1.2796562525994875,6.484008314766948,1.3528918412438031,0.8,1.5995703157493593,5.413262643153005,cyclical,False,0.35,1.9495703157493591,reject_valuation
1072,Dongfang Electric Corporation Limited Class H,20.02,110334023791.0,13.338663468585516,1.2990063444975206,10.4069756866025,2.87475934120234,-3916729530.0,,27004882952.0469,10.073291714893841,53.27198594404475,40.665417057169634,3.06575252525253,7099944.299999998,Producer Manufacturing,Electrical Products,HKEX:1072,HK,142140884.88599995,1.2817041060023948,9.73865445782382,1.3696618487032908,0.8,1.6021301325029935,6.4218582699203335,cyclical,False,0.35,1.9521301325029934,reject_valuation
2333,"Great Wall Motor Co., Ltd. Class H",7.76,126849773391.0,9.909334695441196,0.6560476006496224,6.89950624584173,2.61126253790801,32328321030.0,,64886776917.9477,19.17638866321637,-48.30277833908358,-48.28292167481178,5.17683397683398,15682452.366666554,Consumer Durables,Motor Vehicles,HKEX:2333,HK,121695830.36533245,1.4362382382671894,6.620500980267001,1.4967650824275776,0.8,1.7952977978339868,4.0438439452516235,cyclical,True,0.2,1.9952977978339868,reject_valuation
517,"COSCO SHIPPING International (Hong Kong) Co., Ltd.",6.795,10005254768.0,12.94532291865117,1.2365382025702523,9.50777831403428,7.54686373485595,,,22645000.0,1.4627305160729416,-4.813871470930599,-4.8059484947406546,7.61904761904762,2356331.7333333334,Transportation,Air Freight/Couriers,HKEX:517,HK,16011274.128,1.3615507735958448,9.552007395572119,1.3552463249402464,0.8,1.7019384669948059,0.4651883970890891,stable_or_general,False,0.35,2.0519384669948058,reject_valuation
1057,Zhejiang Shibao Co. Ltd. Class H,3.995,13395970875.0,15.347675758739918,1.3056280904494695,9.12539273523069,5.12193162675202,125348370.0,,506252214.937759,25.286464029213107,13.22681588249634,13.22314049586776,1.67272727272727,16163667.999999952,Producer Manufacturing,Auto Parts: OEM,HKEX:1057,HK,64573853.65999981,1.6818646828740493,8.507008559299045,1.8041213490920154,0.8,2.1023308535925613,6.776521228990273,cyclical,True,0.0,2.1023308535925613,reject_valuation
788,China Tower Corp. Ltd. Class H,9.06,160211964330.0,10.581639803784164,0.6661735315873607,6.54674323256776,3.8941109000138003,6092888290.0,,117181173342.765,3.8593061801433555,24.301222651462357,24.32118484100479,5.64923076923077,17745242.333333332,Communications,Specialty Telecommunications,HKEX:788,HK,160771895.54,1.6163211887010023,6.2955604607626725,1.6808098134764407,0.8,2.0204014858762527,3.8367591775333443,stable_or_general,True,0.1,2.1204014858762528,reject_valuation
179,Johnson Electric Holdings Limited,19.06,17638660332.0,11.308217146247404,0.7935992432077731,7.339380477658911,4.83712581447096,1682246890.0,,3006818622.6,0.21621096632872036,-22.9494977128345,-23.197849266381112,3.19371727748691,5058932.833333333,Producer Manufacturing,Auto Parts: OEM,HKEX:179,HK,96423259.80333333,1.5407590845943524,7.017898868975349,1.6113394275655135,0.8,1.9259488557429405,4.380228135905373,cyclical,True,0.2,2.1259488557429407,reject_valuation
631,"Sany Heavy Equipment International Holdings Co., Ltd.",9.465,31729352978.0,18.664957602050876,2.012810534240108,13.127985199717601,3.71674154711979,,,13265949667.4846,19.071782396745505,30.939032846897895,28.738258441228748,3.62882322446864,11642998.666666644,Producer Manufacturing,Trucks/Construction/Farm Machinery,HKEX:631,HK,110200982.37999979,1.4217686353312144,10.783900918258414,1.7308168670623545,0.8,1.777210794164018,17.855628611689877,cyclical,False,0.35,2.127210794164018,reject_valuation
3692,Hansoh Pharmaceutical Group Company Limited,36.24,218066824936.0,29.22344972179663,5.03476684333734,19.3108682794303,16.2624479733787,,,4892813259.85203,24.96918239717421,45.61260668312896,43.31445741361378,1.20022246941046,12262475.566666666,Health Technology,Pharmaceuticals: Major,HKEX:3692,HK,444392114.536,1.5133161957779544,17.22851645260109,1.6962255457221678,0.8,1.891645244722443,10.783315367788527,health_special,False,0.25,2.1416452447224428,reject_valuation
6031,"Sany Heavy Industry Co., Ltd. Class H",20.06,195444074753.0,18.388486570721422,1.7331786202135628,10.6848102451797,5.26316991389179,24149431280.0,,37095351257.892,21.440327590210273,21.621708725376546,,1.05620848237098,4547518.866666666,Producer Manufacturing,Trucks/Construction/Farm Machinery,HKEX:6031,HK,91223228.46533331,1.7209932744493173,9.425346743723708,1.950961282455335,0.8,2.1512415930616466,11.787420389839676,cyclical,True,0.0,2.1512415930616466,reject_valuation
868,Xinyi Glass Holdings Limited,9.265,39891102903.0,12.643286026200874,0.9596948864266102,7.96646235192649,5.96426603255333,3922356180.0,,4465646092.06595,-11.85375949348867,-45.71158617148478,-48.255896059878545,4.05105438401776,9806476.633333333,Consumer Durables,Home Furnishings,HKEX:868,HK,90857006.00783333,1.5870640527339481,7.590549517252239,1.6656614909716991,0.8,1.983830065917435,4.7186921630696705,stable_or_general,True,0.18,2.163830065917435,reject_valuation
9896,MINISO Group Holding Ltd.,18.85,22872542119.0,16.49890590809628,1.8988100454606354,11.8008120407779,4.371684307184,,,15277095594.0402,30.79097868739326,-44.76752692144638,-44.46334824032665,6.3673991507431,5279198.366666666,Retail Trade,Specialty Stores,HKEX:9896,HK,99512889.21166667,1.3981161509126692,11.508702795431173,1.4336025702780475,0.8,1.7476451886408364,2.4753317342682823,stable_or_general,False,0.44999999999999996,2.1976451886408364,reject_valuation
2050,"Zhejiang Sanhua Intelligent Controls Co., Ltd.",24.66,156489177965.0,23.290517567057048,2.762523777196744,12.8787969040354,8.07191094255761,3809440450.0,,9986777120.768589,7.64134317136792,12.103823221687442,10.13105887247763,1.8354890864996,7516388.4,Producer Manufacturing,Industrial Machinery,HKEX:2050,HK,185354137.944,1.8084389202347986,11.861152373462744,1.9635965236535966,0.8,2.260548650293498,7.901704935294019,cyclical,True,0.0,2.260548650293498,reject_valuation
867,China Medical System Holdings Ltd.,11.04,27029976308.0,15.499087463147548,1.2849356426482244,8.75303095339548,7.92854102723973,1288079270.0,,1020430373.8615301,14.803759061986488,-3.1867654381689197,-2.8770111808017464,3.10469314079422,6232535.599999956,Health Technology,Pharmaceuticals: Major,HKEX:867,HK,68807193.02399951,1.7707109166722566,8.2903954552385,1.8695232991996844,0.8,2.2133886458403205,5.285431990589684,health_special,True,0.1,2.3133886458403206,reject_valuation
317,CSSC Offshore & Marine Engineering (Group) Company Limited Class H,13.35,32796509768.999996,12.73247496423462,0.8599127977568837,7.17204012309235,2.24675801123585,3876059150.0,,6640866784.62472,6.795823521882406,81.71386804042744,81.71577123050261,1.92423015873016,2424007.1,Producer Manufacturing,Trucks/Construction/Farm Machinery,HKEX:317,HK,32360494.785,1.7752933259866919,6.753697141933277,1.8852599837768103,0.8,2.2191166574833647,5.8329704516306595,cyclical,True,0.1,2.319116657483365,reject_valuation
2018,AAC Technologies Holdings Inc.,42.96,48126601215.0,17.5468692562186,1.785373650528069,10.5638426215772,5.30366234560689,,,11975171167.1306,15.864649515226576,22.149515653226537,24.405487804878057,0.82703213610586,5767382.366666666,Electronic Technology,Electronic Production Equipment,HKEX:2018,HK,247766746.47199997,1.661030922628306,10.174884330977354,1.7245276393754467,0.8,2.076288653285382,3.681977330913444,technology_strict,False,0.25,2.326288653285382,reject_valuation
2276,Shanghai Conant Optical Co. Ltd. Class H,42.1,20947263097.0,30.434468300440976,4.727261702779877,18.215691680304,13.871642608107102,,,739199949.590297,8.35793066814715,23.324564566214757,14.872944693572501,0.939343482397716,2587190.933333333,Health Technology,Medical Specialties,HKEX:2276,HK,108920738.29333332,1.6707830168946434,15.532591718421388,1.959394082595129,0.8,2.088478771118304,14.729607906043762,health_special,False,0.25,2.338478771118304,reject_valuation
3200,"Shenzhen Han's CNC Technology Co., Ltd. Class H",100.8,139069757705.0,28.851107676455435,3.5402668476136387,17.2393020054579,11.2088708676894,-664892720.0,,3211359484.89547,109.53841406521354,276.1952070593331,,0.65232159847764,2136992.7333333334,Producer Manufacturing,Industrial Machinery,HKEX:3200,HK,215408867.52,1.6735658826164352,12.270817770032274,2.3511968164758716,0.8,2.0919573532705438,28.820680987273295,cyclical,False,0.25,2.3419573532705438,reject_valuation
2476,"Victory Giant Technology (HuiZhou) Co., Ltd. Class H",197.5,197496052425.0,33.12257869756989,4.4292432318360095,20.1865384881042,11.3934475239178,-5952291390.0,,16667382794.2663,52.377543138387786,84.2556525480665,,0.0,5308296.766666667,Electronic Technology,Electronic Components,HKEX:2476,HK,1048388611.4166666,1.640825083363788,13.372277781503076,2.476958618327987,0.8,2.051031354204735,33.75645958625708,technology_strict,False,0.35,2.401031354204735,reject_valuation
2,CLP Holdings Limited,77.25,193526099807.0,18.00279655092053,1.7668365803100987,10.0262656530344,4.45814296817492,10333000000.0,,71575000000.0,-1.907903534970802,-5.028471309680245,-5.028551192952943,4.17754569190601,3387325.2333333334,Utilities,Electric Utilities,HKEX:2,HK,261670874.275,1.7955634903282331,9.814234001437715,1.8343557478131505,0.8,2.2444543629102913,2.1147619555892616,stable_or_general,True,0.28,2.5244543629102916,reject_valuation
1138,"COSCO SHIPPING Energy Transportation Co., Ltd. Class H",17.49,119516678267.0,19.513555729108557,1.849347441524564,9.75017766321404,4.64034807234676,1257861160.0,,39465404090.5261,2.49887992981627,0.07212892838138088,-2.3212728857890133,2.49042735042735,17035228.6,Transportation,Marine Shipping,HKEX:1138,HK,297946148.214,2.001353862784499,9.47724477895064,2.058990369484704,0.8,2.5016923284806234,2.7992606257128516,cyclical,True,0.1,2.6016923284806235,reject_valuation
6680,"JL MAG Rare-Earth Co., Ltd. Class H",16.63,39180440487.0,23.832043565491546,2.5261693217015107,11.4321899418187,5.72358980002745,2011600240.0,,7214002305.09655,32.98254336925262,88.24792533406051,84.84768211920529,2.65713692946058,2889884.7333333287,Producer Manufacturing,Metal Fabrication,HKEX:6680,HK,48058783.11533325,2.0846437722587563,10.59988546412095,2.24833029056394,0.8,2.6058047153234454,7.28035907322705,cyclical,True,0.0,2.6058047153234454,reject_valuation
9969,InnoCare Pharma Ltd.,15.37,22075217082.0,26.582497405741954,3.0591935034433337,12.573912597964702,8.77635051645355,266627570.0,,2580773067.16418,117.39136700376207,,,0.0,7830575.233333333,Health Technology,Pharmaceuticals: Major,HKEX:9969,HK,120355941.33633333,2.114099107865978,11.50829982882847,2.3098544355919874,0.8,2.642623884832472,8.47479064956056,health_special,True,0.0,2.642623884832472,reject_valuation
1816,"CGN Power Co., Ltd. Class H",3.09,236029210073.0,14.372093023255813,1.0912134364041515,8.0931765678454,1.91586819123899,-18654875850.0,,408947213917.55,-18.88146227974452,6.90584712697863,4.21715947649054,3.22819672131148,39735714.6,Utilities,Electric Utilities,HKEX:1816,HK,122783358.114,1.7758284281547574,7.592585398928563,1.8929116062736613,0.8,2.219785535193447,6.185348419379755,stable_or_general,False,0.43000000000000005,2.649785535193447,reject_valuation
470,Wuxi Lead Intelligent Equipment Co. Ltd. Class H,28.5,61276397177.0,23.785678517776667,2.2797756700740646,11.6302213080494,3.9924892279461806,7065322540.0,,8298058655.654109,30.55483486714014,227.27782715947362,,1.14485017421603,1480086.6,Producer Manufacturing,Industrial Machinery,HKEX:470,HK,42182468.1,2.0451612989784076,9.584656869764014,2.481641110472252,0.8,2.5564516237230093,17.58835351541961,cyclical,True,0.1,2.6564516237230094,reject_valuation
241,Alibaba Health Information Technology Ltd.,3.14,49156751883.0,23.9877769289534,2.498826188335097,11.2273498733761,8.66543615793806,1730856460.0,,67816674.5321148,14.032288891949726,37.05245471122182,36.49635036496349,2.25986842105263,83075377.9,Technology Services,Information Technology Services,HKEX:241,HK,260856686.60600004,2.136548446382405,10.417081148186757,2.3027349588352606,0.8,2.670685557978006,7.2169188127891974,technology_strict,True,0.0,2.670685557978006,reject_valuation
728,China Telecom Corp. Ltd. Class H,4.655,644058399192.0,12.715105162523901,0.7810638576332843,6.339725096467521,3.35931522182389,77502495730.0,,73286565862.2005,0.28813226364879224,-9.238537441117339,-9.24640555280119,6.54803455723542,72465705.9,Communications,Wireless Telecommunications,HKEX:728,HK,337327860.96450007,2.0056240560980676,6.142802970559514,2.069919094501863,0.8,2.5070300701225845,3.106161906258864,stable_or_general,True,0.2,2.7070300701225847,reject_valuation
1211,BYD Company Limited Class H,86.15,837822860321.0,23.904658841810264,2.8287330986070423,12.927066597925302,3.23699766435406,-62925200520.0,,237139156331.078,-5.2162374992797735,-27.532160427150437,-29.998251850125286,0.480058343057176,18267417.833333325,Producer Manufacturing,Electrical Products,HKEX:1211,HK,1573738046.341666,1.8491943752843962,11.83339665011018,2.020101205818001,0.8,2.3114929691054953,8.460310307294684,cyclical,False,0.53,2.841492969105495,reject_valuation
400,"IngDan, Inc.",4.33,6744764088.0,17.250996015936256,1.4455208882775934,8.51743584910931,2.71215684742994,,,5064207137.1474,81.43309595850329,81.08155584858892,65.2402896642528,0.0,4158991.7333333334,Distribution Services,Electronics Distributors,HKEX:400,HK,18008434.205333333,2.025374340534685,8.379347412417458,2.058751734099459,0.8,2.531717925668356,1.6212442234747604,stable_or_general,False,0.35,2.8817179256683563,reject_valuation
2465,"Jiangsu Lopal Tech Group Co., Ltd. Class H",9.4,8561466409.099999,16.970572305470302,1.0956694248784564,8.17112544354611,1.51838000838993,-3824775000.0,,17695850741.1658,68.10373457709804,,,0.0,5491972.133333334,Process Industries,Chemicals: Specialty,HKEX:2465,HK,51624538.05333334,2.0768953337846936,6.456290366384861,2.62853300307384,0.8,2.5961191672308668,20.98652246877076,cyclical,False,0.35,2.946119167230867,reject_valuation
501,"Omnivision Integrated Circuits Group, Inc. Class H",72.45,115125871793.0,25.165861961165724,2.4143014621102963,10.915868222359,6.87089659899456,482863740.0,,13765125377.7143,8.450057288310594,-16.29904247375922,,0.160548137737175,471514.76666666666,Electronic Technology,Semiconductors,HKEX:501,HK,34161244.845,2.305438417589031,9.593557597335172,2.6232043437312673,0.8,2.8817980219862886,12.113655076151764,technology_strict,True,0.1,2.9817980219862887,reject_valuation
3759,"Pharmaron Beijing Co., Ltd. Class H",29.0,83339057750.0,27.278713197253317,2.8199062040853637,11.0640698347943,6.21670365891576,83954760.0,,8036677048.103971,20.393445761215904,28.07553740527156,26.363960537263743,0.776780405405405,9939233.26666667,Health Technology,Pharmaceuticals: Major,HKEX:3759,HK,288237764.7333334,2.4655225070495477,10.337387191597069,2.6388402302882987,0.8,3.0819031338119345,6.567950618966267,health_special,True,0.0,3.0819031338119345,reject_valuation
136,China Ruyi Holdings Limited,1.365,20580751670.0,14.61456102783726,0.8107193129376549,6.25690723199516,4.66326990290703,,,5267355688.602139,-40.47460591382052,26.118207160342983,15.594059405940595,0.0,112861502.2,Technology Services,Internet Software/Services,HKEX:136,HK,154055950.503,2.3357483954859704,5.547339474606371,2.634517158132689,0.8,2.919685494357463,11.340551027516632,technology_strict,False,0.43000000000000005,3.349685494357463,reject_valuation
2343,Pacific Basin Shipping Limited,4.28,21672024065.0,20.41010968049595,1.4741794710175629,7.45577025901671,5.94641411545564,1178670360.0,,1123499135.3,-6.236240347636333,38.615825615294874,42.16949152542374,5.01165501165501,27057461.966666672,Transportation,Marine Shipping,HKEX:2343,HK,115805937.21733336,2.737491764289918,7.222790539074366,2.825792824820253,0.8,3.421864705362397,3.1248242884172384,cyclical,True,0.08,3.5018647053623972,reject_valuation
1276,"Jiangsu Hengrui Pharmaceuticals Co., Ltd. Class H",46.5,351939131445.0,35.4420731707317,4.119499139777707,12.5000850700587,11.4930374856757,6317356980.0,,836303592.131448,7.517347905409785,9.16788141006572,,0.494540727902946,5731661.1,Health Technology,Pharmaceuticals: Major,HKEX:1276,HK,266522241.14999998,2.8353465574106904,11.623188970727638,3.0492555235908676,0.8,3.544183196763363,7.015121052507711,health_special,True,0.0,3.544183196763363,reject_valuation
2638,HK Electric Investments & HK Electric Investments Ltd.,6.285,55756422727.0,17.62478968031408,1.130572589595854,6.454321999180661,2.64833313021882,3186000000.0,,51170000000.0,3.692333222701626,-0.4423380726698263,-0.4466778336125197,5.07606973058637,2395412.2,Utilities,Electric Utilities,HKEX:2638,HK,15055165.677000001,2.7306957543412684,6.414672799520788,2.7475742303848687,0.8,3.4133696929265853,0.6143046421437703,stable_or_general,True,0.2,3.6133696929265855,reject_valuation
2218,"Yantai North Andre Juice Co., Ltd. Class H",21.5,22406271211.0,25.519287833827892,2.254056252856885,9.28698729693931,8.59529029347518,224859890.0,,0.0,-13.680050579531965,-20.38453566289962,-19.9068352504991,1.57773689052438,1933074.9333333333,Consumer Non-Durables,Food: Specialty/Candy,HKEX:2218,HK,41561111.06666667,2.7478542844823552,8.832755316427562,2.8891650362334795,0.8,3.434817855602944,4.891058488487976,stable_or_general,True,0.18,3.614817855602944,reject_valuation
9618,"JD.com, Inc. Class A",110.4,257615693374.0,19.010883041741288,1.2258999343632744,6.672782299567221,2.07733141534098,36725573950.0,,121706988740.531,7.532241338109323,-59.856969807389504,-57.89137843521137,3.66276894293732,9930028.433333334,Retail Trade,Internet Retail,HKEX:9618,HK,1096275139.0400002,2.849018923182056,6.448411321407977,2.9481498766412995,0.8,3.5612736539775702,3.362480118282818,hybrid_platform,True,0.2,3.7612736539775704,reject_valuation
1880,China Tourism Group Duty Free Corporation Limited Class H,50.0,122404182749.0,22.548931180662038,1.5646112473018279,7.25559062412377,5.05856190015692,5236182600.0,,11795816825.9205,3.2461232632355475,19.402458775584257,19.010304851867758,1.62681799506984,1107377.6666666667,Retail Trade,Discount Stores,HKEX:1880,HK,55368883.333333336,3.107800915019952,6.938737959534145,3.2497164919852275,0.8,3.8847511437749396,4.367014086160492,stable_or_general,True,0.0,3.8847511437749396,reject_valuation
9611,"Shanghai Longcheer Technology Co., Ltd. Class H",22.8,16855751345.0,21.874700182289168,1.390354113435821,7.384086622222511,1.69836950687575,-494958990.0,,16298691601.978,-4.010130823954637,-4.437402427737365,,2.59459582198002,810076.6666666666,Electronic Technology,Telecommunications Equipment,HKEX:9611,HK,18469748.0,2.962411101253465,6.355991633483141,3.4415873153535967,0.8,3.703013876566831,13.923116579446715,technology_strict,False,0.53,4.233013876566831,reject_valuation
9626,Bilibili Inc. Class Z,121.4,50095138867.0,32.3949299533022,2.755944747621068,10.0695270545906,3.7324165031228804,,,10995893815.3241,10.649627366521486,620.2384069267613,594.7534297367446,0.0,3410907.8333333335,Technology Services,Packaged Software,HKEX:9626,HK,414084210.9666667,3.2171252708967764,8.507333559892876,3.807882896002272,0.8,4.0214065886209704,15.514070186499328,technology_strict,False,0.35,4.37140658862097,reject_valuation
2269,Wuxi Biologics (Cayman) Inc.,49.18,210268425088.0,37.18433388779676,3.6678253852596376,10.675038614338,7.892438051296251,,,3150138564.0050697,21.92506549587274,23.560679963067066,24.08293460925039,0.0,41099456.499999955,Health Technology,Biotechnology,HKEX:2269,HK,2021271270.6699977,3.483297366049172,9.863899663571365,3.76973967254789,0.8,4.354121707561465,7.598463856394555,health_special,False,0.25,4.604121707561465,reject_valuation
285,"BYD Electronic (International) Co., Ltd.",25.16,56330114746.0,23.148403716993283,1.4181039341675121,6.432333492733641,2.65829969456019,5285921040.0,,10226254405.653,4.288455748075463,-49.59908189964954,-49.39001676289813,0.71712,11346675.033333333,Electronic Technology,Electronic Production Equipment,HKEX:285,HK,285482343.8386667,3.598756772039749,6.126141359485966,3.778627093080272,0.8,4.498445965049686,4.76020302108976,technology_strict,True,0.2,4.698445965049686,reject_valuation
3738,Vobile Group Ltd.,3.475,8533182817.000001,32.69049858889934,2.4798401484335972,8.85634048143597,5.08423902321343,,,1919798000.0,20.339835256068074,41.450021365737214,29.16160388821386,0.0,27722111.566666666,Technology Services,Packaged Software,HKEX:3738,HK,96334337.69416668,3.691197132429905,7.5858131734817675,4.309425745308056,0.8,4.613996415537381,14.345962766646014,technology_strict,False,0.25,4.863996415537381,reject_valuation
9988,Alibaba Group Holding Limited,110.1,2137636240234.0002,26.562123039807,1.7441581395393044,7.0356650617965,3.808542241763,,,308035132269.284,8.060483111222503,-49.06520614946178,-50.35452498442965,0.95685488372093,99318408.43333334,Retail Trade,Internet Retail,HKEX:9988,HK,10934956768.51,3.7753535460405465,6.566335593451786,4.045197304002527,0.8,4.719191932550683,6.670719316829943,hybrid_platform,False,0.44999999999999996,5.169191932550683,reject_valuation
2423,"KE Holdings, Inc. Class A",47.96,158330064947.0,30.321805652146423,2.1078863341193226,7.087285618965901,4.03252081295812,,,16628785375.047901,-10.922086916115244,27.1129430893891,31.929268496121445,1.55261843238587,8746040.566666666,Finance,Real Estate Development,HKEX:2423,HK,419460105.57733333,4.278338320527662,6.951717712002779,4.361771710003851,0.8,5.347922900659577,1.9128325603293805,financial_special,False,0.43000000000000005,5.7779229006595765,reject_valuation
6613,Lens Technology Co. Ltd. Class H,23.84,215204938861.0,32.89637091210156,2.056588978097845,6.73010242350761,4.181440108291,2196552430.0,,13753709823.4132,-1.8501449143606519,-9.761277914417956,,0.0,12313955.1,Consumer Durables,Home Furnishings,HKEX:6613,HK,293564689.584,4.887945062648327,6.251719934679145,5.2619713064273546,0.8,6.109931328310408,7.108101165853276,stable_or_general,True,0.28,6.389931328310408,reject_valuation
1177,Sino Biopharmaceutical Limited,5.535,99540554065.0,36.1764705882353,2.750611246943765,7.46907593027349,3.10983209362117,,,19845447415.7688,14.57495562392294,-31.00135210470856,-31.35935397039031,1.78890876565295,83773634.20000012,Health Technology,Pharmaceuticals: Major,HKEX:1177,HK,463687065.2970007,4.843500176722751,7.603315641958375,4.757986159169551,0.8,6.054375220903438,1.797273356678386,health_special,False,0.44999999999999996,6.504375220903438,reject_valuation
1304,"Fortior Technology (Shenzhen) Co., Ltd. Class H",117.6,21203382883.0,39.57197657985059,2.238167260751624,7.594539881521621,7.36880584126804,-260266300.0,,49817027.509808,43.96605564464177,44.96713458833197,,0.736754966887417,219024.33333333334,Producer Manufacturing,Electrical Products,HKEX:1304,HK,25757261.6,5.210582497056038,5.6559400216851,6.996533985178424,0.8,6.513228121320047,25.526231872892723,cyclical,False,0.25,6.763228121320047,reject_valuation
1336,"New China Life Insurance Co., Ltd. Class H",50.6,201533219673.0,3.18858662432022,1.1052146912300995,42.2760418655157,2.35149356631935,180301037590.0,,190488750126.553,44.36176210584151,53.137129979921504,53.13673077479807,6.31225183075671,7955503.433333334,Finance,Multi-Line Insurance,HKEX:1336,HK,402548473.7266667,0.07542301700011159,34.66158588260785,0.09199194275528397,0.8,0.09427877125013948,18.011279313068616,financial_special,True,0.25,0.3442787712501395,watch
2318,"Ping An Insurance (Group) Company of China, Ltd. Class H",57.15,1140944442249.0,5.770628862231915,0.8709542915872674,16.1028320470483,1.14228089644617,790384886250.0,,2926193913967.3203,10.719178517863966,37.97868301540145,38.289464497661115,5.35868305531168,35432157.733333334,Finance,Multi-Line Insurance,HKEX:2318,HK,2024947814.46,0.35836111594355785,15.092883503348492,0.3823410457618419,0.8,0.4479513949294473,6.271869077122583,financial_special,True,0.1,0.5479513949294473,watch
1530,"3SBio, Inc.",16.24,41348329470.0,4.4456611004653706,1.2959962971534364,36.657115579207,27.0913290121645,,,1603171868.11389,101.73124275980192,257.92635551181803,254.694630546655,1.53468385512584,23974802.3,Health Technology,Biotechnology,HKEX:1530,HK,389350789.352,0.1212768934549526,29.151936413186597,0.15249968432472358,0.8,0.15159611681869073,20.474003607303903,health_special,False,0.4,0.5515961168186907,watch
6666,Evergrande Property Services Group Ltd.,1.15,12378377870.0,10.787992495309568,5.052946087262182,64.3296222705994,11.1469317748977,,,104207015.10596299,8.660192206048938,7.514687980071503,7.459677419354843,0.0,19807936.066666666,Finance,Real Estate Development,HKEX:6666,HK,22779126.476666663,0.16769867620130594,46.83861329583901,0.23032262776805862,0.8,0.2096233452516324,27.18966528543464,financial_special,False,0.35,0.5596233452516324,watch
1339,People's Insurance Co. (Group) of China Ltd. Class H,6.25,386689727904.0,4.497049935242481,0.7012654194240423,18.1176682188981,2.83963048121514,151093871470.0,,214305911443.659,11.322297516050696,30.80355637705745,25.455858458205455,4.05126118795769,32630036.2,Finance,Multi-Line Insurance,HKEX:1339,HK,203937726.25,0.24821350523196564,15.593898878648544,0.28838521849079873,0.8,0.310266881539957,13.929879440098558,financial_special,True,0.25,0.560266881539957,watch
2601,"China Pacific Insurance (Group) Co., Ltd. Class H",31.48,358286812079.0,4.789945375146453,0.8209150804029994,18.6583339139071,1.77853889191089,304124297960.0,,224020927845.07898,11.903343024651473,22.70692961173107,22.707668179017524,4.24712403598972,8968074.266666668,Finance,Multi-Line Insurance,HKEX:2601,HK,282314977.9146667,0.25671881515510014,17.138297331374055,0.2794878209037596,0.8,0.32089851894387517,8.146689782414484,financial_special,True,0.25,0.5708985189438751,watch
2400,"XD, Inc.",39.98,18494876516.0,11.726403472751802,4.164743849502533,42.0412856755701,29.4254966337135,,,130337935.980193,5.883559395488523,13.6153099602686,12.295378940087627,1.04166666666667,2988762.4,Technology Services,Packaged Software,HKEX:2400,HK,119490720.75199999,0.27892590067876855,35.515952177323506,0.33017285906356647,0.8,0.3486573758484607,15.521251059261543,technology_strict,False,0.25,0.5986573758484607,watch
6963,Sunshine Insurance Group Co. Ltd.,4.15,46293629327.0,5.585464333781966,0.746334418965167,13.6592478769197,1.14123459845748,102195954890.0,,38119246492.4691,7.535164424367904,39.13636911653555,39.13857677902621,5.42991304347826,10351012.166666666,Finance,Multi-Line Insurance,HKEX:6963,HK,42956700.49166667,0.4089144866621708,13.362083693761905,0.41800848294263737,0.8,0.5111431083277135,2.175553045346823,financial_special,True,0.1,0.6111431083277135,watch
2020,ANTA Sports Products Ltd.,76.1,210552058911.0,11.980855820397368,2.606071564574412,24.1578948465741,12.919034907579602,22944036750.0,,38137738077.34251,16.637270096937968,11.792863489284935,12.530782177340773,3.2300593276203,7415774.466666667,Consumer Non-Durables,Apparel/Footwear,HKEX:2020,HK,564340436.9133333,0.49593956329752004,21.7519649985069,0.5507941843975825,0.8,0.6199244541219,9.959186689681266,stable_or_general,True,0.0,0.6199244541219,watch
1478,Q Technology (Group) Co. Ltd.,5.845,6888544997.0,4.330591983403719,0.9520086649890467,24.470044682938,8.11240467414755,-235075630.0,,8855956311.57338,31.138791265049516,216.77946929917633,214.98249708284712,9.54032957502168,7749481.533333333,Electronic Technology,Electronic Components,HKEX:1478,HK,45295719.56233333,0.17697523807233875,21.98333781241602,0.1969942881448073,0.8,0.22121904759042343,10.162248997672895,technology_strict,False,0.4,0.6212190475904235,watch
1651,Precision Tsugami (China) Corp. Ltd.,52.75,18817745117.0,16.157686770606794,4.6869099713454325,32.192536246929,23.5449019144656,1143151900.0,,91787153.7013983,23.92836897851255,42.602679401505554,46.18277884744549,2.9382957884427,1328302.7333333334,Producer Manufacturing,Industrial Machinery,HKEX:1651,HK,70067969.18333334,0.5019078536301455,29.007308025500347,0.5570212429365234,0.8,0.6273848170376818,9.894306546699971,cyclical,True,0.0,0.6273848170376818,watch
2099,China Gold International Resources Corp. Ltd.,259.6,102433312473.0,17.008897566600712,4.98715749312729,33.6205175127488,22.9961853867758,6577560340.0,,3743049675.25,46.106339401700815,163.54051815602756,163.5390406464758,1.06089667182663,3082416.2666666666,Non-Energy Minerals,Precious Metals,HKEX:2099,HK,800195262.8266667,0.5059082615296148,29.320874404701296,0.5800951680988584,0.8,0.6323853269120184,12.788747545058143,cyclical,True,0.0,0.6323853269120184,watch
3998,Bosideng International Holdings Limited,4.345,49972548187.0,11.494708994708994,2.440202404820874,22.6902973751023,14.0336271808393,6247051230.0,,7253272245.8238,8.077352320679388,16.446029820440586,13.718411552346579,7.28754365541327,21081326.433333334,Consumer Non-Durables,Apparel/Footwear,HKEX:3998,HK,91598363.35283333,0.5065913771285322,21.22891850454063,0.5414646531452086,0.8,0.6332392214106652,6.440545253343477,stable_or_general,True,0.0,0.6332392214106652,watch
9961,Trip.com Group Ltd.,325.6,211244580708.0,6.560984308849874,1.1987845002613138,20.0431517579795,12.21458179332,,,35603328537.1008,19.462330160959834,87.33605161616605,86.06849335612947,0.716992619926199,2705079.1666666665,Consumer Services,Other Consumer Services,HKEX:9961,HK,880773776.6666666,0.32734294426712807,18.27141239530655,0.3590846819556883,0.8,0.4091786803339101,8.83962454641194,stable_or_general,False,0.25,0.6591786803339101,watch
6066,"CSC Financial Co., Ltd. Class H",12.28,204594703038.0,6.751704420497031,0.9411375195048451,14.953643553561,1.69432477936504,86683180980.0,,487297682823.293,5.6554114394343555,47.30523573945085,47.30703814691829,3.19397993311037,6186680.566666666,Finance,Investment Managers,HKEX:6066,HK,75972437.35866666,0.45150898483796,13.93925831006036,0.4843661169277661,0.8,0.5643862310474499,6.783532320182117,financial_special,True,0.1,0.6643862310474499,watch
1378,China Hongqiao Group Ltd.,23.4,228399209904.0,7.612726917821589,1.4936290974267452,22.442331849913,11.6700120879165,,,67290553752.0379,6.877135633506964,11.776113156377386,5.0871794871794895,7.09372312983663,34491458.93333333,Non-Energy Minerals,Aluminum,HKEX:1378,HK,807100139.0399998,0.339212830856126,19.620158631069785,0.38800537044416883,0.8,0.4240160385701575,12.575222742970693,cyclical,False,0.25,0.6740160385701575,watch
1179,H World Group Limited,35.8,107678261779.0,20.70800555298473,6.757407194184855,38.0507600511754,7.79155353229896,9040057780.0,,39565057284.7585,13.35011046450848,38.64430062441698,35.125840237611364,4.63123176206509,2113035.2666666666,Consumer Services,Hotels/Resorts/Cruise lines,HKEX:1179,HK,75646662.54666665,0.5442205497376142,32.63185909862228,0.6345947219985093,0.8,0.6802756871720178,14.241242343819449,cyclical,True,0.0,0.6802756871720178,watch
1681,Consun Pharmaceutical Group Ltd.,13.61,11234677548.0,8.810772318249498,2.0815617371940363,25.5812880500079,18.0274101202991,,,265210933.150588,15.047188942407766,20.573157228218687,20.972668180750258,5.34016093635699,1763514.9666666666,Health Technology,Pharmaceuticals: Major,HKEX:1681,HK,24001438.69633333,0.3444225443623343,23.625190414721732,0.37293973777917905,0.8,0.4305281804529179,7.646595556338919,health_special,False,0.25,0.680528180452918,watch
1318,"Mao Geping Cosmetics Co., Ltd. Class H",50.4,35279896544.0,16.42978224018777,4.308126802532221,29.3004445555415,24.300789652431,1301336250.0,,104905072.434934,32.223519859219564,31.749800285307444,30.536170212765956,2.3237067209776,3053046.6333333333,Consumer Non-Durables,Household/Personal Care,HKEX:1318,HK,153873550.32,0.5607349133916283,26.22144797509492,0.6265779927863917,0.8,0.7009186417395353,10.508361313802183,stable_or_general,True,0.0,0.7009186417395353,watch
1910,Samsonite Group S.A.,12.51,16941085406.999998,8.552091878589007,1.3300558602197408,17.723640066972,5.01604210284121,3851009140.0,,18325302440.1221,1.2738061782196628,-10.986337786593156,-9.216160863898706,6.57799671592775,4042393.2666666666,Consumer Durables,Other Consumer Specialties,HKEX:1910,HK,50570339.765999995,0.4825245743128032,15.552403775615003,0.5498887504449982,0.8,0.603155717891004,12.250509958183443,stable_or_general,True,0.1,0.703155717891004,watch
1882,Haitian International Holdings Limited,18.0,28791841461.0,8.110665525165592,1.07005915049193,14.017008583516303,9.01325015859404,2419436530.0,,4147737609.16821,7.743758989509695,0.3293853329564221,0.33001808318263387,4.43458980044346,3169520.2333333334,Producer Manufacturing,Industrial Machinery,HKEX:1882,HK,57051364.2,0.5786302745582648,13.193234848259669,0.614759429241531,0.8,0.7232878431978309,5.876958199379089,cyclical,True,0.0,0.7232878431978309,watch
2666,Genertec Universal Medical Group Company Limited,4.645,9235129241.0,3.78318944453494,0.4055111098695031,11.5789453287607,2.52719297280532,1229319650.0,,59202439698.846,-0.34389061390419806,7.264090769193373,6.774502130620061,7.85169029443839,6341085.933333334,Finance,Finance/Rental/Leasing,HKEX:2666,HK,29454344.16033333,0.32673005503687413,10.718762985958579,0.35295019112661247,0.8,0.40841256879609267,7.428848814628486,financial_special,True,0.32999999999999996,0.7384125687960926,watch
1133,Harbin Electric Co. Ltd. Class H,16.58,36451296831.0,9.95018904158915,1.7082111588018205,18.9305940146577,3.9523151047633807,7049798220.0,,7597429619.07465,13.477776996242996,55.89041902764082,55.889231920666106,2.49501840490798,5438917.166666667,Producer Manufacturing,Electrical Products,HKEX:1133,HK,90177246.62333333,0.5256142006893632,17.167625174375594,0.579590300960252,0.8,0.6570177508617039,9.31280254025343,cyclical,True,0.1,0.7570177508617039,watch
1024,Kuaishou Technology Class B,33.66,143052486602.0,8.459837136825172,1.5318835204194245,20.3330855425658,8.74060216587576,,,74292253677.0124,11.31210309805611,0.7153043130117971,-0.7136796925687358,2.10622710622711,52393051.53333333,Commercial Services,Advertising/Marketing Services,HKEX:1024,HK,1763550114.6119998,0.4160626344248212,18.107718808808105,0.4671950799628095,0.8,0.5200782930310265,10.944559934590625,hybrid_platform,False,0.25,0.7700782930310265,watch
1038,CK Infrastructure Holdings Limited,65.05,155255467529.0,6.512032995635286,1.1079686021626252,18.4253294289898,14.358942176861,,,31269000000.0,-9.356477561388655,208.74631992149168,208.74698646226128,4.01538461538462,1482227.8,Utilities,Electric Utilities,HKEX:1038,HK,96418918.39,0.35342830752265786,17.014173652148955,0.3827416557966535,0.8,0.4417853844033223,7.6587817996924485,stable_or_general,False,0.33,0.7717853844033223,watch
1208,MMG Ltd.,9.22,123068720582.0,13.97816858702244,2.635806951440546,22.4369837665263,6.36405946416614,18177005580.0,,24352702070.0,48.10534458847126,122.67230409088414,107.09576138147565,0.0,56458054.466666676,Non-Energy Minerals,Other Metals/Minerals,HKEX:1208,HK,520543262.1826668,0.6229967776629783,18.85659723611913,0.7412879647367004,0.8,0.7787459720787229,15.957521597661195,cyclical,True,0.0,0.7787459720787229,watch
1999,Man Wah Holdings Limited,3.055,11743271087.0,6.5389554794520555,0.8353887634058705,13.478910261337202,8.49589861527141,1070727000.0000001,,4840131000.0,-2.8007114157473696,-12.129930083966157,-12.163940590336535,7.85597381342062,5989726.7,Consumer Durables,Home Furnishings,HKEX:1999,HK,18298615.0685,0.48512493611656005,12.775568912053116,0.5118328212595585,0.8,0.6064061701457,5.218087632065805,stable_or_general,True,0.18,0.7864061701456999,watch
590,Luk Fook Holdings (International) Limited,21.98,12669786022.0,6.307935141340221,0.8594861383420755,14.500206521471402,10.1847526641997,-102938000.0,,4751020000.0,28.96230838160763,86.00399685779333,85.99871890680049,7.27525486561631,1634080.5333333334,Retail Trade,Specialty Stores,HKEX:590,HK,35917090.12266667,0.4350238137642833,13.62547520042294,0.46295157038959056,0.8,0.543779767205354,6.032543879655716,stable_or_general,False,0.25,0.793779767205354,watch
3908,China International Capital Corp. Ltd. Class H,21.9,155420601096.0,6.893078593686066,0.8773500662819946,12.238797938014,1.58956234288085,117386045290.0,,453253879309.79596,20.315056894342632,82.47151503772471,82.46611532276589,1.70638157894737,14557830.3,Finance,Investment Banks/Brokers,HKEX:3908,HK,318816483.57,0.5632153278939264,12.727985824586872,0.5415686887685391,0.8,0.7040191598674079,3.9970255988412084,financial_special,True,0.1,0.8040191598674079,watch
2669,China Overseas Property Holdings Limited,3.575,11658059438.0,8.080922242314648,1.6290429885078423,21.7995170526981,9.84452237345868,,,111080106.05934499,10.958557347443662,-12.746578996422508,-12.75882468941037,5.35211267605634,6552753.3,Finance,Real Estate Development,HKEX:2669,HK,23426093.0475,0.3706927186863748,20.159122185059285,0.400856851212685,0.8,0.4633658983579685,7.524913802784383,financial_special,False,0.35,0.8133658983579685,watch
6881,"China Galaxy Securities Co., Ltd. Class H",7.98,133716407647.00002,6.145552560646901,0.625201251342655,10.7242353689153,1.36390150506656,167206872130.0,,505204330330.82904,16.59450642387833,20.50999469718045,20.51044083526683,5.02525714285714,17075533.0,Finance,Investment Banks/Brokers,HKEX:6881,HK,136262753.34,0.5730527491461138,10.173230888075658,0.6040905419585318,0.8,0.7163159364326422,5.137937222421973,financial_special,True,0.1,0.8163159364326422,watch
142,First Pacific Co. Ltd.,5.095,21434997417.0,4.876998181296066,0.6232385407288528,12.9873021805836,1.8786259502868903,12525644350.0,,102599108560.0,4.56744628688281,-19.723061457609433,-20.081089351285186,5.26315789473684,3048678.633333349,Miscellaneous,Miscellaneous,HKEX:142,HK,15533017.636833413,0.37552049790504777,12.77914236505265,0.3816373620371646,0.8,0.4694006223813097,1.6027948887040955,stable_or_general,True,0.35,0.8194006223813097,watch
883,CNOOC Limited,25.06,1216453211877.0,7.666656468932603,1.2039076555747985,16.78691704247,11.8794110184119,,,78690939429.304,10.531513069035286,12.717803724573292,12.725454357347305,5.17380759902991,60361007.966666594,Energy Minerals,Integrated Oil,HKEX:883,HK,1512646859.6446648,0.45670425662653674,15.703164220979026,0.4882236701498762,0.8,0.5708803207831709,6.455937196503303,cyclical,False,0.25,0.8208803207831709,watch
6693,Chifeng Jilong Gold Mining Group Limited Class H,42.2,97442603948.0,19.242168619761983,4.805086559876844,28.248859151301904,15.0641777734108,3395472040.0,,917624570.653548,47.35219724941116,77.30168902633717,77.30616864742498,0.856323185011709,8633508.6,Non-Energy Minerals,Precious Metals,HKEX:6693,HK,364334062.92,0.6811662204374427,24.971647712004515,0.7705606310676799,0.8,0.8514577755468034,11.601216961522331,cyclical,True,0.0,0.8514577755468034,watch
6806,"Shenwan Hongyuan Group Co., Ltd. Class H",2.62,125835808979.0,5.352400408580184,0.49367734981939326,9.73769895146278,1.44102396090559,19081279320.0,,474882554457.535,-3.0277411277397657,54.197684088674905,54.22180214240705,4.8484046692607,8514278.066666666,Finance,Investment Banks/Brokers,HKEX:6806,HK,22307408.53466667,0.5496576178067362,9.223475676969198,0.5803018944306431,0.8,0.6870720222584201,5.280747300329458,financial_special,True,0.18,0.8670720222584201,watch
2691,"Nanhua Futures Co., Ltd. Class H",7.08,13628574304.0,6.987071943156025,0.7472090475617555,12.6165713014253,1.03252839370776,19424030080.0,,1591406399.54003,-71.16680780017711,45.508602427219614,,0.825916981132076,2583623.3333333335,Finance,Investment Banks/Brokers,HKEX:2691,HK,18292053.200000003,0.5538011696067292,10.694165648224956,0.6533536297257332,0.8,0.6922514620084115,15.237148090964837,financial_special,True,0.18,0.8722514620084114,watch
999,Xiaocaiyuan International Holding Ltd.,7.59,8729769577.0,12.851337622756517,3.209234477072366,25.8145146964274,15.5930643871414,,,1541021651.3543801,,,,7.76415094339623,2629422.7333333334,Consumer Services,Restaurants,HKEX:999,HK,19957318.546,0.49783378745969914,24.971987907232407,0.5146301395987183,0.8,0.6222922343246239,3.2637715607010676,stable_or_general,False,0.25,0.8722922343246239,watch
168,"Tsingtao Brewery Co., Ltd. Class H",40.5,67118861413.00001,10.5934974235568,1.5248304520312812,15.1042625827292,8.50331182366777,3996805020.0,,381892773.60412097,1.0755101175886925,5.030766113743941,5.035990988515853,6.82162708438605,3749097.433333333,Consumer Non-Durables,Beverages: Alcoholic,HKEX:168,HK,151838446.04999998,0.7013581342044342,14.394022965829114,0.7359650216416478,0.8,0.8766976677555427,4.702246223607109,stable_or_general,True,0.0,0.8766976677555427,watch
9981,"Shenzhen Woer Heat-Shrinkable Material Co., Ltd. Class H",9.9,13573015857.050001,10.664655822471184,1.293309539921461,15.0743783127858,8.47368396246638,215879340.0,,3897650979.35573,22.247131324046006,21.068444607753538,8.712964047312335,1.92010152284264,1516760.0,Producer Manufacturing,Electrical Products,HKEX:9981,HK,15015924.0,0.7074690313049677,12.127063089990829,0.8794096100046965,0.8,0.8843362891312097,19.5518193960617,cyclical,True,0.0,0.8843362891312097,watch
2507,Cirrus Aircraft Limited,45.94,16740328329.0,13.281295172015032,2.309291202424906,18.5600255280569,10.6442541410917,1269759400.0,,216056319.55,14.044373337919208,8.271381217035776,8.269688243395525,2.04897245299519,887519.1333333333,Electronic Technology,Aerospace & Defense,HKEX:2507,HK,40772628.98533333,0.7155860401128169,17.38754520937691,0.7638395766673595,0.8,0.8944825501410211,6.317234407396544,technology_strict,True,0.0,0.8944825501410211,watch
2799,"China CITIC Financial Asset Management Co., Ltd. Class H",0.685,52962810565.0,4.497701904136573,0.7211285398462997,17.1825311207068,1.01632875474411,-23400255750.0,,1189338006718.81,-17.563932033356963,18.124124588362502,18.153607447633828,0.0,60214121.63333333,Finance,Investment Managers,HKEX:2799,HK,41246673.318833336,0.26176014887098664,16.033266659648383,0.28052311482201775,0.8,0.3272001860887333,6.68856324475634,financial_special,False,0.5800000000000001,0.9072001860887333,watch
303,VTech Holdings Limited,50.2,12601617611.0,12.148786331405338,2.5055126268852486,20.7492096904964,10.2374935389482,721847170.0,,994137360.0,-6.746215076510219,-14.364563832231205,-14.488224825131407,8.33850160901046,696012.4666666667,Consumer Durables,Recreational Products,HKEX:303,HK,34939825.82666667,0.5855059789081871,20.623563198311825,0.5890731012185032,0.8,0.7318824736352338,0.6055483271834139,stable_or_general,True,0.18,0.9118824736352338,watch
3968,"China Merchants Bank Co., Ltd. Class H",53.35,1226994646269.0,7.937216395149893,1.0167180075909863,13.4714129689598,1.13775242116416,207907296800.0,,2219987574682.6304,-0.16480118217563386,5.691823338493559,5.6922714049846705,4.37739113680154,12100460.56666668,Finance,Major Banks,HKEX:3968,HK,645559571.2316674,0.5891895982580636,12.809503445216146,0.6196349787558811,0.8,0.7364869978225794,4.913437998440074,financial_special,True,0.18,0.9164869978225794,watch
6690,"Haier Smart Home Co., Ltd. Class H",21.62,218633828153.0,9.953042997882331,1.4658143880326628,15.1372927277349,5.78729124627148,17950448640.0,,84365738119.5501,0.5890393739793509,-8.946596767986561,-7.186805674243706,6.23286591123702,13082725.9,Consumer Durables,Electronics/Appliances,HKEX:6690,HK,282848533.958,0.6575180368710274,14.727298860705597,0.6758227080213861,0.8,0.8218975460887842,2.708501938910801,stable_or_general,True,0.1,0.9218975460887842,watch
1299,AIA Group Limited,77.5,799795653841.0,12.9979035639413,2.5030610013729695,19.6090421761971,2.31248619936695,11038209320.0,,165914251850.0,13.30966599528326,32.3955451642572,36.57290759998168,2.49780077619664,30100878.2,Finance,Multi-Line Insurance,HKEX:1299,HK,2332818060.5,0.6628525476741088,19.257420929917846,0.6749555722567233,0.8,0.828565684592636,1.793158702601394,financial_special,True,0.1,0.928565684592636,watch
175,Geely Automobile Holdings Limited,17.28,186815047141.0,10.006369795587469,1.7147790534975342,17.9748774820255,5.75584051514803,,,8652988053.164999,34.63497177287369,12.951400374586427,6.690967502780184,2.90360046457607,44649809.93333333,Consumer Durables,Motor Vehicles,HKEX:175,HK,771548715.648,0.5566863977567373,17.136874696093123,0.5839086748920869,0.8,0.6958579971959217,4.662077873801163,cyclical,False,0.25,0.9458579971959217,watch
3606,"Fuyao Glass Industry Group Co., Ltd. Class H",56.35,166905872969.0,15.544827586206896,3.332458082585822,22.7425379801769,11.9014808123063,6400991160.0,,29266652182.3678,13.0566599339307,-0.40550323627570173,-0.40661574811803247,4.24930027051398,2957310.6333333333,Consumer Durables,Home Furnishings,HKEX:3606,HK,166644454.18833333,0.6835133176321944,21.437729457628404,0.725115391391201,0.8,0.854391647040243,5.737303917820469,stable_or_general,True,0.1,0.9543916470402429,watch
6030,CITIC Securities Co. Ltd. Class H,27.28,488225021892.0,9.358490566037736,1.1839537806664862,13.5192838633201,1.7870448730641701,26741318350.0,,928562433917.665,101.97625198426337,67.41661064721654,67.41327819894325,2.95589619118745,13814402.000000002,Finance,Investment Banks/Brokers,HKEX:6030,HK,376856886.56000006,0.6922327144434597,12.651119027283018,0.739736188226156,0.8,0.8652908930543246,6.421677692503714,financial_special,True,0.1,0.9652908930543246,watch
6049,"Poly Property Services Co., Ltd. Class H",28.76,15670401763.0,8.897138437741686,1.2848204892235457,15.3907842880511,8.70048917887383,,,103302083.171221,7.890308891151145,9.01460627489196,8.648158107018011,5.67464689265537,638258.0,Finance,Real Estate Development,HKEX:6049,HK,18356300.080000002,0.5780821997907627,14.440828342889818,0.6161099783533083,0.8,0.7226027497384533,6.1722387071514895,financial_special,False,0.25,0.9726027497384533,watch
6099,"China Merchants Securities Co., Ltd. Class H",15.76,179497073892.0,7.116409283843583,0.9427974403288784,14.1663588764436,2.20833566992993,-21489779030.0,,437823909787.755,97.85056393359373,74.02779873077507,74.02168788307402,4.18122977346278,5735827.466666667,Finance,Investment Managers,HKEX:6099,HK,90396640.87466666,0.502345687124801,13.24821834614425,0.5371597220025239,0.8,0.6279321089060012,6.481132790064137,financial_special,False,0.35,0.9779321089060011,watch
6198,Qingdao Port International Co Ltd Class H,7.27,66018739396.00001,8.124720607957084,0.8650755780953819,11.3017477233974,7.48210377733743,2964039650.0,,5901739023.68541,6.41820532031227,-0.982918474167119,-0.9738822487826383,5.34629120879121,2488184.0,Transportation,Other Transportation,HKEX:6198,HK,18089097.68,0.7188906359267702,10.647450168909876,0.7630672582700542,0.8,0.8986132949084626,5.789348430888863,stable_or_general,True,0.1,0.9986132949084626,watch
921,Hisense Home Appliances Group Co. Ltd. Class H,22.56,39766357655.0,10.020876826722338,1.5484944392164453,16.43522103119,3.5926252037109,3271636320.0,,25187690662.417,-5.250751782642988,-15.66582501309435,-16.027601641178663,6.55892025089606,675889.5333333333,Consumer Durables,Electronics/Appliances,HKEX:921,HK,15248067.872,0.6097196263868422,15.452684091347445,0.6484877816361634,0.8,0.7621495329835527,5.97823989089007,stable_or_general,True,0.28,1.0421495329835526,watch
1258,China Nonferrous Mining Corp. Ltd.,16.56,64578690981.0,14.3837401198645,2.9879615462340134,22.4432297635746,10.9747019563844,,,677380594.9,10.774663550691596,30.256353859451234,30.267028739533824,1.9638670694864,15892115.566666666,Non-Energy Minerals,Other Metals/Minerals,HKEX:1258,HK,263173433.78399998,0.6408943931594612,20.773189179826204,0.692418482080412,0.8,0.8011179914493264,7.441177590485982,cyclical,False,0.25,1.0511179914493263,watch
1368,Xtep International Holdings Limited,3.43,9711819320.0,6.988590057049715,0.7540533113492718,12.3640994800582,7.2998637428429,,,2719133236.62192,10.471950602549983,-4.978086279049862,-8.976261127596437,7.60719225449516,10454588.033333333,Consumer Non-Durables,Apparel/Footwear,HKEX:1368,HK,35859236.954333335,0.5652324351095255,10.789777411376752,0.6477047477996105,0.8,0.7065405438869068,12.733010367804287,stable_or_general,False,0.35,1.0565405438869067,watch
2259,Zijin Gold International Company Limited,162.9,428749556579.0,22.037933926783733,5.952922578021108,38.9176811113979,23.8305003135569,,,4004401675.6,106.34666584316497,222.5563956903622,216.24026696329253,1.87265917602996,9713291.566666666,Non-Energy Minerals,Precious Metals,HKEX:2259,HK,1582295196.21,0.5662704790581533,27.012162745375342,0.8158522564268488,0.8,0.7078380988226916,30.591540980934163,cyclical,False,0.35,1.0578380988226916,watch
991,"Datang International Power Generation Co., Ltd. Class H",2.605,96685371575.0,5.972031178358551,0.49844725547861457,12.1256682297527,2.16092400816039,,,203432032039.601,3.1974489756315685,59.244582503820645,59.255202628696615,6.51851851851852,25638634.8,Utilities,Electric Utilities,HKEX:991,HK,66788643.654,0.4925115107227661,8.34636056966494,0.7155251835229899,0.8,0.6156393884034576,31.167829998964436,stable_or_general,False,0.44999999999999996,1.0656393884034574,watch
1171,Yankuang Energy Group Company Limited Class H,13.3,205069696653.0,10.196258816314014,1.5171823755881935,17.2183842656113,2.77810757716118,-2165395670.0,,202616672186.256,32.88814842523928,6.7976569414927,6.5251122907309185,4.2827899924185,29041285.333333366,Energy Minerals,Coal,HKEX:1171,HK,386249094.93333375,0.5921727996672759,14.879794667046914,0.685241903162471,0.8,0.7402159995840948,13.581934068198464,cyclical,False,0.35,1.0902159995840948,watch
340,Tongguan Gold Group Ltd.,3.55,18597921631.0,17.47047244094488,3.865502297523901,25.4954589441576,15.090645558923402,,,748286000.046906,64.96150776724275,118.8037408151505,83.22813345356175,0.914285714285714,20782970.733333334,Non-Energy Minerals,Precious Metals,HKEX:340,HK,73779546.10333334,0.6852385940261067,22.125917376249483,0.7895931338737678,0.8,0.8565482425326333,13.21624205819707,cyclical,False,0.25,1.1065482425326332,watch
2768,"Qingdao Gon Technology Co., Ltd. Class H",37.86,25758542082.0,12.811749179384792,2.0082973553174526,18.475489493048,5.44831062407165,-1320295670.0,,14013067516.3085,21.24961692524004,59.71930544609355,,1.01581109366824,1241047.1999999997,Process Industries,Chemicals: Specialty,HKEX:2768,HK,46986046.99199999,0.6934457235466279,15.675434534333345,0.8173138136186066,0.8,0.8668071544332848,15.155511629438923,cyclical,False,0.25,1.116807154433285,watch
2722,Chongqing Machinery & Electric Co. Ltd. Class H,1.81,6706044889.0,6.418439716312058,0.6130813264234665,10.3660009775651,4.53622194967294,,,4388600903.6608,19.904922593474357,67.16344859066706,67.16064018968582,4.07730769230769,8350384.9,Producer Manufacturing,Industrial Machinery,HKEX:2722,HK,15114196.669000002,0.6191818552017639,9.551874809470581,0.6719560132790103,0.8,0.7739773190022049,7.853811415381062,cyclical,False,0.35,1.1239773190022049,watch
2057,"ZTO Express (Cayman), Inc. Class A",164.9,120514637640.0,11.542849942950742,1.7043987544762431,16.0392099056169,10.5973945602568,,,25471976714.4383,21.236339993748004,22.67170469572305,25.451368154835073,3.12654613003096,1486995.6666666667,Transportation,Air Freight/Couriers,HKEX:2057,HK,245205585.43333337,0.7196644978695901,14.765840003985543,0.781726602742217,0.8,0.8995806223369875,7.93910615999498,stable_or_general,False,0.25,1.1495806223369875,watch
6886,"Huatai Securities Co., Ltd. Class H",18.07,195440678727.0,7.575567014631283,0.7890664300486278,11.3335744444422,1.7317889823849801,-28317508850.0,,639141605922.847,123.02930271819316,21.242612018128433,18.15434911828808,3.55690028490029,7999298.8,Finance,Investment Banks/Brokers,HKEX:6886,HK,144547329.31599998,0.6684181633752992,10.41593887988374,0.7273052484267112,0.8,0.835522704219124,8.096612141710102,financial_special,False,0.35,1.185522704219124,watch
3877,CSSC (Hong Kong) Shipping Company Limited,2.33,14239660793.0,7.9603689784762555,0.9196872273995745,12.9678216631721,4.60318866460148,,,25315019000.0626,-3.094555518842246,4.14946415234328,-3.748766853008868,4.35729847494553,8836638.0,Transportation,Marine Shipping,HKEX:3877,HK,20589366.54,0.6138555252562784,11.553324096989506,0.6890111375435681,0.8,0.7673194065703479,10.907749990113535,cyclical,False,0.43000000000000005,1.1973194065703479,watch
2858,Yixin Group Ltd.,1.205,7691107751.0,5.512351326623971,0.40748004869471127,8.13097210271493,2.55147742894508,-2683393290.0,,37477888985.616196,17.676157608569955,47.905982471391454,45.733333333333334,8.69565217391305,26980905.233333334,Finance,Finance/Rental/Leasing,HKEX:2858,HK,32511990.80616667,0.6779449316747008,7.392127688353848,0.7457056424104487,0.8,0.847431164593376,9.086790669400791,financial_special,False,0.35,1.197431164593376,watch
576,Zhejiang Expressway Co. Ltd. Class H,6.15,36772118929.0,6.345439537763104,0.6247828498631574,10.6114435683766,1.7202080651227203,,,137433054236.67702,21.405742195705873,-3.333662402974825,-3.40841140123581,7.35024630541872,8107673.99999999,Transportation,Other Transportation,HKEX:576,HK,49862195.09999994,0.5979808022231103,9.84617135101418,0.6444575573133317,0.8,0.7474760027788879,7.211763530864235,stable_or_general,False,0.44999999999999996,1.1974760027788878,watch
902,"Huaneng Power International, Inc. Class H",5.62,114917779350.0,8.399342400239126,1.083469570313705,13.4501949475253,1.51212808763724,,,463297428238.253,-3.2281598658516595,7.253434924908728,7.26194293042642,7.9920913884007,26386940.066666666,Utilities,Electric Utilities,HKEX:902,HK,148294603.17466667,0.6244773724848144,12.899457108485766,0.6511392169143081,0.8,0.780596715606018,4.094645774192784,stable_or_general,False,0.43000000000000005,1.210596715606018,watch
2588,BOC Aviation Limited,73.1,49899342703.0,8.094700241401457,0.9206194320470773,11.8110424821833,2.99289418457565,-20322404990.0,,144686896860.85,-1.720224084318974,-0.06191074649957785,-0.06197295323254669,4.9326842837274,952232.7666666667,Finance,Finance/Rental/Leasing,HKEX:2588,HK,69608215.24333332,0.6853501927211028,11.373113328378025,0.7117400493322861,0.8,0.8566877409013784,3.7077942481866466,financial_special,False,0.53,1.3866877409013785,watch
ALL,Allstate Corporation (The),261.36,66086951682.75687,5.219412636346571,2.0943761001364356,46.1077325571322,11.9269467787115,12249000000.0,,7492000000.0,5.918330363345314,128.54689110271386,135.47341938821094,1.6114932917791,1590071.8666666667,Finance,Multi-Line Insurance,NYSE:ALL,US,415581183.072,0.11320037544416621,40.126662635404024,0.13007342982322803,1.0,0.11320037544416621,12.971945463414459,financial_special,True,0.0,0.11320037544416621,priority
HMY,Harmony Gold Mining Company Limited,20.385,12819339481.487999,7.283999142428358,2.780665067971813,48.1166999268439,29.137685369431704,960832870.0,,578157413.0567421,49.715777730405755,121.37391819315222,121.88218504717354,1.57001926782274,3460499.933333333,Non-Energy Minerals,Precious Metals,NYSE:HMY,US,70542291.141,0.15138193503508907,38.174977970203166,0.19080558862702582,1.0,0.15138193503508907,20.661687047856603,cyclical,True,0.0,0.15138193503508907,priority
MCY,Mercury General Corporation,105.43,5839623419.467516,6.233150451686138,2.0591012646979268,38.9915185072506,9.76396250922205,1263765000.0,,962128000.0,9.950250653700204,140.18196827219867,140.13856550627523,1.1975483262612,267658.1666666667,Finance,Property/Casualty Insurance,NYSE:MCY,US,28219200.51166667,0.15985913578941693,33.0346793432672,0.18868505993101203,1.0,0.15985913578941693,15.277268985755722,financial_special,True,0.0,0.15985913578941693,priority
PBR,Petroleo Brasileiro S.A. Petrobras,20.145,125885671307.849,5.095098386362486,1.3971333279237328,30.685982529677503,11.0211924445216,18257156170.0,,70814633062.5296,20.81710009340769,86.33582928701784,86.33300344031292,5.77671379814724,18269181.433333334,Energy Minerals,Integrated Oil,NYSE:PBR,US,368032659.9745,0.16603992984206503,27.42112559913058,0.1858092355816361,1.0,0.16603992984206503,10.639571105110823,cyclical,True,0.0,0.16603992984206503,priority
INSW,"International Seaways, Inc.",103.6845,5135629111.289349,6.621188415977522,2.2665547720405668,37.4116050605098,28.1160566183888,269317000.0,,652766000.0,57.663130697337884,226.3704224998115,225.71030408918836,8.14749608763694,507540.13333333336,Transportation,Marine Shipping,NYSE:INSW,US,52624044.95460001,0.17698220659788225,34.231842225953976,0.19342191320797378,1.0,0.17698220659788225,8.499402336288032,cyclical,True,0.0,0.17698220659788225,priority
DHT,"DHT Holdings, Inc.",20.8741,3365647718.490118,7.101241707773431,2.5313476202487433,39.1763532556201,29.257388411867403,36254000.0,,434804000.0,39.41599357538878,148.85901598008007,148.6465911013365,12.1347201584943,3101403.966666667,Transportation,Marine Shipping,NYSE:DHT,US,64739016.540596664,0.18126346935455795,35.64654921515745,0.1992125988103745,1.0,0.18126346935455795,9.01003729834471,cyclical,True,0.0,0.18126346935455795,priority
TNK,Teekay Tankers Ltd.,93.22,3232880133.0580416,5.493838438010148,1.3607056752169837,28.035629634786304,25.454386756584803,366917000.0,,27801000.0,19.33065185574672,111.74610668784113,110.68178149716286,1.08896874659697,445058.76666666666,Transportation,Marine Shipping,NYSE:TNK,US,41488378.22866666,0.19595916016786916,24.767850212024566,0.22181329388623885,1.0,0.19595916016786916,11.655808930744016,cyclical,True,0.0,0.19595916016786916,priority
GAP,"Gap, Inc. (The)",22.17,7787658256.059141,6.623446462715106,1.969544463998735,33.7757313109426,9.97520198384129,957000000.0,,5720000000.0,1.054991428194646,40.26996625421822,43.84185646755479,3.04659498207885,7165850.166666667,Retail Trade,Apparel/Footwear Retail,NYSE:GAP,US,158866898.19500002,0.19610075653844553,29.735946007652526,0.22274207993956427,1.0,0.19610075653844553,11.960615348634274,stable_or_general,True,0.0,0.19610075653844553,priority
ECO,Okeanis Eco Tankers Corp.,71.09,2726213431.590426,6.629118137990843,3.163130596046999,61.5919910455297,29.4350134271386,44692060.0,,722493783.004812,105.24219735077509,498.5632077171379,413.8920835729346,13.7291546866015,527828.7,Transportation,Marine Shipping,NYSE:ECO,US,37523342.283,0.10762954769704557,47.71570713032552,0.13892947493966268,1.0,0.10762954769704557,22.52936409369626,cyclical,True,0.1,0.20762954769704556,priority
STNG,Scorpio Tankers Inc.,81.255,4069360306.744352,5.115653881991488,1.1556072730086093,24.6193235920985,18.9542154363658,657566000.0,,728875000.0,32.68443204491772,127.4112495264413,116.30646457218342,2.20946198976407,748192.0666666667,Transportation,Marine Shipping,NYSE:STNG,US,60794346.377,0.20779018817695472,22.589629784701923,0.22646027981635602,1.0,0.20779018817695472,8.244311830110561,cyclical,True,0.0,0.20779018817695472,priority
SLDE,"Slide Insurance Holdings, Inc.",24.54,2866559600.2660737,5.977493057923709,2.3736174452177026,53.8821006380406,20.8616096548209,1034559000.0,,38650000.0,41.43171092857332,117.73629258163724,-59.701990655306446,0.283057015770319,983268.7333333333,Technology Services,Packaged Software,NASDAQ:SLDE,US,24129414.716,0.11093652599178024,39.70924637162493,0.15053151606007442,1.0,0.11093652599178024,26.30345531927848,technology_strict,True,0.1,0.21093652599178025,priority
OGC,OceanaGold Corporation,30.1501,6706814882.109298,8.166049497742224,2.6478183468377536,37.6100485264861,26.9038269395039,705945475.8399999,,50039880.0,49.39741703752898,118.47789178000197,128.69531122729933,0.976230205625148,517890.20000000024,Non-Energy Minerals,Precious Metals,NYSE:OGC,US,15614441.319020007,0.21712414149084255,32.42471586254567,0.2518464473940068,1.0,0.21712414149084255,13.787093787684901,cyclical,True,0.0,0.21712414149084255,priority
TRMD,TORM plc,35.0201,3567628841.3541102,5.902178151672561,1.4112247299753224,26.663962855241703,17.2098323301499,186996282.852,,1072316209.4432873,20.287134246724882,71.82541149575744,64.44948987550526,7.04691056910569,601114.8333333334,Transportation,Marine Shipping,NASDAQ:TRMD,US,21051101.574816667,0.22135412443061847,23.9102360808172,0.24684733901091774,1.0,0.22135412443061847,10.327522541845891,cyclical,True,0.0,0.22135412443061847,priority
CGAU,Centerra Gold Inc.,22.68,4436379192.607929,7.430553808217799,2.054929400888994,32.593378769211,23.3006990594128,131458356.47999999,,45707085.599999994,36.2340457551393,707.0369164524052,776.8864473652648,0.881057268722467,1667285.1333333333,Non-Energy Minerals,Precious Metals,NYSE:CGAU,US,37814026.824,0.22797740181625464,27.655131150740754,0.26868626179047317,1.0,0.22797740181625464,15.151076092593119,cyclical,True,0.0,0.22797740181625464,priority
CSTM,Constellium SE,26.95,3652472542.9267364,6.933189267062849,2.9313583555677862,53.8005923000067,9.52963804859117,221702000.0,,1923000000.01281,25.941747231308838,1903.890854823565,1921.372854914197,0.0,1500229.8666666667,Non-Energy Minerals,Aluminum,NYSE:CSTM,US,40431194.906666666,0.12886827023021427,42.28008558043614,0.16398238489543115,1.0,0.12886827023021427,21.41334551733015,cyclical,True,0.1,0.22886827023021428,priority
FRO,Frontline Plc,46.835,10426542833.720499,7.01395752837931,3.3046112857044077,53.8422866862181,24.9372644218018,688973000.0,,2434842000.0,48.84009857969576,524.545416351567,524.5230078563412,6.89123734037869,2105025.6666666665,Transportation,Marine Shipping,NYSE:FRO,US,98588877.09833333,0.1302685669584434,47.114788938107424,0.1488695521398436,1.0,0.1302685669584434,12.494821751009887,cyclical,True,0.1,0.23026856695844342,priority
HON,Honeywell International Inc.,207.68,65822101254.49463,7.679308980517008,3.550849661491251,49.8960498960499,11.0937770844167,4148000000.0,,34955000000.0,-2.4080418094071168,50.83085534371173,53.73390557939914,3.77594759909454,2940633.899999996,Producer Manufacturing,Industrial Machinery,NASDAQ:HON,US,610710848.3519993,0.1539061508178617,46.23918207354369,0.16607795891162222,1.0,0.1539061508178617,7.328972594272864,cyclical,True,0.08,0.2339061508178617,priority
HCI,"HCI Group, Inc.",187.82,2336268084.3561497,8.093945270415858,2.1688031375244283,33.7631072523805,14.4091222257919,411911000.0,,67465000.0,22.82749056664624,115.36673374505585,105.64880625321256,0.8424599831508,151538.0,Finance,Property/Casualty Insurance,NYSE:HCI,US,28461867.16,0.23972749930607132,26.79537685350568,0.3020649910865842,1.0,0.23972749930607132,20.63711241619668,financial_special,True,0.0,0.23972749930607132,priority
ECPG,Encore Capital Group Inc,97.055,2058475008.739193,7.345973357553739,1.9082292250157245,30.5424451862775,5.60693204733184,125139000.0,,4179515000.0000005,28.841635058696628,,,0.0,354004.9,Finance,Finance/Rental/Leasing,NASDAQ:ECPG,US,34357945.56950001,0.24051687128358118,25.97653343043403,0.282792674289142,1.0,0.24051687128358118,14.949398216141851,financial_special,True,0.0,0.24051687128358118,priority
CENX,Century Aluminum Company,46.835,4636350749.078089,8.103922620386552,3.304361814037135,56.73325499412451,25.0202110238179,151200000.0,,480000000.0,9.666543316475472,413.18027210884355,419.861473419088,0.0,1956490.3666666667,Non-Energy Minerals,Aluminum,NASDAQ:CENX,US,91632226.32283333,0.14284254660209117,40.77484409493929,0.19874809579939895,1.0,0.14284254660209117,28.12884771169558,cyclical,True,0.1,0.24284254660209117,priority
RBGLY,Reckitt Benckiser Group Plc.,13.87,43601795350.505005,11.716506166582192,5.852246596034649,47.8840051521705,11.7078826556508,2102008750.0,,13488841750.0,1.1450505682038803,139.63067590725547,142.13540601349968,3.80260070394511,466926.8666666666,Consumer Non-Durables,Household/Personal Care,OTC:RBGLY,US,6476275.6406666655,0.24468517471227244,49.94873482614145,0.23457062941362386,1.0,0.24468517471227244,4.311940213458421,stable_or_general,True,0.0,0.24468517471227244,priority
DRD,DRDGOLD Limited,28.58,2500217363.682,9.83550141097116,3.187384292820021,39.5687673664087,28.8337809763554,130619409.99999999,,695546.0646735821,52.86594362757796,105.12246738669795,104.28852643419573,1.41994596420128,305392.2,Non-Energy Minerals,Precious Metals,NYSE:DRD,US,8728109.076,0.248567293489179,32.4069323935494,0.303499920681444,1.0,0.248567293489179,18.09971714948906,cyclical,True,0.0,0.248567293489179,priority
CF,"CF Industries Holdings, Inc.",132.65,20075001197.170017,9.838825719647241,3.4984630762475066,39.1933526281393,14.551630905750597,1910000000.0,,3613000000.0,20.04032883511711,61.21351766513057,76.22078736864118,1.52383716711414,2428090.800000016,Process Industries,Chemicals: Agricultural,NYSE:CF,US,322086244.62000215,0.2510330211604135,35.55772991548568,0.27670005208522475,1.0,0.2510330211604135,9.276120742075511,cyclical,True,0.0,0.2510330211604135,priority
RCI,"Rogers Communication, Inc.",37.55,20298193237.185352,4.687124281116214,1.740114791114007,44.4148457467871,7.3664978983569,1931776000.0,,32171392000.0,4.210328521979984,288.7464312871445,285.15341998222095,3.813882532418,1124551.2,Communications,Wireless Telecommunications,NYSE:RCI,US,42226897.559999995,0.10553057659679642,37.125424604691894,0.12625106193462518,1.0,0.10553057659679642,16.4121275657532,stable_or_general,True,0.15,0.2555305765967964,priority
LPG,Dorian LPG Ltd.,54.59,2335506515.8741837,7.243607605854332,1.8887750572358701,28.342022711409996,17.6322406431966,146279050.0,,646238026.0,81.05922022373736,557.3522487472081,555.6725247955454,0.0,557257.0,Transportation,Marine Shipping,NYSE:LPG,US,30420659.630000003,0.25557835725458594,26.075060384404996,0.2777983060850972,1.0,0.25557835725458594,7.998590467900368,cyclical,True,0.0,0.25557835725458594,priority
SPNT,SiriusPoint Ltd.,24.58,2855336114.6143317,6.005815231998436,1.2535264994890016,23.0783275515793,5.1493578579649,241500000.0,,700900000.0,22.554235049990567,335.8620689655172,366.61726142971156,0.0,603645.1333333333,Finance,Property/Casualty Insurance,NYSE:SPNT,US,14837597.377333332,0.2602361552662617,20.871879188196246,0.28774674181685217,1.0,0.2602361552662617,9.56069437203243,financial_special,True,0.0,0.2602361552662617,priority
GPOR,Gulfport Energy Corporation,180.98,3200425825.104366,7.238360350199376,1.752826139172342,27.4111285765093,16.2053453967893,250001000.0,,922410000.0,26.64766808896456,,,0.0,286823.5,Energy Minerals,Oil & Gas Production,NYSE:GPOR,US,51909317.029999994,0.2640664841652118,24.215789963041306,0.2989107669519238,1.0,0.2640664841652118,11.657085203731155,cyclical,True,0.0,0.2640664841652118,priority
BVN,Buenaventura Mining Company Inc.,33.89,8940582115.95433,7.660141946566611,1.9905108605890596,28.7663340406401,19.4853579617962,654632010.0,,692358096.693488,67.74731707635866,122.35243967862081,122.35512891390661,1.20474547023296,1023509.0666666667,Non-Energy Minerals,Precious Metals,NYSE:BVN,US,34686722.26933333,0.2662884306267397,25.985299939268565,0.29478751311200874,1.0,0.2662884306267397,9.667669496719977,cyclical,True,0.0,0.2662884306267397,priority
GFI,Gold Fields Limited,48.02,42302837911.422,9.843189504970791,4.766995948748341,58.7626432300832,33.4429129188422,4500115750.0,,2634378549.55,71.19494284436489,133.70808449051265,133.92471829297529,2.4921407807309,3795639.8,Non-Energy Minerals,Precious Metals,NYSE:GFI,US,182266623.196,0.16750760285629265,48.42938304033481,0.2032482944656307,1.0,0.16750760285629265,17.584743676843896,cyclical,True,0.1,0.26750760285629266,priority
PBF,PBF Energy Inc.,72.59,8604589839.837383,6.418497723153101,1.3427643149885722,23.5452773717547,9.769992526833,781800000.0,,2515000000.0,13.535456296056521,,,1.46024160361078,2992782.6,Energy Minerals,Oil Refining/Marketing,NYSE:PBF,US,217246088.93400002,0.2726023406652595,20.920227332088796,0.3068082206405088,1.0,0.2726023406652595,11.148945065369919,cyclical,True,0.0,0.2726023406652595,priority
MPC,Marathon Petroleum Corporation,379.85,106671274206.52228,13.077757311803895,5.6349298300293915,47.8754096523907,9.89154716020232,12899000000.0,,34292000000.0,15.187181048153745,300.6563525550867,330.27183171616923,1.03169895024632,2350820.533333333,Energy Minerals,Oil Refining/Marketing,NYSE:MPC,US,892959179.5866667,0.27316230621852955,43.08789110915326,0.3035135156342278,1.0,0.27316230621852955,9.999953165932585,cyclical,True,0.0,0.27316230621852955,priority
HAFN,Hafnia Limited,9.11,4489003098.805903,7.127009722079918,1.720964601874416,25.8610077053471,16.7647363703509,520347642.87779987,,883908344.1641848,5.066237788199953,39.92808080646917,41.71142138193912,8.53954337349398,1210686.9,Transportation,Marine Shipping,NYSE:HAFN,US,11029357.658999998,0.27558901815749104,24.14707807318911,0.29514998462663483,1.0,0.27558901815749104,6.627466538373172,cyclical,True,0.0,0.27558901815749104,priority
HG,"Hamilton Insurance Group, Ltd.",35.68,3518561227.7995014,6.020315189147235,1.2342207061970123,21.6549738077619,7.21076604840344,815182000.0,,149795000.0,17.4051158910525,53.94775230840805,57.091738012563944,0.0,366821.13333333336,Finance,Multi-Line Insurance,NYSE:HG,US,13088178.037333334,0.27801073520529235,20.500931719022457,0.2936605648786728,1.0,0.27801073520529235,5.329224126448939,financial_special,True,0.0,0.27801073520529235,priority
ZM,"Zoom Communications, Inc.",97.37,28410981057.69187,9.018329335272162,2.518130826426383,32.1430348882633,26.432371088622,1925657000.0,,60272000.0,5.036770916318318,173.97084445042967,184.39837741017806,0.0,3183038.5,Technology Services,Packaged Software,NASDAQ:ZM,US,309932458.745,0.28056869448146327,27.92236491716444,0.3229787076426472,1.0,0.28056869448146327,13.130900631414866,technology_strict,True,0.0,0.28056869448146327,priority
DECK,Deckers Outdoor Corporation,85.1,11589075796.549114,12.076403473917239,5.0551282226442416,42.5584290402442,26.3324914256712,1117808000.0,,472334000.0,7.484361821074422,2.543375613462683,8.21585429527934,0.0,2393371.099999999,Consumer Non-Durables,Apparel/Footwear,NYSE:DECK,US,203675880.60999992,0.28376055569385616,41.85955059850698,0.28849816353135843,1.0,0.28376055569385616,1.642162216740528,stable_or_general,True,0.0,0.28376055569385616,priority
FIS,"Fidelity National Information Services, Inc.",41.415,21357960583.155865,6.359211374873323,1.332468936405696,22.3266900615772,8.70429406677939,2935000000.0,,21256000000.0,18.261122419307938,2007.5,2338.2628229127663,3.97350993377483,6148655.266666667,Technology Services,Packaged Software,NYSE:FIS,US,254646557.869,0.28482553201278665,20.953367608923664,0.3034935239796513,1.0,0.28482553201278665,6.151034698228452,technology_strict,True,0.0,0.28482553201278665,priority
NVO,Novo Nordisk A/S,46.216,207459900981.2032,11.294784691333888,6.036667241388319,60.353782852541705,21.8065432918519,11795532910.0,,21432701131.844597,13.207519141209511,12.445792562057399,12.752824469550845,2.59024205430436,12687780.166666666,Health Technology,Pharmaceuticals: Major,NYSE:NVO,US,586378448.1826667,0.1871429454377312,53.44650125132578,0.21132879471794633,1.0,0.1871429454377312,11.44465396326857,health_special,True,0.1,0.2871429454377312,priority
THC,Tenet Healthcare Corporation,263.01,21177300666.779915,10.142647245971053,4.545759365290938,53.3127155941477,7.54863157894737,3023000000.0,,13248000000.0,5.433101314771848,51.01078167115903,66.00366178428763,0.0,891187.2333333333,Health Services,Hospital/Nursing Management,NYSE:THC,US,234391154.23899996,0.19024818250084494,44.818273326982194,0.22630606877630022,1.0,0.19024818250084494,15.933238763958158,stable_or_general,True,0.1,0.29024818250084494,priority
ZTS,Zoetis Inc.,75.09,31028960668.301613,12.352766993485556,9.878911306873796,64.3938461538462,17.7019894437678,2366000000.0,,9238000000.0,1.4064997336174747,0.1531393568147014,4.590502408809359,2.73954646742692,5835713.3,Health Technology,Pharmaceuticals: Major,NYSE:ZTS,US,438203711.697,0.191831482840348,79.9732668161199,0.15446120291531792,1.0,0.191831482840348,24.19395888397815,health_special,True,0.1,0.291831482840348,priority
AFRM,"Affirm Holdings, Inc.",73.015,24636813727.35949,13.225677903164454,4.489363010329562,45.1264043153888,14.3239004290097,993814000.0,,9823245000.0,32.42869396736444,3597.9132334342544,4209.679937548791,0.0,4452067.266666667,Finance,Finance/Rental/Leasing,NASDAQ:AFRM,US,325067691.47566664,0.2930806941924751,33.9442941465814,0.38962889745334234,1.0,0.2930806941924751,24.7795283901982,financial_special,True,0.0,0.2930806941924751,priority
CNX,CNX Resources Corporation,37.29,5516818179.8054,6.235368871647381,1.1473584909143606,21.2486692250072,10.4767807760939,525977999.99999994,,2380108000.0,16.211654840991923,509.7057576964077,911.5696887686065,0.0,1396758.5666666667,Energy Minerals,Oil & Gas Production,NYSE:CNX,US,52085126.951,0.2934475004349487,18.400811796900623,0.3388637925581983,1.0,0.2934475004349487,13.40252134357186,cyclical,True,0.0,0.2934475004349487,priority
NONOF,Novo-Nordisk A/S,46.5,206127563337.40338,11.650487421818088,6.095758060441726,59.8151244532456,21.6216968992493,11361267600.0,,21355354800.0,2.167404721988133,1.4239720070168933,1.705321954758219,3.87995357320511,113544.93333333333,Health Technology,Pharmaceuticals: Major,OTC:NONOF,US,5279839.4,0.19477494242989787,52.32191443789798,0.22266936420390937,1.0,0.19477494242989787,12.527283164318547,health_special,True,0.1,0.2947749424298979,priority
SBSW,D/B/A Sibanye-Stillwater Limited,12.965,9187171494.18,10.650620225088309,2.8004700210386257,35.700790335717,11.083657625893,845247490.0,,2278279438.6821303,59.20351083136212,,,1.89598323170732,5205297.6,Non-Energy Minerals,Precious Metals,NYSE:SBSW,US,67486683.38399999,0.298330096475003,26.293961871271264,0.4050595447438127,1.0,0.298330096475003,26.34907624169496,cyclical,True,0.0,0.298330096475003,priority
PBR.A,Petroleo Brasileiro S.A. Petrobras,18.235,125885671307.849,4.61201881734028,1.2646683496546176,30.685982529677503,11.0211924445216,18257156170.0,,70814633062.5296,20.81710009340769,86.33582928701784,86.33300344031292,6.3767707212056,7366796.866666666,Energy Minerals,Integrated Oil,NYSE:PBR.A,US,134333540.86366665,0.1502972509640137,27.421144616750357,0.16819206060869552,1.0,0.1502972509640137,10.639509130169166,cyclical,True,0.15,0.3002972509640137,priority
AU,AngloGold Ashanti PLC,109.58,55338718400.78624,14.665221289864963,6.178265338397879,46.50338972710691,25.6510460533591,4232934140.0000005,,1791000000.0054898,138.98544866609828,10475.000000378452,9056.985294117647,4.04764036894421,2881802.3999999985,Non-Energy Minerals,Precious Metals,NYSE:AU,US,315787906.9919998,0.315358114234769,42.12868811374594,0.34810533976917096,1.0,0.315358114234769,9.407274693377776,cyclical,True,0.0,0.315358114234769,priority
PGR,Progressive Corporation (The),220.53,128149974820.87553,11.056130429551198,3.7319178906989565,34.943304898636,10.0895506936296,15951000000.0,,8387000000.0,10.491865368880818,12.108053183025143,12.29942911191433,6.20896055746639,2195225.0,Finance,Multi-Line Insurance,NYSE:PGR,US,484112969.25,0.31640196774812707,33.754286044999624,0.3275474532274712,1.0,0.31640196774812707,3.40270863641976,financial_special,True,0.0,0.31640196774812707,priority
KSPI,Joint Stock Company Kaspi.kz - American Depository Shares,108.0,20099294063.82843,9.826579076665514,3.7133883121102875,45.3500034551486,9.44683711340141,2695355960.0,,1282083290.01844,38.98370667006911,-3.492773938091967,-3.5734652874652286,3.25945552360634,573585.3,Finance,Finance/Rental/Leasing,NASDAQ:KSPI,US,61947212.400000006,0.21668309433281638,37.78922739174012,0.2600365171480956,1.0,0.21668309433281638,16.67205179132155,financial_special,True,0.1,0.3166830943328164,priority
CROX,"Crocs, Inc.",116.025,5562827544.15309,10.023931299028925,4.030409137330915,42.29964170786991,13.4764265750107,704620000.0,,1689202000.0,-2.0251147769614413,150.88635316301037,210.80798045165275,0.0,1007079.6,Consumer Non-Durables,Apparel/Footwear,NASDAQ:CROX,US,116846410.59,0.23697437837077373,40.20786872034292,0.2493027265072963,1.0,0.23697437837077373,4.9451316915949395,stable_or_general,True,0.08,0.31697437837077375,priority
BMY,Bristol-Myers Squibb Company,67.4,137678956609.0733,14.847777239282728,6.169550977516838,46.6960130801157,10.1826559157479,11440000000.0,,45053000000.0,3.1255240650679186,83.83838383838383,83.16587983698503,3.68629754736378,10460990.866666667,Health Technology,Pharmaceuticals: Major,NYSE:BMY,US,705070784.4133334,0.31796670122154974,41.55201736994055,0.3573298766000196,1.0,0.31796670122154974,11.015920569813243,health_special,True,0.0,0.31796670122154974,priority
BLBD,Blue Bird Corporation,63.8,2020931266.41219,7.754199178395196,3.0859002412612915,64.2857224327879,32.3552070357124,153143000.0,,115751000.0,13.462721313828958,143.17777816129643,134.87197054037853,0.0,591969.9666666667,Consumer Durables,Motor Vehicles,NASDAQ:BLBD,US,37767683.873333335,0.12062086082181586,39.796504710109176,0.1948462367456472,1.0,0.12062086082181586,38.094333851941585,cyclical,True,0.2,0.32062086082181585,priority
VIST,Vista Energy S.A.B. de C.V.,73.565,8257229603.30675,9.831738479632204,2.4579362623865753,30.417790226361003,10.8016527094043,87352330.0,,3754654275.64841,78.68477924326452,44.29131562741228,35.08575555154361,0.0,972854.0666666667,Energy Minerals,Oil & Gas Production,NYSE:VIST,US,71568009.41433333,0.3232232981576589,25.000016705880938,0.39326927638889986,1.0,0.3232232981576589,17.811200222509438,cyclical,True,0.0,0.3232232981576589,priority
UHS,"Universal Health Services, Inc.",168.51,9929293550.170969,6.862162206186574,1.3217514512714847,20.985171749453,9.870469200880972,845400000.0,,5262175000.0,10.049655883844052,21.01634484765771,29.3490513363463,0.472785296377283,782179.6,Health Services,Hospital/Nursing Management,NYSE:UHS,US,131805084.39599998,0.3270005262818706,19.261442844936855,0.3562641833963332,1.0,0.3270005262818706,8.214032866140709,stable_or_general,True,0.0,0.3270005262818706,priority
KGC,Kinross Gold Corporation,30.92,36678562115.834595,12.049838005282602,3.80415183063857,36.6169104857345,25.1603971898318,3013485460.48,,737913439.9999999,32.35541418061139,97.47552262502364,101.79910384546176,0.491343900758098,8362146.2,Non-Energy Minerals,Precious Metals,NYSE:KGC,US,258557560.504,0.3290785007647511,31.57014915031094,0.381684544723284,1.0,0.3290785007647511,13.782597353181158,cyclical,True,0.0,0.3290785007647511,priority
RNR,RenaissanceRe Holdings Ltd.,335.32,13933181529.47492,5.761284347869414,1.2664786311757545,22.9026092640627,5.24478162730687,3605697000.0,,2330907000.0,-14.145383287084604,31.674411251430346,48.472225056631494,0.479332485131816,252580.6,Finance,Property/Casualty Insurance,NYSE:RNR,US,84695326.792,0.2515558066525481,21.982574625814333,0.2620841482827897,1.0,0.2515558066525481,4.017160785657847,financial_special,True,0.08,0.33155580665254814,priority
PARR,"Par Pacific Holdings, Inc. Common Stock",79.28,3971898705.6628447,4.626625271364878,1.970527588380449,54.73979001269941,20.3310818954595,438306000.0,,1304278000.0,13.187341522133453,,,0.0,992977.6000000003,Energy Minerals,Oil Refining/Marketing,NYSE:PARR,US,78723264.12800002,0.08452033283816981,42.591034994263396,0.10862908759996183,1.0,0.08452033283816981,22.19364563805881,cyclical,True,0.25,0.33452033283816984,priority
MKC,"McCormick & Company, Incorporated",51.84,13938870135.930012,8.627777315469752,1.9922898689523687,25.6950067476383,10.9102553299065,1019900000.0,,4933500000.0,9.536097763540369,108.66425992779783,108.65020661874499,3.59452263217954,2609615.2666666666,Consumer Non-Durables,Food: Specialty/Candy,NYSE:MKC,US,135282455.424,0.3357764175820952,23.091577310185777,0.3736330870591507,1.0,0.3357764175820952,10.132044186724375,stable_or_general,True,0.0,0.3357764175820952,priority
ADBE,Adobe Inc.,265.91,105699225000.00002,15.208849284198608,9.211502201289562,62.9539318993294,24.9104066161268,10280000000.0,,7065000000.0,11.490642006990841,5.2409375454942495,11.805369041681042,0.0,4636886.633333334,Technology Services,Packaged Software,NASDAQ:ADBE,US,1232994524.669667,0.24158696407587876,60.56672683882763,0.25110898471813475,1.0,0.24158696407587876,3.7919872333298965,technology_strict,True,0.1,0.34158696407587874,priority
FHI,"Federated Hermes, Inc.",61.29,4575928749.723939,11.39558232931727,3.6654900896008686,33.2300854108615,17.5487238324231,366943000.0,,451942000.0,15.245541428449528,12.892798291295135,19.440373084610258,2.31660231660232,540628.0,Finance,Investment Managers,NYSE:FHI,US,33135090.12,0.3429296731687767,32.165886601255195,0.35427539960526333,1.0,0.3429296731687767,3.2025160225994,financial_special,True,0.0,0.3429296731687767,priority
GOOG,Alphabet Inc.,337.8546,4154669596005.7554,16.973097617217526,6.638148330582949,48.675697331861,34.2975879823263,53273000000.0,,117348446000.0,20.231187401337234,111.2993519247575,112.01789423230548,0.250678306004483,16981806.666666664,Technology Services,Internet Software/Services,NASDAQ:GOOG,US,5737381498.643999,0.34869757492118497,39.10982238061958,0.4339855459335542,1.0,0.34869757492118497,19.652260728846326,technology_strict,True,0.0,0.34869757492118497,priority
GOOGL,Alphabet Inc.,341.175,4153850054482.4966,17.139907461831772,6.703387364524969,48.675697331861,34.2975879823263,53273000000.0,,117348446000.0,20.231187401337234,111.2993519247575,112.01789423230548,0.248189675309507,25056895.6666667,Technology Services,Internet Software/Services,NASDAQ:GOOGL,US,8548786379.075012,0.35212453855515147,39.10982238061958,0.4382507109090133,1.0,0.35212453855515147,19.652260728846315,technology_strict,True,0.0,0.35212453855515147,priority
ACAD,ACADIA Pharmaceuticals Inc.,28.156,4851434087.515434,12.680598090434154,3.7092660511782807,35.7431290221518,25.635153640530202,145625000.0,,73854000.0,11.75371925809168,71.26575441123515,66.84700931770365,0.0,1605194.9333333333,Health Technology,Pharmaceuticals: Major,NASDAQ:ACAD,US,45195868.54293333,0.35477022961742816,29.251507103410482,0.43350238487218673,1.0,0.35477022961742816,18.161873614137527,health_special,True,0.0,0.35477022961742816,priority
OMAB,Grupo Aeroportuario del Centro Norte S.A.B. de C.V.,99.8,4795962521.73541,15.963913238211019,9.240963208373534,61.9717541048613,17.5688845729293,338139320.0,,816786494.026755,13.972101284123989,14.664879841322534,14.664074393353022,4.7902751738736,67103.8,Transportation,Other Transportation,NASDAQ:OMAB,US,6696959.24,0.2575998286444945,57.886578750969925,0.27577918029822296,1.0,0.2575998286444945,6.591995680772433,stable_or_general,True,0.1,0.35759982864449447,priority
PRI,"Primerica, Inc.",295.275,9087781455.64416,11.853863570671546,3.616160720540307,32.8587969408353,6.48833581879944,863439000.0,,1715859000.0,8.234311203065714,17.66004447739066,23.365541286766344,1.55793573515093,176086.46666666667,Finance,Life/Health Insurance,NYSE:PRI,US,51993931.445,0.3607516000057856,30.50617799826292,0.3885725563964954,1.0,0.3607516000057856,7.159784172282513,financial_special,True,0.0,0.3607516000057856,priority
IAG,Iamgold Corporation,20.52,11716920031.219917,10.674477137891772,2.6825201340653493,29.269016432288204,20.3484087057365,1541204255.36,,539152240.0,75.39857422020698,38.41216242970171,37.740763814193585,0.0,5669291.233333333,Non-Energy Minerals,Precious Metals,NYSE:IAG,US,116333856.108,0.36470228381559794,25.1302251099781,0.4247664750783872,1.0,0.36470228381559794,14.140520682971724,cyclical,True,0.0,0.36470228381559794,priority
LULU,lululemon athletica inc.,100.92,11976171036.99335,8.271859939018393,2.35243932713522,30.8979519751313,17.715835759045,1354336000.0,,2141127000.0,1.741731226859486,-20.59487610247795,-16.471659489398405,0.0,3895929.8333333335,Consumer Non-Durables,Apparel/Footwear,NASDAQ:LULU,US,393177238.78000003,0.26771547660104233,28.439061401883215,0.2908626210311792,1.0,0.26771547660104233,7.9581021267272405,stable_or_general,True,0.1,0.3677154766010423,priority
WTM,"White Mountains Insurance Group, Ltd.",2096.75,5004356991.87553,4.771896844642241,0.9287451073393255,21.8941870664221,9.48793814655638,571600000.0,,932500000.0,21.196380017044763,442.1026653504442,445.9081935521544,0.0473433290882148,20610.666666666668,Finance,Multi-Line Insurance,NYSE:WTM,US,43215415.333333336,0.21795268443470253,19.46280771727276,0.24518029022129736,1.0,0.21795268443470253,11.105136453676378,financial_special,True,0.15,0.3679526844347025,priority
DAC,Danaos Corporation,154.15,2806079525.9999995,5.217588502689182,0.6916963058795488,14.1397151814653,10.8498380044697,172343590.0,,1210720000.00807,2.4516030052364384,17.69958691943341,21.813076713752082,2.33538760947129,117397.36666666667,Transportation,Marine Shipping,NYSE:DAC,US,18096804.07166667,0.3690023763370093,13.257011462729261,0.39357199904050033,1.0,0.3690023763370093,6.242726302529144,cyclical,True,0.0,0.3690023763370093,priority
CHKP,Check Point Software Technologies Ltd.,136.955,13983192389.331127,14.027819032889145,5.2154478247673515,37.6388664549214,15.889323271826001,1186974490.0,,1974900000.0,4.640775228998736,22.200209765745214,27.25293918302442,0.0,1076585.7666666666,Technology Services,Internet Software/Services,NASDAQ:CHKP,US,147443803.67383334,0.3726950451520562,37.1793206951087,0.37730164969729096,1.0,0.3726950451520562,1.2209341117195294,technology_strict,True,0.0,0.3726950451520562,priority
MPLX,MPLX LP,59.25,60071103028.892815,12.753180223422802,4.283133562200859,33.9282507990089,11.6916223239698,3336000000.0,,26133000000.0,4.788438098554762,9.605568445475637,10.254402202287725,7.25648803505224,1363420.0,Industrial Services,Oil & Gas Pipelines,NYSE:MPLX,US,80782635.0,0.37588675876551064,33.584827369837924,0.37973040870462416,1.0,0.37588675876551064,1.0122049356608986,cyclical,True,0.0,0.37588675876551064,priority
TRV,"The Travelers Companies, Inc.",373.11,77821422043.49432,9.990628179724737,2.349891256673802,26.510640335892997,6.313612324584921,11026000000.0,,9068000000.0,2.385133157740708,58.27296988181472,65.14110353488454,1.21547256504782,1674112.1666666667,Finance,Property/Casualty Insurance,NYSE:TRV,US,624627990.505,0.3768535219497635,23.520955983956423,0.42475434189576805,1.0,0.3768535219497635,11.277299658012463,financial_special,True,0.0,0.3768535219497635,priority
KTB,"Kontoor Brands, Inc.",74.335,4062676866.5130315,15.528839123441056,6.567810087930107,40.9637108724128,8.49904034703548,423188000.0,,1272766000.0,15.6178946292964,6.632123115127926,6.733706437155801,2.86412379530338,691677.8,Consumer Non-Durables,Apparel/Footwear,NYSE:KTB,US,51415869.263,0.3790877045248121,42.29427606095734,0.36716171949745297,1.0,0.3790877045248121,3.248155892635718,stable_or_general,True,0.0,0.3790877045248121,priority
CINF,Cincinnati Financial Corporation,173.565,26638416650.55469,8.183978611743738,1.5970770540795052,21.4839209608679,8.27231249300695,3400000000.0,,876000000.0,19.551062371487323,82.8021978021978,83.98615412643468,2.07188644688645,554303.8333333334,Finance,Multi-Line Insurance,NASDAQ:CINF,US,96207744.83250001,0.380935054948793,19.514677760615754,0.41937554450735165,1.0,0.380935054948793,9.166125698558659,financial_special,True,0.0,0.380935054948793,priority
ATAT,Atour Lifestyle Holdings Limited,34.57,4758875278.0,17.037110048790105,9.560631328006814,58.7806410562356,23.0047612613102,328523140.0,,190824564.506145,45.007151794079256,46.85705402287087,47.82893778231095,2.4263431542461,964962.4,Consumer Services,Hotels/Resorts/Cruise lines,NASDAQ:ATAT,US,33358750.168,0.2898421953665094,56.11650861341806,0.3036024597709264,1.0,0.2898421953665094,4.532329683626212,cyclical,True,0.1,0.38984219536650944,priority
PTC,PTC Inc.,142.26,15436100181.902315,13.752900232018561,4.539413539424707,35.25461624323,19.3186022037837,934313000.0,,1607694000.0,19.498312687248834,140.05932981879246,143.8529904052429,0.0,1311183.8666666667,Technology Services,Packaged Software,NASDAQ:PTC,US,186529016.87199998,0.3901021113698707,33.00695462660563,0.416666741527644,1.0,0.3901021113698707,6.375510092400982,technology_strict,True,0.0,0.3901021113698707,priority
EVR,Evercore Inc.,293.4,11283525973.828432,16.59108130421506,6.070631612596871,42.4090151652064,17.7594442446142,1607056000.0,,1093142000.0,45.682881787965435,61.19170166135526,60.841488703750876,1.16533629719444,535691.8666666667,Finance,Investment Banks/Brokers,NYSE:EVR,US,157171993.68,0.3912159063251926,36.58972854924526,0.4534354848215261,1.0,0.3912159063251926,13.721815027516737,financial_special,True,0.0,0.3912159063251926,priority
BCE,"BCE, Inc.",23.64,22044911563.847702,4.994132106033115,1.5165536215793174,30.6217357086642,8.43759857007675,1870528000.0,,29410304000.0,-2.62492472532413,922.1612098541509,1313.2884286959738,5.33049040511727,3282867.033333333,Communications,Major Telecommunications,NYSE:BCE,US,77606976.668,0.16309108515426385,30.366710158653166,0.1644607558718378,1.0,0.16309108515426385,0.8328252599309027,stable_or_general,True,0.22999999999999998,0.39309108515426383,priority
CCL,Carnival Corporation Ltd.,23.49,32173058374.43228,10.579174923437217,2.4854065687105407,26.7171585270306,5.93657210836324,3171000000.0,,26170000000.0,5.155552133066379,21.544554455445546,20.346883468834697,1.91652470187394,18229990.666666668,Consumer Services,Hotels/Resorts/Cruise lines,NYSE:CCL,US,428222480.76,0.39596931360548426,23.493387591165966,0.45030436255243245,1.0,0.39596931360548426,12.066294148021173,cyclical,True,0.0,0.39596931360548426,priority
IMBBY,Imperial Brands PLC,33.58,25753309664.1425,11.779562914371908,4.9156666012805905,39.7340575991546,6.36828229166283,3752574970.0,,14811638400.0,9.997023224440845,-29.162483275393324,-25.512790363460592,6.34962693143764,223580.23333333334,Consumer Non-Durables,Tobacco,OTC:IMBBY,US,7507824.235333333,0.29646010566568803,41.7304668858564,0.2822772854804633,1.0,0.29646010566568803,5.024428430748218,stable_or_general,True,0.1,0.396460105665688,priority
AON,Aon plc,324.97,68934405050.71568,17.918405831463218,7.1779170103181595,44.8827475488791,7.29155993554216,3248000000.0,,15874000000.0,4.364348910397245,50.36496350364964,51.84785156904115,0.957186544342508,1184147.0333333334,Finance,Insurance Brokers/Services,NYSE:AON,US,384812261.4223334,0.3992270261964101,40.05890411140448,0.447301448427841,1.0,0.3992270261964101,10.747656284235418,financial_special,True,0.0,0.3992270261964101,priority
ERO,Ero Copper Corp.,34.7784,3627478756.7241926,12.070254193617172,2.99276400015729,30.229821447801104,15.704768998806701,153760210.56,,572666974.0,85.25830266258644,105.99948636610132,103.98560173030138,0.0,1478653.5,Non-Energy Minerals,Other Metals/Minerals,NYSE:ERO,US,51425202.884399995,0.3992830131153538,24.794539967019773,0.4868109757096647,1.0,0.3992830131153538,17.97986630574919,cyclical,True,0.0,0.3992830131153538,priority
HIG,"The Hartford Insurance Group, Inc.",139.07,37670170330.370926,8.987972519695726,1.957339650716138,21.786762132917,5.13953709877131,5789000000.0,,4374000000.0,5.953986947168848,34.514637904468415,40.27124298548596,1.65714285714286,1407049.9,Finance,Property/Casualty Insurance,NYSE:HIG,US,195678429.59299996,0.4125428305895924,21.777321263799333,0.41272167549075583,1.0,0.4125428305895924,0.043333052704530584,financial_special,True,0.0,0.4125428305895924,priority
CDW,CDW Corporation,151.245,18908261454.259228,18.179359584595414,7.760125438557785,44.0103477074125,6.64380928952507,860200000.0,,6429500000.0,7.414195801319115,0.33435497353023125,3.423584694562535,1.63721413721414,1821385.2666666666,Technology Services,Information Technology Services,NASDAQ:CDW,US,275475414.657,0.4130701194513292,42.6864620970117,0.42588115040501506,1.0,0.4130701194513292,3.0081234967789694,technology_strict,True,0.0,0.4130701194513292,priority
CACC,Credit Acceptance Corporation,602.815,6257569479.600959,13.255819067409925,3.9365836593657315,31.931543453365602,5.78652462645268,1221100000.0,,6286200000.0,2.58024745717934,18.261074458058435,31.089958864581728,0.0,113611.7,Finance,Finance/Rental/Leasing,NASDAQ:CACC,US,68486836.93550001,0.415132424988143,29.69702316655795,0.44636861388643856,1.0,0.415132424988143,6.997846158207355,financial_special,True,0.0,0.415132424988143,priority
EXEL,"Exelixis, Inc.",58.75,14557174697.150347,18.452792260820402,7.930519202655476,44.3929251762439,33.2780582775798,1172459000.0,,165929000.0,9.233835798574443,42.88989835596333,52.70023980815349,0.0,2467872.933333333,Health Technology,Pharmaceuticals: Major,NASDAQ:EXEL,US,144987534.8333333,0.4156696632979503,42.97733963815235,0.4293609705994755,1.0,0.4156696632979503,3.1887638232253157,health_special,True,0.0,0.4156696632979503,priority
ADMA,ADMA Biologics Inc,9.475,2122254827.7687893,13.449254790631652,5.230760737551066,41.8971077438865,27.194327976243205,116469000.0,,203839000.0,8.035236010409681,-19.131471128809924,-17.04933474626163,0.0,2095989.7,Health Technology,Biotechnology,NASDAQ:ADMA,US,19859502.4075,0.3210067595320855,38.892569283427186,0.3458052537650841,1.0,0.3210067595320855,7.17123119530304,health_special,True,0.1,0.42100675953208555,priority
OII,"Oceaneering International, Inc.",51.15,5090941366.347046,14.728325030953958,4.373043244823736,34.8979198162512,13.95672611145,237415000.0,,822159000.0,3.8373864990084763,73.16613489649032,75.17780580075663,0.0,870253.7,Producer Manufacturing,Industrial Machinery,NYSE:OII,US,44513476.754999995,0.4220401992010795,29.691381984258758,0.4960471371377175,1.0,0.4220401992010795,14.919335763869446,cyclical,True,0.0,0.4220401992010795,priority
GEN,Gen Digital Inc.,30.64,18340706742.08235,17.786033551982353,6.910145555089467,41.9438358892651,6.58042744656918,1548000000.0,,8176000000.0,20.156139105748757,76.38190954773869,79.82254697286012,1.595914458985,5300955.733333333,Technology Services,Packaged Software,NASDAQ:GEN,US,162421283.66933334,0.4240440382929884,38.851526591881935,0.4577949726098733,1.0,0.4240440382929884,7.372499991529391,technology_strict,True,0.0,0.4240440382929884,priority
PYPL,"PayPal Holdings, Inc.",55.12,47153003257.81062,10.416115499451982,2.397247166968787,24.4971390020239,6.03271102797298,6586000000.0,,14221000000.0,6.315789473684211,4.765975635819619,13.295366960691968,0.739176346356917,12098854.366666667,Commercial Services,Miscellaneous Commercial Services,NASDAQ:PYPL,US,666888852.6906667,0.4251972239938478,23.01479056270941,0.45258354496299824,1.0,0.4251972239938478,6.051108413892836,financial_special,True,0.0,0.4251972239938478,priority
SON,Sonoco Products Company,52.28,5169184865.058267,8.060313593684956,1.4433910744980847,18.9251949473233,5.62248733433235,354831000.0,,4765630000.0,12.014490716462397,,,4.06149174416398,945931.7333333333,Process Industries,Containers/Packaging,NYSE:SON,US,49453311.01866666,0.4259038607591714,17.907381117639687,0.45011124411403375,1.0,0.4259038607591714,5.378089010531251,cyclical,True,0.0,0.4259038607591714,priority
APA,APA Corporation,42.88,15023072486.938885,9.068223152730194,2.1416602361919606,25.9477023054309,9.30348672713656,2102000000.0,,3881000000.0,-12.439097146266283,55.13413506012951,58.661879676542625,2.26346763241286,5407215.833333333,Energy Minerals,Integrated Oil,NASDAQ:APA,US,231861414.93333334,0.34948077660164145,23.617198210954538,0.3839669325603582,1.0,0.34948077660164145,8.981543209660547,cyclical,True,0.08,0.42948077660164147,priority
T,AT&T Inc.,26.09,178778747658.8098,8.62793081781805,1.6249599832583657,20.0485823953717,5.18654434250765,17654000000.0,,162888000000.0,2.625338753387534,68.98957435133653,72.38057234066811,4.23825887743414,39118260.26666663,Communications,Wireless Telecommunications,NYSE:T,US,1020595410.3573323,0.4303511663652511,18.833715957742317,0.45811091327790837,1.0,0.4303511663652511,6.059612663236658,stable_or_general,True,0.0,0.4303511663652511,priority
ATMU,Atmus Filtration Technologies Inc.,48.25,3936983714.9634275,18.453359850078403,8.656354392045841,55.7904292569057,13.4257092032581,190400000.0,,1056400000.0000001,13.050464175196383,14.111405835543767,15.536211391454197,0.470219435736677,649242.0666666667,Producer Manufacturing,Auto Parts: OEM,NYSE:ATMU,US,31325929.716666665,0.33076210554150304,46.9093675209995,0.39338325851052136,1.0,0.33076210554150304,15.918611586604536,cyclical,True,0.1,0.43076210554150307,priority
DLTR,"Dollar Tree, Inc.",132.31,24825363033.18842,16.159605261550865,7.249294986748984,46.031520254893,11.8047018913349,1978400000.0,,7670800000.0,-7.849169578613378,,,0.0,2122105.066666667,Retail Trade,Discount Stores,NASDAQ:DLTR,US,280775721.3706667,0.3510552154712542,44.86059448492529,0.36021825941207836,1.0,0.3510552154712542,2.543747769971305,stable_or_general,True,0.08,0.4310552154712542,priority
SFM,"Sprouts Farmers Market, Inc.",79.3,7394536585.08404,15.194481701475377,4.9518954269589175,35.1974264427963,12.393553360845,355179000.0,,2106293000.0000002,7.20446395946375,3.6950886808910774,7.524001813012498,0.0,1718883.9333333333,Retail Trade,Food Retail,NASDAQ:SFM,US,136307495.91333333,0.4316929740920068,32.59009108864892,0.4662301084137685,1.0,0.4316929740920068,7.407744308763253,stable_or_general,True,0.0,0.4316929740920068,priority
BR,"Broadridge Financial Solutions, Inc.",174.24,19867158347.27092,18.104361920990836,6.992664604932911,40.9156249431374,12.856268903335,1278400000.0,,3517600000.0,8.529292225512396,33.9249553305539,35.666760642796724,1.96746967749148,1229719.1,Technology Services,Information Technology Services,NYSE:BR,US,214266255.98400003,0.44248039584269877,38.624198054864166,0.46873107618375137,1.0,0.44248039584269877,5.600371230936229,technology_strict,True,0.0,0.44248039584269877,priority
ULTA,"Ulta Beauty, Inc.",560.67,23972831751.847637,20.42729468687038,9.077848782828006,46.1173400950263,17.801585600398,1148689000.0,,2524031000.0,11.16269132540882,0.720090962363157,5.199190513058345,0.0,647480.8333333334,Retail Trade,Specialty Stores,NASDAQ:ULTA,US,363023078.825,0.4429417361187628,44.43979940556095,0.4596621712994101,1.0,0.4429417361187628,3.6375486660955025,stable_or_general,True,0.0,0.4429417361187628,priority
SM,SM Energy Company,36.4,8657887612.648935,7.175382917069133,1.106463020729159,16.1264226082871,7.18164203490438,757834000.0,,7036000000.0,75.39189250000238,23.05216337428559,-28.25564292583584,2.23404255319149,3598735.6333333333,Energy Minerals,Integrated Oil,NYSE:SM,US,130993977.05333333,0.4449457323152267,15.420264444661951,0.46532165144243304,1.0,0.4449457323152267,4.378889111229567,cyclical,True,0.0,0.4449457323152267,priority
BWLP,BW LPG Limited,25.015,3778129216.521451,8.640403982086458,1.9827262225295166,23.6596905705817,12.863623037493502,590994912.9761999,,931099680.9608399,-7.6512559142332615,90.63762714189704,76.06336111999278,7.8629188712522,365429.2,Transportation,Marine Shipping,NYSE:BWLP,US,9141211.438000001,0.3651951388083612,22.94714722413632,0.37653499573133375,1.0,0.3651951388083612,3.0116342575136956,cyclical,True,0.08,0.4451951388083612,priority
CARG,"CarGurus, Inc.",33.17,2954567320.5530243,18.00662287606536,11.209262087889808,51.40540671846,28.078248707510202,291280000.0,,185142000.0,6.009115567949498,35.56480197256896,48.40087005558688,0.0,843150.8333333334,Technology Services,Internet Software/Services,NASDAQ:CARG,US,27967313.14166667,0.3502865559392427,62.25077386825992,0.28925942212658146,1.0,0.3502865559392427,21.097716839783853,technology_strict,True,0.1,0.4502865559392427,priority
PEP,"PepsiCo, Inc.",138.06,188436923408.56592,18.106941912468688,8.534254467409607,51.589495507947504,9.60861290648818,9282000000.0,,53214000000.0,5.624284702163606,38.42384105960265,39.01002734731084,4.10477074703614,6821718.133333334,Consumer Non-Durables,Food: Specialty/Candy,NASDAQ:PEP,US,941806405.488,0.35098117812916513,47.13250038943794,0.38417104466892077,1.0,0.35098117812916513,8.639346197566432,stable_or_general,True,0.1,0.45098117812916516,priority
KALU,Kaiser Aluminum Corporation,160.96,2631549995.6539154,11.928971630154448,2.7882493030242874,26.3984184207466,8.3726763056949,87000000.0,,1068900000.0000001,32.83337615621787,255.24256651017217,246.61049603123635,1.91578030727126,245001.2,Non-Energy Minerals,Aluminum,NASDAQ:KALU,US,39435393.152,0.4518820574788462,23.3737608695125,0.5103573916388428,1.0,0.4518820574788462,11.457722591657294,cyclical,True,0.0,0.4518820574788462,priority
WES,"Western Midstream Partners, LP",48.67,20109206785.645256,15.328168304358782,4.722322214319882,33.7354584258281,8.82234911299287,1246714000.0,,9129011000.0,18.00341731532374,1.0434253824565862,-2.286505616248655,7.48119536491157,818455.8666666667,Industrial Services,Oil & Gas Pipelines,NYSE:WES,US,39834247.03066667,0.45436371757211486,30.80813128191594,0.4975364511432169,1.0,0.45436371757211486,8.677300622276352,cyclical,True,0.0,0.45436371757211486,priority
NMM,Navios Maritime Partners LP,92.44,2627571737.3886576,6.034218273680912,0.7430612515903794,13.162794948845303,7.21916757086888,47864970.0,,2464615000.01641,13.380576326016582,47.22103786003838,52.73175011465374,0.240858331508649,139935.16666666666,Transportation,Marine Shipping,NYSE:NMM,US,12935606.806666665,0.4584298621327577,12.314126169935633,0.49002407401129083,1.0,0.4584298621327577,6.44748157369206,cyclical,True,0.0,0.4584298621327577,priority
EBAY,eBay Inc.,103.93,46248850267.041,21.516261929900836,9.914004855410827,46.4414701508392,12.1803086866886,2624000000.0,,7130000000.0,15.17891130567187,1.73992673992674,6.7398846485316035,1.15246552049877,4280372.133333376,Retail Trade,Internet Retail,NASDAQ:EBAY,US,444859075.81733775,0.46329846708162475,46.076799435284244,0.4669652014376745,1.0,0.46329846708162475,0.7852264675741849,stable_or_general,True,0.0,0.46329846708162475,priority
PROSY,Prosus NV,8.6902,85395377780.31105,8.146807912252743,1.734408149335292,22.2902579927771,15.406663949736203,1513272230.0,,17627000000.0,57.894137747310815,-5.492930555585379,3.9465991034885968,0.353319332633298,739434.3333333328,Technology Services,Packaged Software,OTC:PROSY,US,6425832.243533329,0.3654873763638188,21.289419954615035,0.38266932258465375,1.0,0.3654873763638188,4.490024469373033,technology_strict,True,0.1,0.46548737636381876,priority
AMG,"Affiliated Managers Group, Inc.",364.1,9415601727.660988,12.707664386430267,3.1160633020429005,27.285038316312697,9.4041546090022,1114900000.0,,3004000000.0,11.736397564329208,93.55786618444847,115.62311860325106,0.0109235894915069,255481.96666666667,Finance,Investment Managers,NYSE:AMG,US,93020984.06333335,0.46573745798380767,24.521133131044543,0.5182331631461987,1.0,0.46573745798380767,10.129746395172612,financial_special,True,0.0,0.46573745798380767,priority
ACGL,Arch Capital Group Ltd.,98.75,33696376808.18642,7.716471443195049,1.4510290551119203,19.9358416009857,6.796995530960951,6055000000.0,,4286000000.0,-0.21474204112310086,25.6561328334226,32.18712556294673,0.0,2030842.1333333254,Finance,Multi-Line Insurance,NASDAQ:ACGL,US,200545660.66666588,0.3870652464861839,18.804307976692435,0.41035657641639683,1.0,0.3870652464861839,5.675875876929714,financial_special,True,0.08,0.4670652464861839,priority
BTG,B2Gold Corp,5.5592,7345854332.794992,10.441082783407257,1.851243660642661,22.114772842523,14.5019979789215,159380622.72,,455538696.79999995,65.31154922572104,,,1.41443167305236,28802473.1,Non-Energy Minerals,Precious Metals,AMEX:BTG,US,160118708.45752,0.4721315863272539,17.730380067329964,0.5888809345179249,1.0,0.4721315863272539,19.825628806652638,cyclical,True,0.0,0.4721315863272539,priority
CNQ,Canadian Natural Resources Limited,49.89,102848239448.73126,12.603862496483348,3.1329899092429905,26.6851317910414,12.927066664467098,6917504000.0,,14208832000.0,12.69234155170864,35.39138264999797,36.93267598810558,3.43727852586818,6145406.966666667,Energy Minerals,Integrated Oil,NYSE:CNQ,US,306594353.56700003,0.47231779086489856,24.85737931619881,0.5070471161161302,1.0,0.47231779086489856,6.849329016453276,cyclical,True,0.0,0.47231779086489856,priority
BSM,"Black Stone Minerals, L.P.",14.52,3088557558.891008,12.126273592784365,3.7988891127291566,25.5934572818154,21.5343609993166,319881000.0,,196000000.0,0.6366497434463853,3.102311190934111,3.662020604276686,8.31062670299728,399871.13333333336,Miscellaneous,Investment Trusts/Mutual Funds,NYSE:BSM,US,5806128.856000001,0.47380365455355244,31.3277536059359,0.3870776610834526,1.0,0.47380365455355244,22.405321254486466,stable_or_general,True,0.0,0.47380365455355244,priority
CON,"Concentra Group Holdings Parent, Inc.",34.56,4407012559.225732,22.717412739104713,9.237183941839954,47.8922963752743,6.70877408358609,267418000.0,,2143819000.0,14.018879323063919,31.457732000187516,30.38224202948235,0.724427702115329,834838.9666666667,Health Services,Medical/Nursing Services,NYSE:CON,US,28852034.688,0.47434377673385475,40.66124979954028,0.55869932309266,1.0,0.47434377673385475,15.098558897808967,stable_or_general,True,0.0,0.47434377673385475,priority
HLNE,Hamilton Lane Incorporated,101.3,5590303071.853965,15.433838653157613,4.675127123767645,32.4948206392374,12.7117560533406,423531000.0,,364790000.0,24.007281237810428,30.01771929989915,26.17505142351833,2.14700193423598,659535.6333333333,Finance,Investment Managers,NASDAQ:HLNE,US,66810959.65666666,0.4749630356328632,30.291408565497473,0.5095120822719702,1.0,0.4749630356328632,6.7808100810974,financial_special,True,0.0,0.4749630356328632,priority
B,Barrick Mining Corporation,44.8,73735619665.75916,11.831619157081647,2.7035885193890166,24.8696483889975,13.0123244848702,5496258915.84,,4676381600.0,42.40158829061854,124.52910776345001,132.02622249078243,2.06322227510709,10958380.866666667,Non-Energy Minerals,Precious Metals,NYSE:B,US,490935462.82666665,0.47574533310716344,22.850537052410296,0.5177829794522767,1.0,0.47574533310716344,8.118777173707347,cyclical,True,0.0,0.47574533310716344,priority
PEGA,Pegasystems Inc.,36.6,6017220915.779428,20.67679792102141,10.734617381281291,54.693035683241,23.927693227886,492500000.0,,72016000.0,3.5996479766113274,47.15598163479398,53.10959259579623,0.31813361611877,2144525.3,Technology Services,Information Technology Services,NASDAQ:PEGA,US,78489625.97999999,0.37805175124622276,51.916246520781456,0.3982722039187624,1.0,0.37805175124622276,5.077043407393833,technology_strict,True,0.1,0.4780517512462228,priority
FSM,Fortuna Mining Corp.,12.34,3652114020.236238,10.997182439870187,2.0693793884929574,22.9591595370397,16.1561978550087,390283667.84,,233885000.79999998,2.0535018684888495,114.24617316235314,105.61420546842004,0.0,5663622.9,Non-Energy Minerals,Precious Metals,NYSE:FSM,US,69889106.58600001,0.4789888942636851,18.817359808367286,0.5844168656954842,1.0,0.4789888942636851,18.039857783080016,cyclical,True,0.0,0.4789888942636851,priority
MMS,"Maximus, Inc.",57.04,2986486725.287694,8.4266509085537,1.7158360173352378,21.1115876737932,8.40149451720407,433230000.0,,1731818000.0,-3.3218076194970796,17.276521739130434,24.75349711568587,2.20776998117405,568887.6666666666,Commercial Services,Miscellaneous Commercial Services,NYSE:MMS,US,32449352.506666664,0.399148137921152,20.36201613138539,0.41384167727699217,1.0,0.399148137921152,3.5505218934258065,financial_special,True,0.08,0.479148137921152,priority
KBR,"KBR, Inc.",36.78,4636772203.528561,11.092345738584958,2.8342124426395627,27.0893371757925,6.2852897473997,347000000.0,,2798000000.0,-4.370975730559683,9.32642487046632,13.13634502524907,1.76991150442478,1392805.3,Technology Services,Information Technology Services,NYSE:KBR,US,51227378.934,0.40947276290308315,25.55106475612904,0.43412459889461913,1.0,0.40947276290308315,5.678516272587453,technology_strict,True,0.08,0.48947276290308317,priority
DRI,"Darden Restaurants, Inc.",218.63,24823633278.785316,21.044576422912918,11.29824089960105,53.7178011861556,8.3642591080283,1092700000.0,,8010600000.0,9.391638444276996,14.978561219628395,17.071219292314616,2.80682443588332,1044347.2333333333,Consumer Services,Restaurants,NYSE:DRI,US,228325635.62366664,0.39176168715439946,53.68718605949107,0.3919850893208168,1.0,0.39176168715439946,0.05699251642568015,stable_or_general,True,0.1,0.4917616871543995,priority
EOG,"EOG Resources, Inc.",142.85,74928996067.32391,11.11249406840971,2.355868586566255,22.5066282609407,13.606815280952201,6621000000.0,,8250000000.0,17.12869549960523,19.958129797627354,24.99538130937449,2.79528637983009,2812079.966666667,Energy Minerals,Integrated Oil,NYSE:EOG,US,401705623.23833334,0.49374317376961224,21.200178574344108,0.5241698332606384,1.0,0.49374317376961224,5.80473303886162,cyclical,True,0.0,0.49374317376961224,priority
G,Genpact Limited,37.22,6254240987.681723,11.086950046170802,2.4009665793451074,22.4468583474849,10.8696236167979,572106000.0,,1414616000.0,6.890963124494866,8.239241169455063,11.38354346383544,1.87762605042017,2403153.1,Commercial Services,Miscellaneous Commercial Services,NYSE:G,US,89445358.382,0.49391990070686487,21.655789638687427,0.511962400408817,1.0,0.49391990070686487,3.5241845275248096,financial_special,True,0.0,0.49391990070686487,priority
TJX,"TJX Companies, Inc. (The)",132.55,145801556262.9609,24.51587844711192,13.703856102790812,62.17144028283029,17.3342857142857,5876000000.0,,14317000000.0,7.661631419939577,21.97426618415762,23.37585286265203,1.36924124366442,6523425.433333334,Retail Trade,Apparel/Footwear Retail,NYSE:TJX,US,864680041.1883334,0.39432701471261233,55.89787913312642,0.43858333853284287,1.0,0.39432701471261233,10.090744433720989,stable_or_general,True,0.1,0.4943270147126123,priority
ERIC,Ericsson,10.175,33721455622.1472,13.01150895140665,3.1300083979586506,26.3025672921734,8.98211265734865,3262946450.0,,4079085362.38848,2.7207728411592207,56.30405314588059,56.368726254749056,2.05774925962488,10217116.966666667,Electronic Technology,Telecommunications Equipment,NASDAQ:ERIC,US,103959165.13583334,0.4946858915661194,24.055691078168692,0.5408910893112944,1.0,0.4946858915661194,8.542421692323888,technology_strict,True,0.0,0.4946858915661194,priority
ORI,Old Republic International Corporation,41.975,10134146843.228212,9.192947875602279,1.6687764082127257,18.5701233439927,5.09390517065835,1279900000.0,,2284000000.0,12.128135890512128,27.40094022834117,29.326460091769093,2.84237726098191,1079831.1666666667,Finance,Specialty Insurance,NYSE:ORI,US,45325913.22083334,0.49503967772923435,18.152788754971542,0.5064206937947531,1.0,0.49503967772923435,2.247344195245571,financial_special,True,0.0,0.49503967772923435,priority
THG,Hanover Insurance Group Inc,229.21,7981142590.979541,10.934026618327529,2.1781970655871947,21.8847985135292,5.28272532000855,1253100000.0,,844000000.0,5.57497814958172,36.07059247253736,37.99164006187672,1.61861187845304,285548.56666666665,Finance,Property/Casualty Insurance,NYSE:THG,US,65450586.96566667,0.49961742218316996,19.921270924438012,0.5488619004179315,1.0,0.49961742218316996,8.972107227203097,financial_special,True,0.0,0.49961742218316996,priority
KNSL,"Kinsale Capital Group, Inc.",374.29,8525737019.182724,15.170454315163159,4.18931649861384,30.2683006860337,10.2613801566596,1000771000.0,,224535000.0,15.820832126877212,27.318317061103137,28.788653874261378,0.240221421484151,228913.9,Finance,Multi-Line Insurance,NYSE:KNSL,US,85680183.631,0.501199405692539,27.61497059733101,0.5493561639580158,1.0,0.501199405692539,8.766035847948938,financial_special,True,0.0,0.501199405692539,priority
AGI,Alamos Gold Inc.,37.03,15500923352.261438,13.67426605786456,3.2298242378319553,27.203874936437,19.0127212762954,308992154.24,,216040440.0,40.40638795794529,224.0400747532038,223.4948253194788,0.345997693194925,4620809.866666666,Non-Energy Minerals,Precious Metals,NYSE:AGI,US,171108589.36266667,0.5026587605558054,23.619726456721732,0.5789341414651786,1.0,0.5026587605558054,13.175139527327573,cyclical,True,0.0,0.5026587605558054,priority
QBCRF,Quebecor Inc.,45.23,10111907311.0268,15.73220017897769,5.245672360894465,36.880457928771,7.390992839217131,1104857600.0,,5045075200.0,-1.163760977889037,16.721029166925387,17.628946703237673,2.58314497901195,122029.0,Communications,Major Telecommunications,OTC:QBCRF,US,5519371.67,0.42657279932266684,33.34353937285928,0.47182154248997527,1.0,0.42657279932266684,9.590224076780007,stable_or_general,True,0.08,0.5065727993226669,priority
DINO,HF Sinclair Corporation,103.57,18413072986.907864,9.884519946554686,1.790284203511944,19.41023151224,10.5979853224321,2310000000.0,,3244000000.0,16.25539972603217,,,1.90767781441357,2663421.3,Energy Minerals,Oil Refining/Marketing,NYSE:DINO,US,275850544.04099995,0.5092427640711835,18.111999502170658,0.5457442700001214,1.0,0.5092427640711835,6.688390137184541,cyclical,True,0.0,0.5092427640711835,priority
VLO,Valero Energy Corporation,360.74,103866952501.95932,14.963994159421253,4.1545625328804014,29.303775545549005,11.5894146467251,10120000000.0,,11349000000.0,12.921579878930906,847.4308300395257,899.6350970310168,1.27599881302436,2428831.5333333383,Energy Minerals,Oil Refining/Marketing,NYSE:VLO,US,876176687.3346685,0.5106507226743401,27.763727308492104,0.5389764131145391,1.0,0.5106507226743401,5.255460118656341,cyclical,True,0.0,0.5106507226743401,priority
ASO,"Academy Sports and Outdoors, Inc.",44.075,2733459746.9494047,7.7555868379377095,1.3197174621900574,18.848001006834,7.17682842876695,237191000.0,,1950911000.0,3.7727177759022297,-1.2057227378847928,4.694005379315417,1.28205128205128,1491478.9333333333,Retail Trade,Specialty Stores,NASDAQ:ASO,US,65736933.98666667,0.41148060397098085,17.016345632730786,0.45577276139830564,1.0,0.41148060397098085,9.718035209352339,stable_or_general,True,0.1,0.5114806039709808,priority
SFD,"Smithfield Foods, Inc.",22.06,8686509678.134361,8.21356765209621,1.2401988590845128,15.9037955655769,9.12068965517241,791000000.0,,2396000000.0,4.168350168350169,16.519823788546255,15.982208403506492,5.39037675896505,1450497.7333333334,Consumer Non-Durables,Food: Meat/Fish/Dairy,NASDAQ:SFD,US,31997979.997333333,0.5164532968390346,15.099392999678987,0.543966744376468,1.0,0.5164532968390346,5.057928232169995,stable_or_general,True,0.0,0.5164532968390346,priority
HTGC,"Hercules Capital, Inc.",17.7,3312802697.1162534,8.890451554573309,1.4570263655917872,17.1598757627833,8.46351731579779,329270000.0,,2350081000.0,44.00340653324412,47.966564046607694,32.06633499170811,9.0293453724605,1648402.3666666667,Finance,Finance/Rental/Leasing,NYSE:HTGC,US,29176721.89,0.5180953334088296,16.388665487325927,0.5424756250866603,1.0,0.5180953334088296,4.494264912628266,financial_special,True,0.0,0.5180953334088296,priority
WSM,"Williams-Sonoma, Inc.",224.63,26456735384.457672,22.980286243337527,12.356510890540116,54.9610894488196,21.9677467615691,1343494000.0,,1527946000.0,2.24013280613107,3.564966411827534,7.441277657481413,1.27491470641049,1021081.4666666667,Retail Trade,Specialty Stores,NYSE:WSM,US,229365529.85733333,0.4181191907547072,53.77004776919404,0.42738080393715777,1.0,0.4181191907547072,2.167063447195061,stable_or_general,True,0.1,0.5181191907547072,priority
INCY,Incyte Corporation,126.64,25669643554.6875,16.13988580750408,4.011680249063762,30.6672829098088,23.548749558292,1920466000.0,,38267000.0,26.925519673299608,85.14623307726757,78.375920705647,0.0,1612273.2666666666,Health Technology,Pharmaceuticals: Major,NASDAQ:INCY,US,204178286.49066666,0.5262900484197055,24.85569165054793,0.6493436607767173,1.0,0.5262900484197055,18.950460255486334,health_special,True,0.0,0.5262900484197055,priority
RLI,RLI Corp.,63.27,5806476028.464396,13.299840242159254,3.313969110476637,25.1636468760827,8.21521042371067,517015999.99999994,,318698000.0,10.286713341277158,35.63692465611541,36.083299959951944,1.06183635227983,670144.9666666667,Finance,Multi-Line Insurance,NYSE:RLI,US,42400072.041,0.5285338928675063,24.917360285063154,0.5337579940252305,1.0,0.5285338928675063,0.9787396565862472,financial_special,True,0.0,0.5285338928675063,priority
INFY,Infosys Limited,11.815,48367832092.03126,14.479166666666668,4.9711785248453735,32.270269242209,19.7567200496517,3922432380.0,,922999722.688077,-0.6411374642547443,4.255659292050957,5.740572761435777,3.69252274607113,18375405.1,Technology Services,Information Technology Services,NYSE:INFY,US,217105411.2565,0.4486844084873066,34.333319308284594,0.42172347324346415,1.0,0.4486844084873066,6.39303642182556,technology_strict,True,0.08,0.5286844084873066,priority
GSK,GSK plc,49.875,101154902047.095,15.713115528811317,4.307642080934441,29.687288133774604,7.94983447029918,8723438570.0,,24206385500.0,8.81509938017142,46.49498886015253,47.94910040085766,3.51327698053863,3446991.6,Health Technology,Pharmaceuticals: Major,NYSE:GSK,US,171918706.05,0.5292876687828834,27.414309231266184,0.5731720393264702,1.0,0.5292876687828834,7.656404627684732,health_special,True,0.0,0.5292876687828834,priority
MC,Moelis & Company,68.455,5553324992.397165,23.83447651544166,10.025703175916636,44.6780004051725,16.596332850061,433406000.0,,262753000.0,13.691499036074436,15.223701280672794,13.172826857908435,3.76048597049465,838328.8333333334,Finance,Investment Banks/Brokers,NYSE:MC,US,57387800.28583334,0.5334723196941078,42.063869829158094,0.5666258623432675,1.0,0.5334723196941078,5.851046493369372,financial_special,True,0.0,0.5334723196941078,priority
FERG,Ferguson Enterprises Inc.,223.405,43218302523.129036,19.997583157291704,6.969540607116385,37.4679213003867,12.2233695197589,1626597980.0,,6887000000.02112,8.17111512468635,33.53658536563654,37.48477054284554,2.34193656766564,3412401.2333333334,Distribution Services,Wholesale Distributors,NYSE:FERG,US,762347497.5328333,0.5337254500181016,34.85191461536734,0.5737872188081776,1.0,0.5337254500181016,6.981990444696374,stable_or_general,True,0.0,0.5337254500181016,priority
UBER,"Uber Technologies, Inc.",75.845,154917975035.0551,16.671062754148807,5.664200193573826,38.3820170693593,15.7312596996297,10116000000.0,,14731000000.0,16.68251251822273,-24.13274196103279,-22.807404516687306,0.0,17639339.833333332,Transportation,Other Transportation,NYSE:UBER,US,1337855729.6591666,0.4343456656804382,33.97623941019728,0.4906682741688394,1.0,0.4343456656804382,11.47875488461284,stable_or_general,True,0.1,0.5343456656804382,priority
EQNR,Equinor ASA,41.995,103055719895.54552,11.428454797801122,2.438166257451081,21.3550777079113,6.481802886831501,9598089140.0,,32420271797.37,6.809882876596938,10.359374122063048,21.6956449743335,2.70393811533052,2734216.433333333,Energy Minerals,Integrated Oil,NYSE:EQNR,US,114823419.11783332,0.5351633440119623,21.334172472031774,0.535687747569462,1.0,0.5351633440119623,0.09789351350278919,cyclical,True,0.0,0.5351633440119623,priority
LRN,"Stride, Inc.",84.545,3513677217.7112474,11.732095527524528,2.148275611475291,21.7350675525427,14.301351661937101,433227000.0,,545980000.0,4.688111925325467,17.451839092036217,19.757702662279378,0.0,976262.6666666666,Consumer Services,Other Consumer Services,NYSE:LRN,US,82538127.15333334,0.5397772746352489,18.311098869210937,0.6407095287575217,1.0,0.5397772746352489,15.753200099583797,stable_or_general,True,0.0,0.5397772746352489,priority
CIG,Comp En De Mn Cemig,2.13,7295222676.823501,7.02970297029703,1.0807629272945916,15.9728325411391,6.850679303608,565389740.0,,4395317767.75278,12.930283850563098,-24.569223855238597,-24.58934793429567,9.84148837209303,4412327.000000025,Utilities,Electric Utilities,NYSE:CIG,US,9398256.510000054,0.4401037168699765,15.374233191092078,0.4572392575891253,1.0,0.4401037168699765,3.747609251554418,stable_or_general,True,0.1,0.5401037168699765,priority
AA,Alcoa Corporation,50.385,13297076120.778158,10.335384615384616,1.8042164630052369,19.1040355423917,8.10225167226706,352000000.0,,2225000000.0,6.136241456109362,28.48605577689243,25.044887908479964,0.783545543584721,4610880.599999975,Non-Energy Minerals,Aluminum,NYSE:AA,US,232319219.03099877,0.541005307096005,17.456693970726466,0.5920585325443787,1.0,0.541005307096005,8.623003071836798,cyclical,True,0.0,0.541005307096005,priority
DUOL,"Duolingo, Inc.",156.0,7298618283.717416,18.70929828138305,5.170409745029198,34.4202821131293,22.7161972641042,407931000.0,,86136000.0,29.35653989371317,250.53463386327368,246.51124132485563,0.0,1301085.9333333333,Technology Services,Packaged Software,NASDAQ:DUOL,US,202969405.6,0.5435544723280045,27.635508650658945,0.6770021322164788,1.0,0.5435544723280045,19.711556808775743,technology_strict,True,0.0,0.5435544723280045,priority
LDOS,"Leidos Holdings, Inc.",131.81,16541128327.966455,12.284249767008387,3.13041264400765,27.669414840136703,9.4307940098009,2163000000.0,,6578000000.0,3.407025156863895,-1.8544935805991443,1.4695591322603239,1.27682079177999,1388460.6666666667,Technology Services,Packaged Software,NYSE:LDOS,US,183013000.47333336,0.4439649279893371,25.48314063439958,0.48205399574752306,1.0,0.4439649279893371,7.901411064775232,technology_strict,True,0.1,0.5439649279893372,priority
TROW,"T. Rowe Price Group, Inc.",109.165,23286623279.589966,10.94945786818323,2.1164465334790763,20.1020266196726,14.5949076412318,2822900000.0,,649500000.0,6.97025629464726,9.090451502491568,11.482723918148286,4.63564213564214,1631591.2666666666,Finance,Investment Managers,NASDAQ:TROW,US,178112660.62566668,0.5446942278679344,19.32923583028722,0.5664713268708942,1.0,0.5446942278679344,3.8443426824890325,financial_special,True,0.0,0.5446942278679344,priority
HTHT,H World Group Limited,46.17,13730055159.44029,20.868739830048817,6.834188408671737,38.2030520399068,7.82306421692539,1140177290.0,,5045244200.78403,13.026854876093044,38.331534956581244,34.828447803034926,4.46698316788951,1565584.5333333334,Consumer Services,Hotels/Resorts/Cruise lines,NASDAQ:HTHT,US,72283037.90400001,0.5462584457453659,32.748447986453,0.6372436287265142,1.0,0.5462584457453659,14.277927448717797,cyclical,True,0.0,0.5462584457453659,priority
CHDN,"Churchill Downs, Incorporated",89.31,6224928447.062472,15.32455944679902,4.661969375386932,34.3070595148157,5.48712130874623,568600000.0,,4781000000.0,5.7320564017387,-4.263293511360974,0.17704895489548914,0.485157288435977,1048492.3333333334,Consumer Services,Movies/Entertainment,NASDAQ:CHDN,US,93640850.29,0.4466882228767237,30.42155561842739,0.5037401650005171,1.0,0.4466882228767237,11.325668685508694,stable_or_general,True,0.1,0.5466882228767237,priority
LAUR,"Laureate Education, Inc.",35.87,4941069617.035326,16.101809040714638,4.329014778027866,29.3492407611268,14.4321338584867,286576000.0,,733992000.0,17.891922081653348,26.25627252809386,31.404471185040993,0.0,928698.4333333333,Commercial Services,Miscellaneous Commercial Services,NASDAQ:LAUR,US,33312412.803666666,0.548627788083757,26.885269643191183,0.5989082220267966,1.0,0.548627788083757,8.395348751914433,financial_special,True,0.0,0.548627788083757,priority
DLO,DLocal Limited,15.5,4372722562.737642,22.67407840842598,8.274831166751195,41.2815925392301,11.953269650620403,450739800.0,,67371000.0,57.02655064033165,39.80014255950574,34.6464447508371,1.24629911280101,2354010.4,Technology Services,Packaged Software,NASDAQ:DLO,US,36487161.199999996,0.5492539655992849,36.49467474574914,0.621298273416371,1.0,0.5492539655992849,11.595768232371173,technology_strict,True,0.0,0.5492539655992849,priority
UGP,Ultrapar Participacoes S.A. (New),7.245,7775224380.263499,11.973227565691621,2.2352004738810116,21.7461061930437,7.45652311207391,1116068500.0,,3779666727.84706,20.259257812835962,29.877434244013862,32.08906352324819,4.40177374301676,3075855.7,Retail Trade,Specialty Stores,NYSE:UGP,US,22284574.5465,0.5505917914408834,18.66832031394617,0.6413660878074297,1.0,0.5505917914408834,14.153273472388705,stable_or_general,True,0.0,0.5505917914408834,priority
TSCO,Tractor Supply Company,34.525,17988908662.216763,18.026837928153718,6.846381283451091,39.5134280929207,8.90745215710701,306981000.0,,6544978000.0,3.9757646603875236,-6.932379523751275,-5.799026117751223,2.74566473988439,10129509.633333333,Retail Trade,Specialty Stores,NASDAQ:TSCO,US,349721320.0908333,0.45622055079000956,37.97882529780023,0.4746549633065626,1.0,0.45622055079000956,3.883750079875792,stable_or_general,True,0.1,0.5562205507900095,priority
RHHBY,Roche Holding Ltd,54.74,352646283848.409,22.646036736720173,8.609070506620366,40.6797018881509,12.933697850399101,19018159600.0,,39428500588.855194,8.127929280498456,42.72586940826132,42.28867435837059,1.8122636725824,2225858.9,Health Technology,Pharmaceuticals: Major,OTC:RHHBY,US,121843516.186,0.5566913149704389,38.01579325649022,0.5957007547870632,1.0,0.5566913149704389,6.548495952564048,health_special,True,0.0,0.5566913149704389,priority
PAYX,"Paychex, Inc.",122.02,43400423374.40774,24.950924259774254,11.616903060457021,44.7686027139423,10.752445125937,2321800000.0,,4630300000.0,16.876357305669725,6.202860073613709,6.805276491657191,3.6296770067157,2525224.9,Technology Services,Data Processing Services,NASDAQ:PAYX,US,308127942.298,0.5573308691183203,46.559008954973784,0.535898955321488,1.0,0.5573308691183203,3.999245302498333,technology_strict,True,0.0,0.5573308691183203,priority
EXE,Expand Energy Corporation,97.578,22589676948.19548,8.422569980924102,1.1781235432375254,14.892762470881202,9.96809921502563,2476000000.0,,3728000000.0,42.486988006336276,1250.0,2897.490297542044,2.32205956587582,2754587.7,Energy Minerals,Integrated Oil,NASDAQ:EXE,US,268787158.5906,0.5655478624192238,13.987696699532378,0.6021413075968166,1.0,0.5655478624192238,6.077218871370826,cyclical,True,0.0,0.5655478624192238,priority
BURL,"Burlington Stores, Inc.",263.2151,16533908201.75833,23.61202960305001,8.257671633325199,41.4131366036882,7.38054715524393,412334000.0,,5906117000.0,10.889680464721154,30.711297224286305,31.537027422476054,0.0,1182716.0666666667,Retail Trade,Apparel/Footwear Retail,NYSE:BURL,US,311308727.75927335,0.5701579628949707,34.972307642111964,0.6751636135848681,1.0,0.5701579628949707,15.552622886822409,stable_or_general,True,0.0,0.5701579628949707,priority
MGY,Magnolia Oil & Gas Corporation,26.76,6341279453.746416,11.726041803601948,2.2897882801516602,20.5377177813271,13.991493746617401,352002000.0,,413131000.0,11.351103252384267,16.092789947847823,18.921313183949962,2.42557883131202,3535371.1,Energy Minerals,Oil & Gas Production,NYSE:MGY,US,94606530.636,0.5709515501407498,19.527376061786633,0.6004924454007309,1.0,0.5709515501407498,4.919444946600004,cyclical,True,0.0,0.5709515501407498,priority
VNT,Vontier Corporation,32.97,4457543961.059055,13.694704049844235,3.773291232391021,29.0690389675479,8.27901222819622,384800000.0,,1931100000.0,0.8844611034392056,-11.921032649962035,-8.271736645584085,0.302846759539673,1485360.3333333333,Transportation,Other Transportation,NYSE:VNT,US,48972330.19,0.4711096250939954,27.552922784292946,0.49703271616799777,1.0,0.4711096250939954,5.215570370068024,stable_or_general,True,0.1,0.5711096250939954,priority
LNG,"Cheniere Energy, Inc.",288.165,59515914344.838425,21.4421245312221,9.676870142927472,45.0612498061715,6.27984873041599,2791000000.0,,26556000000.0,21.64749903703296,-24.499870096128866,-21.674311258239555,0.763280041258381,1614681.5666666667,Industrial Services,Oil & Gas Pipelines,NYSE:LNG,US,465294713.6585,0.4758439817682426,45.13018347989203,0.47511715835978685,1.0,0.4758439817682426,0.15297772258213715,cyclical,True,0.1,0.5758439817682426,priority
EME,"EMCOR Group, Inc.",750.0,33082426398.181618,23.27205026762858,8.13454052807051,40.3662123371855,15.510205489277102,1171382000.0,,548028000.0,18.921375573376714,30.209787552442364,33.73516474396216,0.195597043112286,396507.93333333335,Industrial Services,Engineering & Construction,NYSE:EME,US,297380950.0,0.5765230107108732,34.95412064911898,0.6657884631469094,1.0,0.5765230107108732,13.407479609081086,cyclical,True,0.0,0.5765230107108732,priority
AEO,"American Eagle Outfitters, Inc.",16.884,2829308204.6666665,10.438330757341577,1.7197860962566844,17.9812452086212,7.14574405623489,185027000.0,,1874689000.0,6.220840196694059,42.53392975143598,65.52394596807204,2.93944738389183,4319216.566666666,Retail Trade,Apparel/Footwear Retail,NYSE:AEO,US,72925652.5116,0.5805121189458484,16.475681181563534,0.6335598900166982,1.0,0.5805121189458484,8.3729686659065,stable_or_general,True,0.0,0.5805121189458484,priority
AMX,"America Movil, S.A.B. de C.V.",23.22,70821550834.40953,13.992166315155167,3.244530269706819,24.0483718778005,5.00254436348133,7898689250.0,,39563731082.3377,13.40167132221154,74.12242080810877,76.61770966368667,2.55698878343399,2810515.7666666773,Communications,Wireless Telecommunications,NYSE:AMX,US,65260176.102000244,0.5818342458381391,23.188191139442146,0.6034177582465704,1.0,0.5818342458381391,3.5768772319776043,stable_or_general,True,0.0,0.5818342458381391,priority
RL,Ralph Lauren Corporation,348.4,20742019402.226612,21.965412671092533,7.629570762188425,37.5374744600813,12.7562376301872,1043200000.0,,3003900000.0,14.676292565091492,23.681892538064677,26.61185392137298,1.08585124927368,613101.8,Consumer Non-Durables,Apparel/Footwear,NYSE:RL,US,213604667.12,0.5851595768503643,34.7344749512914,0.6323807313021115,1.0,0.5851595768503643,7.467203239180897,stable_or_general,True,0.0,0.5851595768503643,priority
NFG,National Fuel Gas Company,82.876392,7876995262.931751,11.529024413994573,2.0073542897197574,19.5755806461853,7.146561630807441,222266000.0,,3567401000.0,12.534718978818816,177.27405241827864,169.00048647232722,2.5858972824135,562094.3,Energy Minerals,Integrated Oil,NYSE:NFG,US,46584347.5477656,0.588949294653042,17.411310945643578,0.662157171851509,1.0,0.588949294653042,11.055966817328999,cyclical,True,0.0,0.588949294653042,priority
PSX,Phillips 66,248.5,99156696204.6729,14.144311823733984,3.147232075880082,24.0113904096818,8.97991784573254,6394000000.0,,20565000000.0,15.5961228273814,314.4528964306612,322.8171929149018,1.96732898766983,2650563.6666666665,Energy Minerals,Oil Refining/Marketing,NYSE:PSX,US,658665071.1666666,0.5890667546695154,22.25086745188313,0.6356746250149868,1.0,0.5890667546695154,7.332032538560518,cyclical,True,0.0,0.5890667546695154,priority
ERIXF,Ericsson (L.M.) Telephone Co.,10.0,33368021538.016533,13.190682956315912,3.0949063272485624,25.8350585707173,8.82651033030473,3202699500.0,,4054390600.0,-9.649434541634752,39.00459924692466,39.06823744568052,3.01652892561983,958859.7,Electronic Technology,Telecommunications Equipment,OTC:ERIXF,US,9588597.0,0.5105729843890064,23.462820973698495,0.5621950988375393,1.0,0.5105729843890064,9.182241993086171,technology_strict,True,0.08,0.5905729843890064,priority
RRC,Range Resources Corporation,41.6615,9735439062.501226,11.496950630570963,2.067474868380634,19.45296913805,11.7184814346494,680416000.0,,1016557000.0,16.839997427726253,79.53491870164979,82.40712775596496,0.896860986547085,2349040.7666666666,Energy Minerals,Oil & Gas Production,NYSE:RRC,US,97864561.90048333,0.5910126392008165,17.9828107018492,0.6393300147116998,1.0,0.5910126392008165,7.557501509243492,cyclical,True,0.0,0.5910126392008165,priority
RELY,"Remitly Global, Inc.",26.485,5606452120.328937,19.06218511587736,4.975035596346819,32.2455689645147,22.3151228441638,344543000.0,,38264000.0,23.786269630302527,2066.0819544066476,2126.6025641025644,0.0,3274512.5,Commercial Services,Miscellaneous Commercial Services,NASDAQ:RELY,US,86725463.5625,0.5911567303047042,26.098978506944572,0.7303805055360761,1.0,0.5911567303047042,19.061814242863196,financial_special,True,0.0,0.5911567303047042,priority
UNP,Union Pacific Corporation,290.42,172531403209.69327,23.518265080534796,8.344071563299533,39.6956486420622,10.4873843776603,6504000000.0,,31169000000.0,4.1692288771368835,5.695746214852199,7.263409337676438,1.92287739927373,2522543.1666666665,Transportation,Railroads,NYSE:UNP,US,732596986.4633334,0.5924645618616855,35.47911180831793,0.66287637660143,1.0,0.5924645618616855,10.622163834038878,stable_or_general,True,0.0,0.5924645618616855,priority
IBM,International Business Machines Corporation,232.59,219131046228.10736,20.645487710702206,6.359566076298934,34.5539936411614,7.1204320815208,13790000000.0,,65272000000.0,7.895065584009994,83.867649579976,82.7337312658146,2.87162881854203,5769195.033333333,Technology Services,Information Technology Services,NYSE:IBM,US,1341857072.803,0.59748485009006,30.803661145782783,0.6702283736012563,1.0,0.59748485009006,10.853542818596651,technology_strict,True,0.0,0.59748485009006,priority
ECG,"Everus Construction Group, Inc.",117.43,5996426319.863277,23.62016252313139,7.755327123171872,39.5245454757263,14.380194899871402,250372000.0,,364150000.0,30.5341115385298,53.520965309200605,53.09006928406465,0.0,562695.4666666667,Industrial Services,Engineering & Construction,NYSE:ECG,US,66077328.65066667,0.5976074421308029,32.83350449251577,0.7193920627179923,1.0,0.5976074421308029,16.9288246143647,cyclical,True,0.0,0.5976074421308029,priority
CSL,Carlisle Companies Incorporated,344.905,13697603800.748156,19.65819516560179,8.488262175951322,39.3975065546578,12.528394347504298,864800000.0,,2884900000.0,1.9033148066695988,-9.98393673545039,-2.518557205084889,1.31868768838396,556954.0,Producer Manufacturing,Building Products,NYSE:CSL,US,192096219.36999997,0.4989705411516121,43.17925478125384,0.45526944050308954,1.0,0.4989705411516121,9.59895322651818,cyclical,True,0.1,0.5989705411516121,priority
STZ,"Constellation Brands, Inc.",128.887555,16696505537.097666,12.295849630802692,2.67696476824053,23.5086430729781,8.22331501823246,1834200000.0,,10533800000.0,-9.988172032323153,,,3.17607870477961,1772687.4666666666,Consumer Non-Durables,Beverages: Alcoholic,NYSE:STZ,US,228477353.35781065,0.5230352765420179,21.771287455682508,0.5647736568557117,1.0,0.5230352765420179,7.390284551525594,stable_or_general,True,0.08,0.6030352765420178,priority
MAT,"Mattel, Inc.",14.27,4076939228.51958,10.50964795993519,2.0403902907734897,20.5024152411392,6.78210028020173,434607000.0,,2746311000.0,2.8952140335620222,-18.76364714400551,-12.456479690522247,0.0,3445502.9,Consumer Durables,Recreational Products,NASDAQ:MAT,US,49167326.382999994,0.5126053607014561,19.414449452083,0.5413312381519836,1.0,0.5126053607014561,5.306524993568251,stable_or_general,True,0.1,0.6126053607014561,priority
LOGI,Logitech International S.A. - Registered Shares,101.625,14341501146.686857,19.01128556679475,6.216881994399744,34.9595190107701,20.4036678634583,1004091336.659,,84211351.86542001,-4.164577903096627,13.093109124091413,16.328958034319864,1.54185022026432,982892.9,Electronic Technology,Computer Peripherals,NASDAQ:LOGI,US,99886490.9625,0.5438085564317369,32.7010078963739,0.581366960524261,1.0,0.5438085564317369,6.46036094976139,technology_strict,True,0.08,0.6238085564317368,priority
ADSK,"Autodesk, Inc.",220.8899,46165989930.47609,28.61342262752921,13.646466830588267,53.8537225319777,13.7757456269139,2839000000.0,,3705000000.0,18.699680996506153,57.43048897411314,60.05888329082955,0.0,1978696.7333333334,Technology Services,Packaged Software,NASDAQ:ADSK,US,437074123.5563267,0.53131745183518,47.692535801218305,0.5999559919981919,1.0,0.53131745183518,11.440595823438137,technology_strict,True,0.1,0.63131745183518,priority
POOL,Pool Corporation,183.64,6673615197.809529,16.88628150545742,5.296546313775087,31.083936796925197,10.7027445936255,301133000.0,,1695166000.0,2.2340357989278705,-2.693121628399124,0.3534253654215226,2.77068506546423,653065.0666666667,Distribution Services,Wholesale Distributors,NASDAQ:POOL,US,119928868.84266666,0.543247839415495,31.365971910768604,0.5383630883014341,1.0,0.543247839415495,0.9073339573618666,stable_or_general,True,0.1,0.643247839415495,priority
FIZZ,National Beverage Corp.,31.81,2977800775.5631547,16.2237976232978,4.685286051368763,34.0179288384969,23.9508587972925,156112000.0,,58936000.0,-1.731546238660711,-1.6984172014923378,-1.6798716277203825,0.0,320115.3,Consumer Non-Durables,Beverages: Non-Alcoholic,NASDAQ:FIZZ,US,10182867.693,0.4769190299715688,28.879095758939755,0.5617834352820965,1.0,0.4769190299715688,15.106249131022075,stable_or_general,True,0.18,0.6569190299715688,priority
AB,AllianceBernstein Holding L.P.,36.9,3438165593.679092,10.894596988485384,2.737768518333033,19.3858871535543,19.3608701147118,313888000.0,,0.0,,-17.086527058111862,0.9357491953748985,9.37331172339276,275565.4,Finance,Investment Managers,NYSE:AB,US,10168363.26,0.5619859902304196,25.129598839008086,0.4335364467328447,1.0,0.5619859902304196,29.62831486616131,financial_special,True,0.1,0.6619859902304196,priority
EXP,Eagle Materials Inc,193.235,5927546190.296493,15.284556060905675,4.003206957523351,27.030126504596304,11.021152753981,170513000.0,,1795407000.0,1.6805094578678674,-11.119010191285303,-6.856894468511478,0.516582291559045,422422.73333333334,Non-Energy Minerals,Construction Materials,NYSE:EXP,US,81626856.87566668,0.5654637264944592,26.191188946354938,0.5835762588789558,1.0,0.5654637264944592,3.103713029603128,cyclical,True,0.1,0.6654637264944592,priority
ALV,"Autoliv, Inc.",124.54,9120963696.499002,14.665049515443402,3.6630370618525014,25.9326477112321,7.57673952748483,757000000.0,,2189000000.0,5.8874127879193345,-10.06993006993007,-7.086433260393877,2.7828868452619,522775.6,Producer Manufacturing,Auto Parts: OEM,NYSE:ALV,US,65106473.224,0.5655052919679925,24.978006777236228,0.587118485723546,1.0,0.5655052919679925,3.6812320308596824,cyclical,True,0.1,0.6655052919679925,priority
QCOM,QUALCOMM Incorporated,169.63,178151181944.2895,19.632192954029907,6.482713972937163,33.7507062533034,16.5001915725882,10416000000.0,,15270000000.0,1.8748410661858197,-20.02936603903956,-16.66602368735774,2.12967906507682,10561848.766666668,Electronic Technology,Semiconductors,NASDAQ:QCOM,US,1791606406.2896667,0.5816824337448754,33.020834647035464,0.5945395736928303,1.0,0.5816824337448754,2.1625372837834944,technology_strict,True,0.1,0.6816824337448754,priority
LOPE,"Grand Canyon Education, Inc.",149.95,3908452186.3637257,18.1144976382899,5.875631743066205,30.9786975339986,23.1118047444936,242562000.0,,104212000.0,6.967770094401563,-5.202317026764196,0.33574943637731414,0.0,299436.5333333333,Commercial Services,Miscellaneous Commercial Services,NASDAQ:LOPE,US,44900508.17333333,0.5847404532876034,32.43607336173908,0.5584676491593272,1.0,0.5847404532876034,4.704445130854973,financial_special,True,0.1,0.6847404532876034,priority
SCCO,Southern Copper Corporation,199.22,168210148686.02295,29.83809366902811,13.315999318225112,50.0720696820975,25.9253154588576,5100400000.0,,8624400000.0,32.80086809498574,56.853185595567865,55.917519032273155,1.9551793271758,1086940.1046542567,Non-Energy Minerals,Other Metals/Minerals,NYSE:SCCO,US,216540207.64922103,0.5959029426677817,44.62751362714266,0.6686030935606604,1.0,0.5959029426677817,10.873439203775215,cyclical,True,0.1,0.6959029426677816,priority
RYAAY,Ryanair Holdings plc,55.7,27459148871.51086,13.48472376894398,2.6701335258513987,22.599930043681,10.5112645441434,1987838490.0,,207966270.0,13.241816539905313,-4.667178851699983,-1.6313019456550055,1.40899817184644,1062299.5666666469,Transportation,Airlines,NASDAQ:RYAAY,US,59170085.863332234,0.5966710402590093,19.801173324742887,0.6810062993637815,1.0,0.5966710402590093,12.383917620668273,cyclical,True,0.1,0.6966710402590093,priority
NVR,"NVR, Inc.",6341.89,16900249567.457539,16.44675045266952,4.808890745278618,31.5441798028199,20.0056810020089,1046421000.0,,1050702000.0,-9.656604948267479,-24.916516892665328,-18.614432631103945,0.0,32418.666666666668,Consumer Durables,Homebuilding,NYSE:NVR,US,205595617.9466667,0.521387798176298,29.23915431876741,0.5624906340780529,1.0,0.521387798176298,7.30729249725629,cyclical,True,0.18,0.7013877981762979,priority
SAIC,Science Applications International Corporation,125.785,5270094195.966086,14.692792898025932,3.6789480580559264,25.7365391127667,7.153614457831331,619000000.0,,2705000000.0,-0.7774798927613941,-4.761904761904762,3.482454761933542,1.1699604743083,459836.5,Technology Services,Information Technology Services,NASDAQ:SAIC,US,57840534.152499996,0.570892334577244,25.03913370037507,0.5867931803809108,1.0,0.570892334577244,2.709787082621673,technology_strict,True,0.18,0.750892334577244,priority
UCBJY,UCB S.A.,124.16,48745721621.30749,18.830095394088296,3.553382009171938,20.7289055033371,11.6944819311391,1722679140.0,,4102160399.9999995,33.51013490099484,76.91214505263761,77.20236495565707,0.409637971642932,44737.76666666667,Health Technology,Pharmaceuticals: Major,OTC:UCBJY,US,5554641.109333334,0.9083979562286529,18.87075946671795,0.9978451279238988,1.0,0.9083979562286529,8.964033515035375,health_special,True,0.0,0.9083979562286529,reject_valuation
DXCM,"DexCom, Inc.",88.715,33477558443.27901,35.018157416910086,12.772190988993588,38.4907113292906,14.5070126176328,1405000000.0,,1398400000.0,15.541294642857142,74.92563429571304,77.35928311397369,0.0,4738038.266666667,Health Technology,Medical Specialties,NASDAQ:DXCM,US,420335064.82733333,0.9097820281191329,36.47305264218718,0.9601104070023944,1.0,0.9097820281191329,5.241936606061182,health_special,True,0.0,0.9097820281191329,reject_valuation
UTHR,United Therapeutics Corporation,493.085,21148755383.1913,17.636948940355897,3.287862630240761,19.3150089510016,17.3306628063009,1089600000.0,,0.0,2.49203976866593,5.539006521214073,9.163357502918695,0.0,524923.1333333333,Health Technology,Biotechnology,NASDAQ:UTHR,US,258831723.19966665,0.9131214479422394,18.641901393260003,0.9460917407669881,1.0,0.9131214479422394,3.484893843172121,health_special,True,0.0,0.9131214479422394,reject_valuation
YUMC,"Yum China Holdings, Inc.",43.706,14967474553.905792,16.044198083770787,2.814740776710284,17.4950654943629,8.92285165187923,955676200.0,,2302000000.0,8.780829106236581,6.093579978307344,12.575419456153403,2.54062714579995,1552264.5,Consumer Services,Restaurants,NYSE:YUMC,US,67843272.237,0.9170699068797656,17.54366757387197,0.9145293033063185,1.0,0.9170699068797656,0.2778045016449404,stable_or_general,True,0.0,0.9170699068797656,reject_valuation
WMS,"Advanced Drainage Systems, Inc.",134.345,10130330822.582733,23.19132040946676,5.347726624071676,25.2749673440048,10.8743685219161,550153000.0,,1765658000.0,10.374816405022768,4.245976352694295,4.580083766608902,0.54883927909219,656743.2,Producer Manufacturing,Miscellaneous Manufacturing,NYSE:WMS,US,88230165.204,0.9175608456312296,23.059172697595603,1.0057308088891208,1.0,0.9175608456312296,8.766755724156372,cyclical,True,0.0,0.9175608456312296,reject_valuation
TT,Trane Technologies plc,447.29119,98414429700.12956,33.88184600234822,11.427505446247384,36.4535671533745,13.3564579293352,3596252310.0,,4616800000.03076,7.035146819018374,3.256302521458079,4.751362803208827,0.894000314472472,1090983.2666666706,Producer Manufacturing,Industrial Machinery,NYSE:TT,US,487987203.6174224,0.9294521400277225,33.72751722398888,1.0045757527105958,1.0,0.9294521400277225,7.478143134569104,cyclical,True,0.0,0.9294521400277225,reject_valuation
TTC,Toro Company (The),91.88,8749689507.746237,24.60170830321043,6.508151480979877,26.4468224503167,10.2979109385187,711500000.0,,1078000000.0,5.241614302150633,9.0990990990991,13.265398962787742,1.6780339937209,636878.6666666666,Producer Manufacturing,Trucks/Construction/Farm Machinery,NYSE:TTC,US,58516411.89333332,0.9302330497142891,26.454063273852363,0.9299784327471224,1.0,0.9302330497142891,0.0273788034432787,cyclical,True,0.0,0.9302330497142891,reject_valuation
CMC,Commercial Metals Company,68.6,7588829466.562908,12.928759894459102,1.6756244998773813,13.7926654892148,7.08878726598372,405038000.0,,3624866000.0,15.233855344017813,1516.619580571553,1609.9581050596196,1.10545454545455,1030721.6333333333,Non-Energy Minerals,Steel,NYSE:CMC,US,70707504.04666665,0.9373648555871067,12.960442560276071,0.9975554333372783,1.0,0.9373648555871067,6.033807820464332,cyclical,True,0.0,0.9373648555871067,reject_valuation
HST,"Host Hotels & Resorts, Inc.",22.075,15124120744.515692,14.808479237941906,2.3671526076209983,15.7684630738523,7.83580666081715,1013000000.0,,5645000000.0,4.92660705247174,55.84218512898331,57.82953943885653,3.63801728058208,9060753.066666666,Finance,Real Estate Investment Trusts,NASDAQ:HST,US,200016123.94666666,0.9391200124315053,15.985116159368618,0.9263917190406463,1.0,0.9391200124315053,1.3739645043503002,financial_special,True,0.0,0.9391200124315053,reject_valuation
MCRI,"Monarch Casino & Resort, Inc.",120.2,2154287029.791857,19.29373996789727,3.735095353690535,20.5436122779602,15.845086240200901,154299000.0,,12791000.0,5.10011333585192,14.671694942381563,16.907487333458448,0.995107388672361,127522.1,Consumer Services,Hotels/Resorts/Cruise lines,NASDAQ:MCRI,US,15328156.420000002,0.9391600516427274,19.359104869793704,0.9966235576316121,1.0,0.9391600516427274,5.76581855293905,cyclical,True,0.0,0.9391600516427274,reject_valuation
CHRD,Chord Energy Corporation,144.95,7928456569.905405,9.716971013326898,0.9573443169577809,10.2356188747689,6.41229449423972,1188524000.0,,1502800000.0,19.22543761748342,217.387961252874,281.93409632076197,3.51351351351351,698964.3333333334,Energy Minerals,Integrated Oil,NASDAQ:CHRD,US,101314880.11666666,0.9493291155339435,9.852291579801731,0.9862650668244274,1.0,0.9493291155339435,3.7450329057491683,cyclical,True,0.0,0.9493291155339435,reject_valuation
HBM,Hudbay Minerals Inc.,27.47,12199972620.628366,16.619058036388417,2.546343413039141,17.4766763407614,9.79316908014239,220279382.39999998,,912104160.0,8.71658795284507,121.81417578402618,121.08299559063627,0.0785134781470819,4591800.033333343,Non-Energy Minerals,Other Metals/Minerals,NYSE:HBM,US,126136746.91566694,0.9509278373272421,15.321827551620377,1.084665519201125,1.0,0.9509278373272421,12.329854642413917,cyclical,True,0.0,0.9509278373272421,reject_valuation
CMPGY,Compass Group Plc,30.72,52471667390.0,25.852057561221915,6.572416389963372,27.083172086630004,7.34868989516046,3076442570.0,,9131000000.0,10.564295826266893,38.07448546952558,38.14229249011857,2.099805573558,298645.7333333331,Consumer Services,Restaurants,OTC:CMPGY,US,9174396.927999992,0.9545431930399376,25.4231848834423,1.0168693529054629,1.0,0.9545431930399376,6.129220011149227,stable_or_general,True,0.0,0.9545431930399376,reject_valuation
AMAT,"Applied Materials, Inc.",454.68,360832874369.4407,39.20601524505915,14.080734125650762,41.0680257035232,23.8431554166184,5623000000.0,,7346000000.0,7.772690734980603,35.64110070257611,38.26930872499227,0.454222201830653,7308478.066666666,Producer Manufacturing,Industrial Machinery,NASDAQ:AMAT,US,3323018807.3519998,0.9546603366836719,35.914728996656336,1.0916416840764476,1.0,0.9546603366836719,12.548196848003734,cyclical,True,0.0,0.9546603366836719,reject_valuation
WDFC,WD-40 Company,209.78,2815477576.533118,31.87031888549595,10.113803186296371,33.2153155591224,18.6200142710964,79495000.0,,114414000.0,10.151590599260414,3.1376048959154343,3.54575343327722,1.90059868858691,99846.4,Process Industries,Industrial Specialties,NASDAQ:WDFC,US,20945777.792,0.959506732030518,31.73423906624016,1.0042881072072265,1.0,0.959506732030518,4.459016775697844,cyclical,True,0.0,0.959506732030518,reject_valuation
COCO,"The Vita Coco Company, Inc.",54.6025,3134024343.8240743,30.137156419030795,7.817387880740184,31.3695200782984,22.0227178756141,124440000.0,,14062000.0,26.101889872633194,69.93215444566921,67.7903315428783,0.0,922091.0666666667,Consumer Non-Durables,Food: Specialty/Candy,NASDAQ:COCO,US,50348477.46766666,0.9607146154550142,25.939367908658152,1.1618307942257717,1.0,0.9607146154550142,17.31028130518597,stable_or_general,True,0.0,0.9607146154550142,reject_valuation
UMC,United Microelectronics Corporation (NEW),20.805,49461747644.53125,19.874856706152084,3.7555032879832924,20.6456906620625,13.2540065382031,2011399020.0,,1991740492.5211499,9.066383739068833,104.8006557557075,104.81314811191547,1.54411883182276,12744452.833333334,Electronic Technology,Semiconductors,NYSE:UMC,US,265148341.19750002,0.9626636876175394,18.89575026128772,1.0518162248826017,1.0,0.9626636876175394,8.476056477928273,technology_strict,True,0.0,0.9626636876175394,reject_valuation
RAMP,"LiveRamp Holdings, Inc.",37.75,2295010359.235964,15.595951249741788,2.347896719910537,16.0547763905114,12.3098196427903,200025000.0,,33118000.000000004,8.85130441721467,971.585078352517,1026.8621973929237,0.0,891656.5666666667,Technology Services,Packaged Software,NYSE:RAMP,US,33660035.391666666,0.9714212686860725,15.054527180247563,1.035964202861489,1.0,0.9714212686860725,6.23022822575715,technology_strict,True,0.0,0.9714212686860725,reject_valuation
DVN,Devon Energy Corporation,47.56,52316000981.61344,11.262402614317176,1.3100160033494102,11.547872621331901,6.41357801394171,1517000000.0,,11893000000.0,18.282201265369462,15.330520393811534,-5.407342696503363,2.1315843410535,9976714.233333332,Energy Minerals,Integrated Oil,NYSE:DVN,US,474492528.9373333,0.9752794288285282,11.63176320551771,0.9682455200751231,1.0,0.9752794288285282,0.7264592097321998,cyclical,True,0.0,0.9752794288285282,reject_valuation
JKHY,"Jack Henry & Associates, Inc.",163.55,11466917010.26905,23.453744998781065,5.584968699588444,24.0402736839438,15.9061152726401,694857000.0,,77821000.0,6.657126774889287,10.318860422865269,11.760557736998164,1.41355348339966,901533.7666666667,Technology Services,Packaged Software,NASDAQ:JKHY,US,147445847.53833336,0.9756022459280708,23.812694731177068,0.9849261187594177,1.0,0.9756022459280708,0.9466570795270468,technology_strict,True,0.0,0.9756022459280708,reject_valuation
CRVL,CorVel Corp.,67.5,3409868560.898369,30.053428317008013,8.352451166002183,30.697449109956604,17.9203734045586,113820000.0,,28394000.0,7.0938994837673,14.392549319103775,15.803042021139468,0.0,170619.49999999994,Finance,Insurance Brokers/Services,NASDAQ:CRVL,US,11516816.249999996,0.9790203807931486,27.792007879764302,1.0813694514994103,1.0,0.9790203807931486,9.46476438411924,financial_special,True,0.0,0.9790203807931486,reject_valuation
BOOT,"Boot Barn Holdings, Inc.",148.88,4508807511.2318125,18.83650902097725,3.3235162212281337,19.1754184326974,10.4050851881392,116708000.0,,806049000.0,17.648591589955743,24.121346083984424,24.691182734630132,0.0,669761.4333333333,Retail Trade,Apparel/Footwear Retail,NYSE:BOOT,US,99714082.19466667,0.9823258400900264,17.64401364141787,1.0675864009059761,1.0,0.9823258400900264,7.986291389961108,stable_or_general,True,0.0,0.9823258400900264,reject_valuation
EXPO,"Exponent, Inc.",68.39,3251676918.877373,30.703959773727217,11.262878448525731,31.2035868630582,15.8297294981493,108558000.0,,80721000.0,12.835718643958938,8.687619121708352,11.772380570052185,1.74161313347609,424750.9,Industrial Services,Engineering & Construction,NASDAQ:EXPO,US,29048714.051000003,0.9839881520184307,36.68216911280335,0.837026831191683,1.0,0.9839881520184307,17.55754001547567,cyclical,True,0.0,0.9839881520184307,reject_valuation
FRSH,Freshworks Inc.,12.69,3311084589.157186,19.439338235294116,3.72239007362647,19.6954671019922,12.465612625341,220559000.0,,34594000.0,15.569807837135292,,,0.0,6716028.733333333,Technology Services,Packaged Software,NASDAQ:FRSH,US,85226404.626,0.9869955424072082,19.148748936669502,1.015175367309148,1.0,0.9869955424072082,2.7758578280552615,technology_strict,True,0.0,0.9869955424072082,reject_valuation
CRH,CRH PLC,92.23,61359188649.38158,16.264305993969,2.4186653939149183,16.4467442863476,6.778275396324811,2919608220.0,,19813000000.132,6.286626131904259,16.850490196624236,18.52726626674749,1.67318557149066,4462669.0,Non-Energy Minerals,Construction Materials,NYSE:CRH,US,411591961.87,0.9889073308855394,14.87100276403917,1.0936926212736031,1.0,0.9889073308855394,9.580872024723131,cyclical,True,0.0,0.9889073308855394,reject_valuation
MSA,MSA Safety Incorporated,188.57,7274708222.753235,23.451646602328122,5.206834795584034,23.6581485356397,12.1892835055929,354299000.0,,643508000.0,6.4823279613924925,13.370283444665102,14.6474656020532,1.14005647008684,270561.86666666664,Electronic Technology,Electronic Equipment/Instruments,NYSE:MSA,US,51019851.19733333,0.9912714246002601,22.20242733432259,1.056264986219519,1.0,0.9912714246002601,6.15314930128259,technology_strict,True,0.0,0.9912714246002601,reject_valuation
OKE,"ONEOK, Inc.",94.35,59475380246.080414,16.298996320417363,2.592958311221505,16.3334599146693,5.4947284573129,2906000000.0,,33022000000.0,41.83093049046614,18.20239249919172,12.846755170867707,4.42819843342037,3575351.1666666665,Industrial Services,Oil & Gas Pipelines,NYSE:OKE,US,337334382.575,0.9978900003776305,15.908699285816564,1.0245335603865973,1.0,0.9978900003776305,2.6005551247060277,cyclical,True,0.0,0.9978900003776305,reject_valuation
CTSH,Cognizant Technology Solutions Corporation,62.79,28283391921.22695,13.475116423804108,1.9624585645892338,14.924369747899203,10.8321744858377,2598000000.0,,2094000000.0,5.642878063067461,-8.866995073891626,-5.379117085651624,2.01113861386139,8060251.933333373,Technology Services,Information Technology Services,NASDAQ:CTSH,US,506103218.89400244,0.9028934991175024,14.563574093671688,0.9252616381894505,1.0,0.9028934991175024,2.4174934038893037,technology_strict,True,0.1,1.0028934991175025,reject_valuation
MARUY,Marubeni Corp.,32.520016,55353838719.38517,14.31653797050407,1.927064096775073,14.2494096434975,5.85817854540215,2860572020.0,,16357581910.475302,6.526536017575539,8.206584362659953,9.317098994176813,1.82443448378903,175735.26666666666,Process Industries,Agricultural Commodities/Milling,OTC:MARUY,US,5714913.683764266,1.004710954957857,13.460405726198223,1.0636037472956363,1.0,1.004710954957857,5.537098988934797,cyclical,True,0.0,1.004710954957857,reject_valuation
VICI,VICI Properties Inc.,25.565,28149046243.645813,9.914294578453426,0.9649729720752336,9.84325351631456,5.86421600843371,2636974000.0,,17843674000.0,4.364077866488189,0.3461314907818,-1.3542463657230337,7.01754385964912,9392994.066666666,Finance,Real Estate Investment Trusts,NYSE:VICI,US,240131893.31433335,1.0072172338161482,9.733148076640708,1.0186112961999894,1.0,1.0072172338161482,1.1185878682425376,financial_special,True,0.0,1.0072172338161482,reject_valuation
SRCE,1st Source Corporation,86.8,2090302468.8517025,12.336730197984622,1.595178297930054,13.550542711232502,1.8527182201305903,208720000.0,,294280000.0,4.238822465415843,21.428367335276302,21.671537517076793,1.93883439122908,120243.46666666666,Finance,Regional Banks,NASDAQ:SRCE,US,10437132.906666666,0.9104233284884073,12.930316804615284,0.9540934212517677,1.0,0.9104233284884073,4.577129638527988,financial_special,True,0.1,1.0104233284884074,reject_valuation
PPC,Pilgrim's Pride Corporation,30.355,7227784657.677974,13.271685904162295,1.9259613627596288,14.573600010898,5.41582314196676,304421000.0,,3112965000.0,1.4179756655971987,-55.902323427360464,-55.971355971355976,0.0,1558968.6666666667,Process Industries,Agricultural Commodities/Milling,NASDAQ:PPC,US,47322493.87666667,0.9106662660041345,14.511806387428177,0.9145440305529283,1.0,0.9106662660041345,0.42401070033220023,cyclical,True,0.1,1.0106662660041346,reject_valuation
PACS,"PACS Group, Inc.",42.89,6791013912.878802,25.702642775813505,6.115828574280439,28.0792180426029,4.82454167185703,455777000.0,,3404921000.0,15.152930799391525,103.52422574401162,103.6241610738255,0.0,768847.5333333333,Health Services,Hospital/Nursing Management,NYSE:PACS,US,32975870.704666667,0.9153617717137436,23.794551508281113,1.0801902598108786,1.0,0.9153617717137436,15.259208884737907,stable_or_general,True,0.1,1.0153617717137435,reject_valuation
JBS,JBS N.V.,13.17,14104136589.78082,12.292327795407878,1.5672246557639238,13.390540268582102,2.5426554293141503,388493440.0,,24447973995.112103,334.1521438283028,20.337821969482704,-18.413036856533658,0.0076103500761035,5983720.933333334,Consumer Non-Durables,Food: Meat/Fish/Dairy,NYSE:JBS,US,78805604.692,0.9179859474564344,12.749616523807653,0.9641331386284545,1.0,0.9179859474564344,4.786391974625792,stable_or_general,True,0.1,1.0179859474564343,reject_valuation
ITRI,"Itron, Inc.",95.32,4173753582.1195188,15.93553564263742,2.581697788601961,16.9668001958194,7.19340365735315,361815000.0,,1601334000.0,-5.694449107744618,1.51622943530458,2.172724788193499,0.0,918725.2666666667,Electronic Technology,Electronic Equipment/Instruments,NASDAQ:ITRI,US,87572892.41866666,0.9392186775773972,16.200884905897496,0.9836213105147434,1.0,0.9392186775773972,4.514199973372857,technology_strict,True,0.08,1.0192186775773973,reject_valuation
KOF,Coca Cola Femsa S.A.B. de C.V.,111.835,5889641237.750129,17.655463113524778,2.8793598802066827,17.2730858706049,7.42242924861747,1212435950.0,,5119941970.09801,13.181629178520252,11.273681951494966,11.274483970136142,3.37560483512577,135567.43333333332,Consumer Non-Durables,Beverages: Non-Alcoholic,NYSE:KOF,US,15161183.90683333,1.0221371702650193,16.30860579352903,1.0825856812683619,1.0,1.0221371702650193,5.583716102038306,stable_or_general,True,0.0,1.0221371702650193,reject_valuation
GOLF,Acushnet Holdings Corp.,86.74,5066053350.312506,23.68004368004368,5.478147408521759,25.3747208420615,8.84447347126616,183737000.0,,960066000.0,8.768363996564798,-4.427433132066614,-2.0745334972999077,1.13177041228779,398548.43333333335,Consumer Durables,Recreational Products,NYSE:GOLF,US,34570091.10733333,0.9332139583892999,23.134025775207753,1.0236023729782944,1.0,0.9332139583892999,8.830422532726113,stable_or_general,True,0.1,1.0332139583892999,reject_valuation
FRPT,"Freshpet, Inc.",69.14,3322735316.414753,18.220149155400954,2.7162831628944875,17.6217550392968,11.7618122326339,61046000.0,,493657000.0,12.767561323470122,504.1927725153665,473.73752645902636,0.0,1319766.0333333334,Consumer Non-Durables,Food: Specialty/Candy,NASDAQ:FRPT,US,91248623.54466668,1.0339576912044075,14.908128027532124,1.2221621065872412,1.0,1.0339576912044075,15.399300499372758,stable_or_general,True,0.0,1.0339576912044075,reject_valuation
OHI,"Omega Healthcare Investors, Inc.",47.04,14253731820.000002,16.801800192877806,2.6101648831834687,16.2399422670956,8.19754181132196,834094000.0,,4030629000.0,15.180985324405299,85.03812704330433,74.66467028510824,5.71853741496599,1727425.2333333334,Finance,Real Estate Investment Trusts,NYSE:OHI,US,81258082.976,1.0345972859103452,15.535031087263517,1.0815427467443472,1.0,1.0345972859103452,4.340601513469256,financial_special,True,0.0,1.0345972859103452,reject_valuation
IFCZF,Intact Financial Corp.,194.935,34376634859.9862,15.393818308168552,2.478325610665533,16.0949868073879,5.26479825465705,2536512000.0,,3516480000.0,-1.0410374375753242,30.625451159573412,32.37133240351164,2.08341084117713,35722.333333333336,Finance,Specialty Insurance,OTC:IFCZF,US,6963533.048333334,0.9564355965239126,16.099485917346694,0.9561683141436331,1.0,0.9564355965239126,0.027953486465293054,financial_special,True,0.08,1.0364355965239127,reject_valuation
GS,"Goldman Sachs Group, Inc. (The)",1031.41,300317126992.37976,15.918245768911415,2.7398195466192488,16.9933316588208,1.07204195546832,114890000000.0,,797512000000.0,8.384329516245833,34.77059503919805,42.76881720430108,1.63787538658676,1864893.4333333333,Finance,Investment Banks/Brokers,NYSE:GS,US,1923469736.0743334,0.9367348374354045,17.211818352309646,0.9248439324120192,1.0,0.9367348374354045,1.2857201746864888,financial_special,True,0.1,1.0367348374354046,reject_valuation
ABBNY,ABB Ltd.,95.79,171874405967.36252,34.63875027120851,10.935168685165547,33.390338168945,11.304479214594,4919152120.0,,8982035972.91,7.923882411767649,19.666437317894893,20.94467526787666,0.770537107431958,213200.36666666667,Producer Manufacturing,Electrical Products,OTC:ABBNY,US,20422463.123,1.037388423439946,31.569177870296276,1.0972332068172235,1.0,1.037388423439946,5.454153502232318,cyclical,True,0.0,1.037388423439946,reject_valuation
RPM,RPM International Inc.,102.905,13129043297.911533,19.927767772420072,3.9664720273237717,21.2585702277385,8.17198962268915,675201000.0,,2949378000.0,6.6567434966343155,-3.976599320954629,-3.4911320014203726,2.08836894518032,1349110.1333333333,Process Industries,Industrial Specialties,NYSE:RPM,US,138830178.27066666,0.9373992492880835,19.90424653991276,1.0011817193110097,1.0,0.9373992492880835,6.370718601096703,cyclical,True,0.1,1.0373992492880835,reject_valuation
CVSA,Covista Inc.,126.255,4297571473.509166,19.266160043947995,2.9711526038856197,18.5689333671319,9.08900391145857,392726000.0,,905495000.0,9.271147297138608,12.684752420167147,5.783789891685108,0.0,344710.6,Consumer Services,Other Consumer Services,NYSE:CVSA,US,43521436.802999996,1.0375480197505704,15.4216128024896,1.249296055522659,1.0,1.0375480197505704,16.949388004231004,stable_or_general,True,0.0,1.0375480197505704,reject_valuation
SSD,"Simpson Manufacturing Company, Inc.",178.02,7296093518.93531,19.442138831855317,3.4309330549835835,18.7220804990763,12.4148176009714,466383000.0,,446502000.0,6.478959188087924,14.683325161469968,16.600448247758752,0.657008086253369,240924.93333333332,Producer Manufacturing,Building Products,NYSE:SSD,US,42889456.632,1.038460380127868,17.64689103732821,1.1017316756095816,1.0,1.038460380127868,5.74289519693677,cyclical,True,0.0,1.038460380127868,reject_valuation
GME,GameStop Corporation,19.245,8635062971.645086,14.661740057900351,1.4781037875401495,14.0948335564892,8.26112605469532,740600000.0,,4339100000.0,1.6114982578397212,266.39462313970233,184.60537727666954,0.0,6874273.6,Retail Trade,Electronics/Appliance Stores,NYSE:GME,US,132295395.432,1.0402208723600108,10.081366752534166,1.4543405093575048,1.0,1.0402208723600108,28.47473712882018,stable_or_general,True,0.0,1.0402208723600108,reject_valuation
NTRS,Northern Trust Corporation,185.39,33918150754.20491,15.913714516253638,2.7098314157148002,16.9254723409763,1.26601454293629,445300000.0,,15776200000.0,3.178673178673179,29.32689510733609,36.923203497802106,1.70716743578116,959710.1,Finance,Investment Managers,NASDAQ:NTRS,US,177920655.43899998,0.9402227716698215,17.02827716902352,0.9345463641619948,1.0,0.9402227716698215,0.6073970993313749,financial_special,True,0.1,1.0402227716698216,reject_valuation
ERIE,Erie Indemnity Company,255.88,11916425498.264347,23.36334252478954,4.8301226897976965,24.8084389822022,17.2619640610719,553083000.0,,0.0,3.6502168632500958,-7.674078862521021,-7.666756592702501,2.22645818012927,308474.8,Finance,Property/Casualty Insurance,NASDAQ:ERIE,US,78932531.824,0.9417498030226978,20.67393689354476,1.1300867679481272,1.0,0.9417498030226978,16.66570835683604,financial_special,True,0.1,1.041749803022698,reject_valuation
WM,"Waste Management, Inc.",220.31,88061251667.88266,31.18550498973742,8.87827681395958,29.8337341838335,6.19120471338824,3573000000.0,,23356000000.0,7.16910229645094,4.851157662624035,4.823871561266581,1.59660833483673,2038748.9,Industrial Services,Environmental Services,NYSE:WM,US,449156770.159,1.0453101444684865,28.469241773962803,1.0954104516495706,1.0,1.0453101444684865,4.57365612183438,cyclical,True,0.0,1.0453101444684865,reject_valuation
NBIX,"Neurocrine Biosciences, Inc.",157.95,16055488213.41143,23.140144744938322,4.3447369267979905,22.0886363280577,15.255868265415302,812000000.0,,401800000.0,34.423682218415074,102.55526844674132,101.47584049115972,0.0,1285513.4,Health Technology,Biotechnology,NASDAQ:NBIX,US,203046841.52999997,1.0476040440552215,18.77575518514576,1.2324481501146438,1.0,1.0476040440552215,14.998124346426088,health_special,True,0.0,1.0476040440552215,reject_valuation
BDC,Belden Inc,120.53,4710094149.68424,19.58372599356579,3.3929890986888873,18.6437034488736,7.00851283039087,212079000.0,,1343972000.0,9.43731446878912,8.498393468995951,11.617700398984404,0.168180289270098,428105.0333333333,Producer Manufacturing,Electrical Products,NYSE:BDC,US,51599499.667666666,1.0504203763629902,17.325554390434437,1.1303376245425143,1.0,1.0504203763629902,7.070210390622822,cyclical,True,0.0,1.0504203763629902,reject_valuation
TDW,Tidewater Inc.,93.565,4655441694.178685,18.917689399300432,3.34154627897849,19.4940301112016,11.1191379965735,253738000.0,,653203000.0,-1.0215273509978564,24.148265856712545,28.27169458996836,0.0,641115.4333333333,Transportation,Marine Shipping,NYSE:TDW,US,59985965.519833334,0.9704350147910158,17.663606841446818,1.0709981018662038,1.0,0.9704350147910158,9.389660625911267,cyclical,True,0.08,1.0504350147910158,reject_valuation
BRK.A,Berkshire Hathaway Inc.,759301.8,973772773437.9464,12.7277243978986,1.453499499607653,12.1149884278469,7.06770678180285,24215000000.0,,129370000000.0,3.927045989339486,36.317111160558184,36.30277029708534,0.0,143.6,Finance,Property/Casualty Insurance,NYSE:BRK.A,US,109035738.48,1.0505766863667236,11.419947935450518,1.1145168498000242,1.0,1.0505766863667236,5.737029767183266,financial_special,True,0.0,1.0505766863667236,reject_valuation
CNA,CNA Financial Corporation,48.925,13239151542.444057,10.765523918496676,1.1835365887584708,11.3242092735845,1.96511406240071,2255000000.0,,2973000000.0,3.4127363319909905,41.04903078677309,41.211198458813655,3.86493083807974,392416.9666666667,Finance,Multi-Line Insurance,NYSE:CNA,US,19199000.094166666,0.9506645151471153,10.993766747617265,0.9792388874204505,1.0,0.9506645151471153,2.918018538725209,financial_special,True,0.1,1.0506645151471152,reject_valuation
BRK.B,Berkshire Hathaway Inc. New,506.545,975491421694.6154,12.736381579774461,1.454486679865858,12.1149884278469,7.06770678180285,24215000000.0,,129370000000.0,3.927045989339486,36.317111160558184,36.302726637147536,0.0,4173335.1666666665,Finance,Property/Casualty Insurance,NYSE:BRK.B,US,2113982061.9991667,1.0512912707782087,11.419936429791031,1.1152760488709235,1.0,1.0512912707782087,5.7371247376370444,financial_special,True,0.0,1.0512912707782087,reject_valuation
RGA,"Reinsurance Group of America, Incorporated",253.68,16565726934.15404,11.152681118961054,1.2095277487397773,11.7139860954674,1.04537829106992,5199000000.0,,5709000000.0,19.535525408139804,95.84415584415584,97.91092046532266,1.47317416279161,330679.6666666667,Finance,Life/Health Insurance,NYSE:RGA,US,83886817.84,0.9520824959213895,10.845174678969506,1.028354217344959,1.0,0.9520824959213895,7.416872526714624,financial_special,True,0.1,1.0520824959213895,reject_valuation
WTW,Willis Towers Watson Public Limited Company,338.94,31478015326.358707,20.910218208065743,4.100251103180943,19.8251836838105,5.30175991327473,1689000000.0,,7101000000.0,2.996941896024465,1042.3357664233577,1032.8045286183522,1.09922235865053,529282.4666666667,Finance,Insurance Brokers/Services,NASDAQ:WTW,US,179394999.252,1.0547301120413475,19.60883938360502,1.0663669480381797,1.0,1.0547301120413475,1.0912600037201736,financial_special,True,0.0,1.0547301120413475,reject_valuation
CHCO,City Holding Company,145.0,2036548200.0000002,15.861208952285109,2.5187512344052387,16.6095842518644,1.95403395658972,138458000.0,,527551000.00000006,3.2261878447358545,7.860344927225143,10.176681852146459,2.40082787167989,98084.36666666667,Finance,Major Banks,NASDAQ:CHCO,US,14222233.166666666,0.9549431648480131,15.879944851507455,0.998820153382298,1.0,0.9549431648480131,4.3928817801387465,financial_special,True,0.1,1.0549431648480132,reject_valuation
ENS,EnerSys,182.43,6579378959.501805,19.51519560124517,3.362665801561613,18.3973851686545,8.73952425420077,717312000.0,,1038932000.0,3.7265627157271797,0.4178511003127474,6.6404289299566575,0.583365742541252,521045.4666666667,Producer Manufacturing,Electrical Products,NYSE:ENS,US,95054324.48400001,1.060759201503005,17.231012541565597,1.1325623235529279,1.0,1.060759201503005,6.339882632213245,cyclical,True,0.0,1.060759201503005,reject_valuation
PUBGY,Publicis Groupe S.A.,29.22,30250794540.785492,15.597309704280987,2.426950613797571,16.2169995930153,4.28768854455551,2841274630.0,,6222981900.0,12.271009236343486,1.704705160028595,2.176165803108811,2.52876103258345,267265.4,Commercial Services,Advertising/Marketing Services,OTC:PUBGY,US,7809494.988000001,0.9617876361666055,15.560059137194967,1.0023939862154492,1.0,0.9617876361666055,4.050937117265985,financial_special,True,0.1,1.0617876361666054,reject_valuation
ET,Energy Transfer LP,21.275,73256199975.35796,14.576909900650907,2.2902423297066226,15.072811033617201,3.86836999890186,5303000000.0,,70241000000.0,33.265901334160716,11.429776465626318,12.650509416486564,6.27332089552239,8928459.766666668,Industrial Services,Oil & Gas Pipelines,NYSE:ET,US,189952981.53583333,0.9670996251555019,15.711439154908653,0.9277896032902059,1.0,0.9670996251555019,4.236954340282706,cyclical,True,0.1,1.0670996251555018,reject_valuation
CHE,Chemed Corp,523.28,6839249138.749241,26.28372235532852,8.200432306080101,27.1063260382603,16.6792218914598,323608000.0,,329093000.0,3.30767561800459,-5.287502798395013,2.3551730520081344,0.476689865573458,160396.83333333334,Health Services,Hospital/Nursing Management,NYSE:CHE,US,83932454.94666667,0.9696527046206601,31.19966112569143,0.8424361485671756,1.0,0.9696527046206601,15.10103243668446,stable_or_general,True,0.1,1.06965270462066,reject_valuation
UMBF,UMB Financial Corporation,143.8,10921614135.35276,11.976047904191617,1.4116121690785473,12.3092799309088,1.30913353878267,1103490000.0,,3563726000.0,28.548853861217815,78.41367837128361,37.85490407687627,1.1781929726715,525242.8666666667,Finance,Major Banks,NASDAQ:UMBF,US,75529924.22666667,0.972928389914959,11.78696161180587,1.0160419876311768,1.0,0.972928389914959,4.2432889822529685,financial_special,True,0.1,1.072928389914959,reject_valuation
BTI,"British American Tobacco Industries, p.l.c.",55.58,121009590507.56499,14.240692818160856,1.8742669687255726,13.268193195421802,5.77889092765499,7303230320.0,,46537366750.0,4.471269874805172,115.3468009061434,117.61360468357958,5.71097909594426,4116957.033333333,Consumer Non-Durables,Tobacco,NYSE:BTI,US,228820471.91266665,1.0732955579117296,13.161346801437634,1.0820087817004658,1.0,1.0732955579117296,0.8052821692484446,stable_or_general,True,0.0,1.0732955579117296,reject_valuation
MS,Morgan Stanley,216.57,340137530604.77856,17.498626418021395,3.1941855999263726,17.9544168934538,1.33083431855571,42844000000.0,,545313000000.0,17.88420012443729,36.588506370290055,40.22978086972287,1.91112134469261,4304360.733333333,Finance,Investment Managers,NYSE:MS,US,932195404.018,0.9746140195954464,18.2539219000456,0.9586228380859722,1.0,0.9746140195954464,1.6681410951363107,financial_special,True,0.1,1.0746140195954463,reject_valuation
HMN,Horace Mann Educators Corporation,51.82,2098764571.160023,12.10408296739232,1.3962382399530529,12.384744341995,1.38652652817042,566100000.0,,594200000.0,5.875576036866359,26.552462526766597,26.906773380761827,2.73445022145195,220561.73333333334,Finance,Property/Casualty Insurance,NYSE:HMN,US,11429509.021333333,0.9773381374009477,11.535266601480144,1.0493110723456698,1.0,0.9773381374009477,6.859065613768001,financial_special,True,0.1,1.0773381374009476,reject_valuation
VCTR,"Victory Capital Holdings, Inc. Class A Common Stock",112.145,6897990792.687379,20.5502922797823,2.9070144214044604,19.0445947646238,10.9416062448989,563597000.0,,1012139000.0,50.24195400099498,64.82328497198094,34.7132735935224,1.73629472942006,574904.8,Finance,Investment Managers,NASDAQ:VCTR,US,64472698.796000004,1.0790616725515947,14.145854384097625,1.4527430950289129,1.0,1.0790616725515947,25.722471079436183,financial_special,True,0.0,1.0790616725515947,reject_valuation
RCRUY,"Recruit Holdings Co., Ltd.",20.71,143086567262.34494,39.21605756485514,13.20209856631967,36.3357696873252,21.2427421385059,4795740430.0,,1100304568.52792,5.827270830521884,31.826426649771555,39.48758584257793,0.144520094562648,524823.5,Technology Services,Internet Software/Services,OTC:RCRUY,US,10869094.685,1.0792686628717447,33.6650326068248,1.1648899326152737,1.0,1.0792686628717447,7.3501596456673095,technology_strict,True,0.0,1.0792686628717447,reject_valuation
CBSH,"Commerce Bancshares, Inc.",58.15,8340580805.147337,14.255246126691507,1.923591568747641,14.4583627668552,1.71185426690648,701046000.0,,2454582000.0,7.002104948840744,4.575617325816726,3.34937927539904,1.818285077951,899935.266666665,Finance,Regional Banks,NASDAQ:CBSH,US,52331235.75666656,0.9859516154464374,13.49392042516832,1.0564199044855187,1.0,0.9859516154464374,6.670481002854611,financial_special,True,0.1,1.0859516154464375,reject_valuation
EQT,EQT Corporation,54.675,34200087194.799038,12.682083874559286,1.3539763443554973,11.6173561552539,6.69637179465081,3764617000.0,,5655714000.0,30.17418817926386,137.0587083361746,131.89715453714166,1.18683689983816,6059539.666666667,Energy Minerals,Integrated Oil,NYSE:EQT,US,331305331.275,1.0916497441480149,10.6762923013908,1.187873422396574,1.0,1.0916497441480149,8.100499298521601,cyclical,True,0.0,1.0916497441480149,reject_valuation
SBLK,Star Bulk Carriers Corp.,32.66,3642574839.908377,12.776778029888114,1.4787326907682887,11.680759110616702,7.41273666731798,289832300.0,,1036578000.0069101,6.342889421043865,131.1675347573937,141.81250591240186,5.8989645434578,1471386.1,Transportation,Marine Shipping,NASDAQ:SBLK,US,48055470.026,1.0938311379330847,11.573596154751685,1.1039592067192052,1.0,1.0938311379330847,0.9174314344657319,cyclical,True,0.0,1.0938311379330847,reject_valuation
ANDE,"The Andersons, Inc.",69.54,2362661112.4817963,13.421601173473329,1.8040688835734782,13.2177064476971,5.1243705182023,56913000.0,,900765000.0,-5.2015006725398605,120.01464092510794,120.71139510117143,1.14404950352569,356345.36666666664,Commercial Services,Miscellaneous Commercial Services,NASDAQ:ANDE,US,24780256.798,1.015425877899698,13.441532498663939,0.9985171835731833,1.0,1.015425877899698,1.693380404932765,financial_special,True,0.08,1.0954258778996981,reject_valuation
LNTH,"Lantheus Holdings, Inc.",100.91,6586635013.99089,24.387944993595475,5.020582847328707,22.2149061491729,12.1527635999337,387831000.0,,624958000.0,2.3450451878239154,1.5874363014431574,9.907827980981214,0.0,1792536.0333333334,Health Technology,Medical Specialties,NASDAQ:LNTH,US,180884811.12366667,1.0978189522760364,20.586330043991666,1.1846669581941027,1.0,1.0978189522760364,7.331006011213203,health_special,True,0.0,1.0978189522760364,reject_valuation
VSNT,"Versant Media Group, Inc.",39.87,5533649060.362216,7.498871501655131,0.6838368547415261,8.15249582682677,6.217659137577,1713000000.0,,2954000000.0,-3.6053130929791273,-38.405207485760776,-37.475892563149735,0.0,1632553.4,Consumer Services,Cable/Satellite TV,NASDAQ:VSNT,US,65089904.05799999,0.9198252487267997,9.11919686302921,0.822317098127012,1.0,0.9198252487267997,11.857731138253303,stable_or_general,True,0.18,1.0998252487267997,reject_valuation
IPAR,"Interparfums, Inc.",113.27,3627560137.5585475,21.662299910114935,4.167400968579481,19.6231182229708,10.9939800488359,245885000.0,,164914000.0,2.9329187710091524,4.220119651854107,4.594735157625225,2.80677133584773,239068.33333333334,Consumer Non-Durables,Household/Personal Care,NASDAQ:IPAR,US,27079270.116666667,1.1039173114065568,19.238035600428404,1.12601412951084,1.0,1.1039173114065568,1.9623926134818892,stable_or_general,True,0.0,1.1039173114065568,reject_valuation
CNI,Canadian National Railway Company,123.67,74838637180.52846,22.56546264982577,4.851895008403686,22.0180951723185,8.18345169846838,2497792000.0,,15921664000.0,-0.6972105502478956,0.4256832260524243,2.841157928744824,2.12221110260788,1299223.2333333334,Transportation,Railroads,NYSE:CNI,US,160674937.26633334,1.0248598924304508,21.50142048357758,1.0494870637528757,1.0,1.0248598924304508,2.3465912227979446,stable_or_general,True,0.08,1.104859892430451,reject_valuation
CFR,"Cullen/Frost Bankers, Inc.",162.865,10121861544.706171,15.40298479231293,2.260756656992417,15.326909255892,1.2843386908847,542398000.0,,5424752000.0,1.9370018249773142,12.059418706981848,13.85622604126288,2.4949302525656,529332.5,Finance,Regional Banks,NYSE:CFR,US,86209737.61250001,1.0049635275547604,14.67739329406258,1.0494359920534304,1.0,1.0049635275547604,4.237749118138289,financial_special,True,0.1,1.1049635275547605,reject_valuation
USB,U.S. Bancorp,63.5,98936269217.48781,12.67009856738098,1.6291855637225787,12.6018468223791,1.14990710110119,12384000000.0,,96008000000.0,2.386106927710843,18.401866433362496,19.95117514719256,3.27404375885408,6277328.2,Finance,Major Banks,NYSE:USB,US,398610340.7,1.005416011316744,12.85850741459027,0.9853475336495506,1.0,1.005416011316744,2.036690302848121,financial_special,True,0.1,1.1054160113167442,reject_valuation
PRYMY,Prysmian S.P.A.,71.4,40695222707.20676,25.316455696202535,5.146257503156948,22.8130502158353,7.020150229649069,1104516530.0,,6264140700.0,20.67052794677959,99.47587365358682,96.5776817453126,0.458023589197727,92880.03333333334,Producer Manufacturing,Electrical Products,OTC:PRYMY,US,6631634.380000001,1.1097356757067731,20.327717137469943,1.2454155833139218,1.0,1.1097356757067731,10.894347993150888,cyclical,True,0.0,1.1097356757067731,reject_valuation
WTFC,Wintrust Financial Corporation,153.48,10354676638.313965,12.331177439440806,1.4477665032222424,12.2075855891865,1.25353274359153,1612919000.0,,4373802000.0,5.624767010542086,21.681810011501103,17.676256748196543,1.40046899426785,507243.7,Finance,Regional Banks,NASDAQ:WTFC,US,77851763.07599999,1.0101241846187654,11.74069962363542,1.0502932393071946,1.0,1.0101241846187654,3.82455615109224,financial_special,True,0.1,1.1101241846187655,reject_valuation
MYRG,"MYR Group, Inc.",289.46,4506675232.358323,27.457787896034908,5.973718609910355,24.7139201480805,10.1423953204332,193363000.0,,67104000.0,16.057440459032332,116.42291325695582,120.13406001378186,0.0,309631.8,Industrial Services,Engineering & Construction,NASDAQ:MYRG,US,89626020.828,1.1110251927461827,21.75600828635216,1.2620783893182994,1.0,1.1110251927461827,11.96860653431414,cyclical,True,0.0,1.1110251927461827,reject_valuation
SNA,Snap-On Incorporated,383.61,19843041880.317867,19.567446249585554,3.2841570179946737,17.5847169297768,12.2747540477477,1108500000.0,,1310000000.0,4.0229545051174345,3.37,4.492687190857923,2.54040969312059,288229.6666666667,Consumer Durables,Tools & Hardware,NYSE:SNA,US,110567782.43,1.1127529847495772,16.783779426833657,1.1658545880495434,1.0,1.1127529847495772,4.554736400600734,stable_or_general,True,0.0,1.1127529847495772,reject_valuation
CALM,"Cal-Maine Foods, Inc.",74.6751,3503537578.437825,11.399386334493498,1.3325742087143009,12.1956592230535,10.1642990078573,331786000.0,,0.0,-31.682060872125835,-74.0434802565145,-73.75302003742242,6.32908062606866,845738.2333333333,Process Industries,Agricultural Commodities/Milling,NASDAQ:CALM,US,63155587.147989996,0.9347084996393795,11.689876714521498,0.9751502614508206,1.0,0.9347084996393795,4.147233858223265,cyclical,True,0.18,1.1147084996393795,reject_valuation
AZN,AstraZeneca PLC,162.66,252268720967.1311,24.618760982438577,5.021444628942525,22.0648025325812,9.19116764370139,10813166956.863,,32201350386.235397,1.1156486470242029,17.032055744133817,16.99983418892952,0.0,3821502.5,Health Technology,Pharmaceuticals: Major,NYSE:AZN,US,621605596.65,1.1157480764256178,20.396821076919743,1.2069900936816187,1.0,1.1157480764256178,7.55946695284716,health_special,True,0.0,1.1157480764256178,reject_valuation
KFY,Korn Ferry,84.01,4314428507.114499,16.0309130808129,2.1389990370557843,14.276351879703903,6.91493817814787,324293000.0,,596172000.0,6.430621864005685,12.851736392799932,13.482318802919083,2.4068232270125,327943.1,Commercial Services,Personnel Services,NYSE:KFY,US,27550499.831,1.1228998287443017,13.342964472908982,1.2014506306571842,1.0,1.1228998287443017,6.5379966440997865,financial_special,True,0.0,1.1228998287443017,reject_valuation
NSRGY,Nestle S.A.,96.376,247974913780.95297,26.49075066655672,6.841227667305767,25.8769138917948,5.810958658026111,15945457920.0,,77908634475.9189,6.673996769206679,-21.125604923898138,-21.239608590232077,2.65374103709862,281237.3333333333,Consumer Non-Durables,Food: Major Diversified,OTC:NSRGY,US,27104529.23733333,1.0237214057800208,25.824967187292593,1.0257806127858986,1.0,1.0237214057800208,0.20074536213793293,stable_or_general,True,0.1,1.1237214057800209,reject_valuation
TXN,Texas Instruments Incorporated,258.5,236074527154.4636,39.32575723000624,13.106598475172756,34.9723917465853,16.9935748075973,5355000000.0,,14052000000.0,16.659670164917543,19.980059820538383,20.161231354197135,2.23771815782216,6236053.3,Electronic Technology,Semiconductors,NASDAQ:TXN,US,1612019778.05,1.1244800617288635,33.32827998330873,1.1799515981533137,1.0,1.1244800617288635,4.701170498117557,technology_strict,True,0.0,1.1244800617288635,reject_valuation
UGI,UGI Corporation,37.72,8090749901.178837,12.588859593498647,1.5545946266747337,13.304252998909503,4.33001000225857,187000000.0,,7049000000.0,-0.5045683894722488,60.526315789473685,57.932742989668995,3.96825396825397,2134195.6666666665,Distribution Services,Wholesale Distributors,NYSE:UGI,US,80501860.54666665,0.9462282169867415,12.348971049590416,1.019425792071655,1.0,0.9462282169867415,7.180274979718037,stable_or_general,True,0.18,1.1262282169867415,reject_valuation
MGNI,"Magnite, Inc.",24.09,3455087988.187576,22.06043956043956,3.68917230226404,19.5794080035665,5.60032738403345,215764000.0,,416978000.0,8.315889962252253,286.98001205769145,288.4738527214514,0.0,2618278.7333333325,Technology Services,Packaged Software,NASDAQ:MGNI,US,63074334.68599998,1.1267163724470692,16.723022640399883,1.319165801231735,1.0,1.1267163724470692,14.588721797136605,technology_strict,True,0.0,1.1267163724470692,reject_valuation
FHN,First Horizon Corporation,24.95,11820739724.567307,11.979641811110577,1.393389247614484,11.6492002206288,1.26830850163042,721000000.0,,4324000000.0,2.186350633428688,25.26690391459075,34.32441148016769,2.56410256410256,4491314.700000005,Finance,Regional Banks,NYSE:FHN,US,112058301.76500012,1.0283660323647472,11.631309763553851,1.029947792177989,1.0,1.0283660323647472,0.15357669828067744,financial_special,True,0.1,1.1283660323647473,reject_valuation
PODD,Insulet Corporation,148.12,10272743435.109047,29.36441854010547,7.222804400585744,26.0164292398877,11.3139291259063,293800000.0,,948400000.0,29.41301123119305,58.95806861499364,53.510453756961574,0.0,1741198.3,Health Technology,Medical Specialties,NASDAQ:PODD,US,257906292.196,1.128687502398858,24.59713067609682,1.1938147959933163,1.0,1.128687502398858,5.455393400470376,health_special,True,0.0,1.128687502398858,reject_valuation
HUBB,Hubbell Inc,464.255,24527784052.368893,27.48843928924573,6.271136575711289,24.3418563165577,9.48239555256065,901400000.0,,5556600000.0,10.614247120716621,8.663127413127413,9.655239579275419,1.23438009344779,550958.1333333333,Producer Manufacturing,Electrical Products,NYSE:HUBB,US,255785068.19066665,1.1292663522357445,22.813723652054477,1.2049080504562995,1.0,1.1292663522357445,6.27779839232624,cyclical,True,0.0,1.1292663522357445,reject_valuation
SII,Sprott Inc.,127.64,3284519084.8067975,32.102202305644354,8.385026015811086,28.3480942963997,21.8851586768504,136006907.51999998,,0.0,93.67487124965203,100.89860950697525,101.78461885591572,1.22992169711779,196439.43333333332,Finance,Investment Managers,NYSE:SII,US,25073529.270666666,1.1324289375501844,26.119784356155506,1.2290378001562254,1.0,1.1324289375501844,7.860528178528026,financial_special,True,0.0,1.1324289375501844,reject_valuation
FULT,Fulton Financial Corporation,23.95,4572404017.821533,11.47030651340996,1.265682974687926,11.1013498978805,1.19103863395513,412214000.0,,1713976000.0,0.3045578769575738,22.40256533708628,22.355698798710826,3.14201927105153,1472100.5333333334,Finance,Major Banks,NASDAQ:FULT,US,35256807.77333333,1.0332352929079285,11.034430276193694,1.0395014718754125,1.0,1.0332352929079285,0.6028061659382744,financial_special,True,0.1,1.1332352929079286,reject_valuation
OLLI,"Ollie's Bargain Outlet Holdings, Inc.",75.445,4481614290.168069,16.860348179766238,2.3700553426535507,14.8623838757423,9.38613741815692,223244000.0,,725646000.0,14.432479049177843,28.25585538282671,29.69017186911284,0.0,1551856.5,Retail Trade,Department Stores,NASDAQ:OLLI,US,117079813.64249998,1.1344309446403766,14.056977456122798,1.1994291256704246,1.0,1.1344309446403766,5.4190931034559515,stable_or_general,True,0.0,1.1344309446403766,reject_valuation
BALL,Ball Corporation,62.82,16628663812.61084,17.869435357701608,2.8928885229414076,17.2571219868517,4.88145048814505,827000000.0,,7582000000.0,16.855112259731868,52.988691437802906,64.14530513143762,1.27125377403464,1765851.4,Process Industries,Containers/Packaging,NYSE:BALL,US,110930784.948,1.0354817779764454,16.189031522445905,1.1037989105726207,1.0,1.0354817779764454,6.18927342125517,cyclical,True,0.1,1.1354817779764454,reject_valuation
WFC,Wells Fargo & Company,89.29,270012901993.03534,12.972541043149791,1.6404565352507086,12.5158801110431,1.06063840017638,6857000000.0,,463249000000.0,4.242143877418517,9.858607453476507,18.045551210811553,2.07422356766454,12442670.9,Finance,Major Banks,NYSE:WFC,US,1111006084.661,1.0364865217671562,12.645606822858804,1.0258535810001623,1.0,1.0364865217671562,1.03649691963128,financial_special,True,0.1,1.1364865217671563,reject_valuation
RF,Regions Financial Corporation,30.45,25941253864.193497,12.385097209794191,1.486203927678242,11.9020956646936,1.39280198436842,1778000000.0,,7628000000.0,0.26343519494204426,7.462686567164178,14.59867623753147,3.48226018396846,7252820.833333333,Finance,Major Banks,NYSE:RF,US,220848394.375,1.0405812185272016,11.999937525746226,1.032096807439338,1.0,1.0405812185272016,0.8220557438709308,financial_special,True,0.1,1.1405812185272017,reject_valuation
USLM,"United States Lime & Minerals, Inc.",114.37,3281088245.855651,24.465741117077034,4.716035841377575,21.3535585557679,19.8442112131611,91813000.0,,3246000.0,6.999091580082893,7.292057436126653,7.178558327219357,0.207200207200207,153742.56666666668,Non-Energy Minerals,Construction Materials,NASDAQ:USLM,US,17583537.34966667,1.1457453825872264,19.27608004519345,1.2692280307882224,1.0,1.1457453825872264,9.728956909682363,cyclical,True,0.0,1.1457453825872264,reject_valuation
EZPW,"EZCORP, Inc.",33.13,2035619019.2219222,16.837771904858712,1.748788833088584,14.6947982029481,7.819127301230509,142254000.0,,811856000.0,28.606968404682398,61.367922124254626,59.55238404151799,0.0,1048941.7,Finance,Finance/Rental/Leasing,NASDAQ:EZPW,US,34751438.521,1.1458321286426842,10.386105970374576,1.6211823712262254,1.0,1.1458321286426842,29.321207226303425,financial_special,True,0.0,1.1458321286426842,reject_valuation
GGG,Graco Inc.,77.51,12553040680.16102,24.352771144903862,4.976057018898231,21.241162901984,17.2764651483281,629455000.0,,52212000.0,4.577361167615479,10.549903652901808,12.853242562847916,1.48947098099641,2092140.5333333334,Producer Manufacturing,Industrial Machinery,NYSE:GGG,US,162161812.73866668,1.1464895428408595,20.433227041348584,1.1918220795777241,1.0,1.1464895428408595,3.8036329007200886,cyclical,True,0.0,1.1464895428408595,reject_valuation
CATY,Cathay General Bancorp,62.77,4187626692.438798,12.268871428012979,1.37681648968605,11.7063315820283,1.43566321829619,534243000.00000006,,154250000.0,0.25559072925841625,17.84770133470888,23.40384476229528,2.36497283477149,382309.2,Finance,Regional Banks,NASDAQ:CATY,US,23997548.484,1.0480543235976927,11.222030467630667,1.0932844518112714,1.0,1.0480543235976927,4.1370869345708545,financial_special,True,0.1,1.1480543235976928,reject_valuation
BF.B,Brown Forman Inc,27.285,12588623114.54689,17.58734046667526,3.1544738381570516,18.122407942692,9.01475368842211,925000000.0,,2441000000.0,-0.17766497461928935,-14.57345971563981,-13.06248248809191,3.34242093784079,2181235.0666666734,Consumer Non-Durables,Beverages: Alcoholic,NYSE:BF.B,US,59514998.794000186,0.970474813407315,17.936048057602527,0.980558281857443,1.0,0.970474813407315,1.0283395323557043,stable_or_general,True,0.18,1.150474813407315,reject_valuation
SIMO,Silicon Motion Technology Corporation,242.4212,7992056572.0,28.424167809865512,7.8522939066475,31.509600221407602,21.9192882514141,-120642030.0,,61867486.374915004,69.55933666350374,261.65377096372293,259.784855515714,0.844293593551124,1165331.0333333334,Electronic Technology,Semiconductors,NASDAQ:SIMO,US,282500947.4979067,0.9020796078064536,27.62541355361022,1.0289137483753943,1.0,0.9020796078064536,12.326994441390815,technology_strict,False,0.25,1.1520796078064537,reject_valuation
FCN,"FTI Consulting, Inc.",149.3,4122408040.412102,18.050585162975143,3.1015050089409764,15.634088485143502,7.192890479784491,358732000.0,,1267516000.0,7.1210222974391515,1.238295861400572,16.263248151584158,0.0,399971.6666666667,Commercial Services,Miscellaneous Commercial Services,NYSE:FCN,US,59715769.83333334,1.1545658821189317,17.18229620224555,1.0505339304193881,1.0,1.1545658821189317,9.902769314458283,financial_special,True,0.0,1.1545658821189317,reject_valuation
TRMK,Trustmark Corporation,46.26,2686345089.2527137,11.754243317410305,1.2565223178029057,11.1188728223575,1.23940541992967,207469000.0,,768919000.0,1.5890115809318612,7.913741962821717,10.815148528790655,2.12765957446809,320460.9,Finance,Regional Banks,NASDAQ:TRMK,US,14824521.234000001,1.0571434267847024,10.689946463348715,1.099560541085085,1.0,1.0571434267847024,3.8576424594614855,financial_special,True,0.1,1.1571434267847025,reject_valuation
BHP,BHP Group Limited,89.9336,233386456498.91025,23.215860395477307,4.485963034311031,19.9959733333663,8.56455257905837,11968940990.0,,27120999999.9999,15.121219623589502,9.47753832295288,9.349065657991304,2.83680293387984,2564546.566666667,Non-Energy Minerals,Steel,NYSE:BHP,US,230638905.10797334,1.1610267731622816,19.32283774063762,1.2014726153111723,1.0,1.1610267731622816,3.3663557232567864,cyclical,True,0.0,1.1610267731622816,reject_valuation
RDDT,"Reddit, Inc.",153.395,29512665293.848255,35.6657908809784,8.97864838256142,30.711938625129605,27.7914123054036,1018649000.0,,20867000.0,66.59216832149713,302.6434752061532,263.03705579471597,0.0,7280844.966666667,Technology Services,Internet Software/Services,NYSE:RDDT,US,1116845213.6618335,1.1613005390612292,25.174398662641167,1.4167484736748237,1.0,1.1613005390612292,18.030577717934825,technology_strict,True,0.0,1.1613005390612292,reject_valuation
WEGZY,Weg SA,10.06,42705875476.72,35.68641362185173,11.58332277861576,30.666427011111203,14.5005255729851,766804940.0,,1127278084.21642,6.113707316663289,5.600065061817851,5.620082427875593,2.75069995105237,711318.1333333333,Producer Manufacturing,Electrical Products,OTC:WEGZY,US,7155860.4213333335,1.1636964948320083,32.458635102303994,1.0994428296006389,1.0,1.1636964948320083,5.844202490702388,cyclical,True,0.0,1.1636964948320083,reject_valuation
SSB,SouthState Bank Corporation,107.41,10416034658.091496,11.277706029966085,1.1406348263072592,10.5975139580971,1.40976466831128,131229999.99999999,,2091444000.0,33.25235313552233,60.599566305705466,41.60756501182035,2.29670432265895,779316.3333333334,Finance,Major Banks,NYSE:SSB,US,83706367.36333333,1.0641841166294743,10.114067730409616,1.1150514640175682,1.0,1.0641841166294743,4.561883377545383,financial_special,True,0.1,1.1641841166294744,reject_valuation
CSX,CSX Corporation,49.23,91197340163.07593,28.430353430353428,6.4755866568452065,24.366825432826804,7.35383035765216,2796000000.0,,19357000000.0,2.522077004592017,3.900709219858156,6.402851173651228,1.12267809757093,10387633.66666668,Transportation,Railroads,NASDAQ:CSX,US,511383205.41000056,1.166764768300604,22.77701778385773,1.2482035049602616,1.0,1.166764768300604,6.524475883622061,stable_or_general,True,0.0,1.166764768300604,reject_valuation
CPRT,"Copart, Inc.",33.17,30709169906.695656,20.665379104105664,3.4999124230536287,17.69479427394,16.0776384229226,1339233000.0,,93116000.0,1.0457082115333511,5.040976233919584,6.087243886318578,0.0,10476665.000000024,Retail Trade,Specialty Stores,NASDAQ:CPRT,US,347510978.05000085,1.1678790261235525,16.936115255481997,1.220195941771036,1.0,1.1678790261235525,4.287583154189878,stable_or_general,True,0.0,1.1678790261235525,reject_valuation
PNC,"PNC Financial Services Group, Inc. (The)",245.12,97789068133.84192,13.48191008393193,1.6845072884902905,12.4672121037701,1.29022815134524,9765000000.0,,87123000000.0,5.7305996863998105,22.868719611021067,24.22383164799126,2.89583163390162,1417547.8,Finance,Major Banks,NYSE:PNC,US,347469316.736,1.081389325192838,12.494574418634695,1.0790211520789936,1.0,1.081389325192838,0.21947420671795115,financial_special,True,0.1,1.181389325192838,reject_valuation
FOX,Fox Corporation,59.41,26402150935.92955,15.493545442691355,2.14376156723729,14.285714285714302,7.37789259364669,1468000000.0,,7568000000.0,5.067484662576687,-25.541316836058332,-21.89155055813575,0.926079047461551,1024196.9666666667,Consumer Services,Broadcasting,NASDAQ:FOX,US,60847541.78966666,1.0845481809883937,13.83648161853457,1.119760490407986,1.0,1.0845481809883937,3.1446286702581205,stable_or_general,True,0.1,1.1845481809883938,reject_valuation
EADSY,Airbus SE,58.1,180283535728.73315,26.529680365296805,6.2180269269462105,24.4274943327757,4.45840225601166,5514905580.0,,16321750800.0,17.98047783741244,29.8227029768758,29.931770987837435,1.26724216265334,441746.4,Electronic Technology,Aerospace & Defense,OTC:EADSY,US,25665465.840000004,1.0860581934390416,23.438001669556286,1.1319088009007319,1.0,1.0860581934390416,4.050733365197267,technology_strict,True,0.1,1.1860581934390417,reject_valuation
ONB,Old National Bancorp,25.87,9897085914.936491,11.521332502004098,1.184703359346128,10.6075858919955,1.22102466044765,940031000.0,,8638144000.0,27.700997734303247,56.10541407893022,33.31354271804312,2.19399538106236,3377795.7,Finance,Major Banks,NASDAQ:ONB,US,87383574.759,1.08614086365288,10.282693943083865,1.1204585652141619,1.0,1.08614086365288,3.062826473616409,financial_special,True,0.1,1.18614086365288,reject_valuation
NEE,"NextEra Energy, Inc.",83.7417,174683361543.4715,18.78922569498979,3.057892463255096,17.2326566162912,4.30871310846846,3048000000.0,,110197000000.0,11.827956989247312,57.18390804597702,55.29809401024427,2.89804901261004,10604213.866666667,Utilities,Electric Utilities,NYSE:NEE,US,888014896.35824,1.0903267043125002,16.274712502232028,1.1545043079816557,1.0,1.0903267043125002,5.558888193440614,stable_or_general,True,0.1,1.1903267043125003,reject_valuation
BANR,Banner Corporation,71.35,2614226497.1077046,11.768489806689978,1.2128586474866712,10.7817301594571,1.26157119936486,285169000.0,,546257000.0,2.885995673738009,14.369699464800329,15.57436425330741,2.86839145106862,302389.8,Finance,Regional Banks,NASDAQ:BANR,US,21575512.229999997,1.0915214564489308,10.3059837533037,1.1419084376993565,1.0,1.0915214564489308,4.412523770464649,financial_special,True,0.1,1.191521456448931,reject_valuation
LVMUY,LVMH-Moet Hennessy Louis Vuitton,100.18,246720929506.01685,19.569081710390094,3.172560298596891,16.4229614986847,7.729376071010339,18003391290.0,,41864216100.0,3.1729276812006524,6.234686914836621,6.9730023403544035,2.13292943407526,311851.86666666664,Consumer Non-Durables,Apparel/Footwear,OTC:LVMUY,US,31241320.002666667,1.191568385029543,16.212106145545082,1.2070659749391954,1.0,1.191568385029543,1.2839057873728077,stable_or_general,True,0.0,1.191568385029543,reject_valuation
FHB,"First Hawaiian, Inc.",26.02,3166130084.670769,11.296344534166884,1.1203463859571772,10.3224792064157,1.20012983119333,312655000.0,,0.0,1.5079049620664005,15.598235983820386,18.97112752440473,4.0,1755707.1333333333,Finance,Regional Banks,NASDAQ:FHB,US,45683499.60933333,1.094344130734204,9.917778114580177,1.1389995222377551,1.0,1.094344130734204,3.9205803542233464,financial_special,True,0.1,1.194344130734204,reject_valuation
TLK,"PT Telekomunikasi Indonesia, Tbk",14.78,14681020818.898201,14.21017209883665,2.2054928411015524,14.004199239103801,5.89574018656077,2564045700.0,,4515691414.98881,-3.3738123072701214,-27.596400017170048,-27.488845510317894,6.72675894665766,616610.8,Communications,Wireless Telecommunications,NYSE:TLK,US,9113507.624,1.0147079355424844,15.520521678144283,0.9155730969305726,1.0,1.0147079355424844,10.827626864993945,stable_or_general,True,0.18,1.1947079355424843,reject_valuation
FISV,"Fiserv, Inc.",51.425,27346103525.677032,9.86419350507356,1.0149670384890106,10.7484794412786,3.44914633320404,3963000000.0,,28012000000.0,-1.165214096248579,-17.105652559928973,-12.858957643833776,0.0,7263197.233333333,Commercial Services,Miscellaneous Commercial Services,NASDAQ:FISV,US,373509917.72416663,0.917729206160174,10.28940721780216,0.9586746151913478,1.0,0.917729206160174,4.271043415810205,financial_special,True,0.28,1.197729206160174,reject_valuation
SHC,Sotera Health Company,18.92,5399291153.3641615,33.27470981357721,8.110981548803073,27.7803881450994,5.01195750330458,109776000.0,,2268089000.0,8.148968240205951,580.9880863117554,579.3309438470728,0.0,2644902.3666666667,Health Technology,Medical Specialties,NASDAQ:SHC,US,50041552.77733334,1.1977769943234948,24.375814527745387,1.365070684128434,1.0,1.1977769943234948,12.255313351172891,health_special,True,0.0,1.1977769943234948,reject_valuation
CSCO,"Cisco Systems, Inc.",109.535,431851233317.17566,32.90426266935024,8.595510731930869,27.318589901985003,10.5323743291734,12767000000.0,,31185000000.0,11.77498499664631,26.920501291495263,27.475683541395412,1.52840438265353,19438107.166666668,Electronic Technology,Telecommunications Equipment,NASDAQ:CSCO,US,2129153068.5008335,1.2044641684437516,26.122787853676602,1.2595999651208432,1.0,1.2044641684437516,4.37724660240062,technology_strict,True,0.0,1.2044641684437516,reject_valuation
ELPC,Companhia Paranaense de Energia (COPEL),12.27,9162639320.996,15.284005979073244,1.9544565432083032,12.673502266225201,5.14399016527826,276869060.0,,4553689660.83521,26.968242286086586,11.37856385769817,11.70168359538054,4.70761097659403,446052.8333333333,Utilities,Electric Utilities,NYSE:ELPC,US,5473068.265,1.2059812400716587,12.78759342206704,1.1952214521223552,1.0,1.2059812400716587,0.9002338378546915,stable_or_general,True,0.0,1.2059812400716587,reject_valuation
NBTB,NBT Bancorp Inc.,51.62,2682178555.34999,12.640807130962877,1.3796439706057257,11.4242275115128,1.32890934453144,245608000.0,,471195000.0,14.460076894755586,60.58549607444679,47.01900921658984,2.86655045516173,301205.43333333335,Finance,Major Banks,NASDAQ:NBTB,US,15548224.468666667,1.106491193231583,10.914207900746883,1.1581973924189073,1.0,1.106491193231583,4.464368468256974,financial_special,True,0.1,1.2064911932315832,reject_valuation
COLB,"Columbia Banking System, Inc.",30.565,8646908488.329227,12.195754528768653,1.1446373748351295,11.0129749907747,1.21076273942812,1264195000.0,,4875000000.0,20.840178680533867,34.346800180895144,-0.5002382086707934,4.86042692939245,2747755.1666666665,Finance,Regional Banks,NASDAQ:COLB,US,83985136.66916667,1.1073987309500601,9.385539632952074,1.2994196397562565,1.0,1.1073987309500601,14.777436243938514,financial_special,True,0.1,1.2073987309500602,reject_valuation
BHPLF,BHP Group Limited,47.7,242482037009.43555,24.074424930918475,4.765580257234852,19.9344171309046,8.54333730749723,11746504682.373999,,27081461590.77441,14.895104473066148,10.026436836487745,9.89503944008864,3.06952336155535,245696.7,Non-Energy Minerals,Steel,OTC:BHPLF,US,11719732.590000002,1.2076814071275537,19.795198726074155,1.2161749555566594,1.0,1.2076814071275537,0.6983821193076722,cyclical,True,0.0,1.2076814071275537,reject_valuation
BANF,BancFirst Corporation,112.39,3776163204.244653,15.158749426775646,1.929471540423536,13.667504718280302,1.72914584693922,241820000.0,,92242000.0,4.087016487722578,7.695498593043047,6.980838046865989,1.75391498881432,123465.53333333334,Finance,Regional Banks,NASDAQ:BANF,US,13876291.291333335,1.1091087758324167,12.728434820720867,1.1909358566301036,1.0,1.1091087758324167,6.870821828240725,financial_special,True,0.1,1.2091087758324168,reject_valuation
TXRH,"Texas Roadhouse, Inc.",190.64,12513786767.340313,30.525843848075322,8.022340011883701,27.459321726381695,11.9287599774921,406385000.0,,1087554000.0,9.891343355173998,-5.6665418546457476,-4.7523182040019565,1.51274727599704,768297.5666666667,Consumer Services,Restaurants,NASDAQ:TXRH,US,146468248.1093333,1.1116750862330096,26.280485649504875,1.161540325212766,1.0,1.1116750862330096,4.293026931339849,stable_or_general,True,0.1,1.2116750862330097,reject_valuation
GRDN,"Guardian Pharmacy Services, Inc.",39.98,2532267444.705706,38.628019323671495,10.309012521401902,31.749426749137697,16.4788126693936,79785000.0,,35238000.0,10.312195651452882,,,0.0,356340.3,Retail Trade,Drugstore Chains,NYSE:GRDN,US,14246485.193999998,1.2166524967169878,26.687913856055452,1.4473974823216407,1.0,1.2166524967169878,15.942060727819939,stable_or_general,True,0.0,1.2166524967169878,reject_valuation
TSCDY,Tesco PLC,19.23,39451235042.0975,17.728404167050797,2.6406166107555347,15.869319485018,4.68131257921009,3755026160.0,,20274306000.0,10.585426970661432,15.285559983498038,20.736865538735533,2.80938191007687,485721.93333333335,Retail Trade,Food Retail,OTC:TSCDY,US,9340432.778,1.1171496158854155,14.894835349383921,1.19023834444629,1.0,1.1171496158854155,6.140680049664848,stable_or_general,True,0.1,1.2171496158854156,reject_valuation
HOMB,"Home BancShares, Inc.",30.02,6005489639.431334,12.415219189412737,1.3233419983874801,11.1057297957511,2.01006232507769,494737000.0,,921373000.0,1.855492557065683,10.398328934580645,10.663615560640736,2.86666666666667,1335223.3,Finance,Regional Banks,NYSE:HOMB,US,40083403.466,1.1179111519679354,10.659030486678638,1.1647606416858394,1.0,1.1179111519679354,4.022241827307571,financial_special,True,0.1,1.2179111519679355,reject_valuation
LBLCF,Loblaw Companies Limited,45.17,52107497706.80878,27.156190721708988,6.760178083414654,23.8283558343561,6.38007838173365,3367936000.0,,11670912000.0,-0.5627995947083041,8.63495754652658,12.014109135081098,0.926342088404869,142347.36666666667,Retail Trade,Food Retail,OTC:LBLCF,US,6429830.5523333335,1.139658602989081,24.893690549943315,1.090886490583889,1.0,1.139658602989081,4.470869593323767,stable_or_general,True,0.08,1.219658602989081,reject_valuation
POWL,"Powell Industries, Inc.",180.2851,6568248541.529035,34.52877635837818,8.686044136267014,28.252320905580603,15.587072473757802,243958000.0,,2524000.0,7.039406398014422,8.825458008085347,8.781615900662528,0.205052523407171,645636.3333333334,Producer Manufacturing,Electrical Products,NASDAQ:POWL,US,116398610.91863334,1.2221571627256225,25.155957008477664,1.3725884627144909,1.0,1.2221571627256225,10.95967976383605,cyclical,True,0.0,1.2221571627256225,reject_valuation
ASB,Associated Banc-Corp,31.02,5858116273.964413,10.841226016146507,1.0753165285371398,9.65811666389126,1.05031786292406,582076000.0,,5734874000.0,20.10946956212174,262.9703641715242,276.83392598445937,3.07343901649952,1509302.8333333333,Finance,Major Banks,NYSE:ASB,US,46818573.89,1.122498970909984,9.91877235042978,1.0930007901307217,1.0,1.122498970909984,2.6988252017397185,financial_special,True,0.1,1.222498970909984,reject_valuation
CRM,"Salesforce, Inc.",260.425,214329769063.2988,23.735417426175722,5.584704696341533,19.3809800814394,9.32656991307621,15154000000.0,,42376000000.0,11.229811148802591,45.009755365451,59.33315907176673,0.647430321824301,15003795.7,Technology Services,Packaged Software,NYSE:CRM,US,3907363495.1725,1.224675807231567,23.5289929646767,1.0087731957678308,1.0,1.224675807231567,21.40249288636198,technology_strict,True,0.0,1.224675807231567,reject_valuation
TXT,Textron Inc.,78.9,13569768711.29142,14.890163810674116,1.684359198458502,12.1262994769807,5.33371201363249,758000000.0,,4211000000.0,8.796757218034418,14.82843137254902,19.88235294117647,0.100793750787451,1654907.9,Electronic Technology,Aerospace & Defense,NYSE:TXT,US,130572233.31,1.2279231466235885,11.31189166133322,1.3163283610266792,1.0,1.2279231466235885,6.716045708696761,technology_strict,True,0.0,1.2279231466235885,reject_valuation
DOX,Amdocs Limited,61.875,6655955444.107538,14.792722578177296,1.9658146812600277,13.109833641802302,6.9824464604926,638842000.0,,1087013000.0,0.15213349525898312,-19.357363647234894,-15.478499838344648,3.46396965865992,1151339.5333333334,Technology Services,Information Technology Services,NASDAQ:DOX,US,71239133.625,1.1283684432889292,13.289066099029405,1.11314989841594,1.0,1.1283684432889292,1.3671604241841884,technology_strict,True,0.1,1.2283684432889292,reject_valuation
ARW,"Arrow Electronics, Inc.",214.9,10939574979.758621,13.732594623264255,1.5637751380127978,12.1689733865274,2.59180457491921,825464000.0,,2170580000.0,26.05106778347911,73.70239104193953,76.91568498880774,0.0,561094.2,Distribution Services,Electronics Distributors,NYSE:ARW,US,120579143.58,1.1284924526557008,11.387324689273369,1.2059544272238134,1.0,1.1284924526557008,6.4232920265847255,stable_or_general,True,0.1,1.2284924526557008,reject_valuation
WOR,"Worthington Enterprises, Inc.",61.5,3008997270.5239105,19.575389120539835,2.9152805258312817,15.8927659583134,8.63273103969696,170206000.0,,349761000.0,19.72070496341533,62.49882877161566,63.94614621927674,1.24041129427126,218080.03333333333,Producer Manufacturing,Industrial Machinery,NYSE:WOR,US,13411922.049999999,1.2317169441672977,14.892580208136808,1.3144390593810262,1.0,1.2317169441672977,6.293339704366563,cyclical,True,0.0,1.2317169441672977,reject_valuation
LEA,Lear Corporation,131.61,6491632374.62541,12.26778273878879,1.258342458650672,10.8353552184123,3.59027010970987,849400000.0,,3515700000.0,3.551267935475978,18.348233290762025,25.316559200074746,2.35024799694773,694044.9666666667,Producer Manufacturing,Auto Parts: OEM,NYSE:LEA,US,91343258.06300001,1.1321994056957538,10.257293314072086,1.1960058431748748,1.0,1.1321994056957538,5.334960346827621,cyclical,True,0.1,1.232199405695754,reject_valuation
FFBC,First Financial Bancorp.,32.97,3460826169.5245204,11.64770719988695,1.1583023791046045,10.2861651931075,1.38879806351152,756428000.0,,1054050000.0,11.645265957014256,19.525196437925615,13.364572069366009,3.04599451720987,685665.7,Finance,Regional Banks,NASDAQ:FFBC,US,22606398.128999997,1.1323663368435677,9.94446683134211,1.1712751822125562,1.0,1.1323663368435677,3.3219217789186906,financial_special,True,0.1,1.2323663368435678,reject_valuation
BKR,Baker Hughes Company,63.22,62756854246.6477,20.31491002570694,3.151240607837527,16.4658954926207,6.77758318739054,3128000000.0,,16253000000.0,0.4201528487087544,1.574803149606299,1.8091405764386397,1.44563167818982,7121718.033333333,Industrial Services,Contract Drilling,NASDAQ:BKR,US,450235014.06733334,1.233756769245329,15.511959461547589,1.309628875453506,1.0,1.233756769245329,5.7934051111925395,cyclical,True,0.0,1.233756769245329,reject_valuation
UCB,"United Community Banks, Inc.",35.38,4265961134.0158243,11.573438011122017,1.131439137496718,10.2065146601054,1.31437147458192,454808000.0,,1180602000.0,4.048813830135374,38.20881458742814,38.784219367140324,2.82565696524442,749365.7666666667,Finance,Regional Banks,NYSE:UCB,US,26512560.82466667,1.1339265553950129,9.776171405674015,1.1838415603479375,1.0,1.1339265553950129,4.2163585588475545,financial_special,True,0.1,1.233926555395013,reject_valuation
BSX,Boston Scientific Corporation,47.28,68519571504.19424,19.171971939499617,2.743692785329832,15.523358959195702,8.47018150388937,3625000000.0,,12624000000.0,13.528712014707473,46.64804469273743,46.7741935483871,0.0,20018925.0,Health Technology,Medical Specialties,NYSE:BSX,US,946494774.0,1.2350401733216738,14.310957652076773,1.33967078972646,1.0,1.2350401733216738,7.810173753668992,health_special,True,0.0,1.2350401733216738,reject_valuation
PAG,"Penske Automotive Group, Inc.",220.013131,14446693807.081781,16.20161940249048,2.4842561869530586,15.6444133345,4.98345815205122,497200000.0,,9371200000.0,4.131469217561932,-6.563545150501672,-5.429234015585708,2.56807212457882,352368.6666666667,Retail Trade,Specialty Stores,NYSE:PAG,US,77525733.61962867,1.0356169359679148,15.333381961627762,1.0566240013478767,1.0,1.0356169359679148,1.9881306267096277,stable_or_general,True,0.2,1.2356169359679148,reject_valuation
GD,General Dynamics Corporation,360.885,97640030189.1389,22.002231407981856,3.639753692703266,17.8034360988771,7.63289954920473,6447000000.0,,9479000000.0,9.126171105762538,9.81399902104748,10.135098839707785,1.68912455243666,969936.0333333333,Electronic Technology,Aerospace & Defense,NYSE:GD,US,350035365.38949996,1.2358418501791113,16.54265708423944,1.330030072916392,1.0,1.2358418501791113,7.081661133477368,technology_strict,True,0.0,1.2358418501791113,reject_valuation
FSS,Federal Signal Corporation,118.455,7230684223.347773,25.51534733441034,4.80074409405738,20.6079861361831,13.1037649219467,339200000.0,,485800000.0,23.96941152638509,28.79061371841155,29.12691569549134,0.503584841242745,391524.36666666664,Consumer Durables,Motor Vehicles,NYSE:FSS,US,46378018.85349999,1.238129100330235,18.81512342802025,1.3561084216121508,1.0,1.238129100330235,8.699844304606652,cyclical,True,0.0,1.238129100330235,reject_valuation
WCPRF,"Whitecap Resources, Inc.",12.81,15550060032.85927,15.645763308059097,1.9253481702837683,12.5949689152415,7.427083387693541,1413843200.0,,1952755200.0,83.56870698381873,39.023831837038735,-23.41944193931149,4.02649006622517,452024.06666666665,Energy Minerals,Integrated Oil,OTC:WCPRF,US,5790428.294,1.24222325702811,12.305875605903012,1.2714059372218889,1.0,1.24222325702811,2.2953078430280938,cyclical,True,0.0,1.24222325702811,reject_valuation
COP,ConocoPhillips,132.67,159381450797.58032,17.577074418050053,2.4389270926801485,14.1337142246087,7.4957465770072105,10064000000.0,,23290000000.0,9.469887457297935,1.0484927916120577,1.262443317502483,2.47568523430592,6584439.666666663,Energy Minerals,Oil & Gas Production,NYSE:COP,US,873557610.5766661,1.2436274102278082,13.875614534439205,1.2667600684945408,1.0,1.2436274102278082,1.8261278392066926,cyclical,True,0.0,1.2436274102278082,reject_valuation
TTD,"The Trade Desk, Inc.",14.885,6994172442.9668665,17.665558984096844,2.715482721065104,15.4411277782469,6.94214551722344,863049000.0,,434110000.0,11.610294249386358,-2.47031357114436,1.5915119363395211,0.0,25990479.866666675,Technology Services,Packaged Software,NASDAQ:TTD,US,386868292.8153334,1.1440588561791238,15.371620697141124,1.1492320381924566,1.0,1.1440588561791238,0.45014251616838363,technology_strict,True,0.1,1.244058856179124,reject_valuation
JLL,Jones Lang LaSalle Incorporated,357.95,16468456330.595222,17.151495694756562,2.207040839473371,13.7791691951233,5.74117863392013,1240200000.0,,3418800000.0,11.17392467235636,77.1768043979429,79.38097366430587,0.0,332226.7,Finance,Real Estate Development,NYSE:JLL,US,118920547.265,1.2447409166604029,12.867920551955667,1.3328879072190012,1.0,1.2447409166604029,6.613233572094767,financial_special,True,0.0,1.2447409166604029,reject_valuation
DHI,"D.R. Horton, Inc.",143.265,40071406893.31068,13.629487984473998,1.6884826426247197,12.754321905732702,8.37475585401716,3202200000.0,,7183900000.0,-3.5441485684867517,-22.97075669265511,-15.746358980113653,1.24645107679524,1975923.5,Consumer Durables,Homebuilding,NYSE:DHI,US,283080680.22749996,1.0686172173800894,12.38845248294104,1.1001767979690662,1.0,1.0686172173800894,2.868591725187808,cyclical,True,0.18,1.2486172173800894,reject_valuation
OPCH,"Option Care Health, Inc.",24.32,3642777090.0932126,18.401937046004843,2.891173243332886,15.9991083445363,6.19900340200393,303849000.0,,1268079000.0,5.945175874824456,-0.7943044865422667,5.306772908366551,0.0,2249254.6666666665,Health Services,Medical/Nursing Services,NASDAQ:OPCH,US,54701873.49333333,1.1501851634306302,15.71124407232213,1.1712590652463224,1.0,1.1501851634306302,1.799251970891702,stable_or_general,True,0.1,1.2501851634306302,reject_valuation
AYI,Acuity Inc.,327.89,9815566501.747221,21.750580431177447,3.4611569082428715,17.3783460583203,10.1770149864788,639400000.0,,804300000.0,10.499424294761083,17.63387297633873,18.78683770920667,0.234420190580571,236016.0,Producer Manufacturing,Electrical Products,NYSE:AYI,US,77387286.24,1.2515909372609044,15.912940434829144,1.3668486047727093,1.0,1.2515909372609044,8.43236530434699,cyclical,True,0.0,1.2515909372609044,reject_valuation
TME,Tencent Music Entertainment Group,8.29,12534887813.961432,9.932901988976754,1.0515313797766033,10.9847297352764,7.90650937934692,,,2488283667.87515,15.724738435638239,-9.839369653801182,-8.466769028295683,2.8390243902439,10512418.966666667,Technology Services,Internet Software/Services,NYSE:TME,US,87147953.23366666,0.9042463700384178,10.586346074325128,0.9382748229879656,1.0,0.9042463700384178,3.626704257200797,technology_strict,False,0.35,1.2542463700384179,reject_valuation
VFC,V.F. Corporation,13.335,5242449387.639269,19.42178852315759,2.970740379345836,17.9381726585757,2.79559206049652,619058000.0,,4953682000.0,-0.15574538019071643,215.1919252302068,216.11418047882137,2.73972602739726,7480406.833333333,Consumer Non-Durables,Apparel/Footwear,NYSE:VFC,US,99751225.1225,1.0827071905717565,15.295915593992131,1.2697369048496845,1.0,1.0827071905717565,14.729800603855736,stable_or_general,True,0.18,1.2627071905717564,reject_valuation
STLD,"Steel Dynamics, Inc.",245.095,35128999143.32213,22.23285558780842,3.7367152185291186,17.581246652735,9.84164582264113,955563000.0,,4182142000.0,19.77252718396139,54.39810100559861,60.82161405146758,0.837296264683169,1147837.3666666667,Non-Energy Minerals,Steel,NASDAQ:STLD,US,281329199.3831667,1.2645778781762214,16.807176225163712,1.3228192106727232,1.0,1.2645778781762214,4.402818769685323,cyclical,True,0.0,1.2645778781762214,reject_valuation
TMUS,"T-Mobile US, Inc.",183.175,196486630447.39377,19.169387584243797,3.4991504996712415,17.9940701359779,4.95546649898169,15831000000.0,,119439000000.0,9.680911816494552,-13.548915268112976,-9.885985345014564,2.16998191681736,4288507.366666666,Communications,Wireless Telecommunications,NASDAQ:TMUS,US,785547336.8891666,1.0653169315993678,18.25384605686284,1.0501560889978439,1.0,1.0653169315993678,1.4436751603270626,stable_or_general,True,0.2,1.2653169315993678,reject_valuation
BIRK,Birkenstock Holding plc,33.802,6012964138.435109,15.799756941198465,1.8769879346802423,12.4492651908338,6.403564047043001,283446460.0,,2200469494.51859,19.54578702013978,16.524071850587024,19.15343915343916,0.0,2703431.466666667,Consumer Non-Durables,Apparel/Footwear,NYSE:BIRK,US,91381390.43626668,1.2691316876141074,11.879853226007073,1.329962301774069,1.0,1.2691316876141074,4.57386003188347,stable_or_general,True,0.0,1.2691316876141074,reject_valuation
LTC,"LTC Properties, Inc.",41.9691,2262368061.5637636,15.381748213304013,1.7834344831923523,12.1054076187421,6.78397317365752,121818000.0,,779502000.0,59.93916941090377,63.25425289584646,49.580615097856466,5.44152744630072,478051.23333333334,Finance,Real Estate Investment Trusts,NYSE:LTC,US,20063380.01689,1.2706509931552692,11.594484960102392,1.3266435090677953,1.0,1.2706509931552692,4.220615073289046,financial_special,True,0.0,1.2706509931552692,reject_valuation
RNECY,Renesas Electronics Corp,10.61,37505685272.92287,17.736542962219993,2.211716049845951,13.948427252554202,8.03101394594938,2684341400.0,,7124503922.47346,12.859298720155133,,,0.847865508122403,552850.5333333333,Electronic Technology,Semiconductors,OTC:RNECY,US,5865744.158666667,1.2715801316576476,12.469826022788387,1.4223568901287613,1.0,1.2715801316576476,10.600487087137767,technology_strict,True,0.0,1.2715801316576476,reject_valuation
ENGIY,ENGIE SA,27.6644,70270917256.56647,14.96667388011253,1.831893854463753,13.9580558649019,2.36098062210364,813888670.0,,87025709400.0,1.8215004198024636,-10.881839382443848,-17.43422521999375,4.43657345440075,251863.46666666667,Utilities,Electric Utilities,OTC:ENGIY,US,6967651.687253334,1.0722606375109045,12.239819409026767,1.2227855150440154,1.0,1.0722606375109045,12.309998416009426,stable_or_general,True,0.2,1.2722606375109045,reject_valuation
HL,Hecla Mining Company,20.67,13885452903.039604,26.50339787152199,5.185155454321967,20.7569703782606,15.9412881284113,515611000.0,,24569000.0,51.13488651134887,425.08926612275843,398.3386581469649,0.0707213578500707,34822625.8,Non-Energy Minerals,Precious Metals,NYSE:HL,US,719783675.286,1.2768432670347594,19.564115814347854,1.3546943865505556,1.0,1.2768432670347594,5.746766229247302,cyclical,True,0.0,1.2768432670347594,reject_valuation
FDX,FedEx Corporation,323.7,76610221069.276,17.46237255219291,2.454829841691155,14.8289546390717,4.74689650736477,5116000000.0,,42943000000.0,7.726952209812797,8.370044052863436,9.927059242127733,1.71749252258641,1467045.9666666677,Transportation,Air Freight/Couriers,NYSE:FDX,US,474882779.4100003,1.1775862140802977,14.057825386292539,1.2421816370845,1.0,1.1775862140802977,5.200159225973822,stable_or_general,True,0.1,1.2775862140802978,reject_valuation
MTB,M&T Bank Corporation,239.705,34617299195.30424,12.656419949945617,1.361725097581162,10.7170051885038,1.40468149798651,3621000000.0,,18182000000.0,0.31053548435961525,12.198739340007416,22.687551418336348,2.49937515621095,926646.2,Finance,Regional Banks,NYSE:MTB,US,222121727.371,1.1809661120181447,10.759164937372459,1.1763385005822296,1.0,1.1809661120181447,0.3933911398483314,financial_special,True,0.1,1.2809661120181448,reject_valuation
SOBO,South Bow Corporation,36.71,7657269753.457033,18.092043010074374,2.8767243482262614,16.3067115113459,3.7819606134446,663215245.4399999,,5727119200.0,-28.911750212949638,37.91990240003329,37.788273053686964,5.40965082444229,496377.8,Industrial Services,Oil & Gas Pipelines,NYSE:SOBO,US,18222029.038,1.1094844596647384,15.900494745808343,1.1378289354703106,1.0,1.1094844596647384,2.4911016869030744,cyclical,True,0.18,1.2894844596647383,reject_valuation
GMINF,G Mining Ventures Corp.,37.3847,11075198202.763582,24.420909195426326,4.7152649794090165,23.4930110469165,18.2386222207188,-16011353.6,,32979377.2,65.14807718683271,209.96648955238214,196.8529013756165,0.0,144465.53333333333,Non-Energy Minerals,Precious Metals,OTC:GMINF,US,5400800.624006666,1.0394967740259764,19.30831052060959,1.2647874690724272,1.0,1.0394967740259764,17.81253376993647,cyclical,False,0.25,1.2894967740259764,reject_valuation
DTEGY,Deutsche Telekom AG,33.2,159842430342.6614,15.92937338067364,2.305385853541337,14.6069155737091,3.0383796694214,34061895160.0,,165172551000.0,9.652533650306859,-26.238753850963896,-25.158000574547547,3.39737313432836,662620.2333333332,Communications,Major Telecommunications,OTC:DTEGY,US,21998991.746666662,1.0905364175134156,14.472545770936307,1.1006614615559156,1.0,1.0905364175134156,0.9199053838213844,stable_or_general,True,0.2,1.2905364175134155,reject_valuation
LSRCY,Lasertec Corp.,42.035,19483297077.98772,37.578222778473084,12.402924653007268,33.8326236296745,23.0979178501628,304189460.0,,,-11.32519689057237,-11.501012404441486,-11.13053150075474,0.712743628185907,122376.2,Electronic Technology,Electronic Equipment/Instruments,OTC:LSRCY,US,5144083.567,1.1107096863015178,33.0056179775281,1.1385401965222484,1.0,1.1107096863015178,2.4444029561486613,technology_strict,True,0.18,1.2907096863015177,reject_valuation
TIGO,Millicom International Cellular S.A.,96.0,16083920536.502972,24.203307785397335,6.558111701037547,22.1628838451197,3.7220774124842504,1591364540.0,,11901000000.0792,29.099018733762307,-30.073606729329335,-29.71239212489588,3.12793243665937,1224790.4666666666,Communications,Wireless Telecommunications,NASDAQ:TIGO,US,117579884.79999998,1.0920649115221952,27.095931511453472,0.8932450901408051,1.0,1.0920649115221952,22.25814880774206,stable_or_general,True,0.2,1.2920649115221952,reject_valuation
FCF,First,21.25,2147438358.0458407,13.011266225814353,1.3691383963749082,10.906676039502,1.37730567344051,178314000.0,,303612000.0,4.869147482867239,25.59668141427859,24.93880048959609,2.5992438563327,758201.8666666667,Finance,Regional Banks,NYSE:FCF,US,16111789.666666668,1.1929634820627208,10.522714489221176,1.2364933249060683,1.0,1.1929634820627208,3.520426836647439,financial_special,True,0.1,1.292963482062721,reject_valuation
TRU,TransUnion,77.3,14810680152.014837,20.38986046266255,3.058224963503072,15.768281872456798,6.3344145257341005,787200000.0,,5659000000.0,12.37032956944827,88.36437866802756,90.78556690654723,0.577013659915214,1975183.7666666666,Commercial Services,Financial Publishing/Services,NYSE:TRU,US,152681705.16333333,1.2930933520587606,14.998753763436609,1.3594369761818597,1.0,1.2930933520587606,4.880228012440336,financial_special,True,0.0,1.2930933520587606,reject_valuation
BOKF,BOK Financial Corporation,137.35,8346329771.999999,12.923896270089202,1.3720505657823077,10.8058848200525,1.24201261225999,647832000.0,,4974572000.0,1.6826854258068038,21.959578555256655,27.078799473873012,1.83472879504914,206399.6,Finance,Major Banks,NASDAQ:BOKF,US,28348985.06,1.1960053697876092,10.616384851043358,1.2173537839313602,1.0,1.1960053697876092,1.7536737820625814,financial_special,True,0.1,1.2960053697876093,reject_valuation
WSFS,WSFS Financial Corporation,79.12,4042288739.006855,13.26359552068665,1.4937890321296803,11.8549526822519,1.4756903018248,294748000.0,,424764000.0,-0.3304857290583444,20.045417242813635,30.641028448785633,0.939324701700939,332193.5333333333,Finance,Savings Banks,NASDAQ:WSFS,US,26283152.357333336,1.1188231514870266,11.26232347631442,1.1776961964004202,1.0,1.1188231514870266,4.999001023637217,financial_special,True,0.18,1.2988231514870265,reject_valuation
TOELY,Tokyo Electron Ltd.,174.04,155373021038.5346,39.834290815041996,12.002601345223752,30.6412995934508,22.5352611437658,2551547060.0,,416225196.123673,4.915545207188856,12.10609744133874,12.61728013197238,0.927375842683524,196202.36666666676,Producer Manufacturing,Industrial Machinery,OTC:TOELY,US,34147059.89466668,1.300019625262764,30.131329313615893,1.3220223509037645,1.0,1.300019625262764,1.664323271536139,cyclical,True,0.0,1.300019625262764,reject_valuation
SN,"SharkNinja, Inc.",175.15,24673653193.585125,35.78725838747906,8.68043079518495,27.5277348603576,13.7240284252552,804516000.0,,913016000.0,17.490942002803138,34.08842805287786,33.76882499248366,0.0,1642213.5,Consumer Durables,Electronics/Appliances,NYSE:SN,US,287633694.52500004,1.3000437038870174,24.255646244815402,1.4754197033661194,1.0,1.3000437038870174,11.886516025168136,stable_or_general,True,0.0,1.3000437038870174,reject_valuation
SYBT,"Stock Yards Bancorp, Inc.",79.985,2484865383.5246015,15.934536616463465,1.99373401442089,13.277142715053,1.52733105010586,147332000.0,,469553000.0,9.303008615962302,16.484740823847492,15.32152457095596,1.59441953163926,157700.2,Finance,Regional Banks,NASDAQ:SYBT,US,12613650.497000001,1.200148025704178,12.51203007912371,1.2735372689880438,1.0,1.200148025704178,5.762630201013364,financial_special,True,0.1,1.300148025704178,reject_valuation
GRMN,Garmin Ltd.,276.57,53337221098.58918,28.520603885657714,5.909074982031558,21.8873782187887,17.2640872592827,1599841000.0,,177957000.0,13.512248592312265,19.692177233994396,19.64318762260799,0.0,984702.2,Electronic Technology,Telecommunications Equipment,NYSE:GRMN,US,272339087.454,1.3030616824254848,20.718618040914208,1.37656883433714,1.0,1.3030616824254848,5.33988203699608,technology_strict,True,0.0,1.3030616824254848,reject_valuation
BRC,Brady Corporation,90.34,4256169234.0,21.004905949917458,3.1209440078324153,16.1095124938573,11.45378871575,192654000.0,,83593000.0,9.775337687177302,8.51862028152344,9.259729702266043,1.08479079034758,177084.03333333333,Producer Manufacturing,Miscellaneous Manufacturing,NYSE:BRC,US,15997771.571333334,1.303882160178765,14.858167017142392,1.413694295244047,1.0,1.303882160178765,7.767742674969568,cyclical,True,0.0,1.303882160178765,reject_valuation
ROP,"Roper Technologies, Inc.",412.0,40747159554.50218,17.073686217142477,2.1789383292228792,13.0656176469054,7.32359602806847,2622400000.0,,11319400000.0,10.875590846400009,62.659132242140814,69.57863076079778,0.841718953474606,722379.0333333333,Technology Services,Packaged Software,NASDAQ:ROP,US,297620161.73333335,1.3067645693111485,12.761967752664694,1.3378568687871428,1.0,1.3067645693111485,2.324037810127,technology_strict,True,0.0,1.3067645693111485,reject_valuation
SHOO,"Steven Madden, Ltd.",42.245,3091366258.930379,21.179685149904742,3.2896683621820126,16.1621540212756,7.6793687720107,224274000.0,,377142000.0,18.329088279982678,57.38972809667674,56.90685966016361,1.98581560283688,989557.4666666667,Consumer Non-Durables,Apparel/Footwear,NASDAQ:SHOO,US,41803855.17933333,1.3104494068070471,15.53218727709372,1.363599650973803,1.0,1.3104494068070471,3.8977895109315375,stable_or_general,True,0.0,1.3104494068070471,reject_valuation
SUN,Sunoco LP,73.8,15116057274.380322,16.190956758298416,1.4768187483140653,14.5439935717155,4.08080443702936,1722000000.0,,14841000000.0,83.33873731993144,224.37275985663084,123.93023827069516,5.19543181511015,453653.26666666666,Distribution Services,Wholesale Distributors,NYSE:SUN,US,33479611.08,1.1132400931327318,9.121256824783659,1.7750795827067876,1.0,1.1132400931327318,37.28506011909778,stable_or_general,True,0.2,1.3132400931327317,reject_valuation
FOXA,Fox Corporation,66.6,26432676517.377052,17.36862693962707,2.403206873893343,14.285714285714302,7.37789259364669,1468000000.0,,7568000000.0,5.067484662576687,-25.541316836058332,-21.89155055813575,0.827056564761483,4894451.933333334,Consumer Services,Broadcasting,NASDAQ:FOXA,US,325970498.76,1.2158038857738935,13.83648161853457,1.2552777084863134,1.0,1.2158038857738935,3.1446286702581316,stable_or_general,True,0.1,1.3158038857738936,reject_valuation
FNB,F.N.B. Corporation,18.51,6534047833.538171,11.021793497677743,0.9569229576208755,9.05025817555938,1.2006929828045,654900000.0,,4971000000.0,2.8835075302444246,29.523134294790097,30.448966910051254,2.652950730915,3447553.2666666666,Finance,Major Banks,NYSE:FNB,US,63814210.966000006,1.2178429923073997,8.682098406420844,1.2694849772177863,1.0,1.2178429923073997,4.067947698252061,financial_special,True,0.1,1.3178429923073998,reject_valuation
ELS,"Equity Lifestyle Properties, Inc.",62.495,12128068605.371586,30.368336653870447,6.8948359614873285,23.0340981787248,6.975237203162971,354412000.0,,3312741000.0,2.0612206680599536,9.423131385748208,11.382333838493189,3.378054623862,1333990.8,Finance,Real Estate Investment Trusts,NYSE:ELS,US,83367755.046,1.3184078846168954,22.704029002551845,1.3375747824519235,1.0,1.3184078846168954,1.4329589707046564,financial_special,True,0.0,1.3184078846168954,reject_valuation
AIT,"Applied Industrial Technologies, Inc.",323.22,11861804036.089191,29.497604380561263,6.389403734723312,22.3688566588124,13.403083363929,460517000.0,,483444000.0,8.836829538521952,5.480320009771291,8.195507282152557,0.617130806921789,261769.03333333333,Distribution Services,Wholesale Distributors,NYSE:AIT,US,84608986.95400001,1.318690750738055,21.660754725335895,1.361799473499363,1.0,1.318690750738055,3.165570526366357,stable_or_general,True,0.0,1.318690750738055,reject_valuation
OSIS,"OSI Systems, Inc.",206.1,3285639519.8543215,22.940017586233765,3.938615690290653,17.3438450263306,6.522786283897261,245334000.0,,1049842000.0000001,4.250492946976533,3.3908725783061677,3.2951239982984006,0.0,251022.66666666666,Electronic Technology,Aerospace & Defense,NASDAQ:OSIS,US,51735771.599999994,1.3226604337969647,17.169192113672157,1.3361151435871108,1.0,1.3226604337969647,1.00700226733631,technology_strict,True,0.0,1.3226604337969647,reject_valuation
HESAY,Hermes International SA,169.895,180220302279.31897,33.87601690859786,8.182044531088591,25.5464904188747,19.5191610337233,5688504710.0,,2611297200.0,10.201346165135208,8.104524802300336,8.079219016011901,0.838750341286024,75689.1,Consumer Non-Durables,Apparel/Footwear,OTC:HESAY,US,12859199.644500002,1.3260536517207466,24.15291193520439,1.4025645023456337,1.0,1.3260536517207466,5.4550682337198175,stable_or_general,True,0.0,1.3260536517207466,reject_valuation
HLI,"Houlihan Lokey, Inc.",134.09,9372561218.548443,22.522885697488874,4.156492935449903,18.325326383951,11.2280596997596,484634000.0,,493000000.0,1.5872408750660292,-0.5241192836709903,0.3742855697739075,1.82668420283501,873726.8333333334,Finance,Investment Banks/Brokers,NYSE:HLI,US,117158031.08166668,1.2290578200677518,18.45453105466552,1.220452886652724,1.0,1.2290578200677518,0.7050606794521963,financial_special,True,0.1,1.3290578200677519,reject_valuation
MBIN,Merchants Bancorp,52.56,2414505206.0121675,10.566735690878753,1.3104414961172934,11.7326091267848,1.33057770460348,-760324000.0,,4297796000.0,-5.267769001572684,6.0934037502123175,9.40503684152645,0.798479087452472,161223.99999999988,Finance,Regional Banks,NASDAQ:MBIN,US,8473933.439999994,0.9006296533612091,12.401573527087194,0.8520479814758316,1.0,0.9006296533612091,5.7017530633931335,financial_special,False,0.43000000000000005,1.3306296533612092,reject_valuation
SCHW,Charles Schwab Corporation (The),109.46,189293080284.69995,19.90471341286005,4.30554839887173,20.2734994678608,2.06842436299045,-7015000000.0,,37114000000.0,10.131993400329984,38.62419332692571,48.05481517378779,1.11433230657728,7196471.3,Finance,Investment Banks/Brokers,NYSE:SCHW,US,787725748.4979999,0.9818094525029891,21.630798241435613,0.9202024442505732,1.0,0.9818094525029891,6.6949407315028076,financial_special,False,0.35,1.331809452502989,reject_valuation
FFIN,"First Financial Bankshares, Inc.",33.36,4781405402.0012,17.8062449959968,2.378535004962411,14.4079155083539,1.81255587742028,315847000.0,,75485000.0,9.670105387216458,9.518265053962619,9.318473567510791,2.36952609478104,620799.8333333334,Finance,Major Banks,NASDAQ:FFIN,US,20709882.44,1.23586545088167,13.357869699631525,1.333015323280776,1.0,1.23586545088167,7.287978667792339,financial_special,True,0.1,1.33586545088167,reject_valuation
AXIAY,AXIA Energia,10.88,25011671806.363003,13.186280450854444,1.402074503249385,10.6425941906981,4.37224474371852,2789805900.0,,14138406669.3071,10.66306004358836,90.25288289193644,59.934095754991255,3.12982070984266,2315445.4,Utilities,Electric Utilities,OTC:AXIAY,US,25192045.952,1.239009983334664,10.632827873447312,1.24014802156101,1.0,1.239009983334664,0.09176632196803425,stable_or_general,True,0.1,1.339009983334664,reject_valuation
PR,Permian Resources Corporation,23.23,19456449081.622997,15.418823841762912,1.6205386355106546,11.5062562472319,6.86094842344198,1066488000.0,,3150869000.0,12.813302556836337,7.879569922533987,-2.149769435604347,2.61162594776748,8932206.733333332,Energy Minerals,Integrated Oil,NYSE:PR,US,207495162.41533333,1.3400382809545262,10.510131331297254,1.467043879446917,1.0,1.3400382809545262,8.657246062760748,cyclical,True,0.0,1.3400382809545262,reject_valuation
ITOCY,Itochu Corp.,14.1,110343019220.4777,16.785714285714285,2.3668162293092423,14.455929123828001,5.58329008588155,4771359480.0,,32265885248.423298,-0.07234282091043517,-8.29684135956008,-6.80128702984578,1.23439612168903,459233.36666666664,Distribution Services,Food Distributors,OTC:ITOCY,US,6475190.47,1.1611646779622107,14.10018179162953,1.1904608418367344,1.0,1.1611646779622107,2.460909493614538,stable_or_general,True,0.18,1.3411646779622106,reject_valuation
TCBI,"Texas Capital Bancshares, Inc.",97.4,4234403440.132911,12.67041315433448,1.264744531992583,10.1876602190876,1.10726445412793,470501000.0,,850859000.0,3.1082391116713364,171.93296489383124,205.67838396691585,0.204478069727022,396317.86666666664,Finance,Major Banks,NASDAQ:TCBI,US,38601360.21333333,1.2437019768872142,9.981872860711892,1.269342269846427,1.0,1.2437019768872142,2.019966841749854,financial_special,True,0.1,1.3437019768872143,reject_valuation
KEY,KeyCorp,22.11,23594212915.194847,12.859884836852206,1.370256084810857,10.3304312407719,1.07691817757208,761000000.0,,14659000000.0,18.47256391057867,1053.4090909090908,,3.70705244122966,9011886.0,Finance,Major Banks,NYSE:KEY,US,199252799.46,1.2448545987216022,10.655274928156068,1.2069031464284943,1.0,1.2448545987216022,3.144531721987387,financial_special,True,0.1,1.3448545987216023,reject_valuation
ADYEY,Adyen N.V.,11.99,38415584664.790054,28.898529766208725,5.60262047503119,21.4466482581311,7.909760639759201,781202640.0,,468024717.9,25.20164541781378,21.18453641667998,20.330626450116007,0.0,1409923.1333333333,Commercial Services,Miscellaneous Commercial Services,OTC:ADYEY,US,16904978.368666667,1.347461357056219,19.38721630600868,1.490597170324664,1.0,1.347461357056219,9.602581845588032,financial_special,True,0.0,1.347461357056219,reject_valuation
JNJ,Johnson & Johnson,277.62,669035986619.9723,32.17738009689608,7.868240276933036,25.742150216587902,10.6664976549626,22244000000.0,,49036000000.0,8.07181320621469,-7.166497506729623,-7.724064171122985,1.89634737636031,6609944.733333333,Health Technology,Pharmaceuticals: Major,NYSE:JNJ,US,1835052856.868,1.2499880478578438,24.45270638330194,1.3159026077730642,1.0,1.2499880478578438,5.0090758636590405,health_special,True,0.1,1.3499880478578439,reject_valuation
NRG,"NRG Energy, Inc.",112.725,23695975552.475857,29.81511849344054,5.637803214785674,23.7715245695086,2.65196476541513,348000000.0,,23467000000.0,12.7003573251659,62.643678160919535,59.993229232787435,1.66756080114449,2949752.1,Utilities,Electric Utilities,NYSE:NRG,US,332510805.47249997,1.254236698460812,18.909209487213726,1.5767511864312103,1.0,1.254236698460812,20.454367863858824,stable_or_general,True,0.1,1.354236698460812,reject_valuation
CDE,"Coeur Mining, Inc.",21.28,21874457661.029102,17.47700394218134,2.1026213601825963,12.8480737603898,8.78760424796154,1156220000.0,,713156000.0,116.79407622643836,346.0098599674831,212.20512820512818,0.092378752886836,36974716.5,Non-Energy Minerals,Precious Metals,NYSE:CDE,US,786821967.12,1.360282036678711,12.030788384202676,1.4526898307952913,1.0,1.360282036678711,6.361151028777467,cyclical,True,0.0,1.360282036678711,reject_valuation
PH,Parker-Hannifin Corporation,972.51,122582427622.43724,34.13693244642575,7.954833695789184,25.084232964312704,12.0852727302844,3905000000.0,,8733000000.0,8.307708552666645,3.318541713161899,5.019759057463465,0.787956703852694,641955.4,Producer Manufacturing,Industrial Machinery,NYSE:PH,US,624308046.054,1.360892019101892,23.302719739898833,1.4649333995111575,1.0,1.360892019101892,7.102123580770547,cyclical,True,0.0,1.360892019101892,reject_valuation
MRP,"Millrose Properties, Inc.",31.76,4898284465.01135,11.076622606633418,0.9012012706483911,8.11972623428877,5.38503930897823,5225752000.0,,2491732000.0,228.24471299093653,890.7040143175244,890.4317789291885,9.48928121059269,997354.3,Finance,Real Estate Development,NYSE:MRP,US,31675972.568000004,1.3641620772702876,8.136065501669181,1.361422496458633,1.0,1.3641620772702876,0.20122928912815752,financial_special,True,0.0,1.3641620772702876,reject_valuation
SAFRY,Safran SA,96.96,160664327855.452,35.69824380545635,9.690931642750842,28.2009532023088,6.38847101807393,6257840650.0,,5836546500.0,22.56853187447156,-4.200327106357691,-3.8888888888888924,0.687389015234119,190021.63333333333,Electronic Technology,Aerospace & Defense,OTC:SAFRY,US,18424497.568,1.2658523826965449,27.146802222437667,1.315007326201782,1.0,1.2658523826965449,3.737997692166062,technology_strict,True,0.1,1.365852382696545,reject_valuation
CODYY,Compagnie de Saint-Gobain,8.76,42975673212.72197,13.920228825679327,1.4761814085399452,10.9903134341955,4.41438234750486,3968116710.0,,19519560900.0,5.586347344803751,1.7820636939995125,2.8099983662800185,1.86594095520347,637081.6,Producer Manufacturing,Building Products,OTC:CODYY,US,5580834.816,1.2665907036252146,10.604577173449627,1.3126623153378525,1.0,1.2665907036252146,3.509783984373771,cyclical,True,0.1,1.3665907036252147,reject_valuation
ASMIY,ASM International N.V.,942.62,43952867750.662636,36.94303462601164,9.080022332566438,27.023332948113005,19.3868330772242,896064260.0,,80602650.0,10.55140982124008,115.93363391293552,116.90398265822246,0.358057259441893,17340.966666666667,Producer Manufacturing,Industrial Machinery,OTC:ASMIY,US,16345941.999333333,1.3670791347960396,24.578441983683664,1.5030665756005275,1.0,1.3670791347960396,9.047333166207638,cyclical,True,0.0,1.3670791347960396,reject_valuation
COLM,Columbia Sportswear Company,57.95,2966645717.385361,15.026578503824712,1.852291647555087,12.6576344950075,7.24411536269449,321303000.0,,461244000.0,-0.22461470142472745,-8.33444560120303,-1.8052655700972646,2.07648382073023,700324.9,Consumer Non-Durables,Apparel/Footwear,NASDAQ:COLM,US,40583827.955000006,1.1871553495838094,12.326769178250547,1.2190200275947187,1.0,1.1871553495838094,2.6139585314100544,stable_or_general,True,0.18,1.3671553495838094,reject_valuation
KYIV,Kyivstar Group Ltd.,14.095,3254023000.0711284,20.58565795238791,2.3496796800634807,20.2338971854498,13.031949351691802,,,544000000.0,,4149.342003728993,464.4682605111294,0.0,396713.0,Finance,Financial Conglomerates,NASDAQ:KYIV,US,5591669.735,1.0173847264179567,11.414158757995494,1.8035195049278492,1.0,1.0173847264179567,43.58892578438414,financial_special,False,0.35,1.3673847264179568,reject_valuation
VRTX,Vertex Pharmaceuticals Incorporated,555.43,140779805584.47644,32.314047182709366,6.949700474578595,23.5425523671082,17.1208705790906,3796100000.0,,1977600000.0,11.447527776315097,21.101825379371014,22.86012451484244,0.0,1183220.4666666666,Health Technology,Pharmaceuticals: Major,NASDAQ:VRTX,US,657196143.8006666,1.3725804525704701,21.506747314205967,1.5025074089825194,1.0,1.3725804525704701,8.64734214522339,health_special,True,0.0,1.3725804525704701,reject_valuation
ATLKY,Atlas Copco AB,21.14,97727541789.2364,36.24207097548431,9.389254322654574,26.401404853858303,13.1836018413493,2872627360.0,,3705046935.62303,8.943208267410382,5.177315996960078,5.21284271284272,1.30846299810247,335586.76666666666,Producer Manufacturing,Industrial Machinery,OTC:ATLKY,US,7094304.247333334,1.3727326699506255,25.907057930011415,1.398926542465501,1.0,1.3727326699506255,1.872426587082332,cyclical,True,0.0,1.3727326699506255,reject_valuation
IMO,Imperial Oil Limited,127.87,61837000134.728516,21.39432292012447,3.578890467490475,16.7978684752331,9.04162275507654,3544640000.0,,2956800000.0,2.465674118281722,-15.126301078499521,-10.398362013920751,1.74725274725275,490655.4,Energy Minerals,Integrated Oil,AMEX:IMO,US,62740105.998,1.2736331964777803,16.728224963473878,1.2789356292636564,1.0,1.2736331964777803,0.41459731549812195,cyclical,True,0.1,1.3736331964777804,reject_valuation
PCTY,Paylocity Holding Corporation,149.335,7923261473.784206,30.21202128305246,6.513110177478818,21.9733590098258,5.81727894087701,497100000.0,,132972000.00000001,11.039536214731376,18.762190316430896,23.061793556739516,0.0,736185.8,Technology Services,Packaged Software,NASDAQ:PCTY,US,109938306.44300002,1.374938682317191,21.558008702755583,1.4014291254642044,1.0,1.374938682317191,1.89024494108746,technology_strict,True,0.0,1.374938682317191,reject_valuation
PCG,Pacific Gas & Electric Co.,13.78,30348616562.116047,10.051790794368662,0.9389460228685822,9.72851721541936,2.24969800326867,-4263000000.0,,64703000000.0,5.659837238784607,29.96715927750411,26.79430262671107,1.25358166189112,40306954.03333333,Utilities,Electric Utilities,NYSE:PCG,US,555429826.5793333,1.0332294811008735,9.34108202286313,1.0760842019977994,1.0,1.0332294811008735,3.982469105797126,stable_or_general,False,0.35,1.3832294811008734,reject_valuation
CMI,Cummins Inc.,554.625,76352167624.92482,28.342165374650595,5.9431903335033915,22.0409157330736,7.769463005623199,3367000000.0,,8286000000.0,2.930011862396204,-7.68446106766406,-7.964331234156232,1.5032080659945,993377.1666666666,Producer Manufacturing,Auto Parts: OEM,NYSE:CMI,US,550951811.0625,1.2858887406443655,20.96942931120929,1.3515945023596891,1.0,1.2858887406443655,4.861351655441837,cyclical,True,0.1,1.3858887406443656,reject_valuation
CBU,"Community Financial System, Inc.",63.56,3344267058.500551,14.775897340524457,1.6128962678808558,11.4894981010431,1.32013941356286,246667000.0,,764097000.0,7.2174067048245245,17.26636153008623,17.404951008488215,2.96109623562766,208298.6,Finance,Major Banks,NYSE:CBU,US,13239459.016,1.2860350565864138,10.915724647445387,1.3536341212108596,1.0,1.2860350565864138,4.993894846856895,financial_special,True,0.1,1.386035056586414,reject_valuation
FCNCA,"First Citizens BancShares, Inc.",2203.49,24478741937.670616,11.784868876359663,1.2465183949642034,10.6525477418771,1.00922839473092,1608000000.0,,32498000000.0,-1.3765237638679633,-1.7939090529828954,10.347745875154256,0.381223819227296,53890.26666666667,Finance,Regional Banks,NASDAQ:FCNCA,US,118746663.69733334,1.10629580471451,10.577278441041525,1.1141683507765565,1.0,1.10629580471451,0.7065849659577461,financial_special,True,0.28,1.38629580471451,reject_valuation
FIBK,"First Interstate BancSystem, Inc.",37.64,3587265521.605123,11.616208375767677,1.0824144744466502,9.61686732696756,1.21343874996726,243300000.0,,751900000.0,-5.410317349363903,41.307189542483655,45.92002161577951,5.01600853788687,997017.8,Finance,Regional Banks,NASDAQ:FIBK,US,37527749.992,1.2078994105693417,9.318139270854092,1.2466231763783184,1.0,1.2078994105693417,3.106292787005349,financial_special,True,0.18,1.3878994105693416,reject_valuation
A,"Agilent Technologies, Inc.",148.72,41928454850.52941,29.2807780906066,5.695227948894597,20.9713828005534,10.9953040888787,1267000000.0,,3949000000.0,8.603417796110783,18.0327868852459,19.1074736768051,0.675423389785305,2046563.9333333333,Health Technology,Medical Specialties,NYSE:A,US,304364988.16533333,1.3962254358274329,19.45039824854125,1.5054076382627595,1.0,1.3962254358274329,7.252666962771814,health_special,True,0.0,1.3962254358274329,reject_valuation
KARO,Karooooo Ltd.,65.59,2026291603.8008206,33.64797619658339,9.156010944217991,29.192521678232904,17.5836057859438,,,66268686.2097554,29.841416708695267,13.838876841565112,13.841032529346501,0.0,88440.43333333333,Technology Services,Packaged Software,NASDAQ:KARO,US,5800808.022333333,1.1526231466900871,27.2111787369479,1.2365497475085663,1.0,1.1526231466900871,6.7871592701851835,technology_strict,False,0.25,1.4026231466900871,reject_valuation
HAL,Halliburton Company,37.055,30871646658.98512,19.409669477764393,2.806890763431868,14.891935858703201,6.25720144517137,1725000000.0,,8199000000.0,0.6251686606098767,-13.963480128893663,-10.677022411453711,1.82354518637705,10530243.933333334,Industrial Services,Oilfield Services/Equipment,NYSE:HAL,US,390198188.9496667,1.3033677865608668,14.46130119138518,1.342180016921785,1.0,1.3033677865608668,2.8917306077862692,cyclical,True,0.1,1.403367786560867,reject_valuation
TS,Tenaris S.A.,55.695,30369488553.69044,14.875006676993749,1.657506903674728,11.3953254900841,9.38806071820553,1744734700.0,,446950000.0,1.963176848775337,-4.795650483631855,1.4303516281085877,3.16107263363523,1454694.7,Non-Energy Minerals,Steel,NYSE:TS,US,81019221.3165,1.3053604032581232,11.142898552363619,1.3349315357303042,1.0,1.3053604032581232,2.21517970627636,cyclical,True,0.1,1.4053604032581233,reject_valuation
KVUE,Kenvue Inc.,18.915,36331433341.70897,21.927892418270343,3.4418068075535966,15.5805102664098,6.15590250060334,1914000000.0,,8613000000.0,1.7500990622110686,16.92524682651622,17.18516505909524,4.39313984168866,20391263.566666666,Consumer Non-Durables,Household/Personal Care,NYSE:KVUE,US,385700750.3635,1.407392443721496,15.696021951867476,1.3970350248944075,1.0,1.407392443721496,0.7413857664643198,stable_or_general,True,0.0,1.407392443721496,reject_valuation
TFC,Truist Financial Corporation,51.59,63023697471.29704,11.843978144083751,1.073949958386781,9.0588280916741,1.06195720167004,5122000000.0,,71067000000.0,0.3604548284562703,11.89883119371527,18.367346938775523,4.03022670025189,5991096.233333333,Finance,Regional Banks,NYSE:TFC,US,309080654.67766666,1.307451474321437,9.067476698470907,1.306204420252997,1.0,1.307451474321437,0.09547158538925071,financial_special,True,0.1,1.407451474321437,reject_valuation
LGND,Ligand Pharmaceuticals Incorporated,289.22,5765776877.244012,30.920384446796458,5.9546947421128404,21.9615878221314,12.5839094790554,131508999.99999999,,1131453000.0,54.88634425110883,,,0.0,233071.76666666666,Health Technology,Pharmaceuticals: Major,NASDAQ:LGND,US,67409016.35533334,1.40793027795727,19.258152343994492,1.6055737795863239,1.0,1.40793027795727,12.309836155892928,health_special,True,0.0,1.40793027795727,reject_valuation
NYT,New York Times Company (The),66.8,10773742577.405306,27.876309310186535,5.270050649289174,19.7238733052758,13.5701018003767,623018000.0,,0.0,10.757906560687944,22.618334144910165,23.367998352553553,1.22278556516552,2082978.5,Consumer Services,Publishing: Newspapers,NYSE:NYT,US,139142963.79999998,1.4133283497988247,18.905123309718036,1.474537290949958,1.0,1.4133283497988247,4.1510609142817785,stable_or_general,True,0.0,1.4133283497988247,reject_valuation
VLY,Valley National Bancorp,13.935,7700553593.329856,11.764457577036724,1.0190694327436114,8.95340442334759,1.07508338819019,584781000.0,,3454165000.0,1.1706601747816652,53.17320093994593,51.664532650448145,3.16546762589928,5938703.433333334,Finance,Major Banks,NASDAQ:VLY,US,82755832.3435,1.3139647245643025,8.662273003837873,1.3581259297443533,1.0,1.3139647245643025,3.2516281600163177,financial_special,True,0.1,1.4139647245643026,reject_valuation
MHO,"M/I Homes, Inc.",147.415,3727097975.0025764,12.413999275783373,1.1527515663392633,10.0596935822426,6.614386996693031,189050000.0,,1020483000.0,-4.938117939507174,-37.94246359977943,-34.81561583980151,0.0,205162.7,Consumer Durables,Homebuilding,NYSE:MHO,US,30244059.4205,1.2340335393213766,9.285900061134972,1.3368654835884664,1.0,1.2340335393213766,7.6920187954186865,cyclical,True,0.18,1.4140335393213765,reject_valuation
PFSI,"PennyMac Financial Services, Inc.",72.63,3773242600.4108973,9.98034985502865,0.869903078208874,9.37660182001404,1.45108050639634,-1371201000.0,,15496498000.0,24.078649772737418,1.495602690118986,0.8802572846488721,1.63867267513314,610525.4333333333,Finance,Finance/Rental/Leasing,NYSE:PFSI,US,44342462.223,1.0643887888814827,8.716158159230952,1.1450400133525387,1.0,1.0643887888814827,7.043528918689834,financial_special,False,0.35,1.4143887888814826,reject_valuation
PRNDY,Pernod Ricard S.A.,14.47,18244048487.298477,11.308221319162238,1.0018680303703795,9.13918209689654,3.77570545720682,1310917500.0,,15974868900.0,-6.18463249073022,35.837354082834864,35.73777447756446,5.22418188081295,630526.0333333333,Consumer Non-Durables,Beverages: Alcoholic,OTC:PRNDY,US,9123711.702333333,1.237334063296786,8.859642927864117,1.2763743879109613,1.0,1.237334063296786,3.058689126320724,stable_or_general,True,0.18,1.417334063296786,reject_valuation
TKC,Turkcell Iletisim Hizmetleri AS,5.075,4270483127.9655,9.80297469576975,0.6730947770497892,7.43451016050396,3.52507315462972,1432150300.0,,4545405664.92697,16.113679581072283,2.319479271636542,2.1507498026835083,3.10792490118577,2423831.2,Communications,Wireless Telecommunications,NYSE:TKC,US,12300943.340000002,1.3185770796102108,6.866229873471446,1.4277084916199487,1.0,1.3185770796102108,7.643816132655489,stable_or_general,True,0.1,1.4185770796102108,reject_valuation
DBSDY,DBS Group Holdings Ltd.,248.26,174730231487.1088,20.185545048744196,3.2538631925239523,16.2972597639239,1.24231729484705,17589079390.0,,139836097259.26797,-2.264637445151191,2.7795260561652513,2.5985618232477483,3.37380243231493,42271.39999999997,Finance,Major Banks,OTC:DBSDY,US,10494297.763999993,1.238585218689802,16.11976879824895,1.2522229878965077,1.0,1.238585218689802,1.0890847188178787,financial_special,True,0.18,1.418585218689802,reject_valuation
DAR,Darling Ingredients Inc.,64.035,10104909820.529886,17.20723383672811,1.9263049599306907,12.129846779356,5.62512865032963,881242000.0,,4171198999.9999995,14.732610990498635,467.5202642419181,470.41692213366036,0.0,2591226.533333333,Consumer Non-Durables,Food: Specialty/Candy,NYSE:DAR,US,165929191.06199998,1.4185862484275897,11.194739248670373,1.5370821467567326,1.0,1.4185862484275897,7.7091454467265175,stable_or_general,True,0.0,1.4185862484275897,reject_valuation
EPAM,"EPAM Systems, Inc.",117.405,6056569120.123875,15.90228771891804,1.721176577866143,11.1784611672526,8.65222252929579,482636000.0,,152243000.0,10.76187341661321,0.1288785077015503,5.272989120360476,0.0,1522063.5,Technology Services,Information Technology Services,NYSE:EPAM,US,178697865.2175,1.4225829012587108,10.823452626998806,1.4692435276383267,1.0,1.4225829012587108,3.1758265734625035,technology_strict,True,0.0,1.4225829012587108,reject_valuation
PSA,Public Storage,305.73,57011266909.0,29.15407134751638,11.092876764318186,22.0266093274274,10.056133687874,2861325000.0,,10180215000.0,2.9686303483151675,12.877205923763185,14.418670623663427,3.92503189088411,880596.7,Finance,Real Estate Investment Trusts,NYSE:PSA,US,269224829.091,1.3235841665023724,38.049151461870125,0.7662213276091663,1.0,1.3235841665023724,72.74175473976175,financial_special,True,0.1,1.4235841665023725,reject_valuation
DY,"Dycom Industries, Inc.",300.5,9063367605.015903,27.353492690564185,4.390513451919567,19.1973700190206,6.75379263538569,468671000.0,,3048458000.0,37.791545707713766,26.282233035748497,23.491456834532357,0.0,600216.3,Industrial Services,Engineering & Construction,NYSE:DY,US,180364998.15,1.424856251844006,16.051015866921123,1.7041595944675296,1.0,1.424856251844006,16.389506213518278,cyclical,True,0.0,1.424856251844006,reject_valuation
BUSE,First Busey Corporation,30.73,2537589700.5440025,12.775421967240375,1.070212635544015,9.62271645071912,1.24495403699541,209330000.0,,464217000.0,35.64369018769773,197.98253421565212,114.88297302126142,3.35723598435463,702036.4333333333,Finance,Regional Banks,NASDAQ:BUSE,US,21573579.596333332,1.327631551097575,8.377121619061418,1.5250371843917134,1.0,1.327631551097575,12.944316067471961,financial_special,True,0.1,1.427631551097575,reject_valuation
R,"Ryder System, Inc.",248.190684,9517335099.749945,20.397501910796617,3.3057781630371896,16.5966739459096,3.03449123130317,687000000.0,,8453000000.0,1.1201388341090164,-2.3904382470119523,3.8793508234229437,1.51435397011783,282373.23333333334,Transportation,Air Freight/Couriers,NYSE:R,US,70082405.9242916,1.2290114258600449,16.20677952375828,1.2585783548727223,1.0,1.2290114258600449,2.349232282456304,stable_or_general,True,0.2,1.4290114258600448,reject_valuation
EBC,"Eastern Bankshares, Inc.",22.15,5061530835.509511,12.556689342403628,1.183506566992082,9.4417984951874,1.3290864787159102,399259000.0,,495510000.0,56.047753625765374,,,2.44565217391304,2235670.1,Finance,Regional Banks,NASDAQ:EBC,US,49520092.714999996,1.329904397854278,9.42530737776087,1.3322312831973304,1.0,1.329904397854278,0.1746607644183218,financial_special,True,0.1,1.429904397854278,reject_valuation
HDB,HDFC Bank Limited,23.29,114657559186.5,13.737171169045652,1.8667034289955389,13.7049173020349,1.67016810357199,,,59780144994.5198,-4.470719533671189,5.212022968967876,4.634944146145772,1.4593470790378,9178776.933333334,Finance,Major Banks,NYSE:HDB,US,213773714.77733332,1.0023534521442141,13.588703278312737,1.0109258321189385,1.0,1.0023534521442141,0.8479731848137995,financial_special,False,0.43000000000000005,1.432353452144214,reject_valuation
WSBC,"WesBanco, Inc.",41.24,3955159093.377875,11.966804016017642,1.0175392279384097,8.97967626046724,1.28591182714689,395754000.0,,1747256000.0,31.111729811453465,163.0686352753392,107.17806901526994,3.65528927620431,710481.0666666667,Finance,Regional Banks,NASDAQ:WSBC,US,29300239.189333335,1.3326542816138198,8.503015730653122,1.407359976164417,1.0,1.3326542816138198,5.308215084686307,financial_special,True,0.1,1.43265428161382,reject_valuation
NICE,NICE Ltd,106.075,6422223539.405251,15.326985319616231,1.6409147850482846,11.4091416655369,8.21330936371637,649014310.0,,88218365.13196701,8.077449610843171,-20.91063608080785,-18.04854943753701,0.0,548818.6,Technology Services,Information Technology Services,NASDAQ:NICE,US,58215932.995,1.3433951272525426,10.706050477833765,1.4316190037913454,1.0,1.3433951272525426,6.162524827147465,technology_strict,True,0.1,1.4433951272525427,reject_valuation
BNY,The Bank of New York Mellon Corporation,164.22,111423952818.62543,19.118914010291757,2.7918804595059177,14.216715191730401,1.24633953304313,1592000000.0,,87433000000.0,0.3790600302257017,26.485943775100402,31.18795246968262,1.35094018134242,2514065.0,Finance,Investment Banks/Brokers,NYSE:BNY,US,412859754.3,1.3448193730020612,14.602714662574671,1.3092712178572976,1.0,1.3448193730020612,2.715110105524232,financial_special,True,0.1,1.4448193730020613,reject_valuation
AM,Antero Midstream Corporation,22.255,10563869689.661175,26.710273643783,5.4300618765981525,19.8223401672749,6.6115300562402,775570000.0,,3609545000.0,7.186555829563456,-12.382200846597497,-11.39940450871969,4.00712377560107,2327428.0,Industrial Services,Oil & Gas Pipelines,NYSE:AM,US,51796910.14,1.3474833656562675,20.329488005309287,1.3138684868407555,1.0,1.3474833656562675,2.5584660224510003,cyclical,True,0.1,1.4474833656562676,reject_valuation
KSS,Kohl's Corporation,19.465,2207330898.347208,8.490360289627496,0.527721868208614,6.67078443483632,2.01485019215701,1034000000.0,,6421000000.0,-2.870451970288304,29.807692307692307,25.141921397379917,0.0,4146239.033333333,Retail Trade,Department Stores,NYSE:KSS,US,80706542.78383332,1.2727678989728624,6.215541510686199,1.3659888321927007,1.0,1.2727678989728624,6.824428649991166,stable_or_general,True,0.18,1.4527678989728623,reject_valuation
AGCO,AGCO Corporation,126.51,8859713257.766573,17.508822918829146,2.170263902100529,12.9323198894425,4.41041499574173,330300000.0,,2838900000.0,1.7400536762320464,435.5421686746988,443.1481620687063,0.937847718963599,1067049.2333333334,Producer Manufacturing,Trucks/Construction/Farm Machinery,NYSE:AGCO,US,134992398.509,1.3538810568027122,12.395258734192849,1.4125419480377859,1.0,1.3538810568027122,4.152860119769308,cyclical,True,0.1,1.4538810568027123,reject_valuation
SAP,SAP SE,216.53,251883211184.19824,27.22141204867746,4.885663118263824,18.7059712715679,11.138168666247,10269214240.0,,11363258700.0,14.131917792395074,30.56546488208084,31.651770936775904,0.983785190987421,2739667.8333333335,Technology Services,Packaged Software,NYSE:SAP,US,593220275.9516667,1.4552258021508129,17.947868058891498,1.5166933453799145,1.0,1.4552258021508129,4.052733759025273,technology_strict,True,0.0,1.4552258021508129,reject_valuation
SSL,Sasol Ltd.,12.24,7957203069.690001,10.826110030072527,0.8047543625378955,7.98290968349616,3.48548022756406,731790400.0,,6777547284.929831,17.895947872323195,97.58429763739068,95.97850580689897,0.0,1186682.7666666666,Process Industries,Chemicals: Major Diversified,NYSE:SSL,US,14524997.064,1.3561609061485926,7.433458188605756,1.456402895581916,1.0,1.3561609061485926,6.882847441282447,cyclical,True,0.1,1.4561609061485927,reject_valuation
FN,Fabrinet,406.0525,14550835202.540844,31.13016245390495,5.928817540723228,21.3264088830781,14.031427714335,4222000.0,,4013000.0,35.73130034070658,42.25220809140086,42.246286723810755,0.0,969964.6,Electronic Technology,Semiconductors,NYSE:FN,US,393856550.7415,1.4597001597679136,19.04525088650644,1.634536748264139,1.0,1.4597001597679136,10.696399985004934,technology_strict,True,0.0,1.4597001597679136,reject_valuation
FBK,FB Financial Corporation,56.83,2840257664.6887174,15.18219705065185,1.4666324977166936,11.0792434790134,1.30364703362042,199866000.0,,372453000.0,43.17649874623243,117.45485527131096,94.27029271330703,1.43884892086331,295512.0,Finance,Major Banks,NYSE:FBK,US,16793946.96,1.370327954197448,9.660212502996881,1.5716214364789478,1.0,1.370327954197448,12.808013279105978,financial_special,True,0.1,1.470327954197448,reject_valuation
STN,Stantec Inc,72.16,8110762491.775503,23.121517673862538,3.3945106953580644,15.690295319320798,6.65958947916735,469004800.0,,1934873600.0,5.40170134079135,10.838093049813718,10.986736012371159,0.933743915764379,378646.26666666666,Industrial Services,Engineering & Construction,NYSE:STN,US,27323114.602666665,1.473619023944759,14.681175964479836,1.574909103317307,1.0,1.473619023944759,6.431487325788887,cyclical,True,0.0,1.473619023944759,reject_valuation
WMB,"Williams Companies, Inc. (The)",73.62,90049593623.71965,29.388048381302145,6.8443355267684,23.9815826439831,5.26419473923136,-214000000.0,,30793000000.0,8.69718620446326,26.512968299711815,26.392532795156416,2.76839972991222,6853357.066666666,Industrial Services,Oil & Gas Pipelines,NYSE:WMB,US,504544147.248,1.2254424079336361,23.289520413077312,1.2618571726706935,1.0,1.2254424079336361,2.8858071678577013,cyclical,False,0.25,1.4754424079336361,reject_valuation
FCFS,"FirstCash Holdings, Inc.",225.33,9772967494.753216,25.692686597797085,4.219638425320003,17.3980941111081,7.76309818314766,531909999.99999994,,2703016000.0,21.609260673217502,33.03218288377832,34.81622676894226,0.7502679528403,405116.43333333335,Finance,Finance/Rental/Leasing,NASDAQ:FCFS,US,91284885.92300001,1.4767529382079365,16.4235001632013,1.5643855659565458,1.0,1.4767529382079365,5.6017282219697595,financial_special,True,0.0,1.4767529382079365,reject_valuation
UBSI,"United Bankshares, Inc.",47.72,6500064598.164319,13.024017467248907,1.1858879335902757,9.45707239984853,1.54574432373723,533929999.99999994,,799368000.0,7.958419080787293,30.572405790330322,29.442521020278388,3.1729354906493,775366.6333333333,Finance,Regional Banks,NASDAQ:UBSI,US,37000495.74266666,1.3771722279991754,9.105392683727516,1.4303630737996031,1.0,1.3771722279991754,3.7186953980245074,financial_special,True,0.1,1.4771722279991755,reject_valuation
NJR,NewJersey Resources Corporation,53.665,5445277601.683452,14.85906523424521,2.0587482703100224,14.4526350108031,4.78687651480176,-88778000.0,,3880008000.0,7.076808362682839,-11.056619081278951,-11.752919904217366,3.53685778108712,602480.1,Utilities,Gas Distributors,NYSE:NJR,US,32332094.566499997,1.028121530996826,13.855166781052226,1.0724566126887678,1.0,1.028121530996826,4.133974388091,cyclical,False,0.44999999999999996,1.4781215309968259,reject_valuation
AZZ,AZZ Inc.,139.35,4187676741.958167,21.218442610469896,3.039778230345167,15.315197761531103,8.9927505531554,169186000.0,,542817000.0,5.682326734732726,-23.74922637513022,-23.81206496519721,0.611131320480175,222069.63333333333,Process Industries,Industrial Specialties,NYSE:AZZ,US,30945403.404999997,1.3854501222156357,14.326113778233836,1.4811024775405468,1.0,1.3854501222156357,6.458186167087321,cyclical,True,0.1,1.4854501222156358,reject_valuation
PRK,Park National Corporation,195.05,3523414278.990238,17.462420655881537,2.0406948343584586,12.594006863825099,1.6815261761959002,179382000.0,,155937000.0,14.448416867597372,13.829933641689054,8.595512172357472,2.23369454099366,102042.8,Finance,Major Banks,AMEX:PRK,US,19903448.14,1.3865659154149281,11.686208198581735,1.494276018289732,1.0,1.3865659154149281,7.208179851409458,financial_special,True,0.1,1.4865659154149282,reject_valuation
UDR,"UDR, Inc.",36.34,11674741455.646961,23.1568215127764,4.032070158464573,16.6736515803707,4.99393829498462,876341000.0,,5994848000.0,1.5372418628178923,295.75053430949026,309.3114241001565,3.5606268902942,3148048.8333333335,Finance,Real Estate Investment Trusts,NYSE:UDR,US,114400094.60333335,1.3888272404611182,17.412018986456946,1.3299331646024368,1.0,1.3888272404611182,4.428348538573879,financial_special,True,0.1,1.4888272404611183,reject_valuation
SAPGF,SAP SE,216.5,252776517325.11856,27.793294659361347,4.890290755206398,18.5724282715185,11.0577190156102,9853693680.0,,11350934340.0,3.1740461718879542,18.011774645208973,19.001243411625975,1.34712792326759,95170.6,Technology Services,Packaged Software,OTC:SAPGF,US,20604434.900000002,1.4964814645149758,17.595217893893153,1.579593661582769,1.0,1.4964814645149758,5.261618800401746,technology_strict,True,0.0,1.4964814645149758,reject_valuation
GPI,"Group 1 Automotive, Inc.",292.325,3485164258.368973,12.188079801538493,1.1808964503785755,9.39850859038796,2.78898832153789,138100000.0,,5776500000.0,0.8126973726121897,-39.39843253547977,-33.55523604520055,0.738578412408117,207273.6,Retail Trade,Specialty Stores,NYSE:GPI,US,60591255.12,1.2968099868529652,9.688945835664054,1.2579366226483972,1.0,1.2968099868529652,3.090248229098047,stable_or_general,True,0.2,1.4968099868529652,reject_valuation
AYA,Aya Gold & Silver Inc.,28.4,4090627319.9026766,38.245078774089016,8.355286161254858,25.422279961462102,17.5888448016651,141839174.4,,86240387.19999999,249.71007353483225,,,0.0,983447.1,Non-Energy Minerals,Precious Metals,NASDAQ:AYA,US,27929897.639999997,1.5043921643560345,21.84669617392853,1.7506115556149873,1.0,1.5043921643560345,14.064764422993669,cyclical,True,0.0,1.5043921643560345,reject_valuation
OR,OR Royalties Inc.,37.15,6923240354.285715,25.517353173905395,4.6948255707634035,20.2269500026136,16.9963409592866,-87963962.24,,219013867.6,60.687135465854794,241.23759597820523,240.27924751005764,0.617077485099019,1037962.3333333334,Non-Energy Minerals,Precious Metals,NYSE:OR,US,38560300.68333333,1.261552194997674,18.39856014362977,1.38692120332799,1.0,1.261552194997674,9.039374986083315,cyclical,False,0.25,1.511552194997674,reject_valuation
NTDOY,"Nintendo Co., Ltd.",14.09,65464660322.22769,21.248680440355905,3.619167976656495,16.78733609456,12.9487790514419,,,431065989.84771603,46.19830832388246,56.457041419360344,57.02107506511959,1.42298245614035,2222382.3666666667,Consumer Durables,Recreational Products,OTC:NTDOY,US,31313367.54633333,1.265756539373845,17.032436375592063,1.2475420410673503,1.0,1.265756539373845,1.46003082115862,stable_or_general,False,0.25,1.515756539373845,reject_valuation
VIV,Telefonica Brasil S.A.,11.735,19050093505.506,15.07579650565262,1.4787642646880923,9.90407608871269,5.181308716831,2063851060.0,,3809254146.58179,16.101499133723166,22.01398196433836,24.12693350342848,3.30602186711522,1602717.5666666667,Communications,Wireless Telecommunications,NYSE:VIV,US,18807890.644833334,1.5221810061449295,9.808863260615347,1.5369565366646631,1.0,1.5221810061449295,0.9613499254701119,stable_or_general,True,0.0,1.5221810061449295,reject_valuation
CENTA,Central Garden & Pet Company,35.98,2315405622.0587907,13.397378611855823,1.2890799380037818,9.97700894296628,4.46638535571736,343303000.0,,1408593000.0,-1.163642190441854,20.088670021878677,22.389828191222705,0.0,301754.5333333333,Consumer Non-Durables,Consumer Sundries,NASDAQ:CENTA,US,10857128.109333333,1.3428251581653516,9.621881827412333,1.3923865260626316,1.0,1.3428251581653516,3.5594547181829417,stable_or_general,True,0.18,1.5228251581653516,reject_valuation
IQV,"IQVIA Holdings, Inc.",264.77,43581142832.46292,32.84294875770619,7.062248989021065,23.0144781990125,4.69981029856613,2184000000.0,,16241000000.0,8.218130853029242,11.156022635408245,16.773614148934634,0.0,1442841.9666666666,Health Technology,Biotechnology,NYSE:IQV,US,382021267.5143333,1.4270559807484753,21.503090484114942,1.527359464071845,1.0,1.4270559807484753,6.567117020113066,health_special,True,0.1,1.5270559807484754,reject_valuation
SDVKY,Sandvik AB,40.42,49790189182.27321,28.163322185061315,4.88666491768714,18.4077509534599,9.60393215387302,1856174840.0,,4455500276.39579,17.890464077990693,29.420974492876734,29.48394081559004,1.04573218283817,161602.43333333332,Producer Manufacturing,Trucks/Construction/Farm Machinery,OTC:SDVKY,US,6531970.355333333,1.5299708397982084,17.351166476656566,1.6231371085598718,1.0,1.5299708397982084,5.739889025414813,cyclical,True,0.0,1.5299708397982084,reject_valuation
BSY,"Bentley Systems, Incorporated",34.125,10308919771.435093,37.611594841838425,8.567232375979112,24.5288342245175,8.27671195805765,498499000.0,,1267445000.0,12.848018832903765,14.055701978679044,15.934065934065938,0.786737847710031,2452684.2666666666,Technology Services,Information Technology Services,NASDAQ:BSY,US,83697850.6,1.5333625111398164,22.77816830688893,1.6512124388185918,1.0,1.5333625111398164,7.137175381448468,technology_strict,True,0.0,1.5333625111398164,reject_valuation
EFSC,Enterprise Financial Services Corporation,64.475,2333512824.2527933,12.831101116440127,1.187345976503901,9.60293863505347,1.13706496740822,211427000.0,,682076000.0,7.978112888405617,-5.2031240660676215,-4.748455093452641,2.01738050900062,190906.46666666667,Finance,Regional Banks,NASDAQ:EFSC,US,12308694.438333333,1.3361640227089386,9.253656141658709,1.3865980019158315,1.0,1.3361640227089386,3.6372459167840487,financial_special,True,0.2,1.5361640227089386,reject_valuation
DORM,"Dorman Products, Inc.",129.13,3832012559.4308963,17.894459687924392,2.528489812318423,15.0475540914496,8.82214035322031,,,528253000.00000006,3.2997858302863206,-2.9551287724577397,-1.8030399934682362,0.0,271143.43333333335,Consumer Durables,Automotive Aftermarket,NASDAQ:DORM,US,35012751.546333335,1.1891939101313798,14.130014856076981,1.2664147823049468,1.0,1.1891939101313798,6.097597189525905,stable_or_general,False,0.35,1.5391939101313796,reject_valuation
OSK,Oshkosh Corporation (Holding Company),156.7,9674618848.050013,17.938503102319295,2.140507151301891,12.387409955799003,5.544260399848511,1105500000.0,,1102800000.0,1.9270488102442913,-14.468019680196804,-12.33214909375564,1.41980046047582,693532.8666666667,Consumer Durables,Motor Vehicles,NYSE:OSK,US,108676600.20666666,1.4481237939430285,11.932473624430468,1.5033348211717077,1.0,1.4481237939430285,3.672570238587791,cyclical,True,0.1,1.5481237939430286,reject_valuation
BRX,Brixmor Property Group Inc.,29.39,9018977463.312265,20.970388869068856,2.9847350958740786,14.455915352409901,4.9036455024953,413100000.0,,5538888000.0,5.13491184271533,29.119659681089306,28.22506861848125,4.13392552101127,2298249.2666666666,Finance,Real Estate Investment Trusts,NYSE:BRX,US,67545545.94733334,1.4506441382539603,14.233093694683637,1.4733542347790307,1.0,1.4506441382539603,1.5413873995126726,financial_special,True,0.1,1.5506441382539604,reject_valuation
NUE,Nucor Corporation,262.87,59638808014.97702,20.971550747530838,2.698968176262633,13.520636265236,8.07351308819604,1583000000.0,,7099000000.0,17.18760144075081,122.65294118102932,126.28899480069322,0.849620909056273,1455332.5333333334,Non-Energy Minerals,Steel,NYSE:NUE,US,382563263.03733337,1.5510772079160569,12.869664283555217,1.629533629274865,1.0,1.5510772079160569,4.814654938647744,cyclical,True,0.0,1.5510772079160569,reject_valuation
EQX,Equinox Gold Corp.,12.835,14984346778.761484,15.123628445382906,1.592551894733499,9.74376493172064,5.74518857065575,75932243.2,,582300400.0,55.90965141847385,,,0.399518539014942,14760715.333333334,Non-Energy Minerals,Precious Metals,AMEX:EQX,US,189453781.30333334,1.5521339596512866,10.530223619846264,1.436211517567345,1.0,1.5521339596512866,8.071404571402606,cyclical,True,0.0,1.5521339596512866,reject_valuation
GDS,GDS Holdings Limited,31.32,5917567843.741691,15.666266506602641,1.4548299005633982,12.9967354006209,4.56432655980558,-109065490.0,,6982330592.15374,12.290782259814979,1816.8515743102148,13687.586206896553,0.0,1673201.1,Technology Services,Data Processing Services,NASDAQ:GDS,US,52404658.45200001,1.2054001273161419,9.286385495550274,1.6870144486365977,1.0,1.2054001273161419,28.548322257090586,technology_strict,False,0.35,1.5554001273161417,reject_valuation
SNX,TD SYNNEX Corporation,265.0,21189068085.30454,18.95727816407703,2.3490494194789737,13.0232561367132,3.26315965636263,374559000.0,,4719969000.0,16.263280447376257,56.535265815992474,63.39154218388386,0.716108635203596,591795.8,Distribution Services,Electronics Distributors,NYSE:SNX,US,156825887.0,1.4556481086658144,12.391280009438747,1.5298886111553287,1.0,1.4556481086658144,4.852673714163414,stable_or_general,True,0.1,1.5556481086658145,reject_valuation
L,Loews Corporation,109.55,22395056815.798344,13.418667319941205,1.1714278534640528,9.21128067924322,1.96281472518267,2753000000.0,,8936000000.0,3.5047893250650572,25.055596738324688,29.801577206817598,0.227190112686296,692589.2333333333,Finance,Property/Casualty Insurance,NYSE:L,US,75873150.51166666,1.4567645680560952,8.729837513172548,1.5371039036744532,1.0,1.4567645680560952,5.226669155306052,financial_special,True,0.1,1.5567645680560953,reject_valuation
TREX,"Trex Company, Inc.",43.75,4456601861.123827,25.850862680217443,4.412110259391745,17.7409722618187,11.2094119342431,205622000.0,,303372000.0,6.974966744543183,-4.991214348468939,-2.511520737327194,0.0,1785578.5666666667,Non-Energy Minerals,Forest Products,NYSE:TREX,US,78119062.29166667,1.4571277322749934,17.067555206844773,1.5146201296510358,1.0,1.4571277322749934,3.7958294789920966,cyclical,True,0.1,1.5571277322749935,reject_valuation
LIVN,LivaNova PLC,80.95,4459819440.100369,24.01934603287639,3.362534840347095,15.4023366927257,7.3252915991509004,148305000.0,,351949000.0,12.388232176149222,,,0.0,660180.1333333333,Health Technology,Medical Specialties,NASDAQ:LIVN,US,53441581.79333333,1.5594611721622977,13.999277231547596,1.7157561519496454,1.0,1.5594611721622977,9.109393523651176,health_special,True,0.0,1.5594611721622977,reject_valuation
CVCO,"Cavco Industries, Inc.",559.34,4300989924.344458,24.336589292318404,3.883436906230905,16.6584759581635,12.2374888764684,234659000.0,,41112000.0,9.685847628031675,-3.75513282939086,-0.36846782408912954,0.0,109989.9,Consumer Durables,Homebuilding,NASDAQ:CVCO,US,61521750.666,1.460913312444542,15.957194574741303,1.5251170359757893,1.0,1.460913312444542,4.209757154156302,cyclical,True,0.1,1.560913312444542,reject_valuation
BAESY,BAE Systems PLC,106.65,78389630926.2575,28.452139579553943,4.751913575323734,18.1331564970738,5.54489770842387,6051374450.0,,12148319250.0,11.213475334949111,10.872860417304619,11.390449020831483,1.59528129993179,269167.3333333333,Electronic Technology,Aerospace & Defense,OTC:BAESY,US,28706696.099999998,1.5690671165908345,16.70142789099248,1.7035752730399134,1.0,1.5690671165908345,7.89563916415964,technology_strict,True,0.0,1.5690671165908345,reject_valuation
CBC,"Central Bancompany, Inc.",32.7,7831818223.88923,17.94829573522147,2.0259444804474676,12.2047043303473,2.18182702909088,489980000.0,,913127000.0,,,,1.10495716034272,698560.8,Finance,Regional Banks,NASDAQ:CBC,US,22842938.160000004,1.470604715150091,11.287670486016028,1.5900797031112046,1.0,1.470604715150091,7.513773537725488,financial_special,True,0.1,1.570604715150091,reject_valuation
FFIV,"F5, Inc.",391.35,22161047333.100346,31.17556619480447,5.767743641296603,19.829918144371,11.2266703073647,969595000.0,,252380000.0,9.411847165429723,8.89216301974121,10.691674161860927,0.0,623202.1333333333,Technology Services,Packaged Software,NASDAQ:FFIV,US,243890154.88,1.5721480022172503,18.500846481042643,1.6850886377955354,1.0,1.5721480022172503,6.702355771981006,technology_strict,True,0.0,1.5721480022172503,reject_valuation
REGN,"Regeneron Pharmaceuticals, Inc.",836.715,86143978345.8933,20.678470013419638,2.72824069779366,14.0427540498586,10.8285449119322,3760400000.0,,2706600000.0,9.29000576887901,-2.9134705961512584,1.954010824539639,0.438664090009129,740533.6,Health Technology,Pharmaceuticals: Major,NASDAQ:REGN,US,619615571.124,1.4725366505744544,13.193629393388983,1.567307175065955,1.0,1.4725366505744544,6.046710306645064,health_special,True,0.1,1.5725366505744545,reject_valuation
SLGN,Silgan Holdings Inc.,41.03,4336133191.443027,16.12560918094639,1.8223851792959633,11.747678519816,2.84350028372934,342755000.0,,4833754000.0,8.434074752529396,-10.51748168404186,-9.667341214896865,1.97542760780535,1223475.7333333334,Process Industries,Containers/Packaging,NYSE:SLGN,US,50199209.33866667,1.3726634716591615,11.301186571290883,1.4268952272597015,1.0,1.3726634716591615,3.8006823882009932,cyclical,True,0.2,1.5726634716591614,reject_valuation
KT,KT Corporation,19.75,9507680218.084547,10.669331748689968,0.7858003685105323,7.2302367305843305,2.96922296742064,1156868800.0,,8142503711.35351,5.401367592071392,37.46925956796326,39.49510173323286,0.0,1488613.1333333333,Communications,Major Telecommunications,NYSE:KT,US,29400109.383333333,1.4756545527144447,7.36503828936631,1.4486457951066485,1.0,1.4756545527144447,1.8644141790234992,stable_or_general,True,0.1,1.5756545527144448,reject_valuation
HII,"Huntington Ingalls Industries, Inc.",288.455,11366453813.626009,17.19768197509077,2.139747692921671,12.968412791838302,5.33494753833737,-85000000.0,,2935000000.0,13.968363730659522,25.9047619047619,25.6208807669263,1.89866886802188,486642.73333333334,Electronic Technology,Aerospace & Defense,NYSE:HII,US,140374529.64366665,1.3261208022244764,12.44207036751171,1.3822202790298266,1.0,1.3261208022244764,4.058649526161351,technology_strict,False,0.25,1.5761208022244764,reject_valuation
PATK,"Patrick Industries, Inc.",80.79,2594834371.5527635,19.210100817957013,2.2945974570554686,12.952596204794201,4.68271351489183,127821000.0,,1651440000.0,3.200122833738718,16.800425066218338,13.787878787878771,2.30420394656208,441692.2000000002,Consumer Durables,Home Furnishings,NASDAQ:PATK,US,35684312.838000014,1.4831081363322896,11.94474448000059,1.6082471123698798,1.0,1.4831081363322896,7.781078857538759,stable_or_general,True,0.1,1.5831081363322896,reject_valuation
PLUS,ePlus inc.,92.33,2408928354.2334104,19.277988892136804,2.2521066698018424,12.1646898922133,6.942953342323591,54766000.0,,0.0,15.01340696149798,10.356415836024146,11.45397002699431,1.1444921316166,224279.66666666666,Technology Services,Packaged Software,NASDAQ:PLUS,US,20707741.62333333,1.5847497193065954,11.68226977618211,1.6501920655385731,1.0,1.5847497193065954,3.965741176353277,technology_strict,True,0.0,1.5847497193065954,reject_valuation
ENSG,"The Ensign Group, Inc.",172.195,10035943260.288074,26.98135380758383,4.109511887024758,16.9847289300429,7.09204305332169,419091000.0,,2250346000.0,18.892754198522248,17.317009702482,15.21519352975158,0.0,334599.1666666667,Health Services,Medical/Nursing Services,NASDAQ:ENSG,US,57616303.50416667,1.5885654648193248,15.230932874352916,1.771483994458227,1.0,1.5885654648193248,10.32572296510329,stable_or_general,True,0.0,1.5885654648193248,reject_valuation
RNST,Renasant Corporation,41.245,3769977532.3324027,12.357311921382989,0.9737943200958377,8.21033924199946,1.17119206509405,394022000.0,,1111694000.0,27.48175033590235,96.60631784547195,31.753049382228703,2.23300970873786,550085.1333333333,Finance,Regional Banks,NYSE:RNST,US,22688261.324333332,1.5050915141447454,7.8803086487668255,1.5681253707387162,1.0,1.5050915141447454,4.019694966371001,financial_special,True,0.1,1.6050915141447455,reject_valuation
AUB,Atlantic Union Bankshares Corporation,41.0,5855410786.36252,12.263699449629097,1.1291711167942997,9.75929128355317,1.29271499875466,-1362495000.0,,2010724000.0,35.20959821673542,139.08855840517347,62.62282323183188,3.63012018641158,792285.4,Finance,Regional Banks,NYSE:AUB,US,32483701.400000002,1.2566178314911531,9.207426530894397,1.3319356291879982,1.0,1.2566178314911531,5.654762591099227,financial_special,False,0.35,1.6066178314911532,reject_valuation
MLM,"Martin Marietta Materials, Inc.",510.165,36232084128.183975,12.539387980828314,2.6533730940119944,8.8861255918504,4.71873015873016,810000000.0,,6345000000.0,0.05983545250560958,123.16076294277929,125.40291081945053,0.652336228239085,620280.6666666666,Non-Energy Minerals,Construction Materials,NYSE:MLM,US,316445486.31,1.4111198239566158,21.160307808234197,0.592590055611044,1.0,1.4111198239566158,138.12748975369692,cyclical,True,0.2,1.6111198239566158,reject_valuation
CME,CME Group Inc.,281.505,101223352063.8636,23.873148061772262,3.8136149460704813,15.797447078294303,2.28830092935195,4212700000.0,,3868500000.0,5.099317194289261,13.681697612732096,14.121324739175051,3.98865449388406,1933236.2,Finance,Investment Banks/Brokers,NASDAQ:CME,US,544215656.481,1.5112029142084593,15.974495429771869,1.4944539667449888,1.0,1.5112029142084593,1.1207402727800853,financial_special,True,0.1,1.6112029142084594,reject_valuation
KRG,Kite Realty Group Trust,26.17,5243079426.219625,16.727388942154043,1.8273684916144946,10.9040826829281,5.14018307062976,262120999.99999997,,3008514000.0,-5.835190184275851,80.86390957689234,394.7817836812144,4.36949022614028,2408758.3333333335,Finance,Real Estate Investment Trusts,NYSE:KRG,US,63037205.58333334,1.5340482485833642,10.924409648952528,1.5311938566637262,1.0,1.5340482485833642,0.1864161031743805,financial_special,True,0.08,1.6140482485833643,reject_valuation
CVX,Chevron Corporation,207.34,409656423148.32666,19.87805111882346,2.157414914569116,12.2456140350877,7.08867296090059,27265000000.0,,37075000000.0,12.708743090756938,50.12394284047828,34.62660368104495,3.33617262918796,7730950.3,Energy Minerals,Integrated Oil,NYSE:CVX,US,1602935235.202,1.6232792460930359,10.853251667746033,1.8315295477665514,1.0,1.6232792460930359,11.370294403793002,cyclical,True,0.0,1.6232792460930359,reject_valuation
ODFL,"Old Dominion Freight Line, Inc.",186.22,38613951344.35736,35.83841727449433,8.496220910868612,24.8183665883153,19.3020813942743,1114770000.0,,19997000.0,-0.6404933687698874,-0.5236481858613163,1.4843460088670244,0.613728129205922,1710891.9333333333,Transportation,Trucking,NASDAQ:ODFL,US,318602295.82533336,1.4440280405628052,23.707020446227254,1.511721700995018,1.0,1.4440280405628052,4.477918150388172,stable_or_general,True,0.18,1.6240280405628051,reject_valuation
ACIW,"ACI Worldwide, Inc.",52.02,5251691880.343603,23.802333562113933,3.5180762980261036,15.617377368400302,7.24113519208066,311547000.0,,863594000.0,7.027936397052121,-10.103005727851379,-7.480314960629915,0.0,953706.6333333333,Technology Services,Packaged Software,NASDAQ:ACIW,US,49611819.066,1.5240928742795707,14.780383985651767,1.6104002159362254,1.0,1.5240928742795707,5.35937221086864,technology_strict,True,0.1,1.6240928742795708,reject_valuation
XOM,ExxonMobil Holdings Corporation,159.3,655027626135.4523,20.49981983836928,2.5254130588110524,12.5512239138806,7.182930425982841,30553000000.0,,42368000000.0,10.581923637547662,5.616637111075287,10.170981370686484,2.53991739103631,13672678.933333334,Energy Minerals,Integrated Oil,NYSE:XOM,US,2178057754.0800004,1.6332924963356124,12.319196357444397,1.6640549629669141,1.0,1.6332924963356124,1.8486448654588927,cyclical,True,0.0,1.6332924963356124,reject_valuation
EGO,Eldorado Gold Corporation,42.85,11197555520.745369,15.484895126243996,1.6306828654721905,11.1713718929652,7.396431305128461,-629491244.8,,1761019238.0,22.237593942938478,40.76449429132073,35.921721788993125,0.0,2868218.4,Non-Energy Minerals,Precious Metals,NYSE:EGO,US,122903158.44,1.3861229645389475,10.530796961669367,1.4704390543856136,1.0,1.3861229645389475,5.734075791525783,cyclical,False,0.25,1.6361229645389475,reject_valuation
LAD,"Lithia Motors, Inc.",383.0,8419533729.484404,12.68837936597858,1.3161306240744346,10.6702717237052,2.8341414253632404,-304400000.0,,16563300000.0,1.9672404339271699,-19.822651251543384,-10.572470573596386,0.625362815979735,290808.63333333336,Retail Trade,Specialty Stores,NYSE:LAD,US,111379706.56666668,1.1891336691820067,10.372724412728255,1.2232446232167136,1.0,1.1891336691820067,2.7885635781506046,stable_or_general,False,0.44999999999999996,1.6391336691820066,reject_valuation
DOV,Dover Corporation,191.035,25728637111.064873,22.995486006620524,3.349381117965857,14.913555081642802,8.4105825622312,1171676000.0,,3259988000.0,7.555250254213182,-50.51173849787699,-49.914086757302634,1.0912231119485,1048525.6333333333,Producer Manufacturing,Industrial Machinery,NYSE:DOV,US,200305094.36383334,1.5419184681810596,14.565385210825951,1.5787763710862086,1.0,1.5419184681810596,2.3345866824565187,cyclical,True,0.1,1.6419184681810597,reject_valuation
IDCC,"InterDigital, Inc.",334.97,8644238387.7942,38.64934405612157,7.190533576788683,26.402901239125505,14.469207414957,554583000.0,,401540000.0,-11.661199394118649,-34.80132393174934,-38.22946660204693,0.833556607424608,217753.56666666668,Technology Services,Packaged Software,NASDAQ:IDCC,US,72940912.22633335,1.4638294370032527,18.60454233414032,2.0774143949350465,1.0,1.4638294370032527,29.53599240612649,technology_strict,True,0.18,1.6438294370032527,reject_valuation
BGC,"BGC Group, Inc.",12.035,5722239181.891357,30.17803410230692,5.145647257008727,19.5370164812388,3.73740803664497,393725000.0,,1999509000.0,27.754642774109684,30.282525104972517,31.791143423661605,0.65843621399177,2668357.2,Finance,Investment Banks/Brokers,NASDAQ:BGC,US,32113678.902000003,1.5446592948972828,17.050969057707356,1.769872081766865,1.0,1.5446592948972828,12.724805887934675,financial_special,True,0.1,1.644659294897283,reject_valuation
LRLCY,L'Oreal Co.,88.4,233770323309.5267,32.14662351358232,6.082172629122323,19.5402357167319,10.5116685393859,9000607030.0,,19107515580.0,10.964232761273323,10.4654929205373,10.58430852133349,1.36474874943156,123529.46666666666,Consumer Non-Durables,Household/Personal Care,OTC:LRLCY,US,10920004.853333334,1.645150241767853,18.92009786518492,1.6990727924687783,1.0,1.645150241767853,3.1736457048773703,stable_or_general,True,0.0,1.645150241767853,reject_valuation
PEG,Public Service Enterprise Group Incorporated,73.695,36731063923.84182,18.324796101054304,2.117843423563799,11.8352941176471,3.5040971115581203,276000000.0,,24678000000.0,17.780557541100787,1.6161616161616161,1.5555555555555636,3.52255791898117,2786448.1666666665,Utilities,Electric Utilities,NYSE:PEG,US,205347297.64249998,1.5483177620175053,11.557255054215585,1.5855664701602492,1.0,1.5483177620175053,2.3492366194511782,stable_or_general,True,0.1,1.6483177620175054,reject_valuation
SIRI,SiriusXM Holdings Inc.,29.785,10039537607.495464,11.73192059240586,0.8429245420515626,7.57412746912252,3.22870613270716,1549000000.0,,9455000000.0,0.44366608289550497,,,3.62781323480013,4048395.166666665,Consumer Services,Broadcasting,NASDAQ:SIRI,US,120581450.03916661,1.5489468113962215,7.184881072219262,1.6328621830315293,1.0,1.5489468113962215,5.139158252750564,stable_or_general,True,0.1,1.6489468113962216,reject_valuation
LIN,Linde plc,478.07,220380787915.46057,30.86672434498521,5.63907756783743,18.6710655188412,8.30605353528983,4975000000.0,,28013000000.0,6.629568356143781,7.8939529341674115,10.101512738853511,1.28580020323939,2037319.2666666666,Process Industries,Chemicals: Specialty,NASDAQ:LIN,US,973981221.8153332,1.653184940829286,18.269115649628652,1.6895576631599365,1.0,1.653184940829286,2.1527955584909386,cyclical,True,0.0,1.653184940829286,reject_valuation
GLNCY,Glencore Plc,16.15,95857338835.84749,17.827574787504137,2.2715061703390518,13.6541606901457,3.7766157720861804,-154181580.0,,45256181250.28,30.781084864190795,,,1.35416666666667,747170.8,Distribution Services,Wholesale Distributors,OTC:GLNCY,US,12066808.42,1.3056514561433585,12.741532134428157,1.3991704136846526,1.0,1.3056514561433585,6.683886153296803,stable_or_general,False,0.35,1.6556514561433584,reject_valuation
IBN,ICICI Bank Limited,30.275,108064241192.2812,17.76076498885369,2.7016559745638307,15.717401827443101,1.96693042721145,,,23908800824.0126,-1.311161545615246,-0.5529201855895225,0.7030188456312282,0.697955439056357,5330822.9666667245,Finance,Regional Banks,NYSE:IBN,US,161390665.3158351,1.1300064211530694,15.21137167379523,1.167597858347668,1.0,1.1300064211530694,3.2195534554847804,financial_special,False,0.53,1.6600064211530694,reject_valuation
SNN,"Smith & Nephew SNATS, Inc.",28.85,11909331645.525,19.670007499829552,2.352286977380539,11.799616495353,5.82470830479578,849376420.0,,3805932989.88598,5.262325872903427,28.328174673973606,30.721925133689815,2.62112234227954,1753536.3333333333,Health Technology,Medical Specialties,NYSE:SNN,US,50589523.21666667,1.6670039664065455,11.958749773740161,1.6448213962150375,1.0,1.6670039664065455,1.3486309360124515,health_special,True,0.0,1.6670039664065455,reject_valuation
FR,"First Industrial Realty Trust, Inc.",61.79,8467142106.619511,22.500182069769135,2.951430600780202,13.4367625818718,6.48407607021592,238909000.0,,2584135000.0,8.44233157736948,34.443944003071564,34.28194220331523,3.06271268838114,820322.9333333333,Finance,Real Estate Investment Trusts,NYSE:FR,US,50687754.05066667,1.6745240479373538,13.117363191232547,1.715297635793749,1.0,1.6745240479373538,2.3770561449836913,financial_special,True,0.0,1.6745240479373538,reject_valuation
SGI,Somnigroup International Inc.,69.45,15990110384.07221,27.68917949126864,4.52261502875719,17.5702166213656,4.63997355049767,769000000.0,,6412100000.0,27.07311375846765,99.14115011202388,75.6319585463203,0.949367088607595,3519345.7666666666,Consumer Durables,Home Furnishings,NYSE:SGI,US,244418563.495,1.5759156581825096,16.33351046094857,1.695237503136272,1.0,1.5759156581825096,7.038650615799336,stable_or_general,True,0.1,1.6759156581825096,reject_valuation
WTS,"Watts Water Technologies, Inc.",361.61,12071644899.17228,31.563190098370388,5.513688160459746,18.8054289774119,13.7159602601673,349400000.0,,108000000.0,17.132607078794244,23.21027287319422,23.210195192773014,0.615981773689984,191621.96666666667,Producer Manufacturing,Industrial Machinery,NYSE:WTS,US,69292419.36633334,1.6784084072893228,17.46872905836099,1.8068395240959685,1.0,1.6784084072893228,7.108053321498198,cyclical,True,0.0,1.6784084072893228,reject_valuation
GATX,GATX Corporation,178.37,6296460777.678811,17.67965110516404,2.261658853290652,13.2707504446196,2.34079641409911,-4687800000.0,,12477100000.0,22.806702573309394,15.18141311266709,15.354272189890352,1.43251931645141,201319.96666666667,Transportation,Railroads,NYSE:GATX,US,35909442.454333335,1.3322269286083934,12.792440528591909,1.3820389522741112,1.0,1.3322269286083934,3.6042416593073057,stable_or_general,False,0.35,1.6822269286083933,reject_valuation
LW,"Lamb Weston Holdings, Inc.",50.36,6923543880.854877,24.134956388383017,3.7932255221710864,16.2802447650592,3.92616109445125,540200000.0,,4037100000.0,2.4956210376203245,-18.81298992161254,-16.745800582532027,2.99365582870738,1388911.1666666667,Consumer Non-Durables,Food: Specialty/Candy,NYSE:LW,US,69945566.35333334,1.4824688901595426,15.71672830532603,1.5356221676367752,1.0,1.4824688901595426,3.461351274905866,stable_or_general,True,0.2,1.6824688901595426,reject_valuation
WMT,Walmart Inc.,108.915,864103941207.0803,39.46052679250752,8.80517533952656,23.4417142735787,7.81795871100715,13509000000.0,,73755000000.0,6.158380617266318,3.429535232383808,4.131140119218296,0.901586423169157,25847265.566666666,Retail Trade,Specialty Stores,NASDAQ:WMT,US,2815154929.1935,1.6833464622928078,22.313881884613924,1.7684294914062764,1.0,1.6833464622928078,4.811219758940433,stable_or_general,True,0.0,1.6833464622928078,reject_valuation
ARGX,argenx SE,1044.725,66355686815.65783,39.81740154509316,7.681007389971301,23.6170675571694,19.9184548555339,1155630800.0,,47000000.0,70.56855018995005,33.67358630368085,33.37823686698725,0.0,279492.63333333336,Health Technology,Biotechnology,NASDAQ:ARGX,US,291992941.3591667,1.6859587435530645,19.290579223941997,2.064085328017255,1.0,1.6859587435530645,18.31932911549815,health_special,True,0.0,1.6859587435530645,reject_valuation
DRH,Diamondrock Hospitality Company,12.075,2478205664.353234,16.74060723693331,1.621031660795601,9.91874483684428,5.01615149538009,163442000.0,,1196275000.0,1.0324933563191208,126.40355916972348,159.6472282217423,2.81923714759536,2477913.1666666665,Finance,Real Estate Investment Trusts,NASDAQ:DRH,US,29920801.487499997,1.6877747650840322,9.68323094767592,1.7288245346406033,1.0,1.6877747650840322,2.37443238073346,financial_special,True,0.0,1.6877747650840322,reject_valuation
GMED,"Globus Medical, Inc.",78.14,10491226377.38684,19.980566635982406,2.1999047289787197,11.8140800058604,10.2481236387307,755590000.0,,111912000.0,19.74036545754915,50.12827738196379,50.93203658677782,0.0,1248064.3666666667,Health Technology,Medical Specialties,NYSE:GMED,US,97523749.61133334,1.6912503238568726,11.010221927425105,1.8147287827335503,1.0,1.6912503238568726,6.804237638788124,health_special,True,0.0,1.6912503238568726,reject_valuation
OBICY,Obic Co. Ltd.,16.3,13888797885.140564,27.973228076197014,4.633472432260339,16.5098557442104,14.1327437506228,470786390.0,,0.0,8.113035856623128,12.369944510089699,13.65320850399843,0.0,514877.4666666667,Technology Services,Information Technology Services,OTC:OBICY,US,8392502.706666667,1.6943350995666049,16.56395329004969,1.688801434437823,1.0,1.6943350995666049,0.327668192123709,technology_strict,True,0.0,1.6943350995666049,reject_valuation
YMM,Full Truck Alliance Co. Ltd.,8.73,8902130266.0,15.321165321165322,1.5205880303769248,10.5787178732102,9.54763133709235,,,3663453.88628526,8.572783320963184,4.503958310354983,4.684916406393526,0.0,7256439.833333333,Technology Services,Packaged Software,NYSE:YMM,US,63348719.745,1.4483007775417671,9.924754406744235,1.5437324384323332,1.0,1.4483007775417671,6.181878317428979,technology_strict,False,0.25,1.6983007775417671,reject_valuation
FMS,Fresenius Medical Care AG,22.64,11923275299.25868,11.682146542827658,0.8393267591013569,7.30370157653554,3.01522465979337,2092327620.0,,12534392338.5,6.7613165765066485,51.831607349257006,57.95908386991603,2.6986025812194,751830.1666666666,Health Services,Medical/Nursing Services,NYSE:FMS,US,17021434.973333333,1.5994830046669297,7.184696374286349,1.6259763717555895,1.0,1.5994830046669297,1.6293820469269527,stable_or_general,True,0.1,1.6994830046669298,reject_valuation
OXY,Occidental Petroleum Corporation,59.44,59418447067.76836,17.610286493052467,1.775985060690943,10.8690039758352,5.11176677715854,5312000000.0,,14626000000.0,-10.738673911447243,72.98097251585624,98.32540102238676,1.6498927569708,7512431.3,Energy Minerals,Integrated Oil,NYSE:OXY,US,446538916.47199994,1.6202300166790813,10.084929971988796,1.7461981929438857,1.0,1.6202300166790813,7.21385331709895,cyclical,True,0.08,1.7002300166790814,reject_valuation
WWD,"Woodward, Inc.",342.48,20222013023.26226,38.08803576592006,8.196254439996803,22.338720773072,11.1428343912563,376527000.0,,1365478000.0,22.347887859981412,42.35502238359499,42.25055765610414,0.361980382998599,619727.0666666667,Producer Manufacturing,Industrial Machinery,NASDAQ:WWD,US,212244125.792,1.705023136858979,21.519236356448044,1.7699529451242508,1.0,1.705023136858979,3.6684482739575697,cyclical,True,0.0,1.705023136858979,reject_valuation
NDAQ,"Nasdaq, Inc.",97.27,54371726909.884,28.345378249213194,4.5599594586929175,16.5385100214295,6.81865428591227,1951000000.0,,9317000000.0,7.348045863641968,30.50397877984085,31.852762621993403,1.13463681491237,2849835.3000000045,Finance,Investment Banks/Brokers,NASDAQ:NDAQ,US,277203479.6310004,1.7139015674619504,16.087135682585192,1.761990375943551,1.0,1.7139015674619504,2.729232187539543,financial_special,True,0.0,1.7139015674619504,reject_valuation
BUD,Anheuser-Busch Inbev SA Sponsored,80.26,158804216391.91095,17.287726704863655,1.6923849005360134,10.7082665686499,4.34250113279949,13726067360.0,,72318000000.0,6.602700227549446,30.621410432840644,32.309270711619014,1.2493031662927,2087567.3333333333,Consumer Non-Durables,Beverages: Alcoholic,NYSE:BUD,US,167548154.17333335,1.614428123733503,9.789516744615618,1.7659428096256298,1.0,1.614428123733503,8.5798183874509,stable_or_general,True,0.1,1.714428123733503,reject_valuation
FLS,Flowserve Corporation,77.61,9865222990.328022,27.21534523266823,4.370983338899611,16.5645287187549,6.18631649097591,411444000.0,,2318345000.0,-0.25830433032649097,27.32816154632316,29.30534143466038,1.11413395517554,1668928.4666666666,Producer Manufacturing,Industrial Machinery,NYSE:FLS,US,129525538.298,1.6429894079542466,16.060730817600852,1.6945272006453844,1.0,1.6429894079542466,3.041426108209355,cyclical,True,0.08,1.7229894079542467,reject_valuation
ZWS,Zurn Elkay Water Solutions Corporation,47.685,7909228952.605944,29.27974947807933,4.773125158278372,16.9194974406701,10.0342201125952,375500000.0,,550500000.0,10.693928128872367,58.67816091954023,60.9129532654876,0.923981520369593,844871.0666666667,Producer Manufacturing,Industrial Machinery,NYSE:ZWS,US,40287676.814,1.7305330480855998,16.30179644075109,1.796105698196922,1.0,1.7305330480855998,3.6508235666280253,cyclical,True,0.0,1.7305330480855998,reject_valuation
ICE,Intercontinental Exchange Inc.,161.825,90847658121.38966,22.85373328249234,3.072106657392287,13.925338391240603,2.53625691692157,5078000000.0,,20527000000.0,12.598560164552621,34.46553446553446,35.9202242014742,1.21514065253053,3751334.433333333,Finance,Investment Banks/Brokers,NYSE:ICE,US,607059694.6741666,1.641161790141339,13.44247182470511,1.7001139061709498,1.0,1.641161790141339,3.467539193440561,financial_special,True,0.1,1.741161790141339,reject_valuation
MOG.A,Moog Inc.,371.5,11759067404.924078,31.5984655819136,5.430691079194533,18.1064606361251,8.22711865959754,350162000.0,,1145544000.0,15.645925453761459,78.20753335003002,78.61114487117162,0.321517345725711,274507.63333333336,Electronic Technology,Aerospace & Defense,NYSE:MOG.A,US,101979585.78333335,1.7451486636140214,17.186565800533568,1.8385561111302762,1.0,1.7451486636140214,5.080478477147555,technology_strict,True,0.0,1.7451486636140214,reject_valuation
RSG,"Republic Services, Inc.",223.86,68548836703.82276,31.70866442867463,5.693248213516392,18.1546383190765,6.37726821868254,2653000000.0,,14295000000.0,3.2066087424081338,2.9993738052708845,4.356116596700759,1.11051883439943,1427359.1666666667,Industrial Services,Environmental Services,NYSE:RSG,US,319528623.05,1.7465875040515597,17.954866015636725,1.7660206654318584,1.0,1.7465875040515597,1.1003926375655726,cyclical,True,0.0,1.7465875040515597,reject_valuation
FMX,Fomento Economico Mexicano S.A.B. de C.V.,120.41,24308734321.8925,23.393301212309606,3.2833661415444118,14.1641468455908,3.99514423931188,3679204700.0,,18731285270.763298,18.157794945768373,84.91459018258651,89.79351032448375,1.92348529897588,457255.26666666666,Consumer Non-Durables,Beverages: Non-Alcoholic,NYSE:FMX,US,55058106.65933333,1.651585617356952,14.035497220959552,1.6667240813795907,1.0,1.651585617356952,0.9082765522958169,stable_or_general,True,0.1,1.7515856173569522,reject_valuation
MSM,"MSC Industrial Direct Company, Inc.",120.15,6709932696.32242,29.074410163339383,4.727223654137983,16.5939472673703,9.30131324987352,219930000.0,,555424000.0,4.409784086568385,16.486794240051594,16.559485530546635,2.95190431758419,583142.7,Distribution Services,Wholesale Distributors,NYSE:MSM,US,70064595.405,1.752109350167105,16.259052643133764,1.7881982918369832,1.0,1.752109350167105,2.018173366713416,stable_or_general,True,0.0,1.752109350167105,reject_valuation
TDS,"Telephone and Data Systems, Inc.",38.0,4088799908.566896,13.962375073486184,1.0677948574999663,10.5558163893218,4.90209198451437,-314531000.0,,1248992000.0,-73.81423813488759,,,0.423056583818086,1109425.9333333333,Communications,Wireless Telecommunications,NYSE:TDS,US,42158185.46666667,1.3227186376233713,7.647659168873442,1.8257057179423108,1.0,1.3227186376233713,27.55028235798257,stable_or_general,False,0.43000000000000005,1.7527186376233712,reject_valuation
WPM,Wheaton Precious Metals Corp,153.86,69877055439.48842,35.0742463391113,7.219587504996748,23.3391466690934,20.1419749209217,-2827320411.52,,1974377900.0,80.79897055652859,146.2390014507393,146.00875424842607,0.482086896232956,2246958.433333333,Non-Energy Minerals,Precious Metals,NYSE:WPM,US,345717024.55266666,1.5028075720333842,20.583728115481087,1.7039792860814094,1.0,1.5028075720333842,11.80599527771572,cyclical,False,0.25,1.7528075720333842,reject_valuation
WCC,"WESCO International, Inc.",343.12,16721217567.228535,23.71283639027492,3.2034144858156575,14.335804448006401,4.20754888960109,155100000.0,,6706000000.0,12.506522012918083,7.983700573498339,13.292254210349114,0.563732009338889,572622.4,Distribution Services,Wholesale Distributors,NYSE:WCC,US,196478197.888,1.6540987620386052,13.509199967024772,1.7553101921769365,1.0,1.6540987620386052,5.766013926735591,stable_or_general,True,0.1,1.7540987620386053,reject_valuation
DGX,Quest Diagnostics Incorporated,237.361709,26198408614.057865,25.178389023251867,3.4738942299319144,14.351600651112301,6.43004740488635,1349000000.0,,6383000000.0,9.86504466831401,11.957671957671957,12.727794518582284,1.38680033416876,850048.5666666667,Health Services,Services to the Health Industry,NYSE:DGX,US,201768980.5170004,1.7543958778772493,13.797126681630921,1.8249009090257624,1.0,1.7543958778772493,3.863499152189742,stable_or_general,True,0.0,1.7543958778772493,reject_valuation
NSC,Norfolk Southern Corporation,328.97,73889411767.94019,28.083969335313903,4.546201426697702,16.965206185567,5.898495693179651,1631000000.0,,16616000000.0,2.972573493184431,-21.332536599940244,-20.859119530848844,1.64719519263033,1180880.9666666666,Transportation,Railroads,NYSE:NSC,US,388474411.60433334,1.6553862669353288,16.187887732027704,1.7348754698705886,1.0,1.6553862669353288,4.581839118469366,stable_or_general,True,0.1,1.7553862669353288,reject_valuation
MH,"McGraw Hill, Inc.",13.06,2498492937.8715043,26.93894389438944,3.1685647323703097,17.2963026209092,1.67893148233846,335918000.0,,2653806000.0,0.13807587787453388,,,0.0,609536.7,Commercial Services,Miscellaneous Commercial Services,NYSE:MH,US,7960549.302,1.5574972573516042,11.76202283501628,2.290332562030956,1.0,1.5574972573516042,31.99689498495838,financial_special,True,0.2,1.7574972573516041,reject_valuation
DXPE,"DXP Enterprises, Inc.",184.395,2861284615.2768335,32.489076044823456,5.287461923650306,18.469261017433,5.85573920520544,118659000.0,,899001000.0,11.47063727789069,7.4966826285120876,8.404003361601351,0.0,133380.13333333333,Distribution Services,Wholesale Distributors,NASDAQ:DXPE,US,24594629.686,1.7590891164598983,16.27458385198605,1.9963076377439102,1.0,1.7590891164598983,11.882863983433934,stable_or_general,True,0.0,1.7590891164598983,reject_valuation
SPGI,S&P Global Inc.,440.41,129832858754.49821,26.818782464665656,4.121547323254301,15.1700543989151,7.98371464951622,5573000000.0,,15748000000.0,9.6741274916661,22.65138300523299,26.218823258137665,0.858892982378268,2039954.8333333347,Commercial Services,Financial Publishing/Services,NYSE:SPGI,US,898416508.1483339,1.7678764860977443,15.368137344357567,1.7450899782927962,1.0,1.7678764860977443,1.3057497371705695,financial_special,True,0.0,1.7678764860977443,reject_valuation
PGNY,"Progyny, Inc.",26.495,2032876586.9092448,28.780143384749078,4.523824565417457,16.2418063388755,10.6492071295367,178384000.0,,26970000.0,5.539273153575616,48.01784504178902,56.29881154499151,0.0,1085423.4666666666,Commercial Services,Miscellaneous Commercial Services,NASDAQ:PGNY,US,28758294.749333333,1.7719792235093028,15.7185615962382,1.8309654613458273,1.0,1.7719792235093028,3.22159205521918,financial_special,True,0.0,1.7719792235093028,reject_valuation
JCI,Johnson Controls International plc,143.62,86996593931.10724,24.966536288570186,6.452795567420975,14.8744541484716,5.30723536858506,1659000000.0,,9475000000.0,6.80711050337578,60.421335723890635,70.84942084942087,1.12493847992688,3209177.9666666854,Producer Manufacturing,Industrial Machinery,NYSE:JCI,US,460902139.5726694,1.6784842011251608,25.845778096079346,0.965981221217614,1.0,1.6784842011251608,73.75950631932997,cyclical,True,0.1,1.778484201125161,reject_valuation
NMRK,"Newmark Group, Inc.",14.65,2654991657.6332555,18.22139303482587,1.841449327462483,10.8283208981115,2.80293937114519,797593000.0,,2276739000.0,23.063097414804005,96.98902442265273,88.51113716295428,1.20683875293329,1413502.6,Finance,Real Estate Development,NASDAQ:NMRK,US,20707813.090000004,1.6827533286350749,10.10597446607397,1.8030317705626093,1.0,1.6827533286350749,6.670899752920234,financial_special,True,0.1,1.782753328635075,reject_valuation
GTES,Gates Industrial Corporation Ltd.,25.515,6459152209.613735,18.070113314447593,1.8339965383000867,10.723173658867,4.98405267408594,405300000.0,,2362800000.0,3.3378545733325473,78.91891891891892,81.51433346188455,0.0,1869916.0666666667,Producer Manufacturing,Electrical Products,NYSE:GTES,US,47710908.441,1.685146010808601,10.14933612416117,1.7804231817123966,1.0,1.685146010808601,5.35137780065067,cyclical,True,0.1,1.785146010808601,reject_valuation
TW,Tradeweb Markets Inc.,105.635,24721574425.41091,25.217837618467854,3.360710656603995,14.0856696613071,10.9979837980222,1144817000.0,,150337000.0,14.036023436785333,60.756638921207795,61.45307380998266,0.493639643060566,1466691.1,Finance,Investment Banks/Brokers,NASDAQ:TW,US,154933914.3485,1.7903186873493473,13.326720186915772,1.8922763639343785,1.0,1.7903186873493473,5.388096502618844,financial_special,True,0.0,1.7903186873493473,reject_valuation
AWR,American States Water Company,89.14,3533119577.4505296,24.397854171228378,3.150394400115639,13.621878520476802,5.2964871931897,20745000.0,,917494000.0,13.233997717380541,14.707964032364437,11.984306994421628,2.29503625209147,232660.4,Utilities,Water Utilities,NYSE:AWR,US,20739348.055999998,1.7910785310963402,12.912588041577854,1.8894627546908935,1.0,1.7910785310963402,5.206994599406567,stable_or_general,True,0.0,1.7910785310963402,reject_valuation
ACM,AECOM,65.92,8483668659.780339,24.06805651904049,3.868038396383572,15.9072904217176,3.06993953015862,203449000.0,,3331897000.0,-4.237951827278383,-45.110742897101076,-44.29846860954627,1.78063743827622,2342033.6666666665,Industrial Services,Engineering & Construction,NYSE:ACM,US,154386859.30666667,1.5130205007247064,16.071253585945033,1.4975842668607373,1.0,1.5130205007247064,1.0307422564158397,cyclical,True,0.28,1.7930205007247064,reject_valuation
ATR,"AptarGroup, Inc.",127.561971,8110533745.928844,23.04767575478346,3.0867721660500957,13.60697318058,7.25137881872403,310388000.0,,1411565000.0,8.933188171910489,-7.40304622465843,-4.529694857951115,1.49637596446107,436454.1666666667,Process Industries,Containers/Packaging,NYSE:ATR,US,55674953.7511625,1.6938135652150264,13.392986776158752,1.7208764661674498,1.0,1.6938135652150264,1.57262310714813,cyclical,True,0.1,1.7938135652150264,reject_valuation
HWC,Hancock Whitney Corporation,75.09,6023948926.8051605,14.704500058747502,1.3596726066258373,9.66898093467398,1.19034429728554,581595000.0,,1887269000.0,-3.223994412505251,-9.043206383037795,-5.777072531689937,2.51322751322751,658931.9,Finance,Regional Banks,NASDAQ:HWC,US,49479196.37100001,1.5207910904049486,9.246642872546945,1.590252836778719,1.0,1.5207910904049486,4.367968713357239,financial_special,True,0.28,1.8007910904049487,reject_valuation
IBDRY,Iberdrola S.A.,91.72,151407894605.7067,18.315793677736288,2.593275353140091,12.5988638527721,3.76549469504244,,,72439488000.0,8.550135794439589,49.81497983854976,42.17938161892052,2.60115693836198,66012.3,Utilities,Electric Utilities,OTC:IBDRY,US,6054648.156,1.4537655055067766,14.158684023026204,1.2936084771684568,1.0,1.4537655055067766,12.380641528330361,stable_or_general,False,0.35,1.8037655055067767,reject_valuation
AGO,Assured Guaranty Ltd.,75.28,3310754620.809285,10.080207817249368,0.5965960581072515,6.2723373838456,2.83796895213454,324000000.0,,1878000000.0,3.0033370411568407,-25.0,-17.46405402119735,1.95199155895542,355398.3,Finance,Specialty Insurance,NYSE:AGO,US,26754384.024,1.6070895426019232,5.918489667309729,1.7031723267046546,1.0,1.6070895426019232,5.641401201523455,financial_special,True,0.2,1.8070895426019231,reject_valuation
ECL,Ecolab Inc.,278.35,78029461353.92552,37.341364599822924,7.759880012489408,21.8458076569742,7.88774388312245,1874500000.0,,13918800000.0,7.114011154993354,-0.922241468096063,-0.31693389855440474,1.01803061261067,1375340.6333333333,Process Industries,Chemicals: Specialty,NYSE:ECL,US,382826065.28833336,1.7093149031687012,20.78092243186583,1.79690601907849,1.0,1.7093149031687012,4.87455186747654,cyclical,True,0.1,1.8093149031687012,reject_valuation
AXTA,Axalta Coating Systems Ltd.,36.21,7749664617.768975,22.309161481116384,3.0725368157114312,14.5811573010236,4.50904392764858,494000000.0,,3068000000.0,-0.923432089265102,-21.748878923766814,-20.225105671876545,0.0,1521283.7666666666,Process Industries,Industrial Specialties,NYSE:AXTA,US,55085685.191,1.529999369772266,13.77253384584707,1.619829853447296,1.0,1.529999369772266,5.545674040014392,cyclical,True,0.28,1.809999369772266,reject_valuation
FNV,Franco-Nevada Corporation,265.925,51289969384.653694,35.726319398467794,6.231459506952799,19.7245514036439,18.3603312406975,907592681.5999999,,0.0,64.4205300818699,78.40725148281751,78.12310467751698,0.608610240334378,787044.6333333333,Non-Energy Minerals,Precious Metals,NYSE:FNV,US,209294844.11916667,1.8112614410012762,17.442209586303058,2.0482679801372643,1.0,1.8112614410012762,11.571070847873388,cyclical,True,0.0,1.8112614410012762,reject_valuation
BMI,"Badger Meter, Inc.",135.26,3920761037.6482863,31.65531606169112,5.741508183750335,18.4799099136182,12.9957319099819,150301000.0,,0.0,0.8043015083656969,-7.3892895820594235,-6.949041811846684,1.20570504337597,337094.06666666665,Producer Manufacturing,Industrial Machinery,NYSE:BMI,US,45595343.45733333,1.712958353674858,18.13757971192282,1.7452888734036742,1.0,1.712958353674858,1.8524451866678615,cyclical,True,0.1,1.8129583536748581,reject_valuation
EPR,EPR Properties,60.59,4641734722.671793,19.442305223976383,2.008483430923286,11.3464130597574,4.53399050529007,440799000.0,,3524897000.0,4.5274477310007,46.50224539651979,53.04228257133035,5.95238095238095,724346.1333333333,Finance,Real Estate Investment Trusts,NYSE:EPR,US,43888132.218666665,1.7135199575038282,10.330479887983708,1.8820331131558994,1.0,1.7135199575038282,8.953782719024472,financial_special,True,0.1,1.8135199575038283,reject_valuation
MGM,MGM Resorts International,41.195,10364363313.714441,24.931913090843064,4.1229220252809835,15.438160415996602,1.03887146030727,1746100000.0,,30158689000.0,3.194289542921272,-21.026755834136573,-8.95917130420408,0.0,2182841.033333333,Consumer Services,Casinos/Gaming,NYSE:MGM,US,89922136.36816666,1.614953622648544,16.53672548215019,1.5076692854189713,1.0,1.614953622648544,7.115906536476202,stable_or_general,True,0.2,1.8149536226485439,reject_valuation
HAYW,"Hayward Holdings, Inc.",13.75,2916644227.007299,18.910741301059,1.8371570695808208,10.4123453644408,5.24507127105422,199450000.0,,1013374000.0,7.775637805976984,23.816025650859874,23.698536917318812,0.0,2277146.2,Consumer Durables,Recreational Products,NYSE:HAYW,US,31310760.250000004,1.8161846000269135,9.71488658394338,1.9465735536546964,1.0,1.8161846000269135,6.698383083597193,stable_or_general,True,0.0,1.8161846000269135,reject_valuation
NDSN,Nordson Corporation,318.96,17765869718.74062,32.27229495922456,5.434552035375702,17.7632972443401,9.28575078362081,724013000.0,,1818212000.0,7.019450507102379,22.01499753850482,24.235110742388816,1.03310340483165,377807.73333333334,Producer Manufacturing,Industrial Machinery,NASDAQ:NDSN,US,120505554.624,1.8167964266604526,16.839682589174885,1.9164431864036604,1.0,1.8167964266604526,5.199567639163982,cyclical,True,0.0,1.8167964266604526,reject_valuation
MGRC,McGrath RentCorp,109.38,2671679055.0682435,17.61693080788558,2.145165620788926,12.6903372055368,6.32832980473526,-6859000.0,,589895000.0,-0.9217916255990212,-39.46040372670808,-39.53841659363132,1.78343949044586,151914.53333333333,Finance,Finance/Rental/Leasing,NASDAQ:MGRC,US,16616411.655999998,1.3882161303167977,12.176727286847948,1.4467705807055056,1.0,1.3882161303167977,4.047251939568353,financial_special,False,0.43000000000000005,1.8182161303167979,reject_valuation
UFPT,"UFP Technologies, Inc.",288.07,2231329641.0466638,31.053068440285877,4.825279392001732,17.0523966996731,10.9823419679044,61422000.0,,136336000.0,7.319572039506659,7.742175856929967,7.540979805708181,0.0,166047.66666666666,Process Industries,Industrial Specialties,NASDAQ:UFPT,US,47833351.336666666,1.8210383553228722,15.53881672363747,1.9984191198450976,1.0,1.8210383553228722,8.87605421509251,cyclical,True,0.0,1.8210383553228722,reject_valuation
ALRM,"Alarm.com Holdings, Inc.",55.56,2727452890.9613967,24.552565292324008,3.1514696364749146,14.189553496208902,6.27962691130195,187706000.0,,567465000.0,8.722192675846184,-8.965192414602507,-4.756092428132497,0.0,372012.73333333334,Technology Services,Packaged Software,NASDAQ:ALRM,US,20669027.464,1.7303268421295883,12.835602304497993,1.9128487086048176,1.0,1.7303268421295883,9.541887220571454,technology_strict,True,0.1,1.8303268421295884,reject_valuation
ELV,"Elevance Health, Inc.",411.765,89299184256.88826,18.301398722615573,1.9893410952896147,11.2025280740365,3.99636035687828,6289000000.0,,31044000000.0,6.266181956524036,-7.406716417910447,-4.238366624246124,1.653888808525,927536.2333333333,Health Services,Managed Health Care,NYSE:ELV,US,381926957.1185,1.6336847006017994,10.869885550503458,1.6836790633704428,1.0,1.6336847006017994,2.969352286685989,stable_or_general,True,0.2,1.8336847006017993,reject_valuation
QGEN,Qiagen N.V.,43.239,8910466360.724485,21.962108898821615,2.6591204282242273,11.9277949303754,6.989112914242,447700000.0,,1643622000.0,2.9555892036879063,9.622749647817539,9.469001946066173,0.797993616051072,2858216.6333333333,Health Technology,Medical Specialties,NYSE:QGEN,US,123586429.00869998,1.841254735432512,12.10776451603381,1.813886359429778,1.0,1.841254735432512,1.508825283373194,health_special,True,0.0,1.841254735432512,reject_valuation
MNSO,MINISO Group Holding Limited,9.645,2916477845.5936904,16.49281805745554,1.9047675472637111,11.8476121810332,4.38882110242199,,,1948099743.56707,30.43264414254187,-44.9539667968729,-44.64742072882158,6.1675284384695,842395.7666666667,Retail Trade,Specialty Stores,NYSE:MNSO,US,8124907.1695,1.3920795013748706,11.549072697146897,1.428064268876752,1.0,1.3920795013748706,2.5198282938754146,stable_or_general,False,0.44999999999999996,1.8420795013748705,reject_valuation
STC,Stewart Information Services Corporation,69.00842,2106288687.905959,15.13774102265997,1.2632308660807334,8.68814028253853,4.43683365323686,149971000.0,,770978000.0,22.487489875522808,53.373332118948944,46.73297283378396,3.015941404567,199572.16666666666,Finance,Specialty Insurance,NYSE:STC,US,13772159.897643333,1.7423453731616052,8.344910011274333,1.8140088991023546,1.0,1.7423453731616052,3.9505608807217762,financial_special,True,0.1,1.8423453731616053,reject_valuation
FIGR,"Figure Technology Solutions, Inc.",35.725,7986866448.366472,39.15068493150685,5.631189777006462,26.215391690855,11.0519864277858,-8670522000.0,,1474457000.0,,,,0.0,4246758.1,Finance,Finance/Rental/Leasing,NASDAQ:FIGR,US,151715433.1225,1.493423611334566,14.38337486779117,2.7219401073372116,1.0,1.493423611334566,45.13385480786587,financial_special,False,0.35,1.8434236113345661,reject_valuation
MTN,"Vail Resorts, Inc.",136.2,4853286133.529325,30.942590362814364,8.796403937068899,21.0392909414817,2.65927178437172,173525000.0,,3257489000.0,-4.293439389084262,-47.5226397597962,-43.66977642978718,6.5265324121711,543901.0666666667,Consumer Services,Hotels/Resorts/Cruise lines,NYSE:MTN,US,74079325.27999999,1.470704998988679,28.42814332584154,1.0884492176697014,1.0,1.470704998988679,35.119303235603596,cyclical,True,0.38,1.8507049989886788,reject_valuation
CPB,The Campbell's Company,21.32,6357756989.582825,16.133181990162694,1.7886656319476488,10.2683178534572,2.60607647983237,678000000.0,,7137000000.0,-4.964400663220521,-33.88704318936877,-34.204630321135184,7.05084745762712,6405173.233333333,Consumer Non-Durables,Food: Specialty/Candy,NASDAQ:CPB,US,136558293.33466667,1.5711611405495083,11.086874449431605,1.4551605201040045,1.0,1.5711611405495083,7.971671773861266,stable_or_general,True,0.28,1.8511611405495083,reject_valuation
ABCB,Ameris Bancorp,85.965,5768873903.426424,15.553364332109064,1.4102698288383735,9.39837704968186,1.3642553872106,521976000.0,,1385348000.0,2.302857565308437,-3.8415053263388668,-2.554654442877289,0.932075032040079,339744.9,Finance,Regional Banks,NYSE:ABCB,US,29206170.328500003,1.654898952222347,9.067297587358313,1.715325231389082,1.0,1.654898952222347,3.522730154082876,financial_special,True,0.2,1.854898952222347,reject_valuation
CHD,"Church & Dwight Company, Inc.",98.345,23327816993.87423,31.64355352488819,5.363913832674468,17.0405536807184,8.32462459273831,1115300000.0,,2428300000.0,2.688757006264425,41.81264280274179,46.592141880099994,1.23491226290699,1816339.5,Consumer Non-Durables,Household/Personal Care,NYSE:CHD,US,178627908.1275,1.8569557138682218,16.951047638994336,1.8667609341203837,1.0,1.8569557138682218,0.5252531308612474,stable_or_general,True,0.0,1.8569557138682218,reject_valuation
NTR,Nutrien Ltd.,78.6783,37546075364.07273,16.34763162828921,1.454577776893788,9.28540215178316,4.43397768230044,2156648778.24,,12712726400.0,3.2956666854047385,67.2002544550347,69.31575031266328,2.74591223810808,2630953.966666667,Process Industries,Chemicals: Agricultural,NYSE:NTR,US,206998985.47559,1.760573356012354,8.897789049617888,1.8372689594154012,1.0,1.760573356012354,4.174435267629562,cyclical,True,0.1,1.860573356012354,reject_valuation
INGM,Ingram Micro Holding Corporation,28.73,6626916525.870053,15.639629831246598,1.5483254857177349,10.3415025671052,2.10156516464777,-231593000.0,,4242162000.0000005,11.54478857270552,61.214152002995114,61.537108688005624,1.16287215411559,959968.9,Technology Services,Information Technology Services,NYSE:INGM,US,27579906.497,1.5123169703592165,9.900013634749318,1.5797584132966314,1.0,1.5123169703592165,4.269098513403602,technology_strict,False,0.35,1.8623169703592164,reject_valuation
CART,Maplebear Inc.,51.19,11850488403.758896,28.183670098552,5.132987390639492,15.9627535749917,12.0861135591087,1176000000.0,,34000000.0,12.605752961082912,-1.639344262295082,4.849044622755878,0.0,3815370.566666667,Transportation,Air Freight/Couriers,NASDAQ:CART,US,195308819.30766666,1.7655894997155372,18.2126294151563,1.5474794691148734,1.0,1.7655894997155372,14.09453469036448,stable_or_general,True,0.1,1.8655894997155373,reject_valuation
NSIT,"Insight Enterprises, Inc.",158.32,4646509793.227521,23.172623752232077,2.9113655429810747,13.111881359585501,2.09197497966954,396571000.0,,1741725000.0,2.681271182677846,40.63247497761683,63.02464864348947,0.0,375494.0333333333,Technology Services,Information Technology Services,NASDAQ:NSIT,US,59448215.35733333,1.7672996816198023,12.563814845095564,1.8443939231783402,1.0,1.7672996816198023,4.179922769734878,technology_strict,True,0.1,1.8672996816198024,reject_valuation
FUL,H. B. Fuller Company,53.455,2875205943.08515,15.881811159308336,1.3806357665634321,9.38763689735219,3.55104791492413,140772000.0,,2072150999.9999998,-0.5675503384525205,80.19558004617863,82.7947645685114,1.78870877585243,619978.7,Process Industries,Industrial Specialties,NYSE:FUL,US,33140961.408499997,1.691779447049965,8.693188407256944,1.826925912022157,1.0,1.691779447049965,7.397479234535753,cyclical,True,0.18,1.871779447049965,reject_valuation
LPLA,LPL Financial Holdings Inc.,355.68,28007057475.803246,28.363184000255178,4.890922984326577,18.5918789104421,5.40385086235277,-916284000.0,,8214825999.999999,38.82071053507358,-9.930188912167203,-14.22982483738808,0.332917186849771,658984.6666666666,Finance,Investment Banks/Brokers,NASDAQ:LPLA,US,234387666.23999998,1.5255684558232054,17.243913744953932,1.6448228876437672,1.0,1.5255684558232054,7.250290150776994,financial_special,False,0.35,1.8755684558232053,reject_valuation
SKT,Tanger Inc.,37.335,4289007274.0538354,34.202088677171126,6.3638192119670824,19.2613471439265,4.74700302582427,196701000.0,,1951740000.0,11.37100690623562,26.405125223075537,23.596014492753614,3.25706594885599,871212.5666666667,Finance,Real Estate Investment Trusts,NYSE:SKT,US,32526721.1765,1.77568518035644,18.606522168965494,1.838177407179191,1.0,1.77568518035644,3.399684196894226,financial_special,True,0.1,1.87568518035644,reject_valuation
SBGSY,Schneider Electric SE,67.28,188636485716.89432,34.804200506957734,6.763569612592625,18.5434591440216,7.50054410914795,7265813550.0,,21951360000.0,14.71393048472079,18.25294810053668,17.61377464103189,0.999344085538434,232171.9,Producer Manufacturing,Electrical Products,OTC:SBGSY,US,15620525.432,1.8768990314398049,19.433199194564214,1.7909660760690933,1.0,1.8768990314398049,4.798134175680291,cyclical,True,0.0,1.8768990314398049,reject_valuation
PBH,Prestige Consumer Healthcare Inc.,52.05,2465843994.560502,14.572892460173026,1.286425553527537,9.11998786914155,4.30019357020914,235359000.0,,2067438000.0,-1.362763915547025,-19.244329892067245,-16.20055370465957,0.0,498787.4666666667,Health Technology,Pharmaceuticals: Major,NYSE:PBH,US,25961887.64,1.5979070004557747,8.82752382235217,1.6508471405393448,1.0,1.5979070004557747,3.2068468838534647,health_special,True,0.28,1.8779070004557747,reject_valuation
PB,"Prosperity Bancshares, Inc.",72.62,8727237040.007181,12.582081535769358,0.8800322832002541,7.07089816752536,1.36666408109101,590089000.0,,2709628000.0,5.6227271857026535,7.570714200995515,5.186710648612203,3.28638497652582,874067.6,Finance,Regional Banks,NYSE:PB,US,63474789.112,1.7794177256795052,6.994329838814246,1.7988973676858235,1.0,1.7794177256795052,1.0828656685054727,financial_special,True,0.1,1.8794177256795053,reject_valuation
JOE,St. Joe Company (The),65.79,3745454316.951265,30.768871013001593,4.904738190308912,16.3712019158809,8.05090637144234,212286000.0,,372485000.0,28.412841284128415,48.71646120377085,50.47149894440533,0.968669592856062,191330.96666666667,Finance,Real Estate Development,NYSE:JOE,US,12587664.297000002,1.8794509511946231,15.940585497064164,1.930222137616489,1.0,1.8794509511946231,2.6303286773282974,financial_special,True,0.0,1.8794509511946231,reject_valuation
SR,Spire Inc.,83.41,4930931944.670707,9.295561177296586,1.3759918862504574,6.498470948012231,1.80086865429207,-222400000.0,,7259600000.0,4.121341488444645,92.11079943899018,93.97522644242204,3.91215648625945,454988.1,Utilities,Gas Distributors,NYSE:SR,US,37950557.421,1.4304228258710514,14.802676890677354,0.6279648772953276,1.0,1.4304228258710514,127.78707497654098,cyclical,False,0.44999999999999996,1.8804228258710514,reject_valuation
NHC,National HealthCare Corporation,219.08,3431098214.165494,24.6201564326171,3.0571971329776093,13.083065207790098,9.05177226013585,146534000.0,,31409000.0,7.189268453738131,33.843526055135165,32.661458643926295,1.16856163147446,107808.43333333333,Health Services,Hospital/Nursing Management,AMEX:NHC,US,23618671.574666668,1.8818339618117497,12.417456165824335,1.9827053225585265,1.0,1.8818339618117497,5.087561908423699,stable_or_general,True,0.0,1.8818339618117497,reject_valuation
MDLZ,"Mondelez International, Inc.",61.1,77982418754.26201,22.411326706525326,2.937077795066959,13.3101150817686,4.94281878439835,3085000000.0,,22059000000.0,6.926290257377713,-3.4331227684702004,-0.4418638621092528,3.2546786004882,7924438.43333332,Consumer Non-Durables,Food: Specialty/Candy,NASDAQ:MDLZ,US,484183188.27666587,1.6837815878258648,13.105327647612194,1.710092819435056,1.0,1.6837815878258648,1.538585000192172,stable_or_general,True,0.2,1.8837815878258648,reject_valuation
DANOY,Danone,14.71,47474402892.62665,20.897854808921725,2.345853054871592,11.6964819312973,4.23788194644093,2909750090.0,,19924289100.0,7.760118311386435,13.332900658372775,13.477349669514755,2.47831071913161,476831.93333333335,Consumer Non-Durables,Food: Meat/Fish/Dairy,OTC:DANOY,US,7014197.739333334,1.7866786724137544,11.225329471951826,1.8616696161246902,1.0,1.7866786724137544,4.028155321513982,stable_or_general,True,0.1,1.8866786724137545,reject_valuation
RS,"Reliance, Inc.",396.86,20261509798.226345,23.081173193130205,2.73740369061834,12.2140534040285,8.25483024862389,539500000.0,,1995200000.0,15.443270958411851,21.127524054749966,25.544700487747875,1.24296906388108,328984.23333333334,Non-Energy Minerals,Steel,NYSE:RS,US,130560682.84066667,1.8897226358546506,11.859898401668293,1.9461526913150833,1.0,1.8897226358546506,2.8995697877282622,cyclical,True,0.0,1.8897226358546506,reject_valuation
FRT,Federal Realty Investment Trust,117.49,10270451838.322807,23.72097718554411,3.185298771210473,13.1427874159738,4.91551363737411,334967000.0,,4851821000.0,8.038331253631387,26.076765309112215,25.62138581718576,3.85797200409696,769033.9,Finance,Real Estate Investment Trusts,NYSE:FRT,US,90353792.911,1.8048665351395348,13.42819373036469,1.7665054334079737,1.0,1.8048665351395348,2.1715813043130083,financial_special,True,0.1,1.9048665351395349,reject_valuation
NHI,"National Health Investors, Inc.",71.93,3532513804.7598386,20.817295169739243,2.211004797631431,10.9223941363541,5.88764171195837,224114000.0,,1278266000.0,23.77437385330887,16.574782766871422,10.333045949484303,5.11750799610624,330993.63333333336,Finance,Real Estate Investment Trusts,NYSE:NHI,US,23808372.045666672,1.905927849687364,10.620999412284004,1.960012835106877,1.0,1.905927849687364,2.759419961480203,financial_special,True,0.0,1.905927849687364,reject_valuation
AEE,Ameren Corporation,106.43,29464429358.424873,18.734707528736646,2.152394723670174,12.0226145148264,3.1949796097750403,-1450000000.0,,21808000000.0,3.759487666034156,27.383863080684595,24.769936966023163,2.74410299783855,1422710.0333333334,Utilities,Electric Utilities,NYSE:AEE,US,151419028.84766668,1.5582889649861793,11.488808781074782,1.6306919094691388,1.0,1.5582889649861793,4.440013718258395,stable_or_general,False,0.35,1.9082889649861792,reject_valuation
OLED,Universal Display Corporation,82.34,3784909167.5958376,19.92402061606214,2.260537208404015,11.5130538457713,10.2444632430659,220016000.0,,21690000.0,-8.320807986815531,-19.914199633219805,-19.343065693430663,2.29912875121007,756342.2,Electronic Technology,Electronic Production Equipment,NASDAQ:OLED,US,62277216.747999996,1.7305591446860258,11.345788342447502,1.7560719462323542,1.0,1.7305591446860258,1.4528335015581817,technology_strict,True,0.18,1.9105591446860257,reject_valuation
KMI,"Kinder Morgan, Inc.",31.11,69275811116.87373,20.068378273771124,2.188174572862837,11.0543100270829,4.71068679874072,3637000000.0,,32248000000.0,12.44031163608947,27.363367799113735,27.19067935674433,3.73417721518987,10229502.266666668,Industrial Services,Oil & Gas Pipelines,NYSE:KMI,US,318239815.51600003,1.815434724067254,10.90359441611048,1.8405286832862495,1.0,1.815434724067254,1.363410385661068,cyclical,True,0.1,1.915434724067254,reject_valuation
TRNO,Terreno Realty Corporation,65.74,7163708775.855623,17.70822109686456,1.5977434243768398,9.23751752089762,7.23429144775692,228208000.0,,1056093000.0000001,18.047502570434602,52.859841299949416,47.77485868959479,3.16109422492401,631702.9666666667,Finance,Real Estate Investment Trusts,NYSE:TRNO,US,41528153.02866667,1.9169891755879267,9.022608288190723,1.9626498825225558,1.0,1.9169891755879267,2.3264825449123006,financial_special,True,0.0,1.9169891755879267,reject_valuation
SSRM,SSR Mining Inc.,37.78,7703693875.672924,34.849183654644406,2.299110783304245,19.135417050462,12.6328030096869,344344900.0,,2300000.0,48.40444152418837,43.625430386797035,41.490472461498314,0.0771406531241964,2909206.433333333,Non-Energy Minerals,Precious Metals,NASDAQ:SSRM,US,109909819.05133332,1.821187568723673,6.597316040709719,5.28232745552924,1.0,1.821187568723673,65.52300886198644,cyclical,True,0.1,1.921187568723673,reject_valuation
INDB,Independent Bank Corp.,83.18,3934064134.1611977,15.009834527311115,1.127707215861979,8.23880305178862,1.20540628856099,303831000.0,,701465000.0,34.13485309283031,43.95055834062757,25.11175328486927,2.96814671814672,281193.8,Finance,Regional Banks,NASDAQ:INDB,US,23389700.284,1.8218465028184554,7.513122238689983,1.9978158281540601,1.0,1.8218465028184554,8.808085452911673,financial_special,True,0.1,1.9218465028184555,reject_valuation
SYK,Stryker Corporation,306.21,117453893352.80241,31.727332069254913,4.896361076767701,16.5076694924633,7.91207392240693,4702000000.0,,15446000000.0,8.476782265513478,27.793008910212475,27.708308522885172,1.12990681515634,2262763.433333333,Health Technology,Medical Specialties,NYSE:SYK,US,692880790.9209999,1.9219752420982419,15.432627824110291,2.055860637012675,1.0,1.9219752420982419,6.5123769823707045,health_special,True,0.0,1.9219752420982419,reject_valuation
DOCS,"Doximity, Inc.",26.46,4716388597.602952,31.376734258271078,5.194815393616228,17.2064697051242,14.6000597825802,297025000.0,,9673000.0,11.181813864825079,-28.95529243646014,-27.607519958794747,0.0,6131201.833333333,Technology Services,Packaged Software,NYSE:DOCS,US,162231600.51,1.8235428182532343,16.556265387137433,1.8951577257663232,1.0,1.8235428182532343,3.778836269901009,technology_strict,True,0.1,1.9235428182532344,reject_valuation
CEG,Constellation Energy Corporation,285.88,101289387469.03546,27.841838722243864,3.173762262692218,15.2565880721221,4.58057650488132,309000000.0,,24700000000.0,20.743992787425032,15.154536390827516,7.150310973828108,0.584914927205753,2568542.8333333335,Utilities,Electric Utilities,NASDAQ:CEG,US,734295025.1933334,1.824905974430706,11.399255251617356,2.4424261153634217,1.0,1.824905974430706,25.283063305308286,stable_or_general,True,0.1,1.924905974430706,reject_valuation
AMKR,"Amkor Technology, Inc.",47.45,11789069303.42139,21.292349113753648,2.5302996045373685,12.5557028859938,6.37656169820007,-172386000.0,,2674039000.0,17.93270810607884,82.85768839522918,81.84414524683802,0.70994887089902,5399433.033333333,Electronic Technology,Semiconductors,NASDAQ:AMKR,US,256203097.43166667,1.695830915010405,11.883609417727133,1.791740906764507,1.0,1.695830915010405,5.352894014531073,technology_strict,False,0.25,1.945830915010405,reject_valuation
SSNC,"SS&C Technologies Holdings, Inc.",82.34,19321491972.240105,23.643255039338424,2.9088745757155254,12.7290004640781,4.36442989634479,1764200000.0,,7777300000.0,8.569018557110251,7.142857142857142,9.698554194097083,1.27614321162708,1660051.1333333333,Technology Services,Packaged Software,NASDAQ:SSNC,US,136688610.31866667,1.8574321767102544,12.303189940960516,1.921717469436433,1.0,1.8574321767102544,3.345199996804471,technology_strict,True,0.1,1.9574321767102545,reject_valuation
USFD,US Foods Holding Corp.,104.128,22526085897.10503,32.02164954794268,5.2635862326243466,16.3503649635037,5.17670482827277,946000000.0,,5405000000.0,3.831625789092415,31.645569620253166,39.00739537468472,0.0,2038060.0666666667,Distribution Services,Food Distributors,NYSE:USFD,US,212219118.62186667,1.958466958958988,16.43758615477859,1.9480749330481002,1.0,1.958466958958988,0.5334510359223055,stable_or_general,True,0.0,1.958466958958988,reject_valuation
UNH,UnitedHealth Group Incorporated,399.845,358898814436.7629,25.711851327888883,3.675680416160069,14.6212423189816,4.56800905709203,23617000000.0,,73328000000.0,6.459280352302882,-33.68707738542449,-32.64203819448956,2.23225420262383,4083677.933333333,Health Services,Managed Health Care,NYSE:UNH,US,1632838203.2536666,1.758527132438618,14.295666108543367,1.7985766548172932,1.0,1.758527132438618,2.226734249630502,stable_or_general,True,0.2,1.958527132438618,reject_valuation
WSO,"Watsco, Inc.",315.64,13025320696.222588,27.451253239637506,4.348378939375216,15.3457558878547,8.99842371739811,697141000.0,,535269000.0,-2.98227405406255,-10.546872625981262,-11.972806822792649,3.9951804172744,553486.2,Producer Manufacturing,Building Products,NYSE:WSO,US,174702384.16799998,1.788849857918281,15.840365834724405,1.7329936395446333,1.0,1.788849857918281,3.2231057921438655,cyclical,True,0.18,1.968849857918281,reject_valuation
HALMY,Halma PLC,97.7,18349427060.0425,37.1285247396823,6.453291905445073,18.7891469880931,10.9626198354325,533906100.00000006,,1204500580.0,20.6830667119848,31.9950292599222,31.99899673940307,0.569300070013591,69013.9,Electronic Technology,Electronic Equipment/Instruments,OTC:HALMY,US,6742658.029999999,1.9760622854891217,17.380954268155747,2.136161465409685,1.0,1.9760622854891217,7.494713415301623,technology_strict,True,0.0,1.9760622854891217,reject_valuation
TECK,Teck Resources Ltd,68.145,33430464137.249523,19.01818869481502,1.7476338025676963,9.61249855697079,5.48938601503098,1133440000.0,,6894272000.0,34.6793800134315,1127.8312474908798,1046.4984693457184,0.52653748946925,2901974.466666667,Non-Energy Minerals,Other Metals/Minerals,NYSE:TECK,US,197755050.031,1.97848546682209,9.189275753921605,2.0696069205126246,1.0,1.97848546682209,4.4028386640669215,cyclical,True,0.0,1.97848546682209,reject_valuation
PHG,Koninklijke Philips N.V. NY Registry Shares,25.96,25253713737.58408,19.33849821215733,1.9388196352539548,10.2445179259987,4.21006914299731,2243654850.0,,8534734500.000001,5.049617952856709,,,3.23031094049904,1088605.9666666675,Health Services,Medical/Nursing Services,NYSE:PHG,US,28260210.89466669,1.8876923591572603,10.02569906920227,1.928892746398388,1.0,1.8876923591572603,2.135960504701817,stable_or_general,True,0.1,1.9876923591572604,reject_valuation
HHH,Howard Hughes Holdings Inc.,63.34,3782630467.1469064,12.825497104442555,0.9541162569720985,6.79233814193454,2.22910636796285,743815000.0,,5463942000.0,31.830745731798558,28.408146757694187,7.869733307122743,0.0,419094.63333333336,Finance,Real Estate Development,NYSE:HHH,US,26545454.07533334,1.8882300669427066,7.439214630063791,1.7240391280836826,1.0,1.8882300669427066,9.523620211655338,financial_special,True,0.1,1.9882300669427067,reject_valuation
OSW,OneSpaWorld Holdings Limited,22.44,2277631113.1603055,28.48438690022849,3.9120861495762784,14.32104531318,11.0767740359716,78226000.0,,90852000.0,9.81922376525415,13.776528460997891,16.14329942503316,0.898069151324652,965193.1,Consumer Services,Other Consumer Services,NASDAQ:OSW,US,21658933.164,1.988987973804791,13.734142017095328,2.0739837162578527,1.0,1.988987973804791,4.098187550209986,stable_or_general,True,0.0,1.988987973804791,reject_valuation
AIR,AAR Corp.,124.75,5022290268.754973,25.62548785998932,2.919925689939235,12.8764492007958,5.95353263024344,59600000.0,,1012000000.0,18.971408020140263,1426.0162601626016,1356.236912952438,0.0,355495.73333333334,Electronic Technology,Aerospace & Defense,NYSE:AIR,US,44348092.733333334,1.9901051493610205,11.394615025059865,2.2489121224044766,1.0,1.9901051493610205,11.508096313107451,technology_strict,True,0.0,1.9901051493610205,reject_valuation
BSBR,Banco Santander Brasil SA,5.975,22311954570.912,17.130160550458715,2.7330902903250887,11.110418040294,1.09549269114155,,,83155924999.27551,20.732051762932777,27.242161630566308,27.113702623906715,4.8825415282392,4510594.666666667,Finance,Major Banks,NYSE:BSBR,US,26950803.133333333,1.5418106220965762,15.95484340193123,1.0736652262212252,1.0,1.5418106220965762,43.60254802355787,financial_special,False,0.44999999999999996,1.9918106220965761,reject_valuation
HLN,Haleon plc,9.715,42538573417.225,19.977380217972446,1.960364912393986,9.99418973432248,5.01502029427994,2750669410.0,,10952467000.0,4.99465397095218,10.594222331392292,12.387335336260698,1.89631845841785,9938827.533333333,Health Technology,Pharmaceuticals: Major,NYSE:HLN,US,96555709.48633333,1.9988994354755203,9.812922870789453,2.0358236257455937,1.0,1.9988994354755203,1.8137224562638887,health_special,True,0.0,1.9988994354755203,reject_valuation
CXT,"Crane NXT, Co.",50.095,2883533721.3338666,20.72182006204757,2.276961620958501,11.4943470424381,4.30843876673627,224000000.0,,1467100000.0,17.277044168347103,-7.270323859881031,-7.5349015108051285,1.42028405681136,512215.4333333339,Producer Manufacturing,Industrial Machinery,NYSE:CXT,US,25659432.13283336,1.802783575747353,10.988231796920203,1.8858193424583114,1.0,1.802783575747353,4.40316656221772,cyclical,True,0.2,2.002783575747353,reject_valuation
JEF,Jefferies Financial Group Inc.,54.49,12562792914.92923,15.184617528215133,1.0488239178818415,7.9567570385254,1.13109669321954,7926542000.0,,36928789000.0,29.743542283303608,40.95484804581578,36.0156161164386,2.94876520457059,1754383.7333333322,Finance,Investment Banks/Brokers,NYSE:JEF,US,95596369.62933327,1.9083927603536892,6.907147420295445,2.198391985032459,1.0,1.9083927603536892,13.19142476197156,financial_special,True,0.1,2.008392760353689,reject_valuation
LTH,"Life Time Group Holdings, Inc.",43.24,9662495178.096077,23.64262671551206,2.9228994026442643,13.4453206892233,5.19956807602584,-150951000.0,,4275571000.0,12.691592537890042,82.9596669636006,79.02310101801095,0.0,2933326.5,Consumer Services,Other Consumer Services,NYSE:LTH,US,126837037.86,1.7584278770280362,12.362836996984493,1.912394923695823,1.0,1.7584278770280362,8.051006868928301,stable_or_general,False,0.25,2.008427877028036,reject_valuation
EXC,Exelon Corporation,44.04,45460460784.80574,16.13482322769738,1.5305170290871217,9.71422589762378,2.40360540811217,-1916000000.0,,53005000000.0,6.563998990154002,4.937806257067471,3.6177966745121837,3.68291039748484,7026646.799999996,Utilities,Electric Utilities,NASDAQ:EXC,US,309453525.07199985,1.6609479126529432,9.485799797668706,1.70094494632522,1.0,1.6609479126529432,2.351459625938379,stable_or_general,False,0.35,2.0109479126529433,reject_valuation
CACI,"CACI International, Inc.",626.81,13852211917.217873,25.945840784157888,3.103924396184175,12.8235240901788,5.23576161360676,780057000.0,,5384533000.0,10.894461917628362,7.198047336094272,8.109656227904525,0.0,280717.43333333335,Technology Services,Information Technology Services,NYSE:CACI,US,175956494.38766667,2.0233003503326454,11.963090431354921,2.1688242626800323,1.0,2.0233003503326454,6.709806545946783,technology_strict,True,0.0,2.0233003503326454,reject_valuation
WEC,"WEC Energy Group, Inc.",106.71,34771384769.559135,20.66661502111012,2.4599670390696984,12.3470027864093,3.3427894627187196,-1347900000.0,,22979700000.0,8.925827629557201,1.700312424897861,-1.0217187110625514,3.514526710403,2296449.8,Utilities,Electric Utilities,NYSE:WEC,US,245054158.15799996,1.6738163405825464,11.90309606366084,1.736238614775493,1.0,1.6738163405825464,3.5952589501079713,stable_or_general,False,0.35,2.0238163405825462,reject_valuation
BBAR,Banco BBVA Argentina S.A.,14.92,3231534074.946801,14.57600625244236,1.0783666070625786,7.97301927783109,1.18874069790923,8407374229.999999,,998182727.261254,5.906784601801073,-32.85239809650819,-32.85226974547362,2.00833664678595,758939.4,Finance,Major Banks,NYSE:BBAR,US,11323375.848000001,1.8281664378977254,7.398230958373026,1.9702015704099927,1.0,1.8281664378977254,7.209167561606922,financial_special,True,0.2,2.0281664378977253,reject_valuation
GMAB,Genmab A/S,34.05,20360997589.5456,26.966025184129247,3.4125622379192286,13.9608028797203,8.28206890704374,869953680.0,,5272931978.3,21.75439323039415,-38.2107801826948,-36.97529323683554,0.0,2455620.7666666666,Health Technology,Biotechnology,NASDAQ:GMAB,US,83613887.10499999,1.9315526059966477,12.655043576565669,2.1308520212497997,1.0,1.9315526059966477,9.353038750023469,health_special,True,0.1,2.0315526059966476,reject_valuation
SO,Southern Company (The),88.615,101939416678.99002,21.381864684875975,2.5761792019498895,12.6576429658621,2.99601132269686,-4188000000.0,,77087000000.0,6.399182032930225,8.732197058136821,7.0047248973690355,3.37952010814464,5535147.3,Utilities,Electric Utilities,NYSE:SO,US,490497077.9894999,1.6892453628644182,12.048430947989756,1.7746596861596717,1.0,1.6892453628644182,4.812997329087276,stable_or_general,False,0.35,2.0392453628644183,reject_valuation
IOSP,Innospec Inc.,92.49,2278125539.3740335,18.88861659110403,1.6957909767565342,9.2087312414734,6.65334172986885,70000000.0,,47900000.0,2.8703858826157367,529.5336787564767,549.4164456233422,1.92225085910653,169840.13333333333,Process Industries,Chemicals: Major Diversified,NASDAQ:IOSP,US,15708513.931999998,2.0511638461154442,8.97784635829392,2.1039139942124687,1.0,2.0511638461154442,2.507238805489753,cyclical,True,0.0,2.0511638461154442,reject_valuation
POST,"Post Holdings, Inc.",83.66,3677426498.6206975,15.36370815198428,1.1947453482976877,8.28644935116338,2.23550184385046,553100000.0,,7632600000.0,6.202343079331414,-19.98361998361998,-6.77452491011814,0.0,978044.2,Consumer Non-Durables,Food: Specialty/Candy,NYSE:POST,US,81823177.772,1.8540761550455003,7.776412676410947,1.9756806629602766,1.0,1.8540761550455003,6.155068994427937,stable_or_general,True,0.2,2.0540761550455002,reject_valuation
JBHT,"J.B. Hunt Transport Services, Inc.",268.02,25171082071.64466,37.99761823749574,6.882769501950657,18.4481661058647,8.33448248081418,1099722000.0,,1145337000.0,5.281939162930787,21.777484094142455,28.1843458665746,0.672224725852486,813827.3666666667,Transportation,Trucking,NASDAQ:JBHT,US,218122010.81399998,2.059696233189067,18.113686649861634,2.097729687610887,1.0,2.059696233189067,1.8130769968334959,stable_or_general,True,0.0,2.059696233189067,reject_valuation
LEN.B,Lennar Corporation,82.5,20211371607.345486,12.904941419387132,0.9192073557980927,7.235163808058691,4.697576169317,956647000.0,,6245008000.0,-7.4727413600503345,-50.398004455912705,-47.147333349868134,2.41429261226461,72045.76666666666,Consumer Durables,Homebuilding,NYSE:LEN.B,US,5943775.75,1.783641913540826,7.122909945311062,1.8117513092921134,1.0,1.783641913540826,1.5515040948015257,cyclical,True,0.28,2.0636419135408257,reject_valuation
WDS,Woodside Energy Group Limited,22.635,44044499815.65741,14.065121481389426,1.1907129127252412,8.59820996791259,4.6500827758389,-504927160.0,,13668000000.0,-4.744014289048001,4.612584349642335,4.486430333722889,4.5531197301855,575676.5333333333,Energy Minerals,Oil & Gas Production,NYSE:WDS,US,13030438.332,1.6358197268825307,8.465713675496932,1.6614218269747723,1.0,1.6358197268825307,1.540975306605885,cyclical,False,0.43000000000000005,2.065819726882531,reject_valuation
MGEE,MGE Energy Inc.,77.13,2914280775.78518,18.960176991150444,2.0229026252885647,11.041021334872,4.85762916220157,-164264000.0,,934363000.0,7.073896343814779,14.179212672928873,13.021976495429657,2.44845360824742,155344.2,Utilities,Electric Utilities,NASDAQ:MGEE,US,11981698.146,1.717248469692433,10.669218047029535,1.7770915270055085,1.0,1.717248469692433,3.3674718720827057,stable_or_general,False,0.35,2.067248469692433,reject_valuation
AVA,Avista Corporation,37.64,3152456629.328727,13.607606377209791,1.117484958189318,8.30589096231248,2.73493975903614,-104000000.0,,3351000000.0,-1.816924122236139,27.066225573337366,24.02923504618419,5.22854105766675,672627.0,Utilities,Electric Utilities,NYSE:AVA,US,25317680.28,1.6383078514940241,8.212208137214326,1.656997259427188,1.0,1.6383078514940241,1.1279081982081607,stable_or_general,False,0.43000000000000005,2.068307851494024,reject_valuation
CASY,"Caseys General Stores, Inc.",760.625,28146861567.05305,39.68492064320224,7.103319361876545,19.1531031424769,8.10611489487039,721620000.0,,2905075000.0,10.16380569251458,30.72678035570519,30.89078889860139,0.311173228554099,304478.5333333333,Retail Trade,Specialty Stores,NASDAQ:CASY,US,231593984.41666666,2.0719838632931906,17.89929083074353,2.217122511638286,1.0,2.0719838632931906,6.546261994239055,stable_or_general,True,0.0,2.0719838632931906,reject_valuation
RUSHB,"Rush Enterprises, Inc.",49.86,5786661104.297544,22.566191446028515,2.493026176774856,11.8269810236691,5.65812112952509,516897000.00000006,,1485150000.0,-5.863392607192996,-7.4695441034872525,-5.451666737986229,1.00372424722662,104380.9674089247,Retail Trade,Specialty Stores,NASDAQ:RUSHB,US,5204435.035008986,1.9080263510076874,11.047615999967999,2.0426299616219357,1.0,1.9080263510076874,6.589720759180839,stable_or_general,True,0.18,2.0880263510076875,reject_valuation
LEN,Lennar Corporation,83.72,20119236443.33973,13.095778128861706,0.9328004827565614,7.235163808058691,4.697576169317,956647000.0,,6245008000.0,-7.4727413600503345,-50.398004455912705,-47.147333349868134,2.36826524570752,2262260.966666667,Consumer Durables,Homebuilding,NYSE:LEN,US,189396488.12933335,1.810018193959248,7.122909945311062,1.8385432680477058,1.0,1.810018193959248,1.5515040948015257,cyclical,True,0.28,2.090018193959248,reject_valuation
EFX,"Equifax, Inc.",173.83,20422400019.912373,30.545793210093485,4.667003162704784,14.580807068971,5.78584668426801,1105000000.0,,5467100000.0,10.347248381904729,8.081913396904799,11.283194493331768,1.15289015812576,1129380.7666666666,Commercial Services,Financial Publishing/Services,NYSE:EFX,US,196320258.66966668,2.0949315813318123,15.278710003060683,1.9992390197846839,1.0,2.0949315813318123,4.786449273955973,financial_special,True,0.0,2.0949315813318123,reject_valuation
RUSHA,"Rush Enterprises, Inc.",50.11,5858617179.0,22.679339217017425,2.505526308026234,11.8269810236691,5.65812112952509,516897000.00000006,,1485150000.0,-5.863392607192996,-7.4695441034872525,-5.451666737986229,1.01113550189583,664252.8900747556,Retail Trade,Specialty Stores,NASDAQ:RUSHA,US,33285712.321646005,1.9175932701362857,11.047615999967999,2.052871788545431,1.0,1.9175932701362857,6.589720759180839,stable_or_general,True,0.18,2.0975932701362856,reject_valuation
KEX,Kirby Corporation,142.24,7510272115.16605,21.852483446252172,2.194019230677276,10.3997534618192,5.77520814241553,474303000.0,,1227027000.0,6.5613340100617545,17.219461000772263,23.236396682949007,0.0,473273.7,Transportation,Marine Shipping,NYSE:KEX,US,67318451.088,2.101250142753824,10.040136793026894,2.1765125213661656,1.0,2.101250142753824,3.4579345569351605,cyclical,True,0.0,2.101250142753824,reject_valuation
RGLD,"Royal Gold, Inc.",261.22,22132611967.936943,28.477362666114317,2.9152853044487737,13.5480360288116,11.3342273752375,585000.0,,395892000.0,93.50862314816204,64.17417691330532,34.28537967178557,0.707947895034925,713056.4333333333,Non-Energy Minerals,Precious Metals,NASDAQ:RGLD,US,186264601.51533335,2.1019550439306207,10.23720257605779,2.7817523834798012,1.0,2.1019550439306207,24.43773729057781,cyclical,True,0.0,2.1019550439306207,reject_valuation
KBH,KB Home,52.3175,3207571711.962483,12.701505219713525,0.844806942216287,6.94834749904589,3.9229299260541106,360186000.0,,1998673000.0,-17.52463226353409,-51.81744677668112,-45.47981469225679,1.91168036704263,850676.7,Consumer Durables,Homebuilding,NYSE:KBH,US,44505278.25225,1.8279893487563235,6.651234854472951,1.9096461781336396,1.0,1.8279893487563235,4.276018788837732,cyclical,True,0.28,2.1079893487563233,reject_valuation
AMCR,Amcor plc,45.09,20847166100.829376,18.912004026507844,1.76650273594408,9.405561697410182,2.98269980177845,1286725160.0,,15080000000.0711,56.623134328746296,116.43835616488754,32.20583342575136,5.63848332970146,3729389.5666666655,Process Industries,Containers/Packaging,NYSE:AMCR,US,168158175.56099996,2.0107256360579995,9.34064276566395,2.0247004944914564,1.0,2.0107256360579995,0.6902185519032544,cyclical,True,0.1,2.1107256360579996,reject_valuation
CNXN,"PC Connection, Inc.",83.25,2101071799.0871546,22.032552600238187,2.205493732556399,10.4320614758336,7.10761311737762,34052000.0,,7546000.0,3.2309811553739296,11.380592678675189,14.88294314381271,0.897881000838022,144584.36666666667,Technology Services,Information Technology Services,NASDAQ:CNXN,US,12036648.525,2.1120037157830898,10.010159841999224,2.201019059435704,1.0,2.1120037157830898,4.044278638615506,technology_strict,True,0.0,2.1120037157830898,reject_valuation
QRVO,"Qorvo, Inc.",101.28,8935086838.35027,23.500475671160405,2.5734191817299434,11.5558647177867,6.688408625967371,649508000.0,,1549138000.0,-0.1792347356041147,394.0862677145863,402.999533146592,0.0,1118678.2333333334,Electronic Technology,Semiconductors,NASDAQ:QRVO,US,113299731.472,2.033640601121667,10.950498269650016,2.1460645070638864,1.0,2.033640601121667,5.23860795293759,technology_strict,True,0.08,2.113640601121667,reject_valuation
E,ENI S.p.A.,53.46,81125146654.69803,13.412278280940315,1.4812294481492114,6.973551239502839,2.34294561859752,4397870470.0,,49150467000.0,4.180575422266369,129.16962535139658,133.59901541346778,3.06141302376202,382236.6,Energy Minerals,Oil Refining/Marketing,NYSE:E,US,20434368.636,1.9233067658504088,11.043831757160385,1.2144587653867802,1.0,1.9233067658504088,58.367399591197746,cyclical,True,0.2,2.123306765850409,reject_valuation
HGV,Hilton Grand Vacations Inc.,41.78,3247315101.78022,23.623204794752912,2.9578844825047295,11.6557313778464,1.25980310362089,413000000.0,,7851000000.0,5.435651478816946,164.91228070175438,205.51045085507,0.0,1069512.3333333333,Finance,Real Estate Development,NYSE:HGV,US,44684225.28666666,2.0267458153379057,12.521097404877606,1.8866720728129203,1.0,2.0267458153379057,7.424382039860444,financial_special,True,0.1,2.1267458153379057,reject_valuation
VC,Visteon Corporation,100.895,2693435205.5344186,18.39337149524191,1.6721889756680304,9.95713814704913,4.54271961492178,160000000.0,,434000000.0,-1.1250654107796965,-48.10996563573883,-47.70480394306579,1.27114500831133,396080.8333333333,Producer Manufacturing,Auto Parts: OEM,NASDAQ:VC,US,39962575.67916666,1.847254825995652,9.091258642281,2.023193071386099,1.0,1.847254825995652,8.696068006495828,cyclical,True,0.28,2.127254825995652,reject_valuation
DEO,Diageo plc,90.4,50142469654.7425,29.165994515244396,4.623530085678514,15.751266026201503,3.59700888247956,3194399230.0,,22196000000.0,-3.587511794296569,-26.6724993705024,-26.805365323761404,3.57212174680194,1173208.3666666667,Consumer Non-Durables,Beverages: Alcoholic,NYSE:DEO,US,106058036.34666668,1.8516603342695193,15.852468474071408,1.839839300923313,1.0,1.8516603342695193,0.6425035784524136,stable_or_general,True,0.28,2.1316603342695193,reject_valuation
HEI.A,Heico Corporation,239.005821,38172848727.82801,39.78457278401997,6.75098567639557,18.6537324287288,9.18034718425162,1030280000.0,,2541173000.0,20.69005231159038,32.0901185302683,31.659690109360284,0.104488840591825,240433.46666666667,Electronic Technology,Aerospace & Defense,NYSE:HEI.A,US,57464998.0965428,2.1327942242136673,16.968853010047145,2.344564642080628,1.0,2.1327942242136673,9.032398342364745,technology_strict,True,0.0,2.1327942242136673,reject_valuation
ABM,ABM Industries Incorporated,46.95,2750374222.2316327,18.08969715650767,1.5730809166689284,8.87259292431706,2.89294286209697,334000000.0,,1970400000.0,6.527341405725985,101.14213197969544,107.78160275398285,2.40313360152445,367019.86666666664,Commercial Services,Miscellaneous Commercial Services,NYSE:ABM,US,17231582.74,2.0388287066489155,8.69600470952617,2.080230837121217,1.0,2.0388287066489155,1.9902661634223717,financial_special,True,0.1,2.1388287066489156,reject_valuation
TRP,TC Energy Corporation,62.27,62269998684.4771,26.50635437382516,3.613812240861748,13.668843502957701,3.13835597662432,2868096000.0,,44875072000.0,1.1419134796177794,-20.769874094511827,-21.614753795877807,3.98638513903311,1975312.7333333336,Industrial Services,Oil & Gas Pipelines,NYSE:TRP,US,123002723.90466669,1.939180470395293,13.633758116621133,1.9441707962759618,1.0,1.939180470395293,0.2566814546452245,cyclical,True,0.2,2.139180470395293,reject_valuation
ES,Eversource Energy (D/B/A),71.435,26907760772.74682,18.501204320012434,1.6463899612965263,9.05691088611974,2.3307140346871,297711000.0,,29807786000.0,7.75327175031281,68.92907635268463,66.18317982267368,4.30950048971596,2110816.933333333,Utilities,Electric Utilities,NYSE:ES,US,150786207.63266665,2.042772039235435,8.898825897056089,2.0790612755029856,1.0,2.042772039235435,1.7454625650112687,stable_or_general,True,0.1,2.1427720392354352,reject_valuation
ADUS,Addus HomeCare Corporation,118.79,2218320279.1533403,20.835598898496837,1.9320391918191746,9.70557292105893,7.35013437834703,154776000.0,,108820000.0,15.88006109496877,26.922103436223168,25.742705277783912,0.0,205507.66666666666,Health Services,Medical/Nursing Services,NASDAQ:ADUS,US,24412255.723333333,2.1467665090937835,9.272779732568953,2.2469636397503963,1.0,2.1467665090937835,4.459223499840126,stable_or_general,True,0.0,2.1467665090937835,reject_valuation
SLB,SLB Limited,56.42,83735365358.4644,27.385690709639842,3.2114496547492397,13.373296532689302,5.9462517137899,4806000000.0,,12798000000.0,2.3415046491969567,-24.21798631476051,-29.425870101397646,2.02055391046856,11566770.033333333,Industrial Services,Contract Drilling,NYSE:SLB,US,652597165.2806667,2.047789087955916,11.726743315693696,2.3353193612577883,1.0,2.047789087955916,12.312246370749481,cyclical,True,0.1,2.1477890879559163,reject_valuation
CVBF,CVB Financial Corporation,22.58,3974022035.291815,15.61873141038943,1.2555367614268858,7.599319114138579,1.12338442990448,572497000.0,,1178374000.0,8.417696875304195,1.5978925413559104,-1.047227926078035,3.55871886120997,1068791.2,Finance,Regional Banks,NASDAQ:CVBF,US,24133305.295999996,2.0552803712809857,8.03866030112865,1.9429520374429208,1.0,2.0552803712809857,5.781323042121933,financial_special,True,0.1,2.155280371280986,reject_valuation
MDT,Medtronic plc.,93.38,119524608409.91582,22.989241487973608,2.379574494977487,10.663949044586,5.67837723439586,6132000000.0,,28153000000.0,9.769005847953217,12.274678111587983,12.151416422773199,3.06122448979592,7484569.966666667,Health Technology,Medical Specialties,NYSE:MDT,US,698909143.4873333,2.1557906355193115,10.350817778056387,2.2210072654076214,1.0,2.1557906355193115,2.9363537393174988,health_special,True,0.0,2.1557906355193115,reject_valuation
CR,Crane Company,204.38,11813235925.283102,35.66343267955608,5.424708088171281,16.5407613376313,10.2666707395302,380300000.0,,1115700000.0,13.848249198189885,9.01719104768083,8.120141876084833,0.490316858029862,424250.56666666665,Electronic Technology,Aerospace & Defense,NYSE:CR,US,86708330.81533332,2.1560937826011353,15.210841134989714,2.34460621625447,1.0,2.1560937826011353,8.040259910019564,technology_strict,True,0.0,2.1560937826011353,reject_valuation
PKG,Packaging Corporation of America,234.85,20924735731.97255,30.527752502274797,4.488491610715808,14.7901872175597,6.853570128685181,742400000.0,,4404300000.0,10.345106934543098,-23.488812200823777,-23.22431911857167,2.23813786929275,546750.0666666667,Process Industries,Containers/Packaging,NYSE:PKG,US,128404253.15666667,2.064054501354156,14.702987422285165,2.076295899975008,1.0,2.064054501354156,0.5895787118300078,cyclical,True,0.1,2.164054501354156,reject_valuation
SKY,"Champion Homes, Inc.",86.075,4672162420.356231,25.189488162476955,2.970149779054673,12.177220272417,8.90744321777244,264946000.00000003,,123174000.0,4.5196944685287805,-11.936163750655757,-9.030162660064423,0.0,635354.4,Consumer Durables,Homebuilding,NYSE:SKY,US,54688129.980000004,2.0685745678374934,11.791227197220705,2.136290628715418,1.0,2.0685745678374934,3.1697962799491997,cyclical,True,0.1,2.1685745678374935,reject_valuation
TRI,Thomson Reuters Corp,105.59,45744180422.06164,29.122889935058634,4.148270904827592,14.0777832676303,9.26040027262899,2173395924.48,,3178181600.0,1.5131142550534011,-3.8306621000251484,-2.5555621865246043,2.2958920568942,2042669.7666666661,Technology Services,Internet Software/Services,NASDAQ:TRI,US,215685500.66233328,2.068712764034537,14.244022190372776,2.0445692618158207,1.0,2.068712764034537,1.1808600799013247,technology_strict,True,0.1,2.168712764034537,reject_valuation
SARO,"StandardAero, Inc.",24.77,8196874167.302759,25.499279390570308,2.9768199823097334,12.3023648622991,4.85972027683556,218794000.0,,2563045000.0,12.56077174172074,143.51430783454478,144.62352052379754,0.0,3253526.0,Transportation,Other Transportation,NYSE:SARO,US,80589839.02,2.072713634816138,11.67413375379764,2.1842545175803982,1.0,2.072713634816138,5.1065881684804415,stable_or_general,True,0.1,2.172713634816138,reject_valuation
CMS,CMS Energy Corporation,68.78,21567833019.224377,20.668309393593365,2.258576466342515,11.2945838837517,2.61055417027123,-1910000000.0,,19301000000.0,9.928901085193962,0.2932551319648094,-1.7942513132267004,3.28400641492929,3467487.4,Utilities,Electric Utilities,NYSE:CMS,US,238493783.372,1.829931018824574,10.927727194961648,1.891363961128415,1.0,1.829931018824574,3.2480761802815117,stable_or_general,False,0.35,2.179931018824574,reject_valuation
DBD,Diebold Nixdorf Incorporated,68.58,2328057254.739991,22.43816254416961,2.4061545349066082,10.762679055362,2.97465391560222,238100000.0,,1108800000.0,5.438008877270375,,,0.0,287615.56666666665,Electronic Technology,Electronic Equipment/Instruments,NYSE:DBD,US,19724675.562,2.08481200905,10.723491864229452,2.0924306026674953,1.0,2.08481200905,0.3641025708466805,technology_strict,True,0.1,2.1848120090500003,reject_valuation
DUK,Duke Energy Corporation (Holding Company),121.29,94570082175.87973,18.196957421910163,1.759199027066776,9.90515136025444,2.6775570362637,-4252000000.0,,92206000000.0,6.328547216270667,8.498759305210918,8.975868157739853,3.52553542009885,4185187.9,Utilities,Electric Utilities,NYSE:DUK,US,507621440.39100003,1.8371205810067224,9.667544888293255,1.8822728657764445,1.0,1.8371205810067224,2.3988171742090447,stable_or_general,False,0.35,2.1871205810067225,reject_valuation
CBT,Cabot Corporation,80.51,4156812591.400172,22.701254758212322,2.5899143568625975,11.8881118881119,4.78750640040963,308000000.0,,1273000000.0,-4.744429882044561,-55.36992840095465,-53.64173485660506,2.27244734573223,420168.73333333334,Process Industries,Chemicals: Specialty,NYSE:CBT,US,33827784.72066667,1.9095761355437404,11.408683724522671,1.9898224288062751,1.0,1.9095761355437404,4.032836905485871,cyclical,True,0.28,2.1895761355437404,reject_valuation
SHECY,"Shin-Etsu Chemical Co., Ltd.",18.35,74155282915.53671,22.06589706589707,2.4333029667731485,10.9520817159307,8.66231857702818,2490261650.0,,1602011998.15413,-2.4421371373097527,-10.037823741399036,-5.703594511849417,1.34699734748011,648649.9666666667,Process Industries,Chemicals: Specialty,OTC:SHECY,US,11902726.888333334,2.0147673874456595,11.027437314270028,2.000999546589374,1.0,2.0147673874456595,0.6880481747111089,cyclical,True,0.18,2.1947673874456597,reject_valuation
RMBS,"Rambus, Inc.",85.31,9252858801.653189,39.0488396576189,6.308800669704594,17.7893959079491,15.5629340104456,299535000.0,,21803000.0,17.171969114840245,4.615787521005652,3.388386730396084,0.0,2230528.8333333335,Electronic Technology,Semiconductors,NASDAQ:RMBS,US,190286414.77166668,2.195062713746796,16.156179607435966,2.416959987226588,1.0,2.195062713746796,9.180841828267683,technology_strict,True,0.0,2.195062713746796,reject_valuation
NNI,"Nelnet, Inc.",127.72,4569749776.943505,15.557964747298794,1.2120019316873882,8.08125004594636,2.12108474219678,364026000.0,,7043156000.0,-6.773128560645205,-8.245975782044585,-7.423654652893667,1.01359314842461,135168.7,Finance,Finance/Rental/Leasing,NYSE:NNI,US,17263746.364,1.9251928425482678,7.7902344642979,1.9971112318377398,1.0,1.9251928425482678,3.60112086612685,financial_special,True,0.28,2.205192842548268,reject_valuation
AIG,"American International Group, Inc. New",76.04,39760793726.09628,13.930822218965265,0.9826037526314437,7.222283118369931,2.3580122712072,3850000000.0,,9127000000.0,-4.193942881807064,-9.299479963291526,1.1714116251482827,2.40697371844913,3054903.199999987,Finance,Multi-Line Insurance,NYSE:AIG,US,232294839.32799906,1.9288668127024977,7.053451240614772,1.9750362969477435,1.0,1.9288668127024977,2.337652442975202,financial_special,True,0.28,2.2088668127024977,reject_valuation
GTY,Getty Realty Corporation,32.7,2025199421.2006128,19.98044726872785,1.804170779385225,9.46408567332058,4.62598322346124,138530000.0,,1079767000.0,9.275003570238493,49.94129158512718,42.436901653611834,5.895865237366,471175.9666666667,Finance,Real Estate Investment Trusts,NYSE:GTY,US,15407454.110000001,2.111186221089806,9.029681643858897,2.2127521275699227,1.0,2.111186221089806,4.590026384548452,financial_special,True,0.1,2.211186221089806,reject_valuation
AMRZ,Amrize Ltd,43.805,24247670762.004658,20.11341200238762,1.8718405613171467,9.52569169960474,4.98088250490855,1321000000.0,,7091000000.0,5.087961365988272,1.6020236087689714,1.5243333954876082,1.49965916837082,3788898.933333333,Non-Energy Minerals,Construction Materials,NYSE:AMRZ,US,165972717.77466667,2.111490969545257,9.306429764850163,2.161238252541785,1.0,2.111490969545257,2.3017954146434927,cyclical,True,0.1,2.211490969545257,reject_valuation
HWKN,"Hawkins, Inc.",127.61,2663873635.3665814,33.00486240430374,4.828726095705722,15.6136471025663,8.08486465645567,91689000.0,,257702999.99999997,9.317331867992852,-4.74238253328765,-4.7872340425532,0.595376169488904,152782.96666666667,Process Industries,Chemicals: Specialty,NASDAQ:HWKN,US,19496634.376333334,2.1138470843803674,14.630347603194581,2.2559178564627564,1.0,2.1138470843803674,6.29769260770664,cyclical,True,0.1,2.2138470843803675,reject_valuation
LKQ,LKQ Corporation,25.34,6411072972.14099,13.956050008261276,0.9959912726952569,7.157732356344,2.99615794401576,625000000.0,,5313000000.0,-2.548768332621387,-34.32203389830508,-33.29292038649473,4.75247524752475,3432191.1666666665,Consumer Durables,Automotive Aftermarket,NASDAQ:LKQ,US,86971724.16333333,1.949786512468831,7.136627284265107,1.955552595416001,1.0,1.949786512468831,0.29485696067117484,stable_or_general,True,0.28,2.2297865124688308,reject_valuation
ZBRA,Zebra Technologies Corporation,356.0,16842595428.027975,32.57656866243903,4.911342676932844,15.28644356211,6.503770739064859,904000000.0,,2962000000.0,13.451532087107342,-1.6423357664233578,3.257963017206364,0.0,761239.8,Electronic Technology,Computer Processing Hardware,NASDAQ:ZBRA,US,271001368.8,2.1310757162107667,15.076304468480286,2.160779435739453,1.0,2.1310757162107667,1.374676148679721,technology_strict,True,0.1,2.231075716210767,reject_valuation
OVV,Ovintiv Inc. (DE),64.34,17725902678.274014,17.988648754438447,1.547651377695972,8.41104406660101,4.71625570310564,2248961070.0,,5029000000.0,6.172566371958011,54.62184873984094,58.28207284152764,1.82066454255803,3083990.066666667,Energy Minerals,Integrated Oil,NYSE:OVV,US,198423920.88933337,2.1386939138588827,8.603488782414026,2.0908551413710414,1.0,2.1386939138588827,2.2880003277736316,cyclical,True,0.1,2.238693913858883,reject_valuation
SXI,Standex International Corporation,277.62,3364605778.824619,32.02814951545916,4.431144166370454,14.2855876817023,6.64704680725804,64364000.00000001,,566294000.0,12.845095664258132,87.64885222381635,86.72985781990519,0.492093932047617,127235.06666666667,Electronic Technology,Electronic Equipment/Instruments,NYSE:SXI,US,35322999.208,2.2419903352301307,13.835155116381777,2.3149830447174113,1.0,2.2419903352301307,3.1530559005105263,technology_strict,True,0.0,2.2419903352301307,reject_valuation
CBRE,CBRE Group Inc,146.095,42305507555.23941,33.498807667614415,5.042324532490455,15.626689087742502,4.47355752699264,938000000.0,,10806000000.0,14.52865840856603,19.357798165137616,22.18642310817247,0.0,1589190.4333333333,Finance,Real Estate Development,NYSE:CBRE,US,232172776.35783333,2.1436919541639,15.052250762241949,2.2255015676223664,1.0,2.1436919541639,3.676007900810807,financial_special,True,0.1,2.2436919541639,reject_valuation
TMXXF,TMX Group Ltd.,39.71,10935840458.34232,26.068144005915517,3.15528020146805,12.609013907769501,1.21555237671841,409868800.0,,1449676799.9999998,-3.4300159750419903,36.93475588706894,36.99376024964219,1.7725258493353,131462.03333333333,Finance,Investment Banks/Brokers,OTC:TMXXF,US,5220357.343666666,2.0674213064237073,12.103969506812751,2.1536855319441273,1.0,2.0674213064237073,4.005423458574731,financial_special,True,0.18,2.2474213064237074,reject_valuation
CIB,Grupo Cibest S.A.,101.11,25692064742.39756,36.824853407145724,2.1596592903049,18.883980087049103,2.02719705948537,3180206450.0,,7110782161.30464,7.127358333652108,-24.449605411312938,-22.312763489234083,6.49400903111809,317664.36666666664,Finance,Regional Banks,NYSE:CIB,US,32119044.113666665,1.9500578393641033,5.864678581139515,6.2790914962624615,1.0,1.9500578393641033,68.94363077007483,financial_special,True,0.30000000000000004,2.2500578393641035,reject_valuation
HSIC,"Henry Schein, Inc.",90.16,10048020188.893682,26.273458445040212,3.1961883964464737,12.2084216903968,3.6164580248575406,569000000.0,,3813000000.0,6.490252877162765,3.5989717223650386,10.347932342915946,0.0,1119389.0666666667,Distribution Services,Medical Distributors,NASDAQ:HSIC,US,100924118.25066666,2.152076583798464,12.165084406883008,2.159743209851851,1.0,2.152076583798464,0.35497859275192,stable_or_general,True,0.1,2.252076583798464,reject_valuation
PCAR,PACCAR Inc.,125.73,66179863683.640434,26.467244863590434,3.2566438980470758,12.755737458581502,5.68652362932004,2963100000.0,,14696400000.0,-10.490622394886172,-18.509599739668076,-18.58504147528622,1.0922817444382,3053625.1666666684,Producer Manufacturing,Trucks/Construction/Farm Machinery,NASDAQ:PCAR,US,383932292.2050002,2.0749286310988184,12.304431061228687,2.151033618042595,1.0,2.0749286310988184,3.5380659002917314,cyclical,True,0.18,2.2549286310988186,reject_valuation
OTTR,Otter Tail Corporation,89.38,3752670698.2558527,19.30078386490747,1.9994295652951999,10.6848101775434,4.84108673486545,-79267000.0,,1266713000.0,0.26922549064458573,-31.831238904653407,-31.888513016620102,2.52884507673351,216347.26666666666,Utilities,Electric Utilities,NASDAQ:OTTR,US,19337118.694666665,1.8063759247190494,10.359317939052966,1.8631326867714535,1.0,1.8063759247190494,3.0463081054498353,stable_or_general,False,0.44999999999999996,2.256375924719049,reject_valuation
NIC,Nicolet Bankshares Inc.,169.9,3560681494.187394,19.296950423079107,1.5752870378818056,8.90670481503779,1.26640616053248,173284000.0,,92750000.0,31.61098067209863,13.665086305420171,1.0431968417187079,0.772517118277053,150283.63333333333,Finance,Major Banks,NYSE:NIC,US,25533189.303333335,2.1665644953786685,8.163398896427521,2.363837743066049,1.0,2.1665644953786685,8.345464838525862,financial_special,True,0.1,2.2665644953786686,reject_valuation
AIQUY,L'Air Liquide SA,39.39,127915395264.22342,30.386484610043972,8.269511765002267,13.971956605947899,6.753531445366451,1851321990.0,,19732100370.0,5.875794413828797,10.783836839551203,10.615240208208899,1.27349501444906,282452.73333333345,Process Industries,Chemicals: Specialty,OTC:AIQUY,US,11125813.166000005,2.1748195665815597,27.214440469592382,1.116557389596006,1.0,2.1748195665815597,94.77902227385333,cyclical,True,0.1,2.27481956658156,reject_valuation
MHVIY,Mitsubishi Heavy Industries Ltd.,12.1,81776256039.32138,31.800262812089354,4.168044532627866,14.459023669288701,5.36615686410404,6289468220.0,,5253481002.92262,-5.884182003594425,52.22906004708444,52.2,0.434339421738062,800637.7333333333,Producer Manufacturing,Electrical Products,OTC:MHVIY,US,9687716.573333332,2.199336797520696,13.106949955908291,2.4262137964259622,1.0,2.199336797520696,9.351071997013506,cyclical,True,0.08,2.279336797520696,reject_valuation
HTH,Hilltop Holdings Inc.,38.98,2233024696.692545,14.471339471339471,1.0501898046991818,7.48044741177491,1.03153094726757,-246019000.0,,1502167000.0,1.9385211322846003,12.802560651599363,21.180493071801337,2.05655526992288,218982.66666666666,Finance,Regional Banks,NYSE:HTH,US,8535944.346666666,1.9345553380350293,7.257032472903325,1.9941125419203083,1.0,1.9345553380350293,2.9866520887495196,financial_special,False,0.35,2.2845553380350294,reject_valuation
CUBE,CubeSmart,39.92,8988476887.937613,27.2919942571956,3.4904929534361946,12.3902056047177,5.02623149230845,557535000.0,,3541500000.0,3.8603964514079645,-10.870864301606527,-10.854461238420292,5.30817610062893,2052668.1333333333,Finance,Real Estate Investment Trusts,NYSE:CUBE,US,81942511.88266666,2.2027071323823626,12.789438985448701,2.133947727359059,1.0,2.2027071323823626,3.2221691347800396,financial_special,True,0.1,2.3027071323823627,reject_valuation
MTSUY,Mitsubishi Corp.,32.5699,108461455068.97536,21.110902255639097,2.0122203996651433,9.54590809685045,3.9739440358854003,9439837730.0,,39935942162.7442,6.051569773846316,7.79886410024553,14.89425081918379,1.60480462029983,299317.0333333333,Distribution Services,Wholesale Distributors,OTC:MTSUY,US,9748725.843963332,2.2115132516941336,9.531664612428601,2.2148179897257405,1.0,2.2115132516941336,0.14921036613108063,stable_or_general,True,0.1,2.3115132516941337,reject_valuation
OGE,OGE Energy Corp,46.84,9676267195.956495,20.515066573230555,1.942557689899115,9.7027872139288,3.2525761168977305,274200000.0,,5843200000.0,0.6251555113212242,-4.849225753871231,-6.226384097256455,3.6255065045852,1374509.1333333333,Utilities,Electric Utilities,NYSE:OGE,US,64382007.80533334,2.1143477766656806,9.468931933342569,2.1665660623234264,1.0,2.1143477766656806,2.4101866343160028,stable_or_general,True,0.2,2.314347776665681,reject_valuation
NWN,Northwest Natural Holding Company,49.35,2077316182.4134443,16.40515923143408,1.3322070986796977,8.34789614690315,2.06065497824931,-265976999.99999997,,2701865000.0,4.405437184241469,22.024968281178875,18.858903947212458,3.98866167240332,209701.53333333333,Utilities,Gas Distributors,NYSE:NWN,US,10348770.67,1.9651848732593498,8.120659360178857,2.0201757645296374,1.0,1.9651848732593498,2.7220844956078016,cyclical,False,0.35,2.3151848732593496,reject_valuation
LH,Labcorp Holdings Inc.,328.62,26651081498.39602,27.1748478433448,3.0888784303286467,11.7368775432536,5.47821666912621,1155200000.0,,6766100000.0,6.409172488467643,31.294210112653914,33.345095271700785,0.868778280542986,651250.8,Health Services,Medical/Nursing Services,NYSE:LH,US,214014037.89600003,2.315338789486221,11.366681602543443,2.3907459356708007,1.0,2.315338789486221,3.154126294202897,stable_or_general,True,0.0,2.315338789486221,reject_valuation
DE,Deere & Company,698.385,188302325411.54486,38.817497151432626,6.727486350394165,18.3316091413524,4.52410130718954,3229000000.0,,64180000000.0,7.982625917090516,-6.414442097176877,-5.943518537880851,0.933166285047738,1226170.4,Producer Manufacturing,Trucks/Construction/Farm Machinery,NYSE:DE,US,856339014.8039999,2.1175171722305715,17.331066771639797,2.239763868139541,1.0,2.1175171722305715,5.458017144035532,cyclical,True,0.2,2.3175171722305716,reject_valuation
BP,BP p.l.c.,42.98,112793826298.295,20.69829039248736,1.9060433281166222,9.33191609807986,1.8952988163380198,16146308180.0,,72693000000.0,15.843021207274374,809.8410105193046,835.7818837314104,4.5828361633777,8827983.433333334,Energy Minerals,Integrated Oil,NYSE:BP,US,379426727.96466666,2.2180107680936234,9.208699327208391,2.247688805663506,1.0,2.2180107680936234,1.320380183195402,cyclical,True,0.1,2.3180107680936235,reject_valuation
HTHIY,Hitachi Ltd.,34.525,155210946035.57812,29.9540170050321,3.816325583143392,12.9157315050003,5.60577820985348,8584380130.0,,6503165666.82049,8.847206286189223,23.054247367801246,24.861878453038678,0.712948282370706,395941.73333333334,Producer Manufacturing,Industrial Machinery,OTC:HTHIY,US,13669888.343333334,2.3191885797126908,12.74061366294301,2.3510654822032246,1.0,2.3191885797126908,1.3558491982393228,cyclical,True,0.0,2.3191885797126908,reject_valuation
VMC,Vulcan Materials Company (Holding Company),260.22,33718979936.591785,30.715297450424934,3.977987308413561,13.2423717963916,6.68587861757744,1027200000.0,,4942100000.0,6.864178023569689,17.304457527333895,18.428225953003338,0.787764669715252,996579.5666666667,Non-Energy Minerals,Construction Materials,NYSE:VMC,US,259329934.83800003,2.319471007360971,12.951159971131998,2.3716252072315545,1.0,2.319471007360971,2.1990911427132276,cyclical,True,0.0,2.319471007360971,reject_valuation
ED,"Consolidated Edison, Inc.",108.55,40003901553.17609,17.8266438941076,1.4181267297096178,8.96210207175341,2.99675587996756,-862000000.0,,28597000000.0,9.502290454376624,14.573643410852712,10.407600812300547,3.22988505747126,2197566.7,Utilities,Electric Utilities,NYSE:ED,US,238545865.28500003,1.9891141332002111,7.955096529293233,2.2409085582386266,1.0,1.9891141332002111,11.236265045831594,stable_or_general,False,0.35,2.339114133200211,reject_valuation
SPXC,"SPX Technologies, Inc.",196.44,9838866482.042698,34.42872916557127,4.189142648154881,14.6842878120411,7.86640905327077,303400000.0,,614700000.0,20.6343792633015,35.444234404536864,27.513073794305647,0.0,437723.9666666667,Producer Manufacturing,Building Products,NYSE:SPXC,US,85986496.012,2.344596456175406,12.167578501108384,2.8295465003521487,1.0,2.344596456175406,17.138790407451822,cyclical,True,0.0,2.344596456175406,reject_valuation
BLK,"BlackRock, Inc.",1115.25,181201574485.92816,27.743365473596228,3.147619679824211,12.319913071173,4.08010051342506,3452000000.0,,14968000000.0,23.065615394895094,2.6858213616489697,-2.840666020529752,1.94290281046042,598953.8666666667,Finance,Investment Managers,NYSE:BLK,US,667983299.8000001,2.251912437475887,11.345486122870879,2.445321881595674,1.0,2.251912437475887,7.909365453090345,financial_special,True,0.1,2.351912437475887,reject_valuation
BYDDY,"BYD Co., Ltd.",10.95,106830792919.53072,23.73211963589077,2.8195561323414675,12.9852498049071,3.25158950175135,-7914204500.0,,30239434373.8026,-5.474887839603931,-27.748919054844446,-30.20723037361973,0.337398225230994,991154.0333333348,Producer Manufacturing,Electrical Products,OTC:BYDDY,US,10853136.665000016,1.8276213390151683,11.880759812441582,1.997525411719745,1.0,1.8276213390151683,8.505727722297152,cyclical,False,0.53,2.3576213390151683,reject_valuation
EMBJ,Embraer S.A.,73.59,13272381852.615501,29.76219364231983,3.8075596538375174,13.1794334451198,3.51654663536039,912642100.0,,2586327727.27712,19.91313522271673,17.925139032989858,20.256796848402324,0.756787121315039,1292263.1666666653,Electronic Technology,Aerospace & Defense,NYSE:EMBJ,US,95097646.43499991,2.25823012546419,12.79327626046833,2.3263934145068097,1.0,2.25823012546419,2.9299983664659024,technology_strict,True,0.1,2.35823012546419,reject_valuation
AME,"AMETEK, Inc.",235.05,53887855106.33007,34.35700295261204,4.785453686662215,14.561765699659098,9.89458702808951,1803177000.0,,2310944000.0,12.66053818282675,9.644183488995377,10.327366553781657,0.555081127241674,1313308.9666666666,Producer Manufacturing,Electrical Products,NYSE:AME,US,308693272.615,2.359398143139768,13.928612147173313,2.4666494112684796,1.0,2.359398143139768,4.348054800116785,cyclical,True,0.0,2.359398143139768,reject_valuation
ARCC,Ares Capital Corporation,19.989,14352559676.17556,14.858395896825987,1.0331941199578225,6.875559534467321,3.22315298225587,1060000000.0,,15773000000.0,10.379576755122606,-29.046563192904657,-34.09914764377388,9.5952023988006,4073823.533333333,Finance,Financial Conglomerates,NASDAQ:ARCC,US,81431658.6078,2.1610453407232595,6.953604730498067,2.1367904091036425,1.0,2.1610453407232595,1.1351104683117619,financial_special,True,0.2,2.3610453407232597,reject_valuation
CDP,COPT Defense Properties,35.285,7978429545.251842,24.587136784893037,2.618554818964615,10.8543609684262,3.7313494726507406,280296000.0,,2674358000.0,4.497693985706842,13.810787772102598,13.008898338451846,3.54107648725212,767596.5666666667,Finance,Real Estate Investment Trusts,NYSE:CDP,US,27084644.85483333,2.2651851045320437,10.650100667978231,2.3086295192325683,1.0,2.2651851045320437,1.881827046678597,financial_special,True,0.1,2.365185104532044,reject_valuation
PNW,Pinnacle West Capital Corporation,97.950582,11871339716.035223,18.784271166938343,1.687447651963707,9.30280923460467,2.07113321179825,-878537000.0,,16505294999.999998,5.689825773894246,11.117958403566302,7.42686444169757,3.71428571428571,1086033.7,Utilities,Electric Utilities,NYSE:PNW,US,106377632.9866134,2.019204166529015,8.983301172385838,2.0910209739689165,1.0,2.019204166529015,3.434533098134729,stable_or_general,False,0.35,2.369204166529015,reject_valuation
PHIN,PHINIA Inc.,67.7,2480398506.1867876,19.409960147940023,1.6096030295724733,8.52272727272727,3.49017580144778,250000000.0,,1062000000.0,7.653365098272781,25.0,34.66795366795367,1.6661794796843,355192.6666666667,Producer Manufacturing,Auto Parts: OEM,NYSE:PHIN,US,24046543.533333335,2.2774353240249634,8.292665298147458,2.340617817081815,1.0,2.2774353240249634,2.6993938350697966,cyclical,True,0.1,2.3774353240249635,reject_valuation
SIEGY,Siemens AG,158.13,239785285242.67358,26.80033218649899,3.089038260668102,12.3058658647592,4.80201657395444,11716447330.0,,57078109200.0,11.047429072735518,-13.616598638932686,-12.442868166439139,1.4657414351999,123469.56666666667,Producer Manufacturing,Industrial Machinery,OTC:SIEGY,US,19524242.577,2.177850179827506,11.526119300208691,2.325182612504605,1.0,2.177850179827506,6.336381146356407,cyclical,True,0.2,2.3778501798275062,reject_valuation
LNT,Alliant Energy Corporation,68.065,17648213002.401546,21.56822358831358,2.340854400679025,11.135341420199,3.33007255237629,-1282000000.0,,12118000000.0,6.825856246985046,-1.8028846153846152,-2.475354615408382,3.10661764705882,2390165.066666667,Utilities,Electric Utilities,NASDAQ:LNT,US,162686585.26266667,1.9369162358317822,10.853255443565514,1.9872584498230497,1.0,1.9369162358317822,2.5332494621296053,stable_or_general,False,0.44999999999999996,2.386916235831782,reject_valuation
BRO,"Brown & Brown, Inc.",71.35,23874447780.2398,22.561978244371364,1.8712152802364523,9.85233899987592,4.29011400680799,1446000000.0,,8066000000.0,34.216248270409174,19.939577039274926,-8.806736259299848,0.909592061742007,2003984.0666666667,Finance,Insurance Brokers/Services,NYSE:BRO,US,142984263.15666667,2.290012376213964,8.293666716495805,2.720386412380956,1.0,2.290012376213964,15.820327369975251,financial_special,True,0.1,2.390012376213964,reject_valuation
ATO,Atmos Energy Corporation,169.125,28580186111.678837,20.134168263907902,1.8730955477529445,9.78885693482479,4.72850160070988,-2020303000.0,,10323867000.0,6.452365765065424,21.137536992633876,15.998287623940136,2.36518448438978,960593.9666666667,Utilities,Gas Distributors,NYSE:ATO,US,162460454.6125,2.05684569689426,9.303068908540997,2.164250148187449,1.0,2.05684569689426,4.962663460281602,cyclical,False,0.35,2.40684569689426,reject_valuation
SWX,"Southwest Gas Holdings, Inc.",88.7,6425947443.561846,12.38065992965217,1.5576537344528771,6.59032683170796,2.26556212642214,-482674000.0,,3509859000.0,-63.4735558060236,168.06877542171662,166.79079466746106,2.85263276581351,423651.3,Utilities,Gas Distributors,NYSE:SWX,US,37577870.31,1.8786109165459366,12.58134657848274,0.984048873657626,1.0,1.8786109165459366,90.90626155216248,cyclical,False,0.53,2.4086109165459364,reject_valuation
STE,STERIS plc (Ireland),224.08,21847824111.098885,27.388955435500037,3.031595672156361,11.3699104047671,7.61738982361372,925700000.0,,2044500000.0,8.373317863055371,23.416862986130162,24.045182321279654,1.11096415818013,677792.0333333333,Health Technology,Medical Specialties,NYSE:STE,US,151879638.82933334,2.408898088063788,11.068679414575175,2.4744555705023323,1.0,2.408898088063788,2.6493699551548455,health_special,True,0.0,2.408898088063788,reject_valuation
TWLO,Twilio Inc.,234.07,35947352470.93135,32.57033924247906,4.003935683864414,13.4973589641006,11.1059747466503,988610000.0,,1065519000.0,17.82384637960389,5574.4813278008305,5800.328407224959,0.0,2240008.8333333335,Technology Services,Packaged Software,NYSE:TWLO,US,524318867.61833334,2.413089799945866,12.293196131781091,2.6494606360567463,1.0,2.413089799945866,8.92147001144643,technology_strict,True,0.0,2.413089799945866,reject_valuation
DTE,DTE Energy Company,136.89,28485175846.473408,21.628325854768374,2.344652030104859,11.0091743119266,2.46802276441089,-1931000000.0,,27840000000.0,17.525921658986174,-8.686587908269631,-8.93892525717574,3.34500620121106,1256627.5,Utilities,Electric Utilities,NYSE:DTE,US,172019738.475,1.9645729318081282,10.840654269077124,1.9951125935694667,1.0,1.9645729318081282,1.5307237225493986,stable_or_general,False,0.44999999999999996,2.414572931808128,reject_valuation
FCX,"Freeport-McMoRan, Inc.",72.1823,103655039330.09978,35.6420600434525,5.154597285817525,15.2569355638489,5.03015857992239,1762000000.0,,10359000000.0,-1.8493952399531797,53.357817418677854,53.400999848507794,0.826901874310915,13658473.4,Non-Energy Minerals,Other Metals/Minerals,NYSE:FCX,US,985900024.50082,2.3361218177984493,14.46211941603087,2.4645115296133038,1.0,2.3361218177984493,5.2095399137775384,cyclical,True,0.08,2.4161218177984494,reject_valuation
NGG,"National Grid Transco, PLC National Grid PLC (NEW)",78.23,77914167625.6825,17.92087599935858,1.5013830649440778,8.62650145654085,3.09365857318857,-5027203100.0,,61655818500.0,1.130704014732086,17.49553410327437,13.795260811761953,4.10579506204426,748489.0333333333,Utilities,Electric Utilities,NYSE:NGG,US,58554297.07766667,2.0774210831171285,8.377844168989368,2.1390796531753113,1.0,2.0774210831171285,2.882481256210123,stable_or_general,False,0.35,2.4274210831171286,reject_valuation
TMO,Thermo Fisher Scientific Inc,611.07,225941470118.4657,32.87054469559231,4.289023484381145,13.5069918888275,6.500811552023281,7318000000.0,,42549000000.0,7.229473294455244,5.847509113001215,7.601479432074029,0.2910596187119,1726744.7,Health Technology,Medical Specialties,NYSE:TMO,US,1055161883.8290001,2.4335947608572748,13.0482275973853,2.5191578281619758,1.0,2.4335947608572748,3.396494905884062,health_special,True,0.0,2.4335947608572748,reject_valuation
AG,First Majestic Silver Corp.,20.85,10277098096.854048,30.732050713632123,3.4678010300110858,12.6145681514743,7.627304637495211,630974333.4399999,,330748624.79999995,88.06069212016993,2103.3188893058427,,0.21404673213681,10465916.766666668,Non-Energy Minerals,Precious Metals,NYSE:AG,US,218214364.58500004,2.4362348631047177,11.283988375278966,2.7235096041892506,1.0,2.4362348631047177,10.547961374641467,cyclical,True,0.0,2.4362348631047177,reject_valuation
SMCAY,SMC Corp,22.0,26894757883.683636,21.482277121374864,2.086631238197492,9.75604214188786,8.88005782829155,,,282036609.75234604,11.795162368592091,36.26635656742881,37.62935089369709,1.16230405342733,338848.0333333333,Producer Manufacturing,Industrial Machinery,OTC:SMCAY,US,7454656.733333333,2.201945912998885,9.713268413809327,2.2116424880047143,1.0,2.201945912998885,0.43843320330571034,cyclical,False,0.25,2.451945912998885,reject_valuation
XEL,Xcel Energy Inc.,76.22,47609626986.99082,20.86390014234096,1.9783102240640076,9.92047625394287,2.74827386739856,-7692000000.0,,41611000000.0,4.574414775574486,7.718282682103232,1.3426542387927207,3.04558553838093,4820142.166666667,Utilities,Electric Utilities,NASDAQ:XEL,US,367391235.9433333,2.1031147707297473,9.481977053989285,2.200374460257003,1.0,2.1031147707297473,4.420142629536594,stable_or_general,False,0.35,2.4531147707297474,reject_valuation
ALG,"Alamo Group, Inc.",172.285,2096874656.7161014,20.641833604907507,1.7349030655576552,8.77089098096554,6.15734669490386,135314000.0,,278858000.0,4.0664592737154805,-14.67413338739104,-15.019090770248955,0.769499825113676,145798.2,Producer Manufacturing,Trucks/Construction/Farm Machinery,NYSE:ALG,US,25118842.887000002,2.353447745468974,8.404791448106575,2.4559602379613694,1.0,2.353447745468974,4.174028997207557,cyclical,True,0.1,2.4534477454689743,reject_valuation
OGS,"ONE Gas, Inc.",80.73,5074386721.40427,17.42085841911051,1.4329500773185995,8.57612387334484,3.35737260869039,-172841000.0,,3392925000.0,-0.7804613842213326,16.35209209580935,10.588487972508585,3.36478768313881,454269.5,Utilities,Gas Distributors,NYSE:OGS,US,36673176.735,2.0313207547357948,8.225484891988259,2.1179126395428285,1.0,2.0313207547357948,4.088548469389441,cyclical,False,0.43000000000000005,2.461320754735795,reject_valuation
IEX,IDEX Corporation,222.005,16366187300.058159,31.896353553058816,4.09889487420738,12.955758391939701,7.52565894785638,641500000.0,,1885500000.0,7.31860632183908,10.673199829569663,12.346456184526994,1.29090094128194,636528.0666666667,Producer Manufacturing,Industrial Machinery,NYSE:IEX,US,141312413.44033334,2.4619441477777806,12.850669175675415,2.4820772457075084,1.0,2.4619441477777806,0.8111390555852305,cyclical,True,0.0,2.4619441477777806,reject_valuation
SSEZY,SSE Plc,32.38,38748737015.08751,22.946637375097442,2.338510604185053,10.8487089153923,3.76332093635578,-1050278560.0,,17284200900.0,5.656248615517661,6.741220465101683,2.2832705131922357,2.66521847457099,191164.16666666666,Utilities,Electric Utilities,OTC:SSEZY,US,6189895.716666667,2.1151491439262813,10.191081882537146,2.2516389957004943,1.0,2.1151491439262813,6.061799961487635,stable_or_general,False,0.35,2.4651491439262814,reject_valuation
MTH,Meritage Homes Corporation,67.055,4370249030.019268,14.013876988024828,0.8640377823730365,6.376749509131841,4.30096669767209,415205000.0,,1907178000.0,-13.26761311079831,-48.41500861663795,-45.41710870036388,2.69749518304432,686376.7666666667,Finance,Real Estate Development,NYSE:MTH,US,46024994.08883334,2.197652105975971,6.16558703284877,2.272918525577897,1.0,2.197652105975971,3.3114438003354896,financial_special,True,0.28,2.477652105975971,reject_valuation
CLH,"Clean Harbors, Inc.",318.175,16795581898.295937,38.58958654230997,5.73578798198511,15.5624228952861,5.74792291818229,461027000.0,,3034295000.0,5.069263936676819,14.107575395299035,15.793834702619211,0.0,467153.3333333333,Industrial Services,Environmental Services,NYSE:CLH,US,148636511.83333334,2.479664432843479,14.863564230459788,2.596253896035826,1.0,2.479664432843479,4.4906803364018195,cyclical,True,0.0,2.479664432843479,reject_valuation
FND,"Floor & Decor Holdings, Inc.",49.453,5266248468.783981,23.07329818504176,2.11782893947959,9.6935086016998,4.17486793161251,211397000.0,,2012794000.0,2.4240951325933127,9.913364578895044,9.957931459060124,0.0,2426676.433333333,Retail Trade,Home Improvement Chains,NYSE:FND,US,120006429.65763333,2.380283459076495,9.178700515614027,2.513787016559852,1.0,2.380283459076495,5.310853966699936,stable_or_general,True,0.1,2.480283459076495,reject_valuation
BMA,Banco Macro S.A.,80.0,5314714400.846916,17.063026554335075,1.204728741017806,7.4579852481596,1.82313539630521,1628253670.0,,1163875398.88644,4.030049435017549,-24.705937249466427,-24.703293879583082,5.36734402626926,305288.06666666665,Finance,Major Banks,NYSE:BMA,US,24423045.333333332,2.2878868738102827,7.06046337782748,2.416700666973137,1.0,2.2878868738102827,5.330150933594535,financial_special,True,0.2,2.487886873810283,reject_valuation
GBCI,"Glacier Bancorp, Inc.",46.51,6056158332.234253,19.03105691722247,1.404049615991977,7.94579063146965,1.02859574380457,407270000.0,,2276880000.0,20.01297516410772,41.57332461232387,26.903105203032517,2.84728213977567,968123.9333333333,Finance,Regional Banks,NYSE:GBCI,US,45027444.13933333,2.395111801945692,7.377675460165111,2.5795465007885507,1.0,2.395111801945692,7.14988850894831,financial_special,True,0.1,2.495111801945692,reject_valuation
LUV,Southwest Airlines Company,39.4,19274802494.03563,23.90196554234409,2.7216617333669513,11.1125845378597,2.84869293265799,-457000000.0,,6889000000.0,9.460197284606704,111.08312342569269,147.8796992481203,1.85902401239349,4467655.3,Transportation,Airlines,NYSE:LUV,US,176025618.82,2.150891672491847,11.386769546401226,2.099099788130715,1.0,2.150891672491847,2.467337887126053,cyclical,False,0.35,2.5008916724918473,reject_valuation
CHT,"Chunghwa Telecom Co., Ltd.",43.4,33699137939.22079,26.528117359413205,2.9253522892566775,10.5680035838983,7.06034597183791,1799384780.0,,1199104703.90658,8.457156247418615,7.377366199942827,7.349081364829388,2.86305987202925,172667.46666666685,Communications,Major Telecommunications,NYSE:CHT,US,7493768.053333341,2.510229784538697,11.027364850746368,2.4056624332709635,1.0,2.510229784538697,4.346717553615953,stable_or_general,True,0.0,2.510229784538697,reject_valuation
MTZ,"MasTec, Inc.",232.955,18707438806.872913,37.10892697846311,5.298805741466593,15.3898241236341,4.92909189261952,244804000.0,,3235451000.0,23.46078706150874,86.08389265534596,86.28445947950976,0.0,1584786.3333333333,Industrial Services,Engineering & Construction,NYSE:MTZ,US,369183900.2816667,2.41126387672456,14.27905944179377,2.59883552762922,1.0,2.41126387672456,7.217526808084385,cyclical,True,0.1,2.51126387672456,reject_valuation
FELE,"Franklin Electric Co., Inc.",99.41,4395061480.74101,28.652543594177835,3.1227608460259955,11.6326419755861,7.448945028647211,218281000.0,,308318000.0,7.380195974103144,-13.094098615752326,-10.286246218291835,1.11312581847487,242634.06666666668,Producer Manufacturing,Industrial Machinery,NASDAQ:FELE,US,24120252.567333333,2.4631157439825015,10.898721210428722,2.6289821568021132,1.0,2.4631157439825015,6.309149432241535,cyclical,True,0.1,2.5631157439825016,reject_valuation
THO,"Thor Industries, Inc.",75.3,3919919840.17023,15.176861836138263,0.9085747008882795,6.14793310306323,3.66431845160912,199647000.0,,986634000.0,2.395784535267597,17.79083283591469,19.072189689929914,2.74478754288731,522513.23333333334,Consumer Durables,Recreational Products,NYSE:THO,US,39345246.47,2.4686120655048014,5.98657819184223,2.5351480177473364,1.0,2.4686120655048014,2.6245391502487947,stable_or_general,True,0.1,2.5686120655048015,reject_valuation
FBNC,First Bancorp,64.36,2662844763.3888717,20.011815552998975,1.5513584992800018,8.104893908282,1.03409450648502,202809000.0,,88985000.0,4.147755399570972,37.12519128169074,37.018575323790046,1.46098849860118,175186.3,Finance,Regional Banks,NASDAQ:FBNC,US,11274990.268,2.469102714910292,7.7522126624214005,2.5814327372629498,1.0,2.469102714910292,4.351460362734816,financial_special,True,0.1,2.5691027149102923,reject_valuation
PBA,Pembina Pipeline Corp.,47.89,27850667585.284973,23.965322593559343,2.5767934155028365,10.468594217348,4.98158070997991,1446016000.0,,9720128000.0,-4.420589621406488,-8.704474471703703,-8.23866834429355,4.27229346853564,819479.8,Industrial Services,Oil & Gas Pipelines,NYSE:PBA,US,39244887.622,2.289258910603802,10.752174962148631,2.228881382411052,1.0,2.289258910603802,2.7088713050955393,cyclical,True,0.28,2.5692589106038017,reject_valuation
CPK,Chesapeake Utilities Corporation,132.0,3182052172.595281,21.056997463588942,1.8888132886600373,9.4688731284476,3.79695636786491,-193500000.0,,1694700000.0,14.608488270447431,16.469320182070536,11.823257639272907,2.10980036297641,168856.5,Utilities,Gas Distributors,NYSE:CPK,US,22289058.0,2.223812398576428,8.970002926229679,2.3474905902221077,1.0,2.223812398576428,5.26852768487468,cyclical,False,0.35,2.573812398576428,reject_valuation
DRS,"Leonardo DRS, Inc.",36.92,9853634671.668287,30.797464130797465,3.5146072293147945,11.9193040903202,7.781536974383761,363000000.0,,267000000.0,10.464776381175096,28.799999999999997,28.84780739466897,0.972447325769854,824985.4333333333,Electronic Technology,Aerospace & Defense,NASDAQ:DRS,US,30458462.19866667,2.5838307251350714,11.412002021946304,2.698690735558159,1.0,2.5838307251350714,4.256138315876035,technology_strict,True,0.0,2.5838307251350714,reject_valuation
AEP,"American Electric Power Company, Inc.",125.08,68093226279.483925,21.675389041000937,2.1225373314913574,10.1404194666352,2.73906304161571,-3795300000.0,,53498000000.0,8.625527622817208,-13.938131901252158,-15.46518611839503,3.04706920054526,3531618.8333333335,Utilities,Electric Utilities,NASDAQ:AEP,US,441734883.67333335,2.1375239074003787,9.79238401431406,2.2134945902159107,1.0,2.1375239074003787,3.4321603111811316,stable_or_general,False,0.44999999999999996,2.587523907400379,reject_valuation
NI,NiSource Inc,41.46,19882561221.530006,21.957419764855416,2.0763262746920566,9.77835087852371,2.52163889762129,-1086200000.0,,17403000000.0,12.253886432964128,2.0122089079810084,0.32410605175070367,2.8324531925108,5637842.433333334,Utilities,Gas Distributors,NYSE:NI,US,233744947.286,2.2455135878873724,9.456148750297977,2.322025630589145,1.0,2.2455135878873724,3.2950559069565455,cyclical,False,0.35,2.5955135878873725,reject_valuation
EVRG,"Evergy, Inc.",81.9,18879017310.04394,20.748359638233733,1.8471060764377152,9.17460286000258,2.71239077412125,-1405800000.0,,16498000000.0,3.601440576230492,10.20116652779431,8.627332269249818,3.39314048578054,1915000.4,Utilities,Electric Utilities,NASDAQ:EVRG,US,156838532.76,2.261499484483179,8.902419799172883,2.3306426911210645,1.0,2.261499484483179,2.966701283783091,stable_or_general,False,0.35,2.611499484483179,reject_valuation
BCPC,Balchem Corporation,171.51,5467399597.880109,33.741220908500715,4.208219904087624,12.7934152203,9.77127709047557,171364000.0,,166715000.0,10.137737973284107,15.17537530385076,16.46198964395362,0.558984511470828,177147.8,Consumer Non-Durables,Food: Specialty/Candy,NASDAQ:BCPC,US,30382619.177999996,2.637389651432692,12.472043959225587,2.7053481385095894,1.0,2.637389651432692,2.512005242857085,stable_or_general,True,0.0,2.637389651432692,reject_valuation
UFPI,"UFP Industries, Inc.",83.11,4584471381.95625,19.164341550026517,1.5092830623972595,7.740124452966881,5.83454397645915,267043000.0,,408396000.0,-4.717363694628032,-28.399627757779232,-24.041476187974,1.70673076923077,414611.3333333333,Non-Energy Minerals,Forest Products,NASDAQ:UFPI,US,34458347.913333334,2.4759733085015965,7.875475702921665,2.4334201860234144,1.0,2.4759733085015965,1.748696041998432,cyclical,True,0.18,2.6559733085015966,reject_valuation
RNW,ReNew Energy Global plc,6.835,2490692380.445827,20.599758890898134,1.8079093056411533,8.90601159221945,1.08187980739283,-862203580.0,,8463581026.783429,14.06087050298169,12.363148702025947,11.943319838056677,0.0,2924626.966666667,Utilities,Alternative Power Generation,NASDAQ:RNW,US,19989825.317166667,2.3130173004596895,8.776361486638399,2.347186692601519,1.0,2.3130173004596895,1.4557594523492146,stable_or_general,False,0.35,2.6630173004596895,reject_valuation
HPE,Hewlett Packard Enterprise Company,54.31,71917489793.48512,28.31890708103035,2.7204471331115636,10.9631550003928,3.46845951185564,4156000000.0,,20244000000.0,26.63381899522399,123.63782051282051,142.2076281889366,1.02406318883174,19231890.100000016,Electronic Technology,Computer Processing Hardware,NYSE:HPE,US,1044483951.3310009,2.5830983033639225,9.606469364539416,2.9478995879135983,1.0,2.5830983033639225,12.37495625852938,technology_strict,True,0.1,2.6830983033639226,reject_valuation
BKH,Black Hills Corporation,73.39,5596218420.183219,18.49732835971368,1.419194847195316,7.889702486971439,2.83013956658164,-305200000.0,,4778900000.0,2.510143118284364,5.1705944424903265,0.04034291477558809,3.79945429740791,761299.7,Utilities,Gas Distributors,NYSE:BKH,US,55871784.982999995,2.3444899716128726,7.672431497114233,2.410882178181835,1.0,2.3444899716128726,2.7538552970279073,cyclical,False,0.35,2.6944899716128727,reject_valuation
EMR,Emerson Electric Company,152.17,84880427935.93549,33.251753600069925,4.1650928161249885,12.805287087878,6.0832103865447,3460000000.0,,13802000000.0,4.821378340365682,-2.790346907993967,-1.699102117970537,1.47793089674456,2640360.566666667,Electronic Technology,Electronic Equipment/Instruments,NYSE:EMR,US,401783667.42966664,2.596720664821906,12.525934319795482,2.6546326007410235,1.0,2.596720664821906,2.1815424063937106,technology_strict,True,0.1,2.696720664821906,reject_valuation
XYL,Xylem Inc.,107.61,25125516171.774956,25.561177225112235,2.4111827253467712,9.47197022563387,5.89580980511395,923000000.0,,3055000000.0,4.41008018327606,8.528784648187633,9.421947289078346,1.56641023264436,1747255.8333333333,Producer Manufacturing,Industrial Machinery,NYSE:XYL,US,188022200.225,2.698612497317227,9.432987784998952,2.709764690436846,1.0,2.698612497317227,0.4115557767424116,cyclical,True,0.0,2.698612497317227,reject_valuation
PSO,"Pearson, Plc",15.895,9585251900.057499,23.90585050383516,2.144038372823926,9.15155067569681,5.03940583116152,1443487150.0,,2331978250.0,7.100100151787131,-24.927372144883954,-20.967550219897777,2.13832610043397,643802.1333333333,Consumer Services,Publishing: Books/Magazines,NYSE:PSO,US,10233234.909333333,2.6122185573774295,8.968676401954253,2.6654825564479205,1.0,2.6122185573774295,1.9982872872922441,stable_or_general,True,0.1,2.7122185573774296,reject_valuation
HCC,"Warrior Met Coal, Inc.",102.81,5428582272.287305,24.725829725829723,2.37032767514914,10.036828704424,7.90967970178852,-45681000.0,,269321000.0,37.474677558180254,443.70352007932576,440.2104716123165,0.309867338045899,627492.4666666667,Energy Minerals,Coal,NYSE:HCC,US,64512500.498,2.4635101837427147,9.586443413354854,2.5792495360045855,1.0,2.4635101837427147,4.487326667940716,cyclical,False,0.25,2.7135101837427147,reject_valuation
KR,Kroger Company (The),58.15,35625441733.33361,34.00982571060943,5.5077188572359495,13.4936626584335,2.00502221363724,2878000000.0,,24192000000.0,1.1383120594398932,-59.54793452844894,-53.52794085670798,2.46111775764827,5818542.033333333,Retail Trade,Food Retail,NYSE:KR,US,338348219.23833334,2.5204295209909806,16.194493038868487,2.10008585196105,1.0,2.5204295209909806,20.0155469185898,stable_or_general,True,0.2,2.720429520990981,reject_valuation
NNN,"NNN REIT, Inc.",45.05,8646510157.305223,22.19539833472927,1.9383563942526547,8.71945716383769,4.10195572427913,673008000.0,,5011239000.0,6.54351951823065,-2.0672887202922716,-3.513025289979087,5.35635236830456,1265382.4666666666,Finance,Real Estate Investment Trusts,NYSE:NNN,US,57005480.12333333,2.5455023079625314,8.733145334993592,2.541512534526663,1.0,2.5455023079625314,0.15698421241945315,financial_special,True,0.2,2.7455023079625316,reject_valuation
CNP,"CenterPoint Energy, Inc (Holding Co)",39.94,26309289954.82541,23.541200047153126,2.2447534368220494,9.8245305422402,2.41908412652005,-2695000000.0,,25093000000.0,7.103095079046982,19.337606837606838,18.23820475294446,2.30115057528764,6022627.733333333,Utilities,Electric Utilities,NYSE:CNP,US,240543751.6693333,2.396165388863989,9.535424839540035,2.4688150180300408,1.0,2.396165388863989,2.9426922890327223,stable_or_general,False,0.35,2.746165388863989,reject_valuation
PSMT,"PriceSmart, Inc.",172.82,5333315660.903984,33.21481424535373,3.830282279968767,12.0581554292352,6.73953816790865,73735000.0,,325454000.0,10.18091584313683,10.257201790449997,9.654373024236037,0.805894542942666,235758.26666666666,Retail Trade,Specialty Stores,NASDAQ:PSMT,US,40743743.64533333,2.7545518417206547,11.531849167287058,2.8802678359317917,1.0,2.7545518417206547,4.364732773904234,stable_or_general,True,0.0,2.7545518417206547,reject_valuation
PPL,PPL Corporation,35.03,26361644794.970093,20.806604894274177,1.7517767807313558,8.62568613412431,2.8534692772715,-1992000000.0,,20323000000.0,6.734044969339087,28.29614604462475,26.567433468651323,3.1757334092851,7786362.966666667,Utilities,Electric Utilities,NYSE:PPL,US,272756294.7223334,2.41216809547018,8.41933025418016,2.471289789819539,1.0,2.41216809547018,2.392341626340644,stable_or_general,False,0.35,2.76216809547018,reject_valuation
EMN,Eastman Chemical Company,70.61,8076189138.904198,18.394248052726184,1.324245966544832,7.409269968988351,2.8848350357341,539000000.0,,5217000000.0,-4.298179467844447,-46.875,-46.07052542849115,4.73364419951957,974465.6666666666,Process Industries,Chemicals: Specialty,NYSE:EMN,US,68807020.72333333,2.482599247930725,7.199239472844705,2.555026558306427,1.0,2.482599247930725,2.8346989247622467,cyclical,True,0.28,2.7625992479307246,reject_valuation
CTRE,"CareTrust REIT, Inc.",39.92,9432824594.391315,25.160721038699105,2.0980788808283837,9.10750552655474,6.703803271217941,431350000.0,,1205071000.0,53.07187022175093,61.79890560875513,32.349015682349005,3.66069174450896,2082307.5666666667,Finance,Real Estate Investment Trusts,NYSE:CTRE,US,83125718.06133334,2.7626358244129556,8.338707295396576,3.0173407156993273,1.0,2.7626358244129556,8.44136991096608,financial_special,True,0.0,2.7626358244129556,reject_valuation
AWK,"American Water Works Company, Inc.",140.82,27985016059.85507,24.378505643653487,2.3990489666985018,10.0953148073567,3.2060938521445004,-995000000.0,,16061000000.0,6.920275192229866,4.1551246537396125,3.9987037070377944,2.44516999077294,2303414.1,Utilities,Water Utilities,NYSE:AWK,US,324366773.562,2.4148336241964716,9.840836849337613,2.4772797290399553,1.0,2.4148336241964716,2.5207530708566406,stable_or_general,False,0.35,2.7648336241964717,reject_valuation
ALGN,"Align Technology, Inc.",156.65,11128391943.193209,27.1749501257698,2.6368937543071507,10.1550944159724,6.5456775615421,633569000.0,,120842000.0,4.407029657470915,-5.491215882707811,-2.7613778212610978,0.0,884524.3,Health Technology,Medical Specialties,NASDAQ:ALGN,US,138560731.595,2.6759918729094028,9.703398689245814,2.8005599889333146,1.0,2.6759918729094028,4.447971709806431,health_special,True,0.1,2.775991872909403,reject_valuation
SXT,Sensient Technologies Corporation,135.22,5755343676.143066,36.54792150927077,4.567993238207909,13.0712285932143,6.904746502365561,4482000.0,,763896000.0,8.116525386078086,17.15031555216066,16.56952014871294,1.20322817314747,333468.23333333334,Consumer Non-Durables,Food: Specialty/Candy,NYSE:SXT,US,45091574.51133333,2.796058629733091,12.498640277119968,2.924151803630628,1.0,2.796058629733091,4.380524080128001,stable_or_general,True,0.0,2.796058629733091,reject_valuation
KLIC,"Kulicke and Soffa Industries, Inc.",80.625,4219034719.6063814,37.02300592368094,4.626696598883051,13.2312231670728,9.47134635197804,39973000.0,,38118000.0,44.44395462740293,1844.866409006893,2656.5822784810125,1.04034509007866,904136.9,Producer Manufacturing,Industrial Machinery,NASDAQ:KLIC,US,72896037.5625,2.798154445449634,12.496815111178446,2.9625953168310644,1.0,2.798154445449634,5.550568126777589,cyclical,True,0.0,2.798154445449634,reject_valuation
YPF,YPF Sociedad Anonima,51.56,21706227789.13376,17.090957305754443,1.5949787248522496,6.82763110666028,2.69301334423532,1925483830.0,,10811391527.9601,7.001293773221719,-31.341374032338337,583.4617127322157,0.0,1016303.9333333333,Energy Minerals,Integrated Oil,NYSE:YPF,US,52400630.80266667,2.503204557885736,9.332295999096713,1.8313775417548588,1.0,2.503204557885736,36.684244554354464,cyclical,True,0.30000000000000004,2.803204557885736,reject_valuation
IDA,"IDACORP, Inc.",136.31,7884448848.1237135,22.55145258421018,2.0264465321242544,9.43968312291644,3.25546839265082,-973088000.0,,4007786000.0,-1.105975551368043,10.326513722308567,6.241541138628657,2.58595357037908,461181.5,Utilities,Electric Utilities,NYSE:IDA,US,62863650.265,2.3890052547910936,8.985880286678778,2.5096542425166555,1.0,2.3890052547910936,4.807394806886878,stable_or_general,False,0.43000000000000005,2.8190052547910938,reject_valuation
LHX,"L3Harris Technologies, Inc.",257.94,48032200442.85443,26.05244020685197,2.4151004732919046,9.57099080694586,4.45246976644729,2808000000.0,,11967000000.0,7.294249754362982,10.430170889805538,10.543180930050802,1.86923018234531,1653611.2,Electronic Technology,Aerospace & Defense,NYSE:LHX,US,426532472.928,2.7220212339923253,9.270150719534966,2.810357781125578,1.0,2.7220212339923253,3.1432491523507466,technology_strict,True,0.1,2.8220212339923254,reject_valuation
WSPOF,WSP Global Inc,132.36,17844330535.979572,26.799806659116186,2.427763094037899,9.84445548846898,4.11488075243534,1072543999.9999999,,6208646400.0,5.663336601865834,12.385436725063572,9.480715580394634,0.81490737219536,61906.3,Industrial Services,Engineering & Construction,OTC:WSPOF,US,8193917.868000002,2.7223249361538957,9.058882867769027,2.958400837090887,1.0,2.7223249361538957,7.979848368658993,cyclical,True,0.1,2.822324936153896,reject_valuation
KAI,Kadant Inc,295.54,3490066503.215486,31.803800873813575,3.411748679930089,11.2596679073194,6.50445638610355,159988000.0,,510632000.0,12.50145246508956,3.669690098261527,3.4753076109348138,0.470493345879823,128687.83333333333,Producer Manufacturing,Industrial Machinery,NYSE:KAI,US,38032402.263333336,2.824577166537866,10.727487237977376,2.964701813973917,1.0,2.824577166537866,4.726433085971182,cyclical,True,0.0,2.824577166537866,reject_valuation
SITE,"SiteOne Landscape Supply, Inc.",98.285,4290670225.4372396,26.897920087575258,2.548226650999897,9.81343620965069,4.74670165463955,259300000.0,,1128100000.0,3.2814899738259533,30.86816720257235,32.88239144665066,0.0,839329.7333333333,Distribution Services,Wholesale Distributors,NYSE:SITE,US,82493522.84066665,2.740927796639001,9.473694035461794,2.8392219536425127,1.0,2.740927796639001,3.4620103186158935,stable_or_general,True,0.1,2.840927796639001,reject_valuation
D,"Dominion Energy, Inc.",66.07,58110279648.560844,22.97687358720222,2.0816155882667076,9.08491725599872,2.2238501386636,-6845000000.0,,53424000000.0,21.984461416908086,1.157684630738523,-0.6529850746268628,3.99760443180117,3618522.7666666666,Utilities,Electric Utilities,NYSE:D,US,239075799.19366664,2.5291230442446486,9.059611963161675,2.5361873864610445,1.0,2.5291230442446486,0.27854180862610933,stable_or_general,False,0.35,2.8791230442446487,reject_valuation
GPK,Graphic Packaging Holding Company,10.52,3114672794.485981,16.130021465808035,0.9624524606121819,6.01177564301209,1.65423150714133,189000000.0,,5667000000.0,0.023161551823972205,-63.670411985018724,-63.07326463594156,4.11214953271028,4468510.766666667,Process Industries,Containers/Packaging,NYSE:GPK,US,47008733.26533333,2.6830710964001283,5.966839304289592,2.7032773371677834,1.0,2.6830710964001283,0.7474719848324929,cyclical,True,0.2,2.8830710964001285,reject_valuation
RLX,RLX Technology Inc.,1.7908,2166431456.0,16.33941605839416,0.9533950190061438,6.20382000801809,5.72053171140296,,,35966192.1183718,59.2318014966983,39.985876207772215,41.78525226390687,6.51685393258427,2836632.566666667,Producer Manufacturing,Industrial Conglomerates,NYSE:RLX,US,5079841.600386667,2.6337669431537956,5.834939361350981,2.8002717845916134,1.0,2.6337669431537956,5.946024323567601,cyclical,False,0.25,2.8837669431537956,reject_valuation
MNDY,monday.com Ltd.,90.74,3835953404.9123597,38.68354862088076,6.207296617659533,13.393851917298703,6.765721046136319,316568840.0,,237488000.0,24.21099032936278,203.26937989354005,216.47328656233134,0.0,1450659.0,Technology Services,Packaged Software,NASDAQ:MNDY,US,131632797.66,2.888157108181806,16.046347449905188,2.410738564751028,1.0,2.888157108181806,19.80382901785469,technology_strict,True,0.0,2.888157108181806,reject_valuation
SANM,Sanmina Corporation,198.56,10642290919.449333,35.5351933711545,4.157614112436493,12.698264207488203,4.11893467829742,594148000.0,,2432903000.0,58.561151972887735,18.872488503441236,19.620226066107215,0.0,749731.4333333333,Electronic Technology,Electronic Production Equipment,NASDAQ:SANM,US,148866673.40266666,2.7984292018588883,11.699990116872176,3.037198580186008,1.0,2.7984292018588883,7.861500393316289,technology_strict,True,0.1,2.8984292018588884,reject_valuation
PLXS,Plexus Corp.,247.74,6602791357.365721,36.54629137900513,4.323108282397704,12.579596497363998,5.50249805986737,61871000.0,,306962000.0,14.200248486461064,13.976161350406018,15.340638399237735,0.0,286014.9,Electronic Technology,Electronic Production Equipment,NASDAQ:PLXS,US,70857331.326,2.9052037866765645,11.829129904221181,3.089516445834594,1.0,2.9052037866765645,5.965744555479768,technology_strict,True,0.0,2.9052037866765645,reject_valuation
DTM,"DT Midstream, Inc.",127.8,13037555134.255714,28.030003947887877,2.7280924357980374,9.90266610241219,4.64124559924629,531000000.0,,3373000000.0,18.12443642921551,24.46808510638298,22.56781096266029,2.64426815990045,978268.7666666667,Industrial Services,Oil & Gas Pipelines,NYSE:DTM,US,125022748.38000001,2.8305512533700443,9.732757943487929,2.8799651764320733,1.0,2.8305512533700443,1.7157819638377259,cyclical,True,0.1,2.9305512533700444,reject_valuation
RPRX,Royalty Pharma plc,63.83,36705527885.33171,33.97923875432526,4.164054483029015,12.3634276278808,4.27231676482026,3011448000.0,,8961892000.0,9.993311941957025,-20.158704650214794,-18.219416630387464,1.44802755165936,2618270.9,Health Technology,Pharmaceuticals: Major,NASDAQ:RPRX,US,167124231.547,2.7483671823903095,12.254702093639363,2.772751103591635,1.0,2.7483671823903095,0.8794125505798167,health_special,True,0.2,2.9483671823903097,reject_valuation
TR,"Tootsie Roll Industries, Inc.",38.82,2921019575.4695883,30.523667243277245,3.0558074510692963,10.3455357796027,7.7890848531111505,80156000.0,,13286000.0,1.6451568723204986,4.950799846077731,5.4473095099908875,0.907574619585,138210.93333333332,Consumer Non-Durables,Food: Specialty/Candy,NYSE:TR,US,5365348.431999999,2.9504191850032386,10.011272324239904,3.048929871717851,1.0,2.9504191850032386,3.230992212330186,stable_or_general,True,0.0,2.9504191850032386,reject_valuation
KNF,Knife Riv Holding Co.,61.96,3517061570.41558,25.245487511714135,2.190103531524271,9.12016772062648,3.58183833963822,43061000.0,,1668645000.0,12.130359359166945,-8.766642530512666,-8.74172677920726,0.0,854281.3666666667,Non-Energy Minerals,Construction Materials,NYSE:KNF,US,52931273.47866667,2.768094654072873,8.675227723402223,2.9100662618471804,1.0,2.768094654072873,4.878638319534012,cyclical,True,0.2,2.968094654072873,reject_valuation
GEF,Greif Inc.,85.31,4422994789.592685,22.050195145907107,1.6159850490601393,8.65295748613678,3.61274348235029,-228100000.0,,1233600000.0,-24.384525205158265,41.67717528373266,42.05617771250229,2.70524582451188,286492.1666666667,Process Industries,Containers/Packaging,NYSE:GEF,US,24440646.738333337,2.5482842347526304,7.3286655214028515,3.0087599279174446,1.0,2.5482842347526304,15.304500996978476,cyclical,False,0.43000000000000005,2.9782842347526306,reject_valuation
ETR,Entergy Corporation,107.45,50139554133.662544,27.47379186908719,2.750520026192016,10.4216056103993,2.46642148422509,-3298529000.0,,34627322000.0,10.190351812859035,2.845255427368297,-2.653325368379127,2.3752087585823,2284394.7333333334,Utilities,Electric Utilities,NYSE:ETR,US,245458214.0966667,2.6362340791012278,10.011432128838505,2.744241934173169,1.0,2.6362340791012278,3.935799308616128,stable_or_general,False,0.35,2.986234079101228,reject_valuation
DIS,Walt Disney Company (The),106.3,183546822642.15564,21.925663132709044,1.6713229440880368,7.8475387472225595,4.2855149594371,8293000000.0,,46041000000.0,5.31174639598007,-25.54757163881915,-23.99034240561896,1.39977603583427,9515913.1,Consumer Services,Movies/Entertainment,NYSE:DIS,US,1011541562.53,2.7939541095568448,7.622679113384404,2.876372310387632,1.0,2.7939541095568448,2.8653523235898537,stable_or_general,True,0.2,2.993954109556845,reject_valuation
TFII,TFI International Inc.,132.89,10922631748.720798,33.52768237605984,3.9978940265146754,12.3281664656343,4.53778564232187,641880293.12,,3045238323.6,-6.6539449767540475,-12.412248163287023,-10.131880696177594,1.41567085152838,291718.6,Transportation,Trucking,NYSE:TFII,US,38766484.75399999,2.719600069444293,11.924158615178655,2.8117440783940384,1.0,2.719600069444293,3.2771122257461927,stable_or_general,True,0.28,2.999600069444293,reject_valuation
ENPH,"Enphase Energy, Inc.",35.92,4746635578.212063,35.59607571102963,4.015907106433836,12.9964368018393,4.39563611175248,152627000.0,,613365000.0,-10.407243480847006,-23.285099368074,-20.50575074838506,0.0,4364911.866666666,Producer Manufacturing,Electrical Products,NASDAQ:ENPH,US,156787634.25066665,2.7389103839593902,11.281881573224902,3.1551541717570575,1.0,2.7389103839593902,13.192502335499734,cyclical,True,0.28,3.0189103839593905,reject_valuation
HIW,"Highwoods Properties, Inc.",30.985,3417838046.6452756,20.73129934430617,1.4452916191277592,7.08170106766496,2.69219676175357,216072000.0,,3534516000.0,3.2971161744464594,30.754740383571853,27.63450042698547,6.44953240890036,1158604.6666666667,Finance,Real Estate Investment Trusts,NYSE:HIW,US,35899365.59666667,2.927446265554086,6.971543824264479,2.973702793368496,1.0,2.927446265554086,1.5555195333428862,financial_special,True,0.1,3.027446265554086,reject_valuation
JD,"JD.com, Inc.",28.135,32848577062.11874,18.97551763674378,1.2249902362160843,6.68379061671734,2.08072589205535,4649719970.0,,15519792495.652401,7.229248619348246,-60.085093456162916,-58.131194758986815,3.53280461427541,8262106.9,Retail Trade,Internet Retail,NASDAQ:JD,US,232454377.63150004,2.83903532065811,6.455635412253733,2.939372567528441,1.0,2.83903532065811,3.4135600222566898,hybrid_platform,True,0.2,3.03903532065811,reject_valuation
NTCT,"NetScout Systems, Inc.",37.58,2732340843.083733,22.91742895475058,1.6428400936917213,7.54039385468335,5.41798783599179,261031000.0,,39980000.0,5.785034874068857,66.3277224321539,63.881670997401564,0.0,570585.6666666666,Technology Services,Packaged Software,NASDAQ:NTCT,US,21442609.35333333,3.0392880526415116,7.168518322606931,3.196954785269537,1.0,3.0392880526415116,4.931778621158456,technology_strict,True,0.0,3.0392880526415116,reject_valuation
RTX,RTX Corporation,200.76,270575938494.56015,35.351294241944004,4.0763509714633095,12.0178606095904,4.53693958857967,11407000000.0,,38856000000.0,11.843443103386404,25.903026358607224,24.774794568704138,1.39514174046406,4535044.766666671,Electronic Technology,Aerospace & Defense,NYSE:RTX,US,910455587.3560009,2.9415630111180717,11.530980856216445,3.0657664497713424,1.0,2.9415630111180717,4.051301385418126,technology_strict,True,0.1,3.041563011118072,reject_valuation
HQY,"HealthEquity, Inc.",96.605,7990710867.023131,34.89056631031494,4.024613025989906,11.4344120713709,7.072145640255501,487725000.0,,971016000.0,7.331148812225753,62.1632370386116,67.61305163750833,0.0,794280.2333333333,Finance,Investment Managers,NASDAQ:HQY,US,76731441.94116667,3.051365132945731,11.534960453766214,3.0247668771957525,1.0,3.051365132945731,0.8793489491870421,financial_special,True,0.0,3.051365132945731,reject_valuation
FCPT,"Four Corners Property Trust, Inc.",24.98,2741715072.562023,22.647325475974615,1.6921069780107378,7.64774776401633,4.116087110457,194791000.0,,1259818000.0,9.645189572187729,12.042102478339334,2.47120029728725,5.83902047370534,712674.1666666666,Finance,Real Estate Investment Trusts,NYSE:FCPT,US,17802600.683333334,2.961306540800586,7.4715532295670295,3.0311402167828776,1.0,2.961306540800586,2.303874812377038,financial_special,True,0.1,3.061306540800586,reject_valuation
GRAB,Grab Holdings Limited,3.41,13908497196.192984,24.620938628158843,2.055640956084034,9.07982937233394,4.84749898332656,-19000000.0,,2033000000.0,21.451822916666664,432.1428571428571,422.64150943396237,0.0,40253650.666666664,Transportation,Air Freight/Couriers,NASDAQ:GRAB,US,137264948.77333334,2.711608073074408,8.349157548904362,2.9489129273156167,1.0,2.711608073074408,8.047197733207623,stable_or_general,False,0.35,3.061608073074408,reject_valuation
DLB,Dolby Laboratories,61.16,5728783271.664729,25.935035196336187,2.216857687595601,8.71872759373049,7.1207346028077,392673000.0,,47450000.0,0.5525973486018388,-14.410268830225226,-13.355623323657998,2.32558139534884,958931.7,Technology Services,Packaged Software,NYSE:DLB,US,58648262.77199999,2.974635337269362,8.547733484120252,3.034141769220764,1.0,2.974635337269362,1.9612278027036467,technology_strict,True,0.1,3.074635337269362,reject_valuation
SRUUF,Sprott Physical Uranium Trust,19.99,6924785887.05588,17.235135880811146,0.9778122800778384,6.09378879684689,6.0347072353788,-141836407.67999998,,0.0,135.1394119471193,,,0.0,618354.4666666667,Miscellaneous,Investment Trusts/Mutual Funds,OTC:SRUUF,US,12360905.788666666,2.8283119837906305,5.673365657456128,3.0379032344160914,1.0,2.8283119837906305,6.899207593284185,stable_or_general,False,0.25,3.0783119837906305,reject_valuation
WTRG,"Essential Utilities, Inc.",41.93,11898836183.263433,21.41689651649811,1.6953819542299435,8.07761686209617,2.88272069565593,-511538000.0,,8523253000.000001,9.859159146187341,-14.076618254402087,-16.251015955854044,3.31597802722713,2021102.8,Utilities,Water Utilities,NYSE:WTRG,US,84744840.404,2.6513880123475366,7.916095373220567,2.7054874286822677,1.0,2.6513880123475366,1.999618100649636,stable_or_general,False,0.44999999999999996,3.1013880123475364,reject_valuation
ENB,Enbridge Inc,49.92,109029540851.05309,27.241295009255055,2.645870486471444,9.36871640786868,2.76464841767083,1662848000.0,,78940928000.0,23.560690602325852,-11.410812136905717,-12.286920837801109,5.52725968436155,5121173.033333333,Industrial Services,Oil & Gas Pipelines,NYSE:ENB,US,255648957.824,2.9076870110376483,9.712719184504726,2.804703244454416,1.0,2.9076870110376483,3.6718239901799343,cyclical,True,0.2,3.1076870110376484,reject_valuation
ADM,Archer-Daniels-Midland Company,83.65,40315918786.30422,22.897733493923138,1.7104016959660284,7.695150316283721,3.35471887645348,1677000000.0,,9342000000.0,-0.7921557262232527,61.055505004549595,60.792253521126774,2.45318795923205,3848886.533333333,Process Industries,Agricultural Commodities/Milling,NYSE:ADM,US,321959358.5133333,2.975605745539396,7.46974234991404,3.0653980313238836,1.0,2.975605745539396,2.929221095170742,cyclical,True,0.18,3.155605745539396,reject_valuation
CXW,"CoreCivic, Inc.",33.935,3355950691.6290855,27.03768624014023,2.3329774457076584,8.77233232133371,3.91895817195972,57315000.0,,1347020000.0,24.34834452402156,22.949811106731907,32.31077377187435,0.0,1488088.1,Commercial Services,Miscellaneous Commercial Services,NYSE:CXW,US,50498269.67350001,3.082154807836729,8.628613502601096,3.1334914041508193,1.0,3.082154807836729,1.638319359870799,financial_special,True,0.1,3.182154807836729,reject_valuation
SAIA,"Saia, Inc.",347.42,9267306904.506985,33.5072575589526,3.3898308392255982,10.7670168982714,7.73983437393755,255227000.0,,269191000.0,4.8387929209501985,-4.167528581082013,-4.220629260812543,0.0,485213.5333333333,Transportation,Trucking,NASDAQ:SAIA,US,168572885.75066668,3.112027953102967,10.116706308361813,3.3120717887458766,1.0,3.112027953102967,6.0398399673171514,stable_or_general,True,0.1,3.212027953102967,reject_valuation
TDY,Teledyne Technologies Incorporated,608.99,28230139812.02295,29.42236522982675,2.5855094885298504,9.15502878555932,6.409868620050239,1142100000.0,,2027000000.0,7.701017338696049,13.480791618160652,14.031501875898703,0.0,285611.4,Electronic Technology,Aerospace & Defense,NYSE:TDY,US,173934486.48600003,3.213792760131579,8.787565066009055,3.348181778321575,1.0,3.213792760131579,4.013790979334586,technology_strict,True,0.0,3.213792760131579,reject_valuation
REG,Regency Centers Corporation,75.975,13912583027.700869,25.63778092731322,2.0874001805096305,8.20736757205492,4.30244885240697,416139000.0,,5489077000.0,8.360279050245351,37.81674819231131,38.2053912881261,3.91201264488936,1228409.6666666667,Finance,Real Estate Investment Trusts,NASDAQ:REG,US,93328424.425,3.1237520072339295,8.141891010098373,3.1488730192426697,1.0,3.1237520072339295,0.797777867040883,financial_special,True,0.1,3.2237520072339296,reject_valuation
WPC,W. P. Carey Inc. REIT,70.53,16067923727.78227,24.155764093431056,1.8526880525655909,7.71139465328095,3.5542217186059597,1011692000.0,,8949043000.0,8.955207540766448,93.88739147915953,91.85228990078191,5.2654048669418,1160436.3333333333,Finance,Real Estate Investment Trusts,NYSE:WPC,US,81845574.58999999,3.1324767022724687,7.66975553081102,3.149482926332172,1.0,3.1324767022724687,0.5399687649524365,financial_special,True,0.1,3.2324767022724687,reject_valuation
VVX,"V2X, Inc.",76.215,2388986509.4175873,26.251162470292424,2.105843394216702,8.34915387199067,2.89566446370985,129252000.00000001,,1064087000.0,12.988902454529786,30.130911563854806,30.814634585924143,0.0,602730.6,Commercial Services,Miscellaneous Commercial Services,NYSE:VVX,US,45937112.679,3.1441704001118644,8.021905302669227,3.2724348493066295,1.0,3.1441704001118644,3.919541720500319,financial_special,True,0.1,3.2441704001118645,reject_valuation
HOG,"Harley-Davidson, Inc.",27.85,2898419404.808457,17.225383473527955,0.9375582817872655,6.316668835677549,2.10032902663774,-133068000.00000001,,2307103000.0,-5.24682480778775,-16.546688520809482,-16.254014296073763,2.65630646910011,1915011.6666666667,Consumer Durables,Motor Vehicles,NYSE:HOG,US,53333074.91666667,2.72697270058488,5.442887719905389,3.16475083815019,1.0,2.72697270058488,13.832941673891563,cyclical,False,0.53,3.25697270058488,reject_valuation
WAB,Westinghouse Air Brake Technologies Corporation,281.035,47469856463.13774,37.848812153207994,4.237829331445799,11.501249148308,5.81814839495393,1714000000.0,,6936000000.0,13.425487597046015,9.800520381613183,10.817264640916962,0.420183028878681,879986.8,Producer Manufacturing,Trucks/Construction/Farm Machinery,NYSE:WAB,US,247307090.33800003,3.290843600129826,11.196730069867224,3.380345146934209,1.0,3.290843600129826,2.6477043885757,cyclical,True,0.0,3.290843600129826,reject_valuation
IR,Ingersoll Rand Inc.,75.9,29449158903.270557,31.274465367341058,2.8935780865786014,9.46576789080465,5.29111912879415,1219300000.0,,4832800000.0,7.847317463981642,83.52468427095293,89.48313554028732,0.106100795755968,3665814.9,Producer Manufacturing,Industrial Machinery,NYSE:IR,US,278235350.91,3.30395438892201,9.252206400945463,3.3802170003627667,1.0,3.30395438892201,2.2561454318634544,cyclical,True,0.0,3.30395438892201,reject_valuation
DSGX,The Descartes Systems Group Inc.,77.595,6649179876.310683,38.01440981042692,4.08374246599802,11.5003124961036,9.76181233090315,285939987.088,,8138063.04129,13.322300462507597,22.054660460666607,21.920295320775192,0.0,540585.3,Technology Services,Packaged Software,NASDAQ:DSGX,US,41946716.3535,3.3055110305312585,10.742617040125388,3.538654470175846,1.0,3.3055110305312585,6.5884771064692815,technology_strict,True,0.0,3.3055110305312585,reject_valuation
EMA,Emera Incorporated,50.17,15412224069.48954,22.46027436901716,1.689993923055378,7.55704112774306,2.33479632269579,-818752000.0,,15570368000.0,6.226857648747712,4.927806241266902,3.212143678213384,4.22738421584187,547865.4333333333,Utilities,Electric Utilities,NYSE:EMA,US,27486408.790333334,2.9720989987155213,7.524369004978146,2.985004371018669,1.0,2.9720989987155213,0.43234014758724015,stable_or_general,False,0.35,3.3220989987155214,reject_valuation
FANUY,Fanuc Corporation,19.05,34168720286.32311,30.602409638554214,3.053266273668824,9.88907049348572,8.88409993574881,,,49487771.1121366,8.282470549142646,10.984629161838384,11.240171551107947,1.30667961584116,441154.73333333334,Producer Manufacturing,Industrial Machinery,OTC:FANUY,US,8403997.67,3.094568863546185,9.977208689547734,3.0672315865873125,1.0,3.094568863546185,0.8912687610030945,cyclical,False,0.25,3.344568863546185,reject_valuation
ESAB,ESAB Corporation,75.0,4662585449.799196,27.016317855985015,1.9693387091903787,8.57984628207602,3.5960612548970103,196607000.0,,2539497000.0,9.654896574899643,-32.956159954911406,-33.636928667049155,0.562248995983936,703435.3666666667,Producer Manufacturing,Industrial Machinery,NYSE:ESAB,US,52757652.5,3.148811408477591,7.289441587444547,3.7062259889040554,1.0,3.148811408477591,15.039951209000446,cyclical,True,0.2,3.3488114084775913,reject_valuation
AVNT,Avient Corporation,42.83,3928348032.549056,23.17515285969374,1.6120266294905647,7.090423757090421,2.80109737108773,186900000.0,,1875800000.0,2.356519601818852,42.97729184188393,43.06394178665428,2.55185271498485,814411.5333333333,Process Industries,Chemicals: Major Diversified,NYSE:AVNT,US,34881245.972666666,3.268514499788337,6.955840331453451,3.3317545767832772,1.0,3.268514499788337,1.8981013018070758,cyclical,True,0.1,3.368514499788337,reject_valuation
CWT,California Water Service Group,50.18,3103085957.5610523,22.596478587832667,1.716806329671292,7.69511818592213,2.34637173595559,-235730000.0,,1677538000.0,6.429591646184218,-1.9317127755120072,-3.0262008733624515,2.58262418365328,523783.06666666665,Utilities,Water Utilities,NYSE:CWT,US,26283434.28533333,2.9364693357370264,7.597672013354002,2.974131885150623,1.0,2.9364693357370264,1.2663375690109668,stable_or_general,False,0.44999999999999996,3.3864693357370266,reject_valuation
RDY,Dr. Reddy's Laboratories Ltd,12.02,10181152435.78125,27.01123595505618,2.471826930986263,9.13130892813275,6.11914699623024,,,760119904.393413,-6.764131820270561,-44.22760787096634,-44.326285499812336,0.53453034081463,2537794.3,Health Technology,Pharmaceuticals: Major,NYSE:RDY,US,30504287.485999998,2.958090254929057,9.151106358476598,2.9516907461179143,1.0,2.958090254929057,0.21680824183765157,health_special,False,0.43000000000000005,3.388090254929057,reject_valuation
ABT,Abbott Laboratories,108.595,187910976129.5084,35.10084685500033,3.6766000379187997,10.6319154167691,5.59483267258066,7824000000.0,,32608000000.0,8.063281449349324,-61.21277359167564,-61.310089540293134,2.27962128872139,7941842.966666667,Health Technology,Medical Specialties,NYSE:ABT,US,862444436.9651667,3.301460318207367,10.47439126784215,3.3511109101647607,1.0,3.301460318207367,1.4816158965909154,health_special,True,0.1,3.4014603182073673,reject_valuation
FE,FirstEnergy Corp.,47.13,27271301544.839287,25.15075510966434,2.108334295123856,8.41541921973164,1.92972939324684,-1964000000.0,,28983000000.0,12.633451957295375,-17.04892966360856,-17.27806471549022,3.86904761904762,4271154.366666666,Utilities,Electric Utilities,NYSE:FE,US,201299505.301,2.988651480450711,8.382787259988529,3.0002855052412194,1.0,2.988651480450711,0.38776392347277255,stable_or_general,False,0.44999999999999996,3.4386514804507113,reject_valuation
PRIM,Primoris Services Corporation,73.55,3959367585.9552927,28.94415804179292,2.4647346899930094,8.8903704368773,3.04347475411566,87978000.0,,1279100000.0,5.122456569397684,-42.05825839036193,-42.291009015965294,0.434841690447072,1164626.9666666666,Industrial Services,Engineering & Construction,NYSE:PRIM,US,85658313.39833333,3.255675142818843,8.515482421130166,3.39900390962835,1.0,3.255675142818843,4.216787347713835,cyclical,True,0.2,3.4556751428188432,reject_valuation
ARMK,Aramark,57.22,15084623924.506285,39.90793695076022,4.4431571729965995,11.8211510145273,2.80954148042666,432805000.0,,6467897000.0,11.023809968703395,5.8728056471837355,6.0659860926172575,0.837988826815642,2449692.3666666667,Consumer Services,Restaurants,NYSE:ARMK,US,140171397.22066668,3.375977254813544,11.133517571902349,3.5844859176830015,1.0,3.375977254813544,5.816975367118671,stable_or_general,True,0.1,3.475977254813544,reject_valuation
BG,Bunge Limited,118.0,22670057311.90476,22.88196397060249,1.4209615430004638,7.52720226561336,2.59187025251488,-709000000.0,,16857000000.0,80.49777847678213,-26.705370101596515,-48.493323079074315,2.36430236430236,1471296.6,Process Industries,Agricultural Commodities/Milling,NYSE:BG,US,173612998.8,3.039902896609347,6.209963204321265,3.6847181243650287,1.0,3.039902896609347,17.499716558829036,cyclical,False,0.44999999999999996,3.4899028966093466,reject_valuation
ACMR,"ACM Research, Inc.",72.75,5066978786.495247,34.55728671860156,2.7237214233887364,10.554963036657,5.524188203133951,-118738000.0,,349319000.0,27.30805749994478,33.98469551567907,27.72721757068316,0.0,952743.8000000012,Producer Manufacturing,Industrial Machinery,NASDAQ:ACMR,US,69312111.45000009,3.274031997893822,7.881757169096862,4.384464780784579,1.0,3.274031997893822,25.32652988244668,cyclical,False,0.25,3.524031997893822,reject_valuation
SWK,"Stanley Black & Decker, Inc.",96.795,14617656378.964354,23.602204286654803,1.6316165637863551,6.8861046066430704,2.91409638356177,1289100000.0,,4757900000.0,0.5678820177289995,29.730294794062306,30.0409043345911,3.44041450777202,1908159.6,Consumer Durables,Tools & Hardware,NYSE:SWK,US,184700308.48200002,3.427511726134047,6.912983821214133,3.4141848002342825,1.0,3.427511726134047,0.39033991068233576,stable_or_general,True,0.1,3.527511726134047,reject_valuation
MDU,"MDU Resources Group, Inc.",19.75,4154401675.0380135,20.769797034388475,1.4193755178923964,6.89082859236174,2.66025541972293,-386131000.0,,2577157000.0,-29.92758519698243,-8.764149192800149,-9.593078532040321,2.83831728332489,1475801.4666666684,Utilities,Gas Distributors,NYSE:MDU,US,29147078.966666702,3.01412185138535,6.833843949184201,3.0392553866946135,1.0,3.01412185138535,0.8269635852022894,cyclical,False,0.53,3.5441218513853503,reject_valuation
VCYT,"Veracyte, Inc.",44.06,3542015498.6026416,31.26152972896268,2.550292450127196,8.77445908348854,8.08932792080467,165988000.0,,40107000.0,17.275305815344094,334.71805581925196,323.6248872858431,0.0,1355818.8666666667,Health Technology,Medical Specialties,NASDAQ:VCYT,US,59737379.26533334,3.562787111035653,8.15792596279907,3.8320438149988463,1.0,3.562787111035653,7.026451600300254,health_special,True,0.0,3.562787111035653,reject_valuation
PPLC,PPL Corporation Corporate,46.72,26421848380.0,27.750059396531242,2.3363691463251195,8.62568613412431,2.8534692772715,-1992000000.0,,20323000000.0,6.734044969339087,28.29614604462475,26.567433468651323,3.1757334092851,224530.3,Utilities,Electric Utilities,NYSE:PPLC,US,10490055.615999999,3.2171422615006224,8.419330254180162,3.295993690561486,1.0,3.2171422615006224,2.392341626340644,stable_or_general,False,0.35,3.5671422615006225,reject_valuation
GEF.B,"Greif, Inc. Corporation",105.57,4323994374.623583,27.286825712734885,1.9997601878944893,8.65295748613678,3.61274348235029,-228100000.0,,1233600000.0,-24.384525205158265,41.67717528373266,42.05617771250229,3.19643188998327,74424.2,Process Industries,Containers/Packaging,NYSE:GEF.B,US,7856962.793999999,3.153468135773475,7.328665521402851,3.723300733680045,1.0,3.153468135773475,15.304500996978499,cyclical,False,0.43000000000000005,3.583468135773475,reject_valuation
BILI,Bilibili Inc.,15.85,6387631156.931171,33.027714107105645,2.82170056861272,10.1169771389869,3.7500311596667704,,,1402170837.38615,10.339378515698437,618.9768773152393,593.4971098265896,0.0,2633499.9,Technology Services,Packaged Software,NASDAQ:BILI,US,41740973.415,3.2645832498553014,8.543432825723938,3.8658598693092667,1.0,3.2645832498553014,15.553502707830912,technology_strict,False,0.35,3.6145832498553014,reject_valuation
AS,"Amer Sports, Inc.",28.59,16532790595.534197,29.880852842809364,2.4078871569245073,8.83206310463829,5.67803347171635,,,1101600000.0,30.49086537617802,143.92857142857142,132.23300970873785,0.0,6482539.666666667,Consumer Durables,Recreational Products,NYSE:AS,US,185335809.07000002,3.3832245635922806,8.058294619606047,3.7080864194402188,1.0,3.3832245635922806,8.760903040037027,stable_or_general,False,0.25,3.6332245635922806,reject_valuation
FTS,Fortis Inc.,55.48,28344731548.59553,23.146479332046344,1.7007011587466785,7.41982298714306,2.39520167862068,-1272128000.0,,25574208000.0,-0.4713201096905031,-2.157907593068888,-4.048210703254894,3.34334595794698,763104.3666666667,Utilities,Electric Utilities,NYSE:FTS,US,42337030.262666665,3.119546028544638,7.3475587122748935,3.150227203135872,1.0,3.119546028544638,0.9739352945937529,stable_or_general,False,0.53,3.6495460285446377,reject_valuation
VMRK,Vivmark Residential,65.17,50427184133.601295,28.602150537634408,2.3273237883417397,8.13405961315884,4.2386900292765,1207710000.0,,8261669000.0,4.217389854801212,-13.460483297726466,-12.81472411418075,4.29495073891626,4620210.833333333,Finance,Real Estate Investment Trusts,NYSE:VMRK,US,301099140.0083333,3.516343855086014,8.136883921645932,3.515123333828849,1.0,3.516343855086014,0.034722003789133815,financial_special,True,0.2,3.716343855086014,reject_valuation
UNM,Unum Group,96.415,15263149419.12996,22.498483222102955,1.4119881698486376,6.35079870760749,1.31023989677689,693000000.0,,3763800000.0,3.3443156711500444,-53.74234744256468,-48.71469602680708,1.95195195195195,1412586.3333333333,Finance,Multi-Line Insurance,NYSE:UNM,US,136194511.32833335,3.5426226303082933,6.275926052034799,3.5848866024813075,1.0,3.5426226303082933,1.1789486491360912,financial_special,True,0.2,3.7426226303082935,reject_valuation
CBZ,"CBIZ, Inc.",54.695,2967962791.2925696,25.606273408239698,1.5804669941161955,6.96594694879076,2.87422329078977,274259000.0,,1906261000.0,14.318042957475049,20.049323407532363,23.190495414960502,0.0,1795452.9,Commercial Services,Miscellaneous Commercial Services,NYSE:CBZ,US,98202296.36549999,3.675921392522917,6.172186670504058,4.148655051314017,1.0,3.675921392522917,11.39486539478305,financial_special,True,0.1,3.775921392522917,reject_valuation
BEN,"Franklin Templeton, Inc.",34.46,17508329724.408943,23.49331878920098,1.4898960747766994,6.33946061540132,2.20625857617973,240400000.0,,16710000000.0,8.38505001852538,180.2437223042836,181.2655800575264,3.90461997019374,3863671.7666666666,Finance,Investment Managers,NYSE:BEN,US,133142129.07933334,3.7058860705160694,6.341786310163851,3.704527027589801,1.0,3.7058860705160694,0.03668600380417608,financial_special,True,0.1,3.8058860705160695,reject_valuation
AVT,"Avnet, Inc.",92.435,7586415433.438284,23.1643444266239,1.510655979499466,6.66511992527804,2.41887295113763,-354497000.0,,3475815000.0,24.467317641553976,39.202887389318825,46.114976199194444,1.54151068046686,1176182.4,Distribution Services,Electronics Distributors,NASDAQ:AVT,US,108720420.144,3.475458009205676,6.5214708937033254,3.552012238372445,1.0,3.475458009205676,2.1552355124160982,stable_or_general,False,0.35,3.825458009205676,reject_valuation
POR,Portland General Electric Co,49.2,5786300706.137889,21.775692661768613,1.3816723964883055,6.44514106583072,1.9525907916730003,-189000000.0,,5211000000.0,2.9493087557603688,-12.585034013605442,-17.086238532110098,4.32428309945088,1052472.1666666667,Utilities,Electric Utilities,NYSE:POR,US,51781630.60000001,3.3786215754397806,6.345021570377393,3.431933590806284,1.0,3.3786215754397806,1.5534104596114373,stable_or_general,False,0.44999999999999996,3.8286215754397803,reject_valuation
HTO,H2O America,64.14,2684695300.0306687,22.6635101233172,1.455848566327362,6.462725306983081,2.07996935101355,-276001000.0,,1891491000.0,5.04173127417631,4.042880211677271,-7.276718432605995,2.69516728624535,367235.1,Utilities,Water Utilities,NASDAQ:HTO,US,23554459.314,3.5068038709348985,6.423755889558882,3.5280777341110166,1.0,3.5068038709348985,0.6029873710103661,stable_or_general,False,0.35,3.8568038709348986,reject_valuation
TPC,Tutor Perini Corporation,88.115,4632127860.058005,38.121917452626114,3.658261156212297,10.1090443010065,2.4221160743407,621333000.0,,464856000.0,24.701437647813908,,,0.309207512597343,530848.3666666667,Industrial Services,Engineering & Construction,NYSE:TPC,US,46775703.828833334,3.7710703719866507,9.59621498776497,3.9725993531023414,1.0,3.7710703719866507,5.072975228632348,cyclical,True,0.1,3.871070371986651,reject_valuation
AMH,American Homes 4 Rent,32.67,11755155938.13696,25.84038598433916,1.726798034399593,6.83372713456909,3.574466103474,783001000.0,,5149176000.0,4.152906235994093,12.293373851031602,13.757423070001803,3.85203301742586,1987638.9333333333,Finance,Real Estate Investment Trusts,NYSE:AMH,US,64936163.95200001,3.7813019857967394,6.6825551113908945,3.8668421814123715,1.0,3.7813019857967394,2.2121460251679714,financial_special,True,0.1,3.8813019857967395,reject_valuation
SRE,DBA Sempra,84.08,54979944645.74767,24.366070652331413,1.6817399207614072,7.08143180900935,2.12000669182296,-5243000000.0,,36664000000.0,0.8791208791208791,-15.985267034990791,-16.443895588164086,3.08028851838714,4087903.7,Utilities,Gas Distributors,NYSE:SRE,US,343710943.096,3.440839551873067,6.901974244257122,3.5303044882564607,1.0,3.440839551873067,2.534198868142923,cyclical,False,0.44999999999999996,3.890839551873067,reject_valuation
EPRT,"Essential Properties Realty Trust, Inc.",29.73,6482601573.847476,23.10561902541385,1.4585219035844905,6.5006137796164,3.88638467820744,-688555000.0,,2930618000.0,22.728158109610334,19.62829762995062,8.417593528816976,4.17508417508418,1420129.4333333333,Finance,Real Estate Investment Trusts,NYSE:EPRT,US,42220448.053,3.5543749880764812,6.312412153858607,3.6603470214298364,1.0,3.5543749880764812,2.895136246179175,financial_special,False,0.35,3.9043749880764813,reject_valuation
CP,Canadian Pacific Kansas City Limited,91.6,80523656494.66357,30.221033205657168,2.4612923620659513,8.33135839706991,4.43305705540462,1691712000.0,,17703488000.0,-0.7341781775654934,-11.371989065263643,-8.052163002709598,0.756215743903408,2437249.8666666667,Transportation,Railroads,NYSE:CP,US,223252087.78666666,3.627383646859524,8.144302497259472,3.710696307734939,1.0,3.627383646859524,2.2452028936388424,stable_or_general,True,0.28,3.9073836468595244,reject_valuation
ZBH,"Zimmer Biomet Holdings, Inc.",98.54,18795291245.603516,23.98033680521756,1.4877910243956056,6.415389937532061,3.53328413219484,1200100000.0,,7479000000.0,8.61778447241441,-2.0043731778425657,0.06331271611552519,0.97048119692681,2095109.3333333333,Health Technology,Medical Specialties,NYSE:ZBH,US,206452073.70666668,3.737939086901796,6.204212378167671,3.8651702010722957,1.0,3.737939086901796,3.291733806061181,health_special,True,0.2,3.937939086901796,reject_valuation
MMSI,"Merit Medical Systems, Inc.",88.235,5268549112.526138,36.369069700342116,3.136384656863843,9.18976012768273,5.34194303686557,203205000.0,,820121000.0,10.513459572331477,22.19629110385413,23.258649596098156,0.0,970498.1333333333,Health Technology,Medical Specialties,NASDAQ:MMSI,US,85631902.79466666,3.957564636620484,8.623769270717252,4.217305514403824,1.0,3.957564636620484,6.158929603184282,health_special,True,0.0,3.957564636620484,reject_valuation
PLD,"Prologis, Inc.",137.915,133367274718.10431,30.709196170118016,2.3978991194112553,7.90614593891072,4.23513191502141,4374869000.0,,37092485000.0,7.349967040742281,22.021344520368817,22.353902738046575,3.00686664257318,4093040.3333333335,Finance,Real Estate Investment Trusts,NYSE:PLD,US,564491657.5716666,3.8842182281230464,7.808407312675159,3.9328373816090094,1.0,3.8842182281230464,1.2362360496601998,financial_special,True,0.1,3.9842182281230465,reject_valuation
EE,"Excelerate Energy, Inc.",39.64,4495259541.549622,27.305917200523524,1.812778073251051,7.02911724472816,1.16185726358389,24095000.0,,1392424000.0,48.97386387913778,31.896216456469805,37.030394562960176,0.831234256926952,340447.63333333336,Utilities,Gas Distributors,NYSE:EE,US,13495344.185333334,3.884686547375913,6.638773786424195,4.11309649627799,1.0,3.884686547375913,5.553235843330418,cyclical,True,0.1,3.984686547375913,reject_valuation
EGP,"EastGroup Properties, Inc.",199.01,10701427569.510706,34.93180741078795,2.9927440881236134,8.73196738463645,5.6910663213745,444750000.0,,1668397000.0,10.800743783173083,28.86802343769817,22.85911453278988,3.12389781831007,433614.1666666667,Finance,Real Estate Investment Trusts,NYSE:EGP,US,86293555.30833334,4.000450971936642,8.567389751494416,4.077298736723723,1.0,4.000450971936642,1.8847715055784975,financial_special,True,0.0,4.000450971936642,reject_valuation
KWR,Quaker Houghton,159.54,2745316605.270754,28.41166099763147,1.9940503457091359,7.169322870317931,3.42046545867438,74588000.0,,923806000.0,7.785072522445345,,,1.2673860163413,154129.13333333333,Process Industries,Chemicals: Specialty,NYSE:KWR,US,24589761.932,3.962949013673243,7.018422280469169,4.0481549644989725,1.0,3.962949013673243,2.1048095137898293,cyclical,True,0.1,4.062949013673243,reject_valuation
NESR,National Energy Services Reunited Corp,34.295,3458711139.0217395,37.670254833040424,3.319157914297107,9.43773689973819,4.75929342452628,156334000.0,,299062000.0,23.54762862334463,27.84097909565075,20.168954593453,0.0,1972536.5,Industrial Services,Oilfield Services/Equipment,NASDAQ:NESR,US,67648139.2675,3.991449987770418,8.811084313095453,4.2753256573714875,1.0,3.991449987770418,6.639860734622937,cyclical,True,0.1,4.091449987770418,reject_valuation
STVN,Stevanato Group S.p.A.,20.36,5558355510.422591,35.39638386648122,3.138367155045511,9.2030651047295,5.45832077538204,-12251500.0,,506469323.70000005,14.729079490883013,7.4906625198755155,7.453764244348972,0.302809152872444,436522.1,Health Technology,Medical Specialties,NYSE:STVN,US,8887589.955999998,3.846151631404938,8.866349644313251,3.9922161076947775,1.0,3.846151631404938,3.6587317006288367,health_special,False,0.25,4.096151631404938,reject_valuation
BABA,Alibaba Group Holding Limited,112.68,272569996992.2374,26.54041831543245,1.7497864400247034,7.06711598318972,3.82554199299292,,,39279924543.873604,7.755226410640256,-49.19401722751949,-50.47707920214628,0.921205616671139,11577002.066666666,Retail Trade,Internet Retail,NYSE:BABA,US,1304496592.872,3.7554807899804015,6.592912060497763,4.0255987144819665,1.0,3.7554807899804015,6.710006229131194,hybrid_platform,False,0.44999999999999996,4.205480789980402,reject_valuation
CVS,CVS Health Corporation,97.01,124072908488.61572,25.610496581219145,1.5555291517002507,6.22608717795278,1.9097422238538102,11758000000.0,,76306000000.0,7.412592117247661,7.923195762524829,5.683276602868143,2.73662551440329,7349135.5,Retail Trade,Drugstore Chains,NYSE:CVS,US,712939634.855,4.113417600689655,6.073795354834945,4.216555725874487,1.0,4.113417600689655,2.4460277982794265,stable_or_general,True,0.1,4.213417600689654,reject_valuation
TKR,Timken Company (The),122.21,8468766175.930383,33.14798741456005,2.6548709093188116,8.22680150098582,3.79339418600389,385500000.0,,2203600000.0,5.454021842670743,-16.494512588766945,-16.14047857337822,1.17268147658766,944569.4333333333,Producer Manufacturing,Industrial Machinery,NYSE:TKR,US,115435830.44766666,4.029267925157537,8.009146607050646,4.138766468000357,1.0,4.029267925157537,2.645680631884606,cyclical,True,0.2,4.229267925157537,reject_valuation
STAG,"Stag Industrial, Inc.",37.81,7290083269.207427,28.997622517064194,2.0076728040249034,6.97783304524249,3.45223789190193,96353000.0,,3502145000.0,9.631351379615577,5.490035210063925,3.189300411522634,4.03183554376658,1605796.4333333333,Finance,Real Estate Investment Trusts,NYSE:STAG,US,60715163.14433334,4.155677318309424,6.923577278942267,4.18824277519933,1.0,4.155677318309424,0.7775446323871837,financial_special,True,0.1,4.255677318309424,reject_valuation
RHI,Robert Half Inc.,42.025,4301755976.117441,36.57528285465622,3.562062529560245,9.11105316487648,4.03395367349682,215061000.0,,240809000.0,-4.949267609811842,-35.538220477482184,-34.369109499057515,5.48837209302326,2025201.4333333333,Commercial Services,Personnel Services,NYSE:RHI,US,85109090.23583333,4.014385844619542,9.738988331861325,3.755552590098023,1.0,4.014385844619542,6.892015177845323,financial_special,True,0.28,4.294385844619542,reject_valuation
MGA,"Magna International, Inc.",67.76,17987186227.64336,25.309632122853614,1.5424887129890852,6.23545772305226,2.34533074038702,3408116954.8799996,,6461237200.0,-2.632279118509799,-39.95407405637078,-38.186016586009615,2.94355128066573,1254952.8666666667,Producer Manufacturing,Auto Parts: OEM,NYSE:MGA,US,85035606.24533334,4.058985442124774,6.094473066624614,4.152882758881597,1.0,4.058985442124774,2.2610153526729904,cyclical,True,0.28,4.338985442124774,reject_valuation
ESLOY,EssilorLuxottica,86.58,82330730191.54774,27.74021979430329,1.7749455912959193,6.51977772460097,3.9558502859714504,4931091050.0,,17510782800.0,15.297427148600784,12.326204582807392,11.300905784180888,1.90113661940131,146293.16666666666,Health Technology,Medical Specialties,OTC:ESLOY,US,12666062.37,4.254779988837898,6.398455399623116,4.335455678246543,1.0,4.254779988837898,1.8608352938179307,health_special,True,0.1,4.3547799888378975,reject_valuation
AKAM,"Akamai Technologies, Inc.",104.96,15084495780.801502,37.862991955557156,3.1739081526136963,8.91848709177764,3.20946615433185,629879000.0,,9338986000.0,5.867457082604033,-3.2114856064870314,-1.7160078000354546,0.0,3231679.2333333334,Technology Services,Data Processing Services,NASDAQ:AKAM,US,339197052.33066666,4.245450104476215,8.382613176315195,4.516848285751492,1.0,4.245450104476215,6.008574211611428,technology_strict,True,0.2,4.445450104476215,reject_valuation
ACLS,"Axcelis Technologies, Inc.",113.095,3492542063.0821776,38.0304660703477,3.276804270522437,8.88687120606991,6.84700426960024,65552000.00000001,,69809000.0,-3.3496710144539374,-41.45387318833721,-39.19977101265563,0.0,359380.23333333334,Producer Manufacturing,Industrial Machinery,NASDAQ:ACLS,US,40644107.48883333,4.279398810727912,8.616261143003337,4.413801466687159,1.0,4.279398810727912,3.0450544043188366,cyclical,True,0.18,4.459398810727912,reject_valuation
HLIO,"Helios Technologies, Inc.",73.14,2410005206.3747053,34.051864611946556,2.545207534983554,7.67741935483871,4.60987184039771,106900000.0,,350600000.0,13.976982097186703,104.58452722063036,104.95229007633586,0.582443489113854,290305.5,Producer Manufacturing,Industrial Machinery,NYSE:HLIO,US,21232944.27,4.435326903236736,7.474502685795973,4.555736487546705,1.0,4.435326903236736,2.643032243833976,cyclical,True,0.1,4.535326903236736,reject_valuation
BEKE,KE Holdings Inc,17.875,20188666581.39197,29.482104568695366,2.053632257938509,7.1052770742135,4.04280701348138,,,2120464084.6523397,-11.193299784179805,26.580350088958703,31.375947995666287,1.26186487995533,3600988.1333333333,Finance,Real Estate Development,NYSE:BEKE,US,64367662.88333333,4.149325108755003,6.965690841891569,4.232473883479065,1.0,4.149325108755003,1.964543125679341,financial_special,False,0.43000000000000005,4.579325108755003,reject_valuation
CPT,Camden Property Trust,105.29,14239351210.356157,34.84693033261625,2.8397513403793546,7.759574969465201,3.5045766627961905,322319000.0,,4873028000.0,0.7216309547938553,109.11835942770136,110.85136078157711,3.99621212121212,893136.7666666667,Finance,Real Estate Investment Trusts,NYSE:CPT,US,94038370.16233334,4.490829777370904,8.149215191334617,4.276108743535251,1.0,4.490829777370904,5.021411912413942,financial_special,True,0.1,4.590829777370904,reject_valuation
NWSA,News Corporation,30.57,17213291979.428986,29.75761705441448,1.9484368526721692,6.6242774566474,3.69105900541098,805000000.0,,2915000000.0,1.063472517631255,23.49137931034483,26.23494716146475,0.646307965745678,3735742.7333333334,Consumer Services,Publishing: Newspapers,NASDAQ:NWSA,US,114201655.35800001,4.492205715893284,6.547691131011186,4.544749661980298,1.0,4.492205715893284,1.1561461025362152,stable_or_general,True,0.1,4.592205715893284,reject_valuation
RBA,"RB Global, Inc.",82.56,15284813621.150177,36.40879455843753,2.7479327078569855,8.01608441672605,3.8978631900086094,595137509.12,,4510381040.0,4.098994309289951,9.678898111339182,8.982224948666111,1.5187283186612,1969810.6,Technology Services,Internet Software/Services,NYSE:RBA,US,162627563.136,4.541967457636592,7.547442152874485,4.823991204036064,1.0,4.541967457636592,5.84627405961089,technology_strict,True,0.1,4.641967457636592,reject_valuation
ZGN,Ermenegildo Zegna N.V.,12.58,5325031097.302766,36.665695132614395,2.85124997166882,8.24431111224324,2.7252586917741,351602720.0,,1317072453.61113,10.776035816024683,-11.223370298283704,-15.304862996790916,1.08142292490119,957316.8,Consumer Non-Durables,Apparel/Footwear,NYSE:ZGN,US,12043045.344,4.447393436931788,7.776342331316155,4.715030996636781,1.0,4.447393436931788,5.676262995850889,stable_or_general,True,0.2,4.647393436931788,reject_valuation
ITGR,Integer Holdings Corporation,126.155,4288266608.364861,34.392464763774164,2.494992906906535,7.503580939757811,3.7794214524267398,111976000.0,,1364531000.0,2.6181312777518846,55.41044324481346,61.989931107578144,0.0,1361950.3,Health Technology,Medical Specialties,NYSE:ITGR,US,171816840.0965,4.583473549481593,7.2544754324631295,4.740861704468797,1.0,4.583473549481593,3.319821686400337,health_special,True,0.1,4.683473549481593,reject_valuation
BWA,BorgWarner Inc.,66.14,13470494173.562452,33.59236121692315,2.3964584301059526,7.189882189882189,2.92944622877916,1213000000.0,,4065000000.0,2.172674170109702,97.61904761904762,110.21780909673289,1.03453521983873,2025741.3,Producer Manufacturing,Trucks/Construction/Farm Machinery,NYSE:BWA,US,133982529.582,4.672171299857361,7.13393861964864,4.708809958695389,1.0,4.672171299857361,0.7780874394892612,cyclical,True,0.1,4.77217129985736,reject_valuation
NXST,"Nexstar Media Group, Inc.",176.68,5443210391.295324,33.71562696792168,2.4030330335435828,7.34350807343508,1.14313259649485,743000000.0,,12085000000.0,10.513447432762836,-73.44000000000001,-73.58466788654154,4.18753869533405,317926.5333333333,Consumer Services,Broadcasting,NASDAQ:NXST,US,56171259.90933333,4.591215347047408,7.127356806474099,4.7304530814700145,1.0,4.591215347047408,2.9434333672608393,stable_or_general,True,0.2,4.791215347047408,reject_valuation
SPSC,"SPS Commerce, Inc.",81.404,2930558252.7084193,39.28954100101356,3.1395156898650303,8.26188314969003,6.94430039532026,198696000.0,,6306000.0,9.800409925775575,-5.961566282490235,-4.845228253880783,0.0,549965.3666666667,Technology Services,Packaged Software,NASDAQ:SPSC,US,44769380.70813333,4.755518843483961,7.9907161292213615,4.916898606538541,1.0,4.755518843483961,3.282145432894945,technology_strict,True,0.1,4.855518843483961,reject_valuation
FTV,Fortive Corporation,57.175,17267825275.200188,33.755461093399454,2.854693480564118,7.324831080053761,4.03359768513557,954900000.0,,3509300000.0,-29.80041965549212,-30.498114189101315,-23.54428094249345,0.416883793642522,2513840.333333336,Electronic Technology,Electronic Equipment/Instruments,NYSE:FTV,US,143728821.05833346,4.608360346400194,8.456982627686058,3.991430818705063,1.0,4.608360346400194,15.456350259260688,technology_strict,True,0.28,4.888360346400194,reject_valuation
LBRT,Liberty Energy Inc.,20.165,3290754878.824583,27.3906547133931,1.6757469185868712,6.12313337936453,3.08794997291007,-316580000.0,,1613101000.0,2.286127171857368,-43.537615762092756,-43.451878024425845,1.71736997055937,4300811.7,Industrial Services,Oilfield Services/Equipment,NYSE:LBRT,US,86725867.9305,4.473306886585533,6.117951309018867,4.477095898591864,1.0,4.473306886585533,0.08463102180864546,cyclical,False,0.44999999999999996,4.923306886585533,reject_valuation
DHR,Danaher Corporation,207.99,146214074762.0507,36.9293869071927,2.780399380796676,7.60615736548635,4.58654956979544,5466000000.0,,27858000000.0,4.555865572814725,17.31614415470261,19.62321056879488,0.682367435909586,3721748.5333333435,Health Technology,Medical Specialties,NYSE:DHR,US,774086477.4480021,4.855196274897394,7.528961658053252,4.904977417130513,1.0,4.855196274897394,1.0149107324991857,health_special,True,0.1,4.955196274897394,reject_valuation
NWS,News Corporation,34.17,17148425305.870684,33.26194879781953,2.177889671436311,6.6242774566474,3.69105900541098,805000000.0,,2915000000.0,1.063472517631255,23.49137931034483,26.23494716146475,0.576036866359447,1107486.9666666666,Consumer Services,Publishing: Newspapers,NASDAQ:NWS,US,37842829.651,5.021219146616734,6.547691131011185,5.079950799799372,1.0,5.021219146616734,1.1561461025362152,stable_or_general,True,0.1,5.121219146616734,reject_valuation
MAA,"Mid-America Apartment Communities, Inc.",128.395,14896637957.651722,37.51059043501125,2.7317166784605966,7.0913178437943705,3.38208089984713,644943000.0,,5715268000.0,0.8465767184584724,-29.490254951261637,-29.495973140538425,4.74875544492844,912659.9666666667,Finance,Real Estate Investment Trusts,NYSE:MAA,US,117180976.42016667,5.289650141381952,7.282521140778671,5.150769865255825,1.0,5.289650141381952,2.696301325029782,financial_special,True,0.2,5.4896501413819525,reject_valuation
PSN,Parsons Corporation,46.315,4946691447.49385,32.034167934707426,1.8797228976345484,6.11634471731727,2.66167606983059,308138000.0,,1645379000.0,-5.843247371435719,-60.11518512981765,-59.52860821856455,0.0,1670375.8333333333,Technology Services,Information Technology Services,NYSE:PSN,US,77363456.72083333,5.2374693407990485,5.867868650329332,5.459251023437534,1.0,5.2374693407990485,4.062492852707034,technology_strict,True,0.28,5.517469340799049,reject_valuation
FBIN,"Fortune Brands Innovations, Inc.",42.055,5020167281.741294,34.058147068351154,2.1772500537129216,6.406229832637781,2.30180016540807,400500000.0,,2799900000.0,-2.311045865029583,-62.15048296898831,-61.18079788739036,2.44018005212035,2418100.8333333335,Producer Manufacturing,Building Products,NYSE:FBIN,US,101693230.54583333,5.31641042518258,6.392743707822412,5.327625918535772,1.0,5.31641042518258,0.21051578178886698,cyclical,True,0.28,5.59641042518258,reject_valuation
HSAI,Hesai Group,18.62,2742692599.3372507,39.991408934707906,2.2040797966848844,7.30724919339177,5.64197152242149,,,117637280.042444,38.166253861593034,391.9838509101119,322.50453720508165,0.0,1720677.8666666667,Producer Manufacturing,Auto Parts: OEM,NASDAQ:HSAI,US,32039021.877333336,5.472840446015403,5.511383208036961,7.256147399874234,1.0,5.472840446015403,24.5764984582554,cyclical,False,0.25,5.722840446015403,reject_valuation
SOFI,"SoFi Technologies, Inc.",18.105,23383883007.52026,38.17204301075269,2.1091221718191924,7.09450684282883,1.24684646643011,-5461178000.0,,3405137000.0,34.07733681418247,13.295477005753236,-4.336425978217027,0.0,53627835.266666666,Finance,Finance/Rental/Leasing,NASDAQ:SOFI,US,970931957.503,5.38050689870533,5.525305971244645,6.908584467432481,1.0,5.38050689870533,22.118533484400572,financial_special,False,0.35,5.73050689870533,reject_valuation
GFS,GlobalFoundries Inc.,45.045,24718489810.611496,35.15844520761786,2.091596559835588,6.16364653725305,4.25039328010448,796000000.0,,1678000000.0,1.4030985092078339,,,0.269481248596452,4222669.4,Electronic Technology,Semiconductors,NASDAQ:GFS,US,190210143.12300003,5.704163111093472,5.949058746722956,5.90991730027627,1.0,5.704163111093472,3.481507079179935,technology_strict,True,0.1,5.804163111093471,reject_valuation
HUM,Humana Inc.,406.3,48788627418.17254,38.47756501316363,2.5393550025793545,6.830987796085129,2.37836229579835,1949000000.0,,14247000000.0,18.332385671350824,-18.845177664974617,-18.957127726526167,0.870805864410115,1250135.9666666666,Health Services,Managed Health Care,NYSE:HUM,US,507930243.25666666,5.632796626457933,6.599573028362401,5.830311271320432,1.0,5.632796626457933,3.387720409270123,stable_or_general,True,0.2,5.832796626457934,reject_valuation
PECO,"Phillips Edison & Company, Inc.",39.38,5556517922.606943,36.31501291036518,2.1300567888934143,6.16173762673304,2.68247448447929,239130000.0,,2584775000.0,8.070118287819882,108.7612766390168,105.8075536154868,3.28739152628892,796252.4666666667,Finance,Real Estate Investment Trusts,NASDAQ:PECO,US,31356422.137333337,5.893631814637885,5.8654991921686594,6.191291094004631,1.0,5.893631814637885,4.807709326653786,financial_special,True,0.1,5.993631814637885,reject_valuation
TGOPY,3i Group,9.48,38933953127.24,5.25207756232687,0.9476484224352766,19.5768906064979,18.6070875743943,329257710.0,,1662880700.0,-21.51370735277341,10.50392785942034,8.839845634346348,2.35767378559464,1488147.4333333333,Miscellaneous,Investment Trusts/Mutual Funds,OTC:TGOPY,US,14107637.668000001,0.26827945601246894,18.043305933498672,0.2910817774572019,1.0,0.26827945601246894,7.833647864846361,stable_or_general,True,0.08,0.34827945601246896,watch
STNE,StoneCo Ltd.,10.11,2459037301.8488374,4.087325651910248,1.3414519259985591,34.180599463206,6.19347102397081,814053860.0,,3142322472.20317,-29.502853431479608,,,0.0,5497198.233333333,Commercial Services,Miscellaneous Commercial Services,NASDAQ:STNE,US,55576674.139,0.11958027992780189,32.819795637561185,0.12453842482896016,1.0,0.11958027992780189,3.9812169681507803,financial_special,True,0.22999999999999998,0.3495802799278019,watch
AGNC,AGNC Investment Corp.,10.645,12619449804.575047,5.583530028848675,1.17190639280717,19.7990388816077,2.0251942747597,886000000.0,,107958000000.0,133.36439888164026,499.47089947089944,487.157376039421,13.5084427767355,16490866.366666667,Finance,Real Estate Investment Trusts,NASDAQ:AGNC,US,175545272.47316667,0.28201015525230827,20.98862881997999,0.2660264315853482,1.0,0.28201015525230827,6.008321643720604,financial_special,True,0.1,0.3820101552523083,watch
NLY,Annaly Capital Management Inc.,22.84,17214837215.13973,5.724167314102403,1.1335870834601007,19.4759999241091,2.30672863434637,886447000.0,,124974903000.0,19.42815047771217,304.3824504672385,297.10390127388536,12.4835742444152,6662015.3,Finance,Real Estate Investment Trusts,NYSE:NLY,US,152160429.452,0.29390877677179117,19.803528116086465,0.2890478545311653,1.0,0.29390877677179117,1.6817015467941232,financial_special,True,0.1,0.39390877677179115,watch
WU,Western Union Company (The),7.165,2234612800.7786207,5.778225806451613,2.4423832752138153,43.9748651504198,4.95709244087282,565400000.0,,2697200000.0,-1.6503100434549094,-55.87546032808838,-53.20048309178744,12.9655172413793,11037165.9,Finance,Regional Banks,NYSE:WU,US,79081293.6735,0.13139837465531037,42.26874056196973,0.1367021049037461,1.0,0.13139837465531037,3.8797721894408,financial_special,True,0.28,0.4113983746553104,watch
AMP,"Ameriprise Financial, Inc.",559.77,49446288857.99543,13.502880189889908,7.777411286492782,63.4318766066838,2.0628360337954,8222000000.0,,6532000000.0,8.79060579455663,22.41860465116279,28.977620972132762,1.16797621575706,405872.4666666667,Finance,Investment Managers,NYSE:AMP,US,227195230.666,0.21287215375348223,57.5981655551977,0.23443246950199786,1.0,0.21287215375348223,9.196812964652878,financial_special,True,0.2,0.41287215375348224,watch
CMBT,CMB.TECH NV,19.5,5658310795.161291,6.825395507098212,1.8149514012607715,37.4127454373586,9.70867767866368,,,5446747154.466437,92.48344766009937,210.83493202009507,112.31711710403222,3.34573200992556,970842.5666666667,Transportation,Marine Shipping,NYSE:CMBT,US,18931430.05,0.18243503456666119,26.59115357305339,0.25667918047808375,1.0,0.18243503456666119,28.92488037913219,cyclical,False,0.25,0.4324350345666612,watch
SFTBY,Softbank Group Corp,17.77,183079802049.32806,6.286037709151366,1.8059053205608977,34.2972508409334,9.08361351958572,-22991826690.0,,172182291955.08398,5.26371312602526,176.72855915276418,182.3229801258364,0.132804136253041,3849012.2,Miscellaneous,Miscellaneous,OTC:SFTBY,US,68396946.794,0.1832810955695915,28.728833712400686,0.2188058788630192,1.0,0.1832810955695915,16.235753572081848,stable_or_general,False,0.25,0.4332810955695915,watch
VIRT,"Virtu Financial, Inc.",63.995,9932039164.791166,10.62192935865091,3.0228026876704885,31.646120377084802,2.21645486080452,469325000.0,,5280193000.0,27.581377959558708,36.66235057397,36.75943160666454,1.4955600560835,1352361.2333333334,Finance,Investment Banks/Brokers,NYSE:VIRT,US,86544357.12716667,0.3356471261590198,28.4581320926278,0.37324759489055026,1.0,0.3356471261590198,10.07386765413888,financial_special,True,0.1,0.4356471261590198,watch
ARR,"ARMOUR Residential REIT, Inc.",16.18,2290328060.6088033,4.342341858779958,0.8555287887023669,20.3313718066215,2.21065059082454,319490000.0,,19441457000.0,34.23993211149995,,,17.8549287042777,3143027.466666667,Finance,Real Estate Investment Trusts,NYSE:ARR,US,50854184.41066667,0.21357839992704025,19.70201371807101,0.22040091540475837,1.0,0.21357839992704025,3.0955023327325137,financial_special,True,0.25,0.46357839992704025,watch
NATL,NCR Atleos Corporation,45.395,3354551263.1265893,17.605879615265284,7.2201563161059035,48.1572481572482,3.41522913399547,157000000.0,,2936000000.0,3.781117895725693,61.98347107438017,59.27847788485296,0.0,642439.4333333333,Electronic Technology,Computer Processing Hardware,NYSE:NATL,US,29163538.07616667,0.36559147976596756,41.009915289013016,0.4293078756976141,1.0,0.36559147976596756,14.84165549679447,technology_strict,True,0.1,0.4655914797659676,watch
BKE,"Buckle, Inc. (The)",43.34,2232703216.361207,9.992391580015218,4.566301453862339,45.7642520466643,20.8009177997484,,,421381000.0,6.224878565574589,9.559009569923948,8.68519307389681,3.22506334945865,411791.06666666665,Retail Trade,Apparel/Footwear Retail,NYSE:BKE,US,17847024.829333335,0.21834491187196295,45.697783331419295,0.21866250070700904,1.0,0.21834491187196295,0.1452415636056581,stable_or_general,False,0.25,0.4683449118719629,watch
VG,"Venture Global, Inc.",14.31,35776327714.017265,10.875512995896033,4.170127201993268,48.3977471353661,6.92055616240535,-6990000000.0,,42808000000.0,100.7223208999408,127.64920828258222,147.3308270676692,0.483425414364641,12903838.933333334,Industrial Services,Oil & Gas Pipelines,NYSE:VG,US,184653935.136,0.22471114131568481,38.34418848625257,0.2836287172903711,1.0,0.22471114131568481,20.77278229706484,cyclical,False,0.25,0.4747111413156848,watch
SUZ,Suzano S.A.,9.12,11453293675.681002,7.268669801546186,1.171272988800986,17.7565258214949,4.99287618971576,944787720.0,,18770509954.694298,0.8744760541851557,11.52866696248189,12.357840064475678,2.00619672131148,3378240.8666666667,Process Industries,Pulp & Paper,NYSE:SUZ,US,30809556.703999996,0.4093520249747957,16.11399362991883,0.4510781106460447,1.0,0.4093520249747957,9.250301596654264,cyclical,True,0.1,0.5093520249747957,watch
OMF,"OneMain Holdings, Inc.",64.295,7396591250.330676,9.695978042858652,2.187185971529673,23.2821582948278,2.88980981277288,3232000000.0,,22769000000.0,6.933333333333333,17.79788838612368,19.86587371884095,6.5035614741406,912432.3,Finance,Finance/Rental/Leasing,NYSE:OMF,US,58664834.7285,0.4164552925066506,22.557662175613054,0.42983080282764907,1.0,0.4164552925066506,3.1118082354748555,financial_special,True,0.1,0.5164552925066506,watch
DX,"Dynex Capital, Inc.",12.825,3182740677.4279027,4.893357243694914,0.9927016113114574,18.2307849849323,2.31204334636678,236576000.0,,22644742000.0,136.4503549750633,566.9271112062507,234.59721690284687,15.900233826968,4706934.566666666,Finance,Real Estate Investment Trusts,NYSE:DX,US,60366435.817499995,0.26841176876032835,20.286718542582445,0.24120989471134066,1.0,0.26841176876032835,11.277262933819765,financial_special,True,0.25,0.5184117687603284,watch
VAL,Valaris Limited,86.81,6027722199.450301,6.481792591597041,1.8678960080473805,33.8570193139768,18.8832058844494,-25203600.0,,1165500000.00357,-13.221563692261995,241.05263157952922,248.70079150177045,0.0,1028041.3,Industrial Services,Contract Drilling,NYSE:VAL,US,89244265.253,0.19144604938454338,28.817583741709203,0.22492491562419237,1.0,0.19144604938454338,14.884463175963102,cyclical,False,0.33,0.5214460493845434,watch
CEF,Sprott Physical Gold and Silver Trust,45.13,8028255480.0,4.124587586938044,1.0794466000421925,32.5899629547373,32.5696616416223,-33595070.0,,0.0,373.02594658476266,35.11110615965542,34.410662735704214,0.0,610862.5333333333,Miscellaneous,Investment Trusts/Mutual Funds,AMEX:CEF,US,27568226.129333336,0.12656005754491018,26.171018975585326,0.15760133721907538,1.0,0.12656005754491018,19.69607632898187,stable_or_general,False,0.4,0.5265600575449102,watch
TBBK,"The Bancorp, Inc.",67.59,2756780266.9902573,12.706320261683649,3.932808842448501,29.6291565084594,2.56927530272706,159946000.0,,958256000.0,2.6465995336096673,3.3531029012695,14.380940093751345,0.0,337996.43333333335,Finance,Regional Banks,NASDAQ:TBBK,US,22845178.929,0.4288451565624515,30.951595437965018,0.41052230367737885,1.0,0.4288451565624515,4.463302656381907,financial_special,True,0.1,0.5288451565624515,watch
PLGO,Pelagos Insurance Capital Limited,25.375,2099231393.8037946,6.214336443562804,0.945386995796707,17.6368317964744,3.88566995563529,630100000.0,,720500000.0,-4.457274826789838,,,2.34741784037559,449352.2,Finance,Multi-Line Insurance,NYSE:PLGO,US,11402312.075000001,0.3523499296968432,15.212999881523919,0.40848856188515925,1.0,0.3523499296968432,13.743012026882317,financial_special,True,0.18,0.5323499296968432,watch
KMT,Kennametal Inc.,29.98,2285046382.9976215,6.811004839039462,1.4554733419716666,23.9951111193651,11.9880661689685,-80913000.0,,763706000.0,19.821175628391853,267.6660402684564,268.00434746258674,2.71831464492015,1533829.3,Producer Manufacturing,Industrial Machinery,NYSE:KMT,US,45984202.414000005,0.28384968942872224,21.369436322070328,0.31872646224201356,1.0,0.28384968942872224,10.942540687697555,cyclical,False,0.25,0.5338496894287222,watch
UAL,"United Airlines Holdings, Inc.",110.3,35801591120.98012,10.308989289119015,2.144192785286988,23.2590621882275,4.32443795909282,2544000000.0,,33668000000.0,8.476037732595238,5.649546827794562,7.196601576980504,0.0,3113400.1,Transportation,Airlines,NASDAQ:UAL,US,343408031.03000003,0.44322463243324045,20.79925320661795,0.49564228036028135,1.0,0.44322463243324045,10.57570146940221,cyclical,True,0.1,0.5432246324332405,watch
XP,XP Inc.,19.755,10213641805.0275,10.301402722010742,2.089744227154298,22.6879063988307,1.3669301859718903,8915046050.0,,17948251045.7018,16.843331464224402,17.08083585611785,20.428284350665656,0.0019,4633976.1,Finance,Investment Banks/Brokers,NASDAQ:XP,US,91544197.85549998,0.45404818500757127,20.286016220773462,0.5078080688638024,1.0,0.45404818500757127,10.586654122396366,financial_special,True,0.1,0.5540481850075712,watch
CHTR,"Charter Communications, Inc.",151.4,26512439971.82719,3.9333870255384378,1.0652791675230298,29.697536262477005,3.20565612111703,4358000000.0,,95114000000.0,-1.495780667125421,-6.458966565349544,4.731715280801037,0.0,2722912.1666666665,Consumer Services,Cable/Satellite TV,NASDAQ:CHTR,US,412248902.0333333,0.13244826071677512,27.082998967720563,0.14523454474988265,1.0,0.13244826071677512,8.803886193279686,stable_or_general,True,0.43000000000000005,0.5624482607167751,watch
TAL,TAL Education Group,12.12,5773793019.0,7.4851778656126475,1.4306506273261352,23.7967151231581,14.5837080912495,,,405514151.18504,32.552184041421704,768.5072637630195,850.7927187316501,0.0,5731415.933333334,Commercial Services,Miscellaneous Commercial Services,NYSE:TAL,US,69464761.112,0.31454668540904385,19.1131146515386,0.39162522707988323,1.0,0.31454668540904385,19.681710048550315,financial_special,False,0.25,0.5645466854090438,watch
SYF,Synchrony Financial,79.2,25769370796.793995,8.12232716979971,1.6955404503072848,20.7864338680611,2.90222121393363,9694000000.0,,16432000000.0,-2.398970398970399,7.027684818983876,18.484270386526852,1.55291170945523,3158883.6333333333,Finance,Finance/Rental/Leasing,NYSE:SYF,US,250183583.76000002,0.39075135356815,20.875057294067304,0.38909244920290964,1.0,0.39075135356815,0.4263522380449025,financial_special,True,0.18,0.57075135356815,watch
TCOM,Trip.com Group Limited,41.285,26935796486.07708,6.498913830557567,1.1917253244157195,20.0452039330401,12.2143701838669,,,4541125039.80777,19.2795302245485,86.94358846599808,85.68338594645154,0.0,2665354.5,Consumer Services,Other Consumer Services,NASDAQ:TCOM,US,110039160.53249998,0.32421290660184005,18.33729997791765,0.3544095280321401,1.0,0.32421290660184005,8.520262307271164,stable_or_general,False,0.25,0.57421290660184,watch
ITUB,Itau Unibanco Banco Holding SA,8.09,94420740096.49901,10.543464094878145,2.1192323611234816,22.0869194141528,1.54232439375177,20982577910.0,,202887972256.301,7.531306700434179,18.424164695475206,12.95451199764463,6.44156483400365,19581444.466666665,Finance,Major Banks,NYSE:ITUB,US,158413885.73533332,0.4773623653519617,20.099962802101945,0.5245514232382343,1.0,0.4773623653519617,8.996078515040251,financial_special,True,0.1,0.5773623653519617,watch
BCO,Brinks Company (The),104.98,4324087549.394453,24.286871023713132,13.929709238218198,64.1302424349673,2.51364679933136,393600000.0,,4555600000.0,8.116530898045326,11.186232329440688,15.76987974395372,0.959097320169252,465065.0333333333,Commercial Services,Miscellaneous Commercial Services,NYSE:BCO,US,48822527.19933333,0.37871166709437865,57.3548944391295,0.42344897085441735,1.0,0.37871166709437865,10.56498110498879,financial_special,True,0.2,0.5787116670943786,watch
VIPS,Vipshop Holdings Limited,13.16,6219539871.0,4.381846635367762,0.9438197734545669,24.4915671733848,12.973834868922102,,,1704964187.81501,2.3812083736364005,55.03389200576013,63.04560260586318,4.58715596330275,2556484.1333333333,Retail Trade,Internet Retail,NYSE:VIPS,US,33643331.19466667,0.17891246421052032,21.539315544195293,0.2034348132547156,1.0,0.17891246421052032,12.054155654023424,stable_or_general,False,0.4,0.5789124642105203,watch
BFH,"Bread Financial Holdings, Inc.",108.96,4186163646.880779,8.518023405802198,1.2531210142735727,17.3939672331955,2.56589795134732,2170000000.0,,3285000000.0,0.8485362749257531,98.6013986013986,116.66525517031114,0.845665961945032,451245.3,Finance,Finance/Rental/Leasing,NYSE:BFH,US,49167687.888,0.489711363233224,14.711406092403877,0.5790081078789889,1.0,0.489711363233224,15.422365150096951,financial_special,True,0.1,0.589711363233224,watch
SLM,SLM Corporation,26.23,4929848729.708193,7.342813952186328,2.217058758396381,30.332625654273205,2.52830722070798,-328146000.0,,5844116000.0,4.7599952792535785,66.3257299084378,80.38681007928092,1.96300490751227,2000160.8999999762,Finance,Finance/Rental/Leasing,NASDAQ:SLM,US,52464220.40699937,0.2420764372948995,30.19358481411953,0.2431911943345191,1.0,0.2420764372948995,0.45838709031800207,financial_special,False,0.35,0.5920764372948994,watch
URBN,"Urban Outfitters, Inc.",80.69,6909895250.679945,12.583628339285434,2.421375805987451,20.9421912307199,11.5736369941162,295211000.0,,1213374000.0,11.010349212848395,19.695892508581814,25.49023445144625,0.0,1127415.5666666667,Retail Trade,Apparel/Footwear Retail,NASDAQ:URBN,US,90971162.07433333,0.6008744835080405,19.24227051770149,0.6539575632568626,1.0,0.6008744835080405,8.117205569801179,stable_or_general,True,0.0,0.6008744835080405,watch
VMI,"Valmont Industries, Inc.",480.24,9270964552.121904,18.696275071633238,5.2304990898578705,31.0677124606998,14.850400574709898,322095000.0,,871741000.0,3.7964786278082405,132.28886776073747,139.09672254749557,0.610372116517932,177019.06666666668,Producer Manufacturing,Metal Fabrication,NYSE:VMI,US,85011636.576,0.601791171309563,27.976156051500332,0.6682932078737306,1.0,0.601791171309563,9.951026851784594,cyclical,True,0.0,0.601791171309563,watch
EIX,Edison International,55.6,21395656155.2611,5.727589261800277,1.2263097252536872,22.5807394417653,4.176577433724,-389000000.0,,43540000000.0,10.74177547180569,38.508425959125134,42.63841542259315,6.14564831261101,5332083.533333333,Utilities,Electric Utilities,NYSE:EIX,US,296463844.4533333,0.2536493225375311,21.410573789438207,0.26751217964208346,1.0,0.2536493225375311,5.182140537713131,stable_or_general,False,0.35,0.603649322537531,watch
KO,Coca-Cola Company (The),88.69,381593045076.8177,26.721099093127652,10.556925743234235,44.2295512473932,13.4894348778592,14297000000.0,,43543000000.0,7.415353243553252,17.508002954937208,17.602664493498224,2.34207859475284,15380738.233333332,Consumer Non-Durables,Beverages: Non-Alcoholic,NYSE:KO,US,1364117673.914333,0.6041458332612528,39.50782752775821,0.676349492372199,1.0,0.6041458332612528,10.675495424370352,stable_or_general,True,0.0,0.6041458332612528,watch
QSR,Restaurant Brands International Inc.,79.9,36315464274.615,23.615996216711494,9.382052685098857,38.956327612872,5.50581739304779,1523625260.0,,15651000000.0,6.512189765240913,48.19557625182856,28.374122557389498,3.16471467729878,2374297.966666667,Consumer Services,Restaurants,NYSE:QSR,US,189706407.5366667,0.6062172094709529,39.72753297809132,0.5944490998153621,1.0,0.6062172094709529,1.9796664944477183,stable_or_general,True,0.0,0.6062172094709529,watch
CVE,Cenovus Energy Inc,32.01,59034284484.23408,12.698285251487139,2.45269914905668,20.9433962264151,11.0139079528353,5321536000.0,,8188224000.0,0.022146018721279567,138.54426457704366,141.60591206894858,1.81255526083112,6899361.633333334,Energy Minerals,Integrated Oil,NYSE:CVE,US,220848565.883,0.6063145210169533,19.31519965476784,0.6574244884055672,1.0,0.6063145210169533,7.7742719186760905,cyclical,True,0.0,0.6063145210169533,watch
GLPI,"Gaming and Leisure Properties, Inc.",42.12,12253552427.447592,12.35190615835777,2.4589087279000323,20.2979306145377,7.265491194730809,627728000.0,,8379888000.000001,5.755536344450429,34.840494437990486,30.98256126603672,7.45986779981114,3403031.8,Finance,Real Estate Investment Trusts,NASDAQ:GLPI,US,143335699.41599998,0.6085303173472835,19.90711956823151,0.62047681564486,1.0,0.6085303173472835,1.92537384094853,financial_special,True,0.0,0.6085303173472835,watch
ALLE,Allegion plc,156.49,13307406892.473642,20.530009839291573,6.282856622072263,33.7302501856447,12.8187161820188,681328670.0,,2222300000.0148,10.62529020321665,5.1740657941275865,5.885703172751004,1.36281820519414,1323085.5333333334,Consumer Durables,Tools & Hardware,NYSE:ALLE,US,207049655.11133337,0.6086527590604403,30.603281105339526,0.6708434225933241,1.0,0.6086527590604403,9.270518490360868,stable_or_general,True,0.0,0.6086527590604403,watch
PUK,Prudential Public Limited Company,27.69,34726560683.625,9.76547346147064,1.7395947856133187,19.1852686840806,1.72078335053076,1433333570.0,,5919000000.0,38.570361844519034,5.098304763660171,9.762706615569241,1.77072310405644,1098424.6666666667,Finance,Multi-Line Insurance,NYSE:PUK,US,30415379.020000003,0.5090089496413337,17.813727029998432,0.5481993434066615,1.0,0.5090089496413337,7.148931175617246,financial_special,True,0.1,0.6090089496413337,watch
CCK,"Crown Holdings, Inc.",115.65,12578152083.133923,16.641245539311615,4.507671811869696,27.231677665856203,5.40056485499759,1199000000.0,,6272000000.0,10.759493670886076,40.754039497307005,45.86822828117456,1.13331603079851,795788.1,Process Industries,Containers/Packaging,NYSE:CCK,US,92032893.765,0.6110987998428333,27.087346324055027,0.6143549589622699,1.0,0.6110987998428333,0.5300126697010188,cyclical,True,0.0,0.6110987998428333,watch
RCL,Royal Caribbean Cruises Ltd.,266.1053,71368101480.77435,16.43497782773571,6.952855042522355,45.3388301984025,10.5762988964489,-416000000.0,,23518000000.0,8.717411545623836,22.09270052733833,22.036223309239748,1.8828845791753,1768993.1,Consumer Services,Hotels/Resorts/Cruise lines,NYSE:RCL,US,470738439.57343,0.36249232183133817,42.30522922147603,0.38848572931009145,1.0,0.36249232183133817,6.690955553223221,cyclical,False,0.25,0.6124923218313382,watch
ETOR,eToro Group Ltd.,32.455,2629183708.2039695,11.958364038319823,1.9721654565087534,19.4951918775158,14.6545932828254,279930100.0,,35005000.0,9.86785608281414,39.1979597596153,20.008843687817826,0.0,1278690.4,Technology Services,Packaged Software,NASDAQ:ETOR,US,41499896.932,0.6134006843047104,16.491933597179962,0.7251038192613536,1.0,0.6134006843047104,15.405122961623974,technology_strict,True,0.0,0.6134006843047104,watch
NOC,Northrop Grumman Corporation,522.0,74156902406.87189,16.551514209887152,4.146539994371191,26.9584769899565,8.97279821182669,3646000000.0,,17052000000.0,5.903557936841065,13.967046894803548,15.966068289956544,1.80978343177344,658962.7666666667,Electronic Technology,Aerospace & Defense,NYSE:NOC,US,343978564.20000005,0.6139632523029209,25.052330208520917,0.6606776324646069,1.0,0.6139632523029209,7.07067681214234,technology_strict,True,0.0,0.6139632523029209,watch
TMDX,"TransMedics Group, Inc.",85.925,2979461880.4561396,22.352436200931297,5.743726520408027,36.2849427258615,12.883590851146401,79041000.0,,867720000.0,25.819323460545224,111.68680751304736,98.78477608853035,0.0,841816.6,Health Technology,Medical Specialties,NASDAQ:TMDX,US,72333091.35499999,0.6160251201113228,25.69619914704742,0.8698732475187743,1.0,0.6160251201113228,29.18219730650732,health_special,True,0.0,0.6160251201113228,watch
NCLH,Norwegian Cruise Line Holdings Ltd.,15.61,7167922185.804361,9.864762386248735,2.7857887297802777,36.7304648762226,3.3361510699758,-1185394000.0,,15978819000.0,6.20555770665686,5.7849033253843,13.899085870582311,0.0,15061314.633333333,Consumer Services,Hotels/Resorts/Cruise lines,NYSE:NCLH,US,235107121.4263333,0.2685716725745737,28.239795554159592,0.3493213103235693,1.0,0.2685716725745737,23.116149906285077,cyclical,False,0.35,0.6185716725745737,watch
MORN,"Morningstar, Inc.",209.3,7851589766.219411,19.84243607853547,7.669057277561614,31.9599742258272,11.1295900319421,497500000.0,,1904800000.0,9.333730936355117,4.330611234842861,12.230544974783475,0.906099369670004,349340.06666666665,Commercial Services,Financial Publishing/Services,NASDAQ:MORN,US,73116875.95333333,0.6208526933823553,38.64977690847954,0.5133907014656572,1.0,0.6208526933823553,20.93181501143464,financial_special,True,0.0,0.6208526933823553,watch
AN,"AutoNation, Inc.",207.78,6869374085.064002,9.62510364890468,3.0469398549792714,32.7665693862877,5.3326082766596,-35500000.0,,11331300000.0,-0.05680142440495046,22.230987693278635,35.24606083388153,0.0,410913.36666666664,Retail Trade,Specialty Stores,NYSE:AN,US,85379579.32599999,0.29374767725707157,31.65617707738667,0.30405135861399685,1.0,0.29374767725707157,3.388796354633672,stable_or_general,False,0.33,0.6237476772570716,watch
SKYW,"SkyWest, Inc.",96.73,3755863636.028055,9.613110322689643,1.363791772555682,15.341043164437702,5.62041963586,284089000.0,,2384091000.0,9.101531684227805,0.49030904178903967,2.4757617728531867,0.0,323154.4,Transportation,Airlines,NASDAQ:SKYW,US,31258725.112000003,0.6266269001168014,14.186789985513327,0.6776099690279448,1.0,0.6266269001168014,7.523954965461965,cyclical,True,0.0,0.6266269001168014,watch
MLI,"Mueller Industries, Inc.",63.35,14011841263.37357,16.512015847364857,3.949560342548766,26.313960809429,21.963585466725,666374000.0,,24684000.0,14.814672494676337,19.83931397041314,21.80455901962029,0.952986022871665,1139306.7333333334,Producer Manufacturing,Metal Fabrication,NYSE:MLI,US,72175081.55666667,0.6275002067133945,23.91931051337426,0.6903215641660038,1.0,0.6275002067133945,9.100303498197327,cyclical,True,0.0,0.6275002067133945,watch
MD,"Pediatrix Medical Group, Inc.",26.65,2165399657.793899,12.800192122958693,2.4570296401673177,20.3887492491529,8.26029039500128,228612000.0,,619956000.0,0.5101186412294375,59.03309739987991,61.79670500466272,0.0,762750.7666666667,Health Services,Medical/Nursing Services,NYSE:MD,US,20327307.93166667,0.6278066381875047,19.195255950575444,0.6668414401931932,1.0,0.6278066381875047,5.853685696914635,stable_or_general,True,0.0,0.6278066381875047,watch
TIMB,TIM S.A.,18.46,8871476528.4575,10.862657408497117,1.8247381510638048,17.288744938499,7.593627061289851,1699043070.0,,3187335078.58461,13.985698863528057,28.825103240977185,29.923547400611618,6.27539572192513,552664.8,Communications,Wireless Telecommunications,NYSE:TIMB,US,10202192.208,0.6283080378094934,16.79826659760471,0.6466534713793649,1.0,0.6283080378094934,2.8369806058164637,stable_or_general,True,0.0,0.6283080378094934,watch
NEM,Newmont Corporation,127.32,134156091104.11191,16.07717853850719,3.825777482901641,25.527429292554405,15.242097051575302,9733000000.0,,5598000000.0,23.60527601367855,36.96033136848813,42.18029048995494,0.782028674384727,7617700.8,Non-Energy Minerals,Precious Metals,NYSE:NEM,US,969885665.856,0.6298001398517801,23.79632392424047,0.6756160569040641,1.0,0.6298001398517801,6.781354081818369,cyclical,True,0.0,0.6298001398517801,watch
TILE,"Interface, Inc.",36.335,2100179708.7081616,14.687335785601682,3.095918516890159,23.2254924644365,11.4228110915525,124029000.0,,290401000.0,6.54030609037764,52.28713720730712,52.86085022244191,0.274800769442154,452759.0,Producer Manufacturing,Building Products,NASDAQ:TILE,US,16450998.265,0.6323799509565331,21.078829830561617,0.6967813632760068,1.0,0.6323799509565331,9.242700180251983,cyclical,True,0.0,0.6323799509565331,watch
CNK,"Cinemark Holdings, Inc.",35.53,4118348226.986282,19.758647536425315,8.308351378021804,45.4266030736619,4.52668377639069,313000000.0,,2967600000.0,4.537966617971591,-25.79639889196676,-1.317089232795523,1.02886539011146,2455302.0,Consumer Services,Movies/Entertainment,NYSE:CNK,US,87236880.06,0.43495762833918067,42.04919067818409,0.4698936464115223,1.0,0.43495762833918067,7.4348777301290525,stable_or_general,True,0.2,0.6349576283391807,watch
IESC,"IES Holdings, Inc.",323.58,12894245142.37037,28.755765282998745,10.489581898193546,45.1753956242729,24.2517430538164,416671000.0,,76943000.0,22.659690265772685,82.70603190950125,82.836948574214,0.0,325407.86666666664,Industrial Services,Engineering & Construction,NASDAQ:IESC,US,105295477.49599999,0.6365359923388954,36.47818722597272,0.7883002821621696,1.0,0.6365359923388954,19.252091272504867,cyclical,True,0.0,0.6365359923388954,watch
TRN,"Trinity Industries, Inc.",28.08,2237119243.338314,6.764146171078939,1.957813579612523,32.3854660347552,4.08989555216524,-351300000.0,,5226500000.0,-18.945948091118343,251.70984455958546,261.2339018447616,4.37566702241195,672350.7,Producer Manufacturing,Trucks/Construction/Farm Machinery,NYSE:TRN,US,18879607.655999996,0.2088636354289249,28.94398686982004,0.23369780402063164,1.0,0.2088636354289249,10.626616153190005,cyclical,False,0.43000000000000005,0.638863635428925,watch
EXPD,"Expeditors International of Washington, Inc.",187.11,24322547620.310104,27.225108036143002,11.482607020033042,42.5955991299139,18.5215762588129,923864000.0,,567285000.0,6.767076431233889,7.736441762104826,12.143265073019503,0.844332816758403,947323.9333333333,Transportation,Air Freight/Couriers,NYSE:EXPD,US,177253781.166,0.6391530719666164,42.17653426678483,0.6455036789872874,1.0,0.6391530719666164,0.9838219714927599,stable_or_general,True,0.0,0.6391530719666164,watch
SGHC,Super Group (SGHC) Limited,14.025,7126055543.4685955,19.278350515463917,8.527391013558704,49.4321977287909,29.7906602254428,,,107000000.0,17.331829718539232,178.34192690886087,175.8816837315131,1.27028934368384,2262533.7666666666,Consumer Services,Casinos/Gaming,NYSE:SGHC,US,31732036.0775,0.389995820562831,44.232990818994345,0.43583646862932646,1.0,0.389995820562831,10.517855059412751,stable_or_general,False,0.25,0.639995820562831,watch
AWI,Armstrong World Industries Inc,171.09,7230746576.026106,23.438591684361942,8.189392322103652,36.618082573602,16.2996277915633,246700000.0,,579400000.0,8.56813524590164,6.52027027027027,8.054297302898426,0.793725122922032,444493.56666666665,Producer Manufacturing,Miscellaneous Manufacturing,NYSE:AWI,US,76048404.321,0.6400824411614288,34.9397797972971,0.6708282599472801,1.0,0.6400824411614288,4.58326230744478,cyclical,True,0.0,0.6400824411614288,watch
EPD,Enterprise Products Partners L.P.,38.82,83830904670.10875,13.493691125864647,2.771453599569932,21.0675388609772,7.84195597058011,3522000000.0,,34254000000.0,7.3817209259430046,7.224987128882788,7.479358912093255,5.62930814398775,3028387.433333333,Industrial Services,Oil & Gas Pipelines,NYSE:EPD,US,117562000.16199999,0.640496795326132,20.538884236483096,0.656982675908747,1.0,0.640496795326132,2.509332618217297,cyclical,True,0.0,0.640496795326132,watch
TGT,Target Corporation,163.624,74333849411.24352,16.979432579955585,4.16594634712061,26.4137329765806,7.377861377491899,4456000000.0,,19090000000.0,1.9547519878833777,11.838085539714868,12.33563368460318,2.79251265166758,4310337.9,Retail Trade,Specialty Stores,NYSE:TGT,US,705274728.5496,0.642825934335377,24.535250677567152,0.6920423517612585,1.0,0.642825934335377,7.111763796048742,stable_or_general,True,0.0,0.642825934335377,watch
ZION,Zions Bancorporation N.A.,69.175,10096322898.92043,8.812101910828025,1.325716270079307,16.1938782657421,1.29935818899142,1819000000.0,,3431000000.0,3.9026352846509758,38.44311377245509,43.201138312233205,2.64031164334151,1284929.6666666667,Finance,Major Banks,NASDAQ:ZION,US,88885009.69166666,0.5441625388446875,15.044268478673743,0.5857447919996753,1.0,0.5441625388446875,7.09903932957392,financial_special,True,0.1,0.6441625388446874,watch
AES,The AES Corporation,14.7901,10551828026.715813,5.527356304656551,2.1342936387223763,28.2233052724856,3.7186223000583802,-1720000000.0,,32117000000.0,8.219747340425531,89.20792079207921,88.92889924451038,4.76184032476319,7085784.5,Utilities,Electric Utilities,NYSE:AES,US,104799461.33345,0.19584369198759552,38.613281306369366,0.14314650601177473,1.0,0.19584369198759552,36.81346296463994,stable_or_general,False,0.44999999999999996,0.6458436919875955,watch
DBRG,"DigitalBridge Group, Inc.",15.945,3034018220.135195,10.360623781676415,1.919317640148105,15.873708408532,9.65864948899207,178688000.0,,319684000.0,99.25070006975665,527.1042399555638,,0.250941028858218,3662528.6,Finance,Investment Managers,NYSE:DBRG,US,58399018.527,0.6526908215163922,18.525116639623285,0.5592744155529971,1.0,0.6526908215163922,16.70314310212586,financial_special,True,0.0,0.6526908215163922,watch
SU,Suncor Energy Inc.,66.5325,77818383178.38457,12.606903586448768,2.3013501082402623,19.2510485966596,9.73633265167008,7270208000.0,,10334720000.0,9.025994590555362,51.1448099683394,58.695846324526144,2.51565651204755,4344227.766666667,Energy Minerals,Integrated Oil,NYSE:SU,US,289032333.88575,0.6548684100582599,18.254681591394075,0.6906120779664613,1.0,0.6548684100582599,5.175650563982348,cyclical,True,0.0,0.6548684100582599,watch
GL,Globe Life Inc.,175.085,13455184795.737,11.624980911088832,2.191586615581175,20.9454035885578,3.95034095997112,1232375000.0,,2943249000.0,5.244677688537889,13.767876550208257,20.325157785411843,0.679809653297077,530102.9666666667,Finance,Multi-Line Insurance,NYSE:GL,US,92813077.91883335,0.5550134597281958,18.852388940188842,0.6166317143132517,1.0,0.5550134597281958,9.992715774225246,financial_special,True,0.1,0.6550134597281958,watch
CRUS,"Cirrus Logic, Inc.",112.065,5616424375.466322,13.711611403401443,2.5823576569387456,20.9040361313439,17.7368595696352,572102000.0,,130464000.0,6.246076991773799,22.97941498219126,27.963049945201202,0.0,818502.6333333333,Electronic Technology,Semiconductors,NASDAQ:CRUS,US,91725497.6045,0.6559312908401453,18.833363789015632,0.728048985672894,1.0,0.6559312908401453,9.905610233917761,technology_strict,True,0.0,0.6559312908401453,watch
ENVA,"Enova International, Inc.",231.835,5772313736.316571,17.190153116079042,3.853702428380245,26.080965368165497,5.49090576263803,1952781000.0,,5045455000.0,17.6534170189129,38.7384222667182,43.19767256665356,0.0,296524.63333333336,Finance,Finance/Rental/Leasing,NYSE:ENVA,US,68744788.36883335,0.6591072406031946,22.418080876636473,0.7667986037999426,1.0,0.6591072406031946,14.044282639936135,financial_special,True,0.0,0.6591072406031946,watch
ROST,"Ross Stores, Inc.",232.675,74328755272.08833,28.11408755331618,11.030209999459572,42.6276954986204,17.4491799752338,2790186000.0,,4739151000.0,14.020263324227885,28.90326715259964,31.42299080558334,0.733802391332499,2549396.7,Retail Trade,Apparel/Footwear Retail,NASDAQ:ROST,US,593180877.1725,0.6595263296423346,39.2337470620081,0.7165792119952872,1.0,0.6595263296423346,7.9618388864632355,stable_or_general,True,0.0,0.6595263296423346,watch
SQM,Sociedad Quimica y Minera S.A.,76.105,21698682456.7137,15.708270552539785,3.458772639042842,23.7939889153009,9.85367565550602,1944265070.0,,5292358424.8596,58.56238751019303,189.60030783487946,189.59354453078302,0.829380797192279,933467.0,Process Industries,Chemicals: Specialty,NYSE:SQM,US,71041506.035,0.6601781066830062,22.01879976203753,0.7134026705498413,1.0,0.6601781066830062,7.460662268871698,cyclical,True,0.0,0.6601781066830062,watch
SOLV,Solventum Corporation,91.9,15643562084.177847,11.232933641352842,3.2569653517717505,33.9609236234458,9.78271992359382,-118000000.0,,5286000000.0,-1.1773100249732429,278.3641160949868,276.8621309134461,0.0,1160877.8,Health Services,Medical/Nursing Services,NYSE:SOLV,US,106684669.82000001,0.33076054602937527,28.994788501033973,0.3874121599801381,1.0,0.33076054602937527,14.623086160658271,stable_or_general,False,0.33,0.6607605460293753,watch
CRK,"Comstock Resources, Inc.",14.8184,4350987072.825151,8.608342047170908,1.6869936053534245,20.9208843488892,7.09554149713187,-735224000.0,,3169938000.0,17.310164625988406,,,0.0,2475745.6,Energy Minerals,Oil & Gas Production,NYSE:CRK,US,36686588.59904,0.4114712315030779,19.597195326454845,0.43926398159384816,1.0,0.4114712315030779,6.327117918916459,cyclical,False,0.25,0.661471231503078,watch
HRMY,"Harmony Biosciences Holdings, Inc.",41.78,2433116533.4949837,13.538999967594544,2.430122349506036,20.455639293740504,14.6121143432005,354899000.0,,220966000.0,24.25429790803428,0.2023172511387255,-0.5318463125322246,0.0,714655.0666666667,Health Technology,Pharmaceuticals: Major,NASDAQ:HRMY,US,29858288.685333334,0.6618712704685561,17.949053514458296,0.7543016102040493,1.0,0.6618712704685561,12.253764075949602,health_special,True,0.0,0.6618712704685561,watch
INTR,Inter & Co. Inc.,5.685,2501429936.4258623,8.716651333946642,1.2343320168572625,15.503320684278203,1.63562343647375,1058504349.9999999,,6307388981.73282,51.13193820153076,48.11198230607827,46.33161319273054,0.00195003448275862,4868326.633333334,Finance,Major Banks,NASDAQ:INTR,US,27676436.9105,0.5622441482995402,14.160621660409968,0.6155556968460298,1.0,0.5622441482995402,8.660718895080688,financial_special,True,0.1,0.6622441482995401,watch
BSAC,Banco Santander - Chile,35.395,16743966040.004957,13.552994332975954,3.0911529882746662,24.0520766047386,1.6719753717121901,1106507720.0,,18157284227.764,7.694358465279179,9.881898130808233,9.883451844995166,3.06052147239264,288394.8333333333,Finance,Regional Banks,NYSE:BSAC,US,10207735.125833334,0.5634854135757169,22.8078970029047,0.5942237607987231,1.0,0.5634854135757169,5.172857305754541,financial_special,True,0.1,0.6634854135757169,watch
SEIC,SEI Investments Company,110.16,13221312792.895748,19.44537607456179,5.287284934069726,29.2199249421833,23.7572522049862,679159000.0,,67852000.0,11.205444865748158,2.5503756867763188,6.380861172140525,0.933070159698547,608803.1666666666,Finance,Investment Managers,NASDAQ:SEIC,US,67065756.839999996,0.6654834368342097,27.190448329700803,0.7151546689769407,1.0,0.6654834368342097,6.945523017249933,financial_special,True,0.0,0.6654834368342097,watch
LEVI,Levi Strauss & Co,20.73,7977952444.285508,16.963993453355155,3.5107804500505533,25.403447643499,8.42052474412455,575400000.0,,2295600000.0,4.339589877973701,19.146311374290647,20.72712902588421,2.80193236714976,1989182.4666666666,Consumer Non-Durables,Apparel/Footwear,NYSE:LEVI,US,41235752.534,0.6677831171351426,20.695483405507847,0.819695443733409,1.0,0.6677831171351426,18.532776747710344,stable_or_general,True,0.0,0.6677831171351426,watch
PAC,"Grupo Aeroportuario Del Pacifico, S.A. B. de C.V. Grupo Aeroportuario Del Pacifico, S.A. de C.V. (each representing 10 Series B shares)",208.34,12386451341.945808,19.186105406624982,4.113671114817904,28.6185880833429,9.41026647536424,8919060.0,,3716761771.22828,16.79707839231315,22.73292235737591,17.582917347944267,0.0,129403.06666666667,Transportation,Other Transportation,NYSE:PAC,US,26959834.909333333,0.6704071266811384,21.440886660601002,0.8948373129494069,1.0,0.6704071266811384,25.08055743993741,stable_or_general,True,0.0,0.6704071266811384,watch
BBD,Banco Bradesco Sa,3.43,36526800720.534004,7.877813504823151,1.037033901635974,13.786160645373698,1.05977190288304,36573625420.0,,161735946831.016,32.3740590420876,27.516294525967645,27.683284457477995,1.82063583815029,28295317.06666668,Finance,Major Banks,NYSE:BBD,US,97052937.53866673,0.5714291097766044,13.163981363623995,0.5984369992038957,1.0,0.5714291097766044,4.513071461694384,financial_special,True,0.1,0.6714291097766044,watch
IBP,"Installed Building Products, Inc.",240.08,6381128937.482542,25.841172798312275,9.978304419747136,38.4509202453988,11.7388148807155,291700000.0,,1197200000.0,0.2740282147569268,0.3201280512204882,3.333370407856829,0.639461506100126,303001.13333333336,Industrial Services,Engineering & Construction,NYSE:IBP,US,72744512.09066668,0.6720560296968325,38.61397660867325,0.6692181191332669,1.0,0.6720560296968325,0.4240636172913481,cyclical,True,0.0,0.6720560296968325,watch
PRDO,Perdoceo Education Corporation,32.535,2035944336.9441094,11.81930468267519,1.9701250682746583,17.5536659332818,13.474950149835802,217980000.0,,56595000.0,11.67532035107252,14.689027746301035,19.459271796207087,1.80777342573064,637781.0333333333,Consumer Services,Other Consumer Services,NASDAQ:PRDO,US,20750205.919499997,0.673324006939528,16.668705318701868,0.7090715479512514,1.0,0.673324006939528,5.04145753908899,stable_or_general,True,0.0,0.673324006939528,watch
TGS,Transportadora de Gas del Sur SA TGS,28.81,4574073635.030328,11.036199961693162,1.6201831746142434,16.3730168934259,10.3208762127136,279827720.0,,1130678085.52325,10.993368502987414,15.601400512834084,15.60092108759189,0.0,199423.5,Utilities,Gas Distributors,NYSE:TGS,US,5745391.035,0.6740480409645472,14.680625398578558,0.7517527123035055,1.0,0.6740480409645472,10.336467041250474,cyclical,True,0.0,0.6740480409645472,watch
PHYS,Sprott Physical Gold Trust ETV,33.4,16068470880.0,6.170672677222089,1.0740382132506088,19.0232484415658,19.0229286833076,-61429430.0,,0.0,1074.1989996001562,-20.54365906732554,-27.944993942943857,0.0,4379984.233333333,Miscellaneous,Investment Trusts/Mutual Funds,AMEX:PHYS,US,146291473.39333332,0.32437533979418404,17.405528852878952,0.3545237107921275,1.0,0.32437533979418404,8.503908223961009,stable_or_general,False,0.35,0.6743753397941841,watch
AXP,American Express Company,327.5,221163969144.67743,19.870161388181046,6.4487304271186145,34.1457554324158,3.76607222418217,15192000000.0,,59049000000.0,9.414642397116799,12.843672456575684,15.718377892608398,1.07331271602692,2396211.7,Finance,Finance/Rental/Leasing,NYSE:AXP,US,784759331.7500001,0.5819218563639563,32.454343480845495,0.6122496793043553,1.0,0.5819218563639563,4.953505729044682,financial_special,True,0.1,0.6819218563639563,watch
IFS,Intercorp Financial Services Inc.,55.83,6445445172.087143,10.153493616556942,1.6332073202089734,17.4460948081034,2.08917414366975,1303974680.0,,4101784080.2440195,9.22382986959617,19.43287245405131,22.155821651522896,3.22754168908015,249937.53333333333,Finance,Regional Banks,NYSE:IFS,US,13954012.486,0.5819923443176994,16.085176018092533,0.6312329815437729,1.0,0.5819923443176994,7.800707292836362,financial_special,True,0.1,0.6819923443176994,watch
NXPI,NXP Semiconductors N.V.,227.3105,57319564808.178185,19.39989417176605,5.030443510596085,28.3765738268685,11.4610420880648,2836214260.0,,10976000000.091301,8.76918000364755,38.50093109916129,39.66719511759026,1.80274678874617,3721208.2666666666,Electronic Technology,Semiconductors,NASDAQ:NXPI,US,845869711.7001333,0.6836587915838227,25.930262639871625,0.7481564857710247,1.0,0.6836587915838227,8.62088285189867,technology_strict,True,0.0,0.6836587915838227,watch
NTB,Bank of N.T. Butterfield & Son Limited (The) Voting,60.905,2395191911.302772,10.720446384566642,2.085177828128349,21.136849167694,1.6430130307978401,210239000.0,,39086000.0,-1.4084576488889875,6.839636617240169,14.16055460665126,3.28030178776447,182884.06666666668,Finance,Regional Banks,NYSE:NTB,US,11138554.080333333,0.5071922640651662,19.450475785506566,0.5511662800842607,1.0,0.5071922640651662,7.978357459090557,financial_special,True,0.18,0.6871922640651662,watch
OUT,OUTFRONT Media Inc.,29.18,5139626642.640817,21.300824877728303,7.41288337791733,36.1928708770892,4.69705258510649,303400000.0,,4132500000.0,7.622494432071269,127.62790697674417,126.13073621657311,4.08163265306122,1714830.1,Finance,Real Estate Investment Trusts,NYSE:OUT,US,50038742.318,0.5885364813989417,34.80092165664479,0.612076458430841,1.0,0.5885364813989417,3.8459209969042063,financial_special,True,0.1,0.6885364813989416,watch
FSLR,"First Solar, Inc.",207.49,22298906032.06552,12.791127769489687,2.1606661295460396,18.5091772344458,13.3046657930565,1500119000.0,,194010000.0,23.82062868645269,38.85079226227162,38.72032564821782,0.0,2305000.433333333,Electronic Technology,Semiconductors,NASDAQ:FSLR,US,478264539.9123333,0.6910694952817916,16.891912648232744,0.7572338334834992,1.0,0.6910694952817916,8.737636285654593,technology_strict,True,0.0,0.6910694952817916,watch
NEE/PV,"NextEra Energy, Inc. 7.375% Corporate",45.9599,175347328408.0,10.31207790168054,1.6782610315047088,17.2326566162912,4.30871310846846,3048000000.0,,110197000000.0,11.827956989247312,57.18390804597702,55.29809401024427,2.89804901261004,251187.63333333333,Utilities,Electric Utilities,NYSE:NEE/PV,US,11544558.509236665,0.5984032602339346,16.274712502232024,0.6336258106105574,1.0,0.5984032602339346,5.5588881934406364,stable_or_general,True,0.1,0.6984032602339346,watch
AVY,Avery Dennison Corporation,171.92,13029496823.922787,18.816833579598313,5.617882066303556,31.1599328087702,7.92891088552066,1063099999.9999999,,3678200000.0,5.838931551059179,-0.8579465541490858,2.413352463794099,2.20770964572617,1022088.0333333333,Process Industries,Pulp & Paper,NYSE:AVY,US,175717374.69066665,0.6038791448966851,29.855618600966988,0.6302610517334536,1.0,0.6038791448966851,4.185869770027573,cyclical,True,0.1,0.7038791448966851,watch
ACN,Accenture plc,189.5,115963032346.02321,15.133606989410467,3.63580339647352,24.949045397194205,11.7875995483314,12581688000.0,,8388770000.0,6.743411196104081,-2.00054826085693,-0.3414327441164492,3.37613918806959,5697785.566666666,Technology Services,Information Technology Services,NYSE:ACN,US,1079730364.8833332,0.6065806025232696,24.02469813718318,0.6299187154400948,1.0,0.6065806025232696,3.704940390685163,technology_strict,True,0.1,0.7065806025232696,watch
YETI,"YETI Holdings, Inc.",41.145,3003124199.834903,17.907816852367688,4.926724772762379,25.320838726671703,13.7283123263038,255436000.0,,253034000.0,6.243468715697036,0.9012517071298773,9.613090978483863,0.0,1681396.7333333334,Producer Manufacturing,Miscellaneous Manufacturing,NYSE:YETI,US,69181068.59300001,0.7072363220537593,27.51158789135701,0.650919057201841,1.0,0.7072363220537593,8.651961289014022,cyclical,True,0.0,0.7072363220537593,watch
VLTO,Veralto Corp,96.84,23608947372.885166,24.408932802339063,7.635881071388864,34.3652173913043,12.5627821221947,1047000000.0,,3379000000.0,6.229019022752704,10.638297872340425,11.103643339214205,0.510829587249694,1551922.6666666667,Producer Manufacturing,Industrial Machinery,NYSE:VLTO,US,150288191.04000002,0.7102801802300092,31.2831418449279,0.780258355229643,1.0,0.7102801802300092,8.968590279182354,cyclical,True,0.0,0.7102801802300092,watch
SHEL,Shell PLC,92.235,266292585609.36746,10.187210072895958,1.415653612652553,14.3355255312839,6.751884344353271,28926595730.0,,73076000000.0,7.3746733176189645,89.37971646413719,103.08644744515725,3.27347557673562,6253520.433333334,Energy Minerals,Integrated Oil,NYSE:SHEL,US,576793457.1685001,0.7106269003298678,13.896381860417643,0.733083631064654,1.0,0.7106269003298678,3.0633245353156258,cyclical,True,0.0,0.7106269003298678,watch
RIO,Rio Tinto Plc,102.57,176532934375.0625,13.9191206405211,2.5480995082915707,19.5373848711576,9.5006828914368,5763072180.0,,22852000000.0,14.259768013550717,17.124114242128634,16.873641972371562,4.48269155970439,2299640.6,Non-Energy Minerals,Other Metals/Minerals,NYSE:RIO,US,235874136.342,0.712435197049808,18.306469022716765,0.760338906604472,1.0,0.712435197049808,6.300310182546475,cyclical,True,0.0,0.712435197049808,watch
EEFT,"Euronet Worldwide, Inc.",72.92,2727470100.0338435,11.449566637357115,2.2173744607845225,22.3427331887202,4.4206008583691,245400000.0,,2806800000.0,5.7586306933565545,-13.315299068229635,-12.938635462660445,0.0,691027.7,Commercial Services,Miscellaneous Commercial Services,NASDAQ:EEFT,US,50389739.883999996,0.5124514776525849,19.36644880121293,0.5912063050320318,1.0,0.5124514776525849,13.321039831464565,financial_special,True,0.2,0.712451477652585,watch
PAAS,Pan American Silver Corp.,51.145,21205638731.83577,15.824253480129109,2.9025385915220396,22.1949317368835,15.6170569180247,1497234900.48,,839990800.0,31.31847442342491,150.07035864539154,117.89350968964783,1.30441030586939,4768810.633333334,Non-Energy Minerals,Precious Metals,NYSE:PAAS,US,243900819.84183338,0.7129669812785407,18.34234136331819,0.8627172053277308,1.0,0.7129669812785407,17.357973519526904,cyclical,True,0.0,0.7129669812785407,watch
SCI,Service Corporation International,81.91,11163644419.696304,21.36856934154231,7.279555921315741,34.7107027066821,2.89020763120593,535239000.00000006,,5303165000.0,2.891094788479809,0.48156193566959543,4.0555947662739555,1.64290891519691,889970.2,Consumer Services,Other Consumer Services,NYSE:SCI,US,72897459.08199999,0.6156190360683388,34.06665090658955,0.6272577072555425,1.0,0.6156190360683388,1.85548476369094,stable_or_general,True,0.1,0.7156190360683388,watch
FBP,First BanCorp. New,28.504,4351656162.189947,12.014330874604848,2.2014159682978804,19.4940308004002,1.95370253739738,440170000.0,,200000000.0,2.4477664201687155,21.48649838424089,26.27741111347669,2.74165202108963,1211009.8,Finance,Regional Banks,NYSE:FBP,US,34518623.339200005,0.6163081918572839,18.323250718449064,0.6556877411772805,1.0,0.6163081918572839,6.005838884419434,financial_special,True,0.1,0.7163081918572839,watch
ARIS,Aris Mining Corporation,20.05,4138319966.7718625,15.004538030853823,2.3472588886303978,20.8350537039755,11.2248011531616,102879575.03999999,,505226999.2,86.19708216790585,4926.061362812391,3674.443336562824,0.0,1522873.3999999997,Non-Energy Minerals,Precious Metals,NYSE:ARIS,US,30533611.669999994,0.7201583563948689,15.643659830137594,0.9591449950827683,1.0,0.7201583563948689,24.91663303391124,cyclical,True,0.0,0.7201583563948689,watch
AOS,A.O. Smith Corporation,60.44,8214313786.973732,16.85020491231983,4.484248372753517,27.1327078474972,14.519967494775901,639400000.0,,676700000.0,0.38784233022004116,-3.528731199382954,0.04183633625258149,2.37898562696184,1457007.2,Producer Manufacturing,Building Products,NYSE:AOS,US,88061515.168,0.6210292392130017,26.61242635378821,0.6331705605611284,1.0,0.6210292392130017,1.9175435663602025,cyclical,True,0.1,0.7210292392130017,watch
CPA,"Copa Holdings, S.A.",130.65,5374752103.179044,8.58150624646953,1.8562826607712704,23.0665988845398,9.5386231541718,-48567000.0,,2564815000.0,14.804731189606008,-1.76631414587651,-1.3912457737994905,5.20825283981145,268222.9666666667,Transportation,Airlines,NYSE:CPA,US,35043330.595000006,0.372031710848417,21.631198620113494,0.3967189427260922,1.0,0.372031710848417,6.222851802345131,cyclical,False,0.35,0.722031710848417,watch
SBS,Companhia de saneamento Basico Do Estado De Sao Paulo - Sabesp,5.065,18087467590.464,11.697459584295613,2.0454316002019186,18.7516566120325,7.630108243797171,1033760890.0,,9916202436.26774,9.425580546496187,-23.51370164458964,-22.8576518795653,1.74015789473684,10065682.033333335,Utilities,Water Utilities,NYSE:SBS,US,50982679.49883334,0.623809395954362,17.486118122160526,0.6689569121388454,1.0,0.623809395954362,6.748942325767137,stable_or_general,True,0.1,0.723809395954362,watch
CVNA,Carvana Co.,73.25,80608973529.55876,33.978105575656365,13.074753676995572,54.46335533171241,13.111464169244902,929000000.0,,5817000000.0,53.97566670763181,178.50799289520427,169.87981972959443,0.0,9461028.633333333,Retail Trade,Specialty Stores,NYSE:CVNA,US,693020347.3916667,0.6238709563285374,38.47993716978438,0.8830083434319381,1.0,0.6238709563285374,29.347105158284947,stable_or_general,True,0.1,0.7238709563285374,watch
LECO,"Lincoln Electric Holdings, Inc.",273.69,14917679731.481321,27.35915070574593,9.598426039093008,37.7362002022638,14.681728263462702,542404000.0,,1239970000.0,9.13765045361023,10.078788071621181,12.502389815450027,1.13939305408465,472774.6,Producer Manufacturing,Industrial Machinery,NASDAQ:LECO,US,129393680.27399999,0.7250107472162671,35.08305554630086,0.7798394489795419,1.0,0.7250107472162671,7.030767914475322,cyclical,True,0.0,0.7250107472162671,watch
EC,Ecopetrol S.A.,17.015,35061439593.828125,9.991192014092777,1.4199945920864199,15.9041113038176,4.53177184058836,4084973530.0,,30428566042.4418,6.47744983748175,18.116142837710264,18.116243584408387,3.77494186046512,1885847.8,Energy Minerals,Integrated Oil,NYSE:EC,US,32087700.317,0.6282144172176728,14.212464239336898,0.7029880143120719,1.0,0.6282144172176728,10.636539396417854,cyclical,True,0.1,0.7282144172176728,watch
GEO,Geo Group Inc (The) REIT,31.04,4085471749.73057,14.644963434772352,2.707748137550814,20.1101792508045,7.87562295025947,26437000.0,,1637944000.0,15.322673077558438,224.9910821777322,230.0887712194362,0.0,1978147.4333333333,Commercial Services,Miscellaneous Commercial Services,NYSE:GEO,US,61401696.33066667,0.7282363449936174,18.48927892248373,0.792078668733991,1.0,0.7282363449936174,8.06009885891955,financial_special,True,0.0,0.7282363449936174,watch
SIG,Signet Jewelers Limited,82.97,3263191761.0201163,11.634461676529153,1.7361950313894101,15.9329140461216,5.23397252432742,568000000.0,,1223600000.0,1.3512309565527278,586.8544600938967,674.0583957451429,1.63374786637406,636707.5,Retail Trade,Specialty Stores,NYSE:SIG,US,52827621.275,0.7302155552242636,14.922865188442135,0.7796399370772394,1.0,0.7302155552242636,6.339385593593483,stable_or_general,True,0.0,0.7302155552242636,watch
BJ,"BJ's Wholesale Club Holdings, Inc.",92.5373,11688821341.931786,20.217893816910642,5.325090921646257,27.6733807732107,7.81022412763166,277498000.0,,2773323000.0,9.085941863977686,2.697263523026242,5.100002296263983,0.0,1728125.8666666667,Retail Trade,Specialty Stores,NYSE:BJ,US,159916101.76149333,0.7305899478853207,26.338504741736486,0.7676173729358673,1.0,0.7305899478853207,4.823682521531481,stable_or_general,True,0.0,0.7305899478853207,watch
WEX,WEX Inc.,191.845,6538386052.3262825,19.104071857480008,4.893859035329813,30.189816209701704,2.25007458544926,108500000.0,,5357200000.0,7.459010083904241,14.458224543080938,26.891924335662566,0.0,628291.1333333333,Commercial Services,Miscellaneous Commercial Services,NYSE:WEX,US,120534512.47433333,0.6327985478540537,25.616837456637136,0.7457623092553246,1.0,0.6327985478540537,15.147421638145008,financial_special,True,0.1,0.7327985478540536,watch
PG,Procter & Gamble Company (The),146.83,341296508622.1153,22.180093354884516,6.398565759066524,30.248932540318403,12.7474657599542,15147000000.0,,35025000000.0,3.260405296378909,0.45073244021534997,1.73974518573163,2.92036482439423,8925644.0,Consumer Non-Durables,Household/Personal Care,NYSE:PG,US,1310552308.5200002,0.7332521015517146,28.848236374340722,0.7688543960563483,1.0,0.7332521015517146,4.630563951672384,stable_or_general,True,0.0,0.7332521015517146,watch
FUTU,Futu Holdings Limited,121.51,17105129734.999998,12.008815623023404,3.4362453610970425,30.938671044642902,4.54707615846479,,,3611213563.8561797,44.46876291269366,40.09368744702419,40.132398969614705,2.08999262355545,1347883.9666666666,Finance,Investment Banks/Brokers,NASDAQ:FUTU,US,163781380.78966665,0.3881490451123548,28.614356893855906,0.41967798429193226,1.0,0.3881490451123548,7.5126502603590435,financial_special,False,0.35,0.7381490451123548,watch
BZ,KANZHUN LIMITED - American Depository Shares,16.85,8159085625.30282,11.933427762039662,2.5821736538600053,24.389773919142,19.1811446330632,,,31846317.092581198,15.922032710282721,122.52041576394652,113.71272892386864,0.878859857482185,5806869.0,Commercial Services,Commercial Printing/Forms,NASDAQ:BZ,US,97845742.65,0.4892799663335077,21.638155485165147,0.5514993073333386,1.0,0.4892799663335077,11.281852972885819,financial_special,False,0.25,0.7392799663335077,watch
NEE/PT,"NextEra Energy, Inc. 7.234% Corporate",49.26,175347328408.0,11.052525297852767,1.7987667164620018,17.2326566162912,4.30871310846846,3048000000.0,,110197000000.0,11.827956989247312,57.18390804597702,55.29809401024427,2.89804901261004,278953.76666666666,Utilities,Electric Utilities,NYSE:NEE/PT,US,13741262.546,0.6413709472632365,16.274712502232024,0.679122614076098,1.0,0.6413709472632365,5.558888193440614,stable_or_general,True,0.1,0.7413709472632365,watch
FDS,FactSet Research Systems Inc.,304.115,10816015157.759794,20.04250832042706,5.3537932861708715,27.0315837335748,13.2689248400992,708307000.0,,1570642000.0,6.621020938035901,6.2016813030098445,9.523534549339184,1.44427402862986,849245.4,Commercial Services,Financial Publishing/Services,NYSE:FDS,US,258268264.821,0.7414478011339417,26.712191910202954,0.7503131299671312,1.0,0.7414478011339417,1.1815505392498982,financial_special,True,0.0,0.7414478011339417,watch
CLS,"Celestica, Inc.",314.34,39641767619.30125,33.544112524842745,14.596115482675197,52.17736144435629,13.7804657226751,504725745.91999996,,980022560.0,39.79123699223913,97.23930845187199,98.90343083087613,0.0,2918594.6333333333,Electronic Technology,Electronic Components,NYSE:CLS,US,917431037.0419999,0.6428863322384618,43.5131961588351,0.7708951648230467,1.0,0.6428863322384618,16.605219286070927,technology_strict,True,0.1,0.7428863322384618,watch
PDD,PDD Holdings Inc.,81.76,116191849284.0,9.069027098377203,1.7634808904111805,22.9436193816255,15.1072366213241,,,713885695.75854,13.529529753296712,-1.594457918651893,-1.6988147550457338,0.0,6263358.533333333,Retail Trade,Department Stores,NASDAQ:PDD,US,512092193.6853334,0.39527447468206234,19.445094509936293,0.4663915155435732,1.0,0.39527447468206234,15.248356475487101,hybrid_platform,False,0.35,0.7452744746820623,watch
OFG,OFG Bancorp,52.69,2226968733.13953,10.380425146279478,1.5824604872921124,16.0807520812627,1.80795750625295,202661000.0,,576461000.0,4.562648937889343,13.211277732128185,19.613064379300596,2.46118894358198,224261.33333333375,Finance,Major Banks,NYSE:OFG,US,11816329.653333355,0.6455186358090027,15.244659683898337,0.6809220646127939,1.0,0.6455186358090027,5.199336406277766,financial_special,True,0.1,0.7455186358090027,watch
GNTX,Gentex Corporation,22.88,4820434722.430823,12.142440163455925,1.8994519151423177,16.1296493905654,13.7847840353176,496653110.0,,11198119.0,10.130257987056156,1.2878354928901257,6.795511221945144,2.1015761821366,2376356.966666667,Producer Manufacturing,Auto Parts: OEM,NASDAQ:GNTX,US,54371047.39733333,0.7528024862436449,15.643082358840338,0.7762178760501057,1.0,0.7528024862436449,3.01660017489076,cyclical,True,0.0,0.7528024862436449,watch
PIPR,Piper Sandler Companies,76.7,5420411096.505466,17.780147433817053,3.774210675751016,23.6160793532111,14.340704004390101,581732000.0,,175009000.0,32.10163892960896,45.68773851003816,45.593843869182216,0.964630225080386,520646.93333333335,Finance,Investment Banks/Brokers,NYSE:PIPR,US,39933619.78666667,0.7528831169598637,21.22710562327866,0.8376152523742328,1.0,0.7528831169598637,10.115877805972929,financial_special,True,0.0,0.7528831169598637,watch
CAAP,Corporacion America Airports SA,23.705,3868142153.735439,13.221596296502872,2.07594972182011,17.5405562079878,6.3567698718172,369267900.0,,1090386000.00001,16.221398261796548,105.23185264678712,102.83968774748273,3.75004130524577,213890.03333333333,Transportation,Other Transportation,NYSE:CAAP,US,5070263.240166666,0.7537729214357458,15.701203359001372,0.8420753488886594,1.0,0.7537729214357458,10.486285766404624,stable_or_general,True,0.0,0.7537729214357458,watch
NU,Nu Holdings Ltd.,15.275,73785651975.67125,20.787969515514426,5.569106135678374,31.607309775556104,4.95878166527058,9159515000.0,,42023749000.0,53.498086693676214,56.826127238914694,56.40698169433802,0.0,64534752.56666667,Finance,Regional Banks,NYSE:NU,US,985768345.4558334,0.6576949972373497,26.790043787210923,0.7759587733648357,1.0,0.6576949972373497,15.240987045568389,financial_special,True,0.1,0.7576949972373497,watch
AAGIY,"AIA Group, Ltd.",39.56,101981943821.26593,12.961142782255424,2.5048850323621523,19.6893718134976,2.32190756711138,1413395420.0,,21157385395.912,13.002971048255803,31.995240360907438,36.16167023554604,2.34508088645469,456795.4666666667,Finance,Multi-Line Insurance,OTC:AAGIY,US,18070828.661333334,0.6582811734689376,19.326112476682912,0.6706544214669727,1.0,0.6582811734689376,1.8449513791276018,financial_special,True,0.1,0.7582811734689375,watch
AXS,Axis Capital Holdings Limited,100.36,7322900372.051281,7.1272840900213765,1.2330206265577852,17.4217880849447,3.3495456751409907,,,1486958000.0,9.428299578983436,23.833440421444983,35.40560812370181,1.73570019723866,661325.5,Finance,Multi-Line Insurance,NYSE:AXS,US,66370627.18,0.4091017555299347,17.300006720429284,0.41198157926753215,1.0,0.4091017555299347,0.6990175975143176,financial_special,False,0.35,0.7591017555299346,watch
CAKE,The Cheesecake Factory Incorporated,109.1,5428884918.8710575,29.611334274237322,10.464264202049499,38.8335329914143,5.54185040888429,204952000.0,,2081016000.0,5.662801243563079,12.407096242314397,13.376619380250496,1.09162157118865,1824406.3666666667,Consumer Services,Restaurants,NASDAQ:CAKE,US,199042734.60333332,0.7625197089531897,35.3387122145107,0.8379290703773405,1.0,0.7625197089531897,8.999492211219284,stable_or_general,True,0.0,0.7625197089531897,watch
TSM,Taiwan Semiconductor Manufacturing Company Ltd.,423.6976,1951016865144.7932,30.58084446048358,10.882915908514152,40.0598729301554,26.904628394313402,39903628640.0,,33542791580.996098,34.599355140412875,57.79950265759371,57.778461047908635,0.662235677801492,10676879.599999998,Electronic Technology,Semiconductors,NYSE:TSM,US,4523768262.00896,0.7633784688683721,35.587362286796896,0.8593175356474575,1.0,0.7633784688683721,11.164565227544154,technology_strict,True,0.0,0.7633784688683721,watch
FTI,TechnipFMC plc,79.06,31004515617.818684,27.550878171173682,9.491645886933439,36.0425544961217,11.4971418512198,1571700000.0,,1242700000.0,8.765417818950379,29.073342116820378,35.896950179958324,0.24975024975025,3001696.9000000814,Industrial Services,Oilfield Services/Equipment,NYSE:FTI,US,237314156.91400644,0.7643985992762596,34.45133700625372,0.799704178858793,1.0,0.7643985992762596,4.4148299478584345,cyclical,True,0.0,0.7643985992762596,watch
FRFHF,Fairfax Financial Holdings Ltd.,1651.99,36969520196.01991,8.310734839542203,1.2680078474099756,17.1019983801141,4.18451682609394,1259803881.6,,14273151640.0,-5.257080451617038,-6.692955332750334,-1.669200591915081,0.900858590443583,9878.2,Finance,Property/Casualty Insurance,OTC:FRFHF,US,16318687.618,0.48595109500219447,15.257469668949561,0.5446994173912965,1.0,0.48595109500219447,10.785457173878132,financial_special,True,0.28,0.7659510950021945,watch
SPOT,Spotify Technology S.A.,552.8,113811754286.77794,34.41727837028459,11.854807770045893,44.8499272237338,24.7065652442166,3874711610.0,,532777799.99999994,16.91029466619277,352.62620775339,285.97793958618695,0.0,1869938.3333333333,Technology Services,Internet Software/Services,NYSE:SPOT,US,1033701910.6666665,0.7673876079796974,34.44434984807274,0.9992140517121805,1.0,0.7673876079796974,23.200879064424896,technology_strict,True,0.0,0.7673876079796974,watch
PAM,Pampa Energia S.A.,85.02,4784478154.695134,7.949509116409536,1.1313967933111586,15.3300518825298,8.30436807346237,-456068410.0,,2628271479.60001,28.765178902882592,24.615875327642243,25.19754170324846,0.0,161957.66666666666,Utilities,Electric Utilities,NYSE:PAM,US,13769640.819999998,0.5185572219405751,14.23228499701581,0.5585546606238119,1.0,0.5185572219405751,7.160881736904024,stable_or_general,False,0.25,0.7685572219405751,watch
OTEX,Open Text Corporation,23.88,5781986539.347154,9.520996588389295,1.442146530899852,16.0748425238754,4.75326873588354,785572599.68,,5965695564.4,-3.6344924231020954,39.714257041237246,48.37103750521127,4.43448467153285,1673111.3666666667,Technology Services,Packaged Software,NASDAQ:OTEX,US,39953899.436,0.5922917486904206,15.147012369046818,0.628572576321758,1.0,0.5922917486904206,5.771939311072616,technology_strict,True,0.18,0.7722917486904206,watch
JAZZ,Jazz Pharmaceuticals plc,247.83,16087780842.214127,17.09101692343765,3.344520421034676,22.1146327264538,8.54266741206066,1591330000.0,,4409300000.0,12.590565236701051,,,0.0,1000067.0333333333,Health Technology,Pharmaceuticals: Major,NASDAQ:JAZZ,US,247846612.87100002,0.7728374752972118,19.568878996592595,0.8733774135152862,1.0,0.7728374752972118,11.511625634261346,health_special,True,0.0,0.7728374752972118,watch
NEE/PS,"NextEra Energy, Inc. 7.299% Corporate",51.73,175347328408.0,11.606722161143395,1.8889606626589395,17.2326566162912,4.30871310846846,3048000000.0,,110197000000.0,11.827956989247312,57.18390804597702,55.29809401024427,2.89804901261004,166206.0,Utilities,Electric Utilities,NYSE:NEE/PS,US,8597836.379999999,0.6735306354431023,16.274712502232028,0.7131752502264829,1.0,0.6735306354431023,5.558888193440614,stable_or_general,True,0.1,0.7735306354431023,watch
LCII,LCI Industries,99.8,2426288538.58076,11.603436849632017,1.6946634233729405,15.0000781013699,6.55894716580462,286955000.0,,1146181000.0,4.052563945266339,38.7783120500289,43.307729476648284,4.55265241488519,258031.33333333334,Producer Manufacturing,Miscellaneous Manufacturing,NYSE:LCII,US,25751527.066666666,0.7735584289106014,14.604840318725776,0.7944925515381726,1.0,0.7735584289106014,2.634904831649043,cyclical,True,0.0,0.7735584289106014,watch
QLYS,"Qualys, Inc.",172.395,5964005444.245656,29.860738225971286,10.625073188169095,38.5922887919357,19.9205469701661,313957000.0,,53399000.0,10.713629893070873,11.644801919989622,15.010558189569304,0.0,706868.4666666667,Technology Services,Packaged Software,NASDAQ:QLYS,US,121860589.311,0.7737488280874139,35.582084768848645,0.8392071015499835,1.0,0.7737488280874139,7.800014244597153,technology_strict,True,0.0,0.7737488280874139,watch
FIVE,"Five Below, Inc.",243.76,13478795609.039507,21.870317700996797,5.419857766532111,28.2514138665,12.528514732966102,599250000.0,,2038638000.0,25.564908438601513,126.7617394361555,125.47996196718655,0.0,1048093.8666666667,Retail Trade,Discount Stores,NASDAQ:FIVE,US,255483360.93866667,0.7741317940526231,24.781797139988903,0.882515403441261,1.0,0.7741317940526231,12.281214465606972,stable_or_general,True,0.0,0.7741317940526231,watch
ONON,On Holding AG,27.99,9219137034.95416,18.76131107983109,3.947863936213577,24.2306163782087,13.850532631618501,522730230.0,,761668629.5171391,29.344161166073313,231.08589600801656,226.7411300919842,0.0,7795626.2,Consumer Non-Durables,Apparel/Footwear,NYSE:ONON,US,218199577.338,0.7742812146002065,21.042580230214487,0.8915879552115104,1.0,0.7742812146002065,13.157057576386322,stable_or_general,True,0.0,0.7742812146002065,watch
CUBI,"Customers Bancorp, Inc",79.5,2685812240.752135,9.688033146478187,1.2172694242897464,14.324506973029402,1.18785637856561,366591000.0,,2369400000.0,11.548237932374603,97.58116453911286,102.9630728896144,0.0,238407.03333333333,Finance,Regional Banks,NYSE:CUBI,US,18953359.15,0.6763257656768988,12.564670309083848,0.7710535102122061,1.0,0.6763257656768988,12.285495530554902,financial_special,True,0.1,0.7763257656768988,watch
SEB,Seaboard Corporation,4280.0,4099358142.2560253,6.466820752269545,0.7472399422599316,12.2856312372832,7.66765435084961,-23000000.0,,1972000000.0,8.171861836562764,356.1151079136691,361.79269144437217,0.209460151369869,17251.8,Process Industries,Agricultural Commodities/Milling,AMEX:SEB,US,73837704.0,0.5263726891496374,11.554981510778479,0.5596565209764549,1.0,0.5263726891496374,5.9471891382138935,cyclical,False,0.25,0.7763726891496374,watch
OSCR,"Oscar Health, Inc.",31.95,8737334817.571339,23.33479404031551,4.805414551607445,34.3095348078782,6.39593878564577,4379945000.0,,431629000.0,42.81608289889565,,,0.0,5367508.6,Health Services,Managed Health Care,NYSE:OSCR,US,171491899.76999998,0.6801256318682976,20.593344613649183,1.133123078261377,1.0,0.6801256318682976,39.977779561964475,stable_or_general,True,0.1,0.7801256318682975,watch
UL,Unilever PLC,64.54,137906742035.8375,21.55860640678759,7.5061873127523775,30.7499604737436,6.83894603078477,8446792260.0,,36711363000.0,-17.449945282152356,8.029946347740593,9.259124087591234,3.42621419767419,4492804.8666666625,Consumer Non-Durables,Household/Personal Care,NYSE:UL,US,289965626.0946664,0.7010937924683119,34.81759057667615,0.6191871996228658,1.0,0.7010937924683119,13.22808237885631,stable_or_general,True,0.08,0.7810937924683119,watch
AD,"Array Digital Infrastructure, Inc.",38.545,3334373730.1910667,4.4755756302033145,2.633938272431697,22.0606417286616,9.41184326071206,-202981000.0,,1197585000.0,-94.22891891891891,,,0.0,166311.53333333333,Communications,Wireless Telecommunications,NYSE:AD,US,6410478.0523333335,0.2028760398383408,58.85138561074978,0.07604877240793133,1.0,0.2028760398383408,166.77095949701655,stable_or_general,False,0.58,0.7828760398383408,watch
CNM,"Core & Main, Inc.",43.875,8490691198.132674,18.61318513490582,4.0405165967384855,23.7315010570825,7.12585303920013,606000000.0,,2444000000.0,0.45986072789383786,7.9326923076923075,9.276343238607408,0.0,1823529.4,Distribution Services,Wholesale Distributors,NYSE:CNM,US,80007352.425,0.7843239704953617,21.70781930901871,0.8574414993021802,1.0,0.7843239704953617,8.527407276919108,stable_or_general,True,0.0,0.7843239704953617,watch
AEM,Agnico Eagle Mines Limited,203.155,103502819103.30186,17.851571792430498,3.6007241962676693,22.7578751735598,16.7606909120687,4422467526.4,,319965580.0,42.593646122297244,88.18562728491273,88.58597700083142,0.822153803092856,3284552.466666667,Non-Energy Minerals,Precious Metals,NYSE:AEM,US,667273256.3656667,0.7844129408518126,20.170348236755625,0.8850403365818093,1.0,0.7844129408518126,11.369808987309938,cyclical,True,0.0,0.7844129408518126,watch
AX,"Axos Financial, Inc.",97.375,5524555506.989387,11.48371347029271,1.7447089852288773,16.7731839486104,1.78452640290062,259998000.0,,1324492000.0,12.535325663963226,13.273951971319542,13.657261577642254,0.0,291400.6,Finance,Major Banks,NYSE:AX,US,28375133.424999997,0.6846472026704326,15.192898967239787,0.7558605829641113,1.0,0.6846472026704326,9.421496754654823,financial_special,True,0.1,0.7846472026704325,watch
SMERY,Siemens Energy AG,34.6395,143996990304.307,15.241562898754784,12.11209443653821,26.065060721961004,4.55906179402301,8946294170.0,,3383024700.0,16.832483256129503,200.86282669385253,53.65424920559798,1.62021012133767,678343.9333333333,Producer Manufacturing,Electrical Products,OTC:SMERY,US,23497494.6787,0.5847507151945006,79.4675356916826,0.19179609341214326,1.0,0.5847507151945006,204.88145237554565,cyclical,True,0.2,0.7847507151945006,watch
MWA,MUELLER WATER PRODUCTS,24.115,3764970505.8161087,17.077402450251398,3.359861119238496,21.684395432809602,12.0639574341016,179600000.0,,452900000.0,5.883616061842388,49.02749832327297,49.12873587496039,1.17154811715481,1001504.3333333334,Producer Manufacturing,Industrial Machinery,NYSE:MWA,US,24151276.99833333,0.7875433974245099,19.674310124307194,0.8680051469328334,1.0,0.7875433974245099,9.269731843485218,cyclical,True,0.0,0.7875433974245099,watch
BAP,Credicorp Ltd.,382.175,30395561276.90915,14.139338197208945,2.71467547845556,20.5587499362702,2.80485177777715,1281154660.0,,10585511790.2393,23.899007363456782,27.50132843878693,27.602160284009358,3.76831775944194,277741.06666666665,Finance,Major Banks,NYSE:BAP,US,106145692.15333334,0.6877528177072679,19.199452199194354,0.7364448761617406,1.0,0.6877528177072679,6.611772317332109,financial_special,True,0.1,0.7877528177072679,watch
AROC,"Archrock, Inc.",32.35,5672190379.534705,17.37565796540982,3.6519875956600614,21.9475130423621,7.321979426843141,291332000.0,,2357209000.0,11.536579652040341,42.150260994360075,40.92801453334343,2.7027027027027,1784957.5333333334,Industrial Services,Oilfield Services/Equipment,NYSE:AROC,US,57743376.20333334,0.7916914290868451,21.017837729829676,0.8267100635546979,1.0,0.7916914290868451,4.235902768290889,cyclical,True,0.0,0.7916914290868451,watch
AFG,"American Financial Group, Inc.",143.562841,11904441603.431263,12.545909376911649,2.46914517085799,20.4134090178858,3.7319862155388503,1431000000.0,,2031000000.0,-1.4264990328820115,24.73821989528796,25.54582757334387,2.43868643480671,336490.9,Finance,Property/Casualty Insurance,NYSE:AFG,US,48307589.5746469,0.6145915836947756,19.68087841764568,0.6374669418039345,1.0,0.6145915836947756,3.5884775521731527,financial_special,True,0.18,0.7945915836947757,watch
ESTC,Elastic N.V.,94.24,9894377907.21731,26.389627845761808,7.638983457515449,33.122314223752,13.5956379877269,349037000.0,,595775000.0,16.180880938443646,,,0.0,2716708.9,Technology Services,Packaged Software,NYSE:ESTC,US,256022646.73599997,0.7967326095480918,28.94691619814667,0.911655931330309,1.0,0.7967326095480918,12.605997266372027,technology_strict,True,0.0,0.7967326095480918,watch
ADT,ADT Inc.,7.45,5034820103.262317,10.315702021600666,1.5716636428842665,17.2045837228042,3.8720164020665795,1613800000.0,,7784705000.0,2.103566332342367,-1.6415666521035184,8.194756554307112,2.92942743009321,7268092.333333333,Commercial Services,Miscellaneous Commercial Services,NYSE:ADT,US,54147287.88333333,0.5995903294031747,15.235644065651236,0.6770768585266059,1.0,0.5995903294031747,11.444273740510125,financial_special,True,0.2,0.7995903294031748,watch
ULS,UL Solutions Inc.,74.33,15007090663.26263,30.056611403154065,9.408682113630753,37.5,16.6859791425261,436000000.0,,476000000.0,6.607929515418502,54.12844036697248,52.38153921991496,0.757068203135468,828274.5,Commercial Services,Miscellaneous Commercial Services,NYSE:ULS,US,61565643.585,0.8015096374174417,31.303203103738536,0.9601768644424893,1.0,0.8015096374174417,16.524791723363908,financial_special,True,0.0,0.8015096374174417,watch
WRB,W.R. Berkley Corporation,68.81,25544166963.045326,14.151156812339332,2.5965489031175193,20.1593745137961,4.86435736387566,3616102000.0,,3103180000.0,4.269504584648884,9.509631408490543,10.669822700685069,0.532374100719424,1587100.466666665,Finance,Multi-Line Insurance,NYSE:WRB,US,109208383.11133322,0.7019640814081293,18.34866885831847,0.7712361546011458,1.0,0.7019640814081293,8.981953553362843,financial_special,True,0.1,0.8019640814081292,watch
MURGY,Muenchener Rueckver Ges,12.22,77933586590.50182,9.75804519683782,2.0034429051561604,21.5783887146409,2.46796385904797,,,8450130300.000001,7.2957526805994375,43.520947427987785,47.86869760302279,2.7921271393643,695849.2333333333,Finance,Life/Health Insurance,OTC:MURGY,US,8503277.631333333,0.4522138017755238,20.531191081236166,0.47527905995458186,1.0,0.4522138017755238,4.852992719953242,financial_special,False,0.35,0.8022138017755238,watch
NXT,Nextpower Inc.,84.485,12818868725.865986,21.896949433688413,5.010574485776338,27.2237112152451,15.5264941364161,546735000.0,,38400000.0,16.97351627775993,9.070762745317644,5.139384690846653,0.0,2473683.933333333,Electronic Technology,Electronic Equipment/Instruments,NASDAQ:NXT,US,208989187.10766664,0.8043337390908799,22.882522978600754,0.9569289826198786,1.0,0.8043337390908799,15.946349865088594,technology_strict,True,0.0,0.8043337390908799,watch
ABG,Asbury Automotive Group Inc,213.91,3840094769.07228,7.998309926564066,0.9787859549180093,13.233422508506298,4.73005277791961,488600000.0,,5530500000.0,4.121650977552498,-5.648148148148148,-2.3171212763159796,0.0,240352.53333333333,Retail Trade,Specialty Stores,NYSE:ABG,US,51413810.40533333,0.6044022188079343,12.237409701607783,0.6535950108390363,1.0,0.6044022188079343,7.526494421668229,stable_or_general,True,0.2,0.8044022188079343,watch
EHC,Encompass Health Corporation,122.3,12065308178.264132,19.914350381840976,4.65151482304276,24.7529624010825,8.47702763423949,413400000.0,,2842300000.0,9.472403026935492,19.023827824750192,20.07625378824911,0.619952687821193,889220.6,Health Services,Medical/Nursing Services,NYSE:EHC,US,108751679.38,0.8045239215880714,23.35760260241415,0.8525853753408197,1.0,0.8045239215880714,5.637142641994741,stable_or_general,True,0.0,0.8045239215880714,watch
SMCI,"Super Micro Computer, Inc.",38.76,25463977917.3446,11.789755444701301,2.483201869704937,21.2589826017768,10.0006843147742,-6971885000.0,,9259887000.0,77.78535103837868,110.60414509550425,98.09592672933236,0.0,46971850.833333336,Electronic Technology,Computer Processing Hardware,NASDAQ:SMCI,US,1820628938.3,0.5545775950593199,21.062369625495233,0.5597544651590499,1.0,0.5545775950593199,0.9248465929180272,technology_strict,False,0.25,0.8045775950593199,watch
ACT,"Enact Holdings, Inc.",49.235,6769008415.18158,10.378810236519245,1.2604734372535886,12.8691907823047,9.95320043229183,720829000.0,,745232000.0,2.494460479301407,0.9268928925409864,7.784240661637735,1.81781458291254,334747.1,Finance,Multi-Line Insurance,NASDAQ:ACT,US,16481273.4685,0.806485070591248,12.144681408842438,0.8545971596226907,1.0,0.806485070591248,5.629797441953177,financial_special,True,0.0,0.806485070591248,watch
MZTI,The Marzetti Company,105.34,2874833961.9375243,15.09774694719945,2.7297701203933835,18.641334148939,12.9334232412994,206137000.0,,253781000.0,1.0843204363052754,14.585405606222213,14.928593783458794,3.73911397198031,339290.5,Consumer Non-Durables,Food: Specialty/Candy,NASDAQ:MZTI,US,35740861.27,0.8099069962789527,18.080645608514065,0.8350225580490341,1.0,0.8099069962789527,3.0077704521853876,stable_or_general,True,0.0,0.8099069962789527,watch
CDNA,"CareDx, Inc.",49.56,2563948094.086643,23.88894244673672,5.9950355879634785,29.4865120430085,22.719379480069,84705000.0,,19247000.0,34.40553244177381,80.8955807587016,103.17304867299974,0.0,1159161.9333333333,Health Technology,Medical Specialties,NASDAQ:CDNA,US,57448065.416,0.8101650819836791,25.095441547193367,0.9519235755151884,1.0,0.8101650819836791,14.891793540756515,health_special,True,0.0,0.8101650819836791,watch
PLMR,"Palomar Holdings, Inc.",134.401767,3537143129.1940455,18.05262149093351,3.5879555996332004,22.2257716727229,8.13393757624603,424702000.0,,295773000.0,60.26793974512977,31.144778971286925,30.903400499349438,0.330590655304143,212765.56666666668,Finance,Property/Casualty Insurance,NASDAQ:PLMR,US,28596068.116756305,0.8122382321190231,19.874983815703242,0.9083087391834815,1.0,0.8122382321190231,10.576855965386878,financial_special,True,0.0,0.8122382321190231,watch
EXPGY,Experian plc,37.89,35197616138.01,23.11493411420205,6.146902700808555,28.426404803329003,11.086674437389,2193293300.0,,5565000000.0,12.719419124280742,29.360472613100086,29.77594806428629,1.64622499246004,168324.33333333334,Commercial Services,Miscellaneous Commercial Services,OTC:EXPGY,US,6377808.99,0.8131501072374467,26.592776213157517,0.8692185399870095,1.0,0.8131501072374467,6.450441421831698,financial_special,True,0.0,0.8131501072374467,watch
AER,AerCap Holdings N.V.,145.75,22508181895.93972,7.168256060434669,1.244451836682837,18.661845073529,4.68504971133948,-317087130.0,,42818618000.285194,-1.0470277203925884,15.062373084473643,26.695329781599515,1.00354997269252,1062530.8666666667,Finance,Finance/Rental/Leasing,NYSE:AER,US,154863873.81666666,0.38411293375286465,17.360594071849825,0.41290384596100804,1.0,0.38411293375286465,6.972788577721856,financial_special,False,0.43000000000000005,0.8141129337528648,watch
PPG,"PPG Industries, Inc.",111.0375,24683636588.877426,15.943813448587798,2.9235620340171895,19.563046192259705,7.02171039365492,1407000000.0,,7459000000.0,1.4706791077056172,20.724191063174114,23.48268586322452,2.59142212189616,1573670.2666666666,Process Industries,Industrial Specialties,NYSE:PPG,US,174736412.23499998,0.8149964628154951,18.336654799960296,0.8695050227276091,1.0,0.8149964628154951,6.2689183486395965,cyclical,True,0.0,0.8149964628154951,watch
PAGS,PagSeguro Digital Ltd.,9.669,2683309700.387349,6.802448290417898,0.9186986385321345,14.615143541416002,2.94380700819071,-188035340.0,,9014349056.69491,11.040040980827547,6.3664970946662764,15.251763561177324,0.00401606425702811,2654436.4,Commercial Services,Miscellaneous Commercial Services,NYSE:PAGS,US,25665745.5516,0.4654383496912844,13.50541157109914,0.5036831535719188,1.0,0.4654383496912844,7.593028198266638,financial_special,False,0.35,0.8154383496912844,watch
RUN,Sunrun Inc.,8.7999,2119429454.20327,5.917092522861752,0.6054536860508077,12.623217358279701,1.8165890258204702,-2211108000.0,,15230687000.0,63.22992083679304,,,0.0,8372294.0,Electronic Technology,Semiconductors,NASDAQ:RUN,US,73675349.9706,0.4687467826085296,10.232283570208315,0.5782768315852381,1.0,0.4687467826085296,18.94076383389809,technology_strict,False,0.35,0.8187467826085295,watch
ALSN,"Allison Transmission Holdings, Inc.",128.8,10636051892.351294,20.4476901095412,5.380159658744159,28.349410503751297,7.48867497168743,711000000.0,,4231000000.0,37.5625,-30.577427821522306,-28.496832928462773,0.887573964497041,807694.4666666667,Producer Manufacturing,Auto Parts: OEM,NYSE:ALSN,US,104031047.30666667,0.7212739082117946,26.311821188221625,0.7771294112736871,1.0,0.7212739082117946,7.1874133511878435,cyclical,True,0.1,0.8212739082117946,watch
NMIH,NMI Holdings Inc,45.02,3386307548.9768677,8.853142452607567,1.2542667916290091,15.4267562327535,10.5207482155453,,,418021000.0,7.527725011440199,4.672387453102702,7.933947446618841,0.0,439549.9666666667,Finance,Property/Casualty Insurance,NASDAQ:NMIH,US,19788539.499333333,0.5738823067555131,14.167475541518963,0.6248920230469217,1.0,0.5738823067555131,8.162964865944266,financial_special,False,0.25,0.8238823067555131,watch
EG,"Everest Group, Ltd.",382.43,14663412257.18985,8.093602449900425,0.9591731051503078,12.5652730795757,3.40276419004251,2232000000.0,,3589000000.0,-5.12022630834512,137.34491315136478,146.14074294019287,2.07119741100324,305286.23333333334,Finance,Property/Casualty Insurance,NYSE:EG,US,116750614.21366668,0.6441246758939303,11.851003444851784,0.6829465949920368,1.0,0.6441246758939303,5.684473629824483,financial_special,True,0.18,0.8241246758939302,watch
MKTX,"MarketAxess Holdings, Inc.",163.34,5748406551.0,19.250441956393637,4.6396647306798755,23.3438637218149,13.936296479243,143069000.0,,178913000.0,3.648473648723373,37.49652219958536,42.77060793188738,1.89788171911351,1401523.6,Finance,Investment Banks/Brokers,NASDAQ:MKTX,US,228924864.82400003,0.8246467759492637,24.101601101884867,0.7987204615583882,1.0,0.8246467759492637,3.2459809956903563,financial_special,True,0.0,0.8246467759492637,watch
M,Macy's Inc,22.55,5931505903.464621,9.277162957172832,1.226277912097354,14.3841515934539,4.124093224263,1425000000.0,,5109000000.0,-0.34650642572042634,19.71326164874552,22.90539515598927,3.32799287939475,4972697.833333333,Retail Trade,Department Stores,NYSE:M,US,112134336.14166667,0.6449572570824953,13.218242664900389,0.7018454111004735,1.0,0.6449572570824953,8.105510575153463,stable_or_general,True,0.18,0.8249572570824952,watch
VCISY,Vinci SA,32.99,74046170783.93794,12.563311626489966,2.090856890067448,17.3005038962651,3.8597842004042406,9695146690.0,,45844043400.0,11.376001743468725,14.57365609425952,16.205691020931987,2.93198454470778,151941.0,Industrial Services,Engineering & Construction,OTC:VCISY,US,5012533.59,0.7261818327269753,16.642561708481693,0.754890493816659,1.0,0.7261818327269753,3.80302326295503,cyclical,True,0.1,0.8261818327269753,watch
UPS,"United Parcel Service, Inc.",102.96,87596467588.19478,19.166402948677376,5.814606884345459,29.658954473180405,6.42801884802025,5457000000.0,,28673000000.0,-0.17634532629430816,-20.24432809773124,-20.137071836346333,6.33816425120773,4928144.966666667,Transportation,Air Freight/Couriers,NYSE:UPS,US,507401805.768,0.6462265204260288,30.337496816254244,0.631772722211161,1.0,0.6462265204260288,2.2878161254383578,stable_or_general,True,0.18,0.8262265204260288,watch
MSFT,Microsoft Corporation,505.005,3749937523961.6104,28.141194958039385,8.478259774665196,34.0386274504814,19.4207984875622,66987000000.0,,128813000000.0,17.78868679984666,31.34279990572708,31.54908515130189,0.713557594291539,31251373.4,Technology Services,Packaged Software,NASDAQ:MSFT,US,15782099823.866999,0.8267429407657092,30.127575560692826,0.9340676916185365,1.0,0.8267429407657092,11.490039942057816,technology_strict,True,0.0,0.8267429407657092,watch
CHRW,"C.H. Robinson Worldwide, Inc.",145.52,17004194682.4856,27.769932445326518,10.470224758714275,37.122667513072,11.3444397105813,668759000.0,,1972571000.0,-0.09444775571961345,18.53219491379504,19.290657439446353,1.71114974264581,1847959.5666666667,Transportation,Air Freight/Couriers,NASDAQ:CHRW,US,268915076.14133334,0.7480586473358332,37.70345779316557,0.736535428598284,1.0,0.7480586473358332,1.5645165582162335,stable_or_general,True,0.08,0.8280586473358331,watch
AGX,"Argan, Inc.",418.35,5869384003.106467,33.07402224699381,11.582806336640902,39.8468914406982,15.7039927765522,545701000.0,,10915000.0,29.020778924621425,52.993071908808574,52.22581926275377,0.485708040896617,319382.4666666667,Industrial Services,Engineering & Construction,NYSE:AGX,US,133613654.93,0.8300276646728126,35.02085791120762,0.9444092526473838,1.0,0.8300276646728126,12.111442963305874,cyclical,True,0.0,0.8300276646728126,watch
URI,"United Rentals, Inc.",1001.0681,62308969756.8666,24.051706449791574,6.765439646280109,28.8953392847363,8.71777924653007,632000000.0,,15385000000.0,6.876627087434123,3.9810800157666533,7.655638525983063,0.77474921267369,424967.2,Finance,Finance/Rental/Leasing,NYSE:URI,US,425421107.46632,0.8323732146829876,28.12873032690259,0.855058375201112,1.0,0.8323732146829876,2.6530540108198775,financial_special,True,0.0,0.8323732146829876,watch
CCEP,Coca-Cola Europacific Partners plc,106.64,47264727748.11617,20.601986012905222,4.994033759368496,24.6514685694207,6.25426582531548,2462668900.0,,13935683700.0908,9.674549570061593,39.4556311519878,42.72872663100424,2.18964727439304,1758783.5666666667,Consumer Non-Durables,Beverages: Non-Alcoholic,NASDAQ:CCEP,US,187556679.54933333,0.8357305754376547,24.240545334999258,0.8498977943024835,1.0,0.8357305754376547,1.6669320663969756,stable_or_general,True,0.0,0.8357305754376547,watch
BCH,Banco De Chile,42.155,21456602597.3483,16.055989335364693,3.4338885825139274,21.8021941671788,2.26633656221403,372586580.0,,15180280773.672998,3.9368315357709074,3.405723841057299,3.4027805127801294,3.85534482758621,289884.26666666666,Finance,Major Banks,NYSE:BCH,US,12220071.261333333,0.7364391497593168,21.3869635236397,0.7507372104327709,1.0,0.7364391497593168,1.9045360313513449,financial_special,True,0.1,0.8364391497593168,watch
AIZ,"Assurant, Inc.",285.992506,14106226681.41539,13.571706805487668,2.3160322218732787,18.3418992100997,3.6717614442606896,1655600000.0,,2208100000.0,9.356435241245357,48.32635983263599,52.56584758401992,1.22345417260436,359448.9,Finance,Property/Casualty Insurance,NYSE:AIZ,US,102799691.6899434,0.7399291998079787,17.065150721770674,0.7952878369936526,1.0,0.7399291998079787,6.960830357338377,financial_special,True,0.1,0.8399291998079786,watch
BPOP,"Popular, Inc.",171.91,10964161984.165876,11.606913780298427,1.7126122821527487,15.6471010023958,1.25015649450755,789367000.0,,1598924000.0,3.7984068900124255,34.395949420454265,43.684516880093135,1.75100682892663,408468.8333333333,Finance,Regional Banks,NASDAQ:BPOP,US,70219877.13833334,0.7417932419891223,14.755104712328755,0.786637167718652,1.0,0.7417932419891223,5.70071280252149,financial_special,True,0.1,0.8417932419891223,watch
TTE,TotalEnergies SE,87.55,195428028591.42203,11.035574260042031,1.518123084363829,14.447619030815002,5.83769651551501,16253960172.464201,,62639988174.999565,-5.225619512041304,25.35353120753317,30.520378387619672,4.35785695975391,1398758.8666666667,Energy Minerals,Integrated Oil,NYSE:TTE,US,122461338.77666667,0.7638334203376005,13.756629683157485,0.8022004309349916,1.0,0.7638334203376005,4.782721264892997,cyclical,True,0.08,0.8438334203376004,watch
BAM,Brookfield Asset Management Inc,49.74,81485664067.76834,29.50530739618688,10.859447123408872,34.8905265301508,15.3445859503919,2406901854.72,,5328598000.0,119.66754919733359,74.54578492433374,10.931106900430727,3.87199509521062,2299158.3333333335,Finance,Investment Managers,NYSE:BAM,US,114360135.50000001,0.8456538301504203,36.80506350126111,0.8016643523839021,1.0,0.8456538301504203,5.487268784711086,financial_special,True,0.0,0.8456538301504203,watch
AFL,AFLAC Incorporated,117.83,59073284024.570885,12.62739382508332,1.9523932848805754,16.9077757685353,4.05019846972139,2647000000.0,,8729000000.0,13.570081709616593,99.50759130077965,110.97696081756314,2.03616086515715,2055140.0,Finance,Multi-Line Insurance,NYSE:AFL,US,242157146.2,0.7468394422749798,15.461569599597823,0.8166954683185449,1.0,0.7468394422749798,8.553497448368152,financial_special,True,0.1,0.8468394422749798,watch
LIF,"Life360, Inc.",43.79,3568025470.559708,25.56035489143124,5.797657899788827,30.0560459305226,16.3154985494307,103240000.0,,311640000.0,33.963345726124764,434.2134851837075,417.27053140096626,0.0,876633.0,Technology Services,Packaged Software,NASDAQ:LIF,US,38387759.07,0.8504230713020742,22.682227709335965,1.1268890877464668,1.0,0.8504230713020742,24.533560529658203,technology_strict,True,0.0,0.8504230713020742,watch
FAF,First American Corporation (New),75.38,7696298099.508298,10.433651224272287,1.367912099398467,13.8661952172699,4.23173145458315,832300000.0,,1752700000.0,22.55019340578375,294.8595654478007,299.0224235060201,2.875441118808,626989.4666666667,Finance,Specialty Insurance,NYSE:FAF,US,47262465.99733333,0.7524523534240677,13.110579125131474,0.7958192483101052,1.0,0.7524523534240677,5.449339781379459,financial_special,True,0.1,0.8524523534240677,watch
ABEV,Ambev S.A.,3.0105,47696244409.03351,15.375383043922369,2.726531721233528,18.0190304316109,11.3676342510791,4444113800.0,,569742752.538181,4.236454288419007,19.157528788126598,20.04904966278357,5.30657894736842,33187921.933333334,Consumer Non-Durables,Beverages: Alcoholic,NYSE:ABEV,US,99912238.9803,0.8532858137000111,17.73309785808088,0.8670443916213934,1.0,0.8532858137000111,1.5868366204010997,stable_or_general,True,0.0,0.8532858137000111,watch
ORCL,Oracle Corporation,159.173,458493182105.8971,27.326775168246122,12.206911572305243,54.2797693737194,7.945224588486931,-23686000000.0,,167432000000.0,17.350476489137442,37.322189182672986,34.18415535948765,1.29836406128278,25625497.433333334,Technology Services,Packaged Software,NYSE:ORCL,US,4078887302.955967,0.5034430964527442,44.67015041895521,0.6117457611391959,1.0,0.5034430964527442,17.703868431351278,technology_strict,False,0.35,0.8534430964527442,watch
EWBC,"East West Bancorp, Inc.",130.325,17856070226.83523,12.51392302965125,1.9312182523352808,16.577099921961,1.77528521873342,1862648000.0,,4157318000.0,3.7393523308941337,21.240455263396164,21.704783162520016,2.29691447821759,627354.8666666667,Finance,Regional Banks,NASDAQ:EWBC,US,81760022.99833333,0.7548921758668453,15.432556583249992,0.8108781563278677,1.0,0.7548921758668453,6.904364117361328,financial_special,True,0.1,0.8548921758668453,watch
GIB,CGI Inc.,73.03,14958592163.275282,12.865019155014691,2.0984285716361115,17.0293556525346,8.94063983116036,1745035776.0,,3053312064.0,1.2817480532696968,-3.0098820110463933,2.503628080771873,0.65865943432778,424232.0333333333,Technology Services,Information Technology Services,NYSE:GIB,US,30981665.394333333,0.7554612997409504,16.31111890586,0.7887269554753079,1.0,0.7554612997409504,4.21763900719111,technology_strict,True,0.1,0.8554612997409504,watch
ADEA,Adeia Inc.,25.84,2849639009.014925,23.88170055452865,5.970756234171951,27.878100631403402,11.7037271655301,188571000.0,,395262000.0,24.34706370123114,46.25765993466702,45.92043155765341,0.785545954438335,986743.9333333333,Technology Services,Packaged Software,NASDAQ:ADEA,US,25497463.237333335,0.8566473329831878,25.00138639850639,0.9552150498324112,1.0,0.8566473329831878,10.318903252887058,technology_strict,True,0.0,0.8566473329831878,watch
GRBK,"Green Brick Partners, Inc.",70.74,3042576611.1734953,10.65586117554906,1.5781949412092264,15.744086051141002,11.8283726010045,111615000.0,,291859000.0,-8.662832091056835,-16.745301216525544,-15.123697500479446,0.0,280626.6666666667,Consumer Durables,Homebuilding,NYSE:GRBK,US,19851530.4,0.6768167514415236,14.810580911381924,0.7194762473739321,1.0,0.6768167514415236,5.929243124858452,cyclical,True,0.18,0.8568167514415237,watch
DAL,"Delta Air Lines, Inc.",79.655,52382958937.18635,13.233266326649277,2.4012359635240035,20.1299197554452,4.79734816289856,3410000000.0,,19984000000.0,10.275498998772688,-11.906354515050168,-12.686577989236861,0.987301587301587,4818697.366666666,Transportation,Airlines,NYSE:DAL,US,383833338.7418333,0.6573929000918963,18.145451804958928,0.7292883345584588,1.0,0.6573929000918963,9.858300353877302,cyclical,True,0.2,0.8573929000918963,watch
CI,The Cigna Group,284.14,75081300797.74135,11.750888119667664,1.7580412102084935,15.491223410676803,4.27087008327398,9113000000.0,,31878000000.0,8.145241558839293,27.8597050617776,32.04187280888568,2.14490323482149,1687450.7333333471,Health Services,Managed Health Care,NYSE:CI,US,479472251.36933726,0.7585513298819744,14.96092203674401,0.7854387644563278,1.0,0.7585513298819744,3.423237531822687,stable_or_general,True,0.1,0.8585513298819744,watch
SKWD,"Skyward Specialty Insurance Group, Inc.",56.85,2523940576.7765536,13.234780584332443,1.9912162320724867,17.3383309065206,4.63499249126283,402171000.0,,437205000.0,37.98947704842179,42.37976525145676,35.59883831049938,0.0,469898.76666666666,Finance,Multi-Line Insurance,NASDAQ:SKWD,US,26713744.885,0.7633249506937895,15.045328627735032,0.8796604522107303,1.0,0.7633249506937895,13.225046235120686,financial_special,True,0.1,0.8633249506937895,watch
META,"Meta Platforms, Inc.",607.005,1546348942303.9468,22.864692609905944,5.920843558165517,29.848495806404202,18.2887068618236,40976000000.0,,112318000000.0,27.65206594930762,-4.767365432754835,-3.857269092594742,0.343878954607978,16645749.066666666,Technology Services,Internet Software/Services,NASDAQ:META,US,10104052912.212,0.7660249534249617,25.895137359512802,0.8829724396695042,1.0,0.7660249534249617,13.244749325167604,technology_strict,True,0.1,0.8660249534249617,watch
GHC,Graham Holdings Company,1125.345,4765755141.878459,9.067830753487023,1.0008772378657427,11.8247242738532,6.83778146401101,200261000.0,,1346650000.0,4.8343737053093205,-20.453931449678244,-20.345950803100088,0.66256423043699,30801.3,Consumer Services,Other Consumer Services,NYSE:GHC,US,34662088.9485,0.7668534625824458,11.03767003459848,0.8215348642479042,1.0,0.7668534625824458,6.656005002966969,stable_or_general,True,0.1,0.8668534625824458,watch
HURN,Huron Consulting Group Inc.,155.825,2479187116.0588236,23.369777137886558,6.466475995710733,26.8809137486842,7.39416657175071,161002000.0,,864537000.0,13.604288962711959,9.94348454863754,16.443714854528295,0.0,305695.0,Commercial Services,Miscellaneous Commercial Services,NASDAQ:HURN,US,47634923.375,0.869381798415632,27.67025101504895,0.8445813203926663,1.0,0.869381798415632,2.9364227486626593,financial_special,True,0.0,0.869381798415632,watch
REYN,Reynolds Consumer Products Inc.,22.02,4641617476.032066,13.472834067547723,2.0094449387447813,15.4777927321669,6.94164989939638,320000000.0,,1648000000.0,2.6851098454027666,10.932475884244374,10.641754670999187,4.21438387540082,1311666.7333333334,Consumer Non-Durables,Household/Personal Care,NASDAQ:REYN,US,28882901.468000002,0.8704622358424305,14.914790226541648,0.9033203862010819,1.0,0.8704622358424305,3.6374857537353367,stable_or_general,True,0.0,0.8704622358424305,watch
ROL,"Rollins, Inc.",35.52,17090284747.255114,32.24400871459696,11.954081787189075,37.0086599189551,16.2729388894092,619169000.0,,1115303000.0,9.90202970477276,8.663158432534614,9.06930693069306,2.04424530943713,4860713.866666666,Commercial Services,Miscellaneous Commercial Services,NYSE:ROL,US,172652556.544,0.8712557759510288,37.073807704863405,0.8697247655618372,1.0,0.8712557759510288,0.17603389598805919,financial_special,True,0.0,0.8712557759510288,watch
DG,Dollar General Corporation,132.17,29158920016.20181,17.177204496718435,3.1392025043316334,19.6915872978899,5.33809824325258,2010656000.0,,15773100000.0,4.768974053892041,43.010578456888595,42.337859336268444,1.79795825079994,2272923.6666666665,Retail Trade,Discount Stores,NYSE:DG,US,300412321.0233333,0.8723118272217243,18.275398100612662,0.9399086357600379,1.0,0.8723118272217243,7.191848863443296,stable_or_general,True,0.0,0.8723118272217243,watch
PURR,Hyperliquid Strategies Inc,11.535,2282056806.3288956,17.757081280788178,1.235190563079849,33.9402330000844,30.847169428468202,-19147000.0,,0.0,,,,0.0,18297544.2,Finance,Financial Conglomerates,NASDAQ:PURR,US,211062172.347,0.5231867819158467,6.9560449915619404,2.5527553807269046,1.0,0.5231867819158467,79.50501697632824,financial_special,False,0.35,0.8731867819158466,watch
HSY,The Hershey Company,174.26,35013348725.61133,25.45874240299205,7.673440630573109,32.8094408606605,10.7832895931824,2154560000.0,,5923312000.0,7.691260273970177,-2.6609117186795257,-9.041620156274913,3.27087855592368,1300570.5333333334,Consumer Non-Durables,Food: Specialty/Candy,NYSE:HSY,US,226637421.13866666,0.77595782601458,30.14069001959533,0.8446635556930048,1.0,0.77595782601458,8.134094245614175,stable_or_general,True,0.1,0.8759578260145799,watch
TEL,TE Connectivity plc,210.73,61009120676.30824,20.657171144854086,4.61265254116157,23.5532836461544,11.8501649128318,3315000000.0,,5632000000.0,16.53096918159339,107.2852233676976,110.62705180352239,1.42304569982331,2108370.7,Electronic Technology,Semiconductors,NYSE:TEL,US,444296957.611,0.8770399684048653,22.32954603907917,0.9251048413031666,1.0,0.8770399684048653,5.195613594519055,technology_strict,True,0.0,0.8770399684048653,watch
CBOE,"Cboe Global Markets, Inc.",296.106,30922650132.053905,23.06426863369761,5.50309559116378,26.1862422139949,13.708692821097202,958400000.0,,1580300000.0,11.684099033496624,50.329130871360036,50.504091346041115,1.01172529313233,1017883.4333333333,Finance,Investment Banks/Brokers,CBOE:CBOE,US,301401391.9106,0.8807780988664043,23.859831319878005,0.9666568185032557,1.0,0.8807780988664043,8.884095988669849,financial_special,True,0.0,0.8807780988664043,watch
ASR,"Grupo Aeroportuario del Sureste, S.A. de C.V.",257.03,7711914416.2507,13.919094552149895,3.2502500313922327,26.2156395620258,11.7411783435464,,,1971747220.83125,23.460200475408413,-12.155565486891867,-12.155347934466153,2.00856787145469,58185.8,Transportation,Other Transportation,NYSE:ASR,US,14955496.173999999,0.5309462132029062,23.35101625479087,0.5960808900252531,1.0,0.5309462132029062,10.927154000791306,stable_or_general,False,0.35,0.8809462132029062,watch
MAIN,Main Street Capital Corporation,57.9,5414139863.712761,11.668681983071343,1.7069766701395828,14.9184688522341,8.03896620540365,352001000.0,,2544158000.0,3.4858364656947622,-15.929665089595051,-18.255053458756862,5.3383847081109,525765.1333333333,Finance,Financial Conglomerates,NYSE:MAIN,US,30441801.22,0.7821635114600861,14.628701618709169,0.7976567085179896,1.0,0.7821635114600861,1.9423389651782919,financial_special,True,0.1,0.8821635114600861,watch
RDN,Radian Group Inc.,36.6275,4845866607.05637,9.410729426273733,1.0173324960066348,12.0264139096629,5.64607569584372,1390661000.0,,1266806000.0,27.931866894378444,-8.566211509248351,-2.0066468603655743,2.77098614506927,958504.3333333334,Finance,Specialty Insurance,NYSE:RDN,US,35107617.469166666,0.7825050340827256,10.810346891563508,0.8705298285680315,1.0,0.7825050340827256,10.111634500807543,financial_special,True,0.1,0.8825050340827256,watch
MTG,MGIC Investment Corporation,31.315,6423484456.345884,9.7859375,1.290506831464712,13.9227361733811,10.9473885752031,706480000.0,,646874000.0,-1.8833519890494774,-7.180331781209555,4.869895785541066,1.97013028280902,1560341.7,Finance,Property/Casualty Insurance,NYSE:MTG,US,48862100.3355,0.7028745914692938,13.18736024488928,0.7420694754882812,1.0,0.7028745914692938,5.281834829979659,financial_special,True,0.18,0.8828745914692937,watch
EXLS,"ExlService Holdings, Inc.",36.5,5533856316.505895,22.999369880277253,6.393940296363512,25.944379179656202,14.4659022853324,275036000.0,,488019000.0,13.628186805540743,5.787890200193805,9.849795805357504,0.0,2374303.7666666666,Technology Services,Data Processing Services,NASDAQ:EXLS,US,86662087.48333333,0.8864875787165406,27.8005020556956,0.8273005226380538,1.0,0.8864875787165406,7.154238932395951,technology_strict,True,0.0,0.8864875787165406,watch
MRX,Marex Group Limited,75.529,5432866794.54686,14.07757399537762,2.880476381344578,26.203890006772703,1.06582063005606,,,11450400000.0351,,,,0.819563780568407,662994.2,Technology Services,Internet Software/Services,NASDAQ:MRX,US,50075288.93179999,0.5372322197864174,20.461454383336108,0.6880045636854853,1.0,0.5372322197864174,21.914439504792593,technology_strict,False,0.35,0.8872322197864174,watch
ANCTF,Alimentation Couche-Tard Inc.,59.46,54597964338.25565,17.462430598181907,3.271389426542466,19.6234144578264,7.61846690224056,3643932622.607,,15380611272.288,10.214678771148186,21.941821412051247,25.05574526701313,1.02551581003541,155000.93333333332,Retail Trade,Specialty Stores,OTC:ANCTF,US,9216355.496,0.8898772757264662,18.733872172886777,0.9321314054579168,1.0,0.8898772757264662,4.533065776352951,stable_or_general,True,0.0,0.8898772757264662,watch
CB,Chubb Limited,345.39,133251405081.31485,12.223122684210338,1.7671567931468761,15.4524166419142,4.53385596646933,17079000000.0,,23144000000.0,8.236503318641883,21.602522287453795,24.675593990602046,1.12849964106246,1580582.6666666667,Finance,Property/Casualty Insurance,NYSE:CB,US,545917447.24,0.7910168983572122,14.457490436790469,0.845452586508772,1.0,0.7910168983572122,6.438644699917173,financial_special,True,0.1,0.8910168983572122,watch
NVS,Novartis AG,160.34,297720227926.663,24.188025162545824,7.065356530827984,30.558440000816,11.2726971653818,16772891720.0,,49014196301.07,2.330541565531553,-7.093077605636779,-3.9999420718020047,1.8892390704519,1635440.4000000006,Health Technology,Pharmaceuticals: Major,NYSE:NVS,US,262226513.7360001,0.791533375456991,29.210142139956105,0.8280694098184272,1.0,0.791533375456991,4.412194669701375,health_special,True,0.1,0.891533375456991,watch
RMD,ResMed Inc.,226.905,32731572867.80403,21.742942563100097,4.969890007740505,24.2692969120671,17.7743604984288,1649544000.0,,825919000.0,9.85394048998441,8.750481001597032,9.756944079258734,1.07334525939177,1427256.2,Health Technology,Medical Specialties,NYSE:RMD,US,323851568.061,0.8959032740783331,22.857485794838528,0.9512394651913071,1.0,0.8959032740783331,5.817272425912767,health_special,True,0.0,0.8959032740783331,watch
STRL,"Sterling Infrastructure, Inc.",480.535,14698853526.858553,34.62691406953702,10.865996408263978,38.541173528177,16.1146414746234,482002000.0,,336815000.0,60.82789871426025,51.39542880400839,50.88175176132904,0.0,729112.2333333333,Industrial Services,Engineering & Construction,NASDAQ:STRL,US,350363947.0448333,0.8984395362072121,31.380204387959946,1.1034636244377931,1.0,0.8984395362072121,18.58004955397051,cyclical,True,0.0,0.8984395362072121,watch
MTUAY,MTU Aero Engines AG,203.29,21573706846.31715,20.359335409760543,4.216916579146996,22.6419413877935,7.553028034148651,680078600.0,,2922274800.0,20.477561907553305,18.50145820386773,18.692199795544777,0.742942651864139,45374.433333333334,Electronic Technology,Aerospace & Defense,OTC:MTUAY,US,9224168.552333333,0.8991868259466684,20.712447112224243,0.9829517149494471,1.0,0.8991868259466684,8.521770472427193,technology_strict,True,0.0,0.8991868259466684,watch
MCHB,Mechanics Bancorp,15.91,3682473546.779672,12.737170762949322,1.3689778098248035,18.187003057313,1.9504328720483601,268623000.0,,288594000.0,211.29275783294753,,,9.84848484848485,504589.06666666665,Finance,Regional Banks,NASDAQ:MCHB,US,8028012.050666667,0.7003446759650542,10.747895551553503,1.1850850896209435,1.0,0.7003446759650542,40.9034269270012,financial_special,True,0.2,0.9003446759650542,watch
PAA,"Plains All American Pipeline, L.P.",25.21,17787330374.130463,6.982219021769236,1.9671890655188669,9.93986047630503,3.66487502882586,2375000000.0,,8635000000.0,8.999185310522027,201.20087336244544,299.22600619195043,6.39569049951028,2565165.8,Industrial Services,Oil & Gas Pipelines,NASDAQ:PAA,US,64667829.817999996,0.7024463812559222,28.174267512742638,0.2478225571831219,1.0,0.7024463812559222,183.4473137717113,cyclical,True,0.2,0.9024463812559222,watch
ESNT,Essent Group Ltd.,69.04,6205072994.829816,9.638957920308268,1.0956382362509622,12.009439806765,9.19105646516243,825892000.0,,495972000.0,4.466869230434804,-4.775427469094786,4.4659004725512,1.95318110010053,547417.0333333333,Finance,Specialty Insurance,NYSE:ESNT,US,37793671.98133334,0.8026151157257624,11.366770612646498,0.8479944083312554,1.0,0.8026151157257624,5.351366961816839,financial_special,True,0.1,0.9026151157257624,watch
MKL,Markel Group Inc.,1833.2,22713271464.312794,10.114072972275126,1.196972187941166,12.5653024454187,4.52003838989351,2118315999.9999998,,4367740000.0,0.8649010801904271,3.984566054706848,8.703805992214209,0.0,64884.86666666667,Finance,Property/Casualty Insurance,NYSE:MKL,US,118946937.57333334,0.804920774188186,11.834719714029424,0.8546102667970613,1.0,0.804920774188186,5.814286878989106,financial_special,True,0.1,0.904920774188186,watch
DRVN,Driven Brands Holdings Inc.,13.365,2204955183.482695,14.946320733616641,2.646078794346321,20.5758153494101,4.14708170549656,131836999.99999999,,2220443000.0,-10.585227628009125,,,0.0,825186.8333333334,Consumer Services,Other Consumer Services,NASDAQ:DRVN,US,11028622.0275,0.7264023553771417,17.70388071757935,0.8442398009819088,1.0,0.7264023553771417,13.957816898435016,stable_or_general,True,0.18,0.9064023553771416,watch
SIGI,"Selective Insurance Group, Inc.",92.01,5480954413.311374,11.415491122938922,1.5827169578807383,14.152647913945302,3.5897666550321996,1230791000.0,,900959000.0,7.303113342665232,29.70947629622679,31.929485710544412,1.84549356223176,415905.4666666667,Finance,Property/Casualty Insurance,NASDAQ:SIGI,US,38267461.988000005,0.8065975492607765,13.864641834816364,0.8233527601320917,1.0,0.8065975492607765,2.0349978384267664,financial_special,True,0.1,0.9065975492607765,watch
NTES,"NetEase, Inc.",119.1,74310560868.50221,16.517349457742768,3.1143149709905877,20.4439628389974,14.6909688229824,7231727970.0,,1857542665.13396,9.825822986773774,-1.7989630614381233,-2.20661033729809,2.57155061939342,759302.7666666667,Technology Services,Packaged Software,NASDAQ:NTES,US,90432959.51,0.8079328644755451,18.8548106883499,0.876028390353905,1.0,0.8079328644755451,7.773209935679148,technology_strict,True,0.1,0.9079328644755451,watch
DKS,Dick's Sporting Goods Inc,139.14,12453434951.455246,14.94184985126878,2.166081842212598,18.4748317550597,5.79780484599339,238406000.0,,7963151000.0,53.535849193330606,-28.51708434457746,-34.9976964637228,3.52364598984045,3877697.1,Retail Trade,Specialty Stores,NYSE:DKS,US,539542774.494,0.8087678442417564,14.496744805855924,1.0307037925668012,1.0,0.8087678442417564,21.53246644919674,stable_or_general,True,0.1,0.9087678442417564,watch
CMCSA,Comcast Corporation,26.54,94180811725.08217,8.594002979081665,1.0485563780792453,12.0023149388577,4.21491989055284,20433000000.0,,90381000000.0,0.5797801666867979,-51.10461054837583,-49.000049543375226,4.953095684803,23633403.833333332,Consumer Services,Cable/Satellite TV,NASDAQ:CMCSA,US,627230537.7366666,0.7160287846853971,12.201024140106727,0.7043673449372005,1.0,0.7160287846853971,1.6555906278188148,stable_or_general,True,0.2,0.9160287846853972,watch
BKV,BKV Corporation,25.825,2826232008.1780148,9.289902514478937,1.2277063735193836,13.8632765611743,8.24052576859741,-553342000.0,,1249841000.0,84.2815477142287,,,0.0,937084.1333333333,Energy Minerals,Integrated Oil,NYSE:BKV,US,24200197.743333332,0.6701087202210462,13.215492537256669,0.7029554508308457,1.0,0.6701087202210462,4.672661769814413,cyclical,False,0.25,0.9201087202210462,watch
REZI,"Resideo Technologies, Inc.",19.585,2973931073.2818747,8.664395682180144,1.1756739640292393,15.195729537366502,4.93755781683626,-1399000000.0,,3905000000.0,3.4193809974320852,,,0.0,2478017.806253649,Distribution Services,Electronics Distributors,NYSE:REZI,US,48531978.735477716,0.5701862263917161,13.569024397710967,0.6385422730643618,1.0,0.5701862263917161,10.705015087662929,stable_or_general,False,0.35,0.9201862263917161,watch
CPAY,"Corpay, Inc.",412.975,27115772549.349804,25.10272681960198,7.655225582383834,30.3859054405908,4.6650109260508,1638406000.0,,10623531000.0,20.357488328049243,8.11905276765107,11.781212841854936,0.0,517817.6666666667,Commercial Services,Miscellaneous Commercial Services,NYSE:CPAY,US,213845750.89166668,0.8261306173245928,30.495593715365196,0.823159144035749,1.0,0.8261306173245928,0.36098405883890905,financial_special,True,0.1,0.9261306173245928,watch
GEHC,GE HealthCare Technologies Inc.,69.04,31184419161.454964,15.865428807794833,2.841398985673242,19.1898685228152,5.45734473373106,1579000000.0,,10541000000.0,6.516077331463488,-11.462979482604817,-10.913669212029383,0.200803212851406,3619067.066666667,Health Technology,Medical Specialties,NASDAQ:GEHC,US,249860390.2826667,0.8267606830621128,17.909374023834996,0.8858728834787892,1.0,0.8267606830621128,6.672763273275173,health_special,True,0.1,0.9267606830621128,watch
PPLI,People Incorporated,38.475,2864980434.8832135,7.005261912131529,0.5636369149877319,8.23809700591576,5.53261589000089,82495000.0,,1414718000.0,-32.08751547184635,,,0.0,999406.6333333341,Technology Services,Internet Software/Services,NASDAQ:PPLI,US,38452170.21750003,0.850349529399941,8.045907805554569,0.8706614693366709,1.0,0.850349529399941,2.3329319893074962,technology_strict,True,0.08,0.930349529399941,watch
AMZN,"Amazon.com, Inc.",258.975,2793385719644.913,20.830317069639495,5.062411484768783,30.558338368750697,15.2184172085638,-11625000000.0,,241995000000.0,15.766568463281185,91.55374311484927,89.7295812477109,0.0,41723322.900000006,Retail Trade,Internet Retail,NASDAQ:AMZN,US,10805297548.027502,0.6816573865462794,24.303093744777055,0.8571055721708727,1.0,0.6816573865462794,20.469845410083963,hybrid_platform,False,0.25,0.9316573865462794,watch
SFBS,"ServisFirst Bancshares, Inc.",42.29,4622297129.357648,14.424585578825296,2.3378500072142216,17.3399066447052,1.79553168074707,464254000.0,,1641490000.0,3.0525217543521257,28.427328933880062,28.35690206208134,1.73529411764706,438692.63333333336,Finance,Regional Banks,NYSE:SFBS,US,18552311.463666666,0.8318721590828111,16.20739808737445,0.8900000790418072,1.0,0.8318721590828111,6.531226381640087,financial_special,True,0.1,0.9318721590828111,watch
WH,"Wyndham Hotels & Resorts, Inc.",70.995,5268618890.630019,25.96839679578624,11.019020790165996,39.6190476190476,4.82039397450753,322000000.0,,2675000000.0,-2.206896551724138,-37.91044776119403,-35.90969829101905,2.36653049725313,1164682.5333333334,Consumer Services,Hotels/Resorts/Cruise lines,NYSE:WH,US,82686636.45400001,0.6554523229705665,42.43242614019975,0.6119941553656351,1.0,0.6554523229705665,7.101075594254236,cyclical,True,0.28,0.9354523229705666,watch
SNEX,StoneX Group Inc.,68.54,8267071288.0440035,17.760617760617762,4.337818192634823,21.1536866550552,1.15522762581586,7390100000.0,,20043800000.0,20.572905119756587,77.6732845698363,47.982974154459704,0.0,899570.2666666673,Finance,Investment Banks/Brokers,NASDAQ:SNEX,US,61656546.07733338,0.8395991701225952,24.423802432443892,0.7271847948223269,1.0,0.8395991701225952,15.458845688286772,financial_special,True,0.1,0.9395991701225952,watch
IBOC,International Bancshares Corporation,71.96,4475301611.420743,10.851076663248687,1.3258249925749377,12.9195843356328,2.46836543876252,489288000.0,,731019000.0,2.1675124024696317,0.33188472650464934,0.2933970539306144,2.04081632653061,290016.0,Finance,Regional Banks,NASDAQ:IBOC,US,20869551.36,0.8398936359988707,12.21837273590878,0.8880950759799852,1.0,0.8398936359988707,5.4275089779014625,financial_special,True,0.1,0.9398936359988707,watch
RJF,"Raymond James Financial, Inc.",178.315,34300982123.228462,15.54295526655277,2.6977485301684427,18.4550044074044,2.57243705739115,1965000000.0,,5869000000.0,7.745048247841543,8.12206572769953,12.601462433135408,1.17062396466041,1028666.2666666667,Finance,Investment Managers,NYSE:RJF,US,183426625.34066668,0.8422081579301453,17.356728394977672,0.8955002874303354,1.0,0.8422081579301453,5.951101328299235,financial_special,True,0.1,0.9422081579301452,watch
ARLP,"Alliance Resource Partners, L.P.",26.205,3371503865.970309,12.780433086227077,1.9058708531581234,14.7934377778345,9.06801614389223,357086000.0,,590868000.0,-5.111511996899972,12.985420240137236,12.733670552012304,9.13589645984012,336342.73333333334,Energy Minerals,Coal,NASDAQ:ARLP,US,8813861.327,0.8639258351007787,14.912412124844176,0.8570332538580255,1.0,0.8639258351007787,0.8042373165481509,cyclical,True,0.08,0.9439258351007787,watch
RHP,"Ryman Hospitality Properties, Inc. (REIT)",121.52,8290008326.066912,29.84429490642959,10.129899793017271,35.1168134838977,4.42084084673825,691851000.0,,4132595999.9999995,12.249701970147104,3.5982186055902874,-1.0041088230288726,3.88548057259714,829523.8,Finance,Real Estate Investment Trusts,NYSE:RHP,US,100803732.176,0.849857716165342,33.94249998124401,0.8792603645259184,1.0,0.849857716165342,3.3440206731517708,financial_special,True,0.1,0.949857716165342,watch
PNR,Pentair plc.,59.35,9474512684.52599,14.935702242242746,2.5270083329536788,17.125917941117,9.63484615326304,673000000.0,,1764700000.0,-2.1464461681057614,6.892024942566459,8.53545285698678,1.76607797400866,3616753.066666667,Producer Manufacturing,Industrial Machinery,NYSE:PNR,US,214654294.5066667,0.8721110479213589,16.91924686210284,0.8827640121320647,1.0,0.8721110479213589,1.206773731631472,cyclical,True,0.08,0.9521110479213588,watch
NEU,NewMarket Corp,898.91,8266741868.799457,19.352623307283256,4.4968413655178,25.0238038855477,12.667198783955499,473657000.0,,939930000.0,-1.3142625408907866,-9.781197945948431,-7.931171866173245,1.30533799922235,125241.26666666666,Process Industries,Chemicals: Specialty,NYSE:NEU,US,112580627.01933333,0.7733685652188239,23.236340077086282,0.832860219943466,1.0,0.7733685652188239,7.143053936311228,cyclical,True,0.18,0.953368565218824,watch
WIT,Wipro Limited,1.795,18462962544.53105,12.9136690647482,2.2386849752435114,16.4335950528302,10.002333345718,1657940500.0,,2248307737.00265,-0.12224491907676183,-7.77504501343785,-7.824933687002638,4.32355555555556,7196201.466666667,Technology Services,Information Technology Services,NYSE:WIT,US,12917181.632666666,0.7858091320392007,17.335777802721342,0.7449143160291909,1.0,0.7858091320392007,5.489868449300572,technology_strict,True,0.18,0.9658091320392006,watch
ZTO,ZTO Express (Cayman) Inc.,21.11,15366821445.476402,11.544350869517663,1.7110740779166882,16.1071107524628,10.6421199500765,,,3248127302.7382298,20.890815898558287,22.303838389248032,25.07523939808482,3.20420851267336,1958888.7666666666,Transportation,Air Freight/Couriers,NYSE:ZTO,US,41352141.86433333,0.7167238772324526,14.82174352855735,0.778879411000125,1.0,0.7167238772324526,7.980122839280246,stable_or_general,False,0.25,0.9667238772324526,watch
TOL,"Toll Brothers, Inc.",141.67,13054466220.329828,11.375827070084151,1.533949916161684,14.4154859800189,8.2412390879404,1090227000.0,,2912773000.0,-1.082589922924849,-12.85620791460027,-8.472483537158991,0.719322990126939,816661.0666666667,Consumer Durables,Homebuilding,NYSE:TOL,US,115696373.31466666,0.7891393384761376,13.484293552559574,0.8436353766508444,1.0,0.7891393384761376,6.459667254715084,cyclical,True,0.18,0.9691393384761375,watch
TTEK,"Tetra Tech, Inc.",35.915,9195836064.975199,21.60300751879699,4.965154747207748,24.2614660162515,9.97466638815633,548208000.0,,1023497000.0,-7.608743195690732,101.71838636395182,106.08652535019216,0.755028933590521,2840565.966666667,Industrial Services,Engineering & Construction,NASDAQ:TTEK,US,102018926.69283333,0.8904246554732617,22.983627362474962,0.939930289422805,1.0,0.8904246554732617,5.266947400955013,cyclical,True,0.08,0.9704246554732616,watch
SAH,"Sonic Automotive, Inc.",80.3525,2540328418.336534,12.80905772265706,2.4764513294601014,20.6208641494745,3.44200250150253,-109100000.0,,4671800000.0,5.251840661957838,34.28390367553866,39.585233973431826,1.95164945857467,277826.3333333333,Retail Trade,Specialty Stores,NYSE:SAH,US,22324040.449166667,0.621169783662218,19.33359489105648,0.6625285051660205,1.0,0.621169783662218,6.242557290940798,stable_or_general,False,0.35,0.971169783662218,watch
JPM,JP Morgan Chase & Co.,360.86,959233094279.3514,15.459024118579446,2.713085392945527,17.7104721389104,1.3541187290248,153745000000.0,,1276819000000.0,8.204007259475325,15.191606650662399,19.772185022704537,1.65718389217257,5731462.633333334,Finance,Major Banks,NYSE:JPM,US,2068255605.864667,0.8728747600475054,17.550172456777542,0.8808474194001135,1.0,0.8728747600475054,0.9051124152736567,financial_special,True,0.1,0.9728747600475054,watch
TOWN,Towne Bank,37.55,3461552660.03475,10.529119816055855,1.1590926419070482,12.0090443083852,1.53509816346272,131770000.00000001,,505286000.0,34.953329072192055,80.70754363838451,54.666493191083354,2.9136594493451,558770.0,Finance,Regional Banks,NASDAQ:TOWN,US,20981813.5,0.8767658396183948,11.008447640034904,0.9564581819660153,1.0,0.8767658396183948,8.332025785362784,financial_special,True,0.1,0.9767658396183948,watch
PFS,"Provident Financial Services, Inc",23.61,3079278051.986842,9.855157156572192,1.0592721306444601,11.1394700189152,1.2456123844976,350358000.0,,2879418000.0,3.7176463673565348,35.41080289947951,35.167005190701886,4.07470288624788,841731.0,Finance,Savings Banks,NYSE:PFS,US,19873268.91,0.884706107188026,10.748404249830296,0.9168949108634235,1.0,0.884706107188026,3.5106317304221757,financial_special,True,0.1,0.984706107188026,watch
SF,Stifel Financial Corporation,81.29,12274931222.109625,14.543080005724919,2.3127146387809443,16.4273804833773,2.24999127611318,734492000.0,,3056564000.0,11.03782521446414,56.189839769259876,62.1301775147929,1.57187651920272,995493.9333333338,Finance,Investment Managers,NYSE:SF,US,80923701.84066671,0.8852951339649627,15.902509219990117,0.9145147979190392,1.0,0.8852951339649627,3.195100179960486,financial_special,True,0.1,0.9852951339649627,watch
MRSH,Marsh,186.3875,88946219351.0725,22.80750593475441,5.867007672634271,25.718901453957997,6.73224117661984,4767000000.0,,22382000000.0,8.46550587505332,-3.5619093772716255,-1.9073111593907066,1.95797516714422,2180239.0,Finance,Insurance Brokers/Services,NYSE:MRSH,US,406369296.61249995,0.8867993827646344,25.724021247294907,0.8866228851040467,1.0,0.8867993827646344,0.01990673414289379,financial_special,True,0.1,0.9867993827646344,watch
INGR,Ingredion Incorporated,101.23,6383966724.869,11.02771362586605,1.4119392343085475,13.5764247219356,7.46956028010851,355000000.0,,1783000000.0,-1.3805358119190816,-12.42603550295858,-10.412335919582285,3.2258064516129,613802.9333333333,Consumer Non-Durables,Food: Specialty/Candy,NYSE:INGR,US,62135270.94133334,0.8122693457025129,12.803553684934053,0.8613010026147948,1.0,0.8122693457025129,5.6927435081845275,stable_or_general,True,0.18,0.9922693457025129,watch
TCEHY,Tencent Holding Ltd.,56.48,498033567748.29565,15.52330694810906,3.0393043178785133,20.8432588911782,11.1869256090426,,,69535767972.41139,15.63811121585319,16.75219286078319,17.904015036132076,1.09522895580221,3282633.2,Technology Services,Packaged Software,OTC:TCEHY,US,185403123.136,0.7447639080412334,19.57897455766498,0.7928559742691853,1.0,0.7447639080412334,6.06567495089897,technology_strict,False,0.25,0.9947639080412334,watch
NKE,"Nike, Inc.",38.09,56506466680.61956,18.153655514250314,3.800031924657808,22.1383289408077,8.28921575164357,2184000000.0,,11033000000.0,-0.008620318089737511,-3.4482758620689653,-2.8296207104154196,4.20428166107815,24814295.93333332,Consumer Non-Durables,Apparel/Footwear,NYSE:NKE,US,945176532.1006662,0.8200101987276729,20.932599066203757,0.8672432628569225,1.0,0.8200101987276729,5.4463454663979505,stable_or_general,True,0.18,1.0000101987276728,watch
OZK,Bank OZK,50.19,5693146854.91788,8.292304133760698,0.9214786032080821,11.329693173196,1.66257473391614,762417000.0,,668231000.0,-0.4015704716808146,-3.7636796215577335,-1.8072680077871466,3.70739485748455,955342.3,Finance,Regional Banks,NASDAQ:OZK,US,47948630.037,0.7319089764389018,11.112455456818564,0.7462170864021389,1.0,0.7319089764389018,1.917419236836715,financial_special,True,0.28,1.0119089764389018,watch
LAZ,"Lazard, Inc.",43.85,4273207633.8743515,21.49404440958777,4.67372397210048,26.4542474581921,4.94531130846337,616944000.0,,2153003000.0,5.74400171440908,-27.598984536661796,-29.57401270367302,4.51161741484322,1365939.2333333334,Finance,Investment Banks/Brokers,NYSE:LAZ,US,59896435.38166667,0.8124988035874632,21.744274288442845,0.9884921485290463,1.0,0.8124988035874632,17.80422284622847,financial_special,True,0.2,1.0124988035874631,watch
OGN,Organon & Co.,13.775,3617445101.2236743,17.64668203945683,3.595864038488145,24.036802760207,1.56683409550941,567000000.0,,8553000000.0,-2.4518388791593697,-70.14285714285714,-71.00512591932248,0.580973129992738,2818785.9,Health Technology,Pharmaceuticals: Major,NYSE:OGN,US,38828775.7725,0.7341526331726184,20.376997956035176,0.8660099037910689,1.0,0.7341526331726184,15.225838647021073,health_special,True,0.28,1.0141526331726185,watch
ADDYY,adidas AG,86.62,30864396054.94749,19.14761925814581,4.453765828170609,24.9745695598827,6.86358928666182,,,6834647400.0,13.936079894146838,22.41991145215158,22.96276162000543,1.35415378916785,117285.2,Consumer Non-Durables,Apparel/Footwear,OTC:ADDYY,US,10159244.024,0.7666846554546081,23.260154529529206,0.8231939832488019,1.0,0.7666846554546081,6.864642957079836,stable_or_general,False,0.25,1.016684655454608,watch
WFRD,Weatherford International plc,94.64,6879229500.771129,18.698753284729218,3.800420118293297,22.1952698605215,7.14634384457678,526000000.0,,1622000000.0,-7.16922479114047,-23.90852390852391,-22.193697156033817,1.11479829928446,885430.8666666667,Industrial Services,Oilfield Services/Equipment,NASDAQ:WFRD,US,83797177.22133334,0.8424656876097957,20.324457253505773,0.9200124289421732,1.0,0.8424656876097957,8.428879751281237,cyclical,True,0.18,1.0224656876097957,watch
PHM,"PulteGroup, Inc.",124.28,23296601855.75545,12.695105009397729,1.792260715961143,14.9007101696911,10.6353906268893,1542275000.0,,2428181000.0,-7.276057627038757,-30.48342075564234,-26.81384239288892,0.804440511624165,1325522.8666666667,Consumer Durables,Homebuilding,NYSE:PHM,US,164735981.86933333,0.8519798630282939,14.117730531841975,0.8992312879725555,1.0,0.8519798630282939,5.2546464492796545,cyclical,True,0.18,1.031979863028294,watch
VZ,Verizon Communications Inc.,50.37,209276037057.3042,13.1171875,2.0138188674477795,15.6264041008199,4.07626743762532,21531000000.0,,188458000000.0,1.3832116788321167,-11.108668169076017,-10.788960133816568,5.52480727416485,20097295.23333333,Communications,Wireless Telecommunications,NYSE:VZ,US,1012300760.9029998,0.8394245672497203,15.35252025213316,0.8543996219889323,1.0,0.8394245672497203,1.7526991297528882,stable_or_general,True,0.2,1.0394245672497202,watch
CNS,Cohen & Steers Inc,77.67,3993910257.027346,23.848563006632276,6.77590231952737,30.110853082095,20.375399061260204,,,134390000.0,12.594267368521587,3.814529012996786,3.485748784595346,3.32953538422585,221424.96666666667,Finance,Investment Managers,NYSE:CNS,US,17198077.161000002,0.7920254846852377,28.41220377782508,0.8393774447459582,1.0,0.7920254846852377,5.6413190939448965,financial_special,False,0.25,1.0420254846852377,watch
ALIZY,Allianz SE,52.28,199555373905.05396,14.756689624026194,3.0227463396611727,21.258818712076,1.13268339744394,,,32822999700.0,8.860482356662542,23.577864463927543,,2.64446360879454,198458.43333333332,Finance,Multi-Line Insurance,OTC:ALIZY,US,10375406.894666666,0.6941443842147121,20.483905379019898,0.7204041100063051,1.0,0.6941443842147121,3.6451382532177834,financial_special,False,0.35,1.0441443842147122,watch
WAL,Western Alliance Bancorporation,80.78,8813168134.991112,9.101151445503504,1.1686062424810215,13.105108317732,1.05702544411248,-1650600000.0,,7453000000.0,12.237858719646798,15.811864807374143,16.700852003786686,2.07407407407407,913788.8333333334,Finance,Regional Banks,NYSE:WAL,US,73815861.95666668,0.6944735766272987,12.840202137921578,0.7088012593372375,1.0,0.6944735766272987,2.0213963394105527,financial_special,False,0.35,1.0444735766272988,watch
MATX,"Matson, Inc.",222.61,6656808833.793944,14.883531236628157,2.4004937073981383,17.2061360390273,10.0874331201879,108500000.0,,332400000.0,-0.16162549064881088,-6.132361870066788,1.1325755782897002,0.656858775363297,261224.76666666666,Transportation,Marine Shipping,NYSE:MATX,US,58151245.30766667,0.8650129932059724,16.12852265523223,0.9228080931392566,1.0,0.8650129932059724,6.262959803123735,cyclical,True,0.18,1.0450129932059724,watch
AR,Antero Resources Corporation,39.09,12017789913.161001,11.222439136426276,1.4510937958223051,13.8740056424938,7.741321768894541,-1216093000.0,,4615305000.0,20.838319979952058,140.24273996896474,142.66406576564023,0.0,3846567.8666666667,Energy Minerals,Oil & Gas Production,NYSE:AR,US,150362337.90800002,0.8088824111512387,12.93028884525007,0.8679186730270786,1.0,0.8088824111512387,6.80204997432956,cyclical,False,0.25,1.0588824111512387,watch
TM,Toyota Motor Corporation,197.23,236710220742.38168,8.695172973235108,1.0174205214694145,12.0908069189237,4.5302230355646,-5548421450.0,,270439427780.342,3.8849301708992154,1.9082965826953957,4.593158909188172,2.67697853604843,374824.8333333333,Consumer Durables,Motor Vehicles,NYSE:TM,US,73926701.87833333,0.7191557214949832,11.700980815461284,0.7431148815957034,1.0,0.7191557214949832,3.22415291284065,cyclical,False,0.35,1.0691557214949832,watch
IDEXY,Industria de Diseno Textil Inditex SA,16.75,205511703717.18,28.534923339011925,9.37403811176092,34.1888615792242,17.7725433837832,,,7086395050.0,12.508965959597553,15.473841107182947,15.414864333464392,1.84334951456311,312890.4,Retail Trade,Apparel/Footwear Retail,OTC:IDEXY,US,5240914.2,0.8346263087142963,32.85110669614125,0.8686137609593434,1.0,0.8346263087142963,3.912838337664548,stable_or_general,False,0.25,1.0846263087142964,watch
CHA,Chagee Holdings Limited,11.45,2167071318.0,11.317584264109913,1.804334499978726,16.5918589530764,11.5361753274209,,,207293396.517675,-0.1722949592241069,-30.39273595887948,7.28525980911984,0.0,753817.3333333334,Consumer Non-Durables,Food: Major Diversified,NASDAQ:CHA,US,8631208.466666667,0.6821167113412236,15.94275295745395,0.7098889567136167,1.0,0.6821167113412236,3.9121957187449152,stable_or_general,False,0.43000000000000005,1.1121167113412236,watch
BBVA,Banco Bilbao Vizcaya Argentaria S.A.,29.4,164373793062.87436,13.049846864041902,2.400909405685092,18.9669984217805,1.26183529521613,,,231807504900.0,-2.288545071302909,12.183832738676553,14.331387972595788,2.92995951417004,1596351.1333333333,Finance,Major Banks,NYSE:BBVA,US,46932723.32,0.6880291005379262,18.397989115877362,0.7093083261354882,1.0,0.6880291005379262,2.999996590128473,financial_special,False,0.43000000000000005,1.1180291005379264,watch
TFPM,Triple Flag Precious Metals Corp.,33.86,6975262726.4353485,17.49412247084382,3.060704948071932,19.9566558504713,18.4477995404425,-223141135.35999998,,235906572.0,42.962346448397476,126.67894499839869,120.69813556094518,0.675604534005038,563806.7666666667,Non-Energy Minerals,Precious Metals,NYSE:TFPM,US,19090497.119333334,0.8766059104251515,17.495618618041494,0.9999144844643486,1.0,0.8766059104251515,12.331911973977771,cyclical,False,0.25,1.1266059104251513,watch
HKXCY,Hong Kong Exchange & Clearing Ltd.,52.57,65090638101.469025,26.285,8.59093612932325,33.8287345558217,3.9691273439372003,,,120631722.572542,22.70196212567437,27.837835031998697,44.60270407056612,2.44549783297378,141347.73333333334,Finance,Investment Banks/Brokers,OTC:HKXCY,US,7430650.341333333,0.777002165322691,32.68379733430949,0.8042211169999999,1.0,0.777002165322691,3.384510938837848,financial_special,False,0.35,1.127002165322691,watch
MTDR,Matador Resources Company,58.725,7267466662.523862,10.085354125163152,1.2282447989662875,12.8145917819144,5.84223052790299,-568093000.0,,4216410000.0,1.841220432165221,-15.172645797729315,-14.615441014737145,2.51172136637642,2083122.8,Energy Minerals,Integrated Oil,NYSE:MTDR,US,122331386.43,0.7870211003831508,12.178499472832522,0.82812781226959,1.0,0.7870211003831508,4.963812503021847,cyclical,False,0.35,1.1370211003831507,watch
HAPN,"Happen, Inc.",17.43,2011552072.6143348,10.500632568227003,1.2833152088682014,13.154800739868802,1.67703543413579,-2956802000.0,,53624000.0,23.25832837934616,164.20311782346744,159.03558052434454,0.0,1312600.2333333334,Finance,Major Banks,NASDAQ:HAPN,US,22878622.067,0.7982357753547948,12.221313340219892,0.8592065579130361,1.0,0.7982357753547948,7.096172858169969,financial_special,False,0.35,1.1482357753547947,watch
IX,ORIX Corporation,39.9699,42456458697.632866,11.054539923113092,1.5104749070452854,13.808273639456301,3.46265833605922,,,38817425011.536705,13.236379855794898,60.80889041175443,65.36473816601874,1.68461519786356,281193.2,Finance,Finance/Rental/Leasing,NYSE:IX,US,11239264.08468,0.8005736424230048,13.663842344873611,0.8090359683680428,1.0,0.8005736424230048,1.0459764801443838,financial_special,False,0.35,1.1505736424230046,watch
LKNCY,Luckin Coffee Inc.,33.7,9739361835.0,20.00712419852767,3.9343557988551847,22.7101777271136,12.0856497976215,,,1441580599.5225,40.802869008700924,-0.11703578179815297,-1.0166304283951397,0.0,1359959.2666666666,Consumer Non-Durables,Food: Specialty/Candy,OTC:LKNCY,US,45830627.28666667,0.8809761173573396,19.664774206503477,1.0174093019543022,1.0,0.8809761173573396,13.4098621208685,stable_or_general,False,0.35,1.2309761173573395,watch
