name,description,close,market_cap_basic,price_earnings_ttm,price_book_fq,return_on_equity,return_on_assets,free_cash_flow_ttm,cash_n_short_term_inv,total_debt,total_revenue_yoy_growth_ttm,net_income_yoy_growth_ttm,earnings_per_share_diluted_yoy_growth_ttm,dividends_yield_current,average_volume_30d_calc,sector,industry,symbol,market,traded_value_30d,quick_pr_roe,implied_roe_from_pe_pb,quick_pr_pe_pb,market_pr_factor,market_normalized_quick_pr,pr_path_gap_percent,model,fcf_positive,rank_penalty,screen_rank,stage1_tier
688332,"Shenzhen Bluetrum Technology Co., Ltd. Class A",92.59,17371978109.0,9.368707565593096,2.901981113772767,36.3336621518597,32.3465664300322,176028820.0,,134131190.87,5.1806051582914705,494.75528319373547,495.24784677467926,0.938122880920579,5078867.933333335,Electronic Technology,Electronic Production Equipment,SSE:688332,A,470252381.9473336,0.2578520030938739,30.97525558840574,0.30245779696164543,1.0,0.2578520030938739,14.747774504694933,technology_strict,True,0.0,0.2578520030938739,priority
000807,Yunnan Aluminium Co. Ltd. Class A,26.95,94952673974.0,8.519314661440221,2.449131671498287,31.873035672668497,23.0309853020037,12728817110.0,,2188432237.63,11.998636627683801,135.39154029176737,135.38953791204702,2.55295836376917,78345606.6000002,Non-Energy Minerals,Aluminum,SZSE:000807,A,2111414097.8700054,0.26728908877498714,28.747989349230735,0.29634471329272943,1.0,0.26728908877498714,9.804671119285713,cyclical,True,0.0,0.26728908877498714,priority
600066,"Yutong Bus Co., Ltd. Class A",28.68,61484501518.0,11.573382833622533,4.8932209780641065,41.9633760115753,17.8256609207609,6742100450.0,,244309885.36999997,13.520491965018078,25.31845967123254,25.32112875493071,8.80281690140845,19459643.96666665,Consumer Durables,Motor Vehicles,SSE:600066,A,558102588.9639995,0.2757972292417583,42.27995434358669,0.27373215069183404,1.0,0.2757972292417583,0.7544157837159338,cyclical,True,0.0,0.2757972292417583,priority
688336,"Sunshine Guojian Pharmaceutical (Shanghai) Co., Ltd. Class A",42.16,37668355152.0,12.278300375688032,4.443235974192134,43.3759904602582,41.5918436129793,2768102300.0,,0.0,257.6287675051025,302.44869615660497,301.226922178079,0.563385676897454,10084233.666666664,Health Technology,Pharmaceuticals: Major,SSE:688336,A,425151291.38666654,0.2830667437309037,36.187711965330955,0.3392947414705593,1.0,0.2830667437309037,16.572021569197993,health_special,True,0.0,0.2830667437309037,priority
300773,"Lakala Payment Co., Ltd. Class A",16.9,16946596450.0,11.41120864280891,3.96524660783711,39.6843775216037,15.072683148341701,303746930.0,,44141541.3,13.541774992577304,899.7749951260454,884.0531561461795,2.18477329974811,53451488.76666666,Electronic Technology,Computer Processing Hardware,SZSE:300773,A,903330160.1566664,0.2875491403789006,34.74869956335362,0.3283923941384933,1.0,0.2875491403789006,12.437332437841974,technology_strict,True,0.0,0.2875491403789006,priority
600961,"Zhuzhou Smelter Group Co., Ltd. Class A",25.37,28559874909.0,10.940532148863685,4.644478617457528,53.679940778415,27.0892523869734,2803095330.0,,1335391190.83,23.464480803310217,148.52706859556076,148.54233654876742,0.0,52378909.9,Non-Energy Minerals,Other Metals/Minerals,SSE:600961,A,1328852944.163,0.20381043626752535,42.45203573520797,0.2577151356675708,1.0,0.20381043626752535,20.91638865540969,cyclical,True,0.1,0.30381043626752535,priority
000612,"Jiaozuo Wanfang Aluminum Manufacturing Co., Ltd. Class A",11.03,13448008246.0,7.448676391139925,1.6243233213362158,23.9851342465253,20.5343293820202,1793464910.0,,299027706.75,11.182665610819303,130.76432822633265,130.76203833567084,2.88120567375887,34400268.89999999,Non-Energy Minerals,Aluminum,SZSE:000612,A,379434965.9669999,0.3105538753538145,21.806871933224553,0.34157472992681986,1.0,0.3105538753538145,9.08171824644386,cyclical,True,0.0,0.3105538753538145,priority
000933,Henan Shenhuo Coal Industary and Electricity Power Corporation Limited Class A,27.36,62091004708.0,8.879369097458865,2.207822599517442,27.513984105269103,11.91854215424,10772467400.0,,14555494887.869999,12.741427207519704,75.24903223916701,76.54844439351402,2.87253141831239,51231841.03333323,Non-Energy Minerals,Aluminum,SZSE:000933,A,1401703170.671997,0.3227220406716165,24.86463368381979,0.35710838174289905,1.0,0.3227220406716165,9.62910500824904,cyclical,True,0.0,0.3227220406716165,priority
603444,"G-Bits Network Technology (Xiamen) Co., Ltd. Class A",399.9,27444776668.0,12.807455803228285,4.737795762735359,39.4799594237808,26.12710713473,3034145910.0,,24240639.42,74.27627798657514,109.04808114480116,109.59643422925112,5.14489710205796,2026329.3,Technology Services,Packaged Software,SSE:603444,A,810329087.0699999,0.324403975843848,36.9924818443733,0.3462178033122789,1.0,0.324403975843848,6.300608247102602,technology_strict,True,0.0,0.324403975843848,priority
601899,"Zijin Mining Group Co., Ltd. Class A",33.35,870890840238.7916,13.53655071640216,4.36738408753102,39.5141698448175,13.733808590563,69114516800.0,,173229052074.0,17.01668940250069,68.05463320035699,65.79407806191115,2.40168117682378,261534694.0999999,Non-Energy Minerals,Precious Metals,SSE:601899,A,8722182048.234997,0.3425745946217203,32.26364070899602,0.4195605461422023,1.0,0.3425745946217203,18.34918755549265,cyclical,True,0.0,0.3425745946217203,priority
600989,"Ningxia Baofeng Energy Group Co., Ltd. Class A",24.4,178787307312.0,11.521390121824535,3.2058356720167334,30.7483014005767,16.6197878112591,12334037720.0,,27734987593.34,42.437252840155466,75.53613281422017,76.6157951797181,3.16694011484824,72248183.56666666,Process Industries,Chemicals: Specialty,SSE:600989,A,1762855679.0266664,0.3747000516135322,27.825076992610814,0.4140649862310942,1.0,0.3747000516135322,9.506945993156734,cyclical,True,0.0,0.3747000516135322,priority
002532,"Tianshan Aluminum Group Co., Ltd. Class A",13.13,61608495468.0,8.720196586305374,1.8768752671295246,23.0433108774827,12.9169761426576,7289359630.0,,13565658503.74,6.929436125348134,54.74782417100479,55.435119231960364,6.38617580766341,89410260.53333335,Non-Energy Minerals,Aluminum,SZSE:002532,A,1173956720.802667,0.37842637425972125,21.523313706907274,0.40515120975572094,1.0,0.37842637425972125,6.596262050436175,cyclical,True,0.0,0.37842637425972125,priority
002170,"Shenzhen Batian Ecological Technique Co., Ltd. Class A",11.73,11285707675.0,10.743725957135005,2.9601627206242336,28.1424419779659,17.0547011318505,1261128780.0,,1310188461.02,19.7079912720043,48.02381165345126,43.41258373834233,6.27687016337059,19700305.96666668,Process Industries,Chemicals: Agricultural,SZSE:002170,A,231084588.98900017,0.38176239167684156,27.55247790603187,0.3899368323160131,1.0,0.38176239167684156,2.096349962792643,cyclical,True,0.0,0.38176239167684156,priority
605599,"Beijing Caishikou Department Store Co., Ltd. Class A",14.9,11526667233.0,10.429791404171915,2.620102693957938,26.605560253934403,13.5312390809598,1043080240.0,,155569572.35,41.332755362045255,42.82847173132896,42.83143371325736,5.26315789473684,11282621.133333333,Retail Trade,Specialty Stores,SSE:605599,A,168111054.88666666,0.39201547738990267,25.121333614686648,0.4151766607674985,1.0,0.39201547738990267,5.578633282222533,stable_or_general,True,0.0,0.39201547738990267,priority
002611,"Guangdong Dongfang Precision Science & Technology Co., Ltd. Class A",14.77,17865093763.0,4.253419726421886,1.8676887320328217,56.30350236235601,41.1593284611644,841444720.0,,383526407.31,-0.31799421773769865,468.563774839886,466.75371307328214,1.61764705882353,26917290.100000188,Producer Manufacturing,Industrial Machinery,SZSE:002611,A,397568374.77700275,0.07554449630944599,43.91028518607971,0.09686613758933842,1.0,0.07554449630944599,22.011449832226205,cyclical,True,0.32999999999999996,0.40554449630944595,priority
002847,Yankershop Food Co. Ltd. Class A,45.45,11767557843.0,15.439228208438074,5.846757075926798,37.44584590495,19.198646413515,438642260.0,,1214645263.3700001,1.837936822751901,15.536413454631331,4.3013038548752816,3.15031503150315,4288477.7,Consumer Non-Durables,Food: Major Diversified,SZSE:002847,A,194911311.46500003,0.4123081702474546,37.86949060530981,0.40769569280325324,1.0,0.4123081702474546,1.131352998234214,stable_or_general,True,0.0,0.4123081702474546,priority
603993,CMOC Group Limited Class A,18.48,381286346771.25433,14.142496364888652,4.387464387464388,34.2453311488368,13.6036308848791,17682221110.0,,47254665612.850006,20.610659510924727,65.73107931035365,66.45859872611464,1.5368081676518,230939067.66666716,Distribution Services,Wholesale Distributors,SSE:603993,A,4267753970.480009,0.41297589745658003,31.02326685660019,0.45586741171585676,1.0,0.41297589745658003,9.408769558200202,stable_or_general,True,0.0,0.41297589745658003,priority
002648,Satellite Chemical Co. Ltd. Class A,27.54,93083841766.0,10.512252843728527,2.429612691153351,25.4290158398774,11.7413070343298,12548159240.0,,26766214478.329998,7.268363633239024,30.09342090629934,30.481123617890233,1.80831826401447,47091249.43333331,Process Industries,Chemicals: Specialty,SZSE:002648,A,1296893009.3939993,0.4133959768605504,23.112197996672297,0.45483570386694017,1.0,0.4133959768605504,9.110922175650648,cyclical,True,0.0,0.4133959768605504,priority
000792,"Qinghai Salt Lake Industry Co., Ltd. Class A",26.65,138415345495.0,11.626892369442869,2.9532194524631397,27.9376308241854,21.9258337946868,9003523450.0,,1302593856.42,48.33508368601865,144.2435505117396,145.43312988542672,0.0,61927272.06666677,Process Industries,Chemicals: Agricultural,SZSE:000792,A,1650361800.5766692,0.41617316953653616,25.39990359095971,0.4577534055515507,1.0,0.41617316953653616,9.08354487607016,cyclical,True,0.0,0.41617316953653616,priority
300573,"Shenyang Xingqi Pharmaceutical Co., Ltd. Class A",37.59,13316988388.0,16.98215495821098,6.209671824047735,40.3669363597826,31.5611175946365,597981740.0,,71975991.78,22.428976774403512,57.16542755810307,56.46426804269454,2.53674960296453,7732822.900000001,Health Technology,Pharmaceuticals: Major,SZSE:300573,A,290676812.81100005,0.4206946696883895,36.565864811198885,0.4644264547247881,1.0,0.4206946696883895,9.416299306703667,health_special,True,0.0,0.4206946696883895,priority
002668,"Guangdong TCL Smart Home Appliances Co., Ltd. Class A",9.27,10158124164.0,10.08485639686684,2.6251847824240055,28.90820095028,6.05686233298588,1479687900.0,,5129086626.04,0.6009284337096154,-9.280770751900558,-9.277536517962897,2.17491995731057,24142650.89999988,Consumer Durables,Electronics/Appliances,SZSE:002668,A,223802373.84299886,0.34885797335545227,26.03095848979661,0.3874177895070523,1.0,0.34885797335545227,9.953031893724674,stable_or_general,True,0.1,0.4488579733554523,priority
002192,"YOUNGY Co., Ltd. Class A",65.43,17923998995.0,14.217422481041265,3.736000703462153,30.0705631930238,22.6263822190295,327076840.0,,181821355.69,235.61857431040752,787.3280335611763,787.2373240794293,0.318702013617268,19793696.7,Non-Energy Minerals,Construction Materials,SZSE:002192,A,1295101575.081,0.4728020020702381,26.277623165830924,0.5410467450316561,1.0,0.4728020020702381,12.613465211296127,cyclical,True,0.0,0.4728020020702381,priority
605499,Eastroc Beverage (Group) Co. Ltd. Class A,120.41,80459766012.82864,17.092767407197105,4.495278855874812,34.7901112009922,16.7155232750374,4888065410.0,,6059043393.62,20.743504365935337,23.582905520871936,27.145564479740102,2.86105785401951,8608623.766666668,Consumer Non-Durables,Beverages: Non-Alcoholic,SSE:605499,A,1036564387.7443334,0.49131108861502076,26.29930396163949,0.6499323112173934,1.0,0.49131108861502076,24.405806553186736,stable_or_general,True,0.0,0.49131108861502076,priority
688578,Shanghai Allist Pharmaceuticals Co. Ltd. Class A,110.55,49986000824.0,18.57171656083056,5.878886952008499,36.7115747778828,32.6328785854394,2631107510.0,,4257814.08,40.8281095612533,46.78027400862699,46.78206835330672,0.900252070579762,8058136.733333333,Health Technology,Pharmaceuticals: Major,SSE:688578,A,890827015.87,0.5058817736148776,31.655054247422704,0.5866904038663158,1.0,0.5058817736148776,13.773641041153173,health_special,True,0.0,0.5058817736148776,priority
601168,"Western Mining Co., Ltd. Class A",38.79,95320000000.0,15.554575346860215,4.122972791993418,30.460052959274105,9.75410895926303,2120189210.0,,27382869773.0,22.663573583015783,86.86095948710813,86.85748538888055,0.25,69539070.23333333,Non-Energy Minerals,Other Metals/Minerals,SSE:601168,A,2697420534.351,0.5106549016069373,26.506495356208262,0.5868212729683661,1.0,0.5106549016069373,12.9794836809767,cyclical,True,0.0,0.5106549016069373,priority
603699,"Neway Valve (Suzhou) Co., Ltd. Class A",45.62,36025404315.0,20.459234012019014,7.499367107335308,38.8883876414937,17.4444279506344,1573137160.0,,3193140855.02,21.40327638874775,30.1755512486392,28.800831792975966,3.43283582089552,6749698.933333334,Producer Manufacturing,Industrial Machinery,SSE:603699,A,307921265.3386667,0.5261013699161218,36.65517048648898,0.5581541086968957,1.0,0.5261013699161218,5.74263241662889,cyclical,True,0.0,0.5261013699161218,priority
603605,"Proya Cosmetics Co., Ltd. Class A",63.04,24807136694.0,13.605265997625985,3.677572988506418,30.029211999615,19.4694412703874,1741721450.0,,929364858.36,-4.744642787298599,13.23970257740186,10.471353980401963,3.18877551020408,5950118.633333329,Consumer Non-Durables,Household/Personal Care,SSE:603605,A,375095478.64533305,0.45306769947211456,27.030511488331992,0.5033299500639802,1.0,0.45306769947211456,9.985944723829087,stable_or_general,True,0.08,0.5330676994721145,priority
603025,"Beijing Dahao Technology Corp., Ltd. Class A",13.43,15017990295.0,17.659434582511505,5.393769252703913,32.6799847893319,17.5797706487175,532085510.0,,1202781852.13,23.86592121435898,27.49911599789346,27.51509054325954,3.33333333333333,10889618.099999996,Electronic Technology,Computer Peripherals,SSE:603025,A,146247571.08299994,0.5403746267432865,30.54327264840898,0.5781775511024486,1.0,0.5403746267432865,6.538289888128801,technology_strict,True,0.0,0.5403746267432865,priority
603929,L&K Engineering (Suzhou) Co. Ltd. Class A,150.26,33070800095.0,26.242162804100662,13.427064837907464,58.129510362181,23.864481822664,651890620.0,,100000000.0,36.96383351506071,118.35483462858312,118.35411661518513,1.70967741935484,6134857.066666666,Industrial Services,Engineering & Construction,SSE:603929,A,921823622.8373332,0.45144303883856185,51.165999304787945,0.5128828354896414,1.0,0.45144303883856185,11.979304511609158,cyclical,True,0.1,0.5514430388385618,priority
600096,Yunnan Yuntianhua Co. Ltd. Class A,30.8,56366873284.0,10.535677635629746,2.210141391642795,22.1994945565664,10.3323958063094,5080829270.0,,14321972578.4,-15.203315212673548,1.451478021973386,1.4505830094391947,4.52781371280724,33145166.1,Transportation,Air Freight/Couriers,SSE:600096,A,1020871115.8800001,0.47459087903032426,20.977686182884895,0.502232588655345,1.0,0.47459087903032426,5.503766631119545,stable_or_general,True,0.08,0.5545908790303242,priority
000680,"Shantui Construction Machinery Co., Ltd. Class A",10.6,15392412893.0,11.945007888212757,2.3603812238353967,21.4434151999867,6.93590546836669,836746270.0,,8034504666.4800005,11.116084280608892,10.182094920372021,10.167597765363125,1.29434324065197,21074107.233333334,Producer Manufacturing,Trucks/Construction/Farm Machinery,SZSE:000680,A,223385536.67333335,0.5570478292198607,19.76039903803331,0.6044922405272241,1.0,0.5570478292198607,7.848638597243762,cyclical,True,0.0,0.5570478292198607,priority
600595,"Henan Zhongfu Industrial Co., Ltd Class A",6.36,25971224666.0,9.13399396811719,1.3931878372073154,16.1794090666393,10.9069032804081,875924610.0,,6164055575.2,20.1252912445122,188.36570335332547,186.77924217462933,2.70061728395062,110414301.56666666,Non-Energy Minerals,Aluminum,SSE:600595,A,702234957.964,0.5645443495801578,15.252778161123487,0.598841330518925,1.0,0.5645443495801578,5.727223421444072,cyclical,True,0.0,0.5645443495801578,priority
300628,Yealink Network Technology Co. Ltd. Class A,42.08,52795564683.0,18.48532771041996,5.779283028300358,32.3973539415752,29.322775125903398,1812548340.0,,5716193.569999999,20.59785435142559,14.131107312377456,14.185393258426974,4.30416068866571,14367558.766666671,Electronic Technology,Telecommunications Equipment,SZSE:300628,A,604586872.9013335,0.5705814043874097,31.26416322629025,0.5912625128209259,1.0,0.5705814043874097,3.497787866652702,technology_strict,True,0.0,0.5705814043874097,priority
601872,"China Merchants Energy Shipping Co., Ltd. Class A",19.2,155838588322.0,14.292094685127289,3.3099681760351407,24.850409315428,12.8631757317965,4040560490.0,,30327857502.23,40.137667032856875,129.07781118821063,130.03424657534245,1.6580310880829,105475076.13333318,Transportation,Marine Shipping,SSE:601872,A,2025121461.759997,0.5751251218326717,23.159433581695875,0.6171176265909667,1.0,0.5751251218326717,6.804619240948718,cyclical,True,0.0,0.5751251218326717,priority
002032,"Zhejiang Supor Co., Ltd. Class A",40.02,31287994843.0,15.745986779981116,6.339008662678255,39.8164994657632,16.4658414028274,2446577040.0,,2832032531.79,-1.0289337374436742,-9.7787767427669,-9.535504538174054,6.65822784810127,2163633.3333333335,Consumer Durables,Electronics/Appliances,SZSE:002032,A,86588606.00000001,0.3954638652632066,40.25793207661932,0.3911275608993822,1.0,0.3954638652632066,1.108667554353171,stable_or_general,True,0.18,0.5754638652632066,priority
000651,"Gree Electric Appliances, Inc. of Zhuhai Class A",38.98,206552855170.0,7.791480941054187,1.4659723669097917,19.6322235112199,6.96422965064431,44372749650.0,,106263968359.09,-12.915115176127786,-14.148026898616642,-15.137482401234873,7.74393391843056,47070122.16666665,Producer Manufacturing,Industrial Machinery,SZSE:000651,A,1834793362.056666,0.3968720576454991,18.815067097006153,0.41410859184732673,1.0,0.3968720576454991,4.162322284822917,cyclical,True,0.18,0.5768720576454991,priority
688278,"Xiamen Amoytop Biotech Co., Ltd. Class A",56.96,22601451273.0,21.672627653907618,7.293643415617309,36.8607363725357,27.805180767951704,403039070.0,,769528267.4699999,28.297631309078085,13.53246122129721,12.407510371669316,1.11973993137078,4874372.933333334,Health Technology,Biotechnology,SSE:688278,A,277644282.2826667,0.5879597041923319,33.6537107179168,0.6439892419461902,1.0,0.5879597041923319,8.700384122028549,health_special,True,0.0,0.5879597041923319,priority
600867,"Tonghua Dongbao Pharmaceutical Co., Ltd. Class A",8.02,15478772315.0,12.009583707696915,2.276804978310736,20.0221084650474,16.5375470531996,364513020.0,,746687407.2199999,18.503601962321206,219.83158983965572,219.36872309899567,3.72208436724566,29447118.83333331,Health Technology,Pharmaceuticals: Major,SSE:600867,A,236165893.04333314,0.5998161346824211,18.958233971520066,0.6334758673059034,1.0,0.5998161346824211,5.313498802508942,health_special,True,0.0,0.5998161346824211,priority
002555,"37 Interactive Entertainment Network Technology Group Co., Ltd.",18.67,39548875512.0,12.573237255034009,2.914782804186546,24.1145951515891,14.9938047341424,2938140470.0,,4523860072.46,-11.554227990674292,16.29316460712919,16.298558897243122,5.62841530054645,41359013.39999998,Technology Services,Packaged Software,SZSE:002555,A,772172780.1779997,0.521395328264736,23.182436989483676,0.5423604628252693,1.0,0.521395328264736,3.865535192466185,technology_strict,True,0.08,0.601395328264736,priority
601717,ZCZL Industrial Technology Group Company Limited Class A,14.47,24198364707.079033,7.5164926497324815,1.0906711811056857,14.8006840965094,6.72909152590591,1410049700.0,,11945135810.06,5.503017541284894,-21.128874412482613,-20.499690274623166,8.68658790826963,19203998.133333333,Producer Manufacturing,Auto Parts: OEM,SSE:601717,A,277881852.98933333,0.5078476508734603,14.510373813037702,0.5180082020339714,1.0,0.5078476508734603,1.9614653051081898,cyclical,True,0.1,0.6078476508734603,priority
600211,Tibet Rhodiola Pharmaceutical Holding Co. Class A,38.06,12254575498.0,12.48646697942981,3.0957838449863107,24.2383468614797,16.1711373271035,900525850.0,,1170672998.43,1.4967584281873332,-1.698102199287938,-1.3080783551886026,4.62125197264598,4988236.333333333,Health Technology,Pharmaceuticals: Major,SSE:600211,A,189852274.84666666,0.5151534075648398,24.7931128163499,0.5036264333535225,1.0,0.5151534075648398,2.2887945206851112,health_special,True,0.1,0.6151534075648398,priority
002001,Zhejiang NHU Co. Ltd. Class A,26.86,82126074591.0,11.453180965376086,2.363115687973712,21.9432136847937,15.8294752221287,6661824930.0,,7426333715.29,6.1862441618762265,-1.319566760074879,-0.9335529928610655,3.74251497005988,33837749.06666666,Health Technology,Pharmaceuticals: Other,SZSE:002001,A,908881939.9306666,0.521946380776165,20.632832879508374,0.5550949320561251,1.0,0.521946380776165,5.971690492142445,health_special,True,0.1,0.6219463807761649,priority
601225,"Shaanxi Coal Industry Co., Ltd. Class A",26.24,254396797781.0,12.471482889733839,2.5153205452033967,21.4608442934815,8.42614506650608,24770619580.0,,27281909185.72,-10.316478099847764,4.919085902995427,4.9167248429241175,3.61280487804878,39442350.233333334,Energy Minerals,Coal,SSE:601225,A,1034967270.1226666,0.5811273181606335,20.16857632281992,0.6183620841706543,1.0,0.5811273181606335,6.021515057793369,cyclical,True,0.08,0.6611273181606334,priority
600285,"Henan Lingrui Pharmaceutial Co., Ltd. Class A",19.61,11042644766.0,14.251453488372094,3.441334978248166,24.7762782477452,13.7750718477718,925258060.0,,446077046.29,5.9116906408138945,-0.4714013538607227,-0.4557621355711636,5.62659846547315,11633380.900000004,Health Technology,Pharmaceuticals: Major,SSE:600285,A,228130599.44900006,0.575205579541353,24.147256145178357,0.5901893533033059,1.0,0.575205579541353,2.538807872098736,health_special,True,0.1,0.675205579541353,priority
600809,Shanxi Xinghuacun Fen Wine Factory Co. Ltd. Class A,122.56,142129956505.0,14.686638705811863,3.925251125114818,27.5297850145974,16.9026071578808,9011990740.0,,2089534575.06,-3.841255415088191,-17.486558150664994,-17.486527908241452,5.60875512995896,8959704.733333344,Consumer Non-Durables,Beverages: Alcoholic,SSE:600809,A,1098101412.1173346,0.5334817797532533,26.726681330844613,0.5495122467323458,1.0,0.5334817797532533,2.917217418613882,stable_or_general,True,0.18,0.7134817797532533,priority
300456,Sai MicroElectronics Inc. Class A,38.26,28427421417.0,6.7079264337184625,3.098991977126102,59.0942940635882,43.5947771502546,370356220.0,,1466328031.15,-64.56714063350148,,,0.952871491115117,33264786.500000022,Electronic Technology,Aerospace & Defense,SZSE:300456,A,1272710731.4900007,0.11351225257891097,46.19895593291728,0.14519649412550878,1.0,0.11351225257891097,21.821629879857674,technology_strict,True,0.18,0.29351225257891095,watch
002432,"Andon Health Co., Ltd. Class A",67.6,31278012840.0,6.522578155152449,1.2520468465551764,19.6672439370511,14.140167800280901,1653794640.0,,8289854789.249999,-43.60498338420027,122.26888530977101,127.0864830517759,2.42575713025581,28504228.833333332,Health Technology,Medical Specialties,SZSE:002432,A,1926885869.1333332,0.33164678162477923,19.19558212677197,0.33979579843298663,1.0,0.33164678162477923,2.3982099972358895,health_special,True,0.08,0.41164678162477925,watch
000672,"Gansu Shangfeng Materials Co., Ltd. Class A",14.89,14003613052.0,8.143286847142466,1.449762186424423,18.9189802847209,9.67648347456285,609736480.0,,4647352289.54,-20.076376655564058,149.4405889589032,145.33744800751379,3.28317373461012,21732848.43333335,Non-Energy Minerals,Construction Materials,SZSE:000672,A,323602113.1723336,0.4304294800560177,17.803157541148806,0.4574068857347759,1.0,0.4304294800560177,5.897901085468316,cyclical,True,0.08,0.5104294800560177,watch
000408,Zangge Mining Company Limited Class A,75.62,119681352466.0,20.797579757975797,6.876989911868673,34.5700013115776,32.0604664167637,4602940530.0,,313889017.28000003,25.138394447726437,84.55611929547764,82.75948730836895,1.30106687483737,14485437.4,Producer Manufacturing,Electrical Products,SZSE:000408,A,1095388776.1880002,0.6016077225606186,33.06629902083377,0.628966058308251,1.0,0.6016077225606186,4.349731656620548,cyclical,True,0.0,0.6016077225606186,watch
605117,"Ningbo Deye Technology Co., Ltd. Class A",86.42,109816170044.0,25.191663022882963,9.579911672371898,41.8470660899571,20.0431218379796,5497295390.0,,6684821507.4,44.70984142649557,34.47293187612156,33.544845842416684,1.98237449275362,14541218.033333322,Producer Manufacturing,Electrical Products,SSE:605117,A,1256652062.4406657,0.6019935296952329,38.02810343910182,0.6624485773587125,1.0,0.6019935296952329,9.125998564978966,cyclical,True,0.0,0.6019935296952329,watch
002517,"Kingnet Network Co., Ltd. Class A",17.41,36216891971.0,15.539093181006782,3.5202012236793685,25.4845576565048,19.5788560988834,2899287440.0,,857971454.32,46.7317330685296,34.61859386552329,34.98795180722893,0.586510263929619,77916621.06666665,Technology Services,Packaged Software,SZSE:002517,A,1356528372.7706664,0.6097454541079903,22.65383946588377,0.6859364040434888,1.0,0.6097454541079903,11.107582202426435,technology_strict,True,0.0,0.6097454541079903,watch
603379,Zhejiang Sanmei Chemical Industry Co. Ltd. Class A,58.56,36152570971.0,16.74578209894195,4.214135055256551,27.2616295136415,22.2513768450776,868305290.0,,842511318.5500001,33.654817496891816,53.79035407704193,53.33684118214504,2.56670043904086,8008311.233333333,Process Industries,Chemicals: Specialty,SSE:603379,A,468966705.824,0.6142619644420925,25.16535226815601,0.6654300691086252,1.0,0.6142619644420925,7.689478886199841,cyclical,True,0.0,0.6142619644420925,watch
002468,"STO Express Co., Ltd. Class A",14.31,21353854007.0,11.088725300271213,1.8631284152471868,17.9566726824685,6.60329595610758,1949462640.0,,9912868806.439999,24.54704435645155,84.63528498196943,85.71017412577349,0.707714083510262,17297973.86666659,Producer Manufacturing,Building Products,SZSE:002468,A,247534006.0319989,0.6175267264907814,16.80200712701953,0.6599643254786678,1.0,0.6175267264907814,6.430286812413177,cyclical,True,0.0,0.6175267264907814,watch
600233,"YTO Express Group Co.,Ltd. Class A",16.98,58098037842.0,10.262299045086426,1.564656816761916,16.3260892564876,10.7142207875783,1643728350.0,,8340955949.940001,8.203739987627866,46.98468138988902,46.775481238357145,1.46972369194591,22027971.366666667,Transportation,Air Freight/Couriers,SSE:600233,A,374034953.806,0.6285828090158476,15.246649994194735,0.6730855006833544,1.0,0.6285828090158476,6.611744217090565,stable_or_general,True,0.0,0.6285828090158476,watch
002602,"Zhejiang Century Huatong Group Co., Ltd. Class A",15.73,105989876313.0,15.365829832958875,3.3880781864196865,24.1269749819162,16.7527538235754,8182712540.0,,2385043614.86,40.191662994891324,174.83490205157537,177.27518959913328,0.0,116197770.46666667,Technology Services,Packaged Software,SZSE:002602,A,1827790929.4406667,0.6368734515817241,22.04943190996715,0.6968809852199845,1.0,0.6368734515817241,8.61087257522427,technology_strict,True,0.0,0.6368734515817241,watch
300910,"Xinxiang Richful Lube Additive Co., Ltd. Class A",29.49,11594689593.0,14.229878401852924,2.9199002738706055,21.5292811696563,15.6386595275779,199766970.0,,1322117182.02,14.328445881195028,0.9384254342937051,0.7633587786259457,2.93219028741328,6031966.4,Process Industries,Chemicals: Major Diversified,SZSE:300910,A,177882689.136,0.6609546454299985,20.519502636722425,0.693480668307556,1.0,0.6609546454299985,4.690256609018018,cyclical,True,0.0,0.6609546454299985,watch
603486,"Ecovacs Robotics Co., Ltd. Class A",52.22,29492331499.0,14.880884532087086,2.9669105949729557,22.2130430460996,11.3312391010034,1138351050.0,,2501762338.08,13.656629561839315,72.25434890312088,70.31644340904678,1.78502134264649,6515083.166666667,Consumer Durables,Electronics/Appliances,SSE:603486,A,340217642.96333337,0.669916521622193,19.937730103177127,0.7463680396453847,1.0,0.669916521622193,10.243139304238625,stable_or_general,True,0.0,0.669916521622193,watch
603871,"Jiayou International Logistics Co., Ltd. Class A",13.99,18645958288.0,14.607914795865094,3.0570882272603113,21.797629798264,15.231409076696501,1092633730.0,,639535427.93,0.8074499308808205,21.672845967278036,22.79779458904987,2.93470286133529,11517821.93333333,Transportation,Air Freight/Couriers,SSE:603871,A,161134328.84733328,0.6701606977942387,20.927615405626877,0.6980209886663635,1.0,0.6701606977942387,3.9913256656299967,stable_or_general,True,0.0,0.6701606977942387,watch
600221,"Hainan Airlines Holding Co., Ltd. Class A",1.3,56211332100.0,25.641025641025642,10.226557583385777,54.4380246526789,1.40261894252231,14878676000.0,,118340334000.0,6.501208291967475,,,0.0,214412399.09999964,Transportation,Airlines,SSE:600221,A,278736118.82999957,0.4710131531152802,39.88357457520453,0.6428968795832702,1.0,0.4710131531152802,26.735815949115537,cyclical,True,0.2,0.6710131531152802,watch
601677,"Henan Mingtai Aluminum Industrial Co., Ltd. Class A",16.65,20602378915.0,8.454351579161164,1.0179738102545728,12.5838317067767,8.32751221484355,12183450.0,,7390099661.89,15.434869052840098,49.88489754278816,60.832993058391196,1.86943620178042,25254351.2666667,Non-Energy Minerals,Aluminum,SSE:601677,A,420484948.5900005,0.671842390788514,12.040826558050187,0.7021404667197704,1.0,0.671842390788514,4.31510180189465,cyclical,True,0.0,0.671842390788514,watch
002690,"Hefei Meyer Optoelectronic Technology, Inc. Class A",16.04,14186607343.0,19.34627909781691,5.498366601193598,28.7761430138752,22.7752861467734,789245070.0,,30110984.86,1.9462905769239383,7.542915896004794,7.4659753726506795,4.37773608505316,6058395.966666668,Electronic Technology,Electronic Components,SZSE:002690,A,97176671.30533335,0.6723027157770441,28.420796440458926,0.6807085486976775,1.0,0.6723027157770441,1.2348651910887964,technology_strict,True,0.0,0.6723027157770441,watch
600710,Sumec Corporation Limited Class A,10.7,13590193154.0,9.964611659526913,1.658798998519483,17.3249388805669,2.27470489687019,1873992010.0,,14705645088.429998,10.988297834311302,14.661635308469565,14.660971703150036,3.99038461538462,9154682.566666659,Producer Manufacturing,Trucks/Construction/Farm Machinery,SSE:600710,A,97955103.46333325,0.5751599892051599,16.646900603833842,0.5985866015942947,1.0,0.5751599892051599,3.913654653602272,cyclical,True,0.1,0.6751599892051598,watch
603816,"Jason Furniture (Hangzhou) Co., Ltd. Class A",23.74,18410587691.0,11.450897163804745,1.8756197090182227,16.7926436317358,8.94331911482498,1664144750.0,,2911430291.51,4.111145072270413,9.998556169971067,9.739572305737877,6.05263157894737,8052253.633333332,Consumer Durables,Home Furnishings,SSE:603816,A,191160501.25533327,0.6818996112181,16.3796747293032,0.6990918533515881,1.0,0.6818996112181,2.4592250719365327,stable_or_general,True,0.0,0.6818996112181,watch
000426,"Inner Mongolia Xingye Silver and Tin Mining Co., Ltd. Class A",38.44,65777550722.0,21.520546411376106,5.915183895434813,31.529307369388505,17.9969362270451,2185038910.0,,5047318767.72,64.34806832352513,119.92753109217811,122.63492459179857,0.280112044817927,78459217.73333341,Non-Energy Minerals,Other Metals/Minerals,SZSE:000426,A,3015972329.669336,0.6825569036213651,27.48621611349028,0.7829577677232111,1.0,0.6825569036213651,12.823279650677078,cyclical,True,0.0,0.6825569036213651,watch
000737,"North Copper Co., Ltd. Class A",14.35,28342180706.0,16.082035189958535,3.4583729981804376,23.5560104820715,8.33066127151165,2864600130.0,,9776232714.33,50.22046853563117,165.63035400148615,162.9826112584733,0.940860215053763,74865095.13333334,Non-Energy Minerals,Other Metals/Minerals,SZSE:000737,A,1074314115.1633334,0.6827147237941071,21.504573005410485,0.747842572178129,1.0,0.6827147237941071,8.708764492282617,cyclical,True,0.0,0.6827147237941071,watch
000600,"HCIG Energy Investment Co., Ltd. Class A",7.46,13379999200.0,7.629372059725915,1.0880884939746736,15.0145636208591,3.5807373669324,147954220.0,,27192553003.68,-7.996997662917603,60.61051284467504,60.21628707193185,4.31266846361186,25852833.466666665,Utilities,Electric Utilities,SZSE:000600,A,192862137.66133332,0.508131455057858,14.26183551485839,0.5349502209429786,1.0,0.508131455057858,5.013319900652835,stable_or_general,True,0.18,0.6881314550578579,watch
603195,"Goneo Group Co., Ltd.Class A",39.3,69512118086.0,17.05285082009893,4.666222603752212,27.844662883921302,19.9776811559371,4734890460.0,,1148467472.67,-1.9696129451374973,1.6832950937470084,1.533174729051025,4.92610837438424,4468924.800000007,Producer Manufacturing,Electrical Products,SSE:603195,A,175628744.64000028,0.6124279863322021,27.363299268720993,0.6232015610629253,1.0,0.6124279863322021,1.7287464287393584,cyclical,True,0.08,0.692427986332202,watch
601991,"Datang International Power Generation Co., Ltd. Class A",5.58,82918696055.47653,12.416555407209612,2.739645319036116,23.4195108921929,2.50839861966968,11094481000.0,,249811973000.0,-0.27347858787300694,39.13598990839425,39.133126934984524,2.64285714285714,366967664.3,Utilities,Electric Utilities,SSE:601991,A,2047679566.7940001,0.530179962526407,22.064455311376893,0.562740173368675,1.0,0.530179962526407,5.7860114459851175,stable_or_general,True,0.18,0.7101799625264069,watch
300442,Range Intelligent Computing Technology Group Company Limited Class A,62.93,100605123538.0,19.776869893148962,7.058271962744707,42.6844568439368,12.7038761913272,-7251297620.0,,27359621829.3,10.963029582499512,214.8584872418882,220.24959742351044,1.0018630647415,29664302.83333334,Technology Services,Data Processing Services,SZSE:300442,A,1866774577.301667,0.4633272004715273,35.68953024861538,0.5541364583781887,1.0,0.4633272004715273,16.387526309392484,technology_strict,False,0.25,0.7133272004715273,watch
002709,"Guangzhou Tinci Materials Technology Co., Ltd",33.83,70359071555.0,17.156042395659007,3.4000102512871897,23.6963144175171,13.9988161006046,460423350.0,,4420437398.93,72.35044027201346,668.9922655488155,652.3464326592904,0.722543352601156,57826666.066666715,Process Industries,Chemicals: Specialty,SZSE:002709,A,1956276113.0353348,0.7239962339028002,19.81815020547801,0.8656732448680725,1.0,0.7239962339028002,16.366107166320443,cyclical,True,0.0,0.7239962339028002,watch
002946,"New Hope Dairy Co., Ltd. Class A",15.58,13027786059.0,16.77252664441813,3.691960625405808,23.1540987411898,9.16645253242051,1008005710.0,,2206467520.98,6.271858134707291,25.36397898785164,25.357624831309032,2.96052631578947,9024728.766666668,Consumer Non-Durables,Food: Meat/Fish/Dairy,SZSE:002946,A,140605274.1846667,0.7243869360624595,22.011952663282766,0.7619735923017722,1.0,0.7243869360624595,4.932803002499176,stable_or_general,True,0.0,0.7243869360624595,watch
000623,"Jilin Aodong Pharmaceutical Group Co., Ltd. Class A",18.49,21605675020.0,6.587807745751237,0.6515413233653501,10.2139609545759,9.01218000602306,420187910.0,,2249054731.35,-3.672609433121047,37.824049320308376,40.700822137557665,2.7114967462039,12724737.799999999,Health Technology,Pharmaceuticals: Other,SZSE:000623,A,235280401.92199996,0.6449807058249886,9.890108341208915,0.6661006652780488,1.0,0.6449807058249886,3.1706858368388158,health_special,True,0.08,0.7249807058249885,watch
000333,Midea Group Co. Ltd. Class A,87.57,655876688688.9166,15.025995641654799,3.1321310795247257,20.690326160494,6.92787999351494,54879532000.0,,131260261000.0,5.398082370725765,1.1973150206955316,1.6340553172194765,4.92836676217765,26437639.500000004,Consumer Durables,Electronics/Appliances,SZSE:000333,A,2315144091.0150003,0.7262329034882667,20.8447490217679,0.7208527973142468,1.0,0.7262329034882667,0.7463529577834915,stable_or_general,True,0.0,0.7262329034882667,watch
301358,"Hunan Yuneng New Energy Battery Material Co., Ltd. Class A",55.82,26941075780.0,11.464366399671391,2.3104314198805547,24.0546933963492,9.12824956017612,-4563497120.0,,19540449182.079998,110.67804954783249,661.8535593681314,623.5844850646455,0.620425235273614,20029506.6,Producer Manufacturing,Electrical Products,SZSE:301358,A,1118047058.4120002,0.47659582314241206,20.153154036901505,0.5688621432992336,1.0,0.47659582314241206,16.21945162701528,cyclical,False,0.25,0.7265958231424121,watch
605099,"CoCreation Grass Co., Ltd. Class A",29.75,12095455133.0,17.167753476830747,3.778377520241308,23.413122948091704,18.2349775733957,375633420.0,,408605096.56,9.815555189636264,22.547368394127652,21.14793064876959,2.74834437086093,1897534.9333333333,Producer Manufacturing,Trucks/Construction/Farm Machinery,SSE:605099,A,56451664.266666666,0.7332534628077033,22.008572789331637,0.7800484675295523,1.0,0.7332534628077033,5.998986815530937,cyclical,True,0.0,0.7332534628077033,watch
601156,Eastern Air Logistics Co. Ltd. Class A,19.25,30290559620.0,10.846292540004509,1.5299427682188367,14.7092498043495,8.37683617905617,5432959920.0,,9563089238.96,13.521227064812761,4.392516674651119,4.393859184753837,3.54821802935011,10065978.433333334,Transportation,Air Freight/Couriers,SSE:601156,A,193770084.84166667,0.7373790427297848,14.105674935245666,0.7689311280598858,1.0,0.7373790427297848,4.103369492884368,stable_or_general,True,0.0,0.7373790427297848,watch
603979,JCHX MINING MANAGEMENT CO LTD Class A,79.54,49240865883.0,18.86085554396282,4.003601933044112,25.5100825688445,13.549720070423502,2102926750.0,,6573927743.01,26.974128631033462,36.50284465446994,33.034700315457414,0.827897641746111,8349521.966666707,Non-Energy Minerals,Precious Metals,SSE:603979,A,664120977.2286699,0.7393490590656735,21.22704308779687,0.8885295736176116,1.0,0.7393490590656735,16.789594739605096,cyclical,True,0.0,0.7393490590656735,watch
603298,"Hangcha Group Co., Ltd. Class A",25.64,34055112305.000004,14.700149065474143,2.7541640081035155,19.8309304563915,11.7614992246599,1248233510.0,,2854452866.1600003,7.67614405680227,6.930869495954369,6.927415399705737,2.30769230769231,5479725.0666666655,Producer Manufacturing,Industrial Machinery,SSE:603298,A,140500150.7093333,0.7412737943789366,18.7356195902268,0.7846097106466813,1.0,0.7412737943789366,5.523244956021111,cyclical,True,0.0,0.7412737943789366,watch
603889,Zhejiang Xinao Textiles Inc Class A,6.23,11648797388.0,10.968309859154932,1.5646347343888132,14.7445826532522,7.77351125809824,173144260.0,,2426558041.85,15.4090236012411,23.599298897718366,22.78426286208386,3.34033870967742,11823353.8,Process Industries,Textiles,SSE:603889,A,73659494.17400001,0.7438874410416534,14.26504862171502,0.768893969450506,1.0,0.7438874410416534,3.252272667286449,cyclical,True,0.0,0.7438874410416534,watch
300750,"Contemporary Amperex Technology Co., Limited Class A",351.0,1657377568455.573,18.78522229179712,4.2546429245469986,25.2122433470305,8.45905483024545,90573139000.0,,301979824000.0,39.451369595240266,45.635892734488884,40.85015604034433,1.02689556509299,26290394.66666664,Producer Manufacturing,Electrical Products,SZSE:300750,A,9227928527.99999,0.745083332459967,22.648882501671856,0.8294105587951399,1.0,0.745083332459967,10.167127177362257,cyclical,True,0.0,0.745083332459967,watch
000975,"Shanjin International Gold Co., Ltd. Class A",26.25,73811851420.0,19.19842024427704,4.5714345422818505,25.716758584914302,17.1282414306942,3248787720.0,,4668646668.139999,8.03209630993931,40.78483254739956,40.94423255334502,1.80331081081081,61271530.56666667,Non-Energy Minerals,Precious Metals,SZSE:000975,A,1608377677.375,0.7465334396979182,23.81151409395038,0.8062662528946299,1.0,0.7465334396979182,7.40857166999872,cyclical,True,0.0,0.7465334396979182,watch
001221,"Higold Group Co., Ltd. Class A",39.65,15837348390.0,21.715318473081766,5.216336539878333,28.9130706285155,20.4049243059037,374294390.0,,491309757.54,22.456694338563914,21.780908951567714,18.487994808565876,1.88916876574307,3557165.6,Consumer Durables,Home Furnishings,SZSE:001221,A,141041616.04,0.7510554223758249,24.021459995369103,0.9039966129147886,1.0,0.7510554223758249,16.91833667892073,stable_or_general,True,0.0,0.7510554223758249,watch
600741,Huayu Automotive Systems Company Limited Class A,15.58,49024860684.0,7.04658525554048,0.7382028503727261,10.7866046922559,3.54546107363905,7340110210.0,,29301028738.59,3.9862987316261895,3.8611014011641305,3.861330326944749,6.43086816720257,14302097.299999982,Producer Manufacturing,Auto Parts: OEM,SSE:600741,A,222826675.93399972,0.6532718549145945,10.476036599320265,0.6726384724541431,1.0,0.6532718549145945,2.8792015819268935,cyclical,True,0.1,0.7532718549145945,watch
000703,"Hengyi Petrochemical Co., Ltd. Class A",17.93,65355355112.0,11.209052263065766,2.068656792185946,22.2706646298162,5.11034570174203,-1205479970.0,,74771499499.1,7.222869749219651,19477.657174270025,10493.377483443708,0.264830508474576,97679779.73333336,Process Industries,Textiles,SZSE:000703,A,1751398450.6186671,0.5033101817742327,18.455233713221638,0.6073644169044261,1.0,0.5033101817742327,17.132092732815995,cyclical,False,0.25,0.7533101817742327,watch
000895,"Henan Shuanghui Investment & Development Co., Ltd. Class A",24.17,82006439039.0,16.46121364843697,4.0068167275066235,24.3735690015023,12.8397078040727,5417263110.0,,12605102324.17,-2.3204729386578964,1.4190601379217611,1.4229467431097569,5.91465990705534,13023194.266666632,Consumer Non-Durables,Food: Meat/Fish/Dairy,SZSE:000895,A,314770605.42533255,0.675371491447246,24.340955734373082,0.6762763889830038,1.0,0.675371491447246,0.13380587441750302,stable_or_general,True,0.08,0.7553714914472459,watch
600415,Zhejiang China Commodities City Group Co. Ltd. Class A,13.12,69863638768.0,16.015625,3.2550984965017618,21.1405173377121,11.0006311023494,4829008680.0,,3285768122.81,34.833738445882645,35.43293918244677,35.382581391505546,3.89105058365759,84185985.66666712,Distribution Services,Wholesale Distributors,SSE:600415,A,1104520131.9466724,0.7575796156809314,20.324517441571977,0.7879953384399413,1.0,0.7575796156809314,3.8598861281624375,stable_or_general,True,0.0,0.7575796156809314,watch
002545,"Qingdao East Steel Tower Stock Co., Ltd. Class A",17.85,21795968058.0,13.148202710665883,2.1421602335854724,17.3043803209249,11.626933247531902,2406845040.0,,1156195011.3,32.466621113089985,115.90425853649198,115.90330788804069,1.71232876712329,22535660.366666745,Producer Manufacturing,Building Products,SZSE:002545,A,402261537.54500145,0.7598193328406415,16.29241867291673,0.8070135548703058,1.0,0.7598193328406415,5.848008592278086,cyclical,True,0.0,0.7598193328406415,watch
002911,"Foran Energy Group Co., Ltd. Class A",11.51,14852483926.0,15.878052145123466,3.3277341050823837,23.3313270400073,5.41390531777824,2053977580.0000002,,7283976966.84,-4.498048945800213,20.18610171016226,19.87762526872829,4.55341506129597,6279735.899999997,Utilities,Gas Distributors,SZSE:002911,A,72279760.20899996,0.6805464651837695,20.958075176144398,0.757610229549931,1.0,0.6805464651837695,10.17195404184844,cyclical,True,0.08,0.7605464651837694,watch
002558,Giant Network Group Co. Ltd. Class A,27.67,47320920569.0,15.698400090774992,3.064213376448636,20.2264184361476,17.0439746194414,4351310250.0,,654493323.28,155.6728659467352,110.32804088724207,100.0,1.2630014858841,84197658.66666667,Technology Services,Packaged Software,SZSE:002558,A,2329749215.306667,0.7761334583447373,19.519271764829654,0.8042513204340334,1.0,0.7761334583447373,3.4961536742173505,technology_strict,True,0.0,0.7761334583447373,watch
000685,"Zhongshan Public Utilities Group Co., Ltd. Class A",11.43,16706414508.999998,6.384404848349439,0.8658920354599076,14.219291070492702,7.069733677169131,-218969310.0,,12661221214.429998,-17.618665245997242,92.78082820530557,92.77484655970713,3.36538461538462,14279706.500000002,Utilities,Water Utilities,SZSE:000685,A,163217045.29500002,0.4489960024517747,13.562611645528193,0.47073565292673386,1.0,0.4489960024517747,4.618229008105912,stable_or_general,False,0.33,0.7789960024517747,watch
600039,"Sichuan Road & Bridge Co., Ltd. Class A",9.16,79655457283.0,10.411457149352126,1.5785401261108805,15.328140328533102,3.02622515215926,5939115170.0,,78739106241.33,12.905517799386656,11.974568417822402,12.076433121019107,5.30744336569579,20188015.133333337,Industrial Services,Engineering & Construction,SSE:600039,A,184922218.62133336,0.6792381154008197,15.161567717820443,0.6867005670604114,1.0,0.6792381154008197,1.086711154402642,cyclical,True,0.1,0.7792381154008197,watch
600519,"Kweichow Moutai Co., Ltd. Class A",1330.0,1623706079190.0,20.446062365102108,6.6172528698602795,33.2451371632829,27.085589260476002,116933614800.0,,25670001536.23,-4.702317582417921,-9.452899828088526,-9.18759240153958,4.00200403424489,3710890.566666666,Consumer Non-Durables,Beverages: Alcoholic,SSE:600519,A,4935484453.666666,0.6150091144061652,32.364436494895884,0.6317447352536666,1.0,0.6150091144061652,2.6491112491474067,stable_or_general,True,0.18,0.7950091144061653,watch
300866,"Anker Innovations Technology Co., Ltd. Class A",135.91,80657531902.79999,24.0659418493466,6.287702039443521,29.719640555322602,14.8299018013264,2441477130.0,,3767346221.94,22.64400116868173,27.852663929499204,,1.74978127734033,4058261.06666667,Producer Manufacturing,Electrical Products,SZSE:300866,A,551558261.5706671,0.8097655758840105,26.12697262714542,0.9211148261525927,1.0,0.8097655758840105,12.088530887476557,cyclical,True,0.0,0.8097655758840105,watch
002215,"Shenzhen Noposion Crop Science Co., Ltd. Class A",10.62,10142688786.0,14.099840679766329,2.3269368133673973,17.3976049371066,6.30054875025822,409486120.0,,6135202748.44,9.002232267482508,12.71165774712453,12.501867064973862,2.9126213592233,24784915.3,Process Industries,Chemicals: Agricultural,SZSE:002215,A,263215800.486,0.8104472271176469,16.50328444282791,0.8543657311738282,1.0,0.8104472271176469,5.140480528852775,cyclical,True,0.0,0.8104472271176469,watch
600988,Chifeng Jilong Gold Mining Group Limited Class A,45.69,83568108887.6075,23.23180963034525,6.012625328825728,28.595660537272398,15.2244275588956,3061423240.0,,793982410.43,42.393941161622564,71.59657192952929,56.07491468931036,0.686695278969957,72140235.06666666,Non-Energy Minerals,Precious Metals,SSE:600988,A,3296087340.1959996,0.8124243047319801,25.881002920117222,0.8976394655976503,1.0,0.8124243047319801,9.493250255984876,cyclical,True,0.0,0.8124243047319801,watch
600711,"Chengtun Mining Group Co., Ltd. Class A",11.52,35733617160.0,12.927841993042307,1.9539167380445566,15.8821683145041,5.94816573289037,329506960.0,,23372711706.96,26.99578620359544,39.802309925565446,42.23463687150839,0.856898029134533,117985068.09999989,Non-Energy Minerals,Other Metals/Minerals,SSE:600711,A,1359187984.5119987,0.8139846988799503,15.11402087909292,0.8553542499683369,1.0,0.8139846988799503,4.83654007563743,cyclical,True,0.0,0.8139846988799503,watch
600062,"China Resources Double-Crane Pharmaceutical Co., Ltd. Class A",16.02,16689857952.999998,10.264624847824694,1.3584375763167176,13.8926758155826,9.12878587901342,899837890.0,,1229362079.35,-1.354763765265853,3.9222379491043284,3.7975525405692956,2.98070939639079,9442831.566666814,Health Technology,Pharmaceuticals: Other,SSE:600062,A,151274161.69800234,0.7388515347282103,13.234166824953192,0.7756154946203799,1.0,0.7388515347282103,4.739972337732046,health_special,True,0.08,0.8188515347282103,watch
600323,"Grandblue Environment Co., Ltd. Class A",29.99,24460413208.0,11.052146674037221,1.6103422742500415,15.2757483612876,3.48482386158235,3027897440.0,,34573729922.619995,34.55277424249963,26.88606429267162,26.888005611409856,3.5,5398230.533333337,Industrial Services,Environmental Services,SSE:600323,A,161892933.69466677,0.7235093438725401,14.570402671482121,0.7585340586138366,1.0,0.7235093438725401,4.617421504487429,cyclical,True,0.1,0.82350934387254,watch
002048,"Ningbo Huaxiang Electronic Co., Ltd. Class A",18.72,15610508312.0,10.009089450890231,1.2862920570091236,13.4084834503706,5.67453226305021,1304117170.0,,3450315452.48,-14.665633288940318,3131.5368878416166,3181.2280701754385,1.35275754422477,17237316.26666665,Producer Manufacturing,Office Equipment/Supplies,SZSE:002048,A,322682560.51199967,0.7464743860062405,12.851239499060705,0.7788423405868199,1.0,0.7464743860062405,4.155905873862952,cyclical,True,0.08,0.8264743860062405,watch
600968,CNOOC Energy Technology & Services Ltd. Class A,3.95,39847214213.0,10.23581238662866,1.3466429384771685,13.6601172881403,8.05782840751524,1494941070.0,,4108184042.4900002,-4.928284211875787,1.4044542418826356,1.392538097740417,3.75,45040716.9,Energy Minerals,Integrated Oil,SSE:600968,A,177910831.755,0.7493209736577725,13.156190125527578,0.7780225345609463,1.0,0.7493209736577725,3.6890397936058084,cyclical,True,0.08,0.8293209736577725,watch
293,Cathay Pacific Airways Limited,14.42,87203375440.0,6.983389026102959,1.5114258342714235,24.4729739587133,7.604153386313091,18735000000.0,,63495000000.0,19.657853239942792,35.20048357848076,46.43642294872706,5.85774058577406,24583012.7,Transportation,Airlines,HKEX:293,HK,354487043.134,0.285351058595664,21.643156762739682,0.3226603726368321,0.8,0.35668882324458,11.56302949019442,cyclical,True,0.0,0.35668882324458,priority
3993,CMOC Group Limited Class H,16.45,444589867759.0,11.227902532250358,3.379273651320587,34.015594962731,13.505755792798302,20194215790.0,,54613353740.2732,25.055798742078945,72.20866524162804,72.97520661157026,1.96407942238267,38680777.666666985,Distribution Services,Wholesale Distributors,HKEX:3993,HK,636298792.6166719,0.3300810273802986,30.097105328570166,0.3730558939032615,0.8,0.41260128422537323,11.519685716078476,stable_or_general,True,0.0,0.41260128422537323,priority
2899,"Zijin Mining Group Co., Ltd. Class H",36.6,1015481531854.0,13.255586541595742,4.147177200043512,39.1507265999703,13.6355337072611,78511100060.0,,200204982435.363,21.19913774481032,74.52429440303759,72.19207982538198,2.5335938359934,56997429.53333326,Non-Energy Minerals,Precious Metals,HKEX:2899,HK,2086105920.9199972,0.3385783021867543,31.28625947278727,0.42368716378912047,0.8,0.4232228777334428,20.087665824288926,cyclical,True,0.0,0.4232228777334428,priority
2600,Aluminum Corporation of China Limited Class H,8.76,185793625631.0,7.629332868838181,1.5380644617564485,22.3208309457286,7.392144248478881,37411261710.0,,73748649622.6418,6.65243949510868,46.957687110846166,46.753578732106355,3.46803652968037,37483800.93333333,Distribution Services,Wholesale Distributors,HKEX:2600,HK,328358096.17599994,0.34180326383853377,20.159881449643315,0.3784413558132885,0.8,0.4272540797981672,9.68131294636596,stable_or_general,True,0.0,0.4272540797981672,priority
1308,"SITC International Holdings Co., Ltd.",45.22,122615313955.0,12.319176178930448,5.52119898659992,46.8477884433946,36.305923077423,10141048770.0,,2567518538.2,5.186015981809692,-2.638012178355432,-3.1426460499234783,5.08624502432552,5425098.5,Transportation,Marine Shipping,HKEX:1308,HK,245322954.17,0.2629617445830021,44.817923750801256,0.27487163946790827,0.8,0.32870218072875257,4.332893312660824,cyclical,True,0.1,0.42870218072875255,priority
322,Tingyi (Cayman Islands) Holding Corp.,12.55,71256570060.0,13.569034490215158,4.742273495036673,36.0576208232554,7.985451018050591,6882429180.0,,20329164161.5793,3.527495131736362,17.29880393984028,17.268923545074184,3.64620253164557,20384793.066666666,Consumer Non-Durables,Beverages: Non-Alcoholic,HKEX:322,HK,255829152.98666668,0.3763153025743672,34.949233112027244,0.38824984933776935,0.8,0.47039412821795895,3.0739346798868583,stable_or_general,True,0.0,0.47039412821795895,priority
2589,"Auntea Jenny (Shanghai) Industrial Co., Ltd. Class H",81.5,8610866893.0,12.374358507181682,3.4415921692165417,31.980933368923996,21.6384208443536,862658980.0,,169320508.341439,,,,4.22658032987172,521407.1666666667,Consumer Services,Restaurants,HKEX:2589,HK,42494684.083333336,0.3869292482628383,27.812287539747224,0.44492415409905367,0.8,0.48366156032854785,13.034784760933416,stable_or_general,True,0.0,0.48366156032854785,priority
9980,Eastroc Beverage (Group) Co. Ltd. Class H,103.2,93818194736.0,13.633301187629629,3.333647747138942,34.314663942266,16.5577596000554,5464255960.0,,7002582197.79788,25.278432029610524,28.431947933165368,,2.13964226732378,732291.7333333329,Consumer Non-Durables,Beverages: Non-Alcoholic,HKEX:9980,HK,75572506.87999997,0.3973024830016546,24.452241619687644,0.5575481135706111,0.8,0.49662810375206823,28.741130436747863,stable_or_general,True,0.0,0.49662810375206823,priority
1415,Cowell e Holdings Inc.,24.3,21315927124.0,12.59458899139629,3.3349573523457923,31.1822474804944,14.8003619513146,1874256690.0,,1380287062.55,14.861029499110339,29.067418969752694,27.269129287598943,1.42857142857143,3262669.6333333333,Consumer Durables,Electronics/Appliances,HKEX:1415,HK,79282872.09,0.4039025409978755,26.479286895538976,0.4756392814157744,0.8,0.5048781762473443,15.082173239428286,stable_or_general,True,0.0,0.5048781762473443,priority
1585,Yadea Group Holdings Ltd.,9.11,27339142539.0,10.121097655816019,2.3363946686089605,25.0412255172972,8.03549668944405,2997915420.0,,9026682180.3652,13.191990450510808,35.52397569544348,35.069027611044426,5.78918623702895,9833174.9,Consumer Durables,Motor Vehicles,HKEX:1585,HK,89580223.339,0.40417740932147594,23.084400013336175,0.4384388439798705,0.8,0.5052217616518448,7.814415882359082,cyclical,True,0.0,0.5052217616518448,priority
1929,Chow Tai Fook Jewellery Group Limited,12.08,118790625522.0,13.373187202479796,4.082184374155177,32.3792605592756,11.0904803518662,424900000.0,,28446300000.091103,5.289551173433863,52.21536641034534,52.58445945945947,5.56478405315615,16881350.7,Consumer Durables,Other Consumer Specialties,HKEX:1929,HK,203926716.456,0.41301706621736967,30.52514193025142,0.43810401383347963,0.8,0.516271332771712,5.726253771700285,stable_or_general,True,0.0,0.516271332771712,priority
2510,T.S. Lines Limited,13.94,23476937818.0,7.967080070869291,1.3533928023580493,17.8216748712375,14.3158259525383,1337693420.0,,1309951716.1000001,,,,5.53191489361702,4221169.1,Transportation,Marine Shipping,HKEX:2510,HK,58843097.25399999,0.44704440679295554,16.98731267063041,0.46900179123939256,0.8,0.5588055084911944,4.6817272037303015,cyclical,True,0.0,0.5588055084911944,priority
6,Power Assets Holdings Limited,60.3,127866313477.0,7.179853545275941,1.2460549342845506,18.6391872822799,17.3139150749467,5528000000.0,,2770000000.0,-12.239902080783354,190.78797725426483,190.78664912402192,4.7,2716749.6666666665,Utilities,Electric Utilities,HKEX:6,HK,163820004.89999998,0.38520207112794885,17.35487954492338,0.4137080598393539,0.8,0.481502588909936,6.890363393566501,stable_or_general,True,0.08,0.561502588909936,priority
1361,361 Degrees International Ltd.,4.445,9559476781.0,5.964841653247451,0.7344497410011318,12.8441046271852,9.24275152552987,747174180.0,,553880753.161199,13.070118241531627,18.224686344318812,17.557974443918592,7.59637188208617,3846010.7333333334,Consumer Non-Durables,Apparel/Footwear,HKEX:1361,HK,17095517.70966667,0.464403072567827,12.312979684905365,0.48443527122519536,0.8,0.5805038407097837,4.135165180418121,stable_or_general,True,0.0,0.5805038407097837,priority
564,ZCZL Industrial Technology Group Company Limited Class H,12.38,28215927101.0,5.741848708315941,0.7897145736785198,14.7077940194998,6.63634662972856,932796680.0,,13790131779.707998,8.982631507688065,-18.28642253303251,-17.536143195899946,11.5044497991968,1293164.7666666666,Producer Manufacturing,Auto Parts: OEM,HKEX:564,HK,16009379.811333334,0.3903949634257399,13.753663912021459,0.4174777532041662,0.8,0.48799370428217487,6.4872414327624135,cyclical,True,0.1,0.5879937042821749,priority
6110,Topsports International Holdings Limited,1.12,6914362776.0,5.0269299820466795,0.7060143598277829,14.166469915986102,8.64742532992503,2745118910.0,,3980959430.10926,-3.552403351753338,-0.6077116410583117,-0.6244424620874274,15.6412556053812,30883283.733333334,Retail Trade,Apparel/Footwear Retail,HKEX:6110,HK,34589277.781333335,0.3548470445960612,14.044642800859823,0.3579250859793264,0.8,0.4435588057450765,0.8599680502536677,stable_or_general,True,0.18,0.6235588057450765,priority
151,Want Want China Holdings Limited,3.085,35846523498.0,8.624545708694436,1.6124058558817536,20.2897950586787,13.696705542081599,4230424600.0000005,,3191310498.97224,5.79956317923007,-9.740338289237712,-9.694521585458213,3.53846153846154,14909640.433333334,Consumer Non-Durables,Food: Meat/Fish/Dairy,HKEX:151,HK,45996240.736833334,0.42506815291884364,18.695545369494432,0.461315545400838,0.8,0.5313351911485545,7.857396708905384,stable_or_general,True,0.1,0.6313351911485545,priority
1530,"3SBio, Inc.",16.24,41348329470.0,4.4456611004653706,1.2959962971534364,36.657115579207,27.0913290121645,,,1603171868.11389,101.73124275980192,257.92635551181803,254.694630546655,1.53468385512584,23974802.3,Health Technology,Biotechnology,HKEX:1530,HK,389350789.352,0.1212768934549526,29.151936413186597,0.15249968432472358,0.8,0.15159611681869073,20.474003607303903,health_special,False,0.4,0.5515961168186907,watch
2400,"XD, Inc.",39.98,18494876516.0,11.726403472751802,4.164743849502533,42.0412856755701,29.4254966337135,,,130337935.980193,5.883559395488523,13.6153099602686,12.295378940087627,1.04166666666667,2988762.4,Technology Services,Packaged Software,HKEX:2400,HK,119490720.75199999,0.27892590067876855,35.515952177323506,0.33017285906356647,0.8,0.3486573758484607,15.521251059261543,technology_strict,False,0.25,0.5986573758484607,watch
2020,ANTA Sports Products Ltd.,76.1,210552058911.0,11.980855820397368,2.606071564574412,24.1578948465741,12.919034907579602,22944036750.0,,38137738077.34251,16.637270096937968,11.792863489284935,12.530782177340773,3.2300593276203,7415774.466666667,Consumer Non-Durables,Apparel/Footwear,HKEX:2020,HK,564340436.9133333,0.49593956329752004,21.7519649985069,0.5507941843975825,0.8,0.6199244541219,9.959186689681266,stable_or_general,True,0.0,0.6199244541219,watch
1478,Q Technology (Group) Co. Ltd.,5.845,6888544997.0,4.330591983403719,0.9520086649890467,24.470044682938,8.11240467414755,-235075630.0,,8855956311.57338,31.138791265049516,216.77946929917633,214.98249708284712,9.54032957502168,7749481.533333333,Electronic Technology,Electronic Components,HKEX:1478,HK,45295719.56233333,0.17697523807233875,21.98333781241602,0.1969942881448073,0.8,0.22121904759042343,10.162248997672895,technology_strict,False,0.4,0.6212190475904235,watch
1651,Precision Tsugami (China) Corp. Ltd.,52.75,18817745117.0,16.157686770606794,4.6869099713454325,32.192536246929,23.5449019144656,1143151900.0,,91787153.7013983,23.92836897851255,42.602679401505554,46.18277884744549,2.9382957884427,1328302.7333333334,Producer Manufacturing,Industrial Machinery,HKEX:1651,HK,70067969.18333334,0.5019078536301455,29.007308025500347,0.5570212429365234,0.8,0.6273848170376818,9.894306546699971,cyclical,True,0.0,0.6273848170376818,watch
2099,China Gold International Resources Corp. Ltd.,259.6,102433312473.0,17.008897566600712,4.98715749312729,33.6205175127488,22.9961853867758,6577560340.0,,3743049675.25,46.106339401700815,163.54051815602756,163.5390406464758,1.06089667182663,3082416.2666666666,Non-Energy Minerals,Precious Metals,HKEX:2099,HK,800195262.8266667,0.5059082615296148,29.320874404701296,0.5800951680988584,0.8,0.6323853269120184,12.788747545058143,cyclical,True,0.0,0.6323853269120184,watch
3998,Bosideng International Holdings Limited,4.345,49972548187.0,11.494708994708994,2.440202404820874,22.6902973751023,14.0336271808393,6247051230.0,,7253272245.8238,8.077352320679388,16.446029820440586,13.718411552346579,7.28754365541327,21081326.433333334,Consumer Non-Durables,Apparel/Footwear,HKEX:3998,HK,91598363.35283333,0.5065913771285322,21.22891850454063,0.5414646531452086,0.8,0.6332392214106652,6.440545253343477,stable_or_general,True,0.0,0.6332392214106652,watch
9961,Trip.com Group Ltd.,325.6,211244580708.0,6.560984308849874,1.1987845002613138,20.0431517579795,12.21458179332,,,35603328537.1008,19.462330160959834,87.33605161616605,86.06849335612947,0.716992619926199,2705079.1666666665,Consumer Services,Other Consumer Services,HKEX:9961,HK,880773776.6666666,0.32734294426712807,18.27141239530655,0.3590846819556883,0.8,0.4091786803339101,8.83962454641194,stable_or_general,False,0.25,0.6591786803339101,watch
1378,China Hongqiao Group Ltd.,23.4,228399209904.0,7.612726917821589,1.4936290974267452,22.442331849913,11.6700120879165,,,67290553752.0379,6.877135633506964,11.776113156377386,5.0871794871794895,7.09372312983663,34491458.93333333,Non-Energy Minerals,Aluminum,HKEX:1378,HK,807100139.0399998,0.339212830856126,19.620158631069785,0.38800537044416883,0.8,0.4240160385701575,12.575222742970693,cyclical,False,0.25,0.6740160385701575,watch
1179,H World Group Limited,35.8,107678261779.0,20.70800555298473,6.757407194184855,38.0507600511754,7.79155353229896,9040057780.0,,39565057284.7585,13.35011046450848,38.64430062441698,35.125840237611364,4.63123176206509,2113035.2666666666,Consumer Services,Hotels/Resorts/Cruise lines,HKEX:1179,HK,75646662.54666665,0.5442205497376142,32.63185909862228,0.6345947219985093,0.8,0.6802756871720178,14.241242343819449,cyclical,True,0.0,0.6802756871720178,watch
1681,Consun Pharmaceutical Group Ltd.,13.61,11234677548.0,8.810772318249498,2.0815617371940363,25.5812880500079,18.0274101202991,,,265210933.150588,15.047188942407766,20.573157228218687,20.972668180750258,5.34016093635699,1763514.9666666666,Health Technology,Pharmaceuticals: Major,HKEX:1681,HK,24001438.69633333,0.3444225443623343,23.625190414721732,0.37293973777917905,0.8,0.4305281804529179,7.646595556338919,health_special,False,0.25,0.680528180452918,watch
1318,"Mao Geping Cosmetics Co., Ltd. Class H",50.4,35279896544.0,16.42978224018777,4.308126802532221,29.3004445555415,24.300789652431,1301336250.0,,104905072.434934,32.223519859219564,31.749800285307444,30.536170212765956,2.3237067209776,3053046.6333333333,Consumer Non-Durables,Household/Personal Care,HKEX:1318,HK,153873550.32,0.5607349133916283,26.22144797509492,0.6265779927863917,0.8,0.7009186417395353,10.508361313802183,stable_or_general,True,0.0,0.7009186417395353,watch
1910,Samsonite Group S.A.,12.51,16941085406.999998,8.552091878589007,1.3300558602197408,17.723640066972,5.01604210284121,3851009140.0,,18325302440.1221,1.2738061782196628,-10.986337786593156,-9.216160863898706,6.57799671592775,4042393.2666666666,Consumer Durables,Other Consumer Specialties,HKEX:1910,HK,50570339.765999995,0.4825245743128032,15.552403775615003,0.5498887504449982,0.8,0.603155717891004,12.250509958183443,stable_or_general,True,0.1,0.703155717891004,watch
1882,Haitian International Holdings Limited,18.0,28791841461.0,8.110665525165592,1.07005915049193,14.017008583516303,9.01325015859404,2419436530.0,,4147737609.16821,7.743758989509695,0.3293853329564221,0.33001808318263387,4.43458980044346,3169520.2333333334,Producer Manufacturing,Industrial Machinery,HKEX:1882,HK,57051364.2,0.5786302745582648,13.193234848259669,0.614759429241531,0.8,0.7232878431978309,5.876958199379089,cyclical,True,0.0,0.7232878431978309,watch
1133,Harbin Electric Co. Ltd. Class H,16.58,36451296831.0,9.95018904158915,1.7082111588018205,18.9305940146577,3.9523151047633807,7049798220.0,,7597429619.07465,13.477776996242996,55.89041902764082,55.889231920666106,2.49501840490798,5438917.166666667,Producer Manufacturing,Electrical Products,HKEX:1133,HK,90177246.62333333,0.5256142006893632,17.167625174375594,0.579590300960252,0.8,0.6570177508617039,9.31280254025343,cyclical,True,0.1,0.7570177508617039,watch
1024,Kuaishou Technology Class B,33.66,143052486602.0,8.459837136825172,1.5318835204194245,20.3330855425658,8.74060216587576,,,74292253677.0124,11.31210309805611,0.7153043130117971,-0.7136796925687358,2.10622710622711,52393051.53333333,Commercial Services,Advertising/Marketing Services,HKEX:1024,HK,1763550114.6119998,0.4160626344248212,18.107718808808105,0.4671950799628095,0.8,0.5200782930310265,10.944559934590625,hybrid_platform,False,0.25,0.7700782930310265,watch
1038,CK Infrastructure Holdings Limited,65.05,155255467529.0,6.512032995635286,1.1079686021626252,18.4253294289898,14.358942176861,,,31269000000.0,-9.356477561388655,208.74631992149168,208.74698646226128,4.01538461538462,1482227.8,Utilities,Electric Utilities,HKEX:1038,HK,96418918.39,0.35342830752265786,17.014173652148955,0.3827416557966535,0.8,0.4417853844033223,7.6587817996924485,stable_or_general,False,0.33,0.7717853844033223,watch
1208,MMG Ltd.,9.22,123068720582.0,13.97816858702244,2.635806951440546,22.4369837665263,6.36405946416614,18177005580.0,,24352702070.0,48.10534458847126,122.67230409088414,107.09576138147565,0.0,56458054.466666676,Non-Energy Minerals,Other Metals/Minerals,HKEX:1208,HK,520543262.1826668,0.6229967776629783,18.85659723611913,0.7412879647367004,0.8,0.7787459720787229,15.957521597661195,cyclical,True,0.0,0.7787459720787229,watch
1999,Man Wah Holdings Limited,3.055,11743271087.0,6.5389554794520555,0.8353887634058705,13.478910261337202,8.49589861527141,1070727000.0000001,,4840131000.0,-2.8007114157473696,-12.129930083966157,-12.163940590336535,7.85597381342062,5989726.7,Consumer Durables,Home Furnishings,HKEX:1999,HK,18298615.0685,0.48512493611656005,12.775568912053116,0.5118328212595585,0.8,0.6064061701457,5.218087632065805,stable_or_general,True,0.18,0.7864061701456999,watch
590,Luk Fook Holdings (International) Limited,21.98,12669786022.0,6.307935141340221,0.8594861383420755,14.500206521471402,10.1847526641997,-102938000.0,,4751020000.0,28.96230838160763,86.00399685779333,85.99871890680049,7.27525486561631,1634080.5333333334,Retail Trade,Specialty Stores,HKEX:590,HK,35917090.12266667,0.4350238137642833,13.62547520042294,0.46295157038959056,0.8,0.543779767205354,6.032543879655716,stable_or_general,False,0.25,0.793779767205354,watch
142,First Pacific Co. Ltd.,5.095,21434997417.0,4.876998181296066,0.6232385407288528,12.9873021805836,1.8786259502868903,12525644350.0,,102599108560.0,4.56744628688281,-19.723061457609433,-20.081089351285186,5.26315789473684,3048678.633333349,Miscellaneous,Miscellaneous,HKEX:142,HK,15533017.636833413,0.37552049790504777,12.77914236505265,0.3816373620371646,0.8,0.4694006223813097,1.6027948887040955,stable_or_general,True,0.35,0.8194006223813097,watch
883,CNOOC Limited,25.06,1216453211877.0,7.666656468932603,1.2039076555747985,16.78691704247,11.8794110184119,,,78690939429.304,10.531513069035286,12.717803724573292,12.725454357347305,5.17380759902991,60361007.966666594,Energy Minerals,Integrated Oil,HKEX:883,HK,1512646859.6446648,0.45670425662653674,15.703164220979026,0.4882236701498762,0.8,0.5708803207831709,6.455937196503303,cyclical,False,0.25,0.8208803207831709,watch
6693,Chifeng Jilong Gold Mining Group Limited Class H,42.2,97442603948.0,19.242168619761983,4.805086559876844,28.248859151301904,15.0641777734108,3395472040.0,,917624570.653548,47.35219724941116,77.30168902633717,77.30616864742498,0.856323185011709,8633508.6,Non-Energy Minerals,Precious Metals,HKEX:6693,HK,364334062.92,0.6811662204374427,24.971647712004515,0.7705606310676799,0.8,0.8514577755468034,11.601216961522331,cyclical,True,0.0,0.8514577755468034,watch
999,Xiaocaiyuan International Holding Ltd.,7.59,8729769577.0,12.851337622756517,3.209234477072366,25.8145146964274,15.5930643871414,,,1541021651.3543801,,,,7.76415094339623,2629422.7333333334,Consumer Services,Restaurants,HKEX:999,HK,19957318.546,0.49783378745969914,24.971987907232407,0.5146301395987183,0.8,0.6222922343246239,3.2637715607010676,stable_or_general,False,0.25,0.8722922343246239,watch
168,"Tsingtao Brewery Co., Ltd. Class H",40.5,67118861413.00001,10.5934974235568,1.5248304520312812,15.1042625827292,8.50331182366777,3996805020.0,,381892773.60412097,1.0755101175886925,5.030766113743941,5.035990988515853,6.82162708438605,3749097.433333333,Consumer Non-Durables,Beverages: Alcoholic,HKEX:168,HK,151838446.04999998,0.7013581342044342,14.394022965829114,0.7359650216416478,0.8,0.8766976677555427,4.702246223607109,stable_or_general,True,0.0,0.8766976677555427,watch
9981,"Shenzhen Woer Heat-Shrinkable Material Co., Ltd. Class H",9.9,13573015857.050001,10.664655822471184,1.293309539921461,15.0743783127858,8.47368396246638,215879340.0,,3897650979.35573,22.247131324046006,21.068444607753538,8.712964047312335,1.92010152284264,1516760.0,Producer Manufacturing,Electrical Products,HKEX:9981,HK,15015924.0,0.7074690313049677,12.127063089990829,0.8794096100046965,0.8,0.8843362891312097,19.5518193960617,cyclical,True,0.0,0.8843362891312097,watch
2507,Cirrus Aircraft Limited,45.94,16740328329.0,13.281295172015032,2.309291202424906,18.5600255280569,10.6442541410917,1269759400.0,,216056319.55,14.044373337919208,8.271381217035776,8.269688243395525,2.04897245299519,887519.1333333333,Electronic Technology,Aerospace & Defense,HKEX:2507,HK,40772628.98533333,0.7155860401128169,17.38754520937691,0.7638395766673595,0.8,0.8944825501410211,6.317234407396544,technology_strict,True,0.0,0.8944825501410211,watch
303,VTech Holdings Limited,50.2,12601617611.0,12.148786331405338,2.5055126268852486,20.7492096904964,10.2374935389482,721847170.0,,994137360.0,-6.746215076510219,-14.364563832231205,-14.488224825131407,8.33850160901046,696012.4666666667,Consumer Durables,Recreational Products,HKEX:303,HK,34939825.82666667,0.5855059789081871,20.623563198311825,0.5890731012185032,0.8,0.7318824736352338,0.6055483271834139,stable_or_general,True,0.18,0.9118824736352338,watch
6690,"Haier Smart Home Co., Ltd. Class H",21.62,218633828153.0,9.953042997882331,1.4658143880326628,15.1372927277349,5.78729124627148,17950448640.0,,84365738119.5501,0.5890393739793509,-8.946596767986561,-7.186805674243706,6.23286591123702,13082725.9,Consumer Durables,Electronics/Appliances,HKEX:6690,HK,282848533.958,0.6575180368710274,14.727298860705597,0.6758227080213861,0.8,0.8218975460887842,2.708501938910801,stable_or_general,True,0.1,0.9218975460887842,watch
175,Geely Automobile Holdings Limited,17.28,186815047141.0,10.006369795587469,1.7147790534975342,17.9748774820255,5.75584051514803,,,8652988053.164999,34.63497177287369,12.951400374586427,6.690967502780184,2.90360046457607,44649809.93333333,Consumer Durables,Motor Vehicles,HKEX:175,HK,771548715.648,0.5566863977567373,17.136874696093123,0.5839086748920869,0.8,0.6958579971959217,4.662077873801163,cyclical,False,0.25,0.9458579971959217,watch
3606,"Fuyao Glass Industry Group Co., Ltd. Class H",56.35,166905872969.0,15.544827586206896,3.332458082585822,22.7425379801769,11.9014808123063,6400991160.0,,29266652182.3678,13.0566599339307,-0.40550323627570173,-0.40661574811803247,4.24930027051398,2957310.6333333333,Consumer Durables,Home Furnishings,HKEX:3606,HK,166644454.18833333,0.6835133176321944,21.437729457628404,0.725115391391201,0.8,0.854391647040243,5.737303917820469,stable_or_general,True,0.1,0.9543916470402429,watch
6198,Qingdao Port International Co Ltd Class H,7.27,66018739396.00001,8.124720607957084,0.8650755780953819,11.3017477233974,7.48210377733743,2964039650.0,,5901739023.68541,6.41820532031227,-0.982918474167119,-0.9738822487826383,5.34629120879121,2488184.0,Transportation,Other Transportation,HKEX:6198,HK,18089097.68,0.7188906359267702,10.647450168909876,0.7630672582700542,0.8,0.8986132949084626,5.789348430888863,stable_or_general,True,0.1,0.9986132949084626,watch
921,Hisense Home Appliances Group Co. Ltd. Class H,22.56,39766357655.0,10.020876826722338,1.5484944392164453,16.43522103119,3.5926252037109,3271636320.0,,25187690662.417,-5.250751782642988,-15.66582501309435,-16.027601641178663,6.55892025089606,675889.5333333333,Consumer Durables,Electronics/Appliances,HKEX:921,HK,15248067.872,0.6097196263868422,15.452684091347445,0.6484877816361634,0.8,0.7621495329835527,5.97823989089007,stable_or_general,True,0.28,1.0421495329835526,watch
1258,China Nonferrous Mining Corp. Ltd.,16.56,64578690981.0,14.3837401198645,2.9879615462340134,22.4432297635746,10.9747019563844,,,677380594.9,10.774663550691596,30.256353859451234,30.267028739533824,1.9638670694864,15892115.566666666,Non-Energy Minerals,Other Metals/Minerals,HKEX:1258,HK,263173433.78399998,0.6408943931594612,20.773189179826204,0.692418482080412,0.8,0.8011179914493264,7.441177590485982,cyclical,False,0.25,1.0511179914493263,watch
1368,Xtep International Holdings Limited,3.43,9711819320.0,6.988590057049715,0.7540533113492718,12.3640994800582,7.2998637428429,,,2719133236.62192,10.471950602549983,-4.978086279049862,-8.976261127596437,7.60719225449516,10454588.033333333,Consumer Non-Durables,Apparel/Footwear,HKEX:1368,HK,35859236.954333335,0.5652324351095255,10.789777411376752,0.6477047477996105,0.8,0.7065405438869068,12.733010367804287,stable_or_general,False,0.35,1.0565405438869067,watch
2259,Zijin Gold International Company Limited,162.9,428749556579.0,22.037933926783733,5.952922578021108,38.9176811113979,23.8305003135569,,,4004401675.6,106.34666584316497,222.5563956903622,216.24026696329253,1.87265917602996,9713291.566666666,Non-Energy Minerals,Precious Metals,HKEX:2259,HK,1582295196.21,0.5662704790581533,27.012162745375342,0.8158522564268488,0.8,0.7078380988226916,30.591540980934163,cyclical,False,0.35,1.0578380988226916,watch
991,"Datang International Power Generation Co., Ltd. Class H",2.605,96685371575.0,5.972031178358551,0.49844725547861457,12.1256682297527,2.16092400816039,,,203432032039.601,3.1974489756315685,59.244582503820645,59.255202628696615,6.51851851851852,25638634.8,Utilities,Electric Utilities,HKEX:991,HK,66788643.654,0.4925115107227661,8.34636056966494,0.7155251835229899,0.8,0.6156393884034576,31.167829998964436,stable_or_general,False,0.44999999999999996,1.0656393884034574,watch
1171,Yankuang Energy Group Company Limited Class H,13.3,205069696653.0,10.196258816314014,1.5171823755881935,17.2183842656113,2.77810757716118,-2165395670.0,,202616672186.256,32.88814842523928,6.7976569414927,6.5251122907309185,4.2827899924185,29041285.333333366,Energy Minerals,Coal,HKEX:1171,HK,386249094.93333375,0.5921727996672759,14.879794667046914,0.685241903162471,0.8,0.7402159995840948,13.581934068198464,cyclical,False,0.35,1.0902159995840948,watch
340,Tongguan Gold Group Ltd.,3.55,18597921631.0,17.47047244094488,3.865502297523901,25.4954589441576,15.090645558923402,,,748286000.046906,64.96150776724275,118.8037408151505,83.22813345356175,0.914285714285714,20782970.733333334,Non-Energy Minerals,Precious Metals,HKEX:340,HK,73779546.10333334,0.6852385940261067,22.125917376249483,0.7895931338737678,0.8,0.8565482425326333,13.21624205819707,cyclical,False,0.25,1.1065482425326332,watch
2768,"Qingdao Gon Technology Co., Ltd. Class H",37.86,25758542082.0,12.811749179384792,2.0082973553174526,18.475489493048,5.44831062407165,-1320295670.0,,14013067516.3085,21.24961692524004,59.71930544609355,,1.01581109366824,1241047.1999999997,Process Industries,Chemicals: Specialty,HKEX:2768,HK,46986046.99199999,0.6934457235466279,15.675434534333345,0.8173138136186066,0.8,0.8668071544332848,15.155511629438923,cyclical,False,0.25,1.116807154433285,watch
2722,Chongqing Machinery & Electric Co. Ltd. Class H,1.81,6706044889.0,6.418439716312058,0.6130813264234665,10.3660009775651,4.53622194967294,,,4388600903.6608,19.904922593474357,67.16344859066706,67.16064018968582,4.07730769230769,8350384.9,Producer Manufacturing,Industrial Machinery,HKEX:2722,HK,15114196.669000002,0.6191818552017639,9.551874809470581,0.6719560132790103,0.8,0.7739773190022049,7.853811415381062,cyclical,False,0.35,1.1239773190022049,watch
2057,"ZTO Express (Cayman), Inc. Class A",164.9,120514637640.0,11.542849942950742,1.7043987544762431,16.0392099056169,10.5973945602568,,,25471976714.4383,21.236339993748004,22.67170469572305,25.451368154835073,3.12654613003096,1486995.6666666667,Transportation,Air Freight/Couriers,HKEX:2057,HK,245205585.43333337,0.7196644978695901,14.765840003985543,0.781726602742217,0.8,0.8995806223369875,7.93910615999498,stable_or_general,False,0.25,1.1495806223369875,watch
3877,CSSC (Hong Kong) Shipping Company Limited,2.33,14239660793.0,7.9603689784762555,0.9196872273995745,12.9678216631721,4.60318866460148,,,25315019000.0626,-3.094555518842246,4.14946415234328,-3.748766853008868,4.35729847494553,8836638.0,Transportation,Marine Shipping,HKEX:3877,HK,20589366.54,0.6138555252562784,11.553324096989506,0.6890111375435681,0.8,0.7673194065703479,10.907749990113535,cyclical,False,0.43000000000000005,1.1973194065703479,watch
576,Zhejiang Expressway Co. Ltd. Class H,6.15,36772118929.0,6.345439537763104,0.6247828498631574,10.6114435683766,1.7202080651227203,,,137433054236.67702,21.405742195705873,-3.333662402974825,-3.40841140123581,7.35024630541872,8107673.99999999,Transportation,Other Transportation,HKEX:576,HK,49862195.09999994,0.5979808022231103,9.84617135101418,0.6444575573133317,0.8,0.7474760027788879,7.211763530864235,stable_or_general,False,0.44999999999999996,1.1974760027788878,watch
902,"Huaneng Power International, Inc. Class H",5.62,114917779350.0,8.399342400239126,1.083469570313705,13.4501949475253,1.51212808763724,,,463297428238.253,-3.2281598658516595,7.253434924908728,7.26194293042642,7.9920913884007,26386940.066666666,Utilities,Electric Utilities,HKEX:902,HK,148294603.17466667,0.6244773724848144,12.899457108485766,0.6511392169143081,0.8,0.780596715606018,4.094645774192784,stable_or_general,False,0.43000000000000005,1.210596715606018,watch
HMY,Harmony Gold Mining Company Limited,20.385,12819339481.487999,7.283999142428358,2.780665067971813,48.1166999268439,29.137685369431704,960832870.0,,578157413.0567421,49.715777730405755,121.37391819315222,121.88218504717354,1.57001926782274,3460499.933333333,Non-Energy Minerals,Precious Metals,NYSE:HMY,US,70542291.141,0.15138193503508907,38.174977970203166,0.19080558862702582,1.0,0.15138193503508907,20.661687047856603,cyclical,True,0.0,0.15138193503508907,priority
PBR,Petroleo Brasileiro S.A. Petrobras,20.145,125885671307.849,5.095098386362486,1.3971333279237328,30.685982529677503,11.0211924445216,18257156170.0,,70814633062.5296,20.81710009340769,86.33582928701784,86.33300344031292,5.77671379814724,18269181.433333334,Energy Minerals,Integrated Oil,NYSE:PBR,US,368032659.9745,0.16603992984206503,27.42112559913058,0.1858092355816361,1.0,0.16603992984206503,10.639571105110823,cyclical,True,0.0,0.16603992984206503,priority
INSW,"International Seaways, Inc.",103.6845,5135629111.289349,6.621188415977522,2.2665547720405668,37.4116050605098,28.1160566183888,269317000.0,,652766000.0,57.663130697337884,226.3704224998115,225.71030408918836,8.14749608763694,507540.13333333336,Transportation,Marine Shipping,NYSE:INSW,US,52624044.95460001,0.17698220659788225,34.231842225953976,0.19342191320797378,1.0,0.17698220659788225,8.499402336288032,cyclical,True,0.0,0.17698220659788225,priority
DHT,"DHT Holdings, Inc.",20.8741,3365647718.490118,7.101241707773431,2.5313476202487433,39.1763532556201,29.257388411867403,36254000.0,,434804000.0,39.41599357538878,148.85901598008007,148.6465911013365,12.1347201584943,3101403.966666667,Transportation,Marine Shipping,NYSE:DHT,US,64739016.540596664,0.18126346935455795,35.64654921515745,0.1992125988103745,1.0,0.18126346935455795,9.01003729834471,cyclical,True,0.0,0.18126346935455795,priority
TNK,Teekay Tankers Ltd.,93.22,3232880133.0580416,5.493838438010148,1.3607056752169837,28.035629634786304,25.454386756584803,366917000.0,,27801000.0,19.33065185574672,111.74610668784113,110.68178149716286,1.08896874659697,445058.76666666666,Transportation,Marine Shipping,NYSE:TNK,US,41488378.22866666,0.19595916016786916,24.767850212024566,0.22181329388623885,1.0,0.19595916016786916,11.655808930744016,cyclical,True,0.0,0.19595916016786916,priority
GAP,"Gap, Inc. (The)",22.17,7787658256.059141,6.623446462715106,1.969544463998735,33.7757313109426,9.97520198384129,957000000.0,,5720000000.0,1.054991428194646,40.26996625421822,43.84185646755479,3.04659498207885,7165850.166666667,Retail Trade,Apparel/Footwear Retail,NYSE:GAP,US,158866898.19500002,0.19610075653844553,29.735946007652526,0.22274207993956427,1.0,0.19610075653844553,11.960615348634274,stable_or_general,True,0.0,0.19610075653844553,priority
ECO,Okeanis Eco Tankers Corp.,71.09,2726213431.590426,6.629118137990843,3.163130596046999,61.5919910455297,29.4350134271386,44692060.0,,722493783.004812,105.24219735077509,498.5632077171379,413.8920835729346,13.7291546866015,527828.7,Transportation,Marine Shipping,NYSE:ECO,US,37523342.283,0.10762954769704557,47.71570713032552,0.13892947493966268,1.0,0.10762954769704557,22.52936409369626,cyclical,True,0.1,0.20762954769704556,priority
STNG,Scorpio Tankers Inc.,81.255,4069360306.744352,5.115653881991488,1.1556072730086093,24.6193235920985,18.9542154363658,657566000.0,,728875000.0,32.68443204491772,127.4112495264413,116.30646457218342,2.20946198976407,748192.0666666667,Transportation,Marine Shipping,NYSE:STNG,US,60794346.377,0.20779018817695472,22.589629784701923,0.22646027981635602,1.0,0.20779018817695472,8.244311830110561,cyclical,True,0.0,0.20779018817695472,priority
SLDE,"Slide Insurance Holdings, Inc.",24.54,2866559600.2660737,5.977493057923709,2.3736174452177026,53.8821006380406,20.8616096548209,1034559000.0,,38650000.0,41.43171092857332,117.73629258163724,-59.701990655306446,0.283057015770319,983268.7333333333,Technology Services,Packaged Software,NASDAQ:SLDE,US,24129414.716,0.11093652599178024,39.70924637162493,0.15053151606007442,1.0,0.11093652599178024,26.30345531927848,technology_strict,True,0.1,0.21093652599178025,priority
OGC,OceanaGold Corporation,30.1501,6706814882.109298,8.166049497742224,2.6478183468377536,37.6100485264861,26.9038269395039,705945475.8399999,,50039880.0,49.39741703752898,118.47789178000197,128.69531122729933,0.976230205625148,517890.20000000024,Non-Energy Minerals,Precious Metals,NYSE:OGC,US,15614441.319020007,0.21712414149084255,32.42471586254567,0.2518464473940068,1.0,0.21712414149084255,13.787093787684901,cyclical,True,0.0,0.21712414149084255,priority
TRMD,TORM plc,35.0201,3567628841.3541102,5.902178151672561,1.4112247299753224,26.663962855241703,17.2098323301499,186996282.852,,1072316209.4432873,20.287134246724882,71.82541149575744,64.44948987550526,7.04691056910569,601114.8333333334,Transportation,Marine Shipping,NASDAQ:TRMD,US,21051101.574816667,0.22135412443061847,23.9102360808172,0.24684733901091774,1.0,0.22135412443061847,10.327522541845891,cyclical,True,0.0,0.22135412443061847,priority
CGAU,Centerra Gold Inc.,22.68,4436379192.607929,7.430553808217799,2.054929400888994,32.593378769211,23.3006990594128,131458356.47999999,,45707085.599999994,36.2340457551393,707.0369164524052,776.8864473652648,0.881057268722467,1667285.1333333333,Non-Energy Minerals,Precious Metals,NYSE:CGAU,US,37814026.824,0.22797740181625464,27.655131150740754,0.26868626179047317,1.0,0.22797740181625464,15.151076092593119,cyclical,True,0.0,0.22797740181625464,priority
CSTM,Constellium SE,26.95,3652472542.9267364,6.933189267062849,2.9313583555677862,53.8005923000067,9.52963804859117,221702000.0,,1923000000.01281,25.941747231308838,1903.890854823565,1921.372854914197,0.0,1500229.8666666667,Non-Energy Minerals,Aluminum,NYSE:CSTM,US,40431194.906666666,0.12886827023021427,42.28008558043614,0.16398238489543115,1.0,0.12886827023021427,21.41334551733015,cyclical,True,0.1,0.22886827023021428,priority
FRO,Frontline Plc,46.835,10426542833.720499,7.01395752837931,3.3046112857044077,53.8422866862181,24.9372644218018,688973000.0,,2434842000.0,48.84009857969576,524.545416351567,524.5230078563412,6.89123734037869,2105025.6666666665,Transportation,Marine Shipping,NYSE:FRO,US,98588877.09833333,0.1302685669584434,47.114788938107424,0.1488695521398436,1.0,0.1302685669584434,12.494821751009887,cyclical,True,0.1,0.23026856695844342,priority
HON,Honeywell International Inc.,207.68,65822101254.49463,7.679308980517008,3.550849661491251,49.8960498960499,11.0937770844167,4148000000.0,,34955000000.0,-2.4080418094071168,50.83085534371173,53.73390557939914,3.77594759909454,2940633.899999996,Producer Manufacturing,Industrial Machinery,NASDAQ:HON,US,610710848.3519993,0.1539061508178617,46.23918207354369,0.16607795891162222,1.0,0.1539061508178617,7.328972594272864,cyclical,True,0.08,0.2339061508178617,priority
CENX,Century Aluminum Company,46.835,4636350749.078089,8.103922620386552,3.304361814037135,56.73325499412451,25.0202110238179,151200000.0,,480000000.0,9.666543316475472,413.18027210884355,419.861473419088,0.0,1956490.3666666667,Non-Energy Minerals,Aluminum,NASDAQ:CENX,US,91632226.32283333,0.14284254660209117,40.77484409493929,0.19874809579939895,1.0,0.14284254660209117,28.12884771169558,cyclical,True,0.1,0.24284254660209117,priority
RBGLY,Reckitt Benckiser Group Plc.,13.87,43601795350.505005,11.716506166582192,5.852246596034649,47.8840051521705,11.7078826556508,2102008750.0,,13488841750.0,1.1450505682038803,139.63067590725547,142.13540601349968,3.80260070394511,466926.8666666666,Consumer Non-Durables,Household/Personal Care,OTC:RBGLY,US,6476275.6406666655,0.24468517471227244,49.94873482614145,0.23457062941362386,1.0,0.24468517471227244,4.311940213458421,stable_or_general,True,0.0,0.24468517471227244,priority
DRD,DRDGOLD Limited,28.58,2500217363.682,9.83550141097116,3.187384292820021,39.5687673664087,28.8337809763554,130619409.99999999,,695546.0646735821,52.86594362757796,105.12246738669795,104.28852643419573,1.41994596420128,305392.2,Non-Energy Minerals,Precious Metals,NYSE:DRD,US,8728109.076,0.248567293489179,32.4069323935494,0.303499920681444,1.0,0.248567293489179,18.09971714948906,cyclical,True,0.0,0.248567293489179,priority
CF,"CF Industries Holdings, Inc.",132.65,20075001197.170017,9.838825719647241,3.4984630762475066,39.1933526281393,14.551630905750597,1910000000.0,,3613000000.0,20.04032883511711,61.21351766513057,76.22078736864118,1.52383716711414,2428090.800000016,Process Industries,Chemicals: Agricultural,NYSE:CF,US,322086244.62000215,0.2510330211604135,35.55772991548568,0.27670005208522475,1.0,0.2510330211604135,9.276120742075511,cyclical,True,0.0,0.2510330211604135,priority
RCI,"Rogers Communication, Inc.",37.55,20298193237.185352,4.687124281116214,1.740114791114007,44.4148457467871,7.3664978983569,1931776000.0,,32171392000.0,4.210328521979984,288.7464312871445,285.15341998222095,3.813882532418,1124551.2,Communications,Wireless Telecommunications,NYSE:RCI,US,42226897.559999995,0.10553057659679642,37.125424604691894,0.12625106193462518,1.0,0.10553057659679642,16.4121275657532,stable_or_general,True,0.15,0.2555305765967964,priority
LPG,Dorian LPG Ltd.,54.59,2335506515.8741837,7.243607605854332,1.8887750572358701,28.342022711409996,17.6322406431966,146279050.0,,646238026.0,81.05922022373736,557.3522487472081,555.6725247955454,0.0,557257.0,Transportation,Marine Shipping,NYSE:LPG,US,30420659.630000003,0.25557835725458594,26.075060384404996,0.2777983060850972,1.0,0.25557835725458594,7.998590467900368,cyclical,True,0.0,0.25557835725458594,priority
GPOR,Gulfport Energy Corporation,180.98,3200425825.104366,7.238360350199376,1.752826139172342,27.4111285765093,16.2053453967893,250001000.0,,922410000.0,26.64766808896456,,,0.0,286823.5,Energy Minerals,Oil & Gas Production,NYSE:GPOR,US,51909317.029999994,0.2640664841652118,24.215789963041306,0.2989107669519238,1.0,0.2640664841652118,11.657085203731155,cyclical,True,0.0,0.2640664841652118,priority
BVN,Buenaventura Mining Company Inc.,33.89,8940582115.95433,7.660141946566611,1.9905108605890596,28.7663340406401,19.4853579617962,654632010.0,,692358096.693488,67.74731707635866,122.35243967862081,122.35512891390661,1.20474547023296,1023509.0666666667,Non-Energy Minerals,Precious Metals,NYSE:BVN,US,34686722.26933333,0.2662884306267397,25.985299939268565,0.29478751311200874,1.0,0.2662884306267397,9.667669496719977,cyclical,True,0.0,0.2662884306267397,priority
GFI,Gold Fields Limited,48.02,42302837911.422,9.843189504970791,4.766995948748341,58.7626432300832,33.4429129188422,4500115750.0,,2634378549.55,71.19494284436489,133.70808449051265,133.92471829297529,2.4921407807309,3795639.8,Non-Energy Minerals,Precious Metals,NYSE:GFI,US,182266623.196,0.16750760285629265,48.42938304033481,0.2032482944656307,1.0,0.16750760285629265,17.584743676843896,cyclical,True,0.1,0.26750760285629266,priority
PBF,PBF Energy Inc.,72.59,8604589839.837383,6.418497723153101,1.3427643149885722,23.5452773717547,9.769992526833,781800000.0,,2515000000.0,13.535456296056521,,,1.46024160361078,2992782.6,Energy Minerals,Oil Refining/Marketing,NYSE:PBF,US,217246088.93400002,0.2726023406652595,20.920227332088796,0.3068082206405088,1.0,0.2726023406652595,11.148945065369919,cyclical,True,0.0,0.2726023406652595,priority
MPC,Marathon Petroleum Corporation,379.85,106671274206.52228,13.077757311803895,5.6349298300293915,47.8754096523907,9.89154716020232,12899000000.0,,34292000000.0,15.187181048153745,300.6563525550867,330.27183171616923,1.03169895024632,2350820.533333333,Energy Minerals,Oil Refining/Marketing,NYSE:MPC,US,892959179.5866667,0.27316230621852955,43.08789110915326,0.3035135156342278,1.0,0.27316230621852955,9.999953165932585,cyclical,True,0.0,0.27316230621852955,priority
HAFN,Hafnia Limited,9.11,4489003098.805903,7.127009722079918,1.720964601874416,25.8610077053471,16.7647363703509,520347642.87779987,,883908344.1641848,5.066237788199953,39.92808080646917,41.71142138193912,8.53954337349398,1210686.9,Transportation,Marine Shipping,NYSE:HAFN,US,11029357.658999998,0.27558901815749104,24.14707807318911,0.29514998462663483,1.0,0.27558901815749104,6.627466538373172,cyclical,True,0.0,0.27558901815749104,priority
ZM,"Zoom Communications, Inc.",97.37,28410981057.69187,9.018329335272162,2.518130826426383,32.1430348882633,26.432371088622,1925657000.0,,60272000.0,5.036770916318318,173.97084445042967,184.39837741017806,0.0,3183038.5,Technology Services,Packaged Software,NASDAQ:ZM,US,309932458.745,0.28056869448146327,27.92236491716444,0.3229787076426472,1.0,0.28056869448146327,13.130900631414866,technology_strict,True,0.0,0.28056869448146327,priority
DECK,Deckers Outdoor Corporation,85.1,11589075796.549114,12.076403473917239,5.0551282226442416,42.5584290402442,26.3324914256712,1117808000.0,,472334000.0,7.484361821074422,2.543375613462683,8.21585429527934,0.0,2393371.099999999,Consumer Non-Durables,Apparel/Footwear,NYSE:DECK,US,203675880.60999992,0.28376055569385616,41.85955059850698,0.28849816353135843,1.0,0.28376055569385616,1.642162216740528,stable_or_general,True,0.0,0.28376055569385616,priority
FIS,"Fidelity National Information Services, Inc.",41.415,21357960583.155865,6.359211374873323,1.332468936405696,22.3266900615772,8.70429406677939,2935000000.0,,21256000000.0,18.261122419307938,2007.5,2338.2628229127663,3.97350993377483,6148655.266666667,Technology Services,Packaged Software,NYSE:FIS,US,254646557.869,0.28482553201278665,20.953367608923664,0.3034935239796513,1.0,0.28482553201278665,6.151034698228452,technology_strict,True,0.0,0.28482553201278665,priority
NVO,Novo Nordisk A/S,46.216,207459900981.2032,11.294784691333888,6.036667241388319,60.353782852541705,21.8065432918519,11795532910.0,,21432701131.844597,13.207519141209511,12.445792562057399,12.752824469550845,2.59024205430436,12687780.166666666,Health Technology,Pharmaceuticals: Major,NYSE:NVO,US,586378448.1826667,0.1871429454377312,53.44650125132578,0.21132879471794633,1.0,0.1871429454377312,11.44465396326857,health_special,True,0.1,0.2871429454377312,priority
THC,Tenet Healthcare Corporation,263.01,21177300666.779915,10.142647245971053,4.545759365290938,53.3127155941477,7.54863157894737,3023000000.0,,13248000000.0,5.433101314771848,51.01078167115903,66.00366178428763,0.0,891187.2333333333,Health Services,Hospital/Nursing Management,NYSE:THC,US,234391154.23899996,0.19024818250084494,44.818273326982194,0.22630606877630022,1.0,0.19024818250084494,15.933238763958158,stable_or_general,True,0.1,0.29024818250084494,priority
ZTS,Zoetis Inc.,75.09,31028960668.301613,12.352766993485556,9.878911306873796,64.3938461538462,17.7019894437678,2366000000.0,,9238000000.0,1.4064997336174747,0.1531393568147014,4.590502408809359,2.73954646742692,5835713.3,Health Technology,Pharmaceuticals: Major,NYSE:ZTS,US,438203711.697,0.191831482840348,79.9732668161199,0.15446120291531792,1.0,0.191831482840348,24.19395888397815,health_special,True,0.1,0.291831482840348,priority
CNX,CNX Resources Corporation,37.29,5516818179.8054,6.235368871647381,1.1473584909143606,21.2486692250072,10.4767807760939,525977999.99999994,,2380108000.0,16.211654840991923,509.7057576964077,911.5696887686065,0.0,1396758.5666666667,Energy Minerals,Oil & Gas Production,NYSE:CNX,US,52085126.951,0.2934475004349487,18.400811796900623,0.3388637925581983,1.0,0.2934475004349487,13.40252134357186,cyclical,True,0.0,0.2934475004349487,priority
NONOF,Novo-Nordisk A/S,46.5,206127563337.40338,11.650487421818088,6.095758060441726,59.8151244532456,21.6216968992493,11361267600.0,,21355354800.0,2.167404721988133,1.4239720070168933,1.705321954758219,3.87995357320511,113544.93333333333,Health Technology,Pharmaceuticals: Major,OTC:NONOF,US,5279839.4,0.19477494242989787,52.32191443789798,0.22266936420390937,1.0,0.19477494242989787,12.527283164318547,health_special,True,0.1,0.2947749424298979,priority
SBSW,D/B/A Sibanye-Stillwater Limited,12.965,9187171494.18,10.650620225088309,2.8004700210386257,35.700790335717,11.083657625893,845247490.0,,2278279438.6821303,59.20351083136212,,,1.89598323170732,5205297.6,Non-Energy Minerals,Precious Metals,NYSE:SBSW,US,67486683.38399999,0.298330096475003,26.293961871271264,0.4050595447438127,1.0,0.298330096475003,26.34907624169496,cyclical,True,0.0,0.298330096475003,priority
PBR.A,Petroleo Brasileiro S.A. Petrobras,18.235,125885671307.849,4.61201881734028,1.2646683496546176,30.685982529677503,11.0211924445216,18257156170.0,,70814633062.5296,20.81710009340769,86.33582928701784,86.33300344031292,6.3767707212056,7366796.866666666,Energy Minerals,Integrated Oil,NYSE:PBR.A,US,134333540.86366665,0.1502972509640137,27.421144616750357,0.16819206060869552,1.0,0.1502972509640137,10.639509130169166,cyclical,True,0.15,0.3002972509640137,priority
AU,AngloGold Ashanti PLC,109.58,55338718400.78624,14.665221289864963,6.178265338397879,46.50338972710691,25.6510460533591,4232934140.0000005,,1791000000.0054898,138.98544866609828,10475.000000378452,9056.985294117647,4.04764036894421,2881802.3999999985,Non-Energy Minerals,Precious Metals,NYSE:AU,US,315787906.9919998,0.315358114234769,42.12868811374594,0.34810533976917096,1.0,0.315358114234769,9.407274693377776,cyclical,True,0.0,0.315358114234769,priority
CROX,"Crocs, Inc.",116.025,5562827544.15309,10.023931299028925,4.030409137330915,42.29964170786991,13.4764265750107,704620000.0,,1689202000.0,-2.0251147769614413,150.88635316301037,210.80798045165275,0.0,1007079.6,Consumer Non-Durables,Apparel/Footwear,NASDAQ:CROX,US,116846410.59,0.23697437837077373,40.20786872034292,0.2493027265072963,1.0,0.23697437837077373,4.9451316915949395,stable_or_general,True,0.08,0.31697437837077375,priority
BMY,Bristol-Myers Squibb Company,67.4,137678956609.0733,14.847777239282728,6.169550977516838,46.6960130801157,10.1826559157479,11440000000.0,,45053000000.0,3.1255240650679186,83.83838383838383,83.16587983698503,3.68629754736378,10460990.866666667,Health Technology,Pharmaceuticals: Major,NYSE:BMY,US,705070784.4133334,0.31796670122154974,41.55201736994055,0.3573298766000196,1.0,0.31796670122154974,11.015920569813243,health_special,True,0.0,0.31796670122154974,priority
BLBD,Blue Bird Corporation,63.8,2020931266.41219,7.754199178395196,3.0859002412612915,64.2857224327879,32.3552070357124,153143000.0,,115751000.0,13.462721313828958,143.17777816129643,134.87197054037853,0.0,591969.9666666667,Consumer Durables,Motor Vehicles,NASDAQ:BLBD,US,37767683.873333335,0.12062086082181586,39.796504710109176,0.1948462367456472,1.0,0.12062086082181586,38.094333851941585,cyclical,True,0.2,0.32062086082181585,priority
VIST,Vista Energy S.A.B. de C.V.,73.565,8257229603.30675,9.831738479632204,2.4579362623865753,30.417790226361003,10.8016527094043,87352330.0,,3754654275.64841,78.68477924326452,44.29131562741228,35.08575555154361,0.0,972854.0666666667,Energy Minerals,Oil & Gas Production,NYSE:VIST,US,71568009.41433333,0.3232232981576589,25.000016705880938,0.39326927638889986,1.0,0.3232232981576589,17.811200222509438,cyclical,True,0.0,0.3232232981576589,priority
UHS,"Universal Health Services, Inc.",168.51,9929293550.170969,6.862162206186574,1.3217514512714847,20.985171749453,9.870469200880972,845400000.0,,5262175000.0,10.049655883844052,21.01634484765771,29.3490513363463,0.472785296377283,782179.6,Health Services,Hospital/Nursing Management,NYSE:UHS,US,131805084.39599998,0.3270005262818706,19.261442844936855,0.3562641833963332,1.0,0.3270005262818706,8.214032866140709,stable_or_general,True,0.0,0.3270005262818706,priority
KGC,Kinross Gold Corporation,30.92,36678562115.834595,12.049838005282602,3.80415183063857,36.6169104857345,25.1603971898318,3013485460.48,,737913439.9999999,32.35541418061139,97.47552262502364,101.79910384546176,0.491343900758098,8362146.2,Non-Energy Minerals,Precious Metals,NYSE:KGC,US,258557560.504,0.3290785007647511,31.57014915031094,0.381684544723284,1.0,0.3290785007647511,13.782597353181158,cyclical,True,0.0,0.3290785007647511,priority
PARR,"Par Pacific Holdings, Inc. Common Stock",79.28,3971898705.6628447,4.626625271364878,1.970527588380449,54.73979001269941,20.3310818954595,438306000.0,,1304278000.0,13.187341522133453,,,0.0,992977.6000000003,Energy Minerals,Oil Refining/Marketing,NYSE:PARR,US,78723264.12800002,0.08452033283816981,42.591034994263396,0.10862908759996183,1.0,0.08452033283816981,22.19364563805881,cyclical,True,0.25,0.33452033283816984,priority
MKC,"McCormick & Company, Incorporated",51.84,13938870135.930012,8.627777315469752,1.9922898689523687,25.6950067476383,10.9102553299065,1019900000.0,,4933500000.0,9.536097763540369,108.66425992779783,108.65020661874499,3.59452263217954,2609615.2666666666,Consumer Non-Durables,Food: Specialty/Candy,NYSE:MKC,US,135282455.424,0.3357764175820952,23.091577310185777,0.3736330870591507,1.0,0.3357764175820952,10.132044186724375,stable_or_general,True,0.0,0.3357764175820952,priority
ADBE,Adobe Inc.,265.91,105699225000.00002,15.208849284198608,9.211502201289562,62.9539318993294,24.9104066161268,10280000000.0,,7065000000.0,11.490642006990841,5.2409375454942495,11.805369041681042,0.0,4636886.633333334,Technology Services,Packaged Software,NASDAQ:ADBE,US,1232994524.669667,0.24158696407587876,60.56672683882763,0.25110898471813475,1.0,0.24158696407587876,3.7919872333298965,technology_strict,True,0.1,0.34158696407587874,priority
GOOG,Alphabet Inc.,337.8546,4154669596005.7554,16.973097617217526,6.638148330582949,48.675697331861,34.2975879823263,53273000000.0,,117348446000.0,20.231187401337234,111.2993519247575,112.01789423230548,0.250678306004483,16981806.666666664,Technology Services,Internet Software/Services,NASDAQ:GOOG,US,5737381498.643999,0.34869757492118497,39.10982238061958,0.4339855459335542,1.0,0.34869757492118497,19.652260728846326,technology_strict,True,0.0,0.34869757492118497,priority
GOOGL,Alphabet Inc.,341.175,4153850054482.4966,17.139907461831772,6.703387364524969,48.675697331861,34.2975879823263,53273000000.0,,117348446000.0,20.231187401337234,111.2993519247575,112.01789423230548,0.248189675309507,25056895.6666667,Technology Services,Internet Software/Services,NASDAQ:GOOGL,US,8548786379.075012,0.35212453855515147,39.10982238061958,0.4382507109090133,1.0,0.35212453855515147,19.652260728846315,technology_strict,True,0.0,0.35212453855515147,priority
ACAD,ACADIA Pharmaceuticals Inc.,28.156,4851434087.515434,12.680598090434154,3.7092660511782807,35.7431290221518,25.635153640530202,145625000.0,,73854000.0,11.75371925809168,71.26575441123515,66.84700931770365,0.0,1605194.9333333333,Health Technology,Pharmaceuticals: Major,NASDAQ:ACAD,US,45195868.54293333,0.35477022961742816,29.251507103410482,0.43350238487218673,1.0,0.35477022961742816,18.161873614137527,health_special,True,0.0,0.35477022961742816,priority
OMAB,Grupo Aeroportuario del Centro Norte S.A.B. de C.V.,99.8,4795962521.73541,15.963913238211019,9.240963208373534,61.9717541048613,17.5688845729293,338139320.0,,816786494.026755,13.972101284123989,14.664879841322534,14.664074393353022,4.7902751738736,67103.8,Transportation,Other Transportation,NASDAQ:OMAB,US,6696959.24,0.2575998286444945,57.886578750969925,0.27577918029822296,1.0,0.2575998286444945,6.591995680772433,stable_or_general,True,0.1,0.35759982864449447,priority
IAG,Iamgold Corporation,20.52,11716920031.219917,10.674477137891772,2.6825201340653493,29.269016432288204,20.3484087057365,1541204255.36,,539152240.0,75.39857422020698,38.41216242970171,37.740763814193585,0.0,5669291.233333333,Non-Energy Minerals,Precious Metals,NYSE:IAG,US,116333856.108,0.36470228381559794,25.1302251099781,0.4247664750783872,1.0,0.36470228381559794,14.140520682971724,cyclical,True,0.0,0.36470228381559794,priority
LULU,lululemon athletica inc.,100.92,11976171036.99335,8.271859939018393,2.35243932713522,30.8979519751313,17.715835759045,1354336000.0,,2141127000.0,1.741731226859486,-20.59487610247795,-16.471659489398405,0.0,3895929.8333333335,Consumer Non-Durables,Apparel/Footwear,NASDAQ:LULU,US,393177238.78000003,0.26771547660104233,28.439061401883215,0.2908626210311792,1.0,0.26771547660104233,7.9581021267272405,stable_or_general,True,0.1,0.3677154766010423,priority
DAC,Danaos Corporation,154.15,2806079525.9999995,5.217588502689182,0.6916963058795488,14.1397151814653,10.8498380044697,172343590.0,,1210720000.00807,2.4516030052364384,17.69958691943341,21.813076713752082,2.33538760947129,117397.36666666667,Transportation,Marine Shipping,NYSE:DAC,US,18096804.07166667,0.3690023763370093,13.257011462729261,0.39357199904050033,1.0,0.3690023763370093,6.242726302529144,cyclical,True,0.0,0.3690023763370093,priority
CHKP,Check Point Software Technologies Ltd.,136.955,13983192389.331127,14.027819032889145,5.2154478247673515,37.6388664549214,15.889323271826001,1186974490.0,,1974900000.0,4.640775228998736,22.200209765745214,27.25293918302442,0.0,1076585.7666666666,Technology Services,Internet Software/Services,NASDAQ:CHKP,US,147443803.67383334,0.3726950451520562,37.1793206951087,0.37730164969729096,1.0,0.3726950451520562,1.2209341117195294,technology_strict,True,0.0,0.3726950451520562,priority
MPLX,MPLX LP,59.25,60071103028.892815,12.753180223422802,4.283133562200859,33.9282507990089,11.6916223239698,3336000000.0,,26133000000.0,4.788438098554762,9.605568445475637,10.254402202287725,7.25648803505224,1363420.0,Industrial Services,Oil & Gas Pipelines,NYSE:MPLX,US,80782635.0,0.37588675876551064,33.584827369837924,0.37973040870462416,1.0,0.37588675876551064,1.0122049356608986,cyclical,True,0.0,0.37588675876551064,priority
KTB,"Kontoor Brands, Inc.",74.335,4062676866.5130315,15.528839123441056,6.567810087930107,40.9637108724128,8.49904034703548,423188000.0,,1272766000.0,15.6178946292964,6.632123115127926,6.733706437155801,2.86412379530338,691677.8,Consumer Non-Durables,Apparel/Footwear,NYSE:KTB,US,51415869.263,0.3790877045248121,42.29427606095734,0.36716171949745297,1.0,0.3790877045248121,3.248155892635718,stable_or_general,True,0.0,0.3790877045248121,priority
ATAT,Atour Lifestyle Holdings Limited,34.57,4758875278.0,17.037110048790105,9.560631328006814,58.7806410562356,23.0047612613102,328523140.0,,190824564.506145,45.007151794079256,46.85705402287087,47.82893778231095,2.4263431542461,964962.4,Consumer Services,Hotels/Resorts/Cruise lines,NASDAQ:ATAT,US,33358750.168,0.2898421953665094,56.11650861341806,0.3036024597709264,1.0,0.2898421953665094,4.532329683626212,cyclical,True,0.1,0.38984219536650944,priority
PTC,PTC Inc.,142.26,15436100181.902315,13.752900232018561,4.539413539424707,35.25461624323,19.3186022037837,934313000.0,,1607694000.0,19.498312687248834,140.05932981879246,143.8529904052429,0.0,1311183.8666666667,Technology Services,Packaged Software,NASDAQ:PTC,US,186529016.87199998,0.3901021113698707,33.00695462660563,0.416666741527644,1.0,0.3901021113698707,6.375510092400982,technology_strict,True,0.0,0.3901021113698707,priority
BCE,"BCE, Inc.",23.64,22044911563.847702,4.994132106033115,1.5165536215793174,30.6217357086642,8.43759857007675,1870528000.0,,29410304000.0,-2.62492472532413,922.1612098541509,1313.2884286959738,5.33049040511727,3282867.033333333,Communications,Major Telecommunications,NYSE:BCE,US,77606976.668,0.16309108515426385,30.366710158653166,0.1644607558718378,1.0,0.16309108515426385,0.8328252599309027,stable_or_general,True,0.22999999999999998,0.39309108515426383,priority
CCL,Carnival Corporation Ltd.,23.49,32173058374.43228,10.579174923437217,2.4854065687105407,26.7171585270306,5.93657210836324,3171000000.0,,26170000000.0,5.155552133066379,21.544554455445546,20.346883468834697,1.91652470187394,18229990.666666668,Consumer Services,Hotels/Resorts/Cruise lines,NYSE:CCL,US,428222480.76,0.39596931360548426,23.493387591165966,0.45030436255243245,1.0,0.39596931360548426,12.066294148021173,cyclical,True,0.0,0.39596931360548426,priority
IMBBY,Imperial Brands PLC,33.58,25753309664.1425,11.779562914371908,4.9156666012805905,39.7340575991546,6.36828229166283,3752574970.0,,14811638400.0,9.997023224440845,-29.162483275393324,-25.512790363460592,6.34962693143764,223580.23333333334,Consumer Non-Durables,Tobacco,OTC:IMBBY,US,7507824.235333333,0.29646010566568803,41.7304668858564,0.2822772854804633,1.0,0.29646010566568803,5.024428430748218,stable_or_general,True,0.1,0.396460105665688,priority
ERO,Ero Copper Corp.,34.7784,3627478756.7241926,12.070254193617172,2.99276400015729,30.229821447801104,15.704768998806701,153760210.56,,572666974.0,85.25830266258644,105.99948636610132,103.98560173030138,0.0,1478653.5,Non-Energy Minerals,Other Metals/Minerals,NYSE:ERO,US,51425202.884399995,0.3992830131153538,24.794539967019773,0.4868109757096647,1.0,0.3992830131153538,17.97986630574919,cyclical,True,0.0,0.3992830131153538,priority
CDW,CDW Corporation,151.245,18908261454.259228,18.179359584595414,7.760125438557785,44.0103477074125,6.64380928952507,860200000.0,,6429500000.0,7.414195801319115,0.33435497353023125,3.423584694562535,1.63721413721414,1821385.2666666666,Technology Services,Information Technology Services,NASDAQ:CDW,US,275475414.657,0.4130701194513292,42.6864620970117,0.42588115040501506,1.0,0.4130701194513292,3.0081234967789694,technology_strict,True,0.0,0.4130701194513292,priority
EXEL,"Exelixis, Inc.",58.75,14557174697.150347,18.452792260820402,7.930519202655476,44.3929251762439,33.2780582775798,1172459000.0,,165929000.0,9.233835798574443,42.88989835596333,52.70023980815349,0.0,2467872.933333333,Health Technology,Pharmaceuticals: Major,NASDAQ:EXEL,US,144987534.8333333,0.4156696632979503,42.97733963815235,0.4293609705994755,1.0,0.4156696632979503,3.1887638232253157,health_special,True,0.0,0.4156696632979503,priority
ADMA,ADMA Biologics Inc,9.475,2122254827.7687893,13.449254790631652,5.230760737551066,41.8971077438865,27.194327976243205,116469000.0,,203839000.0,8.035236010409681,-19.131471128809924,-17.04933474626163,0.0,2095989.7,Health Technology,Biotechnology,NASDAQ:ADMA,US,19859502.4075,0.3210067595320855,38.892569283427186,0.3458052537650841,1.0,0.3210067595320855,7.17123119530304,health_special,True,0.1,0.42100675953208555,priority
OII,"Oceaneering International, Inc.",51.15,5090941366.347046,14.728325030953958,4.373043244823736,34.8979198162512,13.95672611145,237415000.0,,822159000.0,3.8373864990084763,73.16613489649032,75.17780580075663,0.0,870253.7,Producer Manufacturing,Industrial Machinery,NYSE:OII,US,44513476.754999995,0.4220401992010795,29.691381984258758,0.4960471371377175,1.0,0.4220401992010795,14.919335763869446,cyclical,True,0.0,0.4220401992010795,priority
GEN,Gen Digital Inc.,30.64,18340706742.08235,17.786033551982353,6.910145555089467,41.9438358892651,6.58042744656918,1548000000.0,,8176000000.0,20.156139105748757,76.38190954773869,79.82254697286012,1.595914458985,5300955.733333333,Technology Services,Packaged Software,NASDAQ:GEN,US,162421283.66933334,0.4240440382929884,38.851526591881935,0.4577949726098733,1.0,0.4240440382929884,7.372499991529391,technology_strict,True,0.0,0.4240440382929884,priority
SON,Sonoco Products Company,52.28,5169184865.058267,8.060313593684956,1.4433910744980847,18.9251949473233,5.62248733433235,354831000.0,,4765630000.0,12.014490716462397,,,4.06149174416398,945931.7333333333,Process Industries,Containers/Packaging,NYSE:SON,US,49453311.01866666,0.4259038607591714,17.907381117639687,0.45011124411403375,1.0,0.4259038607591714,5.378089010531251,cyclical,True,0.0,0.4259038607591714,priority
APA,APA Corporation,42.88,15023072486.938885,9.068223152730194,2.1416602361919606,25.9477023054309,9.30348672713656,2102000000.0,,3881000000.0,-12.439097146266283,55.13413506012951,58.661879676542625,2.26346763241286,5407215.833333333,Energy Minerals,Integrated Oil,NASDAQ:APA,US,231861414.93333334,0.34948077660164145,23.617198210954538,0.3839669325603582,1.0,0.34948077660164145,8.981543209660547,cyclical,True,0.08,0.42948077660164147,priority
T,AT&T Inc.,26.09,178778747658.8098,8.62793081781805,1.6249599832583657,20.0485823953717,5.18654434250765,17654000000.0,,162888000000.0,2.625338753387534,68.98957435133653,72.38057234066811,4.23825887743414,39118260.26666663,Communications,Wireless Telecommunications,NYSE:T,US,1020595410.3573323,0.4303511663652511,18.833715957742317,0.45811091327790837,1.0,0.4303511663652511,6.059612663236658,stable_or_general,True,0.0,0.4303511663652511,priority
ATMU,Atmus Filtration Technologies Inc.,48.25,3936983714.9634275,18.453359850078403,8.656354392045841,55.7904292569057,13.4257092032581,190400000.0,,1056400000.0000001,13.050464175196383,14.111405835543767,15.536211391454197,0.470219435736677,649242.0666666667,Producer Manufacturing,Auto Parts: OEM,NYSE:ATMU,US,31325929.716666665,0.33076210554150304,46.9093675209995,0.39338325851052136,1.0,0.33076210554150304,15.918611586604536,cyclical,True,0.1,0.43076210554150307,priority
DLTR,"Dollar Tree, Inc.",132.31,24825363033.18842,16.159605261550865,7.249294986748984,46.031520254893,11.8047018913349,1978400000.0,,7670800000.0,-7.849169578613378,,,0.0,2122105.066666667,Retail Trade,Discount Stores,NASDAQ:DLTR,US,280775721.3706667,0.3510552154712542,44.86059448492529,0.36021825941207836,1.0,0.3510552154712542,2.543747769971305,stable_or_general,True,0.08,0.4310552154712542,priority
SFM,"Sprouts Farmers Market, Inc.",79.3,7394536585.08404,15.194481701475377,4.9518954269589175,35.1974264427963,12.393553360845,355179000.0,,2106293000.0000002,7.20446395946375,3.6950886808910774,7.524001813012498,0.0,1718883.9333333333,Retail Trade,Food Retail,NASDAQ:SFM,US,136307495.91333333,0.4316929740920068,32.59009108864892,0.4662301084137685,1.0,0.4316929740920068,7.407744308763253,stable_or_general,True,0.0,0.4316929740920068,priority
BR,"Broadridge Financial Solutions, Inc.",174.24,19867158347.27092,18.104361920990836,6.992664604932911,40.9156249431374,12.856268903335,1278400000.0,,3517600000.0,8.529292225512396,33.9249553305539,35.666760642796724,1.96746967749148,1229719.1,Technology Services,Information Technology Services,NYSE:BR,US,214266255.98400003,0.44248039584269877,38.624198054864166,0.46873107618375137,1.0,0.44248039584269877,5.600371230936229,technology_strict,True,0.0,0.44248039584269877,priority
ULTA,"Ulta Beauty, Inc.",560.67,23972831751.847637,20.42729468687038,9.077848782828006,46.1173400950263,17.801585600398,1148689000.0,,2524031000.0,11.16269132540882,0.720090962363157,5.199190513058345,0.0,647480.8333333334,Retail Trade,Specialty Stores,NASDAQ:ULTA,US,363023078.825,0.4429417361187628,44.43979940556095,0.4596621712994101,1.0,0.4429417361187628,3.6375486660955025,stable_or_general,True,0.0,0.4429417361187628,priority
SM,SM Energy Company,36.4,8657887612.648935,7.175382917069133,1.106463020729159,16.1264226082871,7.18164203490438,757834000.0,,7036000000.0,75.39189250000238,23.05216337428559,-28.25564292583584,2.23404255319149,3598735.6333333333,Energy Minerals,Integrated Oil,NYSE:SM,US,130993977.05333333,0.4449457323152267,15.420264444661951,0.46532165144243304,1.0,0.4449457323152267,4.378889111229567,cyclical,True,0.0,0.4449457323152267,priority
BWLP,BW LPG Limited,25.015,3778129216.521451,8.640403982086458,1.9827262225295166,23.6596905705817,12.863623037493502,590994912.9761999,,931099680.9608399,-7.6512559142332615,90.63762714189704,76.06336111999278,7.8629188712522,365429.2,Transportation,Marine Shipping,NYSE:BWLP,US,9141211.438000001,0.3651951388083612,22.94714722413632,0.37653499573133375,1.0,0.3651951388083612,3.0116342575136956,cyclical,True,0.08,0.4451951388083612,priority
CARG,"CarGurus, Inc.",33.17,2954567320.5530243,18.00662287606536,11.209262087889808,51.40540671846,28.078248707510202,291280000.0,,185142000.0,6.009115567949498,35.56480197256896,48.40087005558688,0.0,843150.8333333334,Technology Services,Internet Software/Services,NASDAQ:CARG,US,27967313.14166667,0.3502865559392427,62.25077386825992,0.28925942212658146,1.0,0.3502865559392427,21.097716839783853,technology_strict,True,0.1,0.4502865559392427,priority
PEP,"PepsiCo, Inc.",138.06,188436923408.56592,18.106941912468688,8.534254467409607,51.589495507947504,9.60861290648818,9282000000.0,,53214000000.0,5.624284702163606,38.42384105960265,39.01002734731084,4.10477074703614,6821718.133333334,Consumer Non-Durables,Food: Specialty/Candy,NASDAQ:PEP,US,941806405.488,0.35098117812916513,47.13250038943794,0.38417104466892077,1.0,0.35098117812916513,8.639346197566432,stable_or_general,True,0.1,0.45098117812916516,priority
KALU,Kaiser Aluminum Corporation,160.96,2631549995.6539154,11.928971630154448,2.7882493030242874,26.3984184207466,8.3726763056949,87000000.0,,1068900000.0000001,32.83337615621787,255.24256651017217,246.61049603123635,1.91578030727126,245001.2,Non-Energy Minerals,Aluminum,NASDAQ:KALU,US,39435393.152,0.4518820574788462,23.3737608695125,0.5103573916388428,1.0,0.4518820574788462,11.457722591657294,cyclical,True,0.0,0.4518820574788462,priority
WES,"Western Midstream Partners, LP",48.67,20109206785.645256,15.328168304358782,4.722322214319882,33.7354584258281,8.82234911299287,1246714000.0,,9129011000.0,18.00341731532374,1.0434253824565862,-2.286505616248655,7.48119536491157,818455.8666666667,Industrial Services,Oil & Gas Pipelines,NYSE:WES,US,39834247.03066667,0.45436371757211486,30.80813128191594,0.4975364511432169,1.0,0.45436371757211486,8.677300622276352,cyclical,True,0.0,0.45436371757211486,priority
NMM,Navios Maritime Partners LP,92.44,2627571737.3886576,6.034218273680912,0.7430612515903794,13.162794948845303,7.21916757086888,47864970.0,,2464615000.01641,13.380576326016582,47.22103786003838,52.73175011465374,0.240858331508649,139935.16666666666,Transportation,Marine Shipping,NYSE:NMM,US,12935606.806666665,0.4584298621327577,12.314126169935633,0.49002407401129083,1.0,0.4584298621327577,6.44748157369206,cyclical,True,0.0,0.4584298621327577,priority
EBAY,eBay Inc.,103.93,46248850267.041,21.516261929900836,9.914004855410827,46.4414701508392,12.1803086866886,2624000000.0,,7130000000.0,15.17891130567187,1.73992673992674,6.7398846485316035,1.15246552049877,4280372.133333376,Retail Trade,Internet Retail,NASDAQ:EBAY,US,444859075.81733775,0.46329846708162475,46.076799435284244,0.4669652014376745,1.0,0.46329846708162475,0.7852264675741849,stable_or_general,True,0.0,0.46329846708162475,priority
PROSY,Prosus NV,8.6902,85395377780.31105,8.146807912252743,1.734408149335292,22.2902579927771,15.406663949736203,1513272230.0,,17627000000.0,57.894137747310815,-5.492930555585379,3.9465991034885968,0.353319332633298,739434.3333333328,Technology Services,Packaged Software,OTC:PROSY,US,6425832.243533329,0.3654873763638188,21.289419954615035,0.38266932258465375,1.0,0.3654873763638188,4.490024469373033,technology_strict,True,0.1,0.46548737636381876,priority
BTG,B2Gold Corp,5.5592,7345854332.794992,10.441082783407257,1.851243660642661,22.114772842523,14.5019979789215,159380622.72,,455538696.79999995,65.31154922572104,,,1.41443167305236,28802473.1,Non-Energy Minerals,Precious Metals,AMEX:BTG,US,160118708.45752,0.4721315863272539,17.730380067329964,0.5888809345179249,1.0,0.4721315863272539,19.825628806652638,cyclical,True,0.0,0.4721315863272539,priority
CNQ,Canadian Natural Resources Limited,49.89,102848239448.73126,12.603862496483348,3.1329899092429905,26.6851317910414,12.927066664467098,6917504000.0,,14208832000.0,12.69234155170864,35.39138264999797,36.93267598810558,3.43727852586818,6145406.966666667,Energy Minerals,Integrated Oil,NYSE:CNQ,US,306594353.56700003,0.47231779086489856,24.85737931619881,0.5070471161161302,1.0,0.47231779086489856,6.849329016453276,cyclical,True,0.0,0.47231779086489856,priority
BSM,"Black Stone Minerals, L.P.",14.52,3088557558.891008,12.126273592784365,3.7988891127291566,25.5934572818154,21.5343609993166,319881000.0,,196000000.0,0.6366497434463853,3.102311190934111,3.662020604276686,8.31062670299728,399871.13333333336,Miscellaneous,Investment Trusts/Mutual Funds,NYSE:BSM,US,5806128.856000001,0.47380365455355244,31.3277536059359,0.3870776610834526,1.0,0.47380365455355244,22.405321254486466,stable_or_general,True,0.0,0.47380365455355244,priority
CON,"Concentra Group Holdings Parent, Inc.",34.56,4407012559.225732,22.717412739104713,9.237183941839954,47.8922963752743,6.70877408358609,267418000.0,,2143819000.0,14.018879323063919,31.457732000187516,30.38224202948235,0.724427702115329,834838.9666666667,Health Services,Medical/Nursing Services,NYSE:CON,US,28852034.688,0.47434377673385475,40.66124979954028,0.55869932309266,1.0,0.47434377673385475,15.098558897808967,stable_or_general,True,0.0,0.47434377673385475,priority
B,Barrick Mining Corporation,44.8,73735619665.75916,11.831619157081647,2.7035885193890166,24.8696483889975,13.0123244848702,5496258915.84,,4676381600.0,42.40158829061854,124.52910776345001,132.02622249078243,2.06322227510709,10958380.866666667,Non-Energy Minerals,Precious Metals,NYSE:B,US,490935462.82666665,0.47574533310716344,22.850537052410296,0.5177829794522767,1.0,0.47574533310716344,8.118777173707347,cyclical,True,0.0,0.47574533310716344,priority
PEGA,Pegasystems Inc.,36.6,6017220915.779428,20.67679792102141,10.734617381281291,54.693035683241,23.927693227886,492500000.0,,72016000.0,3.5996479766113274,47.15598163479398,53.10959259579623,0.31813361611877,2144525.3,Technology Services,Information Technology Services,NASDAQ:PEGA,US,78489625.97999999,0.37805175124622276,51.916246520781456,0.3982722039187624,1.0,0.37805175124622276,5.077043407393833,technology_strict,True,0.1,0.4780517512462228,priority
FSM,Fortuna Mining Corp.,12.34,3652114020.236238,10.997182439870187,2.0693793884929574,22.9591595370397,16.1561978550087,390283667.84,,233885000.79999998,2.0535018684888495,114.24617316235314,105.61420546842004,0.0,5663622.9,Non-Energy Minerals,Precious Metals,NYSE:FSM,US,69889106.58600001,0.4789888942636851,18.817359808367286,0.5844168656954842,1.0,0.4789888942636851,18.039857783080016,cyclical,True,0.0,0.4789888942636851,priority
KBR,"KBR, Inc.",36.78,4636772203.528561,11.092345738584958,2.8342124426395627,27.0893371757925,6.2852897473997,347000000.0,,2798000000.0,-4.370975730559683,9.32642487046632,13.13634502524907,1.76991150442478,1392805.3,Technology Services,Information Technology Services,NYSE:KBR,US,51227378.934,0.40947276290308315,25.55106475612904,0.43412459889461913,1.0,0.40947276290308315,5.678516272587453,technology_strict,True,0.08,0.48947276290308317,priority
DRI,"Darden Restaurants, Inc.",218.63,24823633278.785316,21.044576422912918,11.29824089960105,53.7178011861556,8.3642591080283,1092700000.0,,8010600000.0,9.391638444276996,14.978561219628395,17.071219292314616,2.80682443588332,1044347.2333333333,Consumer Services,Restaurants,NYSE:DRI,US,228325635.62366664,0.39176168715439946,53.68718605949107,0.3919850893208168,1.0,0.39176168715439946,0.05699251642568015,stable_or_general,True,0.1,0.4917616871543995,priority
EOG,"EOG Resources, Inc.",142.85,74928996067.32391,11.11249406840971,2.355868586566255,22.5066282609407,13.606815280952201,6621000000.0,,8250000000.0,17.12869549960523,19.958129797627354,24.99538130937449,2.79528637983009,2812079.966666667,Energy Minerals,Integrated Oil,NYSE:EOG,US,401705623.23833334,0.49374317376961224,21.200178574344108,0.5241698332606384,1.0,0.49374317376961224,5.80473303886162,cyclical,True,0.0,0.49374317376961224,priority
TJX,"TJX Companies, Inc. (The)",132.55,145801556262.9609,24.51587844711192,13.703856102790812,62.17144028283029,17.3342857142857,5876000000.0,,14317000000.0,7.661631419939577,21.97426618415762,23.37585286265203,1.36924124366442,6523425.433333334,Retail Trade,Apparel/Footwear Retail,NYSE:TJX,US,864680041.1883334,0.39432701471261233,55.89787913312642,0.43858333853284287,1.0,0.39432701471261233,10.090744433720989,stable_or_general,True,0.1,0.4943270147126123,priority
ERIC,Ericsson,10.175,33721455622.1472,13.01150895140665,3.1300083979586506,26.3025672921734,8.98211265734865,3262946450.0,,4079085362.38848,2.7207728411592207,56.30405314588059,56.368726254749056,2.05774925962488,10217116.966666667,Electronic Technology,Telecommunications Equipment,NASDAQ:ERIC,US,103959165.13583334,0.4946858915661194,24.055691078168692,0.5408910893112944,1.0,0.4946858915661194,8.542421692323888,technology_strict,True,0.0,0.4946858915661194,priority
AGI,Alamos Gold Inc.,37.03,15500923352.261438,13.67426605786456,3.2298242378319553,27.203874936437,19.0127212762954,308992154.24,,216040440.0,40.40638795794529,224.0400747532038,223.4948253194788,0.345997693194925,4620809.866666666,Non-Energy Minerals,Precious Metals,NYSE:AGI,US,171108589.36266667,0.5026587605558054,23.619726456721732,0.5789341414651786,1.0,0.5026587605558054,13.175139527327573,cyclical,True,0.0,0.5026587605558054,priority
QBCRF,Quebecor Inc.,45.23,10111907311.0268,15.73220017897769,5.245672360894465,36.880457928771,7.390992839217131,1104857600.0,,5045075200.0,-1.163760977889037,16.721029166925387,17.628946703237673,2.58314497901195,122029.0,Communications,Major Telecommunications,OTC:QBCRF,US,5519371.67,0.42657279932266684,33.34353937285928,0.47182154248997527,1.0,0.42657279932266684,9.590224076780007,stable_or_general,True,0.08,0.5065727993226669,priority
DINO,HF Sinclair Corporation,103.57,18413072986.907864,9.884519946554686,1.790284203511944,19.41023151224,10.5979853224321,2310000000.0,,3244000000.0,16.25539972603217,,,1.90767781441357,2663421.3,Energy Minerals,Oil Refining/Marketing,NYSE:DINO,US,275850544.04099995,0.5092427640711835,18.111999502170658,0.5457442700001214,1.0,0.5092427640711835,6.688390137184541,cyclical,True,0.0,0.5092427640711835,priority
