name,description,close,market_cap_basic,price_earnings_ttm,price_book_fq,return_on_equity,return_on_assets,free_cash_flow_ttm,cash_n_short_term_inv,total_debt,total_revenue_yoy_growth_ttm,net_income_yoy_growth_ttm,earnings_per_share_diluted_yoy_growth_ttm,dividends_yield_current,average_volume_30d_calc,sector,industry,symbol,market,traded_value_30d,quick_pr_roe,implied_roe_from_pe_pb,quick_pr_pe_pb,pr_path_gap_percent,model,fcf_positive,rank_penalty,screen_rank,stage1_tier
688332,"Shenzhen Bluetrum Technology Co., Ltd. Class A",95.07,16968600868.000002,9.619646055307653,2.979709952331536,36.3336621518597,32.3465664300322,176028820.0,,134131190.87,5.1806051582914705,494.75528319373547,495.24784677467926,0.960423898180288,5432578.666666668,Electronic Technology,Electronic Production Equipment,SSE:688332,A,516475253.8400001,0.26475850452678035,30.975255588405737,0.31055905343064727,14.747774504694933,technology_strict,True,0.0,0.26475850452678035,priority
000807,Yunnan Aluminium Co. Ltd. Class A,27.23,94432481669.0,8.607827021559082,2.4745771953580094,31.873035672668497,23.0309853020037,12728817110.0,,2188432237.63,11.998636627683801,135.39154029176737,135.38953791204702,2.56702166727874,85414999.50000024,Non-Energy Minerals,Aluminum,SZSE:000807,A,2325850436.3850064,0.27006611826875326,28.74798934923073,0.2994236194048618,9.804671119285736,cyclical,True,0.0,0.27006611826875326,priority
300773,"Lakala Payment Co., Ltd. Class A",15.92,16989283049.999998,10.749493585415259,3.7353092305779168,39.6843775216037,15.072683148341701,303746930.0,,44141541.3,13.541774992577304,899.7749951260454,884.0531561461795,2.17928391959799,49964159.79999999,Electronic Technology,Computer Processing Hardware,SZSE:300773,A,795429424.0159998,0.27087469318533125,34.74869956335361,0.3093495215789831,12.437332437841986,technology_strict,True,0.0,0.27087469318533125,priority
688336,"Sunshine Guojian Pharmaceutical (Shanghai) Co., Ltd. Class A",42.57,38152317723.0,12.397705099455399,4.486445811702067,43.3759904602582,41.5918436129793,2768102300.0,,0.0,257.6287675051025,302.44869615660497,301.226922178079,0.556239135541461,11721180.066666665,Health Technology,Pharmaceuticals: Major,SSE:688336,A,498970635.4379999,0.2858195275290458,36.187711965330955,0.3425943345446326,16.572021569197982,health_special,True,0.0,0.2858195275290458,priority
600066,"Yutong Bus Co., Ltd. Class A",30.06,65078313648.0,12.130261087123198,5.12866884939355,41.9633760115753,17.8256609207609,6742100450.0,,244309885.36999997,13.520491965018078,25.31845967123254,25.32112875493071,8.3166999334664,20027979.466666654,Consumer Durables,Motor Vehicles,SSE:600066,A,602041062.7679995,0.28906780721782616,42.27995434358669,0.28690336296361685,0.7544157837159116,stable_or_general,True,0.0,0.28906780721782616,priority
603444,"G-Bits Network Technology (Xiamen) Co., Ltd. Class A",388.08,27957708945.0,12.428900845503458,4.597758888728027,39.4799594237808,26.12710713473,3034145910.0,,24240639.42,74.27627798657514,109.04808114480116,109.59643422925112,5.05050505050505,2013433.2666666666,Technology Services,Packaged Software,SSE:603444,A,781373182.1279999,0.31481544122400734,36.9924818443733,0.3359845089007982,6.30060824710259,technology_strict,True,0.0,0.31481544122400734,priority
600961,"Zhuzhou Smelter Group Co., Ltd. Class A",28.02,30061896424.0,12.08331536504377,5.1296133567662565,53.679940778415,27.0892523869734,2803095330.0,,1335391190.83,23.464480803310217,148.52706859556076,148.54233654876742,0.0,56002935.1,Non-Energy Minerals,Other Metals/Minerals,SSE:600961,A,1569202241.502,0.2250992678051265,42.452035735207964,0.2846345329682828,20.9163886554097,cyclical,True,0.1,0.32509926780512655,priority
000933,Henan Shenhuo Coal Industary and Electricity Power Corporation Limited Class A,27.59,61511339530.0,8.954012916626098,2.226382511720988,27.513984105269103,11.91854215424,10772467400.0,,14555494887.869999,12.741427207519704,75.24903223916701,76.54844439351402,2.89960130482059,57961662.73333323,Non-Energy Minerals,Aluminum,SZSE:000933,A,1599162274.8126638,0.32543498180299335,24.864633683819793,0.36011038933795997,9.62910500824904,cyclical,True,0.0,0.32543498180299335,priority
601717,ZCZL Industrial Technology Group Company Limited Class A,15.05,25357158551.432533,6.166263776785349,1.086608863407129,18.6112789573059,8.59446747853128,1011940340.0,,11037993010.4,11.69459466263261,9.140089976672494,10.659231048240846,8.30564784053156,19141496.833333332,Producer Manufacturing,Auto Parts: OEM,SSE:601717,A,288079527.34166664,0.3313186477367139,17.621835567559994,0.34992176343631376,5.31636429723974,cyclical,True,0.0,0.3313186477367139,priority
000567,"Hainan Haide Capital Management Co., Ltd. Class A",7.01,13701691511.0,8.647915124599063,1.9715378557768026,25.7252549072037,16.6972786145773,319822130.0,,2695088403.7999997,268.67499496454104,1498.7525623263539,1498.8165680473371,0.0,22489257.266666617,Finance,Investment Managers,SZSE:000567,A,157649693.439333,0.33616440947986237,22.79784002699966,0.37933045912934166,11.379536921067757,financial_special,True,0.0,0.33616440947986237,priority
601899,"Zijin Mining Group Co., Ltd. Class A",34.65,908383751449.0378,14.064212363518287,4.537626945515737,39.5141698448175,13.733808590563,69114516800.0,,173229052074.0,17.01668940250069,68.05463320035699,65.79407806191115,1.73160173160173,293054511.4999999,Non-Energy Minerals,Precious Metals,SSE:601899,A,10154338823.474995,0.35592832694580534,32.263640708996014,0.43591523009976946,18.349187555492662,cyclical,True,0.0,0.35592832694580534,priority
600989,"Ningxia Baofeng Energy Group Co., Ltd. Class A",24.49,179593981373.0,11.563887052601757,3.217660475724992,30.7483014005767,16.6197878112591,12334037720.0,,27734987593.34,42.437252840155466,75.53613281422017,76.6157951797181,3.15271539403838,82085368.6,Process Industries,Chemicals: Specialty,SSE:600989,A,2010270677.0139997,0.37608214196784445,27.82507699261081,0.4155922751147336,9.506945993156757,cyclical,True,0.0,0.37608214196784445,priority
002532,"Tianshan Aluminum Group Co., Ltd. Class A",13.17,60960470656.0,8.746762303247658,1.8825930897255017,23.0433108774827,12.9169761426576,7289359630.0,,13565658503.74,6.929436125348134,54.74782417100479,55.435119231960364,4.17615793470008,102484375.13333336,Non-Energy Minerals,Aluminum,SZSE:002532,A,1349719220.5060003,0.37957923450118264,21.523313706907274,0.40638548609922653,6.596262050436186,cyclical,True,0.0,0.37957923450118264,priority
002170,"Shenzhen Batian Ecological Technique Co., Ltd. Class A",11.91,11557418346.0,10.908591317091041,3.0055872125008203,28.1424419779659,17.0547011318505,1261128780.0,,1310188461.02,19.7079912720043,48.02381165345126,43.41258373834233,6.12930310663308,19585998.90000001,Process Industries,Chemicals: Agricultural,SZSE:002170,A,233269246.8990001,0.38762063809643504,27.552477906031875,0.3959205177223969,2.096349962792632,cyclical,True,0.0,0.38762063809643504,priority
002611,"Guangdong Dongfang Precision Science & Technology Co., Ltd. Class A",14.9,17793441817.0,4.290856731461483,1.8841274277108357,56.30350236235601,41.1593284611644,841444720.0,,383526407.31,-0.31799421773769865,468.563774839886,466.75371307328214,0.281879194630873,28382267.033333506,Producer Manufacturing,Industrial Machinery,SZSE:002611,A,422895778.79666924,0.0762094106303822,43.91028518607971,0.09771871699940031,22.011449832226216,cyclical,True,0.32999999999999996,0.4062094106303822,priority
002847,Yankershop Food Co. Ltd. Class A,45.42,12027058330.0,15.429037298729535,5.842897830332127,37.44584590495,19.198646413515,438642260.0,,1214645263.3700001,1.837936822751901,15.536413454631331,4.3013038548752816,3.08234258036107,4460636.633333333,Consumer Non-Durables,Food: Major Diversified,SZSE:002847,A,202602115.88599998,0.41203601964003056,37.86949060530981,0.40742658673539633,1.131352998234214,stable_or_general,True,0.0,0.41203601964003056,priority
002648,Satellite Chemical Co. Ltd. Class A,28.38,95541388342.0,10.832888006718068,2.5037185248704468,25.4290158398774,11.7413070343298,12548159240.0,,26766214478.329998,7.268363633239024,30.09342090629934,30.481123617890233,1.76180408738548,50937150.99999996,Process Industries,Chemicals: Specialty,SZSE:002648,A,1445596345.379999,0.42600500447721207,23.112197996672297,0.46870868829861145,9.110922175650627,cyclical,True,0.0,0.42600500447721207,priority
605599,"Beijing Caishikou Department Store Co., Ltd. Class A",16.45,12794445930.0,11.514769704605907,2.8926637124569177,26.605560253934403,13.5312390809598,1043080240.0,,155569572.35,41.332755362045255,42.82847173132896,42.83143371325736,4.74164133738602,11267886.666666666,Retail Trade,Specialty Stores,SSE:605599,A,185356735.66666666,0.43279561094388586,25.12133361468664,0.45836617916948674,5.578633282222567,stable_or_general,True,0.0,0.43279561094388586,priority
603993,CMOC Group Limited Class A,19.51,400615239624.39435,14.93074156271524,4.632003798670466,34.2453311488368,13.6036308848791,17682221110.0,,47254665612.850006,20.610659510924727,65.73107931035365,66.45859872611464,1.46591491542799,259633690.20000044,Distribution Services,Wholesale Distributors,SSE:603993,A,5065453295.802009,0.43599349347282884,31.023266856600188,0.48127560620001986,9.408769558200214,stable_or_general,True,0.0,0.43599349347282884,priority
000792,"Qinghai Salt Lake Industry Co., Ltd. Class A",28.38,145113684273.0,12.38165874089263,3.1449293831483645,27.9376308241854,21.9258337946868,9003523450.0,,1302593856.42,48.33508368601865,144.2435505117396,145.43312988542672,0.0,67522396.43333343,Process Industries,Chemicals: Agricultural,SZSE:000792,A,1916285610.7780025,0.44318928898487414,25.399903590959713,0.4874687298143717,9.08354487607015,cyclical,True,0.0,0.44318928898487414,priority
002668,"Guangdong TCL Smart Home Appliances Co., Ltd. Class A",9.35,10136442473.0,10.171888598781548,2.6478400987771793,28.90820095028,6.05686233298588,1479687900.0,,5129086626.04,0.6009284337096154,-9.280770751900558,-9.277536517962897,2.17957219251337,25258601.033333216,Consumer Durables,Electronics/Appliances,SZSE:002668,A,236167919.66166556,0.3518686139022091,26.030958489796618,0.3907612008512339,9.953031893724662,stable_or_general,True,0.1,0.4518686139022091,priority
000612,"Jiaozuo Wanfang Aluminum Manufacturing Co., Ltd. Class A",11.46,13662604491.0,9.618128409567772,1.772939924255551,20.1399687797293,16.4919958515965,1619490670.0,,660498386.29,2.1126432806535527,133.13586432962003,133.12463314419878,2.83595113438045,35648265.56666664,Non-Energy Minerals,Aluminum,SZSE:000612,A,408529123.39399976,0.47756421644746205,18.43331518106884,0.521779631883345,8.473963476935452,cyclical,True,0.0,0.47756421644746205,priority
300573,"Shenyang Xingqi Pharmaceutical Co., Ltd. Class A",39.15,13799897633.0,18.487037824054397,6.402069593685253,38.5083440892744,29.9816281826957,507401410.0,,80939162.46000001,23.481256816994982,68.37952991755735,67.57933053731108,2.44797956577267,8377702.233333333,Health Technology,Pharmaceuticals: Major,SZSE:300573,A,327987042.435,0.480078753352667,34.630045411359546,0.5338438804931562,10.071320306382814,health_special,True,0.0,0.480078753352667,priority
605499,Eastroc Beverage (Group) Co. Ltd. Class A,120.81,81732272306.67874,17.149549293775287,4.510212096821161,34.7901112009922,16.7155232750374,4888065410.0,,6059043393.62,20.743504365935337,23.582905520871936,27.145564479740102,2.81629831967552,8804830.500000002,Consumer Non-Durables,Beverages: Non-Alcoholic,SSE:605499,A,1063711572.7050003,0.49294321580915756,26.299303961639488,0.6520913754519833,24.405806553186736,stable_or_general,True,0.0,0.49294321580915756,priority
601168,"Western Mining Co., Ltd. Class A",39.12,93222957455.0,15.686903520731414,4.158048353255543,30.460052959274105,9.75410895926303,2120189210.0,,27382869773.0,22.663573583015783,86.86095948710813,86.85748538888055,0.255623721881391,76103241.06666666,Non-Energy Minerals,Other Metals/Minerals,SSE:601168,A,2977158790.528,0.5149992201820929,26.506495356208262,0.5918135653138045,12.979483680976688,cyclical,True,0.0,0.5149992201820929,priority
688578,Shanghai Allist Pharmaceuticals Co. Ltd. Class A,113.7,51164998627.0,19.1008970869872,6.0463993346301805,36.7115747778828,32.6328785854394,2631107510.0,,4257814.08,40.8281095612533,46.78027400862699,46.78206835330672,0.879507475813544,9654733.533333333,Health Technology,Pharmaceuticals: Major,SSE:688578,A,1097743202.74,0.5202963153325336,31.655054247422697,0.6034074981420183,13.773641041153194,health_special,True,0.0,0.5202963153325336,priority
603605,"Proya Cosmetics Co., Ltd. Class A",61.35,24265266802.0,13.240530916154096,3.578983230407182,30.029211999615,19.4694412703874,1741721450.0,,929364858.36,-4.744642787298599,13.23970257740186,10.471353980401963,3.2599837000815,5815974.633333329,Consumer Non-Durables,Household/Personal Care,SSE:603605,A,356810043.75499976,0.4409216903967993,27.030511488331992,0.489836491694562,9.98594472382911,stable_or_general,True,0.08,0.5209216903967993,priority
002192,"YOUNGY Co., Ltd. Class A",74.43,19326137538.0,16.17305143304144,4.249893509990647,30.0705631930238,22.6263822190295,327076840.0,,181821355.69,235.61857431040752,787.3280335611763,787.2373240794293,0.295579739352412,21254365.833333332,Non-Energy Minerals,Construction Materials,SZSE:002192,A,1581962448.9750001,0.5378366653536272,26.27762316583092,0.6154685806618703,12.613465211296138,cyclical,True,0.0,0.5378366653536272,priority
300628,Yealink Network Technology Co. Ltd. Class A,40.2,50750400670.0,17.659462308908804,5.5210831211424525,32.3973539415752,29.322775125903398,1812548340.0,,5716193.569999999,20.59785435142559,14.131107312377456,14.185393258426974,4.47761194029851,15516174.300000003,Electronic Technology,Telecommunications Equipment,SZSE:300628,A,623750206.8600001,0.5450896496286567,31.264163226290243,0.5648467921910939,3.497787866652724,technology_strict,True,0.0,0.5450896496286567,priority
000680,"Shantui Construction Machinery Co., Ltd. Class A",10.38,15318623482.0,11.697092630155511,2.311392179567115,21.4434151999867,6.93590546836669,836746270.0,,8034504666.4800005,11.116084280608892,10.182094920372021,10.167597765363125,1.30057803468208,23092120.166666668,Producer Manufacturing,Trucks/Construction/Farm Machinery,SZSE:000680,A,239696207.33000004,0.5454864591794486,19.760399038033313,0.5919461751577909,7.848638597243718,cyclical,True,0.0,0.5454864591794486,priority
603025,"Beijing Dahao Technology Corp., Ltd. Class A",13.73,15273851843.0,18.05391190006575,5.514255535340634,32.6799847893319,17.5797706487175,532085510.0,,1202781852.13,23.86592121435898,27.49911599789346,27.51509054325954,3.2774945375091,10988403.466666663,Electronic Technology,Computer Peripherals,SSE:603025,A,150870779.59733328,0.5524455417114911,30.54327264840897,0.5910929096527643,6.538289888128834,technology_strict,True,0.0,0.5524455417114911,priority
600595,"Henan Zhongfu Industrial Co., Ltd Class A",6.34,25410118497.0,9.105270716645123,1.3888067433796194,16.1794090666393,10.9069032804081,875924610.0,,6164055575.2,20.1252912445122,188.36570335332547,186.77924217462933,2.7602523659306,116831627.43333334,Non-Energy Minerals,Aluminum,SSE:600595,A,740712517.9273334,0.5627690528833648,15.252778161123489,0.596958181680815,5.727223421444072,cyclical,True,0.0,0.5627690528833648,priority
002602,"Zhejiang Century Huatong Group Co., Ltd. Class A",13.97,101625163446.0,13.646576145355084,3.0089925152118893,24.1269749819162,16.7527538235754,8182712540.0,,2385043614.86,40.191662994891324,174.83490205157537,177.27518959913328,0.429491768074445,114141601.56666663,Technology Services,Packaged Software,SZSE:002602,A,1594558173.886333,0.5656148835725802,22.049431909967154,0.6189082875729932,8.61087257522427,technology_strict,True,0.0,0.5656148835725802,priority
600096,Yunnan Yuntianhua Co. Ltd. Class A,31.58,57570046882.0,10.802490251077511,2.266112504807775,22.1994945565664,10.3323958063094,5080829270.0,,14321972578.4,-15.203315212673548,1.451478021973386,1.4505830094391947,4.43318556048132,32113125.033333335,Transportation,Air Freight/Couriers,SSE:600096,A,1014132488.5526667,0.4866097389538194,20.97768618288489,0.5149514659005129,5.503766631119566,stable_or_general,True,0.08,0.5666097389538194,priority
000651,"Gree Electric Appliances, Inc. of Zhuhai Class A",39.0,207939106934.0,7.795478622399008,1.4709964756433158,19.6322235112199,6.96422965064431,44372749650.0,,106263968359.09,-12.915115176127786,-14.148026898616642,-15.137482401234873,7.69230769230769,50638336.299999975,Producer Manufacturing,Industrial Machinery,SZSE:000651,A,1974895115.699999,0.39707568620252603,18.869867353835755,0.4131178283462808,3.8831880502402383,cyclical,True,0.18,0.577075686202526,priority
002032,"Zhejiang Supor Co., Ltd. Class A",40.3,31921675146.0,15.856153604028957,6.383359547874404,39.8164994657632,16.4658414028274,2446577040.0,,2832032531.79,-1.0289337374436742,-9.7787767427669,-9.535504538174054,6.52605459057072,2231639.3333333335,Consumer Durables,Electronics/Appliances,SZSE:002032,A,89935065.13333334,0.39823072888823646,40.25793207661932,0.39386408556334584,1.108667554353171,stable_or_general,True,0.18,0.5782307288882365,priority
002517,"Kingnet Network Co., Ltd. Class A",16.6,35261023310.0,14.816137093895039,3.3564239122962394,25.4845576565048,19.5788560988834,2899287440.0,,857971454.32,46.7317330685296,34.61859386552329,34.98795180722893,0.602409638554217,81614222.7,Technology Services,Packaged Software,SZSE:002517,A,1354796096.8200002,0.5813770556112947,22.65383946588377,0.6540232226951128,11.107582202426425,technology_strict,True,0.0,0.5813770556112947,priority
603699,"Neway Valve (Suzhou) Co., Ltd. Class A",50.7,38944306329.0,22.737465243519598,8.334456649318286,38.8883876414937,17.4444279506344,1573137160.0,,3193140855.02,21.40327638874775,30.1755512486392,28.800831792975966,3.17554240631164,7313332.366666666,Producer Manufacturing,Industrial Machinery,SSE:603699,A,370785950.99,0.5846852138261152,36.655170486488984,0.6203071747245202,5.74263241662889,cyclical,True,0.0,0.5846852138261152,priority
002555,"37 Interactive Entertainment Network Technology Group Co., Ltd.",18.27,39484043926.0,12.303858845713515,2.852334324182549,24.1145951515891,14.9938047341424,2938140470.0,,4523860072.46,-11.554227990674292,16.29316460712919,16.298558897243122,5.63765736179529,44668380.89999998,Technology Services,Packaged Software,SZSE:002555,A,816091319.0429996,0.5102245660094658,23.182436989483673,0.5307405278959652,3.8655351924661963,technology_strict,True,0.08,0.5902245660094657,priority
603929,L&K Engineering (Suzhou) Co. Ltd. Class A,164.68,35136123338.0,28.760544193925845,14.715619842317327,58.129510362181,23.864481822664,651890620.0,,100000000.0,36.96383351506071,118.35483462858312,118.35411661518513,1.60918144279815,6789610.1,Industrial Services,Engineering & Construction,SSE:603929,A,1118112991.268,0.4947666686805163,51.165999304787945,0.5621026577161863,11.979304511609145,cyclical,True,0.1,0.5947666686805163,priority
600211,Tibet Rhodiola Pharmaceutical Holding Co. Class A,38.66,12460859579.0,12.683310914996227,3.1445875840034354,24.2383468614797,16.1711373271035,900525850.0,,1170672998.43,1.4967584281873332,-1.698102199287938,-1.3080783551886026,4.5447490946715,5294730.033333334,Health Technology,Pharmaceuticals: Major,SSE:600211,A,204694263.08866668,0.5232745858238756,24.7931128163499,0.5115658936796422,2.2887945206851112,health_special,True,0.1,0.6232745858238756,priority
002001,Zhejiang NHU Co. Ltd. Class A,27.14,83416978726.0,11.572573767695719,2.387749805346483,21.9432136847937,15.8294752221287,6661824930.0,,7426333715.29,6.1862441618762265,-1.319566760074879,-0.9335529928610655,3.68459837877671,36704942.533333346,Health Technology,Pharmaceuticals: Other,SZSE:002001,A,996172140.3546671,0.5273873705981056,20.63283287950837,0.5608814763962486,5.971690492142468,health_special,True,0.1,0.6273873705981056,priority
601225,"Shaanxi Coal Industry Co., Ltd. Class A",27.07,262443647041.00003,12.865969581749049,2.594882894765852,21.4608442934815,8.42614506650608,24770619580.0,,27281909185.72,-10.316478099847764,4.919085902995427,4.9167248429241175,3.50203176948652,42974679.733333334,Energy Minerals,Coal,SSE:601225,A,1163324580.3813334,0.5995090130567207,20.168576322819924,0.6379215555830645,6.0215150577933585,cyclical,True,0.08,0.6795090130567206,priority
600809,Shanxi Xinghuacun Fen Wine Factory Co. Ltd. Class A,119.03,144645423065.0,13.223645473431615,3.2252863752447145,26.3289610340015,18.2283615746556,9530628270.0,,1218447397.97,-0.2061888136557139,-13.040326498371096,-13.041000077285725,5.51121565991767,9792188.466666674,Consumer Non-Durables,Beverages: Alcoholic,SSE:600809,A,1165564193.1873343,0.5022471436056462,24.390296773494285,0.5421682891453036,7.363238746882583,stable_or_general,True,0.18,0.6822471436056461,priority
600285,"Henan Lingrui Pharmaceutial Co., Ltd. Class A",20.08,11342010982.0,14.593023255813954,3.5238147049068416,24.7762782477452,13.7750718477718,925258060.0,,446077046.29,5.9116906408138945,-0.4714013538607227,-0.4557621355711636,5.47808764940239,12479648.866666669,Health Technology,Pharmaceuticals: Major,SSE:600285,A,250591349.2426667,0.5889917408052201,24.147256145178353,0.6043346361208762,2.5388078720987473,health_special,True,0.1,0.6889917408052201,priority
600519,"Kweichow Moutai Co., Ltd. Class A",1297.4,1621855982741.0,19.94490324246878,6.455055543877238,33.2451371632829,27.085589260476002,116933614800.0,,25670001536.23,-4.702317582417921,-9.452899828088526,-9.18759240153958,4.00656929243102,4306602.266666667,Consumer Non-Durables,Beverages: Alcoholic,SSE:600519,A,5587385780.773334,0.5999344549101946,32.364436494895884,0.6162598642993287,2.6491112491474067,stable_or_general,True,0.18,0.7799344549101945,priority
688208,Autel Intelligent Technology Corp. Ltd. Class A,26.04,17272251232.0,22.15793056501021,4.510246781859246,24.5331841397616,12.0844328140082,826511540.0,,1745357363.33,16.029984422693747,21.001074997426027,5.988455988455989,4.14746543778802,11248941.866666678,Producer Manufacturing,Auto Parts: OEM,SSE:688208,A,292922446.2080003,0.9031820100799002,20.35500006928182,1.0885743301199606,17.03074516001404,cyclical,True,0.0,0.9031820100799002,reject_valuation
600489,"Zhongjin Gold Corp., Ltd. Class A",26.68,129326298979.0,19.607554934959946,3.9798026507156337,21.7055351946967,9.84339186557008,7177052580.0,,20396675895.32,20.664809046540068,52.03793951980218,52.03351955307263,1.45427286356822,101317315.73333332,Non-Energy Minerals,Precious Metals,SSE:600489,A,2703145983.7653327,0.9033435369863927,20.297291854680523,0.9660182784649902,6.4879457123925395,cyclical,True,0.0,0.9033435369863927,reject_valuation
600988,Chifeng Jilong Gold Mining Group Limited Class A,49.09,89884554755.80164,25.798822787471096,6.476706154915846,28.4878340550146,15.1542785851502,3273369250.0,,784803452.26,45.900126652783676,75.22024797957664,53.57546408393865,0.651863923405989,76766069.06666666,Non-Energy Minerals,Precious Metals,SSE:600988,A,3768446330.482667,0.905608434030099,25.104657713534063,1.0276508479764217,11.875863693066579,cyclical,True,0.0,0.905608434030099,reject_valuation
600026,"COSCO SHIPPING Energy Transportation Co., Ltd. Class A",18.81,94980817868.41841,14.641550556550166,2.139388983227236,15.8322865847097,7.24503175547745,2615229490.0,,38693657775.29,18.02269478321826,103.45653122576361,85.75766338924234,2.02020202020202,64018673.09999986,Transportation,Marine Shipping,SSE:600026,A,1204191241.0109973,0.9247906471507719,14.611765160829506,1.002038452944789,7.709066011089838,cyclical,True,0.0,0.9247906471507719,reject_valuation
601965,"China Automotive Engineering Research Institute Co., Ltd. Class A",14.1,13799613746.0,13.057973698833116,1.7534412839667068,14.1050104517706,7.95274419357215,238603290.0,,2184285379.36,11.416127994450694,18.3141907819267,17.203950938890706,2.4113475177305,9360499.733333332,Commercial Services,Miscellaneous Commercial Services,SSE:601965,A,131983046.23999998,0.9257684525284383,13.428126939200357,0.9724344845678615,4.7988869975298165,financial_special,True,0.0,0.9257684525284383,reject_valuation
600236,"Guangxi Guiguan Electric Power Co., Ltd. Class A",9.9,78035533663.0,20.266120777891505,4.313368392159255,21.6103912214676,7.422283177316361,5043780630.0,,28086086096.38,36.971554300524964,89.34957659662624,89.34108527131782,2.95959595959596,31707247.000000015,Utilities,Electric Utilities,SSE:600236,A,313901745.30000013,0.937795182428687,21.283641005755513,0.952192379697212,1.5120050921961004,stable_or_general,True,0.0,0.937795182428687,reject_valuation
601975,Nanjing Tanker Corporation Class A,4.15,19423431062.0,12.533977650256722,1.5932492302494683,13.1737700336963,11.5057310613703,798583590.0,,481712600.73,11.13824855922097,22.219920464508764,25.08500188893087,0.650602409638554,176095167.433333,Transportation,Marine Shipping,SSE:601975,A,730794944.848332,0.9514343743815857,12.711441449050575,0.986039049976735,3.5094629970248814,cyclical,True,0.0,0.9514343743815857,reject_valuation
603162,"Fujian Highton Development Co., Ltd. Class A",12.68,17484955458.0,19.21212121212121,3.5796760223814443,19.9479357635291,13.0715423696067,318923030.0,,1977743492.23,62.05207548198716,129.04095914327826,135.54603854389723,0.446427444794953,40576126.266666666,Transportation,Trucking,SSE:603162,A,514505281.0613333,0.9631132484017128,18.632383081796164,1.0311145454545454,6.594931412092119,stable_or_general,True,0.0,0.9631132484017128,reject_valuation
600428,"COSCO Shipping Specialized Carriers Co., Ltd. Class A",11.47,31472767837.0,13.529134229771174,1.8497165756859837,14.018788875318,5.3252447003196,5727105550.0,,17639838006.28,33.90428130912729,43.071474100098214,25.82368655387356,2.83347863993025,63792175.53333329,Transportation,Marine Shipping,SSE:600428,A,731696253.3673328,0.9650715443465355,13.672098630048621,0.9895433463328563,2.4730399205866727,cyclical,True,0.0,0.9650715443465355,reject_valuation
002415,"Hangzhou Hikvision Digital Technology Co., Ltd Class A",35.1,325856097686.0,19.580497601249583,3.8138618121602432,20.1765719324263,12.524645535819301,20312436150.0,,6733231201.65,4.73427846752662,30.731886298903138,31.393388550905215,3.27635327635328,97793449.36666666,Electronic Technology,Telecommunications Equipment,SZSE:002415,A,3432550072.77,0.9704571057376328,19.47785949993861,1.0052694753913436,3.4629888309459123,technology_strict,True,0.0,0.9704571057376328,reject_valuation
688411,Beijing HyperStrong Technology Co. Ltd. Class A,190.05,34675542858.0,27.20986169573061,6.701942523040683,27.3892173062979,7.7064140024051,135351730.0,,7523973590.700001,47.020365460805486,85.90977723122529,82.85250536677314,0.836621941594317,2518512.1,Technology Services,Packaged Software,SSE:688411,A,478643224.605,0.9934515978108637,24.630564454843437,1.10471937196632,10.072039739595384,technology_strict,True,0.0,0.9934515978108637,reject_valuation
600012,Anhui Expressway Company Limited Class A,16.42,27288436993.861835,14.461863660384008,2.2271292006206664,15.6883077326777,6.17290398893107,2594537100.0,,15431908752.48,-20.21627322531782,5.759026343089859,3.491021784705132,4.01948842874543,7672244.566666666,Transportation,Other Transportation,SSE:600012,A,125978255.78466667,0.921824323362864,15.400015191137054,0.9390811295242769,1.8376267628926746,stable_or_general,True,0.08,1.001824323362864,reject_valuation
600499,"Keda Industrial Group Co., Ltd. Class A",14.23,26677592629.0,14.67464164174487,2.046195413818937,14.6263475599612,6.09121343761952,2050876300.0,,7950497300.0,28.106769871496752,42.50824126192605,39.665850496903346,2.10822206605762,34447672.96666661,Producer Manufacturing,Industrial Machinery,SSE:600499,A,490190386.31566584,1.003301855202448,13.943750476319206,1.0524171145106866,4.666900474254875,cyclical,True,0.0,1.003301855202448,reject_valuation
600933,"IKD Co., Ltd. Class A",13.42,13770191309.0,12.326628088545972,1.372700445462775,12.2849527767085,6.9148555720579905,776222880.0,,4723061094.88,13.030782274544617,17.44126646336291,14.323217473485242,2.9806259314456,10274252.9,Producer Manufacturing,Auto Parts: OEM,SSE:600933,A,137880473.918,1.0033923868162102,11.13605793573266,1.106911275038637,9.35204930664505,cyclical,True,0.0,1.0033923868162102,reject_valuation
601799,"Changzhou Xingyu Automotive Lighting Systems Co., Ltd Class A",81.48,23277159517.0,14.574724979876578,2.0396193811902936,14.4497522106803,8.77612928892374,1361623990.0,,3334269734.83,7.623737602877721,4.3728467633979005,4.901206537443936,2.45459008345606,3128634.566666667,Producer Manufacturing,Auto Parts: OEM,SSE:601799,A,254921144.49200004,1.0086487828562143,13.99422207970586,1.0414816126873212,3.1525117132302327,cyclical,True,0.0,1.0086487828562143,reject_valuation
689009,Ninebot Ltd. CDR Class A,42.38,29356585618.0,19.685990338164252,3.115434264190002,21.5740739614595,7.06931334634522,497331380.0,,5478061123.92,23.98374014368921,-11.86567889116224,0.43855556592329253,3.66146767343086,13346340.066666666,Utilities,Electric Utilities,SSE:689009,A,565617892.0253334,0.912483677090003,15.825641538339395,1.243930003751995,26.64509463251705,stable_or_general,True,0.1,1.012483677090003,reject_valuation
000423,"Dong-E-E-Jiao Co., Ltd. Class A",49.12,30934896300.0,17.680512562090563,3.0737153534334625,17.4060311249301,13.978023533813499,1223758880.0,,182908406.17000002,9.341219288779087,8.867713726250297,9.081628646589975,5.50810667752443,6940271.633333334,Health Technology,Pharmaceuticals: Other,SZSE:000423,A,340906142.6293333,1.0157693293313335,17.38476383328348,1.0170119497534311,0.12218346327188545,health_special,True,0.0,1.0157693293313335,reject_valuation
600517,"State Grid Yingda Co., Ltd. Class A",5.13,29335575010.0,11.354581673306773,1.2266154022724665,11.1626087099786,5.36794788975018,1314730130.0,,7825422660.28,6.58417953120471,43.12638266573472,43.15589353612167,2.61208576998051,23292486.533333335,Producer Manufacturing,Electrical Products,SSE:600517,A,119490455.91600001,1.0171978583426078,10.802823367382073,1.051075379755877,3.223129574316308,cyclical,True,0.0,1.0171978583426078,reject_valuation
603899,"Shanghai M&G Stationery, Inc.",23.12,20994112246.0,15.813953488372094,2.4277222358145734,15.5254488080187,8.27881140622133,1833101870.0,,760149422.16,6.6255959848925166,1.435849679018592,2.2592152199762188,4.32525951557093,3502721.6333333333,Consumer Non-Durables,Consumer Sundries,SSE:603899,A,80982924.16266666,1.0185826950267862,15.351772961768624,1.0301060032449976,1.1186526611738135,stable_or_general,True,0.0,1.0185826950267862,reject_valuation
603596,"Bethel Automotive Safety Systems Co., Ltd. Class A",28.0,25049966553.0,18.998507260143846,2.984040710841126,18.5836978035114,7.99299697719253,289983740.0,,7355179848.16,17.90488541695729,12.156391076189042,3.861874559548975,0.916989285714286,16173513.8,Producer Manufacturing,Auto Parts: OEM,SSE:603596,A,452858386.40000004,1.0223211473312954,15.706711427277327,1.209578933700263,15.481237408469163,cyclical,True,0.0,1.0223211473312954,reject_valuation
603939,Yifeng Pharmacy Chain Co Ltd Class A,22.88,27654674025.0,15.948696500766763,2.3318480711295195,15.4388092284385,6.56130561599612,3022840740.0,,9362163081.22,3.510935239456843,9.392786460786375,13.442985924402986,3.05944055944056,12735175.733333332,Retail Trade,Drugstore Chains,SSE:603939,A,291380820.7786666,1.033026334141693,14.620932005430108,1.0908125757539624,5.297540833018721,stable_or_general,True,0.0,1.033026334141693,reject_valuation
601211,"Guotai Haitong Securities Co., Ltd. Class A",17.92,298193253170.0982,9.422652224208646,0.9203719083182208,10.0650510633512,1.50141846154759,140969793340.0,,1127305898972.0,14.698369425932983,33.954963780107924,-14.78245283864319,2.79017857142857,89762159.4,Finance,Investment Managers,SSE:601211,A,1608537896.4480002,0.9361753025295964,9.767652317185224,0.9646793229556725,2.9547663920838407,financial_special,True,0.1,1.0361753025295963,reject_valuation
002027,Focus Media Information Technology Co Ltd Class A,4.97,71777738827.0,21.050402371876324,5.130481460071021,22.477009996035903,14.0000460250932,7805567540.0,,2774987867.7000003,2.3236215427533433,-35.99077807024772,-35.98156182212581,6.841046277666,172515976.1,Producer Manufacturing,Miscellaneous Manufacturing,SZSE:002027,A,857404401.2169999,0.9365303648300561,24.37236766041787,0.8636995250183835,8.432427910635054,cyclical,True,0.1,1.0365303648300561,reject_valuation
601877,"Zhejiang Chint Electrics Co., Ltd Class A",25.74,55288608302.0,10.804231027535257,1.1906077974172045,11.4233677613994,3.2226758631301604,28955860330.0,,71186717937.27,3.743722698875084,12.665711266185006,13.534121235226854,2.33100233100233,22098566.866666667,Producer Manufacturing,Electrical Products,SSE:601877,A,568817111.148,0.9458008577858921,11.019829124190942,0.9804354410376112,3.5325715291426807,cyclical,True,0.1,1.0458008577858922,reject_valuation
601872,"China Merchants Energy Shipping Co., Ltd. Class A",18.98,153254738442.0,19.375255206206614,3.401031419222816,18.4604097256528,10.0323478962377,281904060.0,,30111066428.69,23.855355599819763,72.0458159753265,73.13538352774833,1.68598524762908,107567897.6666665,Transportation,Marine Shipping,SSE:601872,A,2041638697.71333,1.04955716011452,17.553479337569396,1.103784317262852,4.912839972468886,cyclical,True,0.0,1.04955716011452,reject_valuation
603317,"Sichuan Teway Food Group Co., Ltd. Class A",13.58,14391882341.0,18.958536925869048,3.398508960501718,18.0542013336099,14.2259058298491,785422600.0,,59553385.120000005,19.831486798289784,33.929572260512145,34.264292408622325,4.0500736377025,14165439.633333338,Consumer Non-Durables,Food: Specialty/Candy,SSE:603317,A,192366670.22066674,1.050090035861937,17.92600860388351,1.05759945478113,0.7100437585557562,stable_or_general,True,0.0,1.050090035861937,reject_valuation
002444,"Hangzhou GreatStar Industrial Co., Ltd. Class A",30.41,36141156323.0,14.291756744054892,1.88661452885509,13.6023171280036,10.4557509091915,1439667710.0,,3165994161.6800003,1.265529448730013,6.6660321557599085,6.667335071185093,2.13745478461033,11167012.733333332,Consumer Durables,Tools & Hardware,SZSE:002444,A,339588857.22066665,1.0506854537769832,13.200718166714438,1.0826499409775676,2.952430512463,stable_or_general,True,0.0,1.0506854537769832,reject_valuation
600309,Wanhua Chemical Group Co. Ltd. Class A,78.04,244302012749.0,14.833681809541913,2.1506170485178546,15.4369551936581,4.89804590098224,10414793230.0,,185080005711.38,31.691186134616174,49.95719615067008,50.18555523836711,1.60174269605331,36697288.56666669,Process Industries,Industrial Specialties,SSE:600309,A,2863856399.742669,0.9609201829928206,14.498201297094353,1.0231394574797905,6.081211513455775,cyclical,True,0.1,1.0609201829928205,reject_valuation
603338,"Zhejiang Dingli Machinery Co., Ltd. Class A",57.35,29039049565.0,15.811093956771062,2.465026496348451,16.4302963839288,10.5215413277313,1034622000.0000001,,3365469336.98,17.02393123020528,-1.0738539963853062,-1.074564992090756,2.0052310374891,6021085.933333362,Producer Manufacturing,Trucks/Construction/Farm Machinery,SSE:603338,A,345309278.27666837,0.9623133744706269,15.590486674028078,1.0141501216322188,5.111348512995639,cyclical,True,0.1,1.062313374470627,reject_valuation
002920,"Huizhou Desay SV Automotive Co., Ltd. Class A",87.9,52459540681.0,20.78014184397163,3.264180245136594,19.2599153110485,9.47144576537759,407404990.0,,4293053481.85,7.3406585320678595,3.627313830210284,-1.9494216638464432,1.42207053469852,8206798.0,Producer Manufacturing,Auto Parts: OEM,SZSE:002920,A,721377544.2,1.078932150446739,15.708171145537877,1.3228874100900359,18.441120369169827,cyclical,True,0.0,1.078932150446739,reject_valuation
600483,"Fujian Funeng Co., Ltd. Class A",10.77,29942178909.0,10.998774509803921,1.0775937541585412,11.0055498843146,5.23001677991677,2513697940.0,,20929105311.29,-2.1467281426383837,0.24328330284049557,-7.026205848841621,3.95543175487465,15196314.433333326,Utilities,Alternative Power Generation,SSE:600483,A,163664306.4469999,0.9993843674707853,9.797398366499941,1.1226219551724896,10.977657005003882,stable_or_general,True,0.08,1.0793843674707853,reject_valuation
600511,China National Medicines Corporation Ltd. Class A,26.77,20198045407.0,10.477085045595084,1.0737769391861998,10.626357360668,5.43086935898131,853658120.0,,2998300207.11,4.055897704795149,-1.0444905403696487,-1.0418280402788507,2.98841987299216,5322245.7,Health Technology,Pharmaceuticals: Major,SSE:600511,A,142476517.389,0.985952635507495,10.248813811410756,1.0222729418628114,3.5528971635630513,health_special,True,0.1,1.085952635507495,reject_valuation
000598,"Chengdu Xingrong Environment Co., Ltd. Class A",7.2,21357837911.0,10.47425080011638,1.0647847581977334,10.5940603602067,4.04633708748643,787097490.0,,15687953410.56,0.3315772051029226,0.40851847380547746,0.30643513789581067,3.26666666666667,23338782.766666554,Utilities,Water Utilities,SZSE:000598,A,168039235.91999918,0.9886908743185617,10.165736705348916,1.030348424684768,4.043054695692028,stable_or_general,True,0.1,1.0886908743185617,reject_valuation
301345,"Zhejiang Taotao Vehicles Co., Ltd. Class A",235.1,25375745299.0,28.301773224668647,6.78469320113715,25.926730308220495,16.9065110063303,589808760.0,,1117482275.19,40.864492721192654,94.25949973372101,94.08191397397259,1.2760527435134,1442739.5,Consumer Durables,Motor Vehicles,SZSE:301345,A,339188056.45,1.0916059560235063,23.972678839866525,1.1805845067929097,7.536821824904017,stable_or_general,True,0.0,1.0916059560235063,reject_valuation
601298,Qingdao Port International Co Ltd Class A,9.07,55628202442.32988,11.338917364670584,1.2473286263982595,11.3829554109485,7.535576287480321,2620215800.0,,5106529539.0,2.702923295477202,-4.472254152347617,-4.466738325570284,3.82910694597574,11063564.833333334,Transportation,Other Transportation,SSE:601298,A,100346533.03833334,0.9961312291326769,11.000420818698652,1.0307712360782189,3.3605911508878483,stable_or_general,True,0.1,1.096131229132677,reject_valuation
000963,"Huadong Medicine Co., Ltd. Class A",27.66,48508363316.0,14.019970601652389,1.906673633447164,14.0680422421203,8.76394273927586,2823607060.0,,5290465770.76,3.7366838550182093,-4.6997908820418575,-4.663187397313222,3.36225596529284,27419474.899999965,Health Technology,Pharmaceuticals: Major,SZSE:000963,A,758422675.733999,0.9965829189562722,13.599697799811677,1.0309030985855092,3.329137304595109,health_special,True,0.1,1.0965829189562721,reject_valuation
002595,"Himile Mechanical Science & Technology (Shandong) Co., Ltd. Class A",47.41,54884142101.0,22.952168861347793,4.374968278942292,20.8255266160295,17.345227450132,83763360.0,,87136899.47,22.64937433059712,12.095774134883152,11.811194110641981,1.00321451170639,4588644.266666664,Producer Manufacturing,Metal Fabrication,SZSE:002595,A,217547624.6826665,1.102117093340699,19.061241250755533,1.2041277144235312,8.471744305932628,cyclical,True,0.0,1.102117093340699,reject_valuation
002270,"Huaming Power Equipment Co., Ltd. Class A",19.01,17037246273.0,23.999495013255903,5.374003505399447,21.6884828009314,14.7422358586002,529820690.0,,1063581881.97,3.189520984283705,6.482370883582929,7.768707482993204,3.20883745397159,20201345.79999999,Producer Manufacturing,Electrical Products,SZSE:002270,A,384027583.6579998,1.106554812226204,22.3921524283372,1.071781513191408,3.244439151712264,cyclical,True,0.0,1.106554812226204,reject_valuation
600566,"HUBEI JUMPCAN PHARMACEUTICAL CO., LTD Class A",25.05,23082361855.0,12.495011971268955,1.6651975702075215,13.4658316474668,10.9078366270431,1060685930.0000001,,1665537694.1899998,-13.860390698647052,-4.166495100250441,-4.209470113240015,6.94610778443114,6987745.533333333,Health Technology,Pharmaceuticals: Major,SSE:600566,A,175043025.61,0.9279049596331114,13.32689855789237,0.9375783808205879,1.031745333015266,health_special,True,0.18,1.1079049596331114,reject_valuation
002608,Jiangsu Guoxin Corp. Ltd. Class A,7.1,26824366461.0,8.240482822655524,0.7088828007060871,9.05492667684065,3.1890594970806805,1499542170.0,,40943615578.73,7.778564278210758,-1.812013869757872,-1.8119658119658024,1.83098591549296,21778156.63333345,Utilities,Electric Utilities,SZSE:002608,A,154624912.09666747,0.9100551685009014,8.602442550540347,0.9579236099795764,4.9971042554944,stable_or_general,True,0.2,1.1100551685009015,reject_valuation
600295,"Inner Mongolia ERDOS Resources Co., Ltd. Class A",13.74,34081889713.999996,13.784109149277688,1.7966726250642369,13.3808753451024,5.94242961412639,5716313900.0,,9833066683.19,-0.672850602260486,52.56128168598774,52.555861646770744,5.09461426491994,10809289.299999995,Process Industries,Textiles,SSE:600295,A,148519634.98199993,1.0301350841238408,13.03437607470183,1.057519674918004,2.5895112349835547,cyclical,True,0.08,1.1101350841238409,reject_valuation
002475,"Luxshare Precision Industry Co., Ltd. Class A",56.6,436858302746.3006,23.557812369932574,4.414842294189179,21.1467762301812,5.96067597787943,419678920.0,,147389737557.13,32.07158466098413,21.790666883417234,18.958261127890292,0.52826148409894,127802566.00000007,Electronic Technology,Electronic Components,SZSE:002475,A,7233625235.600004,1.1140143591395404,18.740459533602333,1.2570562812343289,11.37911836010499,technology_strict,True,0.0,1.1140143591395404,reject_valuation
001286,"Shaanxi Energy Investment Co., Ltd. Class A",9.64,30149078715.0,11.955847699367482,1.3618685288288073,11.738164450615,4.19165967739239,2672465650.0,,30396639633.440002,7.525790797894159,7.935905658608541,7.923972694418422,4.25311203319502,25758957.733333334,Utilities,Electric Utilities,SZSE:001286,A,248316352.54933336,1.0185449138720386,11.390815298699867,1.049604210572364,2.959143683635601,stable_or_general,True,0.1,1.1185449138720387,reject_valuation
002155,Hunan Gold Corp. Ltd. Class A,28.92,45191877658.0,25.251025932070203,5.252146624242689,22.5177356358957,19.4135690668466,487856700.0,,1883217.08,30.802945536027227,68.1808303623268,68.17914831130689,1.03734439834025,56653531.7,Non-Energy Minerals,Precious Metals,SZSE:002155,A,1638420136.7640002,1.1213838878105196,20.799735576573827,1.2140070646143089,7.6295418291668415,cyclical,True,0.0,1.1213838878105196,reject_valuation
000568,Luzhou Laojiao Company Limited Class A,78.44,115455956411.0,15.367736373966538,2.5243528932064208,16.2713622671561,11.1616436891946,1305768770.0,,6372675456.740001,-30.85566642513568,-42.730651054493265,-42.854903716972686,7.58541560428353,12993640.833333334,Consumer Non-Durables,Beverages: Alcoholic,SZSE:000568,A,1019221186.9666667,0.9444652587562666,16.42631570309053,0.9355558879874185,0.9523077010411551,stable_or_general,True,0.18,1.1244652587562667,reject_valuation
600863,Inner Mongolia MengDian HuaNeng Thermal Power Corporation Limited Class A,4.68,36668685296.0,13.887240356083085,1.843361535189299,13.294646029003697,5.37426804315114,3045158430.0,,15059966528.07,-5.137881847131897,14.749045873915728,4.012345679012349,4.7008547008547,170234763.16666666,Utilities,Electric Utilities,SSE:600863,A,796698691.6199999,1.044573907856334,13.273778576042604,1.046216062481839,0.15696132800804286,stable_or_general,True,0.08,1.1245739078563342,reject_valuation
600027,Huadian Power International Corp. Ltd. Class A,4.7,52476835181.22286,10.451412052479432,1.09681108012555,11.164171041257,2.02115900752124,8687158000.0,,160454452000.0,0.46665188834377824,-17.42071988253184,-26.53161248162065,4.8936170212766,73168052.4999997,Utilities,Electric Utilities,SSE:600027,A,343889846.7499986,0.9361565685312793,10.494381760265101,0.995905456008055,5.999453775087316,stable_or_general,True,0.2,1.1361565685312793,reject_valuation
600563,Xiamen Faratronic Co. Ltd. Class A,128.35,28878751373.0,23.967806390170118,4.738715322646149,20.9500916227867,14.459901661892802,751291860.0,,1375273834.88,8.488865835925186,6.942381735469366,6.9415876185721395,1.79197506817296,5284141.9,Electronic Technology,Electronic Components,SSE:600563,A,678219612.865,1.144043034356048,19.771168230855,1.2122605053132784,5.627294682804285,technology_strict,True,0.0,1.144043034356048,reject_valuation
601066,"CSC Financial Co., Ltd. Class A",25.58,179506213113.0864,15.784277428113043,2.265735925732046,15.0159065991711,1.70693741456739,72662236260.0,,421638435999.41,2.1369180922421824,41.64867559106257,41.64845730268335,1.29007036747459,24846494.533333335,Finance,Investment Managers,SSE:601066,A,635573330.1626667,1.0511704587310338,14.354384836752752,1.09961364472403,4.405473342880706,financial_special,True,0.1,1.1511704587310339,reject_valuation
688111,Beijing Kingsoft Office Software. Inc. Class A,241.3,111966441528.0,31.09015242291884,7.426434289752198,27.004418756979696,19.3364117559257,2440249850.0,,64391524.63,22.738611884096223,115.87004010151622,115.01232789428484,0.518027351844177,11603531.833333334,Technology Services,Packaged Software,SSE:688111,A,2799932231.3833337,1.151298707915464,23.886773498986212,1.301563495975643,11.544944870134177,technology_strict,True,0.0,1.151298707915464,reject_valuation
002440,"Zhejiang Runtu Co., Ltd. Class A",13.89,15244262300.0,13.407335907335908,1.4815652326025415,11.6174683300544,9.60315369652233,828920700.0,,859356980.49,16.175126614260485,343.30543914595614,338.7971198644642,1.43988480921526,63565778.966666654,Process Industries,Industrial Specialties,SZSE:002440,A,882928669.8469999,1.1540669211596746,11.050407350440842,1.213288839239129,4.881106309079164,cyclical,True,0.0,1.1540669211596746,reject_valuation
601898,China Coal Energy Co. Ltd. Class A,15.36,182887623183.14633,11.11111111111111,1.2254559757334187,11.387513030967,4.92197525359583,18410953000.0,,80346787000.0,-13.091698798359014,6.312887383848288,6.313927555179578,2.76041666666667,51682722.0,Energy Minerals,Coal,SSE:601898,A,793846609.92,0.9757276308616072,11.029103781600769,1.0074355388374485,3.147388269867002,cyclical,True,0.18,1.1557276308616071,reject_valuation
000951,"Sinotruk Jinan Truck Co., Ltd. Class A",21.88,25577609512.0,12.984392617648803,1.5453363401943534,12.2817920073766,3.85229890740577,2918723420.0,,13290356642.94,49.89473817340161,28.76858849532349,28.771205868867494,3.77970749542962,12032397.199999997,Consumer Durables,Motor Vehicles,SZSE:000951,A,263268850.73599994,1.0572066852988726,11.901491164814923,1.0909887204752398,3.096460535508705,stable_or_general,True,0.1,1.1572066852988727,reject_valuation
603369,"Jiangsu King's Luck Brewery Joint-stock Co., Ltd. Class A",28.47,35496396534.0,14.44884287454324,2.07000198493341,14.7391145477778,9.79079263611854,756371650.0,,2466712562.04,-13.629942865957753,-22.72668948282898,-22.72638142672262,4.21496311907271,17762344.900000013,Consumer Non-Durables,Beverages: Alcoholic,SSE:603369,A,505693959.3030004,0.980306030440728,14.326420481604464,1.0085452184721209,2.7999922575780434,stable_or_general,True,0.18,1.160306030440728,reject_valuation
601688,"Huatai Securities Co., Ltd. Class A",19.41,166748721183.24338,9.986108967433246,0.9836284894486715,10.1668956896612,1.71249309888329,116851896930.0,,537308941167.5,-17.96637461641974,7.338826715773717,8.368644067796605,2.67903142709943,64188139.2,Finance,Investment Banks/Brokers,SSE:601688,A,1245891781.872,0.9822181000232159,9.849967516441952,1.0138215126866197,3.117256071993879,financial_special,True,0.18,1.162218100023216,reject_valuation
600900,"China Yangtze Power Co., Ltd. Class A",28.05,686333517270.0,19.020817793449517,3.011508148249943,16.2639250224534,6.408714345557811,45944445050.0,,289636327131.39,0.8114742054884964,7.0392029719960645,7.0407200406474555,3.5650623885918,119152308.2333333,Utilities,Electric Utilities,SSE:600900,A,3342222245.944999,1.1695096827604683,15.832695423259148,1.201363209798556,2.651448519339039,stable_or_general,True,0.0,1.1695096827604683,reject_valuation
002020,"Zhejiang Jingxin Pharmaceutical Co., Ltd. Class A",13.06,10550930739.0,14.758729799977399,1.7866939185371546,12.591353277571402,9.09497524073677,704895780.0,,432583062.64,0.3684553866246462,3.4405466241428395,6.166766646670665,2.67993874425727,17382783.499999996,Health Technology,Pharmaceuticals: Major,SZSE:002020,A,227019152.50999996,1.1721321350157556,12.106014154008639,1.2191237852708419,3.8545429777376183,health_special,True,0.0,1.1721321350157556,reject_valuation
600282,"Nanjing Iron & Steel Co., Ltd. Class A",4.75,29229890381.0,10.741745816372683,1.0519834871813045,9.95584533256331,3.8529963136527403,1560708600.0,,26226608143.59,5.715292308486361,9.471913420383379,9.455445544554445,5.38526315789474,41722163.46666649,Non-Energy Minerals,Steel,SSE:600282,A,198180276.46666583,1.0789385991402327,9.793412590138374,1.0968337867424525,1.631531396873509,cyclical,True,0.1,1.1789385991402328,reject_valuation
688617,APT Medical Inc. Class A,248.15,35120460077.0,37.415940411929675,11.190706504950473,31.7186297812041,27.2445860905767,863814450.0,,13735677.53,27.466525063212018,23.426025334643697,23.728149543868824,0.402982067298005,1760510.9,Health Technology,Medical Specialties,SSE:688617,A,436870779.835,1.1796203262885492,29.90892753662403,1.250995722468255,5.705486829233908,health_special,True,0.0,1.1796203262885492,reject_valuation
300979,Huali Industrial Group Co. Ltd. Class A,33.69,39315973419.0,15.798358733880422,2.5469492175067416,15.7552210585822,10.1354905024993,298488380.0,,3191877380.95,-7.740225616088033,-31.491834628822485,-31.492546903109748,6.233303650935,3922472.7333333334,Consumer Non-Durables,Apparel/Footwear,SZSE:300979,A,132148106.38599999,1.002737992386005,16.12160643019628,0.9799494115108526,2.3254854390919677,stable_or_general,True,0.18,1.1827379923860049,reject_valuation
601958,"Jinduicheng Molybdenum Co., Ltd. Class A",23.15,74695887111.0,21.259987142988336,3.613906750278263,17.9622912356841,14.970402855679698,3157255730.0,,118030729.44999999,6.150901637828744,22.93844160306035,22.94230552105678,1.72786177105832,56400855.099999994,Non-Energy Minerals,Other Metals/Minerals,SSE:601958,A,1305679795.5649998,1.1835899364972435,16.998630930358534,1.2506882013079814,5.364907475785408,cyclical,True,0.0,1.1835899364972435,reject_valuation
603606,Ningbo Orient Wires & Cables Co Ltd Class A,34.34,28323923043.0,20.719198745022325,3.3402232327408026,17.4857363728737,8.67263154894278,340126930.0,,4586653455.84,29.357398310248726,62.868318735218544,62.95349523154067,1.13246651135702,18108674.633333318,Producer Manufacturing,Electrical Products,SSE:603606,A,621851886.9086663,1.1849200001187723,16.12139192179559,1.2851991221062402,7.802613638820899,cyclical,True,0.0,1.1849200001187723,reject_valuation
605090,"Jiangxi Jovo Energy Co., Ltd. Class A",35.2,24871773977.0,15.675796036517482,2.014995689512062,14.1748464092251,9.14830592821822,2193382470.0,,3395307149.45,-8.134388855246248,9.094895856395704,6.421800947867297,1.85227272727273,18552202.80000001,Energy Minerals,Oil & Gas Production,SSE:605090,A,653037538.5600003,1.1058882462610355,12.854184149998108,1.2195092161115328,9.316942287060659,cyclical,True,0.08,1.1858882462610356,reject_valuation
002414,Wuhan Guide Infrared Co. Ltd. Class A,12.85,54878962157.0,29.560616517138257,6.5361471828442665,24.8869919378719,17.1665192766365,949565820.0,,1062111731.3699999,100.00170568999947,,,0.0,95487067.03333335,Electronic Technology,Electronic Equipment/Instruments,SZSE:002414,A,1227008811.3783336,1.1877938720329735,22.110997512703523,1.3369191733730998,11.154399182104434,technology_strict,True,0.0,1.1877938720329735,reject_valuation
601020,"Tibet Huayu Mining Co., Ltd. Class A",23.8,19515158298.0,24.067145312974013,4.4292831447165915,20.2481295068948,9.76601638164558,54720190.0,,2336988788.94,9.352740159573097,148.52871988579867,148.52978135209852,0.331932773109244,30687418.36666668,Distribution Services,Wholesale Distributors,SSE:601020,A,730360557.126667,1.1886107951244969,18.403857570631246,1.3077228630252062,9.108357073849948,stable_or_general,True,0.0,1.1886107951244969,reject_valuation
600600,"Tsingtao Brewery Co., Ltd. Class A",51.14,58912021748.92231,15.154388668286611,2.2252633090457348,15.0164060441361,8.45555610962476,3348251500.0,,330435948.0,-2.8362862460803253,-0.08835203001557816,-0.08586232420429023,4.59522878373094,6579986.766666667,Consumer Non-Durables,Beverages: Alcoholic,SSE:600600,A,336500523.24733335,1.0091887914954454,14.683952997078094,1.032037399690814,2.213932189106116,stable_or_general,True,0.18,1.1891887914954453,reject_valuation
601138,"Foxconn Industrial Internet Co., Ltd. Class A",64.04,1261732483272.0,27.015397595444004,7.2109483905982925,28.65568014687,10.4532449759006,-8476721000.0,,107564271000.0,56.29186828854016,76.42488765256822,76.88978434445188,1.51467832604622,139077024.23333332,Electronic Technology,Telecommunications Equipment,SSE:601138,A,8906492631.902666,0.9427589035395776,26.691994315917004,1.0121161152553575,6.852693151544287,technology_strict,False,0.25,1.1927589035395776,reject_valuation
301606,Ugreen Group Limited Class A,51.77,24276367604.0,24.95060002891706,6.020901611698948,26.446632030220602,18.5528762189657,-169505900.0,,152998501.35,57.268328154479256,62.42625476950526,62.431501487396254,1.15897237782499,3605836.066666667,Producer Manufacturing,Electrical Products,SZSE:301606,A,186674133.17133334,0.9434320408135892,24.131289847622458,1.0339521918002788,8.754771420241326,cyclical,False,0.25,1.1934320408135892,reject_valuation
600993,"Mayinglong Pharmaceutical Group Co., Ltd. Class A",23.39,10082349605.0,16.779053084648496,2.2706357003343336,14.0033807555391,10.5559689427552,638242370.0,,225889538.52,5.431489284492741,7.414732063874277,7.412544305748177,2.6507054296708,6091068.299999996,Health Technology,Pharmaceuticals: Major,SSE:600993,A,142470087.5369999,1.198214443895019,13.532561634314069,1.2399022105395334,3.3621818148363736,health_special,True,0.0,1.198214443895019,reject_valuation
603986,Giga Device Semiconductor Inc. Class A,396.82,279100930784.1557,34.88036847564299,7.46896104798095,29.0860357849576,25.455626034457403,5821946980.0,,76847415.65,110.43929278756084,582.9636379377927,551.1332417582418,0.189002570434958,57822555.59999998,Electronic Technology,Semiconductors,SSE:603986,A,22945146513.19199,1.1992135584761277,21.41307954701378,1.6289281697693654,26.380206277240546,technology_strict,True,0.0,1.1992135584761277,reject_valuation
300832,Shenzhen New Industries Biomedical Engineering Co. Ltd. Class A,52.16,40934037068.0,23.841301764329458,4.558332852680904,19.871284977092,18.315893447618,1683745950.0,,3302610.53,6.716950127107797,1.2089616390098779,1.3339509031959418,2.30061349693252,8281022.933333337,Health Technology,Medical Specialties,SZSE:300832,A,431938156.2026668,1.1997866163066038,19.119479706854456,1.2469639409581947,3.783375212545348,health_special,True,0.0,1.1997866163066038,reject_valuation
002841,Guangzhou Shiyuan Electronic Technology Co. Ltd. Class A,46.83,32742909031.0,15.12890094979647,2.247049757541268,15.8283719805755,7.675463065327611,-1232494380.0,,6407501792.67,23.3393770791436,144.57148248097647,144.8311318516175,1.53747597693786,11346506.633333333,Electronic Technology,Computer Processing Hardware,SZSE:002841,A,531356905.63899994,0.9558090350898111,14.852696603658428,1.0185962423867199,6.164091784767356,technology_strict,False,0.25,1.205809035089811,reject_valuation
600060,"Hisense Visual Technology Co., Ltd. Class A",27.82,35653900378.0,13.95255529364562,1.6418306825223523,12.3789076401806,5.68054344092359,3943127570.0,,3380217019.0299997,-2.6720747249790633,5.094136914709235,5.119148038802191,3.16319194823868,11507047.000000006,Consumer Durables,Electronics/Appliances,SSE:600060,A,320126047.54000014,1.1271233051579712,11.767240107409483,1.1857117868156788,4.9412076618595036,stable_or_general,True,0.08,1.2071233051579713,reject_valuation
600909,"Huaan Securities Co., Ltd. Class A",8.33,41851664524.0,13.054380191192603,1.532139993084218,12.651832835302901,2.86996855376214,932568660.0,,45898718146.33,-6.956432416430782,75.4715807347511,66.77992681651857,1.92076830732293,165584736.8999998,Finance,Investment Banks/Brokers,SSE:600909,A,1379320858.3769984,1.0318173154142898,11.736596993842012,1.1122798369955116,7.234017816826299,financial_special,True,0.18,1.2118173154142897,reject_valuation
603129,Zhejiang CFMoto Power Co. Ltd. Class A,297.99,45249909151.0,26.501898773579036,5.712009596498152,23.5205067395914,8.52030359862851,2664685800.0,,6872148977.7,34.043637736976095,-1.5170454719180757,-2.6695520450119083,1.40944326990839,1878210.9666666666,Consumer Durables,Motor Vehicles,SSE:603129,A,559688085.957,1.1267571344017493,21.55320886740658,1.2296033939362048,8.364181494752076,stable_or_general,True,0.1,1.2267571344017494,reject_valuation
002901,"Double Medical Technology, Inc. Class A",45.18,18528974702.0,26.12920016193395,5.195283078532947,21.2833461207076,14.896981477212401,704121170.0,,421492817.17,14.62861174638364,53.128128702436385,52.86888869242331,1.32802124833997,2258950.966666667,Health Technology,Medical Specialties,SZSE:002901,A,102059404.67400001,1.2276829035126007,19.88305438488561,1.3141441780593044,6.579283764311739,health_special,True,0.0,1.2276829035126007,reject_valuation
002056,"Hengdian Group DMEGC Magnetics Co., Ltd Class A",21.3,34204128071.0,19.166741653918834,3.215691366095139,16.9186693310648,6.5961961904266,1083445510.0,,8595124960.57,9.874289023233338,-19.239474345996996,-19.025065578548535,4.60093896713615,31152618.166666668,Producer Manufacturing,Metal Fabrication,SZSE:002056,A,663550766.95,1.1328752444334549,16.777454531180883,1.142410585485269,0.8346684784756087,cyclical,True,0.1,1.232875244433455,reject_valuation
002460,"Ganfeng Lithium Group Co., Ltd. Class A",55.0,97613457733.8356,17.956252040483186,2.381502910196556,14.479577962026099,5.56648565437502,290187630.0,,40934483555.240005,113.65013000461406,,,0.272727272727273,43753516.10000005,Process Industries,Chemicals: Specialty,SZSE:002460,A,2406443385.500003,1.2401087992740503,13.262806207149184,1.3538802995405335,8.40336478085203,cyclical,True,0.0,1.2401087992740503,reject_valuation
603766,"Loncin Motor Co., Ltd. Class A",14.72,30120340546.0,19.234287207630995,3.261471650455321,16.8400033126564,9.14968894194468,2066010720.0000002,,2733867373.82,1.7959561574963645,-2.5759893904819076,-2.148062907556583,4.7554347826087,20166124.466666684,Consumer Durables,Motor Vehicles,SSE:603766,A,296845352.1493336,1.142178350593027,16.956550639221856,1.1343278250908266,0.6920861261224598,stable_or_general,True,0.1,1.242178350593027,reject_valuation
603337,Jack Technology Co. Ltd. Class A,37.79,17950544516.0,19.713093375065206,3.173608743338277,17.2586018236595,10.2066956300408,1152004730.0,,1273366675.6499999,14.490812282634325,-0.3080138623887089,1.5844417359970344,1.19079121460704,5477728.233333341,Producer Manufacturing,Industrial Machinery,SSE:603337,A,207003349.93766695,1.1422184471537484,16.098989047312717,1.2244926260357798,6.719042412561437,cyclical,True,0.1,1.2422184471537485,reject_valuation
000603,"Shengda Resources Co., Ltd. Class A",38.59,26625917721.0,31.23684636554962,7.089019643142536,25.1180110153065,10.8014566207792,839211150.0,,2827071447.75,30.942253636541512,125.72432755832345,125.72629270966564,0.310961388960871,73335634.26666667,Non-Energy Minerals,Other Metals/Minerals,SZSE:000603,A,2830022126.350667,1.2436034981637043,22.694415307432728,1.3764111541273827,9.648836073831134,cyclical,True,0.0,1.2436034981637043,reject_valuation
000166,"Shenwan Hongyuan Group Co., Ltd. Class A",4.58,108814425023.47249,10.470964791952445,0.9973824155818137,9.80363095246509,1.45333537924561,15868099140.0,,410896141317.14996,-6.640537895043906,48.68801450086499,48.67437117607069,1.76855895196507,68522665.76666658,Finance,Investment Banks/Brokers,SZSE:000166,A,313833809.2113329,1.0680700694184695,9.525219837892694,1.0992885172368876,2.839877550698622,financial_special,True,0.18,1.2480700694184694,reject_valuation
300850,"Luoyang Xinqianglian Slewing Bearing Co., Ltd. Class A",24.62,10194793875.0,12.849686847599166,1.4257503720733606,12.8250192672373,7.067970644095201,-342881110.0,,3811958393.0,33.68879979013497,177.18880819385564,138.96233474681964,1.19821283509342,14566170.099999992,Producer Manufacturing,Metal Fabrication,SZSE:300850,A,358619107.8619998,1.0019233951893454,11.095604032869858,1.1580880869155907,13.484698918039017,cyclical,False,0.25,1.2519233951893454,reject_valuation
601000,Tangshan Port Group Co. Ltd. Class A,4.57,27081495226.0,12.76179838034069,1.2701536135453408,10.1553040023767,8.52928226681092,2055537429.9999998,,145998274.22,13.822557477094804,20.57453036442732,20.57239057239057,4.37636761487965,45102000.69999998,Transportation,Other Transportation,SSE:601000,A,206116143.1989999,1.256663353194939,9.952779190603643,1.2822346538531693,1.9942762100047307,stable_or_general,True,0.0,1.256663353194939,reject_valuation
600461,"Jiangxi Hongcheng Environment Co., Ltd. Class A",9.0,11504445557.0,11.74934725848564,1.1568093655286233,12.0226358257997,4.68242679291187,1055062750.0,,8016891121.280001,-9.16385654036818,-2.356481471006784,-9.882352941176467,5.18888888888889,10851512.233333329,Utilities,Water Utilities,SSE:600461,A,97663610.09999996,0.9772688309557208,9.84573304438806,1.193344081696651,18.106701500016875,stable_or_general,True,0.28,1.257268830955721,reject_valuation
000688,"GuoCheng Mining Co., Ltd. Class A",31.5,36014837435.0,36.83348924228251,11.02751978827162,29.255300762335203,8.50771369369367,703151520.0,,8712351844.33,145.94941765459038,176.71980435915918,179.56848643347496,0.412698412698413,23152054.2,Non-Energy Minerals,Other Metals/Minerals,SZSE:000688,A,729289707.3,1.2590364235702496,29.93884102517425,1.2302910861282457,2.336466366871459,cyclical,True,0.0,1.2590364235702496,reject_valuation
000429,"Guangdong Provincial Expressway Development Co., Ltd. Class A",13.39,26042775887.0,17.56065573770492,2.6461300101576612,15.117087336125397,6.02977261473637,8491350.0,,11037724069.78,0.30801444930402017,-9.609632029453339,-9.613560929350411,3.9058999253174,9605734.2,Industrial Services,Engineering & Construction,SZSE:000429,A,128620780.938,1.1616428050752947,15.068514807656584,1.1653872967481862,0.3213087772056422,cyclical,True,0.1,1.2616428050752948,reject_valuation
300009,"Anhui Anke Biotechnology (Group) Co., Ltd. Class A",8.52,14234371629.0,20.184790334044067,3.340848936378786,17.0352395315354,13.911121532461202,716598720.0,,124636477.7,-3.0516558144156902,6.644004945114794,4.973887092762984,2.93427230046948,44713547.63333336,Health Technology,Pharmaceuticals: Major,SZSE:300009,A,380959425.8360002,1.1848844447815519,16.551318498186447,1.2195276368016086,2.840705776124408,health_special,True,0.08,1.264884444781552,reject_valuation
002352,"S.F. Holding Co., Ltd. Class A",33.67,161990536150.0,14.90416537559205,1.6673607813172397,11.7297061276926,5.39166486365534,17341346000.0,,47057519000.0,8.164607066764779,8.727342488145416,4.947505342376663,2.64330264330264,20516191.333333332,Transportation,Air Freight/Couriers,SZSE:002352,A,690780162.1933333,1.2706341670747305,11.187213368202483,1.3322500326984281,4.6249475782632725,stable_or_general,True,0.0,1.2706341670747305,reject_valuation
002130,"Shenzhen Woer Heat-Shrinkable Material Co., Ltd. Class A",17.16,23645984985.48,19.41176470588235,2.590830031887139,15.265227367592102,8.56864971481883,200266710.0,,3372475431.21,17.988305277728898,16.86034654045363,11.714899532415014,0.961538461538462,32661575.666666757,Producer Manufacturing,Electrical Products,SZSE:002130,A,560472638.4400016,1.2716328580269496,13.346700164267082,1.45442427468725,12.567956946373627,cyclical,True,0.0,1.2716328580269496,reject_valuation
600426,"Shandong Hualu-Hengsheng Chemical Co., Ltd. Class A",21.81,59796783304.0,14.655288267705952,1.716680769003719,12.2560457622204,8.2012488441056,1274538400.0,,11189908553.44,-1.95864100626397,26.24980751642953,26.097271648873075,1.56001375515818,45860981.23333336,Process Industries,Chemicals: Specialty,SSE:600426,A,1000228000.6990005,1.1957599173528939,11.713729117062515,1.251120639827558,4.424890830855011,cyclical,True,0.08,1.275759917352894,reject_valuation
688123,Giantec Semiconductor Corporation Class A,135.82,21582146506.0,31.76333021515435,6.91067914137025,24.8639039365734,23.7937408442628,284621550.0,,4418405.38,14.936078489520213,93.99652283056025,92.22297145425938,0.515388013547342,11384687.2,Electronic Technology,Semiconductors,SSE:688123,A,1546268215.5039997,1.2774876502169992,21.75678398505315,1.4599276362248974,12.496508832427766,technology_strict,True,0.0,1.2774876502169992,reject_valuation
601827,Chongqing Sanfeng Environment Group Corp. Ltd. Class A,8.15,13626255167.0,11.233631977946244,1.111438405856394,10.2249246273785,4.7806834378223,2303325040.0,,8289765833.089999,-0.447481978579632,2.811314777181014,2.8932066373564154,3.2638036809816,8964876.0,Industrial Services,Engineering & Construction,SSE:601827,A,73063739.4,1.0986518128326153,9.893847404279924,1.1354159326418103,3.2379429204991594,cyclical,True,0.18,1.2786518128326152,reject_valuation
600398,HLA Group Corp. Ltd. Class A,5.95,28576483605.0,13.78271948112115,1.6033370969089278,11.6626821046852,6.34596529739896,3991075450.0,,3275839433.9900002,6.481449023652407,-1.389360373822084,-1.393330287802661,6.89075630252101,31325464.833333332,Consumer Non-Durables,Apparel/Footwear,SSE:600398,A,186386515.75833333,1.1817795732925171,11.632951676228304,1.1847998568829141,0.2549193074974698,stable_or_general,True,0.1,1.2817795732925172,reject_valuation
002287,"Tibet Cheezheng Tibetan Medicine Co., Ltd. Class A",20.45,11673385461.0,17.430958063416295,2.2739883531765224,14.4798977436341,9.75534178148582,392324820.0,,932915201.83,-11.356069122105527,7.5344187336677875,1.251402433761971,3.08068459657702,2662102.6,Health Technology,Pharmaceuticals: Other,SZSE:002287,A,54439998.17,1.2038039475161066,13.045687706340814,1.3361471204729234,9.904835397914447,health_special,True,0.08,1.2838039475161067,reject_valuation
000893,"Asia-Potash International Investment (Guangzhou) Co., Ltd. Class A",48.8,45093698270.0,20.558621561275643,3.0499180334528506,15.963270816893402,10.7335876672588,1512947510.0,,4096751362.96,51.51996011058163,41.19117967571443,41.174021648626145,0.225409836065574,16832826.0,Non-Energy Minerals,Other Metals/Minerals,SZSE:000893,A,821441908.8,1.2878702489667175,14.8352263032931,1.3857976373917582,7.066499883009769,cyclical,True,0.0,1.2878702489667175,reject_valuation
000686,"Northeast Securities Co., Ltd. Class A",8.14,19051285266.0,10.672610462829422,0.9323122948397545,8.97977919888845,1.55755908103601,8949199010.0,,58371568920.99,1.2867264137110028,52.29432736416173,52.29632587859425,3.07125307125307,19580904.433333356,Finance,Investment Banks/Brokers,SZSE:000686,A,159388562.08733353,1.1885159118556632,8.73556004022458,1.2217431296545749,2.719656611312893,financial_special,True,0.1,1.2885159118556633,reject_valuation
301589,"Xi'an Novastar Tech Co., Ltd. Class A",143.1,12965085259.0,20.713913496612818,3.092541550489252,16.048638222545,10.7007050231727,642958090.0,,1235542400.94,15.1655954439695,11.140790328494719,12.633895818048432,1.02026554856744,732603.4333333346,Distribution Services,Electronics Distributors,SZSE:301589,A,104835551.31000018,1.2906960210190341,14.929779208525472,1.3874226274414283,6.971675717929548,stable_or_general,True,0.0,1.2906960210190341,reject_valuation
002378,"Chongyi Zhangyuan Tungsten Co., Ltd. Class A",25.79,30765346062.0,35.90421829319226,10.742968541722206,34.1923039960293,11.1599458447814,-423431610.0,,4547021856.64,103.11413696906982,393.4555664211625,393.33791208791206,0.465296626599457,40009360.80000003,Non-Energy Minerals,Other Metals/Minerals,SZSE:002378,A,1031841415.0320007,1.0500672402000684,29.921187683284458,1.1999596631403182,12.49145513341493,cyclical,False,0.25,1.3000672402000684,reject_valuation
000690,"Guangdong Baolihua New Energy Stock Co., Ltd Class A",4.9,10661849915.0,9.704892057833234,0.8208915216983408,8.65121723452761,4.98523106974636,1671609670.0,,7756088602.86,-1.1427316085417663,22.330927029327636,22.31104651162791,5.10204081632653,66692016.23333336,Utilities,Electric Utilities,SZSE:000690,A,326790879.5433335,1.1217949792198414,8.458533251132495,1.147349282635245,2.22724708178752,stable_or_general,True,0.18,1.3017949792198413,reject_valuation
600406,"NARI Technology Co., Ltd. Class A",23.01,184029173100.0,21.912198838205885,3.5380948719920045,16.6625555862844,9.16629374145996,8714823030.0,,2201657004.48,13.442419395849015,6.956868259084676,6.771733604473818,2.70317253368101,61666884.233333446,Producer Manufacturing,Electrical Products,SSE:600406,A,1418955006.2090027,1.3150563084238212,16.14669024371492,1.3570706136965238,3.09595571878607,cyclical,True,0.0,1.3150563084238212,reject_valuation
002842,"Guangdong Xianglu Tungsten Co., Ltd. Class A",40.13,13129429737.0,34.02000678195999,8.99386588314922,31.9390310768359,12.9855208605615,-475214370.0,,1714093347.17,74.11804020309467,,,0.343882382257663,38964300.53333317,Producer Manufacturing,Metal Fabrication,SZSE:002842,A,1563637380.4026601,1.065154628520755,26.43699027102621,1.2868335779978872,17.226699183746064,cyclical,False,0.25,1.315154628520755,reject_valuation
688257,Shareate Tools Ltd. Class A,56.55,19958032046.0,28.841740194828375,6.999983908082969,26.9848743801172,13.0364171077622,-92517110.0,,2324249976.97,60.98777776518878,276.16076803800127,274.9665327978581,0.276076038903625,18044269.6,Producer Manufacturing,Industrial Machinery,SSE:688257,A,1020403445.88,1.0688113566346389,24.270324400668926,1.1883541282222603,10.059524240173555,cyclical,False,0.25,1.3188113566346389,reject_valuation
688002,"Raytron Technology Co., Ltd. Class A",161.7,75279377324.0,38.68421052631579,9.211476006583045,29.3235003231475,18.7845484650206,2270353950.0,,1893785038.94,69.41104423049151,192.24807496615693,171.92297684100964,0.235003092145949,12952547.6,Electronic Technology,Aerospace & Defense,SSE:688002,A,2094426946.9199998,1.3192221290095814,23.811978792527597,1.6245693339209264,18.795578528765176,technology_strict,True,0.0,1.3192221290095814,reject_valuation
002216,"Sanquan Foods Co., Ltd. Class A",12.21,10731831604.0,17.958523312251803,2.443074952979311,13.5818872424661,8.81998930397803,425047890.0,,543469984.5300001,5.2711791385418625,14.186682100016796,14.442013129102843,4.75020475020475,8519401.100000003,Consumer Non-Durables,Food: Specialty/Candy,SZSE:002216,A,104021887.43100005,1.3222406423829967,13.603985753731644,1.3200927755548177,0.16270574825896222,stable_or_general,True,0.0,1.3222406423829967,reject_valuation
000513,"Livzon Pharmaceutical Group, Inc. Class A",26.76,20970665427.01978,14.159479337531089,1.7776974699033694,12.3827073636357,7.010920208674351,2882163990.0,,4237099116.48,-8.928996256402527,-22.883628682176823,-21.697878687437864,5.34379671150972,7687965.399999994,Health Technology,Pharmaceuticals: Major,SZSE:000513,A,205729954.10399985,1.1434881663369705,12.55482230332727,1.1278120068476438,1.3899621030940335,health_special,True,0.18,1.3234881663369704,reject_valuation
002003,"Zhejiang Weixing Industrial Development Co., Ltd. Class A",12.05,13654652858.0,20.40989159891599,3.1591973279220613,15.420761881342601,9.77451621858522,377808410.0,,1454725580.27,8.613340500362542,5.286657220352766,3.1446540880503173,4.149377593361,15710200.333333336,Producer Manufacturing,Miscellaneous Manufacturing,SZSE:002003,A,189307914.0166667,1.3235332829832278,15.478756036557549,1.318574409384846,0.3760784043044918,cyclical,True,0.0,1.3235332829832278,reject_valuation
000977,"IEIT SYSTEMS Co., Ltd.Class A",77.44,113718834440.0,24.9147416511164,4.6350580130420855,20.310725949886,4.22579375526082,3360946480.0,,21537589578.890003,10.5117236469951,83.12127165126431,83.51538052783847,0.0516528925619835,92803410.63333344,Electronic Technology,Computer Processing Hardware,SZSE:000977,A,7186696119.445342,1.2266790321818233,18.60367680286339,1.3392375020878473,8.404668307939955,technology_strict,True,0.1,1.3266790321818234,reject_valuation
601233,"Tongkun Group Co., Ltd. Class A",27.45,65303592025.0,12.583085033234012,1.518536098009473,12.8637249569329,4.3961467044532,-672976890.0,,68009559783.13,5.339115194801705,318.29272944985667,318.6336595663021,0.437158469945355,41069439.133333325,Process Industries,Textiles,SSE:601233,A,1127356104.2099998,0.9781836190809072,12.06807467325197,1.0426754369629088,6.185224624630314,cyclical,False,0.35,1.328183619080907,reject_valuation
000538,Yunnan Baiyao Group Co. Ltd. Class A,50.0,89206165019.0,17.084671632611222,2.1773561061556905,12.8330350197492,9.52171764241688,4649036920.0,,1993376419.46,2.4738000601193333,0.5439351449760038,0.5462603497440564,3.166,9610751.400000004,Health Technology,Pharmaceuticals: Major,SZSE:000538,A,480537570.0000002,1.3313040606776987,12.744500760550487,1.3405524432542202,0.689893381125084,health_special,True,0.0,1.3313040606776987,reject_valuation
300428,"Lizhong Sitong Light Alloys Group Co., Ltd. Class A",19.63,13457965113.0,12.426410077862885,1.471440339952941,12.637385692629902,4.26929971902084,-1158961980.0,,14821771521.16,25.119385522898867,46.216017171446445,40.25570451922223,1.98675496688742,7601530.033333389,Producer Manufacturing,Metal Fabrication,SZSE:300428,A,149218034.55433443,0.9833054383320707,11.841234360792976,1.0494184727064824,6.299968610606221,cyclical,False,0.35,1.3333054383320708,reject_valuation
002078,"Shandong Sunpaper Co., Ltd. Class A",14.71,40906752654.0,12.015028996161073,1.3037428320733147,11.0572244669028,5.84193002887136,-758149710.0,,21949851421.980003,4.282666846377976,9.544661191077939,9.517845961177212,2.03942895989123,22849794.36666667,Process Industries,Pulp & Paper,SZSE:002078,A,336120475.13366675,1.08662250930378,10.850933713850164,1.1072806555646961,1.8656648752145677,cyclical,False,0.25,1.33662250930378,reject_valuation
000550,"Jiangling Motors Co., Ltd. Class A",16.34,11205688498.0,11.699842474581125,1.1671870435095042,10.2873958803536,3.7203507151625894,2080894220.0000002,,747669221.0,4.91072013886344,-13.158379485025293,-12.433381403222768,3.4015299877601,3824120.7333333334,Consumer Durables,Motor Vehicles,SZSE:000550,A,62486132.78266667,1.1372987499124974,9.976091952052471,1.1727881550023216,3.0260712421463665,stable_or_general,True,0.2,1.3372987499124973,reject_valuation
600377,Jiangsu Expressway Co. Ltd. Class A,12.37,57400380289.37368,13.33405195645144,1.5001285477979518,11.442319746522,4.71995895362115,785958590.0,,38820930628.42999,-10.896557709674198,1.1080661309121902,1.1117166212534046,3.96119644300728,11359351.033333333,Transportation,Other Transportation,SSE:600377,A,140515172.2823333,1.165327682833234,11.25035775094713,1.1852113729742408,1.6776492863977088,stable_or_general,True,0.18,1.345327682833234,reject_valuation
601216,"Inner Mongolia Junzheng Energy & Chemical Group Co., Ltd. Class A",4.7,39658681008.0,12.940528634361232,1.443794907397452,11.0445167744846,7.16745183646859,3773608740.0,,6819075434.63,-2.6743994148378216,-4.530685017180111,-4.521556256572028,8.08510638297872,54937778.56666648,Process Industries,Chemicals: Specialty,SSE:601216,A,258207559.26333246,1.171669969686393,11.157155539718184,1.159841196826059,1.019861416606327,cyclical,True,0.18,1.351669969686393,reject_valuation
000729,"Beijing Yanjing Brewery Co., Ltd. Class A",11.55,32554129529.0,16.481164383561644,1.9285839518438432,12.1180783230785,7.69541378508058,1558635970.0,,742852511.64,6.311742737932323,41.06757701463925,41.06280193236714,2.5974025974026,28295779.0,Consumer Non-Durables,Beverages: Alcoholic,SZSE:000729,A,326816247.45000005,1.3600476861231194,11.701745744174591,1.408436377261603,3.435632018576862,stable_or_general,True,0.0,1.3600476861231194,reject_valuation
301500,"Guangdong Feinan Resources Recycling Co., Ltd. Class A",23.89,13425033162.0,17.25781983674059,2.4831150257042425,15.4621848909863,5.50425259003969,-1412335980.0,,8094148704.469999,34.804810492300604,280.7200677177887,282.1921590281612,0.230221850146505,12488255.466666665,Commercial Services,Miscellaneous Commercial Services,SZSE:301500,A,298344423.0986666,1.1161307382115873,14.388347133036344,1.199430322133096,6.9449289703937716,financial_special,False,0.25,1.3661307382115873,reject_valuation
603194,"Zhejiang E-P Equipment Co., Ltd. Class A",34.05,13654049694.0,16.267736849648845,2.4398720231590785,15.7879430649515,9.23620765007833,-359717000.0,,2578441433.63,13.122739773250222,-3.6731323903978117,,1.90895741556535,1267350.8,Producer Manufacturing,Electrical Products,SSE:603194,A,43153294.739999995,1.0303898856693032,14.998226524740874,1.084644029266647,5.0020229802054335,cyclical,False,0.35,1.3803898856693033,reject_valuation
300760,"Shenzhen Mindray Bio-Medical Electronics Co., Ltd. Class A",164.3,198597749026.0,25.31860138998043,4.9091992358023155,19.7590644233314,13.1425428389637,9023962630.0,,311080233.0,4.3650340471944595,-14.305171297028336,-14.29307270686126,2.56847230675593,10041300.066666666,Health Technology,Medical Specialties,SZSE:300760,A,1649785600.9533334,1.2813664072112827,19.389693609794257,1.3057762489445073,1.869374002855062,health_special,True,0.1,1.3813664072112828,reject_valuation
600098,Guangzhou Development Group Incorporated Class A,6.25,21512405396.0,9.12142440163456,0.7886276113037466,8.81278462559738,2.94196982996143,-2040141350.0,,39563145970.4,6.771870290666997,38.341548223901086,38.340399757722594,5.6,23508840.066666666,Utilities,Electric Utilities,SSE:600098,A,146930250.41666666,1.0350218221764675,8.645882228245235,1.0550021571929091,1.8938667452210844,stable_or_general,False,0.35,1.3850218221764674,reject_valuation
688016,"Shanghai MicroPort Endovascular MedTech Co., Ltd Class A",90.43,11146593140.0,19.138624338624343,2.566659201982711,13.780172240734402,11.936635402499,304359030.0,,17806806.85,26.162210065087198,38.1916451825642,39.179357271200914,2.54340373769767,1590164.099999998,Health Technology,Medical Specialties,SSE:688016,A,143798539.56299984,1.3888523310362024,13.410886574553032,1.4270961306122452,2.679833457304348,health_special,True,0.0,1.3888523310362024,reject_valuation
002315,"Focus Technology Co., Ltd. Class A",25.43,10487500376.0,22.35800949534025,3.791532790123825,17.295524288877,10.4038157275032,938211490.0,,11225421.75,14.834549798332267,-8.428994396784567,-8.444015133220638,3.47864726700747,9759796.66666667,Commercial Services,Miscellaneous Commercial Services,SZSE:002315,A,248191629.2333334,1.292704928853704,16.958275247687137,1.318412938154755,1.9499208902661214,financial_special,True,0.1,1.3927049288537041,reject_valuation
600761,"Anhui Heli Co., Ltd. Class A",16.39,14598453613.0,13.263737153030672,1.322482361522622,10.1637400616557,5.4796434687683,1156648030.0,,3141233693.26,21.99616390483073,-16.13831421618344,-16.138445877163218,3.6607687614399,12119140.633333307,Producer Manufacturing,Trucks/Construction/Farm Machinery,SSE:600761,A,198632714.9803329,1.3050055464395627,9.9706617091733,1.330276519243216,1.899678182550335,cyclical,True,0.1,1.4050055464395628,reject_valuation
600362,Jiangxi Copper Company Limited Class A,49.01,148075215778.4094,14.601519439892744,1.9307110697384184,13.8370927543094,4.27778106476984,-8513342450.0,,150057026120.0,17.833726935169288,54.087800212003515,54.0880503144654,2.040399918384,64392109.6,Non-Energy Minerals,Other Metals/Minerals,SSE:600362,A,3155857291.496,1.0552447467944648,13.222672323152421,1.104279005260231,4.44038673489141,cyclical,False,0.35,1.4052447467944646,reject_valuation
000338,"Weichai Power Co., Ltd. Class A",27.64,239858574056.6398,18.490767995718493,2.491338003540512,13.9935318864845,3.4845384987280106,28048806280.0,,99031438878.52,11.981143622157083,16.55732616785541,16.453723901526942,2.5506512301013,95797871.83333315,Producer Manufacturing,Auto Parts: OEM,SZSE:000338,A,2647853177.473328,1.3213796306547596,13.473415512635155,1.3723890559433978,3.716834163587357,cyclical,True,0.1,1.4213796306547597,reject_valuation
000425,"XCMG Construction Machinery Co., Ltd. Class A",7.95,93104116956.0,14.085754783841248,1.4905532671240196,10.6472020182397,3.71846085968404,11585946680.0,,71510766761.12,10.072596891979384,3.251519229581383,3.407841700256516,2.51572327044025,112180201.06666645,Producer Manufacturing,Trucks/Construction/Farm Machinery,SZSE:000425,A,891832598.4799984,1.3229536510823192,10.581990741695554,1.3311063227772475,0.6124733656075132,cyclical,True,0.1,1.4229536510823193,reject_valuation
600642,"Shenergy Co., Ltd. Class A",8.48,41102383875.0,11.465657111952407,1.1301573424243474,10.0247811385125,3.3039448451505202,4910739640.0,,55994724162.69,-3.818232883918684,-5.487982049605493,-5.057766367137354,5.42452830188679,27175254.00000011,Utilities,Electric Utilities,SSE:600642,A,230446153.92000097,1.1437314145347723,9.856891161050086,1.1632123074727074,1.674749554555599,stable_or_general,True,0.28,1.4237314145347724,reject_valuation
002236,Zhejiang Dahua Technology Co. Ltd. Class A,16.27,52494163435.0,14.092680814205282,1.3604691319002835,9.8837103035324,7.11348765869798,1562333390.0,,6215660880.780001,5.448451266171067,5.421083099128573,5.107428987618357,3.41118623232944,40241331.86666667,Electronic Technology,Telecommunications Equipment,SZSE:002236,A,654726469.4706666,1.4258492389410293,9.653728412900293,1.4598174105844133,2.326878101130836,technology_strict,True,0.0,1.4258492389410293,reject_valuation
600160,"Zhejiang Juhua Co., Ltd. Class A",40.54,109447709112.0,24.97228039916225,4.961661556914076,21.2255064995751,11.8621964854881,-2112362659.9999998,,10808678448.06,5.179587050944382,37.9869840293247,37.98555036124095,1.38135175135669,38117301.06666663,Process Industries,Chemicals: Specialty,SSE:600160,A,1545275385.2426653,1.176522237509958,19.868676298703285,1.2568668402329375,6.392451463520921,cyclical,False,0.25,1.426522237509958,reject_valuation
300059,"East Money Information Co., Ltd Class A",19.42,306508387075.0,21.06062249213751,3.1224374949754807,15.8504527397759,3.3854147928139304,15693791810.0,,167810184650.00998,28.532040347565648,31.108585039965547,30.887154009936125,0.514933058702369,247011504.06666654,Technology Services,Internet Software/Services,SZSE:300059,A,4796963408.974665,1.32870794531231,14.825950639118904,1.4205242553936583,6.463551025808001,technology_strict,True,0.1,1.4287079453123102,reject_valuation
603288,Foshan Haitian Flavouring and Food Company Ltd. Class A,34.12,189314335670.58792,27.241516966067863,5.097688261123553,18.6881630191231,15.554758865937202,7066021520.0,,2536590713.9900002,6.4870112389631585,7.4875711547517225,2.554654875951846,3.10668229777257,19118322.133333337,Consumer Non-Durables,Food: Specialty/Candy,SSE:603288,A,652317151.1893334,1.457688320579842,18.712938297354192,1.4557583920382786,0.1325720361372129,stable_or_general,True,0.0,1.457688320579842,reject_valuation
601088,China Shenhua Energy Co. Ltd. Class A,47.63,990405906215.1184,17.07964284433607,2.2909557032195074,13.3550587948234,7.094990206263631,34322000000.0,,169784000000.0,-0.10562435247365885,-3.1328704649104893,-5.710711387611571,4.22002939323955,32344708.033333335,Energy Minerals,Coal,SSE:601088,A,1540578443.627667,1.2788893786792142,13.41337008097468,1.2733297255819085,0.43662320808264266,cyclical,True,0.18,1.458889378679214,reject_valuation
600839,"Sichuan Changhong Electric Co., Ltd. Class A",6.97,32175222893.0,15.008613264427218,1.9230928409627053,13.516460840922202,2.02266038786638,-895934620.0,,42450999008.03,1.400660067953079,130.96893134129326,131.96803196803197,1.43472022955524,82063518.93333365,Electronic Technology,Computer Peripherals,SSE:600839,A,571982726.9653355,1.1103952018998495,12.813261339212055,1.1713343595433265,5.20254162673377,technology_strict,False,0.35,1.4603952018998494,reject_valuation
600549,Xiamen Tungsten Co. Ltd. Class A,54.59,85988686207.0,24.496297958267895,4.636487175131647,20.237343524918,5.97950573296561,-2311013640.0,,27876068212.64,66.88142480216392,110.14912730156021,102.02157555978606,1.06979300238139,65684172.8,Non-Energy Minerals,Other Metals/Minerals,SSE:600549,A,3585698993.152,1.2104502712080711,18.927297435026333,1.2942311517193008,6.47340935967522,cyclical,False,0.25,1.4604502712080711,reject_valuation
002437,"Harbin Gloria Pharmaceuticals Co., Ltd. Class A",4.86,10967309263.0,26.37004883342377,4.460393358969887,19.0437695293164,13.673160146020798,262291380.0,,21551052.53,-11.48685249300375,70.97204452613671,71.28252788104088,0.0,370645936.0000001,Health Technology,Pharmaceuticals: Major,SZSE:002437,A,1801339248.9600008,1.384707412722525,16.914619260455765,1.559009305936528,11.180298446602045,health_special,True,0.08,1.464707412722525,reject_valuation
600801,"Huaxin Building Materials Group Co., Ltd. Class A",23.97,41221876318.61785,14.881728441050473,1.5007710469521574,10.8728484331225,4.50105290945355,5274183900.0,,26885256381.0,14.024702344863845,24.14399552836559,23.62422288740503,2.29453483521068,14525748.066666586,Non-Energy Minerals,Construction Materials,SSE:600801,A,348182181.1579981,1.3687055910496757,10.08465550824297,1.4756803967063115,7.2491852500989555,cyclical,True,0.1,1.4687055910496758,reject_valuation
600079,"Humanwell Healthcare (Group) Co.,Ltd. Class A",18.66,30041009828.0,15.001205884717422,1.577365731602683,10.7864197409032,5.4324169257454,2088595330.0,,8449645192.68,-2.5444013246988377,47.8334620262786,47.8369384359401,2.51875669882101,9804585.966666685,Health Technology,Pharmaceuticals: Major,SSE:600079,A,182953574.13800034,1.3907493167386509,10.514926224761936,1.426658215574599,2.516993800192402,health_special,True,0.08,1.470749316738651,reject_valuation
002318,"Zhejiang Jiuli Hi-Tech Metals Co., Ltd. Class A",19.86,19121742731.0,17.730559771448977,2.3918489257153865,13.6233415891645,7.62416343777883,999551510.0,,1775237286.0,-19.31802369725986,-35.80602592389665,-35.68557648139642,5.03524672708963,11219568.833333334,Non-Energy Minerals,Steel,SZSE:002318,A,222820637.03,1.3014839021251001,13.48997976683688,1.3143503606311504,0.978921518298348,cyclical,True,0.18,1.4814839021251,reject_valuation
000997,"Newland Digital Technology Co., Ltd. Class A",20.51,20389665991.0,18.564446053584362,2.664425310351637,14.9926857614988,7.730362614370441,-951879300.0,,1624513361.3200002,27.64422138902431,2.8109856302350833,3.9420453476338366,1.21891760117016,27192210.63333335,Electronic Technology,Computer Peripherals,SZSE:000997,A,557712240.0896671,1.2382335192576261,14.35230172050945,1.2934821476791947,4.271309698452141,technology_strict,False,0.25,1.4882335192576261,reject_valuation
601326,"Qinhuangdao Port Co., Ltd. Class A",3.43,18014596984.24593,11.876731301939058,0.9243464224020611,7.97810955206959,5.79551393442215,1779748510.0,,4110414719.01,4.2302372238178805,3.9823443196799237,3.9971191933741443,3.35276967930029,23668806.133333333,Transportation,Other Transportation,SSE:601326,A,81184005.03733334,1.488664855304993,7.782835183373623,1.5260160368436397,2.4476270653028376,stable_or_general,True,0.0,1.488664855304993,reject_valuation
603713,"Milkyway Intelligent Supply Chain Service Group Co., Ltd. Class A",64.51,11118382931.0,16.15253643146878,2.080139041381901,14.0506176618482,4.31448360337311,-700517910.0,,7295920921.68,8.533104361103556,8.250595394130732,13.586075481357188,1.55014726399008,3122213.9,Transportation,Airlines,SSE:603713,A,201414018.689,1.1495961829014778,12.878095339437351,1.2542643928100077,8.34498774808038,cyclical,False,0.35,1.499596182901478,reject_valuation
600795,"GD Power Development Co., Ltd Class A",5.19,92566864360.0,14.266080263881253,1.5363938852115429,10.9750514751588,1.25051905688142,10450464510.0,,325364595330.91,0.3566593938378759,-4.5969330235327375,-4.589562024652494,4.64354527938343,137565277.96666852,Utilities,Electric Utilities,SSE:600795,A,713963792.6470096,1.2998645424280195,10.769558678997289,1.3246671185981702,1.8723629372183748,stable_or_general,True,0.2,1.4998645424280195,reject_valuation
300438,"Guangzhou Great Power Energy & Technology Co., Ltd. Class A",60.86,30468894021.0,27.982895765322542,4.876676808380896,19.6830135932365,4.99982962627899,794702560.0,,7969423954.16,119.38362454194822,,,0.0985869208018403,22601384.700000007,Producer Manufacturing,Electrical Products,SZSE:300438,A,1375520272.8420005,1.4216774089379312,17.427348653545206,1.6056886404019952,11.459957231683193,cyclical,True,0.1,1.5216774089379312,reject_valuation
688188,Shanghai BOCHU Electronic Technology Corporation Limited Class A,99.01,40154233350.0,31.850350640159558,6.333632284700641,20.8997915200407,19.6061153888116,1077947510.0,,25495674.189999998,21.636818366274102,22.094012963982486,22.001569858712717,1.47397636602363,2896646.299999998,Producer Manufacturing,Industrial Machinery,SSE:688188,A,286796950.1629998,1.5239554236518782,19.885596727825888,1.6016794002259638,4.8526550671201925,cyclical,True,0.0,1.5239554236518782,reject_valuation
002028,"Sieyuan Electric Co., Ltd. Class A",143.18,112048839824.0,34.086418283537675,6.8099686754758375,22.2673587756557,11.3611690547402,2413967250.0,,3981814532.91,34.00269838346021,35.30215658820864,33.07882397668229,0.488818969129767,11651651.86666664,Electronic Technology,Electronic Equipment/Instruments,SZSE:002028,A,1668283514.2693295,1.530779587599919,19.978539894773192,1.706151623845915,10.278807217067943,technology_strict,True,0.0,1.530779587599919,reject_valuation
688213,Smartsens Technology (Shanghai) Co. Ltd. Class A,97.97,39353402282.0,34.73374459334893,7.294042144181853,22.6273126758124,10.7101371175444,1963033910.0,,3973357431.59,34.9001955111628,77.05686710697884,76.59654395191588,1.02582423190773,8075982.566666666,Electronic Technology,Semiconductors,SSE:688213,A,791204012.0563333,1.5350362233018404,20.99987268743425,1.6539978651457565,7.19236973340548,technology_strict,True,0.0,1.5350362233018404,reject_valuation
002074,"Gotion High-tech Co., Ltd Class A",27.24,48830493436.0,14.40888653795292,1.6274608325023763,12.0614621660985,2.65061322861567,-12229945840.0,,73788526524.9,40.932528935192195,161.28803252633878,158.3003142505807,0.367107195301028,29905623.866666723,Producer Manufacturing,Electrical Products,SZSE:002074,A,814629194.1280015,1.1946218741582089,11.294841056702433,1.2757051175503342,6.355955014731385,cyclical,False,0.35,1.5446218741582087,reject_valuation
600120,"Zhejiang Orient Holdings Group Co., Ltd Class A",4.94,16871985259.0,11.77031212771027,0.9867823106286843,8.59841060862921,2.34876331554854,2125389980.0,,19091982819.57,-81.27296069967208,397.44295470807697,403.84153661464586,1.7004048582996,42885254.133333445,Finance,Investment Managers,SSE:600120,A,211853155.41866723,1.3688939344089703,8.3836545702603,1.4039595774214753,2.497624830260914,financial_special,True,0.18,1.5488939344089703,reject_valuation
688100,"Willfar Information Technology Co., Ltd. Class A",25.88,12724812063.0,22.306498879503536,3.5004713733669313,16.292214023524,10.4006949525311,169500560.0,,360839799.46,-7.392776803900321,-15.126008264095189,-15.431153874189082,2.97527047913447,4213540.066666666,Electronic Technology,Computer Processing Hardware,SSE:688100,A,109046416.92533332,1.3691508623257485,15.692607756492711,1.421465394766805,3.68032402573113,technology_strict,True,0.18,1.5491508623257484,reject_valuation
603868,"Shanghai Flyco Electrical Appliance Co., Ltd. Class A",30.97,13490531890.0,24.50739890796866,3.8896822316753514,16.6704064036204,13.842752674422302,895230020.0,,526945.2999999999,-4.545864545796185,18.77734778783105,18.779960522605503,1.61446561188247,974603.5,Consumer Durables,Electronics/Appliances,SSE:603868,A,30183470.395,1.47011406408462,15.871460885270075,1.5441173994709834,4.792597726812553,stable_or_general,True,0.08,1.55011406408462,reject_valuation
002831,"Shenzhen YUTO Packaging Technology Co., Ltd. Class A",26.4,34011939352.0,20.93244529019981,2.986060526542006,14.214734281549802,7.1799102915284,1877393350.0,,6869950169.76,-0.44232439645992383,10.105906853655558,11.295446523120377,2.71107575757576,10766446.766666682,Process Industries,Containers/Packaging,SZSE:002831,A,284234194.6400004,1.4725878708383136,14.265225515434766,1.4673757009695507,0.3552035014154242,cyclical,True,0.08,1.5525878708383136,reject_valuation
601921,"Zhejiang Publishing & Media Co., Ltd. Class A",7.41,16466665926.000002,13.115044247787612,1.132424948192705,8.89071892711142,5.82374842288125,623623620.0,,139973798.41,-8.855259737123603,0.266760265266547,0.26619343389528766,4.31848852901485,8376916.233333333,Consumer Services,Publishing: Books/Magazines,SSE:601921,A,62072949.289000005,1.475138777337174,8.634549200119814,1.518903181141828,2.881316225287933,stable_or_general,True,0.08,1.555138777337174,reject_valuation
002603,"Shijiazhuang Yiling Pharmaceutical Co., Ltd. Class A",16.18,27032012624.0,19.65500485908649,2.477559557898025,12.626326791624502,9.86428680717612,1876618350.0,,22293317.09,32.22644550376047,,,4.94437577255872,29516942.70000004,Health Technology,Pharmaceuticals: Other,SZSE:002603,A,477584132.88600063,1.5566684740113303,12.605235031283403,1.559273175812043,0.16704589299153527,health_special,True,0.0,1.5566684740113303,reject_valuation
688187,"Zhuzhou CRRC Times Electric Co., Ltd. Class A",47.66,54200196563.67752,15.560416598648338,1.4955826025396661,9.96246885113901,5.88437676310308,339829070.0,,7135225132.0,10.134707766838073,6.984017608910021,10.542081709253646,2.34997901804448,6873270.1,Producer Manufacturing,Electrical Products,SSE:688187,A,327580052.96599996,1.561903663755929,9.611456049766563,1.6189447798625953,3.5233515569016327,cyclical,True,0.0,1.561903663755929,reject_valuation
300012,"Centre Testing International Group Co., Ltd. Class A",15.06,25340740600.0,22.714932126696834,3.130957603175032,14.5358430721708,11.0701406781291,835643440.0,,462450753.18,13.737660145259792,16.922571581779078,16.869381279746168,1.32802124833997,34255226.366666675,Commercial Services,Miscellaneous Commercial Services,SZSE:300012,A,515883709.08200014,1.5626841879013598,13.783697814774543,1.6479563345003858,5.174417841894952,financial_special,True,0.0,1.5626841879013598,reject_valuation
000100,TCL Technology Group Corporation Class A,4.96,103000281105.0,16.09344581440623,1.623026027316575,10.9958941267549,1.66626494536461,19803161000.0,,172505182000.0,9.931325871601723,162.66337573942903,135.98774885145482,1.81451612903226,561017404.2666663,Electronic Technology,Telecommunications Equipment,SZSE:000100,A,2782646325.162665,1.463586828764394,10.085012532640492,1.595778464560082,8.283833798454609,technology_strict,True,0.1,1.5635868287643941,reject_valuation
002508,"Hangzhou Robam Appliances Co., Ltd. Class A",16.06,15097279740.0,13.519656536745517,1.3071108130457145,9.74316013785225,6.69505072790138,619690940.0,,1024003476.4699999,-14.032852532244815,-26.620466804148162,-26.641141233866488,6.2266500622665,10475116.7,Consumer Durables,Electronics/Appliances,SZSE:002508,A,168230374.20199996,1.3876048782387913,9.66822499886055,1.398359733905539,0.7691050740362693,stable_or_general,True,0.18,1.5676048782387912,reject_valuation
601339,"Bros Eastern Co., Ltd. Class A",7.66,11287539018.0,13.912095895386852,1.2472502690706357,8.87305645845504,5.8712157340649,1917813400.0,,3509540237.84,13.268803800221649,45.50715925992231,44.971037388098985,5.22193211488251,11838648.2,Process Industries,Textiles,SSE:601339,A,90684045.212,1.5679034570021435,8.965221907967258,1.5517848903464821,1.038711406196402,cyclical,True,0.0,1.5679034570021435,reject_valuation
600885,"Hongfa Technology Co., Ltd. Class A",34.3,53082485379.0,26.847213525360047,4.017630722341893,17.0858235594128,8.32426517201639,956069980.0,,3701905013.52,30.614961471129742,11.339422243734084,8.087986463620993,1.01166180758017,16572874.966666652,Producer Manufacturing,Electrical Products,SSE:600885,A,568449611.3566661,1.5713151568025865,14.964795950040825,1.7940246973622656,12.413961797021322,cyclical,True,0.0,1.5713151568025865,reject_valuation
600820,"Shanghai Tunnel Engineering Co., Ltd. Class A",5.52,17355409569.0,8.484475868429142,0.548360531154726,6.565603078463381,1.15039344261653,3884741900.0,,56640517114.04,-10.559184717127385,-26.47503773280599,-26.47756808678948,3.6231884057971,19500243.233333554,Industrial Services,Engineering & Construction,SSE:600820,A,107641342.64800121,1.292261467382956,6.463104376254797,1.3127555079569484,1.5611467976917814,cyclical,True,0.28,1.572261467382956,reject_valuation
600886,"SDIC Power Holdings Co., Ltd. Class A",13.64,109181309486.0,15.303489285313589,1.6453836373593766,10.9806289439015,2.25510948366041,8880122830.0,,169770050866.84,-8.753831352806754,6.578655464708777,3.279258400926998,3.34677419354839,37001067.73333332,Utilities,Electric Utilities,SSE:600886,A,504694563.88266647,1.3936805772690233,10.751689413331468,1.423356711396272,2.0849400497881643,stable_or_general,True,0.18,1.5736805772690232,reject_valuation
601139,Shenzhen Gas Corporation Ltd. Class A,6.38,18353629504.0,13.291666666666666,1.0938743038981702,9.52291695183736,3.2812397516377603,2373822890.0,,17559341779.51,-2.808206035098892,14.138332790915006,11.757857974388822,2.50783699059561,22289081.0333333,Utilities,Gas Distributors,SSE:601139,A,142204336.99266645,1.3957558103142085,8.229775327133568,1.6150704166666667,13.57925970838474,cyclical,True,0.18,1.5757558103142084,reject_valuation
301035,"Shandong Weifang Rainbow Chemical Co., Ltd. Class A",57.64,21010083978.0,21.207549946649987,2.723737247248619,13.4254743273236,5.60775701003147,588710290.0,,7442406606.37,10.279015499619666,20.255593038775714,19.368439544995404,1.6989746703678,1876363.1000000003,Process Industries,Chemicals: Agricultural,SZSE:301035,A,108153569.08400002,1.5796499572077138,12.843243345414681,1.651261241127347,4.336762841398912,cyclical,True,0.0,1.5796499572077138,reject_valuation
002262,"Jiangsu Nhwa Pharmaceutical Co., Ltd. Class A",22.04,22325891367.0,20.30962034647991,2.6523443282071524,13.664569864345802,11.9688474657396,464240310.0,,415126012.02000004,2.943305741717183,-9.679248717559545,-9.769684875696361,1.81488203266788,13048290.666666666,Health Technology,Pharmaceuticals: Major,SZSE:002262,A,287584326.2933333,1.4862978160382982,13.059546574275872,1.5551550914091397,4.427678998140905,health_special,True,0.1,1.5862978160382983,reject_valuation
603659,"Shanghai Putailai New Energy Technology Co., Ltd. Class A",23.82,51024998135.0,18.18737115369932,2.3498980428368066,13.609389541080702,5.56693357149525,-52631850.0,,18275516848.030003,31.91423543976374,98.5116396920652,100.50520514390693,0.965575146935349,29726386.666666675,Producer Manufacturing,Electrical Products,SSE:603659,A,708082530.4000002,1.3363840529951565,12.92049314317114,1.407637537682676,5.061919903387957,cyclical,False,0.25,1.5863840529951565,reject_valuation
603132,Jinhui Mining Co. Ltd. Class A,20.15,19706699627.0,28.233151183970854,5.812058507094172,21.0011720306197,8.38620374574138,-265675439.99999997,,5167937780.389999,24.926379846823153,35.373687113635164,35.37556904400607,2.13399503722084,9065363.266666668,Non-Energy Minerals,Other Metals/Minerals,SSE:603132,A,182667069.82333335,1.3443607405723326,20.585936260610975,1.371477635340396,1.9772028408857723,cyclical,False,0.25,1.5943607405723326,reject_valuation
600219,"Shandong Nanshan Aluminium Co., Ltd. Class A",4.88,56040467799.0,12.825229960578186,1.1190504581686098,8.58087559280692,5.92722811638685,1045034900.0000001,,6706972453.45,2.671678044108123,-17.2600452538445,-16.060004412089118,3.60655737704918,239175616.06666663,Non-Energy Minerals,Aluminum,SSE:600219,A,1167177006.405333,1.4946295190818493,8.725383183056476,1.4698758428722147,1.6840657889352517,cyclical,True,0.1,1.5946295190818494,reject_valuation
601901,"Founder Securities Co., Ltd. Class A",6.92,56966143441.0,12.536231884057969,1.0790817201685363,8.84716499153404,1.55670859477959,1054476410.0,,148820393461.31003,-5.372030740034408,40.23557406819609,40.243902439024396,1.88294797687861,51045675.166666664,Finance,Investment Banks/Brokers,SSE:601901,A,353236072.1533333,1.4169772911496554,8.607703894986013,1.4563967391304344,2.7066421478199043,financial_special,True,0.18,1.5969772911496554,reject_valuation
600763,Topchoice Medical Corp. Class A,35.04,15673011298.0,24.653486244986983,3.788874075083287,15.4264833248697,10.4203725894796,655775700.0,,1161897032.6599998,4.778827399141551,24.655574243216364,23.979413817166776,1.28424657534247,9742960.400000002,Health Services,Hospital/Nursing Management,SSE:600763,A,341393332.41600007,1.59812743616311,15.368512337088687,1.6041556726015018,0.3757887430348772,stable_or_general,True,0.0,1.59812743616311,reject_valuation
002906,Foryou Corporation Class A,26.76,13967077019.0,16.691616766467067,1.9693238801862176,12.2970802985053,6.180117737154651,-57644570.0,,3930515887.79,30.02864644868043,19.227861112590755,19.22361865100022,1.86846038863976,7652513.766666667,Producer Manufacturing,Auto Parts: OEM,SZSE:002906,A,204781268.396,1.3573642166503475,11.79828118353716,1.4147498696469336,4.0562402038536565,cyclical,False,0.25,1.6073642166503475,reject_valuation
603588,"Beijing GeoEnviron Engineering & Technology, Inc. Class A",15.5,23486212280.0,17.203107658157602,2.236181122014698,13.658352159725501,4.72863321832842,-188098100.0,,14992274219.84,34.542674799257036,138.78735469257327,141.4255091103966,0.645161290322581,65252629.70000001,Industrial Services,Environmental Services,SSE:603588,A,1011415760.3500001,1.2595302461803959,12.99870445764673,1.32344786468605,4.829628745580894,cyclical,False,0.35,1.609530246180396,reject_valuation
600301,"Guangxi Huaxi Nonferrous Metal Co., Ltd. Class A",48.78,30856642116.0,32.38613729916346,6.059559582563673,20.1140339439104,11.3507803279091,1399524600.0,,859264211.0100001,17.23814054102523,37.91521648922109,37.91777309770166,0.799507995079951,12124844.4,Process Industries,Chemicals: Specialty,SSE:600301,A,591449909.832,1.6101264117120815,18.710349822175903,1.730920993298518,6.978630570321121,cyclical,True,0.0,1.6101264117120815,reject_valuation
603236,Quectel Wireless Solutions Co. Ltd. Class A,56.04,22716662975.0,22.472631030196094,3.0670179544238065,16.4597467354222,5.39981371750078,-1222398730.0,,7157084863.7,28.08235977196574,13.910975405902414,7.468539906912612,1.04699857244825,14479562.166666664,Electronic Technology,Electronic Production Equipment,SSE:603236,A,811434663.8199998,1.3653084334422878,13.64779206450151,1.6466129410520816,17.083827085074287,technology_strict,False,0.25,1.6153084334422878,reject_valuation
000786,Beijing New Building Materials (Group) Co Ltd Class A,17.7,30129577825.0,12.71277741865977,1.093291759421457,8.79308265618236,6.415068602004001,2891688290.0,,2231508875.83,-4.738095997899639,-30.044726791462644,-30.045721750489868,3.87005649717514,22921657.266666654,Non-Energy Minerals,Construction Materials,SZSE:000786,A,405713333.61999977,1.4457702623461066,8.599944161822005,1.4782395303327656,2.1964821884684516,cyclical,True,0.18,1.6257702623461066,reject_valuation
600298,"Angel Yeast Co., Ltd. Class A",41.3,35840786667.0,22.31467473524962,2.843594716835113,13.7252602573038,6.697426281406151,810811350.0,,9313497598.99,13.1574462766456,13.483992648878182,11.21927768763897,1.3317191283293,13756995.366666667,Consumer Non-Durables,Food: Specialty/Candy,SSE:600298,A,568163908.6433333,1.6258106816863473,12.743160053071252,1.7511099791822453,7.155421360479696,stable_or_general,True,0.0,1.6258106816863473,reject_valuation
603296,"Huaqin Co., Ltd. Class A",78.2,108603249074.43698,23.676163371582547,3.691873063773094,18.542837024415,4.45386438925896,-1651408520.0,,42509238597.01,17.353354260057376,46.56487958613484,32.75855138872143,0.782921994884911,29331160.06666667,Electronic Technology,Telecommunications Equipment,SSE:603296,A,2293696717.2133336,1.2768360817931255,15.593206575877435,1.5183639911632658,15.907115209252186,technology_strict,False,0.35,1.6268360817931256,reject_valuation
600486,Jiangsu Yangnong Chemical Co. Ltd. Class A,56.83,22965682204.0,17.98873132438592,1.9058733967506587,11.0043277122988,6.858024628222361,1072242559.9999999,,3010917027.87,11.841288796225669,2.0157362914704287,2.5081929978260065,1.67869083230688,5589479.899999998,Process Industries,Chemicals: Agricultural,SSE:600486,A,317650142.7169998,1.634696075461395,10.594818291421223,1.6978801173920706,3.721348832786009,cyclical,True,0.0,1.634696075461395,reject_valuation
600008,"Beijing Capital Eco-Environment Protection Group Co.,Ltd. Class A",2.84,20847275913.0,11.568228105906313,0.9847638993876433,8.52109832553549,1.63794358065267,998855430.0,,60137383588.6,-4.734763230438274,-49.447576811070505,-49.4543957175211,4.22535211267606,71023990.26666667,Utilities,Water Utilities,SSE:600008,A,201708132.35733333,1.3575982419120052,8.512659764072762,1.3589440229632364,0.09903138234470532,stable_or_general,True,0.28,1.6375982419120052,reject_valuation
600268,"Guodian Nanjing Automation Co., Ltd. Class A",10.64,10805842517.0,21.11949186184994,2.8901734104046244,14.471243745609502,4.46909162651414,514254150.0,,202823509.39,-5.522523364553988,15.48812341329243,13.775971093044262,1.8796992481203,19991256.80000001,Producer Manufacturing,Electrical Products,SSE:600268,A,212706972.3520001,1.4594109693064552,13.684862445130166,1.5432739602995007,5.434096158582912,cyclical,True,0.18,1.6394109693064551,reject_valuation
300001,"Qingdao TGOOD Electric Co., Ltd. Class A",34.91,37313550267.0,26.91803531498188,4.172019623191696,16.3648033076996,5.38622938384908,2129298899.9999998,,6472282917.04,5.675173577681757,27.905195107822866,29.689999999999994,0.57290174735033,21123881.3,Producer Manufacturing,Electrical Products,SZSE:300001,A,737434696.183,1.644873745736804,15.49897522004386,1.7367622654283916,5.290794343054339,cyclical,True,0.0,1.644873745736804,reject_valuation
603568,"Zhejiang Weiming Environment Protection Co., Ltd. Class A",14.86,30435539497.0,17.640075973409306,2.064238662662284,12.0053080275558,5.84683505877439,1376349340.0,,8306119973.13,-22.418448699704893,-36.49317360841835,-35.670103092783506,2.80397039030956,9160601.800000004,Industrial Services,Engineering & Construction,SSE:603568,A,136126542.74800006,1.4693563824368367,11.701982835980541,1.507443329960345,2.526592327985566,cyclical,True,0.18,1.6493563824368367,reject_valuation
002947,Suzhou Hengmingda Electronic Technology Co. Ltd. Class A,64.64,16455549122.0,28.760845383759733,4.850656947342907,17.4185109253926,13.388588913083902,491357480.0,,548388922.5699999,7.477631878584501,4.5198785232899334,7.397142447555803,0.773514851485149,8400087.366666669,Electronic Technology,Electronic Equipment/Instruments,SZSE:002947,A,542981647.3813335,1.6511655621395482,16.86548807109094,1.705307623623331,3.174914644945126,technology_strict,True,0.0,1.6511655621395482,reject_valuation
600612,"Lao Feng Xiang Co., Ltd. Class A",33.85,14609283960.0,14.160217527713868,1.3373526344069029,9.59745632195005,5.49266740112517,920929900.0,,3667966091.3399997,-21.339696426985803,-29.20151617433199,-29.199739367373535,4.87444608567208,2638045.0,Consumer Durables,Other Consumer Specialties,SSE:600612,A,89297823.25,1.4754135942591857,9.44443566484402,1.4993185437668743,1.5943876374416077,stable_or_general,True,0.18,1.6554135942591857,reject_valuation
688169,Beijing Roborock Technology Co. Ltd. Class A,128.6,33378275222.999996,19.85947031117288,2.296893282158694,11.9919829768785,8.02802651347957,2004520080.0,,1226518996.0,35.28029560906276,9.061593380408144,9.403774349963683,0.409564541213064,7341390.766666668,Consumer Durables,Electronics/Appliances,SSE:688169,A,944102852.5933334,1.6560622500435103,11.5657328527361,1.7170957140407004,3.55445904955205,stable_or_general,True,0.0,1.6560622500435103,reject_valuation
603345,"Anjoy Foods Group Co., Ltd. Class A",77.52,22663555084.149067,17.10314396028682,1.6259473681340324,10.320321029292,7.9730993143571505,2227439950.0,,1093582044.37,17.562285731447435,10.842831832384975,-2.4933310386369483,3.69582043343653,5961187.133333334,Consumer Non-Durables,Food: Specialty/Candy,SSE:603345,A,462111226.57600003,1.6572298392407796,9.506716261696983,1.7990590535657622,7.8835218912839515,stable_or_general,True,0.0,1.6572298392407796,reject_valuation
601882,"Ningbo Haitian Precision Machinery Co., Ltd. Class A",19.92,10398240040.0,23.557237464522235,3.3979837265237194,15.0586075044603,8.59462236658204,162423970.0,,439056417.01,3.2258625181415654,-10.180274878655894,-10.185873605947954,1.50602409638554,7404556.4,Producer Manufacturing,Industrial Machinery,SSE:601882,A,147498763.488,1.564370241906144,14.424372686488237,1.63315507554717,4.211776007736456,cyclical,True,0.1,1.6643702419061441,reject_valuation
600267,"Zhejiang Hisun Pharmaceutical Co., Ltd. Class A",12.2,14065514111.0,16.10986399049254,1.5717254324499461,10.1292786076267,6.01989723231454,1171079440.0,,1960092418.5700002,-0.19313455882999359,88.83652907649005,89.84707946853848,1.72131147540984,60567121.56666667,Health Technology,Pharmaceuticals: Major,SSE:600267,A,738918883.1133333,1.5904255983602662,9.756292377002822,1.6512280862416675,3.6822585800240892,health_special,True,0.08,1.6704255983602663,reject_valuation
002120,"Yunda Holding Group Co., Ltd. Class A",6.75,19538520996.0,12.306289881494987,0.9065610847574177,7.826806769654151,4.33054358958235,2039804190.0,,8821201477.67,5.89780658253558,17.0504704113844,14.342297269126531,2.96296296296296,30070237.999999978,Transportation,Air Freight/Couriers,SZSE:002120,A,202974106.49999985,1.5723257573201561,7.366648222065831,1.6705412706735616,5.879262911822892,stable_or_general,True,0.1,1.6723257573201562,reject_valuation
300113,"Hangzhou Shunwang Technology Co., Ltd. Class A",16.28,10826386698.0,26.484463966162355,4.187318187313044,16.5861902869599,13.6537460378157,298912320.0,,72289310.18,-36.36218515476322,30.330640861862484,29.82048574445619,0.737100737100737,27266705.30000001,Technology Services,Packaged Software,SZSE:300113,A,443901962.28400016,1.5967780127896216,15.810469838705947,1.6751218803963166,4.676905514968233,technology_strict,True,0.08,1.6767780127896217,reject_valuation
600480,Lingyun Industrial Corp. Ltd. Class A,8.25,10083376190.0,14.090520922288642,1.2410774056217047,8.92652260057464,3.44270001113271,1613941440.0,,3730683524.45,5.85265036350084,2.4855818790081705,1.1925337020394084,4.84848484848485,13428147.533333354,Producer Manufacturing,Auto Parts: OEM,SSE:600480,A,110782217.15000017,1.5785005598239983,8.807888739291007,1.5997614569576026,1.329004211292717,cyclical,True,0.1,1.6785005598239984,reject_valuation
601098,"China South Publishing & Media Group Co., Ltd Class A",9.89,17762440617.0,11.768205616373155,1.0901194832679335,9.41117166435277,5.77863841876069,-1603695890.0,,233886982.76,-5.333566342257601,-6.464804264051869,-6.466332776850299,5.56117290192113,11794858.933333334,Consumer Services,Publishing: Books/Magazines,SSE:601098,A,116651154.85066667,1.2504506384628236,9.263259997354615,1.270417285030745,1.571660493224325,stable_or_general,False,0.43000000000000005,1.6804506384628235,reject_valuation
002563,"Zhejiang Semir Garment Co., Ltd. Class A",5.98,16080461259.0,15.508298755186724,1.40548137737175,9.22116358857791,6.07973145854417,1683942790.0,,3257540408.32,5.693922263931009,15.023105254700303,14.150384843102431,5.01672240802676,22214144.9,Consumer Non-Durables,Apparel/Footwear,SZSE:002563,A,132840586.502,1.6818158149147873,9.062769550410481,1.7112096549430968,1.7177228952280021,stable_or_general,True,0.0,1.6818158149147873,reject_valuation
601598,Sinotrans Ltd. Class A,6.87,44003701265.30156,13.07824100513992,1.192770456794625,9.32626849010656,4.69303222364733,3066611620.0,,10803161264.689999,-7.0529775639727745,-3.0558122596425688,-3.0096011816838963,4.36681222707424,19166146.633333333,Transportation,Air Freight/Couriers,SSE:601598,A,131671427.37099999,1.4023015763500168,9.12026668055628,1.4339757227737369,2.2088342166945996,stable_or_general,True,0.28,1.6823015763500169,reject_valuation
300529,"Jafron Biomedical Co., Ltd. Class A",15.9,12666231416.0,23.9891369945685,3.5599777893209628,15.956423628946501,10.0366138951108,475328250.0,,1248101376.5600002,-17.539633918090257,-20.13111279933812,-18.92354740061163,3.27044025157233,9531296.266666668,Health Technology,Medical Specialties,SZSE:300529,A,151547610.64000002,1.5034156495475515,14.839957728062476,1.6165232700902414,6.996968285917459,health_special,True,0.18,1.6834156495475514,reject_valuation
600345,"Wuhan Yangtze Communication Industry Group Co., Ltd. Class A",51.05,16826698554.999998,25.088460782386473,4.0139327892311805,17.4931815606621,13.865325075034002,-38528010.0,,163679784.32000002,9.157532034099136,376.1605039991604,376.19939152820035,0.215475024485798,9780284.3,Electronic Technology,Telecommunications Equipment,SSE:600345,A,499283513.515,1.4341851249520157,15.99911937223821,1.5681151067551977,8.540825939768858,technology_strict,False,0.25,1.6841851249520157,reject_valuation
002925,Xiamen Intretech Inc. Class A,23.2,17902722952.0,22.673964034401873,3.4221418477795904,15.809173763365001,9.11049641661305,-327519270.0,,1909062593.6100001,27.368696960883792,206.2498838636914,212.14154972544242,0.991379310344828,15116700.700000012,Electronic Technology,Electronic Production Equipment,SZSE:002925,A,350707456.24000025,1.4342282761762557,15.092825597621022,1.502300804295772,4.5312182437009625,technology_strict,False,0.25,1.6842282761762557,reject_valuation
605020,Zhejiang Yonghe Refrigerant Co. Ltd. Class A,34.35,17546622444.0,21.388542963885428,2.9031930898088207,14.9003916885378,9.51541428891039,-74318730.0,,1992053163.3,20.91467067218921,95.88314733809798,70.39787798408489,1.31004366812227,14177546.79999998,Process Industries,Chemicals: Specialty,SSE:605020,A,486998732.5799993,1.4354349476825277,13.573589817272099,1.5757469653804455,8.904476466121015,cyclical,False,0.25,1.6854349476825277,reject_valuation
002091,"Jiangsu Guotai International Group Co., Ltd. Class A",7.87,12810217075.0,12.289194253591505,0.7929582885803931,7.638206783259731,2.6982442862282,1573780320.0,,12334155334.57,1.9225887389418612,5.093518498670034,5.121470781352595,5.9720457433291,11906682.133333348,Commercial Services,Miscellaneous Commercial Services,SZSE:002091,A,93705588.38933344,1.6089109135569761,6.452483964509324,1.9045679650171796,15.523575786781475,financial_special,True,0.1,1.7089109135569762,reject_valuation
002568,Shanghai Bairun Investment Holding Group Co. Ltd. Class A,17.71,17544936948.0,25.145534573335226,3.557189197874926,14.702795953265598,8.51660802509793,325585940.0,,2597024001.44,7.004474988892882,3.040745205537464,3.512639623750739,1.69395821569735,15350181.333333353,Process Industries,Chemicals: Specialty,SZSE:002568,A,271851711.4133337,1.710255291120341,14.14640514999046,1.7775211657466339,3.7842516827662265,cyclical,True,0.0,1.710255291120341,reject_valuation
000828,"Dongguan Development (Holdings) Co., Ltd Class A",10.22,10623863688.0,12.625077208153181,1.0241076134685183,8.24937336727478,5.29437159210375,1247990930.0,,4471317150.17,-5.79995289069124,-19.533959080223326,-19.532803180914513,4.64774951076321,7127882.466666667,Transportation,Other Transportation,SZSE:000828,A,72846958.80933334,1.5304286333113246,8.11169386597618,1.5564045459244966,1.6689692073433515,stable_or_general,True,0.18,1.7104286333113246,reject_valuation
600674,"Sichuan Chuantou Energy Co., Ltd. Class A",15.39,75020202382.0,16.22904144258146,1.6790000621851877,10.5896831890422,6.61153158073953,2602871270.0,,20622936199.79,-4.770024120705169,-0.9386307265641443,-0.9401441554371679,3.2488628979857,33437658.63333331,Utilities,Electric Utilities,SSE:600674,A,514605566.3669997,1.5325332356849595,10.345651455297034,1.5686824085178415,2.304429031433919,stable_or_general,True,0.18,1.7125332356849594,reject_valuation
601555,Soochow Securities Co Ltd Class A,8.16,40187186436.0,12.017673048600884,0.9268135332948675,7.839263969793081,1.53194368487134,18985760050.0,,125125026457.44,-31.211765476958224,16.742055923343745,16.746905089408536,4.59558823529412,36156360.30000006,Finance,Investment Banks/Brokers,SSE:601555,A,295035900.04800045,1.5330103814475955,7.712088101804106,1.558290425363471,1.6222934765179553,financial_special,True,0.18,1.7130103814475954,reject_valuation
601033,"Grandtop Yongxing Group Co., Ltd. Class A",14.39,11591109706.0,14.052734375,1.2018558190618176,8.69650366510428,3.65307154533644,964938370.0,,10724340418.09,11.995978210199393,7.181358596952039,7.180238643500105,4.37804030576789,3949617.6333333333,Utilities,Alternative Power Generation,SSE:601033,A,56834997.74366667,1.6159062211849815,8.552469483803344,1.6431200838088986,1.6562309043678058,stable_or_general,True,0.1,1.7159062211849816,reject_valuation
688036,"Shenzhen Transsion Holdings Co., Ltd. Class A",57.44,66124033125.99999,21.095930659615103,3.1242708085736863,15.3276329537769,6.66025319200809,-4881877340.0,,7901946137.84,13.775796686163602,-19.65615674679424,-20.000000000000007,2.95961002785515,18202616.9,Electronic Technology,Telecommunications Equipment,SSE:688036,A,1045558314.7359998,1.3763332357470648,14.809826876017468,1.4244549133641218,3.3782520714122466,technology_strict,False,0.35,1.7263332357470649,reject_valuation
600547,"Shandong Gold Mining Co., Ltd. Class A",35.49,150168909068.36917,29.886315789473684,4.938055165965405,18.3002056584284,3.18671882941797,5721611600.0,,90486883739.43001,8.126222195704052,25.0924525139526,21.384033527547793,0.999351930121161,95804425.19999997,Non-Energy Minerals,Precious Metals,SSE:600547,A,3400099050.347999,1.6331136571522162,16.522796589416508,1.808792817108033,9.712508712672763,cyclical,True,0.1,1.7331136571522163,reject_valuation
688059,Zhuzhou Huarui Precision Cutting Tools Co. Ltd. Class A,88.0,12318369873.0,34.19334783960212,5.665627539070296,19.6666838236553,11.8103053021319,114520060.0,,467625016.69,27.220139262303828,181.39931668784803,160.59133252328877,0.834877272727273,6597383.666666667,Producer Manufacturing,Industrial Machinery,SSE:688059,A,580569762.6666667,1.7386432886297785,16.56938526653558,2.0636461334905913,15.74896197494291,cyclical,True,0.0,1.7386432886297785,reject_valuation
000563,"Shaanxi International Trust Corp., Ltd. Class A",3.05,15597610401.0,10.869565217391303,0.8249932377603462,7.701080390859221,5.47574819075423,-1206745900.0,,2602749334.6800003,-4.633087553726174,2.4551439010912635,2.446148229280774,2.95081967213115,44111457.99999993,Finance,Investment Managers,SZSE:000563,A,134539946.8999998,1.4114338074295274,7.589937787395185,1.4321020174160957,1.443207937368829,financial_special,False,0.33,1.7414338074295275,reject_valuation
601019,"Shandong Publishing & Media Co., Ltd. Class A",6.73,14044836383.0,12.294483010595544,0.9031932511467736,7.48936958017442,5.25017311284788,970347660.0,,235964100.08999997,0.10702454276269845,-3.642131827435322,-3.643724696356284,4.30906389301634,11225983.133333333,Consumer Services,Publishing: Books/Magazines,SSE:601019,A,75550866.48733333,1.6415911751959793,7.346329653458304,1.67355449463228,1.9099061033757248,stable_or_general,True,0.1,1.7415911751959794,reject_valuation
600531,"Henan Yuguang Gold & Lead Co., Ltd. Class A",14.17,17135252485.0,20.031099802092168,2.422309176910624,14.351176477328002,4.13207496093308,-1584239730.0,,13986768889.69,43.038868630513946,5.699877859878399,2.5514641925195796,1.51729004940014,59282331.36666656,Non-Energy Minerals,Precious Metals,SSE:600531,A,840030635.4656652,1.3957810242064344,12.09274179073095,1.6564564222685998,15.736930628404789,cyclical,False,0.35,1.7457810242064342,reject_valuation
000973,"FSPG Hi-Tech Co., Ltd Class A",13.52,33235362834.0,23.362709521340935,3.5067606298681593,15.542290893132302,7.405945105651221,-459032750.0,,8383994091.2,124.69737229294631,685.3403798405789,357.8322784810126,0.0887573964497042,48929477.86666681,Process Industries,Industrial Specialties,SZSE:000973,A,661526540.7573352,1.5031702650517405,15.010076749295147,1.5564683586603258,3.424296633595547,cyclical,False,0.25,1.7531702650517405,reject_valuation
600166,"Beiqi Foton Motor Co., Ltd. Class A",3.01,23671201361.0,15.968169761273208,1.5045787179589714,9.65237490960277,2.45895973947733,2777310890.0,,17233938213.55,19.651891285560037,236.699639221409,236.6071428571429,0.0,128081126.80000012,Consumer Durables,Motor Vehicles,SSE:600166,A,385524191.66800034,1.65432548060137,9.422361738713162,1.694709904382638,2.382969715160743,stable_or_general,True,0.1,1.7543254806013702,reject_valuation
001872,"China Merchants Port Group Co., Ltd. Class A",22.7,54894999925.0,12.15789191794762,0.8587353816378921,7.25793727632922,2.27301495083388,9148246730.0,,53947027384.34,6.418113167551798,1.7997010840562582,2.1277759544907524,3.51982378854626,3319259.2333333334,Transportation,Other Transportation,SZSE:001872,A,75347184.59666666,1.6751166970812683,7.0631930883529,1.7213024995728634,2.683189183949708,stable_or_general,True,0.1,1.7751166970812684,reject_valuation
603885,"Juneyao Airlines Co., Ltd. Class A",10.55,22826215830.0,20.015177385695313,2.1924583588773783,11.9035762259825,2.28205653648517,6164325860.0,,36408876772.659996,3.0090183974428792,27.781721613138565,29.604130808950085,1.8957345971564,13356730.133333333,Transportation,Airlines,SSE:603885,A,140913502.90666667,1.6814423670432117,10.953979156059395,1.827206086531902,7.977409913588607,cyclical,True,0.1,1.7814423670432118,reject_valuation
603737,"SKSHU Paint Co., Ltd. Class A",25.6,22665751900.0,35.40802213001383,7.2088511175127215,21.0380446950547,4.58791931842227,970388730.0,,5561805986.48,4.848292758353772,14.772746441174464,14.761904761904757,1.812078125,11260028.33333333,Process Industries,Industrial Specialties,SSE:603737,A,288256725.33333325,1.6830471958421596,20.35937249203788,1.7391509558490157,3.2259281356900704,cyclical,True,0.1,1.7830471958421596,reject_valuation
000528,"Guangxi Liugong Machinery Co., Ltd Class A",7.87,15967853176.0,12.450561619996837,0.8304972958712571,7.84900200768151,2.70014051784512,24690310.0,,19659597098.58,10.729369309323399,-8.317054660605079,-8.60323886639676,4.12936467598475,30741800.566666644,Producer Manufacturing,Trucks/Construction/Farm Machinery,SZSE:000528,A,241937970.4596665,1.5862604707976837,6.670360110803324,1.8665501431972,15.016455540776963,cyclical,True,0.2,1.7862604707976837,reject_valuation
301216,"Wankai New Materials Co., Ltd. Class A",19.01,10880957093.0,16.300806036700397,1.662338116599771,11.3438439295166,3.4776173516320203,-977652120.0,,9975287794.73,0.7265680669359781,,,0.789058390320884,17481782.566666666,Process Industries,Chemicals: Specialty,SZSE:301216,A,332328686.5923334,1.4369737575713482,10.197889066694648,1.5984490447084099,10.101997787894334,cyclical,False,0.35,1.786973757571348,reject_valuation
601766,CRRC Corporation Limited Class A,6.2,171234406976.08847,12.77823577906018,1.0082497597275775,8.04003270491717,2.54302876451203,9740035000.0,,80370108000.0,3.1906633453978803,-9.761585719442788,-9.76380881532452,5.16129032258065,179603058.2,Producer Manufacturing,Trucks/Construction/Farm Machinery,SSE:601766,A,1113538960.84,1.5893263433176326,7.890367474513235,1.6194728344827163,1.8615002686792836,cyclical,True,0.2,1.7893263433176325,reject_valuation
300357,"Zhejiang Wolwo Bio-Pharmaceutical Co., Ltd. Class A",22.91,11995309002.0,28.738083291520322,4.355033095210034,15.9848755227316,14.2060287296247,358834260.0,,18287949.3,11.531367743371975,20.77080750953931,20.769580366611116,1.09122653862942,12828385.800000018,Health Technology,Pharmaceuticals: Major,SZSE:300357,A,293898318.6780004,1.797829657832041,15.15422253819921,1.896374638756974,5.196493293620863,health_special,True,0.0,1.797829657832041,reject_valuation
601108,"Caitong Securities Co., Ltd. Class A",8.78,40772290957.0,12.475134981528843,1.0242626592098478,9.06512758742746,2.04188765394349,-4087374980.0,,99226316916.03,-3.100276672466577,38.177535033287754,34.10823170731706,1.25284738041002,62204853.40000002,Finance,Investment Managers,SSE:601108,A,546158612.8520001,1.3761676116760635,8.210433480089874,1.5194246456999843,9.42837372220744,financial_special,False,0.43000000000000005,1.8061676116760634,reject_valuation
600872,"Jonjee Hi-Tech Industrial and Commercial Holding Co., Ltd. Class A",18.51,14123727818.0,20.28493150684932,2.505336190129436,12.4735690369274,8.22340976071138,918814680.0,,862857240.87,-8.394663510989142,-13.219270972699151,-12.53714176171762,2.43111831442464,13859215.800000012,Producer Manufacturing,Electrical Products,SSE:600872,A,256534084.45800024,1.6262331532215646,12.350725410551648,1.6424081041846503,0.9848314144258019,cyclical,True,0.18,1.8062331532215645,reject_valuation
000700,"Jiangnan Mould & Plastic Technology Co., Ltd. Class A",11.21,10290952454.0,20.392941604511556,2.482312691681706,12.5267632267657,6.61891126035086,723418780.0,,1009475716.86,-3.243785777202664,-10.113156759491325,-10.12099411379988,2.91525423728814,44769514.333333336,Producer Manufacturing,Auto Parts: OEM,SZSE:000700,A,501866255.67666674,1.627949793202632,12.172411120583707,1.6753411795323627,2.828760309166345,cyclical,True,0.18,1.8079497932026318,reject_valuation
603658,"Autobio Diagnostics Co., Ltd. Class A",33.07,18897016098.0,19.007931946200713,2.1784856264084893,11.6053400465617,8.48251905194182,644959500.0,,914058123.41,-2.321071596494134,-13.246808338516521,-13.127278174464468,3.96129422437254,4036366.7666666666,Health Technology,Medical Specialties,SSE:603658,A,133482648.97366667,1.6378608356100837,11.46092921930901,1.6584983278822412,1.2443480903902904,health_special,True,0.18,1.8178608356100836,reject_valuation
002466,Tianqi Lithium Corp. Class A,50.1,81830741073.79086,18.621074149786285,1.775475683956823,10.2382738514983,5.82490554515224,992969880.0,,17690909422.71,54.70097637736263,,,0.0,52066188.10000002,Process Industries,Chemicals: Specialty,SZSE:002466,A,2608516023.810001,1.8187708611702371,9.534765125121423,1.9529662142096187,6.871360705729956,cyclical,True,0.0,1.8187708611702371,reject_valuation
600720,"CCCC Design And Consulting Group Co., Ltd. Class A",5.27,12092518025.0,10.041920731707316,0.7589875940813369,7.76946638640265,3.92174357225612,-50155450.0,,2050979887.8400002,-8.954906341291936,-28.45969046197355,-28.462377317339143,2.40607210626186,9454711.23333329,Non-Energy Minerals,Construction Materials,SSE:600720,A,49826328.19966643,1.2924852534636988,7.558191449219841,1.328614232541549,2.719297911534335,cyclical,False,0.53,1.8224852534636988,reject_valuation
600338,Tibet Summit Resources Co. Ltd. Class A,14.38,13146342854.0,23.216015498869876,2.767651961029613,12.7344664462226,8.07974262936953,305321910.0,,596874753.16,52.40972945597059,40.70254585010674,40.70876874148114,0.139082058414465,44420802.36666667,Non-Energy Minerals,Other Metals/Minerals,SSE:600338,A,638771138.0326667,1.8230850579339661,11.921304761208221,1.9474391405892504,6.385518297514425,cyclical,True,0.0,1.8230850579339661,reject_valuation
603997,Ningbo Jifeng Auto Parts Co Ltd Class A,11.45,14537967757.0,21.817835365853654,2.642053648687626,12.6539409343386,2.84334416706221,434328560.0,,8405978597.76,16.37477167213131,,,0.934497816593887,16888942.633333333,Producer Manufacturing,Auto Parts: OEM,SSE:603997,A,193378393.15166664,1.724192919744653,12.109604845687917,1.8016967228804925,4.301711944723364,cyclical,True,0.1,1.8241929197446531,reject_valuation
300975,Nanjing Sunlord Electronics Corp. Ltd. Class A,26.0,17862145996.0,33.98248594954908,6.691958839305477,21.5555997094989,6.49582791960369,-1325069460.0,,4104710249.25,49.32315218530018,512.8951658045202,513.0608974358975,0.253846153846154,53999917.43333325,Distribution Services,Electronics Distributors,SZSE:300975,A,1403997853.2666645,1.5765038508566305,19.692375799817768,1.7256671462599016,8.64380455562116,stable_or_general,False,0.25,1.8265038508566305,reject_valuation
600350,Shandong Hi-speed Co. Ltd. Class A,10.47,50617957575.0,16.39523958659568,1.7272439323751831,10.5888389946727,1.8696491188713402,4641581210.0,,92427757104.0,-10.709586954812501,-5.290456958612853,-4.941947008038108,4.01146131805158,14820343.933333334,Transportation,Other Transportation,SSE:600350,A,155169000.98200002,1.548351013255014,10.535033192118357,1.5562589398257953,0.5081369409943082,stable_or_general,True,0.28,1.828351013255014,reject_valuation
688612,"Shenzhen VMAX New Energy (Group) Co., Ltd. Class A",34.0,14193771466.0,24.901127874615497,3.9475395218368603,16.4941545409685,7.58856670863959,-36889010.0,,1511565936.43,-4.757291409289567,25.466592307446646,25.611775528978843,1.94117647058824,5075517.333333333,Electronic Technology,Electronic Equipment/Instruments,SSE:688612,A,172567589.3333333,1.509694104827598,15.852854303282497,1.570766210187112,3.8880455260263735,technology_strict,False,0.33,1.839694104827598,reject_valuation
002472,"Zhejiang Shuanghuan Driveline Co., Ltd. Class A",35.7,30038486453.0,23.86682711592459,2.9199946016906524,12.9502872174803,6.67935563855422,297000960.0,,5946624093.87,8.878097658072729,12.673828035754257,11.178831574253017,1.28851540616246,23142535.733333252,Producer Manufacturing,Industrial Machinery,SZSE:002472,A,826188525.6799972,1.842957358019762,12.234532003386212,1.9507756495564237,5.526944708438297,cyclical,True,0.0,1.842957358019762,reject_valuation
600583,"Offshore Oil Engineering Co., Ltd. Class A",6.15,27191333552.0,13.087891040646948,0.9422976741335458,7.507903486178641,4.26122828258858,2044693700.0,,1245004000.0,1.640694340177858,0.6942498900208636,0.7072438919845627,3.1869918699187,46177143.3000003,Industrial Services,Engineering & Construction,SSE:600583,A,283989431.29500186,1.7432151418489263,7.199767106916311,1.817821444262319,4.104160100480514,cyclical,True,0.1,1.8432151418489264,reject_valuation
002926,"HUAXI Securities Co., Ltd. Class A",8.61,22601249099.0,11.711099020674647,0.892197468894846,7.84205336592214,1.8025089702764001,-1000392100.0,,33821362355.83,16.014219879905568,60.73665795002526,60.73458679492786,2.4274099883856,16961715.266666666,Finance,Investment Banks/Brokers,SZSE:002926,A,146040368.44599998,1.493371502872647,7.618392324407558,1.5372139582724045,2.852072423869323,financial_special,False,0.35,1.843371502872647,reject_valuation
603093,Nanhua Futures Co.Ltd. Class A,13.22,11669504942.42224,19.912637445398403,1.6124822224444841,12.7139430413729,1.04288957440476,17519295060.0,,1376977828.94,-72.44135147787448,40.143653953167544,26.746849942726232,0.396444780635401,16920473.001035232,Finance,Investment Banks/Brokers,SSE:603093,A,223688653.07368577,1.5662047077448729,8.097783263849418,2.4590232655760897,36.30785321675478,financial_special,True,0.28,1.8462047077448729,reject_valuation
601107,Sichuan Expressway Co. Ltd. Class A,5.86,16358561862.028656,11.376431760823142,0.9388588219084149,8.14810628640707,2.44858723534396,-519951490.00000006,,43301599219.46,5.012370505019266,-1.4287288290262576,-1.4351320321469483,5.06825938566553,11825191.066666666,Transportation,Other Transportation,SSE:601107,A,69295619.65066667,1.39620561648805,8.252665173464582,1.3785160940980186,1.2832292974864323,stable_or_general,False,0.44999999999999996,1.84620561648805,reject_valuation
002311,"Guangdong Haid Group Co., Limited Class A",46.24,75698313160.0,23.620760114425828,3.1793113738076726,13.5126472961291,6.09021585096707,3758156380.0,,14625951235.099998,10.518042189648789,-35.17578747410199,-35.03252356298951,2.81141868512111,9891848.300000004,Process Industries,Agricultural Commodities/Milling,SZSE:002311,A,457399065.3920002,1.748048298514559,13.459818220947016,1.7549092957039876,0.39096021693111327,cyclical,True,0.1,1.848048298514559,reject_valuation
000089,"Shenzhen Airport Co., Ltd. Class A",6.56,13453048008.0,14.165407039516301,1.1175373293242816,8.09845564364223,3.80274293669925,1594506180.0,,10299667650.92,5.8721411027799455,63.47735528649964,63.466290151782566,2.4390243902439,15935805.366666667,Transportation,Other Transportation,SZSE:000089,A,104538883.20533334,1.7491491789100542,7.8892002623487025,1.7955441069382996,2.5838924172882916,stable_or_general,True,0.1,1.8491491789100543,reject_valuation
300487,"Sunresin New Materials Co., Ltd. Class A",63.19,32172284921.0,36.753329843540975,6.800268610072017,19.8590111396739,13.105468805430402,811272080.0,,634019576.41,16.684201116892048,5.487120366689843,5.764025590551189,0.558632695046685,8614338.833333334,Process Industries,Industrial Specialties,SZSE:300487,A,544340070.8783333,1.8507129879249613,18.502455802020602,1.9864027908947763,6.830930946723724,cyclical,True,0.0,1.8507129879249613,reject_valuation
002683,"Guangdong Hongda Holdings Group Co., Ltd. Class A",30.46,23146098561.0,23.349942506707553,3.209910889670115,14.1381162858711,3.06333756475494,323210210.0,,13364567661.74,23.604593878964998,-1.5518644711264946,-2.086617128274416,2.13394615889691,9700603.466666646,Industrial Services,Engineering & Construction,SZSE:002683,A,295480381.59466606,1.6515596586259709,13.746975559995617,1.6985512489494088,2.766568883482512,cyclical,True,0.2,1.8515596586259708,reject_valuation
002539,Chengdu Wintrue Holding Co. Ltd. Class A,13.82,16512586742.0,16.237809893079547,1.6897943512938178,10.7898596447138,3.9350940299993695,-2839390270.0,,14210510384.5,4.518132410687283,18.876943236421678,17.89721568084222,1.44717800289436,23953939.633333303,Process Industries,Chemicals: Agricultural,SZSE:002539,A,331043445.73266625,1.5049139124840074,10.406541044762433,1.5603464996904008,3.5525818923804575,cyclical,False,0.35,1.8549139124840073,reject_valuation
002096,"Explosive Co., Ltd. Class A",9.72,12057084867.0,16.40506329113924,1.4839989190625158,9.32589263310165,6.07010505480884,524694040.0,,897536376.85,10.092186615767385,-1.1417418654433553,-1.1346570999499463,2.63374485596708,6919362.866666666,Process Industries,Industrial Specialties,SZSE:002096,A,67256207.064,1.7590877288154199,9.045981065273052,1.8135195257170322,3.001445318328788,cyclical,True,0.1,1.85908772881542,reject_valuation
300014,EVE Energy Co. Ltd. Class A,54.32,118053479644.0,19.846547314578004,2.3532306668584373,13.1489691431027,4.68012335761761,-5757619500.0,,44101841246.92,43.296018907174464,64.53650844369744,62.06774040738986,0.881480117820324,43295450.39999989,Producer Manufacturing,Electrical Products,SZSE:300014,A,2351808865.727994,1.5093614638976107,11.857128746670735,1.673807187102573,9.824651517336614,cyclical,False,0.35,1.8593614638976108,reject_valuation
000887,"Anhui Zhongding Sealing Parts Co., Ltd. Class A",20.95,27370145341.0,18.986768171107485,1.8673728515184547,10.2027971494907,5.49308730505513,1554884850.0,,6920155465.49,5.322094503261137,7.380686546824202,7.376411054885155,0.954653937947494,49166863.96666666,Producer Manufacturing,Auto Parts: OEM,SZSE:000887,A,1030045800.1016666,1.8609375343755865,9.835127467138248,1.9305055511021365,3.6036165079573745,cyclical,True,0.0,1.8609375343755865,reject_valuation
600941,China Mobile Limited Class A,97.86,1490015201191.9268,16.125364575609275,1.4565512806964536,9.13170696555659,6.15206659097834,129735808730.0,,98828000000.6663,0.64261927344586,-7.452583089261529,-7.534434422233064,4.8065603923973,11822442.733333332,Communications,Specialty Telecommunications,SSE:600941,A,1156944245.8839998,1.7658653126334098,9.032671936605933,1.7852264190244078,1.0845182540810905,stable_or_general,True,0.1,1.86586531263341,reject_valuation
000422,"Hubei Yihua Chemical Industry Co., Ltd Class A",13.13,14279987456.0,19.131575112924377,2.2653866858065674,12.5892900252497,1.59096940929193,-604466020.0,,27999872265.89,35.833259332351034,42.50223665476812,43.00896020004168,1.9040365575019,27248070.366666637,Process Industries,Chemicals: Agricultural,SZSE:000422,A,357767163.914333,1.5196706942610068,11.841088213777969,1.615693994295507,5.943161290041776,cyclical,False,0.35,1.8696706942610066,reject_valuation
601022,"Ningbo Ocean Shipping Co., Ltd. Class A",8.39,12199370823.0,17.73784355179704,1.71562362612083,9.99845338151612,6.75359168650804,76412190.0,,1271945987.6200001,15.078508490095615,-5.435286871374171,-5.43782487005198,1.78784266984505,6545387.466666667,Transportation,Marine Shipping,SSE:601022,A,54915800.84533334,1.7740587343827128,9.672109358225894,1.8339167698420857,3.2639450406752757,cyclical,True,0.1,1.8740587343827129,reject_valuation
601038,"First Tractor Co., Ltd. Class A",14.33,13640506052.821001,19.512527233115467,1.9587527406135694,10.3711776681873,5.05672727240822,1599334420.0,,3085117815.98,6.970360291186324,5.026905845900442,5.034324942791764,1.85554780181438,11032797.266666668,Producer Manufacturing,Trucks/Construction/Farm Machinery,SSE:601038,A,158099984.83133334,1.8814186640508987,10.038436934449445,1.9437814233960344,3.208321604194564,cyclical,True,0.0,1.8814186640508987,reject_valuation
600023,"Zhejiang Zheneng Electric Power Co., Ltd. Class A",4.94,66239143756.00001,12.001943634596696,0.8994213843806556,7.48910867852758,3.5018868006689505,5509206480.0,,49218151587.03,-7.98053776745644,-24.79333004031224,-24.794445459528593,6.68016194331984,42310102.26666675,Utilities,Electric Utilities,SSE:600023,A,209011905.19733375,1.6025863890863414,7.49396440913113,1.601547989735947,0.06483722979575557,stable_or_general,True,0.28,1.8825863890863415,reject_valuation
600025,Huaneng Lancang River Hydropower Co Ltd Class A,9.56,178113264068.0,21.53153153153153,2.547112251450069,12.7305806719915,3.65869253572344,2842713370.0,,142525189655.12,3.1730773656245166,-5.325025842935046,-8.52904820766378,2.14435146443515,29944775.133333333,Utilities,Electric Utilities,SSE:600025,A,286272050.27466667,1.6913235999441067,11.82968451510283,1.8201272826880934,7.076630517496573,stable_or_general,True,0.2,1.8913235999441067,reject_valuation
301603,"Jirfine Intelligent Equipment Co., Ltd. Class A",127.37,13497352683.0,34.52322870927522,5.787096460543289,18.2268265691652,10.6647126789777,97974560.0,,797489202.13,39.002125517290835,65.12981444037712,65.132933488497,0.235534270236319,2508462.7333333334,Producer Manufacturing,Industrial Machinery,SZSE:301603,A,319502898.34466666,1.8940888353916239,16.762906242858136,2.0595013900995776,8.031679682428184,cyclical,True,0.0,1.8940888353916239,reject_valuation
603733,"Xianhe Co., Ltd. Class A",21.89,17889672812.0,18.59023354564756,1.768243033655586,12.0207897780125,4.0850786553918,-12289560.0,,13831267389.529999,13.23071135987058,5.770645521641219,7.152607152607153,3.19780721790772,11650473.1,Process Industries,Pulp & Paper,SSE:603733,A,255028856.159,1.5465068343222657,9.511677350979683,1.9544642716179608,20.8731079518776,cyclical,False,0.35,1.8965068343222655,reject_valuation
000088,"Shenzhen Yan Tian Port Holdings Co., Ltd. Class A",4.53,19414369953.0,15.800488315312172,1.3013614021379099,8.32576482289354,6.2313488827644,989092670.0,,2558008466.15,17.197899006152976,8.434462472217717,2.4294390853876484,4.3046357615894,23782845.599999964,Transportation,Marine Shipping,SZSE:000088,A,107736290.56799984,1.8977822039682433,8.236210021919177,1.9184173634793238,1.0756345258289168,cyclical,True,0.0,1.8977822039682433,reject_valuation
000728,Guoyuan Securities Company Limited Class A,7.7,33601088473.999996,12.331838565022423,0.8700771430734514,7.11663566317801,1.43390867090853,6186633110.0,,97896264134.39,-20.426493423666095,2.8596121087374704,2.866556836902796,2.33766233766234,28896680.833333302,Finance,Investment Banks/Brokers,SZSE:000728,A,222504442.41666642,1.7328185885401233,7.055534651104714,1.7478248176545452,0.8585659708482241,financial_special,True,0.18,1.9128185885401232,reject_valuation
601021,"Spring Airlines Co., Ltd. Class A",44.08,43124939609.0,19.483734087694483,2.429126594527632,12.4409140729155,4.41113664519835,-544999040.0,,26726964719.0,14.987881106649482,5.287859557042256,6.225936707672084,2.83575317604356,5503200.466666667,Transportation,Airlines,SSE:601021,A,242581076.57066667,1.5661014916991958,12.467459182076487,1.5627670243913658,0.2133694437997713,cyclical,False,0.35,1.9161014916991959,reject_valuation
002773,"Chengdu Kanghong Pharmaceutical Group Co., Ltd. Class A",20.81,19171425111.0,19.2115952732644,2.080637968993395,11.0413020397294,10.2508474305593,834985420.0,,2147348.3299999996,-6.5381754301358,-18.775456578509132,-18.873576992210907,3.36376741950985,8996382.7,Health Technology,Pharmaceuticals: Major,SZSE:002773,A,187214723.98699996,1.7399755213774803,10.83011555989258,1.7739049197601504,1.912695432811451,health_special,True,0.18,1.9199755213774803,reject_valuation
600998,"Jointown Pharmaceutical Group Co., Ltd. Class A",4.9,24708104534.0,12.293025589563472,0.9156721968284106,7.111329702677111,1.75881009851683,2380419290.0,,51788103491.7,7.587990445246297,-26.788936417133513,-27.23621759766337,4.08163265306122,36319225.93333333,Distribution Services,Medical Distributors,SSE:600998,A,177964207.07333332,1.728653585690968,7.448713013383764,1.6503556476770553,4.744306969477785,stable_or_general,True,0.2,1.928653585690968,reject_valuation
300627,Shanghai HuaCe Navigation Technology Ltd. Class A,28.75,22699081345.0,32.79342990760807,5.20784273945208,16.9805665038021,12.0619586775201,606993180.0,,466543393.97,5.39501310205076,5.0830198452572795,2.995770676691739,1.56521739130435,8975615.399999993,Electronic Technology,Telecommunications Equipment,SZSE:300627,A,258048942.7499998,1.9312329715422236,15.880750364096137,2.06497987536841,6.476910764194477,technology_strict,True,0.0,1.9312329715422236,reject_valuation
603786,Keboda Technology Co. Ltd. Class A,38.63,15600984345.0,22.684831757589993,2.7490553013428602,12.3444738634026,8.74157460699875,7515840.0,,1261699306.32,11.104603583856042,-19.23896890497505,-18.924966673014662,1.60497023039089,1975941.1666666667,Producer Manufacturing,Auto Parts: OEM,SSE:603786,A,76330607.26833335,1.837650758437201,12.11847339543556,1.8719215710894959,1.8307825061467997,cyclical,True,0.1,1.9376507584372011,reject_valuation
600109,"Sinolink Securities Co., Ltd. Class A",8.75,32228550720.0,12.989904988123516,0.8856454584100893,7.0160663118469,1.42352612977417,44944144570.0,,77845294480.83,21.86766297414804,6.576710442043991,-51.689019579717424,0.914285714285714,24506499.333333332,Finance,Investment Banks/Brokers,SSE:600109,A,214431869.16666666,1.8514512849158165,6.8179517804004135,1.905250345927297,2.823726610336663,financial_special,True,0.1,1.9514512849158165,reject_valuation
002768,"Qingdao Gon Technology Co., Ltd. Class A",64.97,21222183599.9661,26.521614891619382,4.113123884987003,16.5360455394553,4.90629693960728,-119503750.0,,9882518014.04,15.650498611582,48.55155551977145,44.90121850230686,0.519990764828028,11621249.766666662,Process Industries,Chemicals: Specialty,SZSE:002768,A,755032597.340333,1.6038668270680758,15.508572542793074,1.7101261136985901,6.213535117635338,cyclical,False,0.35,1.953866827068076,reject_valuation
300201,"Xuzhou Handler Special Vehicle Co., Ltd. Class A",13.99,14116520295.0,39.59807529012171,7.452469862510188,20.2606360909698,11.1085289360248,379366150.0,,943672087.3100001,11.862160321320006,37.78623825159661,36.620262954369686,0.215103645461044,41288990.73333332,Consumer Durables,Motor Vehicles,SZSE:300201,A,577632980.3593332,1.9544339630960867,18.820283076660825,2.1040106107238943,7.109120403929192,stable_or_general,True,0.0,1.9544339630960867,reject_valuation
601808,China Oilfield Services Limited Class A,12.85,49475349917.74573,15.776550030693677,1.2959651612291598,8.44756443396125,4.56132608653857,4466234320.0,,16008913035.0,3.373522225097688,10.774226094930524,10.771113831089359,2.19844357976654,22204601.7,Industrial Services,Contract Drilling,SSE:601808,A,285329131.84499997,1.867585640100966,8.214502909114012,1.9205726999243684,2.758919765208001,cyclical,True,0.1,1.9675856401009661,reject_valuation
000027,"Shenzhen Energy Group Co., Ltd. Class A",6.32,30066706481.0,13.065949968989043,0.8980551138696939,6.979274686689571,1.35211447038943,722845570.0,,100069496398.37999,3.472779752376199,73.82807971577735,73.80524613726196,2.53164556962025,26223932.733333293,Utilities,Electric Utilities,SZSE:000027,A,165735254.87466642,1.8721071394292006,6.873247762322325,1.9009863198317667,1.5191682392076244,stable_or_general,True,0.1,1.9721071394292007,reject_valuation
600535,Tasly Pharmaceutical Group Co. Ltd. Class A,14.89,22077609991.0,18.189591986318106,1.7011679677726352,9.60921139112179,7.944411139796371,1676497220.0,,647259454.59,-3.1527174537989042,14.510961535260227,14.505525248286478,2.08193418401612,19110745.1,Health Technology,Pharmaceuticals: Major,SSE:600535,A,284558994.53900003,1.8929328584782683,9.352425106908523,1.9449064577787076,2.6722930088781127,health_special,True,0.08,1.9729328584782684,reject_valuation
600312,"Henan Pinggao Electric Co., Ltd. Class A",19.77,26826336437.0,21.09249973327643,2.2607255819910392,11.0969931034504,5.74219725554296,170351820.0,,1265291216.78,-6.580960823347122,10.177599817688396,10.16690173953926,1.67425392008093,27801184.666666664,Producer Manufacturing,Electrical Products,SSE:600312,A,549629420.8599999,1.9007400956857508,10.718149155286804,1.9679236991092257,3.4139333478165557,cyclical,True,0.08,1.9807400956857508,reject_valuation
600388,Zijin Longking Co Ltd Class A,18.38,23343449278.0,18.946500360787546,2.1189664792876215,11.5447627712498,4.22614677924966,-280812880.0,,6639669975.5,25.34631908897141,44.90522749656029,38.03357996585088,2.06746463547334,13717125.69999996,Producer Manufacturing,Industrial Machinery,SSE:600388,A,252120770.36599925,1.6411337968737192,11.183946580832002,1.694080012261474,3.125366866059387,cyclical,False,0.35,1.991133796873719,reject_valuation
300896,"IMEIK Technology Development Co., Ltd. Class A",94.09,27192523045.0,25.902271163110807,3.584852104371813,14.249895733054702,12.175250625837,1098345030.0,,247814437.94,-11.19821595521357,-32.66755158991283,-32.706557984438675,2.12562440216814,5950620.0666666655,Process Industries,Chemicals: Specialty,SZSE:300896,A,559893842.0726665,1.8177165397096016,13.839914198247008,1.8715629874635815,2.8770844537246876,cyclical,True,0.18,1.9977165397096015,reject_valuation
002204,"Dalian Huarui Heavy Industry Group Co., Ltd. Class A",5.25,10139692474.0,15.643623361144218,1.250500200080032,8.23118425412801,2.34947597832249,1272552750.0,,5450853253.45,9.22197119401137,19.723320996288965,19.728861933642534,1.80952380952381,20884540.133333825,Non-Energy Minerals,Steel,SZSE:002204,A,109643835.70000258,1.9005313060874327,7.993673659940167,1.957000501476728,2.885497236545642,cyclical,True,0.1,2.000531306087433,reject_valuation
002967,GRG Metrology & Test Group Co. Ltd. Class A,17.21,11007879488.0,21.79584599797366,2.1573742461412335,10.8703522816517,6.4121210182104305,502859640.0,,1584628107.41,14.049152490482319,21.44709006445927,23.163313055685535,2.03370133643231,4726073.966666667,Commercial Services,Miscellaneous Commercial Services,SZSE:002967,A,81335732.96633334,2.005072644679909,9.898098226340021,2.2020236109571343,8.944089668122047,financial_special,True,0.0,2.005072644679909,reject_valuation
002064,"Huafon Chemical Co., Ltd. Class A",11.89,59004650430.0,20.653117943373285,2.050364116386186,10.2954181649087,7.67529636613711,2766058430.0,,5843504817.22,3.5709470003315897,69.54358683605764,69.52296819787985,1.26156433978133,48227387.40000005,Process Industries,Textiles,SZSE:002064,A,573423636.1860006,2.006049449624899,9.927625078246654,2.080368444677495,3.5723958053073157,cyclical,True,0.0,2.006049449624899,reject_valuation
603556,"Hexing Electrical Co., Ltd. Class A",24.69,12005862374.0,18.095866314863677,1.7454770652514329,9.45240758371052,6.84777234219789,443970400.0,,540381357.45,19.295663458474966,-24.04986669313142,-23.46011443958263,3.24017820980154,12907920.399999999,Electronic Technology,Electronic Equipment/Instruments,SSE:603556,A,318696554.676,1.9144187504195822,9.645722591450202,1.8760508757429468,2.045140415578617,technology_strict,True,0.1,2.014418750419582,reject_valuation
600177,"Youngor Fashion Co., Ltd. Class A",7.86,35347426128.0,12.470252260828179,0.8392925596607805,6.73168610497687,3.96566226491435,2068259500.0,,22668469750.489998,-14.4931108292691,9.083694810995015,11.321087954786282,5.59796437659033,30296800.666666638,Consumer Non-Durables,Apparel/Footwear,SSE:600177,A,238132853.23999977,1.8524708470302371,6.730357510867556,1.8528365307032166,0.019736423959682003,stable_or_general,True,0.18,2.032470847030237,reject_valuation
600621,"Shanghai Chinafortune Co., Ltd. Class A",13.51,14332749678.0,17.61178464346239,1.5682132119931744,9.10956627027666,1.41703045657592,11896559240.0,,22740441797.89,10.206420859533766,85.4753692801391,85.46905222437137,1.33234641006662,9250075.733333332,Finance,Investment Banks/Brokers,SSE:600621,A,124968523.15733331,1.9333285604307386,8.904340154847997,1.9778876746834069,2.2528637405964225,financial_special,True,0.1,2.0333285604307387,reject_valuation
002939,"China Great Wall Securities Co., Ltd. Class A",8.13,32799891988.000004,13.892686261107313,1.0158195464671846,7.446464971130901,1.6533086748278798,7080677430.0,,69323061964.52,-18.582176445654436,5.272700449355104,5.270732146069456,2.41082410824108,25026444.166666668,Finance,Investment Banks/Brokers,SZSE:002939,A,203464991.07500002,1.86567536609219,7.3119015817047535,1.9000100187163986,1.8070774514865051,financial_special,True,0.18,2.04567536609219,reject_valuation
688009,China Railway Signal & Communication Corporation Ltd Class A,4.99,48465016686.803375,14.9311789347696,1.1244259568887427,7.66595090488387,3.03975837498836,1823162790.0,,12435836546.66,3.1725654665142025,0.6593492421616377,0.6626506024096324,3.40681362725451,32420844.2,Electronic Technology,Electronic Equipment/Instruments,SSE:688009,A,161780012.558,1.9477269186862591,7.530724544934224,1.9827015110801682,1.7639867725149916,technology_strict,True,0.1,2.047726918686259,reject_valuation
002850,Shenzhen Kedali Industry Co Ltd Class A,177.3,50766697068.0,25.49355112370052,3.3575043346460363,14.171055134112201,8.58294402300094,-6540090.0,,5509968291.26,34.38199545199458,21.642998887527323,19.56024686688785,1.41003948110547,4872816.233333333,Producer Manufacturing,Electrical Products,SZSE:002850,A,863950318.1700001,1.7989875053363595,13.170014323836881,1.935726909389827,7.063982186235663,cyclical,False,0.25,2.0489875053363598,reject_valuation
605507,Guobang Pharma Ltd. Class A,15.32,11985646270.0,16.7964039030808,1.4080947063175844,8.5876063899907,6.35992462395481,467212420.0,,2201081514.47,1.705888256252241,-15.130095303041305,-14.757009345794394,1.99818537859008,7009088.8,Health Technology,Pharmaceuticals: Major,SSE:605507,A,107379240.416,1.955888886879804,8.38331058506703,2.0035526219200075,2.3789609775523357,health_special,True,0.1,2.0558888868798038,reject_valuation
000301,"Jiangsu Eastern Shenghong Co., Ltd. Class A",14.1,93262152360.0,22.67610164039884,2.4032766375944052,11.5847045875719,2.00228173845596,23277682780.0,,146631544364.7,7.027715956081586,,,0.0,30195191.36666664,Utilities,Electric Utilities,SZSE:000301,A,425752198.2699996,1.9574173401647046,10.598279526639725,2.1396021480090637,8.514891799575219,stable_or_general,True,0.1,2.0574173401647045,reject_valuation
600380,"Joincare Pharmaceutical Group Industry Co., Ltd. Class A",9.37,16990184319.0,14.30534351145038,1.1261910943164006,8.02409164269877,3.41054780238642,3443578690.0,,5528285476.78,-8.788941985322317,-14.108357913916375,-13.462808825472319,2.34791889007471,18494335.39999996,Health Technology,Pharmaceuticals: Major,SSE:600380,A,173291922.69799963,1.782799119008942,7.8725204565340725,1.817123701416001,1.8889513344805042,health_special,True,0.28,2.0627991190089423,reject_valuation
600150,China CSSC Holdings Limited Class A,34.78,261741109436.0,20.900186286881798,1.7502233069558546,10.6382881401994,3.57594049993486,15235644960.0,,35876352617.63,85.82043234416467,147.06098119658682,71.48598516075843,1.04945370902818,77707921.1,Producer Manufacturing,Trucks/Construction/Farm Machinery,SSE:600150,A,2702681495.858,1.964619308242393,8.374199554644155,2.4957831671554795,21.282452173858925,cyclical,True,0.1,2.064619308242393,reject_valuation
000157,Zoomlion Heavy Industry Science & Technology Co. Ltd. Class A,6.82,56829297698.928566,14.38818565400844,1.0231253328532746,7.310391317791,3.06155486487771,2511291680.0,,56607962392.32,18.941126207368285,4.973302554368094,2.7308192457737324,5.86510263929619,51147846.63333335,Producer Manufacturing,Industrial Machinery,SZSE:000157,A,348828314.03933346,1.968182690712124,7.110871081707509,2.0234069059445603,2.729268891501424,cyclical,True,0.1,2.068182690712124,reject_valuation
601878,Zheshang Securities Co. Ltd. Class A,9.37,42856471620.0,14.783843483748814,1.1316479789757437,7.8221685327132,1.22164083605465,12968401600.0,,99688146501.12001,-33.742291657316805,25.165384856772704,21.884615384615387,1.81430096051227,22406325.8,Finance,Investment Banks/Brokers,SSE:601878,A,209947272.746,1.8899929631944257,7.654626350851936,1.9313605662937967,2.141889185340151,financial_special,True,0.18,2.0699929631944256,reject_valuation
300674,"Yusys Technologies Co., Ltd. Class A",17.11,11696077566.0,22.98186702484889,2.5695629189994476,11.5211343603083,9.06086008371941,422481280.0,,218668766.17,-9.890042892606651,19.083783033793267,19.005754475703323,1.75336060783168,21985015.100000065,Technology Services,Packaged Software,SZSE:300674,A,376163608.3610011,1.9947573134833143,11.180827546435353,2.055471022104792,2.953761350491202,technology_strict,True,0.08,2.0747573134833144,reject_valuation
000960,"Yunnan Tin Co., Ltd. Class A",36.27,58846534976.0,24.784747847478478,2.7799941594829076,11.7862147016724,6.07710118744611,1328482020.0,,14121812410.619999,22.555134672751816,41.12314878968649,41.15944824925244,0.992555831265509,56203722.833333336,Non-Energy Minerals,Other Metals/Minerals,SZSE:000960,A,2038509027.1650002,2.1028590157925477,11.216552117417388,2.209658332438183,4.833295495407675,cyclical,True,0.0,2.1028590157925477,reject_valuation
002085,"Zhejiang Wanfeng Auto Wheel Co., Ltd. Class A",10.43,20947550481.0,24.43767572633552,3.223224522465226,12.607700368585501,4.85829096722115,809739470.0,,6882614388.43,-2.5176030242548055,19.72001683356685,18.161683277962346,1.43815915627996,23536577.03333316,Producer Manufacturing,Auto Parts: OEM,SZSE:002085,A,245486498.45766485,1.938313491905841,13.189570720883589,1.852802964060259,4.615198135164511,cyclical,True,0.18,2.118313491905841,reject_valuation
300037,"Shenzhen Capchem Technology Co., Ltd. Class A",65.41,48709553469.0,31.693962593274538,4.30593252305527,14.9238159492209,7.71977932156034,614457860.0,,7061072553.2699995,51.23600557428962,58.13105407425528,56.47888391841688,0.764409111756612,17675614.733333338,Process Industries,Chemicals: Specialty,SZSE:300037,A,1156161959.7073336,2.12371706412857,13.585970862378026,2.3328448819981475,8.964497360426883,cyclical,True,0.0,2.12371706412857,reject_valuation
601886,"Jangho Group Co., Ltd. Class A",12.91,14355327282.0,20.235109717868337,2.0221829237538356,9.9988436920405,2.45935594183918,1483502350.0,,7293738759.879999,6.9461800828619715,12.38938861537444,12.383301039281317,3.87296669248644,18668281.533333335,Producer Manufacturing,Building Products,SSE:601886,A,241007514.59533337,2.0237449790295585,9.993436912121977,2.024839892001847,0.05407405181088176,cyclical,True,0.1,2.1237449790295586,reject_valuation
603833,"Oppein Home Group, Inc. Class A",32.8,19867850807.0,14.343814230113262,1.0773158019893554,7.76512176586144,4.19053885992091,1318855460.0,,8460613991.38,-19.423136239185272,-45.949222287754324,-46.67459540133388,7.55182926829268,5120932.933333334,Consumer Durables,Home Furnishings,SSE:603833,A,167966600.21333334,1.8472104704364545,7.510664769539815,1.9097928971994471,3.276922165474827,stable_or_general,True,0.28,2.1272104704364545,reject_valuation
600827,"Shanghai Bailian Group Co., Ltd. Class A",7.78,13194005808.0,11.285175514940528,0.6745087703479703,6.08190232386229,2.26172235233674,1641753390.0,,10824585494.02,-8.817541528095042,-21.530004064729255,-21.53425904848623,1.9280205655527,14138482.333333334,Retail Trade,Food Retail,SSE:600827,A,109997392.55333334,1.8555338303713365,5.9769453249086215,1.8881175753624722,1.7257264810365602,stable_or_general,True,0.28,2.1355338303713367,reject_valuation
002487,"Dajin Heavy Industry Co., Ltd. Class A",35.76,22806175408.079998,19.724214009928296,1.8273875103991433,10.4248309095974,6.547501051459021,-581320470.0,,3389483859.92,25.081488421063263,36.7184655163314,36.58279343076692,0.46420581655481,25286755.50000005,Producer Manufacturing,Electrical Products,SZSE:002487,A,904254376.6800017,1.8920416245571539,9.264691153114224,2.1289661667025155,11.128619414010043,cyclical,False,0.25,2.142041624557154,reject_valuation
600332,Guangzhou Baiyunshan Pharmaceutical Holdings Company Limited Class A,20.42,31382664333.69279,12.953565085003808,0.848375166289011,6.66618889697306,3.01088384701692,2269600700.0,,24117278923.28,2.8079167814515458,-8.535882784453994,-8.534957934435742,4.16258570029383,10671263.4,Health Technology,Pharmaceuticals: Major,SSE:600332,A,217907198.62800002,1.943174021199081,6.549356572664039,1.977837813728131,1.7526104662601405,health_special,True,0.2,2.143174021199081,reject_valuation
600875,Dongfang Electric Corporation Limited Class A,25.25,97408793044.0165,18.840471571407253,1.8934891718665754,10.471922405383,2.89134974578763,-3422200650.0,,23366203069.710003,6.317380334128685,47.58327013987736,35.4421424962102,2.0990099009901,49812261.833333336,Producer Manufacturing,Electrical Products,SSE:600875,A,1257759611.2916667,1.7991416324592393,10.050115596576571,1.8746522256743983,4.0279787461908745,cyclical,False,0.35,2.1491416324592394,reject_valuation
300008,"Bestway Marine & Energy Technology Co., Ltd. Class A",6.29,10869303444.0,31.73562058526741,4.338110542505207,14.7378130898096,6.44548848459323,486756970.0,,1441916381.3,19.153616344997996,130.61419947070914,130.46511627906978,0.508744038155803,48022898.000000134,Producer Manufacturing,Trucks/Construction/Farm Machinery,SZSE:300008,A,302064028.42000085,2.1533466594993573,13.669531153013228,2.3216319733301023,7.248578403637329,cyclical,True,0.0,2.1533466594993573,reject_valuation
002756,"Yongxing Special Materials Technology Co., Ltd. Class A",46.6,24887732632.0,20.246784845324992,1.8345192752467843,9.37889273748012,8.16290071936643,1264037850.0,,728618669.5899999,21.359238478085587,80.46175167639915,79.7282523816961,1.50214592274678,13637694.100000005,Non-Energy Minerals,Steel,SZSE:002756,A,635516545.0600003,2.1587606780504465,9.060793055596564,2.2345488657661368,3.391654972365332,cyclical,True,0.0,2.1587606780504465,reject_valuation
000938,"Unisplendour Co., Ltd. Class A",35.89,102648263496.0,36.510681586978635,5.744109446971419,17.5837516585061,2.71632563175834,1475584280.0,,36938683671.67,27.505023017627895,74.3114950015559,74.29078014184398,0.181108943995542,299102985.3,Electronic Technology,Computer Peripherals,SZSE:000938,A,10734806142.417,2.076387468161078,15.732682046176944,2.320690234495063,10.527159665802643,technology_strict,True,0.1,2.176387468161078,reject_valuation
300953,"Ningbo Zhenyu Technology Co., Ltd. Class A",92.6,22551677253.0,31.450599463369898,4.583722735264766,16.2431411302086,5.43958530461322,-63244990.0,,6524398704.690001,50.25045292541995,117.31290797484615,153.2731182795699,0.165292656587473,6796563.299999995,Producer Manufacturing,Industrial Machinery,SZSE:300953,A,629361761.5799996,1.9362387614104293,14.574357288812152,2.1579407475836074,10.273775423233145,cyclical,False,0.25,2.1862387614104293,reject_valuation
002507,"Chongqing Fuling Zhacai Group Co., Ltd. Class A",11.25,12927545334.0,17.63046544428773,1.457733502991917,8.38692100447451,7.81880363706049,625102440.0,,510105.88999999996,3.796791997951977,-7.015916825595831,-7.023167710913597,3.73333333333333,12493190.39999999,Consumer Non-Durables,Food: Specialty/Candy,SZSE:002507,A,140548391.99999988,2.102138011659069,8.268264428970152,2.1323054669749695,1.4147811269601185,stable_or_general,True,0.1,2.202138011659069,reject_valuation
300144,"Songcheng Performance Development Co., Ltd. Class A",5.93,15470627083.0,20.308219178082194,2.147539202549524,10.036328470334,8.31286011038563,924928830.0,,160251258.76999998,-7.353302718242251,-14.789366232039402,-14.868804664723045,4.21585160202361,33733952.30000002,Consumer Services,Movies/Entertainment,SZSE:300144,A,200042337.13900012,2.0234709573436622,10.574729294173034,1.9204481375492588,5.364519758699338,stable_or_general,True,0.18,2.2034709573436624,reject_valuation
300724,Shenzhen S.C New Energy Technology Corp. Class A,58.21,20250215563.0,17.39065487571702,1.5214569603584793,9.0046801574755,4.19085282566412,763714310.0,,815378340.47,-52.33815628255654,-65.50683407399445,-65.51269370260468,2.0615014602302,10277626.3,Electronic Technology,Semiconductors,SZSE:300724,A,598260626.9230001,1.9312906812442034,8.748704239326406,1.9877977812467444,2.842698615303807,technology_strict,True,0.28,2.2112906812442032,reject_valuation
002241,GoerTek Inc. Class A,23.51,82415879339.0,20.7027122226136,2.1700102916268618,11.0977948583618,4.32936577752507,-3860132110.0,,29122453936.49,0.9436719888987779,39.64089203406792,36.76984222570154,1.48872820076563,87410141.20000002,Electronic Technology,Computer Processing Hardware,SZSE:002241,A,2055012419.6120005,1.865479808091319,10.4817681291853,1.9751164085541288,5.550893101185284,technology_strict,False,0.35,2.215479808091319,reject_valuation
002832,"BIEM.L.FDLKK Garment Co., Ltd. Class A",24.47,13965202156.0,23.0631479736098,2.4378483174164187,10.8696560098411,7.95545630480695,280287830.0,,778239511.9300001,13.121060798270776,-19.27026344806632,-19.266473900471777,2.94237842255824,15225888.166666662,Consumer Non-Durables,Apparel/Footwear,SZSE:002832,A,372577483.4383332,2.1217918904452024,10.570319022389949,2.1818781367674585,2.753877281674233,stable_or_general,True,0.1,2.2217918904452025,reject_valuation
002249,"Zhongshan Broad-Ocean Motor Co., Ltd. Class A",6.69,16394999541.000002,18.24379601854377,1.687046558954586,9.32582011138325,4.77375037549894,1403696210.0,,3721954697.83,-3.0449576594773027,-13.68056950347235,-14.402427637721749,4.42451420029895,39470501.233333275,Producer Manufacturing,Electrical Products,SZSE:002249,A,264057653.25099963,1.9562672023101852,9.247234277558245,1.972892161153409,0.8426694155196146,cyclical,True,0.28,2.2362672023101853,reject_valuation
601607,Shanghai Pharmaceuticals Holding Co. Ltd. Class A,16.41,54881761378.48789,12.757521573505404,0.7767172266509147,6.217450380014,1.98710717856934,7849879170.0,,65935288668.77,4.334769418667731,-21.40778812228139,-21.423335369578496,2.86410725167581,12890728.433333334,Health Technology,Pharmaceuticals: Major,SSE:601607,A,211536853.59100002,2.051889567870854,6.08830815747149,2.095413248399647,2.0770929343905675,health_special,True,0.2,2.251889567870854,reject_valuation
601018,"Ningbo Zhoushan Port Co., Ltd. Class A",3.46,67312185547.0,13.16089767972613,0.824600747860447,6.36856117267079,4.2132924222693,182837000.0,,23125408000.0,13.28903931810948,-2.779060772115496,-2.773668639053237,3.46820809248555,57828870.03333333,Transportation,Marine Shipping,SSE:601018,A,200087890.31533334,2.0665417702515105,6.265535740245999,2.100522321688872,1.617719130451345,cyclical,True,0.2,2.2665417702515107,reject_valuation
300827,Sineng Electric Co.Ltd. Class A,25.68,14225796981.0,28.02881466928618,3.2966863680478173,14.594936378488802,4.63969979708815,-69670380.0,,4040508220.16,25.27838745972129,4.363315304728168,0.30654696737464693,0.467289719626168,15232478.666666692,Electronic Technology,Electronic Equipment/Instruments,SZSE:300827,A,391170052.1600006,1.9204478829107687,11.76177589721733,2.3830427406729795,19.411941291139932,technology_strict,False,0.35,2.270447882910769,reject_valuation
603283,"Suzhou Secote Precision Electronic Co., Ltd. Class A",47.45,16578795391.0,31.67133894006141,4.780249560257339,16.3138705555169,8.87082125825718,-140482790.0,,1538712886.04,-6.358356333216928,3.9980734373546456,2.969072164948447,0.673397260273973,24472533.933333334,Producer Manufacturing,Industrial Machinery,SSE:603283,A,1161221735.1366668,1.9413749074618616,15.093297979299356,2.0983710109943527,7.481808636790854,cyclical,False,0.33,2.2713749074618614,reject_valuation
600546,"Shanxi Coal International Energy Group Co., Ltd. Class A",13.99,27734563167.0,18.235140771637123,1.5999634032674022,9.14134365791913,3.68179647178729,5151810070.0,,6521009044.23,-15.882410299347585,-6.8432681176980985,-6.847984458474989,2.53752680486061,26833613.633333333,Energy Minerals,Coal,SSE:600546,A,375402254.7303333,1.9947987357241572,8.774066640362765,2.0782997803722165,4.017757468708605,cyclical,True,0.28,2.2747987357241573,reject_valuation
002461,"Guangzhou Zhujiang Brewery Co., Ltd. Class A",8.71,19278092306.0,19.97706422018349,1.7075518489983084,8.75964059394352,6.05327786119551,973678810.0,,2048448070.09,1.6160772845271942,4.589376012552796,4.581434396737828,2.18140068886338,6603098.433333334,Consumer Non-Durables,Beverages: Alcoholic,SZSE:002461,A,57512987.35433334,2.280580350978758,8.547561494411736,2.3371653112111783,2.4210936197361477,stable_or_general,True,0.0,2.280580350978758,reject_valuation
300919,"CNGR Advanced Material Co., Ltd. Class A",40.71,38894443000.9581,19.010927430652846,1.7449022366123437,9.753819944977572,2.59415589729916,-1311406270.0,,45405439183.45,45.68944969631465,60.03071220930089,48.79099499722067,1.62122328666175,12905151.266666658,Producer Manufacturing,Electrical Products,SZSE:300919,A,525368708.0659997,1.9490750842127176,9.178417218083204,2.0712642473037453,5.89925516505615,cyclical,False,0.35,2.2990750842127174,reject_valuation
002698,"Harbin Boshi Automation Co., Ltd. Class A",12.26,12536605260.0,25.44624325446243,2.941409333336532,11.9927766605062,6.944780820709749,451244710.0,,503114859.35,-6.789501736479885,-13.463971655052646,-13.142239048134122,2.03915171288744,21946875.166666668,Producer Manufacturing,Industrial Machinery,SZSE:002698,A,269068689.54333335,2.1217974764976884,11.559306825461185,2.201364116264575,3.614424309863873,cyclical,True,0.18,2.3017974764976885,reject_valuation
300130,"XGD, Inc. Class A",19.71,11104667578.0,24.083577712609973,2.4731945115409473,10.4519347099544,7.4192467729377904,63130600.0,,280684574.38,15.924928885358918,661.7156620152783,685.4126679462572,3.0441400304414,15457687.733333338,Electronic Technology,Computer Processing Hardware,SZSE:300130,A,304671025.2240001,2.3042219819525687,10.269215566946277,2.3452207771475995,1.748184887091786,technology_strict,True,0.0,2.3042219819525687,reject_valuation
600776,"Eastern Communications Co., Ltd. Class A",12.93,13322777461.0,29.690011481056256,4.030485809136391,14.4380209751135,11.3738042765276,-64122470.00000001,,178933528.62,1.5725674223742454,181.1655539410254,181.14912846998058,0.425367362722351,14134895.433333334,Electronic Technology,Telecommunications Equipment,SSE:600776,A,182764197.953,2.0563768076131956,13.575224825049485,2.18707327971992,5.975861591773524,technology_strict,False,0.25,2.3063768076131956,reject_valuation
000858,"Wuliangye Yibin Co., Ltd. Class A",71.51,277573432728.0,21.2158072746692,2.3427896724615573,10.720174839045,6.744340277107081,-5028360700.0,,2373806936.5800004,-18.30097325245516,87.54153488052566,87.5472957934565,7.21253670815271,34690136.86666673,Consumer Non-Durables,Beverages: Alcoholic,SZSE:000858,A,2480691687.3353376,1.9790542218954328,11.042660984476191,1.921258590161778,3.0082172191504997,stable_or_general,False,0.33,2.309054221895433,reject_valuation
002518,"Shenzhen Kstar Science and Technology Co., Ltd. Class A",35.47,20488172636.0,31.986653440346288,4.2361090377093715,13.829679674472601,8.58359282782261,789293920.0,,1371600786.92,29.58508394722193,50.02322260683878,50.01352813852814,1.26867775585001,13556994.899999944,Producer Manufacturing,Electrical Products,SZSE:002518,A,480866609.102998,2.3128990832223386,13.243364285074492,2.41529665361511,4.239544249751159,cyclical,True,0.0,2.3128990832223386,reject_valuation
301029,"Dongguan Yiheda Automation Co., Ltd. Class A",25.6,16276139305.0,29.59879754884958,3.710585895715143,12.788807942921002,10.766324499514802,233200020.0,,8985025.64,22.17325149555975,18.373989930547296,15.643802647412755,2.5234375,9866623.400000006,Producer Manufacturing,Industrial Machinery,SZSE:301029,A,252585559.04000017,2.3144297483358036,12.53627242657823,2.36105251558645,1.9746603238541605,cyclical,True,0.0,2.3144297483358036,reject_valuation
001301,"Shijiazhuang Shangtai Technology Co., Ltd. Class A",58.85,19410583236.0,24.78416508738682,2.962064435597119,12.6149196108586,6.289976326213739,-1850827020.0,,8688350618.56,38.95314591251861,-9.848453521551695,-10.237024156050367,0.693566694987256,6422962.900000003,Producer Manufacturing,Electrical Products,SZSE:001301,A,377991366.6650002,1.9646708700429012,11.95143925628778,2.0737389494196368,5.259489358931113,cyclical,False,0.35,2.3146708700429013,reject_valuation
601001,"Jinneng Holding Shanxi Coal Industry Co., Ltd. Class A",18.39,30779341081.0,18.334995014955137,1.6088140966758173,8.96478146780336,4.59978399534713,2686593440.0,,1298565344.61,-2.6193622380746495,-25.31093545032742,-24.97569002917197,2.97444263186514,23892990.8,Energy Minerals,Coal,SSE:601001,A,439392100.81200004,2.0452249818698323,8.774554317378165,2.0895642504192318,2.1219385113668388,cyclical,True,0.28,2.325224981869832,reject_valuation
000758,"China Nonferrous Metal Industry's Foreign Engineering and Construction Co., Ltd. Class A",6.52,12879162617.0,20.477386934673365,1.9923301401048112,10.2687294180334,2.48888564269759,-1127528000.0,,7878255043.92,21.103041080103694,21.158738474284387,20.56039379023098,0.843558282208589,32241481.93333333,Non-Energy Minerals,Steel,SZSE:000758,A,210214462.2053333,1.9941500161365688,9.729415898916749,2.104688210209338,5.251998540048575,cyclical,False,0.35,2.344150016136569,reject_valuation
002246,"North Chemical Industries Co., Ltd. Class A",20.16,11068541283.0,29.007194244604317,3.3917809878562126,12.3500160068135,7.579248115245761,253454280.0,,640500386.4100001,36.55480797165968,772.0016618410498,772.0200752823087,0.297619047619048,16250514.7,Process Industries,Textiles,SZSE:002246,A,327610376.352,2.3487576233586305,11.692895766667004,2.4807536835567516,5.320804764819432,cyclical,True,0.0,2.3487576233586305,reject_valuation
600179,"Antong Holdings Co., Ltd. Class A",4.73,30547055315.0,24.343798250128668,2.393579337287209,10.3400747444602,7.91912559835711,997176660.0,,1715179300.71,10.811468220530195,27.06620325965026,26.662320730117333,0.0,42073684.00000012,Transportation,Air Freight/Couriers,SSE:600179,A,199008525.3200006,2.3543155007821492,9.832398842175577,2.4758757899147845,4.909789482485271,stable_or_general,True,0.0,2.3543155007821492,reject_valuation
002673,"Western Securities Co., Ltd. Class A",6.83,28065797001.0,15.211581291759465,1.007297375422534,6.72994255580161,1.5787349544326903,1376856400.0,,67004249741.59,7.5463114927093216,30.582665552116662,30.67520372526193,1.75695461200586,27953137.43333326,Finance,Investment Banks/Brokers,SZSE:002673,A,190919928.66966617,2.260283972059491,6.62191100387581,2.2971588236169462,1.6052373557434163,financial_special,True,0.1,2.360283972059491,reject_valuation
600216,"Zhejiang Medicine Co., Ltd. Class A",13.19,12593946687.0,15.548744547919366,1.0762163529402164,7.04781960390628,5.54977556410951,1030533370.0000001,,1037053244.12,-3.752551607363884,-46.91487677656888,-46.29653076728285,2.12282031842305,33361923.133333366,Health Technology,Pharmaceuticals: Other,SSE:600216,A,440043766.12866706,2.206177998554534,6.921564307802773,2.2464205859347515,1.791409303858038,health_special,True,0.18,2.386177998554534,reject_valuation
001965,"China Merchants Expressway Network & Technology Holdings Co., Ltd. Class A",9.76,66320130852.0,14.079630698211194,0.8725870866051625,6.43168551044993,2.89488880307933,7533489390.0,,54381943147.37,20.110663752434448,-7.928686100201751,-5.093099671412926,3.82172131147541,16678226.233333332,Transportation,Other Transportation,SZSE:001965,A,162779488.0373333,2.189104345250589,6.197514020847322,2.2718190956647857,3.6409039158108003,stable_or_general,True,0.2,2.389104345250589,reject_valuation
002493,"Rongsheng Petrochemical Co., Ltd. Class A",14.55,145346397101.0,25.977504017139797,2.922696192259174,11.7568701451412,1.36079993982817,11688106680.0,,221908263933.72,-7.791848574858634,1043.0847480992038,1043.0612244897957,0.687285223367698,57191644.99999999,Distribution Services,Wholesale Distributors,SZSE:002493,A,832138434.7499999,2.209559491296721,11.25087379576882,2.3089321317344527,4.303835486194374,stable_or_general,True,0.18,2.3895594912967213,reject_valuation
300373,"Yangzhou Yangjie Electronic Technology Co., Ltd. Class A",94.43,51400515002.0,35.70267306892511,5.087943895221654,14.925969648492,8.64280963130643,607120650.0,,3605584795.5099998,23.867739980413187,21.12965084014756,21.253381011323526,0.97426665254686,18884820.93333334,Electronic Technology,Semiconductors,SZSE:300373,A,1783293640.7346675,2.3919834965316453,14.250876637161655,2.505296619846118,4.522942409966313,technology_strict,True,0.0,2.3919834965316453,reject_valuation
688029,"Micro-Tech (Nanjing) Co., Ltd. Class A",78.1,14670883791.0,28.573519189258406,3.48069927738722,12.4227862243661,9.70357388925286,472611020.0,,255012862.12,12.031810285336626,-15.799803960192465,-15.670122176971498,1.92061459667094,2436477.066666665,Health Technology,Medical Specialties,SSE:688029,A,190288858.90666652,2.3000894222275354,12.181556126610099,2.345637855482252,1.9418356993284536,health_special,True,0.1,2.4000894222275355,reject_valuation
601377,"China Industrial Securities Co., Ltd. Class A",5.93,51211403234.0,13.956224994116262,0.9107048517685795,6.266819139901781,1.07340903159044,39514214990.0,,191615826260.06003,-6.075860561600149,43.763588852239295,43.74154262516916,2.52951096121417,68087894.73333336,Finance,Investment Managers,SSE:601377,A,403761215.7686668,2.227002995068882,6.5254383055053875,2.138741390343337,4.126801170260985,financial_special,True,0.18,2.4070029950688823,reject_valuation
600116,"Chongqing Three Gorges Water Conservancy and Electric Power Co., Ltd. Class A",6.34,12122985785.0,15.669797330696984,1.0396783228709552,6.789998179094179,3.07581806439769,1286962890.0,,10011840537.48,3.4785956391119517,495.5820811753149,495.87628865979383,1.97160883280757,21741991.83333328,Utilities,Electric Utilities,SSE:600116,A,137844228.223333,2.3077763671488074,6.634918760782153,2.361716532735626,2.283939026515547,stable_or_general,True,0.1,2.4077763671488075,reject_valuation
000739,Apeloa Pharmaceutical Co. Ltd. Class A,21.33,24709601975.0,28.48557692307692,3.666939437907867,12.766107549245001,6.914979306135681,437831440.0,,3143972366.1,-16.90222260641329,-12.309658169822633,-10.516252390057359,2.74894514767932,28188503.7,Health Technology,Pharmaceuticals: Major,SZSE:000739,A,601260783.9209999,2.231343956111476,12.872968828436058,2.212821090668146,0.8370701780385348,health_special,True,0.18,2.4113439561114762,reject_valuation
002340,"GEM Co., Ltd. Class A",6.67,33910822206.999996,18.33424958768554,1.5722714490119676,8.89307643839654,2.52492354676018,-1606418300.0,,38002343959.13,12.349260878233919,66.1413241832361,66.04290278411685,1.42428785607196,98034694.79999985,Process Industries,Chemicals: Specialty,SZSE:002340,A,653891414.315999,2.061631845255036,8.575597498509053,2.137955937282868,3.569956269764496,cyclical,False,0.35,2.411631845255036,reject_valuation
688097,Bozhon Precision Industry Technology Co.Ltd. Class A,47.71,21309563056.0,30.89625696153348,4.190800442006033,14.2735898992941,5.12878289622498,-584945010.0,,4174823610.6000004,58.590686840912156,47.87426647008141,47.291110263258304,0.505135191783693,6861185.4,Producer Manufacturing,Industrial Machinery,SSE:688097,A,327347155.434,2.164575077434546,13.56410405060934,2.2777956322257444,4.970619540637411,cyclical,False,0.25,2.414575077434546,reject_valuation
000630,"Tongling Nonferrous Metals Group Co., Ltd. Class A",6.76,90647999835.0,22.853279242731574,2.3815898874029395,11.0297980378941,3.9565414237846404,-5416525120.0,,37712215989.02,45.577828268244616,91.79495637161709,85.33834586466168,1.4792899408284,305103798.0333338,Non-Energy Minerals,Other Metals/Minerals,SZSE:000630,A,2062501674.7053363,2.0719580870127077,10.421217288369668,2.1929567928917857,5.51760555754136,cyclical,False,0.35,2.4219580870127078,reject_valuation
600361,"Innovation New Material Technology Co., Ltd. Class A",3.75,13997486572.0,17.490671641791046,1.2567950720227363,7.527123449342471,2.95867482303287,257538439.99999997,,15497208646.42,0.11565924669883336,5.129789405802775,11.958224543080942,2.34666666666667,43732922.03333333,Non-Energy Minerals,Aluminum,SSE:600361,A,163998457.625,2.3236860348449495,7.185516358444657,2.4341565406410113,4.538348456708974,cyclical,True,0.1,2.4236860348449496,reject_valuation
600906,Caida Securities Co Ltd Class A,6.7,21741499381.0,19.093758905671134,1.704058456835182,9.20192560022369,1.96109173413756,-966293520.0,,21588172386.65,29.3955289982511,38.803692727178706,38.80537974683543,1.64179104477612,35535441.13333333,Finance,Investment Managers,SSE:600906,A,238087455.59333333,2.0749742755154403,8.924688246320377,2.139431471294634,3.0128189027802232,financial_special,False,0.35,2.4249742755154404,reject_valuation
000878,Yunnan Copper Co. Ltd. Class A,17.85,43289534567.0,22.78529486852183,2.2705301719751705,10.9281599836172,3.1729165915118305,-5079704910.0,,31050407096.350002,11.298410327572963,23.60403159102667,3.106080547512497,1.28851540616246,48304049.9,Non-Energy Minerals,Other Metals/Minerals,SZSE:000878,A,862227290.715,2.0850074397410077,9.964892642719038,2.286556984150769,8.81454281729248,cyclical,False,0.35,2.4350074397410078,reject_valuation
002738,"Sinomine Resource Group Co., Ltd. Class A",53.43,38802728967.0,26.050706972208676,2.9643232626974068,11.8764989379308,7.60797553410721,-759009410.0,,4735777668.66,12.656628936659875,296.60360960148955,296.5583913379738,0.935803855511885,26017758.93333334,Non-Energy Minerals,Other Metals/Minerals,SZSE:002738,A,1390128859.8080003,2.193466871706503,11.379051116961223,2.289356705092781,4.188505582068835,cyclical,False,0.25,2.443466871706503,reject_valuation
002430,"Hangzhou Oxygen Plant Group Co., Ltd. Class A",26.11,25544971847.0,24.93553624295674,2.5332495061570284,10.6178851309056,4.1990778408645,1070642890.0000001,,7436348304.14,15.13222407419052,7.108006144304971,6.153690186536888,1.5319800842589,15258274.266666714,Process Industries,Chemicals: Specialty,SZSE:002430,A,398393541.10266787,2.3484466007620095,10.15919401722338,2.4544797747421994,4.319985647114444,cyclical,True,0.1,2.4484466007620096,reject_valuation
002273,Zhejiang Quartz Crystal Optoelectronic Technology Co Ltd Class A,26.12,36765694744.0,30.112981323495507,3.557691259956632,12.287839174967,9.29194850049321,360626890.0,,948131218.75,11.182408883936061,8.35429403963022,8.915118031140125,1.14854517611026,51146415.43333325,Electronic Technology,Semiconductors,SZSE:002273,A,1335944371.1186645,2.450632767463477,11.81447702483301,2.548820507264149,3.8522814580640996,technology_strict,True,0.0,2.450632767463477,reject_valuation
300124,"Shenzhen Inovance Technology Co., Ltd Class A",62.05,168006821249.0,34.66480446927374,4.567537725432461,14.597536690568703,7.260354928545351,2609094850.0,,16101367700.59,19.31957739036183,-4.756444978632899,-6.419907988289419,0.8058017727639,26296973.933333363,Producer Manufacturing,Auto Parts: OEM,SZSE:300124,A,1631727232.5633352,2.37470233533787,13.176297386823702,2.6308456352797975,9.736158462018086,cyclical,True,0.1,2.47470233533787,reject_valuation
600699,Ningbo Joyson Electronic Corp. Class A,19.01,27586773136.098816,20.70129587280845,1.7781743826900664,8.949767024864,1.9555155698454803,1272161340.0,,27647913882.67,-0.34676840434621,32.560617471848666,23.162553648068663,0.94687006838506,23969343.100000028,Producer Manufacturing,Auto Parts: OEM,SSE:600699,A,455657212.33100057,2.3130541627839776,8.589676673457591,2.4100203837446172,4.023460615298879,cyclical,True,0.18,2.4930541627839777,reject_valuation
002645,"Jiangsu Huahong Technology Stock Co., Ltd. Class A",19.15,14422255801.0,30.319822672577576,3.3242834129541157,12.0621909813537,6.748778696706979,87771540.0,,1527788984.19,70.50805223384575,,,0.362631853785901,39154588.36666667,Producer Manufacturing,Industrial Machinery,SZSE:002645,A,749810367.2216666,2.513624823172455,10.964059548939005,2.7653828891791847,9.103913493926907,cyclical,True,0.0,2.513624823172455,reject_valuation
300457,"Shenzhen Yinghe Technology Co., Ltd. Class A",21.35,13667511298.0,22.12893864013267,1.9236001866838217,9.04758426948864,3.20815009205916,1915731780.0,,2261488881.29,35.026111308502045,41.682548287096296,41.94497572458438,0.548009367681499,12927026.233333323,Producer Manufacturing,Industrial Machinery,SZSE:300457,A,275992010.08166647,2.4458394617841317,8.69269067968408,2.545694935614217,3.9225231756212953,cyclical,True,0.1,2.545839461784132,reject_valuation
002138,"Shenzhen Sunlord Electronics Co., Ltd. Class A",49.15,39623639875.0,39.2070835992342,5.875377446679305,15.3858965400139,7.13666702462535,753008240.0,,4598428847.57,14.770229100757732,3.3988566798208266,3.355594030835185,1.62767039674466,40367503.766666695,Electronic Technology,Electronic Production Equipment,SZSE:002138,A,1984062810.131668,2.548248228321883,14.985499831448987,2.6163347262500465,2.602361893722638,technology_strict,True,0.0,2.548248228321883,reject_valuation
600258,BTG Hotels (Group) Co Ltd Shs -A-,12.45,13831556166.0,16.597786961738436,1.1355365478594452,6.95556397147574,3.38975797172049,2945546500.0,,8456843064.110001,-0.6884860664672863,1.0986171300105825,1.105270252055531,3.6144578313253,16117053.799999999,Consumer Services,Hotels/Resorts/Cruise lines,SSE:600258,A,200657319.80999997,2.3862604139369217,6.841493691159598,2.4260472509366884,1.6399860713514625,cyclical,True,0.18,2.566260413936922,reject_valuation
000581,Weifu High-Technology Group Co. Ltd. Class A,18.05,15811686823.0,14.509646302250804,0.8715941432736594,6.05415959911607,4.05803069227374,1228331400.0,,3963566902.07,14.306137964436031,-14.523141448281388,-14.177302518109695,4.43213296398892,8131848.999999983,Producer Manufacturing,Auto Parts: OEM,SZSE:000581,A,146779874.4499997,2.3966408656239038,6.0069978627835585,2.4154572106884746,0.778997242480961,cyclical,True,0.2,2.596640865623904,reject_valuation
600392,"Shenghe Resources Holding Co., Ltd. Class A",22.93,40138646440.0,29.802443462438266,3.077934978120218,11.4720673338005,6.363750850933431,1022973020.0,,7695507793.599999,45.27880945834138,106.66304160123146,106.66129465484822,1.52638464893153,76263638.8333333,Non-Energy Minerals,Other Metals/Minerals,SSE:600392,A,1748725238.4483325,2.5978267556563606,10.327794034739188,2.8856543190339563,9.97442976724784,cyclical,True,0.0,2.5978267556563606,reject_valuation
688503,"Changzhou Fusion New Material Co., Ltd. Class A",77.85,18197007675.0,29.060435253275596,3.3974269455015182,12.3262230429687,5.56328811387437,-4031079000.0,,7054988596.35,37.35868542909036,43.48074715614975,45.10345574693966,0.554913294797688,17935759.1,Electronic Technology,Semiconductors,SSE:688503,A,1396298845.935,2.357610693232804,11.690901791013511,2.485730850601584,5.1542248565557,technology_strict,False,0.25,2.607610693232804,reject_valuation
002458,"Shandong Yisheng Livestock & Poultry Breeding Co., Ltd. Class A",9.07,12772635237.0,27.302829620710416,2.7429241930752504,10.4513318861824,6.35066381840565,555535870.0,,2016504875.42,8.153147827679714,42.75685781160553,44.74945533769063,2.96824696802646,54226448.43333332,Process Industries,Agricultural Commodities/Milling,SZSE:002458,A,491833887.2903333,2.612378012491136,10.046300076511557,2.7176999903223034,3.8754085515773418,cyclical,True,0.0,2.612378012491136,reject_valuation
603156,"Hebei Yangyuan Zhihui Beverage Co., Ltd. Class A",42.11,53070289995.0,38.73965041398344,6.046716665876903,15.3670620271366,10.7189037283717,2320771340.0,,1746950872.46,14.144318063495783,-4.610077254126811,-4.55702871191501,3.56209926383282,15233651.3,Consumer Non-Durables,Food: Major Diversified,SSE:603156,A,641489056.243,2.520953604896846,15.608598945163129,2.481942841255991,1.5717833220169286,stable_or_general,True,0.1,2.620953604896846,reject_valuation
600196,"Shanghai Fosun Pharmaceutical (Group) Co., Ltd. Class A",22.87,56266238172.11059,17.815689023915244,1.2387674074716037,7.053163887118491,2.76509374047312,1537301120.0,,39541494314.07,6.157550527596805,4.404165062540364,4.8945906193822575,1.70529077393966,30439144.23333348,Health Technology,Pharmaceuticals: Major,SSE:600196,A,696143228.6163367,2.5259145128405187,6.953238832406199,2.562214451901697,1.4167408600102238,health_special,True,0.1,2.625914512840519,reject_valuation
601689,"Ningbo Tuopu Group Co., Ltd. Class A",47.09,81834677317.0,29.592157355621193,3.328197444306231,11.6991776077967,6.95619068980217,813260090.0,,10331300748.65,14.101882706650168,-5.316201368845611,1.388977381331637,1.04056062858356,25710404.20000003,Producer Manufacturing,Auto Parts: OEM,SSE:601689,A,1210702933.7780015,2.5294220113300994,11.246890195634967,2.6311413058079127,3.8659761166487283,cyclical,True,0.1,2.6294220113300995,reject_valuation
002156,"TongFu Microelectronics Co., Ltd. Class A",63.75,96584637501.0,38.32972582972583,5.744231665088318,15.978304646695502,5.40652038416262,-890965670.0,,21021952918.6,19.676432009429377,229.0766699422252,229.0858725761773,0.127058823529412,146953447.4333332,Electronic Technology,Semiconductors,SZSE:002156,A,9368282273.87499,2.3988606224035705,14.98636251823512,2.5576403735787756,6.208056176132093,technology_strict,False,0.25,2.6488606224035705,reject_valuation
603039,"Weaver Network Technology Co., Ltd. Class A",40.41,12260197626.0,36.566826531535604,4.6373438726469,13.8008931024866,8.28650669876814,341800370.0,,4854094.54,1.9092722882241664,52.69615069518381,52.17570917102727,0.283543677307597,27050349.0,Technology Services,Packaged Software,SSE:603039,A,1093104603.09,2.649598562932649,12.68183299594677,2.8834023081066196,8.108606437493538,technology_strict,True,0.0,2.649598562932649,reject_valuation
600114,"NBTM New Materials Group Co., Ltd. Class A",30.42,20305780803.0,39.44502074688797,5.348345740135802,14.885236981235,6.21919832902447,941293370.0,,2473652773.4,8.4490497398253,1.4975996577842354,1.5003948407475605,0.986193293885601,18880135.500000015,Producer Manufacturing,Metal Fabrication,SSE:600114,A,574333721.9100004,2.649942409154395,13.558988280054997,2.909141886707787,8.909825909066349,cyclical,True,0.0,2.649942409154395,reject_valuation
300450,Wuxi Lead Intelligent Equipment Co. Ltd. Class A,33.44,54778141381.629555,29.98834185274863,3.0914901740719753,11.7496099612118,4.02702256188416,6211835640.0,,7179965340.96,26.023587885482435,213.8046739183797,206.4303380049464,0.858253588516746,35951447.833333336,Producer Manufacturing,Industrial Machinery,SZSE:300450,A,1202216415.5466666,2.5522840291505107,10.308973364556401,2.9089552171948054,12.261143998918067,cyclical,True,0.1,2.6522840291505108,reject_valuation
001391,"Air China Cargo Co., Ltd. Class A",4.11,47382017816.0,22.18024824608743,1.8798368063813828,8.66869943090596,7.417118091896631,2659692510.0,,430613481.0,8.568405271747634,-10.485650822976497,-11.212266411116437,2.11678832116788,23311744.3,Transportation,Airlines,SZSE:001391,A,95811269.07300001,2.5586592801925523,8.475273971349639,2.617053834609591,2.2313088727786923,cyclical,True,0.1,2.6586592801925524,reject_valuation
002299,"Fujian Sunner Development Co., Ltd. Class A",16.68,20654822795.0,21.186333036961766,1.7952780313075822,8.60839773302131,3.9859937215564503,1664969860.0,,9438650130.31,18.430009091053268,-36.5530828780133,-36.41062918988773,2.99760191846523,11747699.233333332,Process Industries,Agricultural Commodities/Milling,SZSE:002299,A,195951623.21199998,2.461123857659624,8.473755360002755,2.5002294893907435,1.5640816931828505,cyclical,True,0.2,2.661123857659624,reject_valuation
600529,"Shandong Pharmaceutical Glass Co., Ltd. Class A",19.17,12721483033.0,18.453985367732002,1.4886556980878891,8.25069776495719,6.83951713233524,,,541485395.69,-9.309810341987003,-17.833125880882605,-17.835956655857,2.39958268127282,11117720.266666679,Process Industries,Containers/Packaging,SSE:600529,A,213126697.51200026,2.236657540179301,8.066852056200828,2.2876315617498886,2.228244373914645,cyclical,False,0.43000000000000005,2.666657540179301,reject_valuation
600176,"China Jushi Co., Ltd. Class A",43.2,172935509304.0,37.92800702370501,5.1709836000818745,14.1785279173566,8.1398802848291,2285756280.0,,15903641681.28,21.91245413131354,42.928338403007935,43.81313131313131,0.833333333333333,252598622.70000008,Process Industries,Industrial Specialties,SSE:600176,A,10912260500.640003,2.675031374538929,13.63368129743809,2.7819344017402017,3.8427587341527847,cyclical,True,0.0,2.675031374538929,reject_valuation
600862,"Avic Aviation High-Technology Co., Ltd. Class A",17.79,24782344271.0,28.578313253012045,3.1633640126890192,11.41100200999,8.02121479051681,1390535970.0,,112909985.55,-12.299480279143827,-25.06550896132748,-24.86421243210621,1.25351320966835,13036972.2,Producer Manufacturing,Industrial Machinery,SSE:600862,A,231927735.43799996,2.5044525649888207,11.069106789763433,2.5818084327672133,2.996189291065321,cyclical,True,0.18,2.684452564988821,reject_valuation
600089,"TBEA Co., Ltd. Class A",19.3,97518891018.0,18.20239554842969,1.3673600528240237,7.76220819131443,2.25982025954197,-13577133060.0,,88709475847.16,7.190227612089014,24.240877349793212,24.244199671900628,1.86528497409326,102515625.26666655,Producer Manufacturing,Electrical Products,SSE:600089,A,1978551567.6466644,2.3450022338742946,7.511978569996438,2.423116011157407,3.2236911862012274,cyclical,False,0.35,2.6950022338742947,reject_valuation
600995,"China Southern Power Grid Energy Storage Co., Ltd. Class A",12.59,40237714257.0,20.44494965898019,1.717481754314167,8.67060769947618,3.3358683269668004,-4672058550.0,,31649369304.43,24.187893507959025,47.68836645321988,47.67386091127099,1.34289118347895,15356495.366666634,Utilities,Electric Utilities,SSE:600995,A,193338276.6663329,2.3579604068830533,8.400518382102176,2.433772385111307,3.1149987029204684,stable_or_general,False,0.35,2.7079604068830534,reject_valuation
002594,BYD Company Limited Class A,92.32,766332813933.3168,28.57142857142857,3.503375300217481,13.0693962615584,3.27144034191008,-56214818000.0,,205186658000.0,-8.233308727252423,-29.81023802124558,-32.19883752649139,0.387781629116118,34745815.13333332,Producer Manufacturing,Electrical Products,SZSE:002594,A,3207733653.1093316,2.1861322435732546,12.261813550761184,2.3301144201181336,6.179189111991301,cyclical,False,0.53,2.716132243573255,reject_valuation
601198,"Dongxing Securities Co., Ltd.",14.05,45415860687.0,19.680627538870993,1.4918194144635344,7.749366099679851,1.90479122026704,1372175260.0,,69131114581.91,-46.63424786089404,29.12837165403184,29.142547033285098,1.18149466192171,21528421.066666666,Finance,Investment Banks/Brokers,SSE:601198,A,302474315.9866667,2.5396435380287503,7.58014149455884,2.5963403919304273,2.1837219063376323,financial_special,True,0.18,2.7196435380287505,reject_valuation
600570,Hundsun Technologies Inc. Class A,21.97,41345208150.0,33.9095539435098,4.283536169266943,13.3491363689816,8.53555657035935,922897500.0,,649413111.15,-10.783167457301799,-3.340633492841917,-3.6436644854253375,0.910332271279017,31363728.23333334,Technology Services,Packaged Software,SSE:600570,A,689061109.2863334,2.540205823524503,12.632239800036652,2.684365914539669,5.370359168782968,technology_strict,True,0.18,2.7202058235245032,reject_valuation
603355,Kingclean Electric Co Ltd Class A,27.99,15668000303.0,26.596351197263395,2.7325365143611924,10.8476687513249,3.69203195653254,1197505010.0,,9369598097.0,-0.34647190158537094,-42.83663979460021,-42.90364583333333,0.0,2835275.3333333307,Consumer Durables,Electronics/Appliances,SSE:603355,A,79359356.57999992,2.451803406516723,10.274102992903606,2.5886786628120895,5.28745642561439,stable_or_general,True,0.28,2.7318034065167227,reject_valuation
300015,"Aier Eye Hospital Group Co., Ltd. Class A",8.25,76207965088.0,30.08752735229759,3.342083515628798,11.3946450131838,6.96812440518704,3751451330.0,,7723384535.72,3.8569076478187547,-28.416217899496342,-28.649492583918807,2.18181818181818,82114726.03333335,Health Services,Medical/Nursing Services,SZSE:300015,A,677446489.7750001,2.6404971210148105,11.107870302853533,2.7086675061886814,2.5167498416884815,stable_or_general,True,0.1,2.7404971210148106,reject_valuation
688778,XTC New Energy Materials (Xiamen) Co. Ltd. Class A,47.55,23948140357.0,26.277977341807127,2.5174380898177438,9.91721994843973,4.34526468924367,6163790.0,,9111484051.449999,84.34338605391258,62.137423057040266,62.18517522631534,1.0515247108307,6452857.233333332,Process Industries,Chemicals: Specialty,SSE:688778,A,306833361.44499993,2.649732231253117,9.580029912776462,2.74299533311074,3.4000459545753814,cyclical,True,0.1,2.749732231253117,reject_valuation
300002,"Beijing Ultrapower Software Co., Ltd. Class A",8.03,15567321408.0,23.479532163742686,2.005574648337596,8.86021709777813,7.516298286230791,1234879700.0,,65823181.230000004,4.691915138428315,-48.40164665945953,-48.67947178871548,0.74719800747198,50605226.09999991,Technology Services,Information Technology Services,SZSE:300002,A,406359965.5829993,2.649995130438805,8.541799872122763,2.748780411066652,3.5937858197088057,technology_strict,True,0.1,2.7499951304388053,reject_valuation
300957,"Yunnan Botanee Bio-Technology Group Co., Ltd. Class A",32.85,13915259554.0,25.066768409004197,2.237200455203892,9.02645252410022,6.78602816188205,984051630.0,,930481544.13,5.193276873236218,107.13036200327322,107.0627271290883,1.97869101978691,8709684.533333333,Consumer Non-Durables,Household/Personal Care,SZSE:300957,A,286113136.92,2.7770343157599355,8.92496559069924,2.808612330688023,1.124328002944841,stable_or_general,True,0.0,2.7770343157599355,reject_valuation
600348,"Shan Xi Hua Yang Group New Energy Co., Ltd. Class A",9.36,33766198761.0,17.036767382599198,1.2242927943305826,7.22552406526272,2.31130002720779,-2510883310.0,,38121204996.04,-14.761092231173437,16.00341907381044,16.00506756756756,2.53205128205128,30991129.933333404,Energy Minerals,Coal,SSE:600348,A,290076976.17600065,2.3578590602866867,7.186180141081433,2.370768203430449,0.5445130875757043,cyclical,False,0.43000000000000005,2.787859060286687,reject_valuation
688425,China Railway Construction Heavy Industry Corp. Ltd. Class A,4.07,21707333992.0,17.33390119250426,1.164107727158319,6.864026756506801,4.62993684425362,375133960.0,,3337939407.7400002,-5.92853805618052,-17.638498628363166,-17.642932304454582,2.08845208845209,18139844.833333332,Producer Manufacturing,Trucks/Construction/Farm Machinery,SSE:688425,A,73829168.47166666,2.5253254113662176,6.71578610164062,2.5810680879591605,2.1596747816528317,cyclical,True,0.28,2.8053254113662174,reject_valuation
601928,"Jiangsu Phoenix Publishing & Media Corp., Ltd. Class A",8.47,21555302852.0,16.55913978494624,1.07694087759874,6.50931617502927,4.16966938496602,1882432220.0,,201279913.64,-15.744502242870581,-33.56939500377966,-33.56280036368361,7.08382526564345,11562332.366666667,Consumer Services,Publishing: Books/Magazines,SSE:601928,A,97932955.14566667,2.5439138827623133,6.503604001083298,2.5461482252283503,0.0877538253232113,stable_or_general,True,0.28,2.823913882762313,reject_valuation
688475,"Hangzhou EZVIZ Network Co., Ltd. Class A",28.75,22640625000.0,33.60215053763441,3.8472037853808936,11.8113423468639,7.55340723687926,613004620.0,,252893435.53,6.942672093070265,28.403029609890414,28.410625844214323,1.39130434782609,6012133.9,Electronic Technology,Computer Peripherals,SSE:688475,A,172848849.625,2.844905308036924,11.449278465293538,2.934870580665269,3.065391476579238,technology_strict,True,0.0,2.844905308036924,reject_valuation
688726,LAPLACE Renewable Energy Technology Co. Ltd. Class A,45.96,10071358269.0,34.37032605444212,4.336127223255831,13.367662002501698,4.40784736411553,2342447380.0,,1303191252.76,-24.633845417211646,-30.047278207900806,-30.048127223268466,0.67449956483899,8339852.166666667,Electronic Technology,Semiconductors,SSE:688726,A,383299605.58000004,2.571154630331756,12.615903661744337,2.724364974239975,5.623708473603484,technology_strict,True,0.28,2.851154630331756,reject_valuation
002158,Shanghai Hanbell Precise Machinery Co. Ltd. Class A,28.0,14921255371.0,30.444710231597263,3.4331774915979114,11.3682060754784,7.92252538543506,741072410.0,,868821352.7,-11.661708247115264,-26.515773880904202,-26.51218537754695,1.60714285714286,11834123.433333283,Producer Manufacturing,Industrial Machinery,SZSE:002158,A,331355456.13333195,2.6780575606618813,11.276761925080711,2.6997741402950974,0.8043850524045104,cyclical,True,0.18,2.8580575606618814,reject_valuation
600816,J-Yuan Trust Co.Ltd. Class A,2.53,24388189906.0,21.69811320754717,1.6473070111469943,7.85658878369167,4.39178668678934,145216610.0,,4131010041.91,120.2621559552857,1882.5041727698529,1876.2711864406779,0.0,74601115.00000004,Finance,Investment Banks/Brokers,SSE:600816,A,188740820.9500001,2.761772800504345,7.591936660068757,2.8580471859930743,3.3685372991935747,financial_special,True,0.1,2.8617728005043452,reject_valuation
603026,"Shida Shinghwa Advanced Material Group Co., Ltd. Class A",63.59,14797457852.0,28.349159645133966,2.7364967505445885,11.271667255454,4.47960021511264,-2790353470.0,,5239732355.09,44.562832802119665,,,0.0629029721654348,9904929.933333334,Process Industries,Chemicals: Specialty,SSE:603026,A,629854494.4606668,2.5150813098582834,9.652831987964406,2.9368748653743273,14.36198594938375,cyclical,False,0.35,2.8650813098582835,reject_valuation
601816,"Beijing-Shanghai High-Speed Railway Co., Ltd. Class A",4.86,237778809814.0,17.80872114327593,1.130106406726691,6.43465764780447,4.62234049943843,20138474590.0,,50503358574.81,2.5204610826677865,4.553959189499571,4.961538461538448,3.22427983539095,159674067.33333334,Transportation,Railroads,SSE:601816,A,776015967.2400001,2.767625275192742,6.345803259171068,2.806377761166555,1.380872044742265,stable_or_general,True,0.1,2.8676252751927422,reject_valuation
000060,Shenzhen Zhongjin Lingnan Nonfemet Co. Ltd. Class A,6.93,30777817478.0,21.771913289349666,1.5198234987082597,7.84643273276901,2.71991912526323,273683670.0,,21260817504.440002,18.7123222611646,26.045783840974977,14.126927214055234,0.793650793650794,123103482.66666664,Non-Energy Minerals,Other Metals/Minerals,SZSE:000060,A,853107134.8799998,2.774753066883981,6.980661178049627,3.1188898492610497,11.033951149592669,cyclical,True,0.1,2.874753066883981,reject_valuation
600848,Shanghai Lingang Holdings Corp. Ltd. Class A,8.65,21214555965.0,18.210526315789476,1.3028266065810066,6.740947457084411,1.38556265752475,626585440.0,,33222982961.17,-28.437490264242143,7.178216578186598,7.17509025270758,2.3121387283237,9440301.733333336,Electronic Technology,Electronic Equipment/Instruments,SSE:600848,A,81658609.99333335,2.701478750832139,7.154250151745411,2.545413695290859,6.131225577595023,technology_strict,True,0.18,2.881478750832139,reject_valuation
603501,"OmniVision Integrated Circuits Group, Inc. Class A",82.0,102076705480.1864,30.955077387693468,3.1580645993667695,11.0800368433455,6.96937659400862,453319720.0,,11910390999.54,4.81428314340637,-18.74471130019743,-18.278574733919477,0.609756097560976,21861687.96666666,Electronic Technology,Semiconductors,SSE:603501,A,1792658413.2666662,2.79377025774825,10.20208917527143,3.0341900424399983,7.923689067887462,technology_strict,True,0.1,2.8937702577482503,reject_valuation
001287,"Shenzhen CECport Technologies Co., Ltd. Class A",22.92,11615381151.0,28.25792134138824,2.995260118477436,11.0809427308073,1.58116997029107,-16653040770.0,,32003167399.37,83.77081462833948,99.93432239866944,99.92605373428643,0.514834205933682,24492144.233333334,Distribution Services,Electronics Distributors,SZSE:001287,A,561359945.8280001,2.5501369358065005,10.599718508276824,2.66591243147853,4.342809400075442,stable_or_general,False,0.35,2.9001369358065006,reject_valuation
002984,"Qingdao Sentury Tire Co., Ltd. Class A",14.17,14610422083.0,17.371582689714355,1.0853738028909088,6.378612333881091,4.82721967926032,371505030.0,,3137858262.15,4.683088610439266,-50.96538835264758,-52.390124321484855,0.352858151023289,10053597.466666704,Consumer Durables,Automotive Aftermarket,SZSE:002984,A,142459476.10266718,2.723410952166229,6.247984551997984,2.780349814430841,2.0479028203243654,stable_or_general,True,0.2,2.923410952166229,reject_valuation
002050,"Zhejiang Sanhua Intelligent Controls Co., Ltd. Class A",36.17,133716407387.60063,38.20640118305694,4.682909903506421,12.9842709584267,8.13707578144331,3421339870.0,,8641143256.58,3.7913917944663735,8.18564563885787,-1.7232430187895835,1.10588885816975,63881167.60000014,Producer Manufacturing,Industrial Machinery,SZSE:002050,A,2310581832.0920053,2.9425141623574373,12.256872561928471,3.117141096965572,5.60215046980479,cyclical,True,0.0,2.9425141623574373,reject_valuation
002237,"Shandong Humon Smelting Co., Ltd. Class A",15.61,22321836782.0,21.878065872459704,1.6253068925090115,8.43455572402201,2.9369886878608,-2893745990.0,,17803948056.329998,68.87577042060676,82.94578952055481,64.81866481866481,0.858424087123639,33111494.566666666,Non-Energy Minerals,Precious Metals,SZSE:002237,A,516870430.1856666,2.593861086263257,7.428933169796156,2.94498084346881,11.92264995489679,cyclical,False,0.35,2.943861086263257,reject_valuation
002223,"Jiangsu Yuyue Medical Equipment & Supply Co., Ltd. Class A",26.29,25974291428.0,23.348134991119007,1.9586369257818903,8.425064832109,6.69684056124251,1443007430.0,,965733197.64,-0.4550737163696947,-40.583661394747594,-40.42328042328043,3.80372765310004,10696795.133333325,Health Technology,Medical Specialties,SZSE:002223,A,281218744.05533314,2.7712706615783276,8.38883673803883,2.7832386921118473,0.4300037423106806,health_special,True,0.18,2.9512706615783277,reject_valuation
000559,"Wanxiang Qianchao Co., Ltd. Class A",11.08,36734170802.0,34.974747474747474,4.443945325033691,12.1339723422825,4.23342060670889,955893450.0,,9876873378.03,1.436286961189979,5.764224225656244,5.039787798408503,1.80505415162455,35628265.33333343,Producer Manufacturing,Auto Parts: OEM,SZSE:000559,A,394761179.89333445,2.8823823302178746,12.706154142334595,2.7525832823181307,4.7155357199739845,cyclical,True,0.1,2.9823823302178747,reject_valuation
603638,"Yantai Eddie Precision Machinery Co., Ltd. Class A",18.79,16487643203.0,36.17635733538699,4.100104521025309,12.1016933788099,6.24264331873229,178510410.0,,1991587126.8200002,25.5049788106454,23.78532581079326,23.607805806758677,1.06439595529537,9023867.866666667,Producer Manufacturing,Industrial Machinery,SSE:603638,A,169558477.21466666,2.98936324058019,11.333657734010353,3.191940164809105,6.346513837017054,cyclical,True,0.0,2.98936324058019,reject_valuation
600575,"Huaihe Energy Group Co., Ltd. Class A",3.36,23782911101.0,17.65633210719916,1.1378490589040076,6.67882466946281,2.86652961245247,-4588896560.0,,20973446571.019997,34.43756087942101,51.50893602841524,1.223404255319147,5.65476190476191,53481391.46666671,Transportation,Air Freight/Couriers,SSE:600575,A,179697475.32800016,2.6436286294395703,6.444424878256924,2.7397839901541086,3.5095964156331094,stable_or_general,False,0.35,2.9936286294395704,reject_valuation
000880,"Weichai Heavy Machinery Co., Ltd. Class A",23.64,10965386447.0,38.246238472739044,4.930269225234469,13.111589088117102,3.5769530239056104,745373060.0,,1449433205.76,56.96122593007973,22.260285484083305,22.27497527200792,0.785600785593951,12514777.200000007,Producer Manufacturing,Trucks/Construction/Farm Machinery,SZSE:000880,A,295849333.0080002,2.916979644168472,12.89086044042904,2.966926734602528,1.6834622119763054,cyclical,True,0.1,3.016979644168472,reject_valuation
002049,"Unigroup Guoxin Microelectronics Co., Ltd. Class A",62.78,52938210884.0,34.24799519938902,3.6797201583956,11.3400252209031,8.29729576121994,850769170.0,,2289684503.0499997,15.06451079469437,36.09039946754697,36.34064708069914,0.493787830519274,23920445.93333337,Electronic Technology,Semiconductors,SZSE:002049,A,1501725595.694669,3.0200986798741503,10.744337404197154,3.187539064624909,5.252967300354083,technology_strict,True,0.0,3.0200986798741503,reject_valuation
603730,"Shanghai Daimay Automotive Interior Co., Ltd. Class A",10.82,23247783719.0,36.480107889413354,4.673744956934162,12.7948479325002,8.41443972432755,761549580.0,,1481396819.65,-0.06943699896980725,-21.918478658930447,-21.906266456029503,2.31053604436229,17781636.89999999,Producer Manufacturing,Auto Parts: OEM,SSE:603730,A,192397311.2579999,2.851156034199532,12.811762978065365,2.847391725234837,0.13220200548220706,cyclical,True,0.18,3.0311560341995323,reject_valuation
002126,"Zhejiang Yinlun Machinery Co., Ltd Class A",40.92,34240236816.999996,37.233848953594176,4.581963055403459,13.872196729582301,4.4513244354785,-29306250.0,,8161863357.11,27.83350956841955,17.80798739611733,,0.293255131964809,19092442.633333363,Producer Manufacturing,Auto Parts: OEM,SZSE:002126,A,781262752.5560012,2.684062926687986,12.305907619473121,3.0256889702856675,11.290851338411933,cyclical,False,0.35,3.034062926687986,reject_valuation
601567,"Ningbo Sanxing Medical Electric Co., Ltd. Class A",14.8,20797098657.0,21.684981684981686,1.76951578635249,7.84035318346924,3.8161191242770895,1194966050.0,,6349264661.74,-8.051169599362922,-60.077609794285735,-60.26432231020027,4.25675675675676,18758695.2,Electronic Technology,Electronic Equipment/Instruments,SSE:601567,A,277628688.96,2.7658169444079053,8.160098136389017,2.657441285942385,4.078195783245242,technology_strict,True,0.28,3.045816944407905,reject_valuation
600956,China Suntien Green Energy Corporation Limited Class A,7.18,22468600474.141396,19.029949642194538,1.3185465136565058,7.26467648983676,1.84774638919711,-2403234370.0,,50606355909.8712,-9.895676626211337,2.4472108249369224,-3.676282869543009,2.92479108635097,8136483.766666667,Utilities,Gas Distributors,SSE:600956,A,58419953.44466666,2.6195178365915295,6.928796651846792,2.746501390991511,4.6234658688499515,cyclical,False,0.43000000000000005,3.0495178365915296,reject_valuation
600329,Tianjin Pharmaceutical Da Ren Tang Group Corporation Limited Class A,36.43,24132363651.0,33.07608498274923,4.722325203968672,11.5192115961843,7.25221655422971,793621330.0,,98343424.49000001,-20.986096841463514,-75.76198174056056,-75.72779161249092,13.1485039802361,3383191.1,Health Technology,Pharmaceuticals: Major,SSE:600329,A,123249651.773,2.8713844438542626,14.27715887908618,2.31671337854204,23.94215315756021,health_special,True,0.18,3.0513844438542628,reject_valuation
000065,Norinco International Cooperation Ltd. Class A,10.23,11881553300.0,17.2920892494929,1.0614918162405136,6.225863204508881,2.6015354507914,360009850.0,,5584083599.41,-30.79101494016393,-31.749565526559486,-34.010039040713885,1.33919843597263,22716400.566666666,Distribution Services,Wholesale Distributors,SZSE:000065,A,232388777.79700002,2.7774605193653565,6.13859783468121,2.816944474159531,1.4016589661730916,stable_or_general,True,0.28,3.057460519365357,reject_valuation
001696,Chongqing Zongshen Power Machinery Co. Ltd. Class A,15.14,17335708833.0,29.96832937450515,3.1317032204417066,10.7374500948815,4.44705328260265,1236872150.0,,3941193368.14,-0.6894249084181746,-15.565140934166402,-15.560755473842564,1.32100396301189,52319142.56666673,Producer Manufacturing,Auto Parts: OEM,SZSE:001696,A,792111818.4593344,2.7910098868623314,10.450042714446168,2.8677709932301854,2.6766818741475684,cyclical,True,0.28,3.0710098868623312,reject_valuation
301371,"Harbin Fuerjia Technology Co., Ltd. Class A",21.85,11327544934.0,24.75920679886686,2.0532144317012553,8.32517523269393,7.964393465266401,350768100.0,,16063198.360000001,12.669414275053835,-16.601857665215018,-16.60366660366661,3.66132723112128,3620120.4666666663,Consumer Non-Durables,Household/Personal Care,SZSE:301371,A,79099632.19666666,2.9740162947723405,8.292731057100035,2.9856517266008082,0.38971162392456016,stable_or_general,True,0.1,3.0740162947723406,reject_valuation
300140,"CECEP Environmental Protection Co., Ltd. Class A",5.5,17044867920.0,18.65671641791045,1.1795563581304676,6.444307793993051,3.0326414049746,1944835790.0,,10284151986.66,-0.6847573510840144,28.131533870854103,28.118209474141683,2.18181818181818,12500915.866666667,Producer Manufacturing,Industrial Machinery,SZSE:300140,A,68755037.26666667,2.895069108167208,6.322422079579305,2.9508811944348814,1.891370156580019,cyclical,True,0.18,3.075069108167208,reject_valuation
002978,Sichuan Anning Iron and Titanium Co. Ltd. Class A,26.97,12729568889.0,19.771277765559706,1.4477645270313793,7.49257829185612,4.48574179847361,-269715470.0,,5813543257.2,0.8842525793905647,-24.548386467533632,-33.19457368137519,1.11234705228031,2921715.8666666667,Non-Energy Minerals,Steel,SZSE:002978,A,78798676.924,2.638781604330999,7.3225642985669435,2.70004836549254,2.269098655585189,cyclical,False,0.44999999999999996,3.0887816043309986,reject_valuation
600577,"Tongling Jingda Special Magnet Wire Co., Ltd. Class A",8.48,18925783471.0,30.24251069900143,2.847979043173079,10.0339561161352,4.06340940034021,1352492770.0,,9113324144.02,18.268783092879357,6.63904162528637,2.410518626734841,1.06132075471698,75993767.60000008,Producer Manufacturing,Electrical Products,SSE:600577,A,644427149.2480007,3.0140166399940362,9.417138251246831,3.2114332286666083,6.147304789349139,cyclical,True,0.1,3.1140166399940363,reject_valuation
600131,"State Grid Information & Communication Co., Ltd. Class A",14.94,17882964298.0,28.703170028818445,2.721128084263902,9.78871381616392,4.56213219590866,200506820.0,,933001691.03,29.153768625228082,-13.003576563303259,-12.988966900702106,1.48078982597055,8238597.833333333,Utilities,Electric Utilities,SSE:600131,A,123084651.63,2.9322718559226275,9.480235393971626,3.0276853723558874,3.151368279690736,stable_or_general,True,0.2,3.1322718559226277,reject_valuation
000155,"Sichuan New Energy Power Co., Ltd. Class A",12.35,22800179641.0,25.260789527510738,2.038401167252879,8.29029414284459,3.1728641169697003,251049800.0,,12166917970.84,99.20164027190967,125.99193619716202,126.02866389274156,1.37651821862348,46043085.56666667,Process Industries,Chemicals: Agricultural,SZSE:000155,A,568632106.7483333,3.0470317569266823,8.069427778703908,3.1304313292420427,2.6641559435055084,cyclical,True,0.1,3.1470317569266824,reject_valuation
600458,"Zhuzhou Times New Materials Technology Co., Ltd. Class A",11.78,10971825446.0,19.71218206157965,1.350788858399946,7.047293786216061,2.12800250425121,-640933530.0,,7560737423.059999,9.838665970057567,5.717981298531442,-8.623853211009175,1.96943972835314,19577226.600000016,Producer Manufacturing,Auto Parts: OEM,SSE:600458,A,230619729.34800017,2.7971278989581916,6.852558758742002,2.8766162765743912,2.7632596764299078,cyclical,False,0.35,3.1471278989581917,reject_valuation
003816,"CGN Power Co., Ltd. Class A",4.24,196166532164.9342,22.15256008359457,1.7304992327031705,8.11579545895785,1.9282978476575303,-16354384000.0,,353845030995.23004,-21.458769409134135,2.7155367712705045,0.10460251046023952,2.02830188679245,112443363.86666666,Utilities,Electric Utilities,SZSE:003816,A,476759862.79466665,2.7295611620107514,7.811734743853462,2.8358054657481753,3.7465300430751913,stable_or_general,False,0.43000000000000005,3.1595611620107515,reject_valuation
688099,"Amlogic (Shanghai) Co., Ltd. Class A",89.7,37971803365.0,38.59724612736661,4.74765197646816,13.205864199277201,11.2378740032549,-341251490.0,,21802313.7,25.85970287311304,3.2272214051887778,2.0820521830800165,0.222965440356745,15407074.266666668,Electronic Technology,Semiconductors,SSE:688099,A,1382014561.72,2.9227353503664806,12.300494083959869,3.1378614439316155,6.855818760932619,technology_strict,False,0.25,3.1727353503664806,reject_valuation
600497,"Yunnan Chihong Zinc & Germanium Co., Ltd. Class A",10.57,53276818984.0,31.458333333333332,2.9980372357926504,9.90934450341349,6.37232815226464,2491890540.0,,3146705522.67,41.21130099019582,28.074999785517956,29.032258064516125,0.946073793755913,153449666.33333346,Non-Energy Minerals,Other Metals/Minerals,SSE:600497,A,1621962973.1433346,3.174612944629872,9.530184590599154,3.3009154265873017,3.826286518585831,cyclical,True,0.0,3.174612944629872,reject_valuation
600754,"Shanghai Jin Jiang International Hotels Co., Ltd. Class A",19.25,19138137090.0,19.970951343500364,1.2736645213965714,6.49519274074752,2.23353595919439,1840134440.0,,20607248028.08,1.9770657113575623,35.55006856254221,36.12484112413502,2.64935064935065,13535465.666666666,Consumer Services,Hotels/Resorts/Cruise lines,SSE:600754,A,260557714.0833333,3.074728055137274,6.377585621683923,3.1314281811597664,1.8106794325869702,cyclical,True,0.1,3.1747280551372743,reject_valuation
688779,"Minmetals New Energy Materials (Hunan) Co., Ltd. Class A",8.07,15568804575.0,24.618669920683345,2.060818402827433,8.68176345099397,4.06715901872848,-772667720.0,,8361457347.86,140.34669325401958,,,0.512639405204461,29554216.666666668,Producer Manufacturing,Electrical Products,SSE:688779,A,238502528.50000003,2.8356761917839135,8.370957527222213,2.9409622305003755,3.579986088381304,cyclical,False,0.35,3.1856761917839136,reject_valuation
603328,"Guangdong Ellington Electronics Technology Co., Ltd. Class A",10.96,10942931229.0,28.269280371421203,2.5282875235008477,9.13074950613299,5.90909070162153,336499200.0,,1091275763.18,10.667201115119628,-13.77534511475432,-13.767793594306053,1.53284671532847,23669885.266666666,Electronic Technology,Electronic Components,SSE:603328,A,259421942.52266666,3.0960525587119814,8.943586431216046,3.1608438727390338,2.049810640311933,technology_strict,True,0.1,3.1960525587119815,reject_valuation
600522,"Jiangsu Zhongtian Technology Co., Ltd. Class A",35.04,117855101165.0,32.146788990825684,3.1106684208563924,10.0565895371295,5.83116703265325,4792396920.0,,12483962218.47,19.10957282408951,26.345346649057426,26.25970114676244,0.742009132420091,252773080.9000004,Producer Manufacturing,Electrical Products,SSE:600522,A,8857168754.736013,3.196589546797939,9.676451423326107,3.322167144179782,3.7799903476213426,cyclical,True,0.0,3.196589546797939,reject_valuation
601969,Hainan Mining Co Ltd,9.79,19428346945.0,29.16294310396187,2.731508607460729,9.3724874876068,4.39003334610038,158737580.0,,5107560020.0,9.912210761983108,13.825844566561946,11.639507815098096,1.12359550561798,21346212.5,Non-Energy Minerals,Steel,SSE:601969,A,208979420.37499997,3.111547830020995,9.366368125889345,3.1135807083380915,0.0652906896440042,cyclical,True,0.1,3.211547830020995,reject_valuation
600737,"Cofco Sugar Holding Co., Ltd. Class A",16.03,34285737224.999996,30.755947812739834,3.060322527066577,10.1184865788371,5.55194074325923,957256270.0,,3065496227.41,-18.042896508655463,-13.968889248476396,-13.965004952129418,3.80536494073612,64478632.86666667,Process Industries,Agricultural Commodities/Milling,SSE:600737,A,1033592484.8526667,3.039579839643822,9.950343737411727,3.0909432502419296,1.6617390369133234,cyclical,True,0.18,3.219579839643822,reject_valuation
000400,"XJ Electric Co., Ltd. Class A",21.85,22256896626.0,23.319103521878336,1.788100660656139,7.85257550700041,3.60324693999057,990582920.0,,1825264067.8,-9.765081472688623,-15.477550020195125,-15.501848678870948,2.10068649885583,21471565.633333337,Producer Manufacturing,Electrical Products,SZSE:000400,A,469153709.0883334,2.969612135673173,7.667964846841199,3.0411072543563615,2.350956829318418,cyclical,True,0.28,3.249612135673173,reject_valuation
002245,Jiangsu Azure Corporation Class A,17.67,30174579698.0,38.16414686825054,3.796424013509856,11.6993243623609,6.91971243890893,493702530.0,,3239555849.5,24.620887351801642,35.926660143499916,20.856173322892204,0.258370118845501,76685538.3666667,Distribution Services,Wholesale Distributors,SZSE:002245,A,1355033462.9390008,3.262081269498976,9.94761923177738,3.8365106242040583,14.97270334874301,stable_or_general,True,0.0,3.262081269498976,reject_valuation
600366,"Ningbo Yunsheng Co., Ltd. Class A",11.7,12719853601.0,25.573770491803277,1.9811469316775234,8.03601451313899,4.714407760067541,278961880.0,,3773011384.42,27.27823208318869,202.4040477929633,202.98013245033113,0.854700854700855,49777164.433333345,Process Industries,Chemicals: Specialty,SSE:600366,A,582392823.8700001,3.182394761730435,7.746792489251854,3.301207632356893,3.5990729411234157,cyclical,True,0.1,3.282394761730435,reject_valuation
601059,"Cinda Securities Co., Ltd. Class A",16.76,11591215749.0,27.633965375103053,2.5282390422861556,9.42119709413516,1.62722007944653,,,63222308482.170006,24.125714511787844,10.8108445187275,10.816736707473055,0.51909307875895,7042935.266666667,Finance,Investment Banks/Brokers,SSE:601059,A,118039595.06933334,2.9331692245676106,9.14902732187681,3.0204265877560292,2.8889085913273216,financial_special,False,0.35,3.2831692245676107,reject_valuation
688516,Wuxi Autowell Technology Co. Ltd. Class A,45.8,14416029173.0,34.179104477611936,3.806560249205027,11.3376886041008,3.05621423712637,95969920.0,,4326782512.86,-29.694211856367637,-46.39916436134822,-47.12543897723237,2.83842794759825,8734928.866666656,Producer Manufacturing,Industrial Machinery,SSE:688516,A,400059742.0933328,3.014644842622462,11.137097672346588,3.0689417910447756,1.7692400872754588,cyclical,True,0.28,3.2946448426224624,reject_valuation
300861,"Yangling Metron New Material Co., Ltd. Class A",16.79,11280201839.0,23.989141305900844,1.7031644978961507,7.27696648167669,6.4338258802295005,203062150.0,,245009699.44,29.311413065057003,,,2.76523525908314,14693328.199999994,Process Industries,Industrial Specialties,SZSE:300861,A,246700980.4779999,3.29658537885329,7.099730983189493,3.378880321339152,2.4355684327181493,cyclical,True,0.0,3.29658537885329,reject_valuation
601633,"Great Wall Motor Co., Ltd. Class A",15.32,111749573459.11531,21.7923186344239,1.4968787342581023,6.974784704667371,2.64005888075421,29168194390.0,,56143831791.310005,15.433774909308942,-49.85311703496786,-49.83229857989011,2.2845953002611,14967602.366666617,Consumer Durables,Motor Vehicles,SSE:601633,A,229303668.25733256,3.1244431989192387,6.86883648944808,3.1726361033489883,1.5190177146026218,stable_or_general,True,0.2,3.324443198919239,reject_valuation
601369,Xi'an Shaangu Power Co. Ltd. Class A,8.81,14838547556.0,22.770741793745152,1.6741060824587508,7.46874088456128,2.80349341068169,1100775900.0,,3726547704.25,-5.701042449926528,-33.24579541095672,-32.595818815331,3.51872871736663,16061426.26666665,Producer Manufacturing,Industrial Machinery,SSE:601369,A,141501165.4093332,3.048805969532939,7.3520050318194174,3.0972152079866064,1.562992404558694,cyclical,True,0.28,3.3288059695329393,reject_valuation
601728,China Telecom Corp. Ltd. Class A,6.3,547419618114.6711,19.37269372693727,1.2216926066266156,6.33934633874535,3.35850818823705,68544825650.0,,63411820123.74,-3.1318268289227893,-13.038742716180508,-13.02487296068468,4.31746031746032,141891987.73333332,Communications,Wireless Telecommunications,SSE:601728,A,893919522.7199999,3.0559449968104144,6.306260883729768,3.0719778461622265,0.5219064119177053,stable_or_general,True,0.28,3.3359449968104142,reject_valuation
603179,Jiangsu Xinquan Automotive Trim Co. Ltd. Class A,39.46,29009358881.0,34.357858075750976,3.706431118241352,11.9032543225796,4.41773505186629,-23137390.0,,5506206562.28,10.44583599407308,-18.325872285609908,-20.705606186136414,0.387889001520527,21030955.566666648,Producer Manufacturing,Auto Parts: OEM,SSE:603179,A,829881506.660666,2.8864256063635167,10.78772463076582,3.184903142388787,9.371636206223888,cyclical,False,0.44999999999999996,3.336425606363517,reject_valuation
600845,"Shanghai Baosight Software Co., Ltd. Class A",17.61,41413355263.0,38.84844473858372,4.539314952673581,11.9859795773998,5.74815641466014,756782200.0,,3357714916.4399996,2.3437735528214367,-21.12117637628714,-20.61295971978984,1.3060760931289,19991889.466666695,Technology Services,Packaged Software,SSE:600845,A,352057173.5080005,3.2411572610914945,11.684676138824157,3.324734402308654,2.513799031860242,technology_strict,True,0.1,3.3411572610914946,reject_valuation
000683,Inner Mongolia Berun Chemical Company Limited Class A,6.36,23310529327.0,22.537207654145995,1.8700602182913062,7.782898214748611,2.63770465864628,-1352311320.0,,15724758563.179998,1.0954852551802248,-23.163563628891858,-23.356871265616515,4.71698113207547,87794725.30000001,Process Industries,Chemicals: Specialty,SZSE:000683,A,558374452.9080001,2.895734600696426,8.297657132103877,2.7160929037365116,6.613974680791745,cyclical,False,0.44999999999999996,3.345734600696426,reject_valuation
301498,Gambol Pet Group Co. Ltd. Class A,38.73,15514481714.0,31.926469375978893,3.3111110731145987,10.6477708152208,7.9825294141918395,-225347410.0,,1194492357.3999999,17.557503505774676,-30.030884178198146,-30.100835494093918,1.29098889749548,6703731.566666666,Consumer Non-Durables,Food: Specialty/Candy,SZSE:301498,A,259635523.57699996,2.9984181600096584,10.371053041041364,3.078421183426243,2.59883292927261,stable_or_general,False,0.35,3.3484181600096585,reject_valuation
301267,"Huaxia Eye Hospital Group Co., Ltd.",15.3,12772055445.0,27.52788772939907,2.340480211469271,8.15807307832615,5.8582236615856,802364020.0,,1081919182.6399999,1.3112872004819853,9.528160499236039,9.625246548323464,1.69934640522876,5147394.3,Health Services,Hospital/Nursing Management,SZSE:301267,A,78755132.79,3.374312471229684,8.502215042709938,3.237731296034712,4.218422182293025,stable_or_general,True,0.0,3.374312471229684,reject_valuation
000596,"Anhui Gujing Distillery Co., Ltd. Class A",93.9,44216427213.0,24.189808851563708,1.9941267763443475,8.19876864410656,5.33326458971247,-1784103970.0,,1445946194.6399999,-36.22750292569138,-63.39839269963016,-63.39823676394323,4.68583599574015,7556239.866666666,Consumer Non-Durables,Beverages: Alcoholic,SZSE:000596,A,709530923.48,2.95041974003643,8.243664877969636,2.9343513121461955,0.5475972772490678,stable_or_general,False,0.43000000000000005,3.38041974003643,reject_valuation
600572,"Zhejiang CONBA Pharmaceutical Co., Ltd. Class A",4.5,11015960043.0,22.854240731335704,1.616721934605394,7.183183902180611,4.98483814408584,979878340.0,,311042128.54999995,6.411097575447484,-16.048586728679393,-12.411032028469753,3.33333333333333,88967538.73333365,Health Technology,Pharmaceuticals: Major,SSE:600572,A,400353924.3000014,3.1816310208064986,7.074056642751158,3.230712147994267,1.519204588320866,health_special,True,0.2,3.381631020806499,reject_valuation
601231,"Universal Scientific Industrial (Shanghai) Co., Ltd. Class A",26.99,64171518343.0,30.7298189684618,2.8616717294612233,9.9656095358948,5.04255762496748,-684973460.0,,4151162309.91,-1.98454460287345,35.27982124643068,28.80187710808037,1.59318266024454,30298117.066666666,Electronic Technology,Electronic Production Equipment,SSE:601231,A,817746179.6293333,3.083586493909588,9.31236117075136,3.299895526494317,6.555026692451915,technology_strict,False,0.33,3.413586493909588,reject_valuation
601609,Ningbo Jintian Copper (Group) Co. Ltd. Class A,12.98,22095250170.0,27.211740041928724,2.131772442324716,8.88203776730594,2.71980293015632,-3185836040.0,,19055864365.1,15.517932182328645,15.26029446108574,1.8360375747224587,1.07858243451464,52877721.56666667,Non-Energy Minerals,Other Metals/Minerals,SSE:601609,A,686352825.9353334,3.0636820912981175,7.834017372795759,3.473535830597419,11.79932378094427,cyclical,False,0.35,3.4136820912981176,reject_valuation
603393,"Xinjiang Xintai Natural Gas Co., Ltd. Class A",26.19,11065833905.0,19.427342185297828,1.1460126940924993,6.179475148791531,2.5894043904851,1249393820.0,,7498037268.389999,-1.9229069911645402,-52.50763259557192,-52.60345251907324,0.0,10011415.49999998,Utilities,Gas Distributors,SSE:603393,A,262198971.9449995,3.1438498768130936,5.898967975968302,3.2933459317701885,4.539336530515648,cyclical,True,0.28,3.423849876813094,reject_valuation
301087,"Cofoe Medical Technology Co., Ltd. Class A",50.9,10435429892.1,27.58957125047428,2.2053640172113713,8.04580503746526,5.80908035916797,586579570.0,,1121617041.49,25.69037762664021,28.239574814643653,25.128865979381448,3.53634577603143,2259216.66666667,Health Technology,Medical Specialties,SZSE:301087,A,114994128.33333349,3.429062862200059,7.993469696175362,3.451513835559428,0.6504674304957603,health_special,True,0.0,3.429062862200059,reject_valuation
300888,Winner Medical Co. Ltd. Class A,29.89,17425001258.0,22.04277286135693,1.4915779987005455,6.804218488664921,4.20262874766909,1044070559.9999999,,3792596796.98,8.778120940415404,-1.7128387667263278,-1.5393552134766109,2.50920040147206,3905228.066666665,Consumer Non-Durables,Household/Personal Care,SZSE:300888,A,116727266.91266662,3.2395745224933274,6.766743948604684,3.257515435603588,0.5507545079962539,stable_or_general,True,0.2,3.4395745224933276,reject_valuation
600559,"Hebei Hengshui Laobaigan Liquor Co., Ltd. Class A",11.63,10638512791.0,23.885808174163074,1.9316049095650152,8.09566577350519,4.72714680015012,-157792790.0,,1000000.0,-22.64095751317801,-44.87722652353826,-45.007906031172354,1.71969045571797,13801802.133333337,Consumer Non-Durables,Beverages: Alcoholic,SSE:600559,A,160514958.8106667,2.95044395883221,8.086830872460927,2.9536673328366905,0.10913124740370428,stable_or_general,False,0.53,3.4804439588322102,reject_valuation
002240,"Chengxin Lithium Group Co., Ltd. Class A",32.65,29554373256.0,29.609141198875484,2.5286124307051767,8.75339208870073,3.68714284225616,72549230.0,,15627130106.25,199.14637176699316,,,0.0,47777033.36666667,Non-Energy Minerals,Other Metals/Minerals,SZSE:002240,A,1559920139.4216666,3.3825905316290226,8.539972212369369,3.467123833961585,2.4381391141710007,cyclical,True,0.1,3.4825905316290227,reject_valuation
600459,Sino-Platinum Metals Co Ltd. Class A,21.43,17640688635.0,24.70032272936837,1.9532941216146624,8.08990415634804,2.9524837311524,-2672815400.0,,11636252419.96,-7.256689708311277,13.387621832869273,11.259297255706588,1.16276248250117,30365006.86666671,Non-Energy Minerals,Precious Metals,SSE:600459,A,650722097.1526675,3.0532281040667657,7.907970041590674,3.1234719655564027,2.24890321617226,cyclical,False,0.43000000000000005,3.483228104066766,reject_valuation
600888,"Xinjiang Joinworld Co., Ltd. Class A",10.51,16322934842.0,20.06874164598052,1.2588107771449788,6.587893829602061,3.5305562017903602,-3199645890.0,,8031216819.46,3.6364825770298337,-16.8660716900921,-19.862280030604428,1.23691722169363,62083151.96666663,Non-Energy Minerals,Aluminum,SSE:600888,A,652493927.1696663,3.0463061738796666,6.272494804860376,3.199483183378618,4.787554761803692,cyclical,False,0.44999999999999996,3.496306173879667,reject_valuation
600256,"Guanghui Energy Co., Ltd. Class A",6.54,40192585254.0,23.61863488624052,1.6728781433610527,7.27222370509977,3.4028523292226804,4222751309.9999995,,16403070669.36,-17.192587996143903,-24.96469514896742,-24.50926935659761,0.963302752293578,123817506.5666664,Energy Minerals,Integrated Oil,SSE:600256,A,809766492.9459982,3.247787175424424,7.082873973955283,3.3346117653779443,2.6037390875600086,cyclical,True,0.28,3.5277871754244243,reject_valuation
002202,Goldwind Science & Technology Co. Ltd. Class A,18.41,69962184720.05208,25.505680243834856,1.9741971044394235,8.01798344068265,1.85015117441573,-3121852920.0,,62549675182.64,20.283947305526553,61.58341805088939,58.77694676638803,0.760456273764259,136567492.5666667,Producer Manufacturing,Electrical Products,SZSE:002202,A,2514207538.1523337,3.181059231729132,7.740225257927083,3.295211624198332,3.4641900274605564,cyclical,False,0.35,3.5310592317291323,reject_valuation
603456,"Zhejiang Jiuzhou Pharmaceutical Co., Ltd. Class A",15.55,13680936484.0,23.15366289458011,1.5253307907883755,6.71886658179621,5.47006945428951,941296680.0,,185610897.76,-0.875638460382591,-9.94064705000709,-9.194159004867505,1.92926045016077,34118300.733333334,Health Technology,Pharmaceuticals: Major,SSE:603456,A,530539576.40333337,3.4460667752075307,6.587859544009472,3.514595710473881,1.94983835728606,health_special,True,0.18,3.626066775207531,reject_valuation
600141,"Hubei Xingfa Chemicals Group Co., Ltd. Class A",31.26,37006207976.0,22.794224879684997,1.4986444602650675,6.92426116226512,3.00715971579053,-1863379290.0,,17727395763.74,8.507155183924336,5.1021586748120615,3.87820027268595,1.59948816378759,37884691.26666664,Process Industries,Chemicals: Major Diversified,SSE:600141,A,1184275448.9959993,3.2919360413361947,6.5746673474328645,3.46697766976533,5.04882480079496,cyclical,False,0.35,3.6419360413361948,reject_valuation
002402,"Shenzhen H&T Intelligent Control Co., Ltd. Class A",19.06,17507157539.0,31.766666666666666,2.430893002446197,8.96481856439683,3.8816416017653705,266681590.00000003,,4143023587.33,4.239022563347879,5.664644644971699,4.675505931611991,1.04931794333683,27716523.099999882,Electronic Technology,Electronic Production Equipment,SZSE:002402,A,528276930.28599775,3.5434812694175237,7.652338937396214,4.151236233333334,14.640336751633109,technology_strict,True,0.1,3.643481269417524,reject_valuation
601136,Capital Securities Corp. Ltd. Class A,14.42,39414672743.0,31.839258114374033,2.8465620163608225,8.97813601514228,2.09954429586468,321736690.0,,36197348137.8,17.108503958908862,24.00259316045997,24.014238773274915,1.16504854368932,10634737.7,Finance,Investment Managers,SSE:601136,A,153352917.634,3.5463105104082637,8.940415653327438,3.5612726912225967,0.4201357804250683,financial_special,True,0.1,3.646310510408264,reject_valuation
688819,Tianneng Battery Group Co Ltd Class A,21.89,21279267872.0,21.1436298657394,1.260982471825193,6.05084178685752,1.99978283192406,3245139830.0,,31072911258.690002,6.459721335576525,-18.297048050410293,-18.274392169245328,2.51256281407035,2586671.0,Producer Manufacturing,Electrical Products,SSE:688819,A,56622228.190000005,3.494328658809679,5.9638883192353696,3.545275956550814,1.4370474503401232,cyclical,True,0.2,3.6943286588096793,reject_valuation
002250,"Lianhe Chemical Technology Co., Ltd. Class A",15.54,14054012795.0,27.636492975280095,2.021458155556018,7.503494953579571,3.6157850016103,848487270.0,,4542067168.24,24.691354375121467,61.76408804148018,62.60844418739156,1.28700128700129,19924209.133333337,Process Industries,Chemicals: Specialty,SZSE:002250,A,309622209.93200004,3.683149405210968,7.314452515245489,3.7783406095914147,2.5193918234581947,cyclical,True,0.1,3.783149405210968,reject_valuation
000733,"China Zhenhua (Group) Science & Technology Co., Ltd. Class A",40.96,22698779493.0,23.646230227456414,1.4383795193859918,6.24114631357707,5.16171907277297,957691060.0,,1176876750.0700002,7.464518034046728,11.357577179754276,11.35253278477757,0.927734375,14346515.9,Electronic Technology,Electronic Components,SZSE:000733,A,587633291.264,3.7887639608794466,6.082912606153357,3.887320393775893,2.5353308426608767,technology_strict,True,0.0,3.7887639608794466,reject_valuation
002541,"Anhui Honglu Steel Construction (Group) Co., Ltd Class A",20.22,17872808108.0,21.6418709194049,1.3721237652921903,6.461647002118,2.39470839937267,-562121140.0,,15419278456.789999,2.704802279459657,-8.995049133230518,-8.536465981399907,1.38476755687438,11162203.93333333,Producer Manufacturing,Metal Fabrication,SZSE:002541,A,225699763.53199992,3.3492809050558043,6.340134687994527,3.413471792702645,1.8805161297675954,cyclical,False,0.44999999999999996,3.799280905055804,reject_valuation
601888,China Tourism Group Duty Free Corporation Limited Class A,53.35,104244506023.35654,27.055124499213957,1.9294120880650945,7.26639977154086,5.07252498586596,4641966600.0,,10206430141.43,-0.3027919138919773,14.199005394693337,13.831322519194137,1.31208997188379,30976771.566666666,Retail Trade,Discount Stores,SSE:601888,A,1652610763.0816667,3.723319023153173,7.131410864958875,3.7937969094100117,1.8577137348081973,stable_or_general,True,0.08,3.8033190231531733,reject_valuation
603087,"Gan & Lee Pharmaceuticals Co., Ltd. Class A",70.38,42047275887.0,36.11823873550241,3.5716297501838334,10.1407477294444,9.32213093304074,-14340820.0,,210684945.22,11.352299755039763,25.04167272088052,25.2796708242253,1.4208581983518,13555211.133333333,Health Technology,Pharmaceuticals: Major,SSE:603087,A,954015759.5639999,3.5616938414344412,9.888715162273684,3.6524703303515764,2.485345005072148,health_special,False,0.25,3.8116938414344412,reject_valuation
605060,"Allied Machinery Co., Ltd. Class A",42.31,10179024781.0,39.40946348733234,3.9145407006759547,10.2409915708758,8.45752150554836,48712750.0,,148482984.28,26.82082670845051,29.637394552151523,28.94547201537354,0.827227605766958,4744937.766666667,Producer Manufacturing,Industrial Machinery,SSE:605060,A,200758316.90766668,3.8482077848211804,9.932996682216272,3.9675301168568606,3.0074713618105875,cyclical,True,0.0,3.8482077848211804,reject_valuation
300976,"Dongguan Tarry Electronics Co., Ltd. Class A",57.09,10683362640.0,33.84916399857702,2.881240795826062,8.78652698951166,7.127773372915571,101966960.0,,92687866.97999999,22.48799165832804,16.446394847684488,16.189032791402596,0.625573655631459,5649052.866666663,Electronic Technology,Electronic Production Equipment,SZSE:300976,A,322504428.1579998,3.852394016314095,8.511999870800905,3.976640567710924,3.124409895268687,technology_strict,True,0.0,3.852394016314095,reject_valuation
300409,"Guangdong Dowstone Technology Co., Ltd. Class A",18.33,14338623421.0,24.93877551020408,1.748980715412308,7.114491229867791,4.12729998335512,-739131860.0,,4071855335.25,29.099312735733818,104.8612328591062,91.00831600831602,1.36388434260775,23489560.133333333,Process Industries,Chemicals: Specialty,SZSE:300409,A,430563637.24399996,3.5053491113330844,7.013097795024803,3.5560284825767043,1.4251677536310847,cyclical,False,0.35,3.8553491113330844,reject_valuation
300699,"Weihai Guangwei Composites Co., Ltd. Class A",23.99,19914987014.0,37.147723753484044,3.6198644399244335,9.82691287953177,6.20203987307223,157171220.0,,2555155947.16,20.154661143272026,-17.04767340554684,-16.96026745531695,2.08420175072947,11622896.3666667,Producer Manufacturing,Electrical Products,SZSE:300699,A,278833283.8363341,3.780202817393253,9.74451211047603,3.8121686681006484,0.8385214162971888,cyclical,True,0.1,3.8802028173932532,reject_valuation
603707,"Nanjing King-friend Biochemical Pharmaceutical Co., Ltd. Class A",7.81,12594357095.0,26.573664511738684,1.816705784381913,7.12892411126109,4.69347879780049,1180610410.0,,2571189501.8599997,5.167453218971264,-31.746843601302892,-31.53971581644538,1.28040973111396,13421970.09999999,Health Technology,Pharmaceuticals: Major,SSE:603707,A,104825586.48099992,3.7275841483235914,6.836489501022333,3.8870336168533344,4.102086172818387,health_special,True,0.2,3.9275841483235916,reject_valuation
603063,"Shenzhen Hopewind Electric Co., Ltd. Class A",31.41,14329389932.0,32.3480947476828,2.6605814653781352,8.69873582592878,4.87380503830477,737204110.0,,2522279474.95,-5.356815022869603,-15.84965298439248,-17.844149251205685,0.413880929640242,23679401.966666665,Producer Manufacturing,Electrical Products,SSE:603063,A,743770015.773,3.718712166342738,8.224847509971886,3.9329719740656173,5.44778374053333,cyclical,True,0.28,3.998712166342738,reject_valuation
600685,CSSC Offshore & Marine Engineering (Group) Company Limited Class A,26.33,28080286802.47935,28.226843910806174,1.9600997246331604,7.1888761116825,2.25220350804403,3256951500.0,,5746066077.16,3.1361431281891496,74.2209074220589,74.22487859544266,0.816559058108621,10762176.30000011,Producer Manufacturing,Trucks/Construction/Farm Machinery,SSE:600685,A,283368101.9790029,3.9264613094298966,6.944098074963206,4.064868267425174,3.4049555579558577,cyclical,True,0.1,4.026461309429896,reject_valuation
002226,"Anhui Jiangnan Chemical Industry Co., Ltd. Class A",5.16,13668253941.0,23.35898596650068,1.4256270272361071,6.04977911163314,2.76372530285908,392740900.0,,7836004249.99,7.094074452438407,-34.991863745002036,-34.99117127722189,1.70542635658915,23530967.03333332,Process Industries,Industrial Specialties,SZSE:002226,A,121419789.89199993,3.8611303876506184,6.103120354970078,3.8273841261344748,0.881705635076302,cyclical,True,0.2,4.061130387650619,reject_valuation
605589,"Jinan Shengquan Group Share Holding Co., Ltd. Class A",39.96,33821444217.999996,34.145091002307105,3.01503897820661,9.1853417938933,5.34266005957598,-1283453380.0,,5913238195.64,8.617237911026026,-8.137683722781047,-6.674641148325368,1.62662662662663,36736008.2,Consumer Non-Durables,Food: Specialty/Candy,SSE:605589,A,1467970887.6720002,3.717345719786695,8.830080370858846,3.866906026698602,3.8676995478888143,stable_or_general,False,0.35,4.067345719786695,reject_valuation
002838,"Shandong Dawn Polymer Co., Ltd. Class A",24.95,11869368199.0,34.57594235033259,3.081319669316972,9.25668038016704,4.40149028002816,-69655250.0,,3583455707.38,22.288605477660152,116.09964039723029,104.53514739229026,0.480961923847695,8650095.300000008,Process Industries,Chemicals: Specialty,SZSE:002838,A,215819877.7350002,3.7352421095162254,8.911744582681873,3.8798174733961477,3.7263444703590665,cyclical,False,0.35,4.0852421095162255,reject_valuation
601101,"Beijing Haohua Energy Resource Co., Ltd. Class A",14.81,21326369871.0,26.366387751468757,1.7150433971987238,6.64373504610227,2.77818263438049,1426433530.0,,6263806844.36,-4.040388597371561,29.24051459135399,29.245283018867923,1.68804861580014,47333961.83333334,Energy Minerals,Coal,SSE:601101,A,701015974.7516668,3.9686091586294254,6.504658178301979,4.053462461628017,2.093353615627458,cyclical,True,0.18,4.148609158629426,reject_valuation
301291,"Guangdong Mingyang Electric Co., Ltd. Class A",33.97,10594488810.0,28.773504997458915,2.0448506723266755,7.386584032931701,3.86370930603279,55479850.0,,1728231143.3899999,-19.511733885541112,-48.92523712383712,-48.99114279542017,1.5307624374448,8854366.566666666,Producer Manufacturing,Electrical Products,SZSE:301291,A,300782832.2696667,3.89537367600201,7.10671387621099,4.04877774716319,3.7888982982250408,cyclical,True,0.28,4.17537367600201,reject_valuation
601619,Jiaze Renewables Corporation Limited Class A,4.13,12151973796.0,26.106194690265486,1.4917987191481215,6.65985574113016,2.1534741958372,930200910.0,,13976822047.76,-3.3816931382938313,-27.463606978501964,-39.710365853658544,1.93704600484262,54144726.56666667,Utilities,Alternative Power Generation,SSE:601619,A,223617720.72033334,3.9199339602865533,5.714347636058906,4.568534564738261,14.19712591118083,stable_or_general,True,0.28,4.199933960286553,reject_valuation
601952,"Jiangsu Provincial Agricultural Reclamation & Dev Co., Ltd Class A",9.4,12953199474.0,27.065937230060467,1.8004489630180123,6.84558699046067,3.18236394870644,1224165920.0,,4546566011.69,-6.0714107740198076,-26.17758617457879,-26.18490967056323,2.23404255319149,19765778.33333334,Process Industries,Agricultural Commodities/Milling,SSE:601952,A,185798316.3333334,3.9537788750295437,6.652084306980379,4.068790469426066,2.8266777377883856,cyclical,True,0.28,4.233778875029544,reject_valuation
603876,"Jiangsu Dingsheng New Material Joint-Stock Co., Ltd. Class A",23.57,21902827901.0,35.24749513982354,2.866726993208399,8.49225410031274,2.43495075749078,1087078880.0,,15534322071.880001,7.060304023370274,74.60110125291986,68.09954751131221,0.72125583368689,24019814.700000063,Non-Energy Minerals,Aluminum,SSE:603876,A,566147032.4790015,4.150546453682479,8.133136785568334,4.333813148497353,4.22876318233556,cyclical,True,0.1,4.250546453682479,reject_valuation
600085,"Beijing TongRenTang Co., Ltd. Class A",24.48,33573590232.000004,31.133155284242655,2.383590614417218,7.74130073596294,3.4060283230745494,2472146130.0,,3989232297.49,-10.540401729822122,-29.639778429026492,-29.637583892617446,2.04248366013072,9515484.43333333,Health Technology,Pharmaceuticals: Major,SSE:600085,A,232939058.9279999,4.021695622753765,7.65611642204354,4.066442249311136,1.1003876070034058,health_special,True,0.28,4.3016956227537655,reject_valuation
600452,Chongqing Fuling Electric Power Industrial Co Ltd Class A,9.15,14059355292.0,32.45831855267826,2.458150986887175,7.79172470286158,6.75029294193005,549371950.0,,12229518.15,-5.860141340048702,-10.714967668429946,-10.706366803927779,1.12568306010929,33119419.93333331,Utilities,Electric Utilities,SSE:600452,A,303042692.3899998,4.165742475572533,7.573254242661142,4.285914286336283,2.8038780697706267,stable_or_general,True,0.18,4.345742475572533,reject_valuation
601696,"BOC International (China) Co., Ltd. Class A",12.08,33558236838.999996,27.361268403171007,1.714435747688421,6.43674277236604,1.22650578358215,19028031220.0,,34002287076.05,15.683711911754022,17.128552528199055,17.139824887237992,0.317880794701987,37194829.8,Finance,Investment Banks/Brokers,SSE:601696,A,449313543.98399997,4.250794131565623,6.265922041427466,4.366678714205279,2.6538380820798846,financial_special,True,0.1,4.350794131565623,reject_valuation
603888,"XinhuaNet Co., Ltd. Class A",16.24,12053522306.0,37.58389261744966,3.1491909836955676,8.60736728184483,6.4956287143529305,459869410.0,,16306545.759999998,4.337761532365754,18.938811023578296,18.937517203413147,0.748072660098522,8617423.054530382,Technology Services,Internet Software/Services,SSE:603888,A,139946950.4055734,4.366479480517096,8.379097438761422,4.4854344864863185,2.652028612336421,technology_strict,True,0.0,4.366479480517096,reject_valuation
002063,YGsoft Inc. Class A,5.43,10401017520.0,34.3888537048765,2.6055287111989753,7.85662931060098,6.55682034101866,274000490.0,,95216013.88000001,10.49538960153843,2.843546301111112,2.599090318388566,0.589318600368324,30229828.899999924,Technology Services,Packaged Software,SZSE:002063,A,164147970.92699957,4.377049284796406,7.576666362768291,4.538784217009105,3.5633976959423608,technology_strict,True,0.0,4.377049284796406,reject_valuation
002007,Hualan Biological Engineering Inc. Class A,13.15,24007834648.0,29.717514124293785,2.1881801662684124,7.02983487861899,5.3671866244139,1083354290.0,,398376460.53,-3.3843010516649703,-30.56418139372029,-30.45733144743045,7.60456273764259,14449138.76666663,Health Technology,Biotechnology,SZSE:002007,A,190006174.7816662,4.227341699686094,7.363267859876596,4.0359137667975356,4.743112562597074,health_special,True,0.18,4.407341699686094,reject_valuation
002797,"First Capital Securities Co., Ltd. Class A",6.54,27025895204.0,26.328502415458935,1.5896821364939002,6.08728661377026,1.6958535551476999,6466952590.0,,26281678268.75,7.199620128789978,5.508430621433778,5.522514868309266,1.25382262996942,48541910.9,Finance,Investment Managers,SZSE:002797,A,317464097.286,4.325162274419661,6.037875270719951,4.360557519817654,0.8117137599293223,financial_special,True,0.1,4.425162274419661,reject_valuation
002993,"Dongguan Aohai Technology Co., Ltd. Class A",37.83,10442594029.0,30.009519276534984,2.1251925481749634,6.9751425633588,3.5253070039641003,716227560.0,,2901852137.71,10.563189601900731,-26.267808829487755,-26.3926194090856,3.17208564631245,6997613.566666661,Distribution Services,Wholesale Distributors,SZSE:002993,A,264719721.22699976,4.302352103049238,7.081728062990639,4.237598367179021,1.5280762889599675,stable_or_general,True,0.2,4.502352103049239,reject_valuation
300184,"Wuhan P&S Information Technology Co., Ltd. Class A",12.26,14087463112.0,37.8161628624306,3.018046737875502,8.79756806909666,5.04589818203923,-238343640.0,,1728420342.8,33.87234510662094,173.35827835495985,173.81756756756755,0.0,68036613.4333333,Distribution Services,Electronics Distributors,SZSE:300184,A,834128880.6926662,4.298479143942968,7.980838111086767,4.738369872444524,9.283587823308025,stable_or_general,False,0.25,4.548479143942968,reject_valuation
301301,"Yili Chuanning Biotechnology Co., Ltd. Class A",8.77,19574260849.0,33.06938159879336,2.452097424039502,7.51200803504776,5.77403019150322,829009880.0,,1406467847.81,-11.117966193882218,-45.66360739820324,-45.74468085106383,1.97263397947548,15338280.8,Health Technology,Pharmaceuticals: Major,SZSE:301301,A,134516722.616,4.4022026393616756,7.415008401998586,4.459790172305144,1.2912610396130675,health_special,True,0.18,4.582202639361675,reject_valuation
600143,"Kingfa Sci. & Tech. Co., Ltd. Class A",14.11,37720238657.0,29.31643465613962,1.9156645971334272,6.60141532994485,1.91029614831088,4973261120.0,,31948445626.26,-1.3444674698558463,21.28759173758415,17.390243902439032,1.41743444365698,46527119.200000085,Process Industries,Chemicals: Major Diversified,SSE:600143,A,656497651.9120011,4.440931707956108,6.534439196316928,4.4864499883423115,1.014572334573638,cyclical,True,0.18,4.620931707956108,reject_valuation
601858,China Science Publishing & Media Ltd. Class A,21.93,17335663903.0,36.73982241581504,2.968531937099069,8.26079166546553,6.25089152803845,715840880.0,,20860112.58,-1.5822118197213897,-2.302157246064914,-2.307692307692308,1.39671682626539,17010805.166666668,Consumer Services,Publishing: Books/Magazines,SSE:601858,A,373046957.305,4.447494126913634,8.079875573435634,4.547077746667941,2.190057555696745,stable_or_general,True,0.18,4.627494126913634,reject_valuation
002152,"GRG Banking Equipment Co., Ltd. Class A",9.72,24138483974.0,29.499241274658573,1.9508004905099177,6.560529319149551,2.9622658262709,1455472450.0,,4849896945.5,4.108887037976128,-7.809772823419426,-7.80637940682708,3.80658436213992,30410167.399999984,Electronic Technology,Electronic Equipment/Instruments,SZSE:002152,A,295586827.12799984,4.4964727447453265,6.613053103117468,4.460759775352824,0.8006028387771202,technology_strict,True,0.2,4.696472744745327,reject_valuation
000958,"SPIC Industry-Finance Holdings Co., Ltd. Class A",5.31,97260738405.0,31.701492537313428,1.9120458891013383,7.27045667548164,2.59949008498325,-9155715870.0,,82988844185.45999,67.39509306371951,165.19649080073958,-7.304925290536795,3.37099811676083,18573054.600000177,Producer Manufacturing,Building Products,SZSE:000958,A,98622919.92600094,4.360316545757193,6.031406524001397,5.256069610158163,17.04226029788094,cyclical,False,0.35,4.710316545757193,reject_valuation
603619,Zhongman Petroleum and Natural Gas Group Corp. Ltd. Class A,24.09,10655929410.0,30.837173579109063,2.551574318176763,7.22870147286705,2.46541472091049,-528846120.00000006,,4677629956.78,-12.103237376959445,-60.253545079234115,-56.88503780561841,1.41137401411374,40903790.36666667,Energy Minerals,Oil & Gas Production,SSE:603619,A,985372309.933,4.265935409679937,8.274345609629254,3.7268413762198134,14.46517248895991,cyclical,False,0.53,4.795935409679937,reject_valuation
603160,"Shenzhen Goodix Technology Co., Ltd. Class A",48.89,22410959081.0,34.50247000705716,2.4134604847061936,7.18129109714212,6.25950764796592,745691220.0,,276662588.7,4.04473685414783,-8.239651534518437,-8.27885300019418,1.10983841276335,5297420.0,Electronic Technology,Semiconductors,SSE:603160,A,258990863.8,4.804494002587895,6.99503683131249,4.932421492423137,2.5936041766048468,technology_strict,True,0.1,4.904494002587895,reject_valuation
300303,Shenzhen Jufei Optoelectronics Co. Ltd. Class A,7.19,10186831928.0,35.59405940594059,2.631935369331181,7.47861704253935,4.60568471475333,68737440.0,,1202441326.68,7.191865196528349,-15.377069591138765,-17.685411572942133,1.66898470097357,45543883.23333328,Electronic Technology,Electronic Components,SZSE:300303,A,327460520.4476663,4.759444052754264,7.394310773364377,4.813708876580726,1.1272975831684962,technology_strict,True,0.2,4.9594440527542645,reject_valuation
600095,"Xiangcai Co., Ltd. Class A",9.55,27305243502.0,31.9291206954196,2.121227602168761,6.879209039281629,1.8463899647712203,-862181300.0,,35974851558.479996,10.754456113928814,380.0049542692144,380.0963081861958,0.0,61213625.166666664,Finance,Real Estate Development,SSE:600095,A,584590120.3416667,4.641394165099225,6.6435515791484425,4.806031881446191,3.4256476113392775,financial_special,False,0.35,4.991394165099225,reject_valuation
002422,"Sichuan Kelun Pharmaceutical Co., Ltd. Class A",41.75,66417037818.0,36.022433132010356,2.697347296224295,7.57442126167516,4.53100081651106,2424632840.0,,5530200184.0,-4.1980799585767965,-14.385271568555162,-13.183520599250931,1.42275449101796,37222500.00000001,Health Technology,Biotechnology,SZSE:002422,A,1554039375.0000002,4.755800065448648,7.487965308560377,4.81071047308791,1.1414199201228659,health_special,True,0.28,5.035800065448648,reject_valuation
300677,"Intco Medical Technology Co., Ltd. Class A",54.3,35088557429.0,30.76835902085222,1.8712136353924724,6.14711629282352,2.80789154908597,1505092940.0,,17639051040.11,20.118676493617073,-28.4027625261312,-28.775526676890788,0.276243093922652,10940060.033333333,Health Technology,Medical Specialties,SZSE:300677,A,594045259.81,5.005332184258965,6.08161661830688,5.059240157992419,1.0655349825268168,health_special,True,0.2,5.205332184258965,reject_valuation
600779,"Sichuan Swellfun Co., Ltd. Class A",27.2,13233094219.0,34.183737589543796,2.4944699801542902,7.258930134388951,4.46482158503411,-153885220.0,,1228473493.53,-44.783017029736286,-71.25454195894253,-71.28784325046007,3.56617647058824,3542697.4,Consumer Non-Durables,Beverages: Alcoholic,SSE:600779,A,96361369.28,4.7091977683597515,7.297241776502826,4.684473755497,0.5277863459847376,stable_or_general,False,0.53,5.239197768359752,reject_valuation
600161,Beijing Tiantan Biological Products Corporation Limited Class A,12.34,24400764118.0,32.22773570122747,2.043614780270009,6.44042674943658,4.50393152230143,234951930.0,,168424632.88,-10.123353379211254,-47.98257175433521,-47.98261105828012,1.62074554294976,15568971.233333332,Health Technology,Biotechnology,SSE:600161,A,192121105.01933333,5.003975195284507,6.34116774202096,5.082302978308588,1.5411868076025015,health_special,True,0.28,5.2839751952845075,reject_valuation
000922,"Harbin Electric Corp. Jiamusi Electric Machine Co., Ltd. Class A",12.18,10019782392.0,33.04395008138904,2.1522096372342867,6.66468939462245,3.3276893354342905,-43187300.0,,356861513.47999996,4.230028004880244,43.87258091655921,30.662885501595166,0.627167487684729,11588142.433333347,Producer Manufacturing,Electrical Products,SZSE:000922,A,141143574.83800015,4.9580630281212015,6.513173007262381,5.073402786098889,2.2734200858981257,cyclical,False,0.35,5.308063028121201,reject_valuation
603806,"HANGZHOU FIRST APPLIED MATERIAL CO.,LTD. Class A",15.23,39731198095.0,37.16447047340166,2.4374278814222547,6.9756714615509505,5.291548084963871,3341342560.0,,3636457221.79,-11.26239535096908,27.57950280694156,25.898617511520733,0.984898227183191,28649671.63333334,Producer Manufacturing,Electrical Products,SSE:603806,A,436334498.97566676,5.327726610728112,6.558489466886671,5.666620440734459,5.980528139315833,cyclical,True,0.08,5.407726610728112,reject_valuation
603341,"Shanghai Longcheer Technology Co., Ltd. Class A",36.85,14507068080.90428,37.7329510546795,2.597062113127603,7.43071871721986,1.7070411512496102,-440964290.0,,14102580574.73,-7.113920669219452,-8.249715754611804,-12.756834018224042,1.35685210312076,12961525.766666668,Electronic Technology,Telecommunications Equipment,SSE:603341,A,477632224.5016667,5.077967891213215,6.882743174166668,5.482254691167965,7.374462200854415,technology_strict,False,0.53,5.607967891213216,reject_valuation
002429,"Shenzhen MTC Co., Ltd. Class A",8.18,36526376312.0,35.845749342681856,2.2202016637941564,6.309278503684281,3.61796561051827,570542720.0,,5980279705.990001,-4.069481015424364,-23.659251344764066,-23.653395784543328,1.06356968215159,72795187.63333318,Consumer Durables,Electronics/Appliances,SZSE:002429,A,595464634.8406653,5.681433989916574,6.193765521733821,5.7873920504255,1.8308429701273776,stable_or_general,True,0.28,5.961433989916574,reject_valuation
300224,"Yantai Zhenghai Magnetic Material Co., Ltd. Class A",11.41,10391090482.0,36.430395913154534,2.0332121009086195,6.18392775579838,2.9242465260744,578941610.0,,3528125263.0899997,19.088013106926294,239.97539524470108,202.90135396518374,1.75284837861525,14088318.300000023,Non-Energy Minerals,Other Metals/Minerals,SZSE:300224,A,160747711.80300027,5.891141900711155,5.581087028962135,6.527473182931026,9.748508563525649,cyclical,True,0.1,5.991141900711154,reject_valuation
603267,Beijing Yuanliu Hongyuan Electronic Technology Co. Ltd. Class A,48.34,11110249338.0,38.97444166733855,2.467457028781554,6.49086910719663,5.46795419701754,9725580.0,,349449461.8,14.349171010701792,102.11818154407173,101.97036313304022,0.72403806371535,10024212.6,Electronic Technology,Electronic Components,SSE:603267,A,484570437.084,6.004502790562571,6.330961838638315,6.156164365021874,2.4635725342392334,technology_strict,True,0.0,6.004502790562571,reject_valuation
300783,Three Squirrels Inc. Class A,17.25,11117528424.0,36.477056460139565,2.148999811884654,6.03330509107101,3.6199697875564403,22368270.0,,558555282.9,-3.726344533507765,-43.96825944276149,-44.213754866108296,0.678260869565217,8013857.8,Consumer Non-Durables,Food: Specialty/Candy,SZSE:300783,A,138239047.04999998,6.04594926156209,5.891373977044944,6.191604301860345,2.352460415703428,stable_or_general,True,0.28,6.32594926156209,reject_valuation
600521,"Zhejiang Huahai Pharmaceutical Co., Ltd. Class A",16.46,24033364818.0,39.06954664134821,2.5084580450486147,6.3774258027333,2.90115019638034,42317780.0,,8848598077.33,0.538804077106066,-19.49996547863877,-20.2234425298239,0.607533414337789,41249752.96666662,Health Technology,Pharmaceuticals: Major,SSE:600521,A,678970933.8313326,6.126225196474007,6.420494376543021,6.0851305756277885,0.6753284968248785,health_special,True,0.2,6.326225196474007,reject_valuation
300456,Sai MicroElectronics Inc. Class A,40.4,29576817267.0,7.083121482546416,3.2723281723966156,59.0942940635882,43.5947771502546,370356220.0,,1466328031.15,-64.56714063350148,,,0.915841584158416,29305978.400000032,Electronic Technology,Aerospace & Defense,SZSE:300456,A,1183961527.3600013,0.11986134354908529,46.19895593291727,0.15331778261031248,21.821629879857685,technology_strict,True,0.18,0.2998613435490853,watch
601336,"New China Life Insurance Co., Ltd. Class A",59.8,166446540141.0438,4.213255550153946,1.5095638950686485,42.7837766021692,2.37050631440822,112343000000.0,,164822000000.0,39.46803724085419,47.86441809984973,47.868439147375675,4.44816053511706,19603771.1,Finance,Multi-Line Insurance,SSE:601336,A,1172305511.78,0.0984778784101151,35.828918447956276,0.11759371291862915,16.255830379079494,financial_special,True,0.25,0.3484778784101151,watch
601628,China Life Insurance Co. Ltd. Class A,38.27,985331032935.78,4.368123088161439,1.6285709300727305,41.6958096415119,3.21959203584045,636036000000.0,,260987000000.0,34.48666969122788,125.9699967149688,125.96719281956051,2.2367389600209,36052465.06666667,Finance,Multi-Line Insurance,SSE:601628,A,1379727838.1013336,0.10476168050740002,37.28308239496527,0.11716099655835627,10.583143209080092,financial_special,True,0.25,0.35476168050740003,watch
601601,"China Pacific Insurance (Group) Co., Ltd. Class A",31.77,289439668155.5671,5.41937464817563,0.9574912463540289,18.7649629741776,1.78762438998645,267085000000.0,,193836000000.0,8.102381142649444,18.196298702659654,18.196298237832167,3.61976707585773,51457517.63333333,Finance,Multi-Line Insurance,SSE:601601,A,1634805335.211,0.2888028425973029,17.66792865439479,0.3067351444634453,5.846184302587954,financial_special,True,0.1,0.3888028425973029,watch
601319,People's Insurance Co. (Group) of China Ltd. Class A,7.14,294072465498.76843,5.552963135790947,0.9283240240896183,18.1882447021192,2.84033180246504,136463000000.0,,185163000000.0,7.48539173598942,21.726751156019866,21.726782164157914,3.0812324929972,71524369.2,Finance,Multi-Line Insurance,SSE:601319,A,510683996.088,0.30530505976445016,16.717633475832375,0.33216203380810533,8.085503853571307,financial_special,True,0.1,0.4053050597644502,watch
002432,"Andon Health Co., Ltd. Class A",67.86,31204440976.0,6.547664994210729,1.2568624113496194,19.6672439370511,14.140167800280901,1653794640.0,,8289854789.249999,-43.60498338420027,122.26888530977101,127.0864830517759,2.4314765694076,37127761.46666667,Health Technology,Medical Specialties,SZSE:002432,A,2519489893.1280003,0.33292234616948996,19.195582126771967,0.3411027053500367,2.3982099972359006,health_special,True,0.08,0.41292234616949,watch
601318,"Ping An Insurance (Group) Company of China, Ltd. Class A",55.85,955443030423.5317,6.333133001462801,0.9836859602386562,16.1575143658635,1.14572499975099,498911000000.0,,2382005000000.0,5.298035131470588,32.7246219852543,33.032131543219194,4.83437779767234,81834204.83333333,Finance,Multi-Line Insurance,SSE:601318,A,4570440339.941667,0.3919620838984377,15.532374892670791,0.407737583288129,3.869032445445064,financial_special,True,0.1,0.49196208389843765,watch
000672,"Gansu Shangfeng Materials Co., Ltd. Class A",14.39,13783310411.0,7.869838665572874,1.401079775866182,18.9189802847209,9.67648347456285,609736480.0,,4647352289.54,-20.076376655564058,149.4405889589032,145.33744800751379,3.33564975677554,24142398.200000003,Non-Energy Minerals,Construction Materials,SZSE:000672,A,347409110.09800005,0.4159758373409063,17.80315754114881,0.4420473529700083,5.897901085468293,cyclical,True,0.08,0.49597583734090633,watch
600036,"China Merchants Bank Co., Ltd. Class A",39.35,1005430617234.6183,6.583239924380574,0.8763958859504942,13.546669542302201,1.15893822079031,547109000000.0,,1836623000000.0,11.621636146543324,48.42854610976546,48.426907700330254,5.12325285895807,88144584.70000003,Finance,Major Banks,SSE:600036,A,3468489407.9450016,0.48596741094355944,13.312531458937455,0.4945145064773442,1.7283811540069194,financial_special,True,0.1,0.5859674109435594,watch
000600,"HCIG Energy Investment Co., Ltd. Class A",8.0,14425875000.0,7.0683866407492495,1.1485885999709982,17.3887846312275,4.16027910699838,2028094780.0,,24790491172.42,-3.894385437450354,181.19458168847663,180.77400148846436,4.0,33738811.166666664,Utilities,Electric Utilities,SZSE:000600,A,269910489.3333333,0.4064911257831986,16.249657218089695,0.43498681516065896,6.550931748801547,stable_or_general,True,0.18,0.5864911257831986,watch
688278,"Xiamen Amoytop Biotech Co., Ltd. Class A",58.4,23838266468.0,22.220531162012023,7.478033277248083,36.8607363725357,27.805180767951704,403039070.0,,769528267.4699999,28.297631309078085,13.53246122129721,12.407510371669316,1.06164383561644,5046111.866666666,Health Technology,Biotechnology,SSE:688278,A,294692933.0133333,0.6028238540174189,33.6537107179168,0.6602698688493241,8.700384122028538,health_special,True,0.0,0.6028238540174189,watch
002468,"STO Express Co., Ltd. Class A",14.05,21232954738.0,10.887253002712129,1.8292770254523394,17.9566726824685,6.60329595610758,1949462640.0,,9912868806.439999,24.54704435645155,84.63528498196943,85.71017412577349,0.711743772241993,19037180.266666587,Producer Manufacturing,Building Products,SZSE:002468,A,267472382.74666557,0.6063068139200196,16.802007127019525,0.6479733593972946,6.4302868124131995,cyclical,True,0.0,0.6063068139200196,watch
600867,"Tonghua Dongbao Pharmaceutical Co., Ltd. Class A",8.18,15709225269.0,12.249176400119797,2.32222752151893,20.0221084650474,16.5375470531996,364513020.0,,746687407.2199999,18.503601962321206,219.83158983965572,219.36872309899567,3.66748166259169,32263769.166666638,Health Technology,Pharmaceuticals: Major,SSE:600867,A,263917631.7833331,0.6117825413593773,18.958233971520066,0.6461137898456721,5.313498802508931,health_special,True,0.0,0.6117825413593773,watch
600233,"YTO Express Group Co.,Ltd. Class A",16.92,57790640300.0,10.226036504291068,1.5591279940878457,16.3260892564876,10.7142207875783,1643728350.0,,8340955949.940001,8.203739987627866,46.98468138988902,46.775481238357145,1.47754137115839,22043126.333333332,Transportation,Air Freight/Couriers,SSE:600233,A,372969697.56,0.6263616683479472,15.246649994194735,0.6707071066880069,6.611744217090565,stable_or_general,True,0.0,0.6263616683479472,watch
000408,Zangge Mining Company Limited Class A,79.0,123013619174.0,21.727172717271728,7.184371899466083,34.5700013115776,32.0604664167637,4602940530.0,,313889017.28000003,25.138394447726437,84.55611929547764,82.75948730836895,1.26582278481013,15801571.233333332,Producer Manufacturing,Electrical Products,SZSE:000408,A,1248324127.4333332,0.6284978852458195,33.06629902083377,0.6570790611789452,4.349731656620548,cyclical,True,0.0,0.6284978852458195,watch
603379,Zhejiang Sanmei Chemical Industry Co. Ltd. Class A,60.45,36903459941.0,17.286245353159853,4.350144537060426,27.2616295136415,22.2513768450776,868305290.0,,842511318.5500001,33.654817496891816,53.79035407704193,53.33684118214504,2.51447477253929,9022806.066666666,Process Industries,Chemicals: Specialty,SSE:603379,A,545428626.73,0.6340870175977542,25.16535226815601,0.6869065518718648,7.689478886199863,cyclical,True,0.0,0.6340870175977542,watch
605117,"Ningbo Deye Technology Co., Ltd. Class A",92.3,117519221220.0,26.90569887771462,10.231727000230574,41.8470660899571,20.0431218379796,5497295390.0,,6684821507.4,44.70984142649557,34.47293187612156,33.544845842416684,1.85243553629469,15331625.233333327,Producer Manufacturing,Electrical Products,SSE:605117,A,1415109009.036666,0.6429530524284887,38.02810343910182,0.7075214497825638,9.125998564978966,cyclical,True,0.0,0.6429530524284887,watch
603871,"Jiayou International Logistics Co., Ltd. Class A",13.71,18755398877.0,14.315547666283805,2.995902758809069,21.797629798264,15.231409076696501,1092633730.0,,639535427.93,0.8074499308808205,21.672845967278036,22.79779458904987,2.91757840991977,12821436.399999997,Transportation,Air Freight/Couriers,SSE:603871,A,175781893.04399997,0.6567479032708372,20.92761540562688,0.6840505900368722,3.9913256656299745,stable_or_general,True,0.0,0.6567479032708372,watch
600221,"Hainan Airlines Holding Co., Ltd. Class A",1.31,56649899955.0,25.838264299802763,10.305223410950283,54.4380246526789,1.40261894252231,14878676000.0,,118340334000.0,6.501208291967475,,,0.0,223990868.5999996,Transportation,Airlines,SSE:600221,A,293428037.8659995,0.47463633121616694,39.883574575204534,0.6478422401954491,26.735815949115526,cyclical,True,0.2,0.674636331216167,watch
600710,Sumec Corporation Limited Class A,10.72,14008353806.0,9.98323710188117,1.6618995573952207,17.3249388805669,2.27470489687019,1873992010.0,,14705645088.429998,10.988297834311302,14.661635308469565,14.660971703150036,3.87126865671642,9749917.733333327,Producer Manufacturing,Trucks/Construction/Farm Machinery,SSE:600710,A,104519118.10133328,0.5762350546055434,16.646900603833846,0.5997054550552186,3.913654653602261,cyclical,True,0.1,0.6762350546055433,watch
603486,"Ecovacs Robotics Co., Ltd. Class A",53.02,30337119840.0,15.108856719480224,3.0123630744057093,22.2130430460996,11.3312391010034,1138351050.0,,2501762338.08,13.656629561839315,72.25434890312088,70.31644340904678,1.7351942663146,6637100.066666666,Consumer Durables,Electronics/Appliances,SSE:603486,A,351899045.53466666,0.680179509314605,19.93773010317713,0.7578022493680254,10.243139304238602,stable_or_general,True,0.0,0.680179509314605,watch
002690,"Hefei Meyer Optoelectronic Technology, Inc. Class A",16.26,14426156469.0,19.611627065492705,5.573780606945631,28.7761430138752,22.7752861467734,789245070.0,,30110984.86,1.9462905769239383,7.542915896004794,7.4659753726506795,4.3050430504305,6623525.066666666,Electronic Technology,Electronic Components,SZSE:002690,A,107698517.584,0.6815238253450584,28.42079644045893,0.6900449502384186,1.2348651910887964,technology_strict,True,0.0,0.6815238253450584,watch
601677,"Henan Mingtai Aluminum Industrial Co., Ltd. Class A",17.08,20883597764.0,8.672692190514876,1.0442638245734597,12.5838317067767,8.32751221484355,12183450.0,,7390099661.89,15.434869052840098,49.88489754278816,60.832993058391196,1.84426229508197,27993438.333333366,Non-Energy Minerals,Aluminum,SSE:601677,A,478127926.7333338,0.6891932753554246,12.040826558050187,0.7202738241185394,4.315101801894672,cyclical,True,0.0,0.6891932753554246,watch
603195,"Goneo Group Co., Ltd.Class A",39.13,70521370923.0,16.97908530764558,4.646037925822496,27.844662883921302,19.9776811559371,4734890460.0,,1148467472.67,-1.9696129451374973,1.6832950937470084,1.533174729051025,4.8556095067723,4600213.866666675,Producer Manufacturing,Electrical Products,SSE:603195,A,180006368.602667,0.6097788067475591,27.36329926872099,0.6205057782288113,1.7287464287393917,cyclical,True,0.08,0.6897788067475591,watch
603816,"Jason Furniture (Hangzhou) Co., Ltd. Class A",24.38,19686409099.0,11.761300593371603,1.9261840145688405,16.7926436317358,8.94331911482498,1664144750.0,,2911430291.51,4.111145072270413,9.998556169971067,9.72369256828288,5.66037735849057,7921925.666666665,Consumer Durables,Home Furnishings,SSE:603816,A,193136547.7533333,0.700384099805724,16.37730452748052,0.7181462965188546,2.473339596574009,stable_or_general,True,0.0,0.700384099805724,watch
001221,"Higold Group Co., Ltd. Class A",37.52,14967690363.0,20.548770469357578,4.936114677836951,28.9130706285155,20.4049243059037,374294390.0,,491309757.54,22.456694338563914,21.780908951567714,18.487994808565876,1.41257995735608,3058784.8666666667,Consumer Durables,Home Furnishings,SZSE:001221,A,114765608.19733335,0.7107086872015373,24.021459995369106,0.8554338692701859,16.91833667892072,stable_or_general,True,0.0,0.7107086872015373,watch
300442,Range Intelligent Computing Technology Group Company Limited Class A,63.12,98590202285.0,19.836580766813324,7.079582493062861,42.6844568439368,12.7038761913272,-7251297620.0,,27359621829.3,10.963029582499512,214.8584872418882,220.24959742351044,1.02233840304183,32656096.700000003,Technology Services,Data Processing Services,SZSE:300442,A,2061252823.704,0.4647260907955316,35.68953024861538,0.5558095225302919,16.387526309392474,technology_strict,False,0.25,0.7147260907955316,watch
000333,Midea Group Co. Ltd. Class A,86.23,647812602258.6729,14.796067194014999,3.0842030716845623,20.690326160494,6.92787999351494,54879532000.0,,131260261000.0,5.398082370725765,1.1973150206955316,1.6340553172194765,4.98666357416212,29302000.133333325,Consumer Durables,Electronics/Appliances,SZSE:000333,A,2526711471.4973326,0.7151200555874528,20.8447490217679,0.7098222760352575,0.7463529577835137,stable_or_general,True,0.0,0.7151200555874528,watch
600415,Zhejiang China Commodities City Group Co. Ltd. Class A,12.46,67743261935.99999,15.2099609375,3.091351163598472,21.1405173377121,11.0006311023494,4829008680.0,,3285768122.81,34.833738445882645,35.43293918244677,35.382581391505546,4.01284109149278,95224211.96666712,Distribution Services,Wholesale Distributors,SSE:600415,A,1186493681.1046724,0.7194696655018601,20.324517441571977,0.7483553290367126,3.8598861281624486,stable_or_general,True,0.0,0.7194696655018601,watch
600999,"China Merchants Securities Co., Ltd. Class A",18.71,156608274384.7961,9.14735504057886,1.2935707253398823,14.7445339609282,2.30179200433716,35574762530.0,,380886129910.06,7.2630456422848875,64.33698150616445,64.34195725534309,3.03580972741849,66860622.433333255,Finance,Investment Managers,SSE:600999,A,1250962245.7276652,0.6203895670638758,14.1414728039027,0.6468459945738053,4.0900659093299545,financial_special,True,0.1,0.7203895670638758,watch
601083,"Shanghai Jinjiang Shipping (Group) Co., Ltd. Class A",13.1,16952972430.000002,11.463073153657682,1.7508734318990427,15.860704525711903,12.8289224181296,2240929500.0,,1589285867.2,10.821929044377955,18.015147718147816,18.021274398430236,6.19847328244275,10389502.066666666,Transportation,Marine Shipping,SSE:601083,A,136102477.07333332,0.7227341720586756,15.274031740261268,0.7504942603623006,3.69890747601771,cyclical,True,0.0,0.7227341720586756,watch
000737,"North Copper Co., Ltd. Class A",15.37,29275491321.0,17.225148492659418,3.7041946328943083,23.5560104820715,8.33066127151165,2864600130.0,,9776232714.33,50.22046853563117,165.63035400148615,162.9826112584733,0.910865322055953,71092281.03333333,Non-Energy Minerals,Other Metals/Minerals,SZSE:000737,A,1092688359.4823332,0.73124218151327,21.504573005410485,0.8009993264374802,8.708764492282606,cyclical,True,0.0,0.73124218151327,watch
002043,"Dehua TB New Decoration Material Co., Ltd. Class A",13.1,10116460902.0,15.709317663988488,3.2580175833468044,21.3995339759719,11.6527759847516,864199750.0,,62661349.09,6.7916460426424745,11.951226743418205,11.260840560373572,5.89312977099237,14256651.899999952,Non-Energy Minerals,Forest Products,SZSE:002043,A,186762139.88999936,0.7340962509570268,20.7393958988771,0.7574626445526816,3.0848245472823055,cyclical,True,0.0,0.7340962509570268,watch
002911,"Foran Energy Group Co., Ltd. Class A",11.1,14436302639.0,15.312456890605601,3.2091962264478244,23.3313270400073,5.41390531777824,2053977580.0000002,,7283976966.84,-4.498048945800213,20.18610171016226,19.87762526872829,4.68468468468469,6965839.933333335,Utilities,Gas Distributors,SZSE:002911,A,77320823.26000002,0.6563045841476838,20.958075176144398,0.7306232448309499,10.171954041848451,cyclical,True,0.08,0.7363045841476837,watch
601991,"Datang International Power Generation Co., Ltd. Class A",5.89,86200406145.45226,13.106364040943479,2.8918478367603444,23.4195108921929,2.50839861966968,11094481000.0,,249811973000.0,-0.27347858787300694,39.13598990839425,39.133126934984524,1.98811544991511,482376253.8333333,Utilities,Electric Utilities,SSE:601991,A,2841196135.078333,0.5596344048889852,22.064455311376893,0.5940035163336013,5.786011445985084,stable_or_general,True,0.18,0.7396344048889851,watch
600741,Huayu Automotive Systems Company Limited Class A,15.39,48520425306.0,6.9606512890094985,0.7292003765876929,10.7866046922559,3.54546107363905,7340110210.0,,29301028738.59,3.9862987316261895,3.8611014011641305,3.861330326944749,6.49772579597141,15918495.933333315,Producer Manufacturing,Auto Parts: OEM,SSE:600741,A,244985652.41399974,0.6453051249766116,10.476036599320265,0.6644355642534828,2.8792015819268935,cyclical,True,0.1,0.7453051249766116,watch
600039,"Sichuan Road & Bridge Co., Ltd. Class A",8.82,75788681147.0,10.025005683109798,1.51994802536004,15.328140328533102,3.02622515215926,5939115170.0,,78739106241.33,12.905517799386656,11.974568417822402,12.076433121019107,5.57823129251701,18716189.100000005,Industrial Services,Engineering & Construction,SSE:600039,A,165076787.86200005,0.6540262202876889,15.161567717820443,0.6612116813834966,1.086711154402653,cyclical,True,0.1,0.7540262202876888,watch
603298,"Hangcha Group Co., Ltd. Class A",26.26,34395663728.0,15.055612888430227,2.8207623577534444,19.8309304563915,11.7614992246599,1248233510.0,,2854452866.1600003,7.67614405680227,6.930869495954369,6.927415399705737,2.28484386900229,6169318.233333332,Producer Manufacturing,Industrial Machinery,SSE:603298,A,162006296.80733332,0.7591985117157128,18.7356195902268,0.8035823323549864,5.523244956021111,cyclical,True,0.0,0.7591985117157128,watch
603979,JCHX MINING MANAGEMENT CO LTD Class A,81.72,50476211220.0,19.377786208858957,4.11333102801565,25.5100825688445,13.549720070423502,2102926750.0,,6573927743.01,26.974128631033462,36.50284465446994,33.034700315457414,0.807635829662261,9040022.366666706,Non-Energy Minerals,Precious Metals,SSE:603979,A,738750627.8040032,0.7596128376520849,21.227043087796865,0.912882031129384,16.789594739605096,cyclical,True,0.0,0.7596128376520849,watch
605099,"CoCreation Grass Co., Ltd. Class A",30.87,12363798036.0,17.814068901840844,3.920622321003334,23.413122948091704,18.2349775733957,375633420.0,,408605096.56,9.815555189636264,22.547368394127652,21.14793064876959,2.68869452542922,2037741.3666666667,Producer Manufacturing,Trucks/Construction/Farm Machinery,SSE:605099,A,62905075.989,0.7608582990545816,22.00857278933164,0.809414998071841,5.9989868155309045,cyclical,True,0.0,0.7608582990545816,watch
002558,Giant Network Group Co. Ltd. Class A,27.28,47953742271.0,15.477136049018496,3.021024246820339,20.2264184361476,17.0439746194414,4351310250.0,,654493323.28,155.6728659467352,110.32804088724207,100.0,1.24633431085044,93524785.93333334,Technology Services,Packaged Software,SZSE:002558,A,2551356160.2613335,0.7651940998787291,19.51927176482965,0.792915649491884,3.4961536742173505,technology_strict,True,0.0,0.7651940998787291,watch
002946,"New Hope Dairy Co., Ltd. Class A",15.35,13156350229.0,16.845917471466198,3.3706705548321363,21.8214887471238,8.78948903774245,1053407210.0000001,,2354562512.27,7.11757459526203,34.949259551412204,34.932622538131206,2.93159609120521,9229888.033333333,Consumer Non-Durables,Food: Meat/Fish/Dairy,SZSE:002946,A,141678781.31166667,0.7719875424946241,20.00882742386347,0.8419242724526157,8.306772027638354,stable_or_general,True,0.0,0.7719875424946241,watch
002545,"Qingdao East Steel Tower Stock Co., Ltd. Class A",18.15,22579726119.0,13.369180907483795,2.1781629265869085,17.3043803209249,11.626933247531902,2406845040.0,,1156195011.3,32.466621113089985,115.90425853649198,115.90330788804069,1.65289256198347,24572452.766666748,Producer Manufacturing,Building Products,SZSE:002545,A,445990017.71500146,0.7725894056614925,16.29241867291673,0.8205768078933361,5.848008592278098,cyclical,True,0.0,0.7725894056614925,watch
000895,"Henan Shuanghui Investment & Development Co., Ltd. Class A",24.87,86163929073.0,16.93795545869373,4.12286024050847,24.3735690015023,12.8397078040727,5417263110.0,,12605102324.17,-2.3204729386578964,1.4190601379217611,1.4229467431097569,5.62927221552071,13236111.599999966,Consumer Non-Durables,Food: Meat/Fish/Dairy,SZSE:000895,A,329182095.49199915,0.6949312781254864,24.340955734373086,0.6958623828716304,0.13380587441752523,stable_or_general,True,0.08,0.7749312781254863,watch
000975,"Shanjin International Gold Co., Ltd. Class A",27.31,75668230820.0,19.973670737950705,4.756033422846375,25.716758584914302,17.1282414306942,3248787720.0,,4668646668.139999,8.03209630993931,40.78483254739956,40.94423255334502,1.75906993775174,67501517.13333333,Non-Energy Minerals,Precious Metals,SZSE:000975,A,1843466432.911333,0.7766791709771484,23.81151409395038,0.8388240520591368,7.4085716699986985,cyclical,True,0.0,0.7766791709771484,watch
000685,"Zhongshan Public Utilities Group Co., Ltd. Class A",11.42,16677208213.999998,6.378819192314137,0.8651344746239846,14.219291070492702,7.069733677169131,-218969310.0,,12661221214.429998,-17.618665245997242,92.78082820530557,92.77484655970713,3.37127845884413,15685641.699999996,Utilities,Water Utilities,SZSE:000685,A,179130028.21399996,0.4486031800524293,13.562611645528193,0.47032381071069995,4.618229008105912,stable_or_general,False,0.33,0.7786031800524293,watch
601156,Eastern Air Logistics Co. Ltd. Class A,19.02,30195307135.0,11.096849474912485,1.4936730929163613,14.219583237381201,8.98487345475716,4945970420.0,,7565386499.99,4.117999819885668,2.915272784135471,2.9182178455626264,3.55941114616194,10889167.033333333,Transportation,Air Freight/Couriers,SSE:601156,A,207111956.974,0.7803920332728524,13.460334812085401,0.8244111034258335,5.339456245805052,stable_or_general,True,0.0,0.7803920332728524,watch
300750,"Contemporary Amperex Technology Co., Limited Class A",368.5,1753121174164.656,19.721807448795552,4.4667689962836725,25.2122433470305,8.45905483024545,90573139000.0,,301979824000.0,39.451369595240266,45.635892734488884,40.85015604034433,0.864314789687924,28242197.16666659,Producer Manufacturing,Electrical Products,SZSE:300750,A,10407249655.916637,0.7822313618561193,22.648882501671856,0.8707629370826468,10.167127177362257,cyclical,True,0.0,0.7822313618561193,watch
000783,"Changjiang Securities Co., Ltd Class A",9.21,50931974772.0,9.88621726062688,1.3801267738600094,14.447718627491,2.52324299327822,6370425970.0,,86367874483.58,33.30945925568245,84.98278391136,84.98808578236694,3.25732899022801,116640326.59999996,Finance,Investment Banks/Brokers,SZSE:000783,A,1074257407.9859998,0.6842753181679125,13.960109690857596,0.7081761876915131,3.374989153689534,financial_special,True,0.1,0.7842753181679125,watch
000415,"Bohai Leasing Co., Ltd. Class A",4.49,27758632032.0,5.743891518485353,0.8767544853119216,16.1344809470231,1.77104286631758,-3094913000.0,,170558449000.0,-5.099070986676165,,,0.0,56032851.99999985,Finance,Finance/Rental/Leasing,SZSE:000415,A,251587505.47999933,0.35600101034208553,15.264119847846972,0.37630021093522387,5.394416480046205,financial_special,False,0.43000000000000005,0.7860010103420856,watch
301358,"Hunan Yuneng New Energy Battery Material Co., Ltd. Class A",62.94,29551607547.0,12.92667898952557,2.605133528614871,24.0546933963492,9.12824956017612,-4563497120.0,,19540449182.079998,110.67804954783249,661.8535593681314,623.5844850646455,0.565618048935494,21206648.3,Producer Manufacturing,Electrical Products,SZSE:301358,A,1334746444.002,0.5373869779395094,20.1531540369015,0.6414221300475413,16.219451627015268,cyclical,False,0.25,0.7873869779395094,watch
002011,"Zhejiang Dun'an Artificial Environment Co., Ltd. Class A",10.15,10905945373.0,10.704492723054209,1.5362564080054852,15.4261368074083,7.77440010449148,1236706180.0,,2350486672.9300003,3.771629557126189,-8.74547334937686,-9.427834559174697,0.0,10517463.033333333,Producer Manufacturing,Industrial Machinery,SZSE:002011,A,106752249.78833334,0.6939192136500077,14.351510601682769,0.7458791635355142,6.966269125847813,cyclical,True,0.1,0.7939192136500077,watch
000543,"An Hui Wenergy Co., Ltd. Class A",7.43,16842793791.0,7.834247153099957,0.9592840100395592,12.7599603609176,3.0959212637384,2690513690.0,,37101893636.79,-8.799993519655846,4.631702567737517,4.633715798764347,5.10094212651413,28309055.933333326,Utilities,Electric Utilities,SZSE:000543,A,210336285.5846666,0.6139711199335245,12.244750405404012,0.639804560625625,4.037708119310612,stable_or_general,True,0.18,0.7939711199335244,watch
002709,"Guangzhou Tinci Materials Technology Co., Ltd",37.15,75544500893.0,18.83969775343577,3.733679599033967,23.6963144175171,13.9988161006046,460423350.0,,4420437398.93,72.35044027201346,668.9922655488155,652.3464326592904,0.672947510094213,65138448.83333341,Process Industries,Chemicals: Specialty,SZSE:002709,A,2419893374.158336,0.7950475935409113,19.81815020547801,0.9506284672435383,16.366107166320464,cyclical,True,0.0,0.7950475935409113,watch
000703,"Hengyi Petrochemical Co., Ltd. Class A",19.49,67466944533.99999,12.184296074018505,2.248640316771003,22.2706646298162,5.11034570174203,-1205479970.0,,74771499499.1,7.222869749219651,19477.657174270025,10493.377483443708,0.25654181631606,97888655.96666668,Process Industries,Textiles,SZSE:000703,A,1907849904.7903335,0.5471006939642943,18.455233713221634,0.6602081698531661,17.132092732816005,cyclical,False,0.25,0.7971006939642943,watch
002215,"Shenzhen Noposion Crop Science Co., Ltd. Class A",10.53,10369175557.0,13.980350504514073,2.307217009864284,17.3976049371066,6.30054875025822,409486120.0,,6135202748.44,9.002232267482508,12.71165774712453,12.501867064973862,2.84900284900285,22464623.066666663,Process Industries,Chemicals: Agricultural,SZSE:002215,A,236552480.89199993,0.803579030277667,16.50328444282791,0.8471253436215076,5.140480528852764,cyclical,True,0.0,0.803579030277667,watch
601117,"China National Chemical Engineering Co., Ltd Class A",7.66,46768592857.0,7.1017986278509175,0.6794924563918419,9.88724850152185,2.72307517050497,13003728620.0,,28025370391.3,3.0217314743656893,10.852102093084142,10.489653759475523,3.73368146214099,62796749.46666667,Industrial Services,Engineering & Construction,SSE:601117,A,481023100.9146667,0.7182785611950389,9.567892473423507,0.7422531814166394,3.2299787756845166,cyclical,True,0.1,0.8182785611950388,watch
600062,"China Resources Double-Crane Pharmaceutical Co., Ltd. Class A",16.16,16783329627.0,10.354328186070353,1.3703090657477002,13.8926758155826,9.12878587901342,899837890.0,,1229362079.35,-1.354763765265853,3.9222379491043284,3.7975525405692956,2.96410891089109,10449399.400000146,Health Technology,Pharmaceuticals: Other,SSE:600062,A,168862294.30400234,0.7453084145572958,13.234166824953192,0.7823936574947153,4.739972337732046,health_special,True,0.08,0.8253084145572958,watch
600968,CNOOC Energy Technology & Services Ltd. Class A,3.94,40050516129.0,10.209898937548587,1.3432337158481122,13.6601172881403,8.05782840751524,1494941070.0,,4108184042.4900002,-4.928284211875787,1.4044542418826356,1.392538097740417,3.73096446700508,46951665.3,Energy Minerals,Integrated Oil,SSE:600968,A,184989561.28199998,0.7474239585345882,13.156190125527576,0.7760528572582605,3.6890397936058306,cyclical,True,0.08,0.8274239585345882,watch
600323,"Grandblue Environment Co., Ltd. Class A",30.23,24647942669.0,11.140593329648057,1.6232293081219993,15.2757483612876,3.48482386158235,3027897440.0,,34573729922.619995,34.55277424249963,26.88606429267162,26.888005611409856,3.47337082368508,5841959.066666672,Industrial Services,Environmental Services,SSE:600323,A,176602422.5853335,0.7292993486251047,14.57040267148212,0.7646043545147144,4.617421504487429,cyclical,True,0.1,0.8292993486251047,watch
603049,"Zhongce Rubber Group Co., Ltd. A",50.38,22889083095.0,10.328215010557821,1.751163734851982,17.7420452940673,7.93185304072831,-128463380.0,,17704686702.48,,,,2.83842794759825,2731019.0,Consumer Durables,Automotive Aftermarket,SSE:603049,A,137588737.22,0.5821321521488527,16.95514406954046,0.6091493512645658,4.435233996330568,stable_or_general,False,0.25,0.8321321521488527,watch
603233,"DaShenLin Pharmaceutical Group Co., Ltd. Class A",18.15,20620539813.0,15.067242238087331,2.657444431592402,18.1064351669316,5.240986724997,3131022920.0,,11783314711.720001,4.8622410632298285,29.228522580167223,29.318303811057422,4.57300275482094,9130120.2,Retail Trade,Drugstore Chains,SSE:603233,A,165711681.62999997,0.8321484654033473,17.637231748188473,0.854286117753989,2.591362763665639,stable_or_general,True,0.0,0.8321484654033473,watch
000999,"China Resources Sanjiu Medical & Pharmaceutical Co., Ltd. Class A",24.39,40590273456.0,12.376312985233675,1.7778160051548646,14.8353910762625,5.77777786182092,3894687140.0,,5475123164.74,12.823631189867532,17.658041729054208,17.70292062354417,4.2640426404264,13001154.066666663,Health Technology,Pharmaceuticals: Major,SZSE:000999,A,317098147.68599993,0.834242449128052,14.364665852229155,0.8615802910106035,3.1729883062303066,health_special,True,0.0,0.834242449128052,watch
601900,Southern Publishing & Media Co. Ltd. Class A,11.58,10212540746.0,9.55997688433914,1.1586720297772708,12.510432212773297,5.98656048480566,1370375050.0,,1493595330.04,-6.981874893631634,10.929118790110104,11.394151186315996,4.83592400690846,6649991.933333334,Consumer Services,Publishing: Books/Magazines,SSE:601900,A,77006906.588,0.7641604000362426,12.120029617177963,0.7887750431558015,3.120616370046192,stable_or_general,True,0.08,0.8441604000362426,watch
600030,CITIC Securities Co. Ltd. Class A,27.93,421510665903.8272,10.426699518423115,1.400926929095943,14.000012400627801,1.85616711211759,175572050400.0,,803446489314.38,0.3289206931487917,59.74021278395141,59.74118909893256,2.5062656641604,116505314.8666664,Finance,Investment Banks/Brokers,SSE:600030,A,3253993444.2259927,0.7447635916347868,13.43595762609847,0.7760295029637436,4.028959106522212,financial_special,True,0.1,0.8447635916347868,watch
000719,"Central China Land Media Co., Ltd. Class A",11.6,11869163720.0,8.795208127985443,0.9828692665253368,11.4873720444611,7.0117563416063,1527963580.0,,265720200.45,-8.94936363619508,11.705417793116716,11.704920809689156,5.68965517241379,5119168.899999973,Consumer Services,Publishing: Books/Magazines,SZSE:000719,A,59382359.23999969,0.7656414447050363,11.175054100174712,0.7870394227306639,2.718793672543929,stable_or_general,True,0.08,0.8456414447050362,watch
600711,"Chengtun Mining Group Co., Ltd. Class A",12.0,36744079102.0,13.466502076085737,2.03532993546308,15.8821683145041,5.94816573289037,329506960.0,,23372711706.96,26.99578620359544,39.802309925565446,42.23463687150839,0.833333333333333,126241634.9999999,Non-Energy Minerals,Other Metals/Minerals,SSE:600711,A,1514899619.9999988,0.8479007279999483,15.11402087909292,0.8909940103836843,4.83654007563743,cyclical,True,0.0,0.8479007279999483,watch
002736,"Guosen Securities Co., Ltd. Class A",10.28,105285116992.0,9.20569535237754,1.0824311318986557,12.2913922138803,2.03565549286214,6884938420.0,,305016329926.32,8.024967973473544,9.492559552952997,2.7606515137572494,4.37743190661479,24992445.933333334,Finance,Investment Managers,SZSE:002736,A,256922344.19466665,0.7489546499038429,11.758276702249308,0.7829119509167981,4.33730778706225,financial_special,True,0.1,0.8489546499038428,watch
002895,Guizhou Chanhen Chemical Corp. Class A,33.23,19980048331.0,15.547653581621669,2.7210739521244927,18.2110541632459,9.48071662583551,580887120.0,,3818221903.88,33.08635392371207,12.786406552449051,5.347988958990549,5.41679205537165,7548753.533333333,Process Industries,Chemicals: Specialty,SZSE:002895,A,250845079.91266665,0.8537481379304451,17.501508750754375,0.8883607580947277,3.8962347052020285,cyclical,True,0.0,0.8537481379304451,watch
300693,"Shenzhen Sinexcel Electric Co., Ltd. Class A",40.09,12539983946.0,22.919048707980792,5.569726473497605,26.665294265838803,13.720475160197202,604926180.0,,402000466.27,30.06855068418991,34.59475575053675,34.161681239453905,1.24719381391868,14497206.099999988,Electronic Technology,Electronic Production Equipment,SZSE:300693,A,581192992.5489995,0.8595085611840644,24.30173496493392,0.94310339327837,8.863803554318405,technology_strict,True,0.0,0.8595085611840644,watch
600750,"China Resources Jiangzhong Pharmaceutical Co., Ltd. Class A",24.28,15279119604.0,17.44378188088225,3.8566005368743745,22.157027169661,13.0963611213819,840569610.0,,545784778.69,-8.932001259565236,6.567717637295292,6.187061336588339,5.6836902800659,5113196.366666669,Health Technology,Pharmaceuticals: Other,SSE:600750,A,124148407.78266673,0.7872798885568698,22.10874088663691,0.7889993360691887,0.21792762474113214,health_special,True,0.08,0.8672798885568698,watch
601128,Jiangsu Changshu Rural Commercial Bank Co. Ltd. Class A,6.15,22436302423.0,6.264004888979426,0.6835254799404722,14.291482630216102,1.07159385148658,-19642809000.0,,49831285000.0,-0.13821565398264962,9.41784523555113,9.185943060498222,3.82982113821138,49984411.76666669,Finance,Regional Banks,SSE:601128,A,307404132.3650001,0.438303362293259,10.911956361065943,0.5740496645798098,23.64713554634924,financial_special,False,0.43000000000000005,0.868303362293259,watch
600660,"Fuyao Glass Industry Group Co., Ltd. Class A",57.36,143737921018.00558,17.656836791233147,3.9225099139796855,22.9745881941693,12.02540346653,5651152090.0,,25356283157.0,9.329304211028434,-3.704985373058366,-3.702386245738841,3.66108786610879,12700196.33333333,Consumer Durables,Home Furnishings,SSE:600660,A,728483261.6799998,0.7685376835487419,22.215247047688994,0.7948071319364397,3.3051349606911473,stable_or_general,True,0.1,0.8685376835487418,watch
600578,"Beijing Jingneng Power Co., Ltd. Class A",5.57,37289040641.0,10.4463615903976,1.495289970819027,15.0280705094352,3.61345233499845,6290604650.0,,56310556438.799995,-3.6024294373061676,29.417409001384016,29.417475728155352,3.05206463195691,160483300.766667,Utilities,Electric Utilities,SSE:600578,A,893891985.2703353,0.6951232750630877,14.31397867936634,0.7298013937561662,4.7517199870770295,stable_or_general,True,0.18,0.8751232750630877,watch
000682,"Dongfang Electronics Co., Ltd. Class A",11.53,15458581532.0,15.267478813559322,2.4727843594780774,17.4445177190217,7.533560332336629,318291870.0,,633630712.0300001,12.836931429060385,38.01808771498419,38.01169590643274,0.754553339115351,16718914.533333333,Electronic Technology,Electronic Equipment/Instruments,SZSE:000682,A,192769084.5693333,0.8752021156143222,16.1964158567029,0.9426455179119685,7.15469399854981,technology_strict,True,0.0,0.8752021156143222,watch
001337,Sichuan Gold Co. Ltd. Class A,54.98,23091599808.0,33.47744017536382,11.218141640770536,37.9859355103461,24.833400198556603,208066980.0,,500621389.71000004,105.40191171444353,118.11729850994732,118.10092961487383,0.909421607857403,22724139.5,Non-Energy Minerals,Precious Metals,SZSE:001337,A,1249373189.71,0.8813114571377524,33.50955623251628,0.9990415851248635,11.784307053884735,cyclical,True,0.0,0.8813114571377524,watch
600887,"Inner Mongolia Yili Industrial Group Co., Ltd. Class A",26.86,166652212483.0,16.78330417395651,3.163189239032766,18.9200554094607,6.6011234084709605,20124066160.0,,71140643380.20999,0.5862116685498541,24.637569263282067,24.836193447737912,5.13775130305287,67955360.6000002,Process Industries,Agricultural Commodities/Milling,SSE:600887,A,1825280985.7160053,0.8870642189326918,18.847237744408186,0.89049145564771,0.38487025263205243,cyclical,True,0.0,0.8870642189326918,watch
600873,MeiHua Holdings Group Co Ltd. Class A,7.89,21710765851.0,10.17014694508894,1.4098676439842968,14.190656190578602,8.56076702529527,55318600.0,,6280716292.36,-2.2005931248682726,-28.33237341309823,-27.778812139266428,5.43092522179975,28137999.466666657,Consumer Non-Durables,Food: Specialty/Candy,SSE:600873,A,222008815.7919999,0.7166791167727014,13.862805046933047,0.7336283609743861,2.3103311026816398,stable_or_general,True,0.18,0.8966791167727013,watch
600690,"Haier Smart Home Co., Ltd. Class A",21.12,184979064900.33038,10.900082576383156,1.6548987589042878,15.2072781275765,5.81346498060283,15941610790.0,,72998167499.11,-2.8954969337870984,-12.37030990483521,-10.676747187903375,4.56931818181818,43501819.99999993,Consumer Durables,Electronics/Appliances,SSE:600690,A,918758438.3999987,0.7167674902070225,15.18244240176585,0.7179399919946596,0.1633147339208163,stable_or_general,True,0.18,0.8967674902070224,watch
000987,"Guangzhou Yuexiu Capital Holdings Group Co., Ltd. Class A",7.77,38983118063.0,9.33781997356087,1.1665738312116303,13.0142609354928,1.94249751981686,8353431850.000001,,148123211992.06,-39.23613895840401,67.5062144079014,67.62691377921031,2.83140283140283,27993936.5,Finance,Investment Banks/Brokers,SZSE:000987,A,217512886.605,0.7175067427835681,12.492999806321718,0.7474441782057613,4.005307191509333,financial_special,True,0.18,0.8975067427835681,watch
603565,Shanghai Zhonggu Logistics Co. Ltd. Class A,13.15,27615827495.0,13.723648507618451,2.5120684352392577,18.7658237147975,8.24926057008095,2173782000.0,,9665219128.720001,-1.1098179598053346,-6.4106351326805076,-6.407501465129907,5.09505703422053,24477914.466666665,Transportation,Air Freight/Couriers,SSE:603565,A,321884575.2366667,0.7313107442652188,18.304669008716782,0.7497348627873672,2.45741787352014,stable_or_general,True,0.18,0.9113107442652189,watch
600346,"Hengli Petrochemical Co., Ltd. Class A",19.66,138388706846.0,12.322928419205216,1.9235849518125336,16.621856244646,4.15059736370329,9432164580.0,,166857137449.95,-12.576882788240534,84.83098168980645,84.82391102873031,1.88199389623601,38809551.93333335,Process Industries,Chemicals: Specialty,SSE:600346,A,762995791.0093337,0.7413689685334937,15.609803825644539,0.7894351880938129,6.088684705882052,cyclical,True,0.18,0.9213689685334936,watch
600901,Jiangsu Financial Leasing Class A,6.54,37688100571.0,11.185223191380196,1.4697686125743874,13.570444449778302,1.97800288356561,2646003800.0,,155391181692.37,14.21906802498646,10.192433116475227,9.494382022471903,4.58715596330275,36091120.56666668,Finance,Finance/Rental/Leasing,SSE:600901,A,236035928.50600007,0.824234109116664,13.14027076104349,0.8512171015943327,3.169930729437831,financial_special,True,0.1,0.9242341091166639,watch
000623,"Jilin Aodong Pharmaceutical Group Co., Ltd. Class A",18.62,21816576755.0,7.647759477553704,0.6664469038315687,9.00992657601888,7.98054508808495,834630560.0,,2255595268.1600003,-6.121806592451578,42.59827295017827,47.94312450628912,2.68528464017186,13474325.999999998,Health Technology,Pharmaceuticals: Other,SZSE:000623,A,250891950.11999997,0.8488148502685066,8.714276459499034,0.8776126753721741,3.2813820848080932,health_special,True,0.08,0.9288148502685065,watch
600938,CNOOC Limited Class A,34.19,1072512833918.4885,11.744297884034074,1.8983022992277425,16.848115276404,11.9206878430083,,,68088000000.459,6.545842807824571,8.320938169990907,8.327751730296951,3.34872769815736,56856057.5,Energy Minerals,Integrated Oil,SSE:600938,A,1943908605.925,0.6970689416211506,16.163608229048858,0.7265888728314693,4.062810801833705,cyclical,False,0.25,0.9470689416211506,watch
300274,"Sungrow Power Supply Co., Ltd. Class A",97.69,200540309678.0,18.389398189108295,4.014620137785018,23.7065878095502,8.94458905523682,14987532840.0,,30518253295.21,-15.169147408790701,-20.464931496750925,-20.366067547107587,1.67877981369639,57789995.96666667,Producer Manufacturing,Electrical Products,SZSE:300274,A,5645504705.983666,0.7757083531734636,21.83116650420243,0.8423461103449693,7.910971078647854,cyclical,True,0.18,0.9557083531734636,watch
600803,"ENN Natural Gas Co., Ltd. Class A",18.02,55581068724.0,12.721496646664312,2.3664287543418454,18.7285762349482,3.25098254298807,6873990000.0,,32122430000.0,-4.008617839752536,-0.22442195903670134,-0.4847548124209573,6.32630410654828,7741864.499999989,Utilities,Gas Distributors,SSE:600803,A,139508398.28999978,0.6792559395372265,18.60181093521212,0.6838848481457939,0.6768549736286267,cyclical,True,0.28,0.9592559395372265,watch
301219,"Ganzhou Teng Yuan Cobalt New Material Co., Ltd. Class A",46.29,17674820688.0,11.430476331580119,1.7631981801996919,16.0117022288419,11.558646614057,-709914430.0,,2104979041.11,58.55246617172373,109.2676404419001,109.69863297431645,2.940043205876,9484158.66666666,Process Industries,Chemicals: Specialty,SZSE:301219,A,439021704.6799997,0.7138826445941759,15.425412984131974,0.7410159029997173,3.6616297026423883,cyclical,False,0.25,0.9638826445941759,watch
600018,"Shanghai International Port (Group) Co., Ltd. Class A",5.21,120741516841.0,8.628684995031467,0.8260099596824697,9.91715510367554,6.07183989130025,6752675560.0,,55077286513.68,9.901203815606364,-3.661971485403766,-3.7615556263946375,3.74280230326296,50048152.6,Transportation,Other Transportation,SSE:600018,A,260750875.046,0.8700766404100572,9.572837114323901,0.9013717555185711,3.471943170718661,stable_or_general,True,0.1,0.9700766404100571,watch
000776,"GF Securities Co., Ltd. Class A",21.43,156659931487.05707,10.501813192198373,1.2164863129679258,11.982038915605,1.6162165745810302,115553064130.0,,535467548152.57,3.0320941107736905,44.180389589718494,42.969242625937085,2.33317778814746,65492030.53333333,Finance,Investment Banks/Brokers,SZSE:000776,A,1403494214.3293333,0.876462951436518,11.583583622222815,0.9066117649507798,3.325438151125093,financial_special,True,0.1,0.976462951436518,watch
000791,GEPIC Energy Development Co. Ltd. Class A,7.24,23485399726.0,11.365777080062795,1.5485239828721271,14.2512812758225,5.4248500560571,1537717630.0,,18268162005.48,-18.390769376679135,-5.309984008492188,-18.10233993314477,3.1767955801105,26453761.63333329,Utilities,Electric Utilities,SZSE:000791,A,191525234.22533303,0.7975266826951901,13.624444434938466,0.8342194894139277,4.3984595402483,stable_or_general,True,0.18,0.97752668269519,watch
300910,"Xinxiang Richful Lube Additive Co., Ltd. Class A",28.76,11016295682.0,15.93175271438068,2.742351499663881,18.1444655583143,13.794617602911202,499327780.0,,1017384335.83,7.75835408053189,-10.888049054428402,-11.444689722835422,3.086140472879,5501082.800000004,Process Industries,Chemicals: Major Diversified,SZSE:300910,A,158211141.3280001,0.8780502607353076,17.213118662007084,0.925558757085975,5.132953039118016,cyclical,True,0.1,0.9780502607353075,watch
600970,Sinoma International Engineering Co. Ltd. Class A,7.7,20187959510.0,8.477375316525377,0.8944824373600919,10.7683945070915,3.8260703613876403,1679699490.0,,10201080504.460001,4.948133332274066,-20.97163567038948,-21.24338853724096,6.23376623376623,18952446.933333326,Industrial Services,Engineering & Construction,SSE:600970,A,145933841.38666663,0.7872459827639693,10.55140776433989,0.8034354757074194,2.0150333701901,cyclical,True,0.2,0.9872459827639692,watch
603198,"Anhui Yingjia Distillery Co., Ltd. Class A",40.51,32407998657.0,16.065833829069998,3.058230951924398,19.8041868516659,15.5111724776963,1487342290.0,,940738624.15,-2.9701936031600407,-13.826086616107558,-13.824333561175669,3.70278943470748,8255403.466666667,Consumer Non-Durables,Beverages: Alcoholic,SSE:603198,A,334426394.43466663,0.8112342076654646,19.03561921816186,0.843987980897496,3.880834084532947,stable_or_general,True,0.18,0.9912342076654646,watch
002867,Chow Tai Seng Jewelry Co. Ltd. Class A,11.22,12049868028.0,12.695179904955873,1.9575344138737198,15.3908794859173,11.7552182606704,168742870.0,,875477423.1,-23.12756155963505,-4.30586663088079,-4.298863021115318,8.02139037433155,9602182.933333334,Retail Trade,Specialty Stores,SZSE:002867,A,107736492.51200001,0.8248508421219204,15.41950904618176,0.8233193331210181,0.18601640205588854,stable_or_general,True,0.18,1.0048508421219204,watch
603613,"Beijing United Information Technology Co., Ltd. Class A",18.47,13308333443.0,10.008127878623679,1.4160939421540575,15.1878957808185,6.7201217180842,-274530810.0,,5509876850.97,9.125633813765957,-6.038616362714749,-6.105316713304508,0.357336220898755,9659911.566666689,Retail Trade,Department Stores,SSE:603613,A,178418566.63633373,0.6589542108435724,14.14943892931951,0.7073162355494897,6.837397796806766,stable_or_general,False,0.35,1.0089542108435725,watch
601919,"COSCO SHIPPING Holdings Co., Ltd. Class A",16.88,252127144049.50504,9.69279356876256,1.102513508729647,11.4854263239367,5.42187927516125,17033771310.0,,73347921248.41,-8.037463193546355,-46.247029259574354,-44.54174893318897,5.92417061611374,95457517.03333336,Transportation,Marine Shipping,SSE:601919,A,1611322887.522667,0.8439210957769913,11.374569167373698,0.8521459956975719,0.9651984474617681,cyclical,True,0.18,1.0239210957769913,watch
002372,Zhejiang Weixing New Building Materials Co. Ltd. Class A,8.61,13543856329.0,15.740402193784275,2.8686899649160216,18.5149516481746,14.1130969372152,806131920.0,,227052447.15,-13.334275265049106,-2.7269213322115435,-2.720967455095141,5.22648083623693,14406851.166666625,Producer Manufacturing,Miscellaneous Manufacturing,SZSE:002372,A,124042988.54499963,0.8501454658314559,18.225010578502488,0.8636704009571902,1.5659834018561747,cyclical,True,0.18,1.030145465831456,watch
301031,"Xian Sinofuse Electric Co., Ltd. Class A",94.0,13738509644.0,26.703786824237948,7.7893688373869825,33.9047360372081,15.649379956137702,-57237290.0,,1637957536.69,62.027012693900076,100.12177253744208,103.86285979035155,0.268874468085106,2933573.900000002,Producer Manufacturing,Electrical Products,SZSE:301031,A,275755946.60000014,0.7876122909475652,29.169528983495656,0.9154685644511831,13.966211235255987,cyclical,False,0.25,1.0376122909475654,watch
300390,"Canmax Technologies Co., Ltd. Class A",64.12,53267743158.0,18.689518479654893,3.8815180537201615,23.341809160975,11.942230542721,-918648880.0,,8044119461.77,86.86306229609897,,,0.935745477230193,41040587.166666694,Process Industries,Chemicals: Specialty,SZSE:300390,A,2631522449.1266685,0.8006885135065607,20.768421925613115,0.8999007506008742,11.02479768219643,cyclical,False,0.25,1.0506885135065607,watch
601702,Shanghai Huafon Aluminium Corporation. Class A,16.15,16126269449.0,13.565728685426292,2.4085784167511783,19.0188731682643,11.607099482581,-231598930.0,,3673919502.25,8.797728635708284,-3.343268451859654,-3.344970366160601,1.85758513931889,11743342.533333333,Non-Energy Minerals,Aluminum,SSE:601702,A,189654981.91333333,0.7132772044593391,17.754876812026488,0.7640564803151648,6.64601075497454,cyclical,False,0.35,1.063277204459339,watch
601881,"China Galaxy Securities Co., Ltd. Class A",12.31,114439142277.30635,10.125853417783993,1.1146263240149004,11.3095192272664,1.44309733460856,86082150960.0,,437105607001.36,-17.926708820023272,15.305204737810937,15.308735653988425,2.84321689683184,28402307.133333333,Finance,Investment Banks/Brokers,SSE:601881,A,349632400.81133336,0.8953389807562574,11.007727230746664,0.9198859315391255,2.668477681987902,financial_special,True,0.18,1.0753389807562574,watch
000921,"Hisense Home Appliances Group Co., Ltd. Class A",26.51,33260227582.779697,13.18446312229572,2.10297685059583,16.5403850408276,3.6135351714038197,2761576530.0,,21793862092.28,-8.657869709373383,-18.793781965086957,-19.132078507078514,4.6397585816673,11132576.999999993,Consumer Durables,Electronics/Appliances,SZSE:000921,A,295124616.2699998,0.7971073883559383,15.950417025624425,0.8265904961051999,3.5668336241685084,stable_or_general,True,0.28,1.0771073883559383,watch
603799,"Zhejiang Huayou Cobalt Co., Ltd. Class A",39.99,75085056596.0,11.192275398824519,1.4885200819932993,15.356796512010302,4.15500568967287,-10970939330.0,,85420342359.91,45.964334092775914,32.95109304928587,17.625757176718466,1.25031257814454,70603733.86666666,Non-Energy Minerals,Other Metals/Minerals,SSE:603799,A,2823443317.328,0.7288157650634507,13.299530515033902,0.8415541726208061,13.39645280425149,cyclical,False,0.35,1.0788157650634507,watch
000902,"YONFER Agricultural Technology Co., Ltd. Class A",14.59,17579995565.0,11.565596512088783,1.4618828329465705,13.739050974599301,8.09726991692517,-79672690.0,,3162139831.21,20.63001863795074,6.094079951293916,5.874947545111209,1.37080191912269,14372689.700000005,Process Industries,Chemicals: Agricultural,SZSE:000902,A,209697542.72300008,0.8418046147052812,12.639925933941733,0.9150050856731625,8.000007006958686,cyclical,False,0.25,1.0918046147052811,watch
000833,"Guangxi Yuegui Guangye Holdings Co., Ltd. Class A",21.5,17244768921.0,18.984547461368653,3.8673098992340926,22.2844700805979,12.685630436828902,-646881790.0,,2476836895.42,44.35329441393146,140.64133292726802,140.6502337441564,0.837209302325581,23660269.59999996,Process Industries,Agricultural Commodities/Milling,SZSE:000833,A,508695796.39999914,0.8519182817767633,20.370830050616792,0.9319476631141909,8.587325716339244,cyclical,False,0.25,1.1019182817767632,watch
002497,"Sichuan Yahua Industrial Group Co., Ltd. Class A",19.3,22012042575.0,12.830740593006249,1.8277207469979926,15.010267105634501,10.8917627702069,-891784490.0,,2751933957.32,64.2439380902253,489.06013868728866,486.4327485380117,0.310880829015544,42065136.866666816,Process Industries,Industrial Specialties,SZSE:002497,A,811857141.5266696,0.8547976197032424,14.24485775976363,0.900727884363175,5.0992386776618766,cyclical,False,0.25,1.1047976197032425,watch
002266,"Zhefu Holding Group Co., Ltd. Class A",4.95,26058788863.0,13.403736799350122,1.9543125162859378,15.4788715125458,6.80914074621428,-11610036890.0,,13243060493.65,22.438470645163132,81.14029492307044,81.20706575073602,1.21212121212121,75753175.5333334,Producer Manufacturing,Electrical Products,SZSE:002266,A,374978218.89000034,0.8659375968387775,14.580355803321147,0.9193010774330341,5.804788214027068,cyclical,False,0.25,1.1159375968387775,watch
600011,"Huaneng Power International, Inc. Class A",6.78,97363795926.20746,11.878065872459707,1.6499883186667705,14.1681961820527,1.47344217064842,6509562060.0,,403875354980.0,-6.119575165220985,-0.6538827007654836,-0.6440382941688488,5.89970501474926,110597282.76666667,Utilities,Electric Utilities,SSE:600011,A,749849577.158,0.838361194313926,13.8910520987462,0.8550875619804071,1.9560999843972082,stable_or_general,True,0.28,1.118361194313926,watch
000981,Sensteed Hi-Tech Group Class A,2.7,26969352708.0,32.142857142857146,9.344824005814557,40.5974537864239,10.2352052250507,-157135180.0,,1760563978.8700001,-35.968523742718894,,,0.0,291339288.36666644,Producer Manufacturing,Auto Parts: OEM,SZSE:000981,A,786616078.5899994,0.7917456427675266,29.072785795867507,1.1055994897959187,28.387662071581275,cyclical,False,0.33,1.1217456427675265,watch
601058,"Sailun Group Co., Ltd. Class A",14.39,45376280379.0,13.254121764760061,2.099314039290289,16.4949882885451,7.651650525068041,-32830910.000000004,,17241559093.100002,15.078751614024286,-12.960792040773903,-12.28084350004039,2.29325920778318,33913674.166666664,Consumer Durables,Automotive Aftermarket,SSE:601058,A,488017771.2583333,0.8035241694572376,15.838952414575866,0.8368054539113898,3.9771830236752237,stable_or_general,False,0.35,1.1535241694572376,watch
600064,Nanjing Gaoke Company Limited Class A,7.71,13340918379.0,7.825027910281133,0.6704878386028807,8.80115901044336,4.36803438032801,2148082220.0,,10511280259.19,-0.9627050412029292,-18.169515101314687,-18.171248235196412,4.15045395590143,17266533.43333333,Finance,Real Estate Development,SSE:600064,A,133124972.77099997,0.8890906187464672,8.56850411641269,0.9132315050526203,2.6434574554851875,financial_special,True,0.28,1.1690906187464671,watch
601918,China Coal Xinji Energy Co Ltd. Class A,10.88,28185094515.0,11.584327086882453,1.5505245846503768,14.0616212433098,4.53314942632084,-3423865180.0,,26027253884.34,15.31839270660599,13.827115943939845,13.82862683311115,1.47058823529412,44854709.46666678,Energy Minerals,Coal,SSE:601918,A,488019238.9973346,0.8238258509767509,13.384675458673106,0.8654918173138036,4.8141375231449235,cyclical,False,0.35,1.1738258509767507,watch
600704,"Wuchan Zhongda Group Co., Ltd. Class A",4.99,25136275937.0,7.210982658959538,0.6094485284688186,8.66084127129644,1.6140251766799303,-7093823390.0,,111713615254.77,0.6595597412018465,0.6433342948925977,-0.2019036631093262,4.40881763527054,38256351.93333329,Distribution Services,Wholesale Distributors,SSE:600704,A,190899196.14733315,0.8325960992794095,8.451670975960369,0.8532020093387686,2.4151267617534833,stable_or_general,False,0.35,1.1825960992794093,watch
603529,Aima Technology Group Co. Ltd. Class A,21.46,18291324911.0,13.163221492976753,1.8400636562562165,14.956208650954903,5.9621564990567,-1645547040.0,,7839952503.860001,-2.256683229582355,-33.91038979672714,-35.13825343147006,5.46132339235788,6218085.066666665,Consumer Durables,Motor Vehicles,SSE:603529,A,133440105.53066662,0.8801175351439301,13.978824691493521,0.9416543796408661,6.534971410678859,stable_or_general,False,0.43000000000000005,1.31011753514393,watch
293,Cathay Pacific Airways Limited,14.7,89392579407.0,7.1189888130175785,1.5407739087232957,24.4729739587133,7.604153386313091,18735000000.0,,63495000000.0,19.657853239942792,35.20048357848076,46.43642294872706,5.71428571428572,12007985.4,Transportation,Airlines,HKEX:293,HK,176517385.38,0.29089185584994875,21.643156762739686,0.32892562259094527,11.563029490194388,cyclical,True,0.0,0.29089185584994875,priority
9636,JF SmartInvest Holdings Ltd,28.52,13357541701.0,13.008575077540593,4.037801295437653,38.3424030851267,19.6303407982812,871026540.0,,4733709.92322718,48.446113002728325,225.20026944238515,240.38192827200749,3.05049088359046,1766607.2333333334,Finance,Investment Managers,HKEX:9636,HK,50383638.29466667,0.3392738595089966,31.039535624535453,0.4190969618520278,19.046452159969295,financial_special,True,0.0,0.3392738595089966,priority
2600,Aluminum Corporation of China Limited Class H,8.765,185911841973.0,7.633687510886605,1.538942352430967,22.3208309457286,7.392144248478881,37411261710.0,,73748649622.6418,6.65243949510868,46.957687110846166,46.753578732106355,3.46605818596691,43722291.53333333,Distribution Services,Wholesale Distributors,HKEX:2600,HK,383225885.28966665,0.34199835702565623,20.159881449643315,0.3786573611533647,9.681312946365972,stable_or_general,True,0.0,0.34199835702565623,priority
2899,"Zijin Mining Group Co., Ltd. Class H",38.28,1058890680548.9999,13.864039694324727,4.337539432176657,39.1507265999703,13.6355337072611,78511100060.0,,200204982435.363,21.19913774481032,74.52429440303759,72.19207982538198,2.40519331243469,60018783.433333255,Non-Energy Minerals,Precious Metals,HKEX:2899,HK,2297519029.827997,0.3541196013035233,31.286259472787265,0.4431350991761622,20.087665824288948,cyclical,True,0.0,0.3541196013035233,priority
3993,CMOC Group Limited Class H,17.69,466991778582.0,12.074261142584124,3.6340030937301635,34.015594962731,13.505755792798302,20194215790.0,,54613353740.2732,25.055798742078945,72.20866524162804,72.97520661157026,1.84527981910684,41287192.100000314,Distribution Services,Wholesale Distributors,HKEX:3993,HK,730370428.2490056,0.3549625151585096,30.097105328570166,0.4011768245075195,11.519685716078476,stable_or_general,True,0.0,0.3549625151585096,priority
322,Tingyi (Cayman Islands) Holding Corp.,12.85,72440421486.0,13.893393880419504,4.855634614439939,36.0576208232554,7.985451018050591,6882429180.0,,20329164161.5793,3.527495131736362,17.29880393984028,17.268923545074184,3.58661478599222,20238220.6,Consumer Non-Durables,Beverages: Non-Alcoholic,HKEX:322,HK,260061134.71,0.3853108874964636,34.94923311202724,0.3975307222303058,3.0739346798868916,stable_or_general,True,0.0,0.3853108874964636,priority
2589,"Auntea Jenny (Shanghai) Industrial Co., Ltd. Class H",82.55,8684509487.0,12.533782757887705,3.4859317002309878,31.980933368923996,21.6384208443536,862658980.0,,169320508.341439,,,,2.29422895215021,747387.7333333333,Consumer Services,Restaurants,HKEX:2589,HK,61696857.38666666,0.39191422630794237,27.81228753974722,0.4506563057776305,13.034784760933427,stable_or_general,True,0.0,0.39191422630794237,priority
2328,"PICC Property & Casualty Co., Ltd. Class H",15.98,355439381155.0,6.552940211596818,1.012707001303591,16.5396493399582,5.69723057081999,67291799340.0,,63250466059.4806,9.170334508906478,31.938705461639056,31.937456040686037,4.81252190237797,25477644.50000005,Finance,Property/Casualty Insurance,HKEX:2328,HK,407132759.1100008,0.39619583685885923,15.454238381595351,0.42402220347531316,6.562478659935078,financial_special,True,0.0,0.39619583685885923,priority
1585,Yadea Group Holdings Ltd.,9.59,28638163710.0,10.654371736473724,2.459497790555426,25.0412255172972,8.03549668944405,2997915420.0,,9026682180.3652,13.191990450510808,35.52397569544348,35.069027611044426,5.52659019812304,8181507.9,Consumer Durables,Motor Vehicles,HKEX:1585,HK,78460660.761,0.42547325525718493,23.084400013336175,0.4615399027186562,7.8144158823590715,stable_or_general,True,0.0,0.42547325525718493,priority
9980,Eastroc Beverage (Group) Co. Ltd. Class H,112.0,95274206862.0,14.795830746264713,3.6179122837166813,34.314663942266,16.5577596000554,5464255960.0,,7002582197.79788,25.278432029610524,28.431947933165368,,1.96006514845911,673191.4333333331,Consumer Non-Durables,Beverages: Non-Alcoholic,HKEX:9980,HK,75397440.5333333,0.4311809893041213,24.452241619687644,0.605090975968105,28.741130436747863,stable_or_general,True,0.0,0.4311809893041213,priority
1929,Chow Tai Fook Jewellery Group Limited,13.6,134182106107.0,15.055906121997122,4.595836712625034,32.3792605592756,11.0904803518662,424900000.0,,28446300000.091103,5.289551173433863,52.21536641034534,52.58445945945947,3.97058823529412,15286438.333333334,Consumer Durables,Other Consumer Specialties,HKEX:1929,HK,207895561.33333334,0.4649861010394228,30.52514193025142,0.4932296844482883,5.726253771700285,stable_or_general,True,0.0,0.4649861010394228,priority
1361,361 Degrees International Ltd.,4.565,9895467928.0,6.125872249060656,0.7542774055500938,12.8441046271852,9.24275152552987,747174180.0,,553880753.161199,13.070118241531627,18.224686344318812,17.557974443918592,6.94414019715225,3855923.7,Consumer Non-Durables,Apparel/Footwear,HKEX:1361,HK,17602291.690500002,0.47694038836268404,12.312979684905363,0.4975133887835809,4.135165180418121,stable_or_general,True,0.0,0.47694038836268404,priority
1651,Precision Tsugami (China) Corp. Ltd.,52.0,19167928711.0,15.927956626948877,4.620271440947156,32.192536246929,23.5449019144656,1143151900.0,,91787153.7013983,23.92836897851255,42.602679401505554,46.18277884744549,2.11538461538462,1329495.4666666666,Producer Manufacturing,Industrial Machinery,HKEX:1651,HK,69133764.26666667,0.49477172300981165,29.007308025500347,0.5491015096246297,9.89430654669996,cyclical,True,0.0,0.49477172300981165,priority
2020,ANTA Sports Products Ltd.,77.4,214854713367.0,12.18552221417551,2.6505905269127403,24.1578948465741,12.919034907579602,22944036750.0,,38137738077.34251,16.637270096937968,11.792863489284935,12.530782177340773,3.16537467700258,7397409.533333333,Consumer Non-Durables,Apparel/Footwear,HKEX:2020,HK,572559497.88,0.5044115926311176,21.751964998506903,0.5602032834740194,9.959186689681243,stable_or_general,True,0.0,0.5044115926311176,priority
3998,Bosideng International Holdings Limited,4.415,51360936275.0,11.67989417989418,2.4795152168663197,22.6902973751023,14.0336271808393,6247051230.0,,7253272245.8238,8.077352320679388,16.446029820440586,13.718411552346579,6.40996602491506,23058361.766666666,Consumer Non-Durables,Apparel/Footwear,HKEX:3998,HK,101802667.19983333,0.5147528032272658,21.22891850454063,0.5501879041740153,6.440545253343477,stable_or_general,True,0.0,0.5147528032272658,priority
2099,China Gold International Resources Corp. Ltd.,273.4,108379518833.0,17.913068546643427,5.252268330589372,33.6205175127488,22.9961853867758,6577560340.0,,3743049675.25,46.106339401700815,163.54051815602756,163.5390406464758,1.0026909290417,3112492.6666666665,Non-Energy Minerals,Precious Metals,HKEX:2099,HK,850955495.0666666,0.5328016899160117,29.3208744047013,0.610932276418443,12.788747545058122,cyclical,True,0.0,0.5328016899160117,priority
151,Want Want China Holdings Limited,3.15,36961227486.0,8.806262230919765,1.6463787507382572,20.2897950586787,13.696705542081599,4230424600.0000005,,3191310498.97224,5.79956317923007,-9.740338289237712,-9.694521585458213,5.05396825396826,13631822.233333332,Consumer Non-Durables,Food: Meat/Fish/Dairy,HKEX:151,HK,42940240.035,0.434024208004654,18.69554536949443,0.4710353218841621,7.857396708905395,stable_or_general,True,0.1,0.534024208004654,priority
6110,Topsports International Holdings Limited,1.125,6976374939.0,5.049371633752244,0.7091662096484427,14.166469915986102,8.64742532992503,2745118910.0,,3980959430.10926,-3.552403351753338,-0.6077116410583117,-0.6244424620874274,14.3644444444444,43348019.46666667,Retail Trade,Apparel/Footwear Retail,HKEX:6110,HK,48766521.900000006,0.3564311831880078,14.044642800859824,0.3595229658274483,0.8599680502536788,stable_or_general,True,0.18,0.5364311831880078,priority
1318,"Mao Geping Cosmetics Co., Ltd. Class H",49.9,35854723953.0,16.266788368757332,4.265387449332497,29.3004445555415,24.300789652431,1301336250.0,,104905072.434934,32.223519859219564,31.749800285307444,30.536170212765956,2.28645290581162,3040979.7666666666,Consumer Non-Durables,Household/Personal Care,HKEX:1318,HK,151744890.35666665,0.555172067028616,26.22144797509493,0.6203619412706534,10.508361313802151,stable_or_general,True,0.0,0.555172067028616,priority
1882,Haitian International Holdings Limited,17.75,28329000000.0,7.998017392871626,1.0551972178462088,14.017008583516303,9.01325015859404,2419436530.0,,4147737609.16821,7.743758989509695,0.3293853329564221,0.33001808318263387,4.50704225352113,2555339.533333333,Producer Manufacturing,Industrial Machinery,HKEX:1882,HK,45357276.71666666,0.5705937429671778,13.193234848259669,0.6062211038353987,5.876958199379101,cyclical,True,0.0,0.5705937429671778,priority
1179,H World Group Limited,37.54,113418690095.0,21.714484035168905,7.085839834349147,38.0507600511754,7.79155353229896,9040057780.0,,39565057284.7585,13.35011046450848,38.64430062441698,35.125840237611364,4.39683271177411,2429670.466666667,Consumer Services,Hotels/Resorts/Cruise lines,HKEX:1179,HK,91209829.31866667,0.5706714926578224,32.63185909862228,0.6654381526207832,14.241242343819449,cyclical,True,0.0,0.5706714926578224,priority
1910,Samsonite Group S.A.,12.55,17455715909.0,8.579436696745967,1.334308636751219,17.723640066972,5.01604210284121,3851009140.0,,18325302440.1221,1.2738061782196628,-10.986337786593156,-9.216160863898706,6.38406374501992,3242418.7666666666,Consumer Durables,Other Consumer Specialties,HKEX:1910,HK,40692355.52166667,0.4840674186751144,15.552403775615003,0.5516469878564931,12.250509958183454,stable_or_general,True,0.1,0.5840674186751144,priority
1999,Man Wah Holdings Limited,3.115,11973907937.0,6.667380136986302,0.8517957440292264,13.478910261337202,8.49589861527141,1070727000.0000001,,4840131000.0,-2.8007114157473696,-12.129930083966157,-12.163940590336535,7.70465489566613,5964700.466666667,Consumer Durables,Home Furnishings,HKEX:1999,HK,18580041.95366667,0.49465275810248266,12.775568912053116,0.5218851843612192,5.218087632065793,stable_or_general,True,0.18,0.6746527581024826,priority
3933,United Laboratories International Holdings Ltd.,8.535,16816309535.0,6.960528461914859,0.8691623047312572,12.9424361367427,7.25101130842714,1056142260.0000001,,5559838092.857189,-4.087923783043356,-22.160001299741268,-22.73471959672338,5.55482132396016,6985565.633333334,Health Technology,Pharmaceuticals: Major,HKEX:3933,HK,59621802.68050001,0.537806668572572,12.48701602883969,0.5574212802993928,3.5188128656095996,health_special,True,0.18,0.7178066685725719,priority
303,VTech Holdings Limited,51.0,12926035446.0,12.34239248808112,2.545441114963101,20.7492096904964,10.2374935389482,721847170.0,,994137360.0,-6.746215076510219,-14.364563832231205,-14.488224825131407,8.12922156862745,680291.0333333333,Consumer Durables,Recreational Products,HKEX:303,HK,34694842.7,0.5948367514804292,20.623563198311825,0.5984607203614275,0.6055483271833806,stable_or_general,True,0.18,0.7748367514804293,priority
9987,"Yum China Holdings, Inc.",352.0,120892850027.44452,16.47128960023494,2.8896682925949633,17.4950654943629,8.92285165187923,7497263669.88311,,18059151172.824978,8.678423053888986,5.993703696849777,12.469441184130666,2.35450910706353,849561.6333333333,Consumer Services,Restaurants,HKEX:9987,HK,299045694.93333334,0.9414820199182545,17.54366757387197,0.9388737862752177,0.2778045016449404,stable_or_general,True,0.0,0.9414820199182545,reject_valuation
3898,"Zhuzhou CRRC Times Electric Co., Ltd. Class H",32.2,63180437710.0,9.429265864300566,0.874295099575967,9.86045004420835,5.82547840671258,404862290.0,,8246351319.951749,13.789293464066766,10.372915837677718,14.06573585409847,3.92608695652174,3435656.933333333,Producer Manufacturing,Electrical Products,HKEX:3898,HK,110628153.25333333,0.9562713488761049,9.272143899198662,1.016945591743403,5.966321439407696,cyclical,True,0.0,0.9562713488761049,reject_valuation
38,"First Tractor Co., Ltd. Class H",9.36,15900553829.0,11.262182649500662,1.1070189257658654,10.4174992604583,5.07546461083216,1820177930.0,,3565544871.16543,11.494208025842175,10.655172246295372,10.651045133803748,3.19764957264957,4346253.433333334,Producer Manufacturing,Trucks/Construction/Farm Machinery,HKEX:38,HK,40680932.136,1.0810831244546881,9.829523816282165,1.1457505836493689,5.644113135749517,cyclical,True,0.0,1.0810831244546881,reject_valuation
1776,"GF Securities Co., Ltd. Class H",18.23,182616368030.0,10.026951212804576,0.9611987830791051,10.1294904396795,1.46020396878235,79801723640.0,,529804983321.55493,4.270498259167307,46.09968486357056,46.10253937640631,3.75556226001097,5858256.2,Finance,Investment Banks/Brokers,HKEX:1776,HK,106796010.52600001,0.9898771584330387,9.586151988568957,1.0459829162693488,5.36392678729587,financial_special,True,0.1,1.0898771584330387,reject_valuation
598,Sinotrans Ltd. Class H,4.94,51294520741.0,8.419976137719448,0.7421172575312133,9.24810953131794,4.65678435819703,3278936890.0,,12485473339.193401,-3.7983563658655144,0.2204873237447808,0.29059829059829656,6.77368421052632,4254683.866666666,Transportation,Air Freight/Couriers,HKEX:598,HK,21018138.301333334,0.9104537645457066,8.813769129424347,0.9553207049195058,4.696531766008327,stable_or_general,True,0.18,1.0904537645457066,reject_valuation
3288,Foshan Haitian Flavouring and Food Company Ltd. Class H,28.68,220681166320.0,20.4535729567822,3.7075675487006063,18.5879066716799,15.469194071315401,7835149910.0,,2931598904.8022604,10.416604602282627,11.610500413491508,6.4854191980558875,4.18320083682008,1910475.2333333334,Consumer Non-Durables,Food: Specialty/Candy,HKEX:3288,HK,54792429.692,1.1003698973776743,18.126747617810288,1.1283641935128896,2.4809628217696167,stable_or_general,True,0.0,1.1003698973776743,reject_valuation
6936,"S.F. Holding Co., Ltd. Class H",32.82,188830181949.80786,13.239209358612344,1.4320652588909566,11.65041105705,5.35851962175627,19105101060.0,,53406149281.1152,10.090265091727908,10.473339029645361,6.614484775503179,3.03351614868982,1180734.2,Transportation,Air Freight/Couriers,HKEX:6936,HK,38751696.444,1.1363727248577136,10.816848801921639,1.2239432759992326,7.154788367951614,stable_or_general,True,0.0,1.1363727248577136,reject_valuation
1109,China Resources Land Limited,33.18,236604573231.0,8.578520088939449,0.7338144484482081,9.00707321875483,2.29622081868204,36306080550.0,,338984492824.79504,1.0500686954366933,-0.5522087860240077,-0.5527987041369932,4.00542495479204,14953182.4,Finance,Real Estate Development,HKEX:1109,HK,496146592.032,0.9524203790280029,8.554091391524953,1.0028557910240121,5.029178915595612,financial_special,True,0.2,1.152420379028003,reject_valuation
6060,"Zhongan Online P&C Insurance Co., Ltd. Class H",11.74,19779702664.0,8.82176134655846,0.6352961676056316,8.18981145773955,4.34011378879635,2917886890.0,,8672440044.669432,15.597423775987934,70.95206978970734,49.142665022974334,0.0,9110800.466666667,Finance,Multi-Line Insurance,HKEX:6060,HK,106960797.47866666,1.0771629349564213,7.20146626788394,1.2249951632628593,12.067984653317044,financial_special,True,0.1,1.1771629349564214,reject_valuation
3750,"Contemporary Amperex Technology Co., Limited Class H",616.5,2043589694592.0,29.514553810800457,6.465988533227472,24.9586942520381,8.37135738739876,102112832800.0,,349005346596.988,44.55334351401865,50.860120321674465,46.582456140350885,0.579399837793998,1980436.7666666666,Producer Manufacturing,Electrical Products,HKEX:3750,HK,1220939266.6499999,1.182535973747518,21.907796996278257,1.3472168751524607,12.223785527204456,cyclical,True,0.0,1.182535973747518,reject_valuation
325,Bloks Group Limited,75.65,18855833294.0,23.194848995860802,5.1060216633009,24.8645648937689,17.8313441407218,,,23183824.5350311,,,,0.0,1536593.4666666666,Consumer Durables,Recreational Products,HKEX:325,HK,116243295.75333333,0.9328475722361612,22.01360165876521,1.0536598851658265,11.465968727722009,stable_or_general,False,0.25,1.1828475722361613,reject_valuation
696,TravelSky Technology Ltd. Class H,8.935,26145684010.0,9.55002137665669,0.9038243859608306,10.0987429070214,7.2437483418718,,,1432109683.62219,6.61859735388348,17.89853445881595,17.90800252047889,3.55165081141578,3079301.7666666666,Technology Services,Information Technology Services,HKEX:696,HK,27513561.285166666,0.9456643727425522,9.464108511527176,1.009077755715171,6.284291038372503,technology_strict,False,0.25,1.1956643727425522,reject_valuation
9696,Tianqi Lithium Corp. Class H,38.2,95388990575.0,12.486924686192468,1.1713486884267683,10.3250630302881,5.87616504624204,1176818300.0,,20445809567.3598,61.39679454349245,,,0.0,5515574.966666667,Process Industries,Chemicals: Specialty,HKEX:9696,HK,210694963.7266667,1.2093799959925327,9.38060185244809,1.3311432339422564,9.147267915648339,cyclical,True,0.0,1.2093799959925327,reject_valuation
1,CK Hutchison Holdings Ltd,70.15,268677622861.0,7.109773277792981,0.46445526812443166,6.669202104707711,3.29777973641324,47302000000.0,,316658000000.0,-2.337429144808647,388.5585003232062,388.5472370766488,3.29579472558803,6202654.633333334,Retail Trade,Specialty Stores,HKEX:1,HK,435116222.5283334,1.0660605520972706,6.532631210268467,1.0883475660798547,2.0477846119379195,stable_or_general,True,0.18,1.2460605520972705,reject_valuation
1789,AK Medical Holdings Ltd.,5.105,5735710557.0,13.58435337945716,1.803581018060541,13.590580520164902,10.4996855744256,,,90451587.4082589,16.15314599889212,31.710489609395314,32.04497540407589,2.31145935357493,3055744.2,Health Technology,Medical Specialties,HKEX:1789,HK,15599574.141000003,0.9995418046566514,13.276900031090133,1.02315701313161,2.3080727759152597,health_special,False,0.25,1.2495418046566513,reject_valuation
857,"PetroChina Co., Ltd. Class H",10.19,2336291259426.0,10.662341739039448,1.011682500474071,9.93298119559315,5.38483279401261,88338991140.0,,501499513161.226,-1.412275075566742,-2.2558365330633308,-2.260175905093067,5.18498527968597,80549547.33333333,Energy Minerals,Integrated Oil,HKEX:857,HK,820799887.3266666,1.0734281611013101,9.48837061533925,1.1237273680901874,4.4761041171723415,cyclical,True,0.18,1.25342816110131,reject_valuation
2768,"Qingdao Gon Technology Co., Ltd. Class H",37.0,24738413032.0,14.885143018063323,2.0639466453057485,16.40132509651,4.8798038884314,-128542120.00000001,,11215789602.744,17.720225087660342,51.148209302976475,,1.04930540540541,1536934.4333333329,Process Industries,Chemicals: Specialty,HKEX:2768,HK,56866574.03333332,0.9075573424997653,13.865816692531078,1.0735136161205212,15.459168018798962,cyclical,False,0.35,1.2575573424997653,reject_valuation
467,United Energy Group Limited,0.39,10133592050.0,8.965517241379311,0.7607084341109464,8.44092519372467,4.04323839533023,986319000.0,,3831795000.0,9.520933835015207,-28.303186122870205,-28.217821782178227,12.8205128205128,39822727.0666662,Energy Minerals,Integrated Oil,HKEX:467,HK,15530863.55599982,1.0621486431421812,8.484824842006708,1.0566531906460566,0.5200810014839963,cyclical,True,0.2,1.2621486431421811,reject_valuation
316,Orient Overseas (International) Limited,156.2,103150306041.0,10.256006198252145,0.9485870668108939,9.42891764000632,7.04399767037286,917578490.0,,9976028646.0,-8.086510154662948,-52.14847643687347,-52.148285927038394,5.70261971830986,1233932.499999997,Transportation,Marine Shipping,HKEX:316,HK,192740256.49999952,1.0877182927907376,9.249088275439561,1.1088667220839914,1.9072111077071296,cyclical,True,0.18,1.2677182927907376,reject_valuation
1818,"Zhaojin Mining Industry Co., Ltd. Class H",23.94,84804890956.0,20.291574843193764,3.634310073141629,19.7379222745463,6.2198587146978905,,,28334535306.2163,49.44438338198508,65.80630936589762,61.417430565056776,0.479402673350042,23547925.733333334,Non-Energy Minerals,Precious Metals,HKEX:1818,HK,563737342.0560001,1.0280501949975478,17.91043869796363,1.132946835383818,9.25874340350078,cyclical,False,0.25,1.2780501949975478,reject_valuation
2648,"Anjoy Foods Group Co., Ltd. Class H",67.0,26418600320.0,13.230647709320696,1.2159433769651324,10.2201104822755,7.89371571812761,2438030940.0,,1263879074.3437,21.777419505902042,14.817054257302473,,4.7955223880597,579527.7,Consumer Non-Durables,Food: Specialty/Candy,HKEX:2648,HK,38828355.9,1.2945699297738806,9.19035412082303,1.4396232762504086,10.075785024421723,stable_or_general,True,0.0,1.2945699297738806,reject_valuation
1686,Sunevision Holdings Ltd.,5.195,12276742980.0,20.639650377433455,2.1032473815683463,18.694252580488,4.11758890408774,435093000.0,,17323109000.0,4.286514725871273,7.398230903319096,6.878980891719742,2.30991337824832,4494479.566666666,Technology Services,Data Processing Services,HKEX:1686,HK,23348821.348833334,1.1040639516647994,10.190324657184846,2.025416370113503,45.48953153751154,technology_strict,True,0.2,1.3040639516647994,reject_valuation
1698,Tencent Music Entertainment Group Class A,34.12,103078396443.0,10.466899809804282,1.0793188650196615,10.9380151773709,7.873184136827669,,,19513244937.6603,16.052346359834697,-9.551934489964488,-8.187579214195189,2.75630715123095,2043724.4666666666,Technology Services,Internet Software/Services,HKEX:1698,HK,69731878.80266666,0.9569286237103342,10.311733986492065,1.015047500596454,5.725729766534926,technology_strict,False,0.35,1.3069286237103341,reject_valuation
669,"Techtronic Industries Co., Ltd.",135.2,246667261717.0,24.229390681003583,4.232443810551808,18.4784891778449,9.40966904405128,15686346910.0,,12341583028.5,4.099019984712904,9.388729323771535,9.562144119379543,1.9008875739645,5792480.3,Consumer Durables,Tools & Hardware,HKEX:669,HK,783143336.56,1.3112214125196895,17.468222235857315,1.3870553255996196,5.46725942940649,stable_or_general,True,0.0,1.3112214125196895,reject_valuation
3986,GigaDevice Semiconductor Inc. Class H,486.0,325344188586.0,38.24422795448464,7.914960105181025,29.152023966803895,25.515899766963802,6676738910.0,,88814406.7996113,119.93012598018309,620.4037848327932,573.4393216746158,0.1760329218107,5345846.2,Electronic Technology,Semiconductors,HKEX:3986,HK,2598081253.2000003,1.3118892876197639,20.695829223172726,1.8479195755859499,29.007230349633485,technology_strict,True,0.0,1.3118892876197639,reject_valuation
6069,SY Holdings Group Limited,6.645,7085402384.0,12.88040317891064,1.5740440258574333,12.983151659731302,4.53703777747261,-15162490.0,,4875996319.13373,16.76635037372011,18.484842120281687,10.164424514200306,7.05455229495862,5981987.866666666,Finance,Finance/Rental/Leasing,HKEX:6069,HK,39750309.374,0.9920860139730673,12.220456176671933,1.0540034670308382,5.874501839371971,financial_special,False,0.35,1.3420860139730673,reject_valuation
1171,Yankuang Energy Group Company Limited Class H,13.69,215883903521.0,14.94541484716157,1.7305937112070162,13.027578931768902,2.09256851299065,2573317820.0,,193462732653.06,7.288872720890066,-39.40061488900006,-48.88392857142857,4.1263696128561,30193422.13333336,Energy Minerals,Coal,HKEX:1171,HK,413347949.00533366,1.1472135325709565,11.579429068412177,1.2906866788390763,11.116032157174537,cyclical,True,0.2,1.3472135325709564,reject_valuation
3360,Far East Horizon Limited,7.04,32957474509.0,7.546360810376247,0.5464158535108771,7.554002474202101,1.06541358856566,-6131259210.0,,309643984521.12604,0.5099137164539472,3.9689479449387415,0.2902601591055606,7.95454545454546,8829362.4,Finance,Finance/Rental/Leasing,HKEX:3360,HK,62158711.296000004,0.9989883953768943,7.240786217901948,1.0422018525721424,4.1463615794385404,financial_special,False,0.35,1.3489883953768942,reject_valuation
666,Rept Battero Energy Company Ltd Class H,10.25,23952958963.0,15.225787284610814,1.6635586522091248,12.1321577610414,2.86688196410263,4438608070.0,,14363832044.5884,56.41694410314262,,,0.0,2463697.933333333,Producer Manufacturing,Electrical Products,HKEX:666,HK,25252903.816666663,1.2549941720592876,10.925928630899344,1.3935462878231828,9.942412173500404,cyclical,True,0.1,1.3549941720592877,reject_valuation
6886,"Huatai Securities Co., Ltd. Class H",17.41,194376734032.0,9.285333333333334,0.8124049238924509,9.21203474494203,1.6371823744388998,-20635982100.0,,540033428903.53107,28.51781835515976,6.5885515302618405,6.497784846075206,3.58550258472142,7246448.9,Finance,Investment Banks/Brokers,HKEX:6886,HK,126160675.349,1.0079568293456067,8.749335050536159,1.0612616021333334,5.022774090815519,financial_special,False,0.35,1.3579568293456066,reject_valuation
941,China Mobile Limited,79.4,1736890612477.0,11.647181352774641,1.0225555930893273,9.11051398072708,6.13822034867574,145590302950.0,,114217896867.57199,4.258090931060676,-3.681968181907806,-3.7649284282447293,6.63727959697733,13840902.033333333,Communications,Specialty Telecommunications,HKEX:941,HK,1098967621.4466667,1.278432959700603,8.779425357240873,1.326645068309462,3.634137702731255,stable_or_general,True,0.1,1.378432959700603,reject_valuation
2603,"Xiamen Jihong Co., Ltd. Class H",12.78,8148537248.0,15.994993742177721,1.7640725505894044,11.5962860160689,6.943998947239461,162457850.0,,1141505373.66021,18.609455668858107,43.84821029644711,,3.1556338028169,2603216.6666666665,Process Industries,Containers/Packaging,HKEX:2603,HK,33269108.999999996,1.379320389305124,11.028904287331255,1.4502794951762292,4.892788328534059,cyclical,True,0.0,1.379320389305124,reject_valuation
6869,Yangtze Optical Fibre and Cable Joint Stock Ltd Co Class H,170.3,271662096838.0,35.327552586814924,7.400875849981683,24.8915659441973,9.79080634930678,3644859080.0,,11650845825.7016,38.703111932424925,511.6145253646116,468.6010851615947,0.19906048150323,32287263.3,Electronic Technology,Telecommunications Equipment,HKEX:6869,HK,5498520939.990001,1.4192579392559452,20.949302479402053,1.6863355055162326,15.83774790880227,technology_strict,True,0.0,1.4192579392559452,reject_valuation
699,Ningbo Joyson Electronic Corp. Class H,12.2,32157529165.0,11.888520756187877,0.9874113150861881,8.87084028667145,1.94198797955598,1398425950.0,,31953359133.3734,3.0646088860301997,37.44583278292322,27.605073364834613,1.68645081967213,1383109.0,Producer Manufacturing,Auto Parts: OEM,HKEX:699,HK,16873929.8,1.3401797768865853,8.305585996241364,1.4313885572394225,6.372049007345881,cyclical,True,0.1,1.4401797768865854,reject_valuation
1766,CRRC Corporation Limited Class H,5.41,199605637427.0,9.939371670034907,0.7612363265914904,8.00764996506926,2.53385287645266,9413855340.0,,92885667085.4187,6.681235026637262,-6.252117015080691,-6.2521529452290725,4.77632162661737,18107371.366666667,Producer Manufacturing,Trucks/Construction/Farm Machinery,HKEX:1766,HK,97960879.09366667,1.2412345336512145,7.658797274745808,1.2977718711538544,4.356492751871121,cyclical,True,0.2,1.4412345336512145,reject_valuation
3330,Lingbao Gold Group Company Limited Class H,23.68,32659058379.0,31.628155469480433,3.6071826806485614,30.4236222216239,13.993054548184,,,4605489858.36501,-9.850878527298711,58.708905706502804,-28.127099932802153,1.00047719594595,27887981.866666667,Non-Energy Minerals,Precious Metals,HKEX:3330,HK,660387410.6026666,1.03959203933976,11.404973281256664,2.7731897909361405,62.51276985305694,cyclical,False,0.43000000000000005,1.46959203933976,reject_valuation
956,China Suntien Green Energy Corporation Limited Class H,3.275,26191344362.0,7.695018796992481,0.5203889172255881,7.270432783933331,1.84962395536414,-2681598440.0,,58486982840.0691,-6.66360790029957,7.593081452163215,1.164725457570706,7.02259541984733,6498437.233333333,Utilities,Gas Distributors,HKEX:956,HK,21282381.939166665,1.0583990012255429,6.762672463243063,1.1378665518427766,6.983907777984677,cyclical,False,0.43000000000000005,1.488399001225543,reject_valuation
2579,"CNGR Advanced Material Co., Ltd. Class H",26.38,45338727331.0,11.061260430206717,0.978341855192796,9.71483028566988,2.5824152085366,-1385453400.0,,52476158273.4362,51.22664265749771,66.42187428313078,,1.64949962092494,1209866.6,Producer Manufacturing,Electrical Products,HKEX:2579,HK,31916280.908,1.13859533362337,8.844759251134569,1.2506005099898931,8.956111521770305,cyclical,False,0.35,1.48859533362337,reject_valuation
2338,"Weichai Power Co., Ltd. Class H",32.76,279599902919.0,19.52091526635681,2.554961702871056,13.9424846217279,3.47326357897665,31326169180.0,,114453016072.346,15.980385576954404,21.229944833965444,21.143434635097087,2.51129426129426,15375012.433333335,Producer Manufacturing,Auto Parts: OEM,HKEX:2338,HK,503685407.31600004,1.4001030516422812,13.088329455916382,1.4914749305559905,6.126276549592935,cyclical,True,0.1,1.5001030516422813,reject_valuation
1385,"Shanghai Fudan Microelectronics Group Co., Ltd. Class H",25.68,41035219223.0,20.812059324094335,2.6205498868816375,13.838878446196501,9.3620469575845,1298695180.0,,1499669206.73311,24.48348290060857,125.32040214973416,124.67225054624909,0.258629283489097,3699785.933333333,Electronic Technology,Semiconductors,HKEX:1385,HK,95010502.76799999,1.5038833822414528,12.591497295261886,1.6528661235487698,9.013600023905454,technology_strict,True,0.0,1.5038833822414528,reject_valuation
1860,Mobvista Incorporation,10.56,17847845748.0,28.077638925817602,5.206561450737349,21.9671191816678,8.46116527932707,,,177073489.0,25.605540974939387,95.7486240865595,93.06981519507185,0.0,12208922.566666666,Technology Services,Packaged Software,HKEX:1860,HK,128926222.304,1.2781666404964565,18.543444712332548,1.514154428230059,15.585450422613489,technology_strict,False,0.25,1.5281666404964565,reject_valuation
1286,Impro Precision Industries Limited,8.8,17136114043.000002,20.789038506969053,2.544426260792126,13.3708763144416,8.11339955015843,175561000.0,,2503703000.00619,19.631523572300434,16.717868750012293,16.419141914191428,1.81818181818182,4391974.733333333,Non-Energy Minerals,Steel,HKEX:1286,HK,38649377.653333336,1.5548000009928484,12.239268593105761,1.698552356198742,8.463227799913254,cyclical,True,0.0,1.5548000009928484,reject_valuation
1277,Kinetic Development Group Limited,2.135,18359949098.0,14.69373709566414,1.8077134752974047,12.9917751047749,7.22226778444124,,,1779742233.44976,-2.6798904184764343,-27.115961897962805,-28.069306930693067,5.15222482435597,13333841.333333334,Energy Minerals,Coal,HKEX:1277,HK,28467751.246666666,1.1310030367030994,12.302612082468992,1.1943591326107454,5.304610161028878,cyclical,False,0.43000000000000005,1.5610030367030996,reject_valuation
1088,China Shenhua Energy Co. Ltd. Class H,45.82,1154502799482.0,15.763580692881963,1.8081334435629148,11.3870127222188,7.15640577416686,30649037930.0,,142480273965.112,-6.042130210312776,-7.616695979999832,-7.872967576305036,4.93016150152772,8901203.866666667,Energy Minerals,Coal,HKEX:1088,HK,407853161.1706667,1.3843473330036267,11.470321869062253,1.3742927942937229,0.731615471728575,cyclical,True,0.18,1.5643473330036266,reject_valuation
1989,Delton Technology (Guangzhou) Inc. Class H,126.7,67758533658.99999,35.7848952155002,6.50227425638257,25.8528308876205,15.1943705804509,-1189704490.0,,2258516070.5022798,73.93758853232436,81.97880350291769,,0.586488555643252,1526923.3666666667,Electronic Technology,Electronic Components,HKEX:1989,HK,193461190.55666667,1.3841770509022135,18.170443750708863,1.9694012819089333,29.715844931281044,technology_strict,False,0.25,1.6341770509022135,reject_valuation
9698,GDS Holdings Ltd.,33.0,51461211914.0,16.87289088863892,1.5637409231947321,12.961529017977599,4.55178167141813,-955179370.0,,54755785620.1992,12.610236589002998,1832.5483153652922,14175.912408759123,0.0,5373900.733333333,Technology Services,Data Processing Services,HKEX:9698,HK,177338724.2,1.301767011070706,9.267771204800779,1.820598557709175,28.49785552347712,technology_strict,False,0.35,1.6517670110707061,reject_valuation
1072,Dongfang Electric Corporation Limited Class H,20.54,113548115533.0,13.685122259977348,1.3327467690299237,10.4069756866025,2.87475934120234,-3916729530.0,,27004882952.0469,10.073291714893841,53.27198594404475,40.665417057169634,2.95530185004869,7988646.033333329,Producer Manufacturing,Electrical Products,HKEX:1072,HK,164086789.52466655,1.3149951217427167,9.73865445782382,1.4052374811371424,6.4218582699203335,cyclical,False,0.35,1.6649951217427166,reject_valuation
1057,Zhejiang Shibao Co. Ltd. Class H,3.97,12315551047.0,15.251632731463697,1.2974577018984716,9.12539273523069,5.12193162675202,125348370.0,,506252214.937759,25.286464029213107,13.22681588249634,13.22314049586776,1.63224181360202,14361267.999999952,Producer Manufacturing,Auto Parts: OEM,HKEX:1057,HK,57014233.95999981,1.6713398725932354,8.507008559299047,1.7928314783217274,6.776521228990273,cyclical,True,0.0,1.6713398725932354,reject_valuation
2333,"Great Wall Motor Co., Ltd. Class H",7.97,130264969736.0,10.17749968075597,0.6738014661311199,6.89950624584173,2.61126253790801,32328321030.0,,64886776917.9477,19.17638866321637,-48.30277833908358,-48.28292167481178,5.04692597239649,14801079.966666551,Consumer Durables,Motor Vehicles,HKEX:2333,HK,117964607.3343324,1.475105510179059,6.620500980267001,1.5372703230602827,4.043843945251635,stable_or_general,True,0.2,1.675105510179059,reject_valuation
2689,Nine Dragons Paper Holdings Ltd.,6.97,32704782957.0,9.222016406456733,0.5979563105838266,6.85509247486226,2.22825934914744,-10265046960.0,,93945990147.6785,7.3835262953189815,252.5583073635946,252.5186567164179,0.0,16493149.866666667,Process Industries,Containers/Packaging,HKEX:2689,HK,114957254.57066667,1.3452796501686919,6.484008314766947,1.4222709100255368,5.413262643153027,cyclical,False,0.35,1.695279650168692,reject_valuation
868,Xinyi Glass Holdings Limited,9.025,39957511580.0,12.315775109170305,0.934835008094998,7.96646235192649,5.96426603255333,3922356180.0,,4465646092.06595,-11.85375949348867,-45.71158617148478,-48.255896059878545,3.76731301939058,8600740.533333333,Consumer Durables,Home Furnishings,HKEX:868,HK,77621683.31333333,1.5459528414380874,7.5905495172522395,1.6225142963863552,4.71869216306966,stable_or_general,True,0.18,1.7259528414380874,reject_valuation
788,China Tower Corp. Ltd. Class H,9.145,159862356054.0,10.680915673907965,0.6724235040139529,6.54674323256776,3.8941109000138003,6092888290.0,,117181173342.765,3.8593061801433555,24.301222651462357,24.32118484100479,5.661585565883,15625642.566666666,Communications,Specialty Telecommunications,HKEX:788,HK,142896501.27216667,1.6314853499636492,6.295560460762673,1.696579000468217,3.8367591775333443,stable_or_general,True,0.1,1.7314853499636493,reject_valuation
631,"Sany Heavy Equipment International Holdings Co., Ltd.",9.24,30397014032.0,18.22125813449024,1.964962423283529,13.127985199717601,3.71674154711979,,,13265949667.4846,19.071782396745505,30.939032846897895,28.738258441228748,3.78787878787879,10894787.33333331,Producer Manufacturing,Trucks/Construction/Farm Machinery,HKEX:631,HK,100667834.95999978,1.3879706487544028,10.783900918258416,1.6896722505711732,17.855628611689866,cyclical,False,0.35,1.7379706487544029,reject_valuation
179,Johnson Electric Holdings Limited,19.12,17657130555.0,11.343814891723525,0.7960974569849225,7.339380477658911,4.83712581447096,1682246890.0,,3006818622.6,0.21621096632872036,-22.9494977128345,-23.197849266381112,3.19037656903766,5696932.833333333,Producer Manufacturing,Auto Parts: OEM,HKEX:179,HK,108925355.77333333,1.5456093230558248,7.017898868975349,1.6164118496879658,4.380228135905395,cyclical,True,0.2,1.7456093230558247,reject_valuation
1866,China XLX Fertiliser Ltd.,10.57,13563856627.0,13.091404508298242,1.2456338001612135,9.88692618374151,2.59195551327546,-3452870380.0,,19610332302.2546,9.644274723883727,-36.3003929504332,-36.69437039360201,3.50047303689688,2560376.433333333,Process Industries,Chemicals: Agricultural,HKEX:1866,HK,27063178.90033333,1.324112698426566,9.514898110219146,1.3758848866955151,3.7628284727577066,cyclical,False,0.44999999999999996,1.774112698426566,reject_valuation
3692,Hansoh Pharmaceutical Group Company Limited,36.72,222675591817.0,29.610515281025723,5.1014524968914765,19.3108682794303,16.2624479733787,,,4892813259.85203,24.96918239717421,45.61260668312896,43.31445741361378,1.17538126361656,11397654.233333332,Health Technology,Pharmaceuticals: Major,HKEX:3692,HK,418521863.44799995,1.533360118900841,17.228516452601088,1.7186921092416665,10.783315367788527,health_special,False,0.25,1.783360118900841,reject_valuation
317,CSSC Offshore & Marine Engineering (Group) Company Limited Class H,12.67,32732811386.0,12.083929422985218,0.8161119960733869,7.17204012309235,2.24675801123585,3876059150.0,,6640866784.62472,6.795823521882406,81.71386804042744,81.71577123050261,1.91359905288082,2423293.6,Producer Manufacturing,Trucks/Construction/Farm Machinery,HKEX:317,HK,30703129.912,1.6848664000188307,6.7536971419332765,1.7892317598840595,5.832970451630681,cyclical,True,0.1,1.7848664000188308,reject_valuation
6031,"Sany Heavy Industry Co., Ltd. Class H",18.59,187141888289.0,18.382280233362998,1.662873990110417,10.1070162483469,5.09798550656328,24599074190.0,,36361962822.5008,15.5121813302208,25.051364719422676,,1.11188811188811,4407866.733333333,Producer Manufacturing,Trucks/Construction/Farm Machinery,HKEX:6031,HK,81942242.57266666,1.818764290239426,9.046070286168181,2.032073558113988,10.497123345895943,cyclical,True,0.0,1.818764290239426,reject_valuation
2018,AAC Technologies Holdings Inc.,41.0,46625488281.0,16.74631376873749,1.7039180556715743,10.5638426215772,5.30366234560689,,,11975171167.1306,15.864649515226576,22.149515653226537,24.405487804878057,0.853658536585366,5318409.0,Electronic Technology,Electronic Production Equipment,HKEX:2018,HK,218054769.0,1.5852483200130483,10.174884330977356,1.6458480729607383,3.681977330913433,technology_strict,False,0.25,1.8352483200130483,reject_valuation
2050,"Zhejiang Sanhua Intelligent Controls Co., Ltd.",25.64,155871411607.0,24.21609369097091,2.872307771586558,12.8787969040354,8.07191094255761,3809440450.0,,9986777120.768589,7.64134317136792,12.103823221687442,10.13105887247763,1.7710608424337,8322047.5,Producer Manufacturing,Industrial Machinery,HKEX:2050,HK,213377297.9,1.8803071336099042,11.861152373462742,2.0416307731742993,7.901704935294019,cyclical,True,0.0,1.8803071336099042,reject_valuation
3200,"Shenzhen Han's CNC Technology Co., Ltd. Class H",102.1,138431585031.0,29.22319537466369,3.585925051005481,17.2393020054579,11.2088708676894,-664892720.0,,3211359484.89547,109.53841406521354,276.1952070593331,,0.671488736532811,2085799.9666666666,Producer Manufacturing,Industrial Machinery,HKEX:3200,HK,212960176.59666663,1.6951495695946235,12.270817770032274,2.3815197912915327,28.820680987273285,cyclical,False,0.25,1.9451495695946235,reject_valuation
1138,"COSCO SHIPPING Energy Transportation Co., Ltd. Class H",16.34,110717857636.0,18.23050317973893,1.7277494107782378,9.75017766321404,4.64034807234676,1257861160.0,,39465404090.5261,2.49887992981627,0.07212892838138088,-2.3212728857890133,2.8889840881273,17403991.3,Transportation,Marine Shipping,HKEX:1138,HK,284381217.842,1.8697611273812875,9.47724477895064,1.9236079266655268,2.7992606257128405,cyclical,True,0.1,1.9697611273812876,reject_valuation
9896,MINISO Group Holding Ltd.,21.24,25786241265.0,18.469565217391306,2.1395610273519305,11.8008120407779,4.371684307184,,,15973600785.6059,30.79097868739326,-44.76752692144638,-44.09877503402683,5.64791902071563,4005595.466666667,Retail Trade,Specialty Stores,HKEX:9896,HK,85078847.712,1.5651096851275503,11.58425226673597,1.5943683538752367,1.835126034493273,stable_or_general,False,0.44999999999999996,2.01510968512755,reject_valuation
9969,InnoCare Pharma Ltd.,14.67,21925756685.0,25.37184365271532,2.9198678396560642,12.573912597964702,8.77635051645355,266627570.0,,2580773067.16418,117.39136700376207,,,0.0,7286652.1,Health Technology,Pharmaceuticals: Major,HKEX:9969,HK,106895186.307,2.0178161296287502,11.50829982882847,2.204656120373094,8.474790649560571,health_special,True,0.0,2.0178161296287502,reject_valuation
2276,Shanghai Conant Optical Co. Ltd. Class H,45.5,22671276169.0,32.89235885202053,5.109035807042385,18.215691680304,13.871642608107102,,,739199949.590297,8.35793066814715,23.324564566214757,14.872944693572501,0.867912087912088,2767170.3333333335,Health Technology,Medical Specialties,HKEX:2276,HK,125906250.16666667,1.8057156120832842,15.53259171842139,2.11763493487122,14.729607906043752,health_special,False,0.25,2.0557156120832842,reject_valuation
2,CLP Holdings Limited,78.7,198831641875.0,18.340713120484736,1.800000503176761,10.0262656530344,4.45814296817492,10333000000.0,,71575000000.0,-1.907903534970802,-5.028471309680245,-5.028551192952943,4.06607369758577,3308997.3333333335,Utilities,Electric Utilities,HKEX:2,HK,260418090.13333336,1.8292666238036501,9.814234001437713,1.8687870207494497,2.1147619555892727,stable_or_general,True,0.28,2.1092666238036504,reject_valuation
241,Alibaba Health Information Technology Ltd.,3.145,50854600551.0,24.02597402597403,2.5028052109279875,11.2273498733761,8.66543615793806,1730856460.0,,67816674.5321148,14.032288891949726,37.05245471122182,36.49635036496349,0.0,85299964.6,Technology Services,Information Technology Services,HKEX:241,HK,268268388.667,2.1399505935900205,10.417081148186757,2.306401734247419,7.216918812789208,technology_strict,True,0.0,2.1399505935900205,reject_valuation
867,China Medical System Holdings Ltd.,11.26,27469092194.0,15.807946090130562,1.3208691459748096,8.75303095339548,7.92854102723973,,,1020430373.8615301,14.803759061986488,-3.1867654381689197,-2.8770111808017464,2.89520426287744,6205846.766666623,Health Technology,Pharmaceuticals: Major,HKEX:867,HK,69877834.59266618,1.8059968226204357,8.355729064634609,1.8918691556236853,4.539020721807818,health_special,False,0.35,2.155996822620436,reject_valuation
6680,"JL MAG Rare-Earth Co., Ltd. Class H",17.34,39901981462.0,24.849527085124677,2.6340214093989296,11.4321899418187,5.72358980002745,2011600240.0,,7214002305.09655,32.98254336925262,88.24792533406051,84.84768211920529,2.58511534025375,3061956.199999995,Producer Manufacturing,Metal Fabrication,HKEX:6680,HK,53094320.50799991,2.173645400539196,10.599885464120952,2.3443203390486302,7.28035907322705,cyclical,True,0.0,2.173645400539196,reject_valuation
2476,"Victory Giant Technology (HuiZhou) Co., Ltd. Class H",220.2,216361346985.0,36.92957888205007,4.938325871647034,20.1865384881042,11.3934475239178,-5952291390.0,,16667382794.2663,52.377543138387786,84.2556525480665,,0.0,5540969.1,Electronic Technology,Electronic Components,HKEX:2476,HK,1220121395.82,1.829416118261803,13.372277781503078,2.7616520899028987,33.75645958625707,technology_strict,False,0.35,2.179416118261803,reject_valuation
1816,"CGN Power Co., Ltd. Class H",3.055,228668679304.0,14.209302325581396,1.0788534136617096,8.0931765678454,1.91586819123899,-18654875850.0,,408947213917.55,-18.88146227974452,6.90584712697863,4.21715947649054,3.22291325695581,36733527.53333333,Utilities,Electric Utilities,HKEX:1816,HK,112220926.61433333,1.755713866670804,7.592585398928562,1.8714708599242835,6.185348419379755,stable_or_general,False,0.43000000000000005,2.1857138666708043,reject_valuation
470,Wuxi Lead Intelligent Equipment Co. Ltd. Class H,30.1,63854140185.0,25.12101485561676,2.4077630761133104,11.6302213080494,3.9924892279461806,7065322540.0,,8298058655.654109,30.55483486714014,227.27782715947362,,1.09160132890365,1453401.4,Producer Manufacturing,Industrial Machinery,HKEX:470,HK,43747382.14,2.159977371903511,9.584656869764014,2.6209613131654312,17.58835351541961,cyclical,True,0.1,2.2599773719035112,reject_valuation
728,China Telecom Corp. Ltd. Class H,4.87,638119661483.0,13.302376399890742,0.8171387726474961,6.339725096467521,3.35931522182389,77502495730.0,,73286565862.2005,0.28813226364879224,-9.238537441117339,-9.24640555280119,6.22533880903491,69764541.7,Communications,Wireless Telecommunications,HKEX:728,HK,339753318.079,2.098257605413016,6.142802970559513,2.1655222320567287,3.106161906258864,stable_or_general,True,0.2,2.298257605413016,reject_valuation
501,"Omnivision Integrated Circuits Group, Inc. Class H",73.3,118989438067.0,25.461113619785337,2.442626600037056,10.915868222359,6.87089659899456,482863740.0,,13765125377.7143,8.450057288310594,-16.29904247375922,,0.155839017735334,588033.2666666667,Electronic Technology,Semiconductors,HKEX:501,HK,43102838.446666665,2.332486349334382,9.59355759733517,2.6539803781297713,12.113655076151774,technology_strict,True,0.1,2.4324863493343822,reject_valuation
3759,"Pharmaron Beijing Co., Ltd. Class H",29.44,84538399134.0,27.69259712162544,2.8626909878714866,11.0640698347943,6.21670365891576,83954760.0,,8036677048.103971,20.393445761215904,28.07553740527156,26.363960537263743,0.781002038043478,9910388.433333334,Health Technology,Pharmaceuticals: Major,HKEX:3759,HK,291761835.47733337,2.5029304347427135,10.337387191597069,2.6788778061961214,6.567950618966256,health_special,True,0.0,2.5029304347427135,reject_valuation
1211,BYD Company Limited Class H,91.95,893303819645.0,25.514026471322737,3.0191759537657283,12.927066597925302,3.23699766435406,-62925200520.0,,237139156331.078,-5.2162374992797735,-27.532160427150437,-29.998251850125286,0.447427949972811,16287557.533333328,Producer Manufacturing,Electrical Products,HKEX:1211,HK,1497640915.1899996,1.9736903401903683,11.833396650110176,2.1561033763780064,8.460310307294726,cyclical,False,0.53,2.503690340190368,reject_valuation
2465,"Jiangsu Lopal Tech Group Co., Ltd. Class H",10.15,8958647840.449999,18.324607329842934,1.1830898577145035,8.17112544354611,1.51838000838993,-3824775000.0,,17695850741.1658,68.10373457709804,,,0.0,6025605.466666667,Process Industries,Chemicals: Specialty,HKEX:2465,HK,61159895.48666667,2.24260506786326,6.456290366384861,2.8382563809786676,20.98652246877075,cyclical,False,0.35,2.59260506786326,reject_valuation
9936,Ximei Resources Holding Ltd.,16.0,6625600098.0,30.941790756140012,3.8434560356672725,13.15275731469,6.458396719627391,-241130380.0,,1412609211.3792598,23.240743836401318,38.10582450340161,37.819829424307045,0.41125,1475360.0,Non-Energy Minerals,Other Metals/Minerals,HKEX:9936,HK,23605760.0,2.352494615070702,12.421569475272165,2.490972724319288,5.559198135596932,cyclical,False,0.25,2.602494615070702,reject_valuation
2451,Luyuan Group Holding (Cayman) Limited,13.08,5357306193.0,27.618243243243242,2.873796817291996,10.951332714088903,3.67855088621895,327938540.0,,2781717299.28522,16.433190523505218,49.64672986435949,54.31736722059303,1.14678899082569,1161027.1333333333,Consumer Durables,Motor Vehicles,HKEX:2451,HK,15186234.904,2.521907055906752,10.405429454659705,2.6542146447281314,4.984811197699191,stable_or_general,True,0.1,2.621907055906752,reject_valuation
2343,Pacific Basin Shipping Limited,4.175,21091073522.0,19.909394372913685,1.438013853153814,7.45577025901671,5.94641411545564,1178670360.0,,1123499135.3,-6.236240347636333,38.615825615294874,42.16949152542374,1.82035928143713,25543082.333333336,Transportation,Marine Shipping,HKEX:2343,HK,106642368.74166667,2.670333671941683,7.222790539074366,2.7564684681365774,3.1248242884172384,cyclical,True,0.08,2.750333671941683,reject_valuation
136,China Ruyi Holdings Limited,1.43,24024878114.0,15.310492505353318,0.8493249945061145,6.256907232002859,4.6632699029127,,,5267355688.56664,-40.47460591394861,26.118207160026348,15.594059405940595,0.0,64464508.33333335,Technology Services,Internet Software/Services,HKEX:136,HK,92184246.91666669,2.44697450955372,5.547339474606371,2.7599703561390068,11.34055102762569,technology_strict,False,0.43000000000000005,2.8769745095537202,reject_valuation
2218,"Yantai North Andre Juice Co., Ltd. Class H",21.2,21996118185.0,25.16320474777448,2.2226043051426028,9.28698729693931,8.59529029347518,224859890.0,,0.0,-13.680050579531965,-20.38453566289962,-19.9068352504991,1.61792452830189,2402545.6,Consumer Non-Durables,Food: Specialty/Candy,HKEX:2218,HK,50933966.72,2.7095121316756248,8.83275531642756,2.848851105495338,4.891058488487976,stable_or_general,True,0.18,2.889512131675625,reject_valuation
1276,"Jiangsu Hengrui Pharmaceuticals Co., Ltd. Class H",47.94,362331544626.0,36.53963414634146,4.24707072604179,12.5000850700587,11.4930374856757,6317356980.0,,836303592.131448,7.517347905409785,9.16788141006572,,0.476178556528995,5596527.8,Health Technology,Pharmaceuticals: Major,HKEX:1276,HK,268297542.73199996,2.9231508378982474,11.623188970727636,3.1436840817407794,7.0151210525077445,health_special,True,0.0,2.9231508378982474,reject_valuation
9618,"JD.com, Inc. Class A",110.5,266291241455.0,19.028103044496486,1.2270103509704875,6.672782299567221,2.07733141534098,36725573950.0,,121706988740.531,7.532241338109323,-59.856969807389504,-57.89137843521137,3.54343891402715,9673595.633333333,Retail Trade,Internet Retail,HKEX:9618,HK,1068932317.4833332,2.8515995562646483,6.448411321407978,2.950820302254199,3.362480118282818,hybrid_platform,True,0.2,3.0515995562646485,reject_valuation
1880,China Tourism Group Duty Free Corporation Limited Class H,49.48,121516413906.0,22.31442229638315,1.5483392903298887,7.25559062412377,5.05856190015692,5236182600.0,,11795816825.9205,3.2461232632355475,19.402458775584257,19.010304851867758,1.60051535974131,1109375.7666666666,Retail Trade,Discount Stores,HKEX:1880,HK,54891912.93466666,3.075479785503744,6.938737959534146,3.2159194404685807,4.367014086160504,stable_or_general,True,0.0,3.075479785503744,reject_valuation
3738,Vobile Group Ltd.,2.8,7196660229.0,26.340545625587957,1.9981445800328266,8.85634048143597,5.08423902321343,,,1919798000.0,20.339835256068074,41.450021365737214,29.16160388821386,0.0,20571686.9,Technology Services,Packaged Software,HKEX:3738,HK,57600723.31999999,2.9742020059866863,7.585813173481767,3.472343046579154,14.345962766646025,technology_strict,False,0.25,3.2242020059866863,reject_valuation
9611,"Shanghai Longcheer Technology Co., Ltd. Class H",22.58,16910693491.000002,21.663628513863568,1.3769384158500366,7.384086622222511,1.69836950687575,-494958990.0,,16298691601.978,-4.010130823954637,-4.437402427737365,,2.53024800708592,777386.6666666666,Electronic Technology,Telecommunications Equipment,HKEX:9611,HK,17553390.93333333,2.933826432732598,6.355991633483142,3.4083790166966756,13.923116579446715,technology_strict,False,0.53,3.4638264327325983,reject_valuation
285,"BYD Electronic (International) Co., Ltd.",24.76,55789346160.0,22.780384579998163,1.3955585616052306,6.432333492751139,2.65829969456708,5285921040.0,,10226254405.5841,4.288455747875652,-49.59908189969088,-49.39001676289813,0.724071082390953,9691089.733333332,Electronic Technology,Electronic Production Equipment,HKEX:285,HK,239951381.79733333,3.541542832887989,6.126141359485965,3.718553530392193,4.760203021348863,technology_strict,True,0.2,3.741542832887989,reject_valuation
2269,Wuxi Biologics (Cayman) Inc.,50.65,209943910085.0,38.29578103735067,3.777457416905259,10.675038614338,7.892438051296251,,,3150138564.0050697,21.92506549587274,23.560679963067066,24.08293460925039,0.0,38243299.66666662,Health Technology,Biotechnology,HKEX:2269,HK,1937023128.1166642,3.587413818430065,9.863899663571363,3.8824179425488143,7.598463856394577,health_special,False,0.25,3.837413818430065,reject_valuation
9626,Bilibili Inc. Class Z,131.8,55159061185.0,35.170113408939294,2.9920388610910775,10.0695270545906,3.7324165031228804,,,10995893815.3241,10.649627366521486,620.2384069267613,594.7534297367446,0.0,3314273.0,Technology Services,Packaged Software,HKEX:9626,HK,436821181.40000004,3.4927274357841447,8.507333559892878,4.134093621854195,15.514070186499286,technology_strict,False,0.35,3.8427274357841448,reject_valuation
9988,Alibaba Group Holding Limited,113.9,2264900195576.0,27.4788902291918,1.8043561498049663,7.0356650617965,3.808542241763,,,308035132269.284,8.060483111222503,-49.06520614946178,-50.35452498442965,0.903089552238806,101703435.56666666,Retail Trade,Internet Retail,HKEX:9988,HK,11584021311.043333,3.9056563932245076,6.566335593451786,4.184813559726502,6.670719316829931,hybrid_platform,False,0.44999999999999996,4.355656393224508,reject_valuation
2423,"KE Holdings, Inc. Class A",47.48,161875788835.0,30.018334703167476,2.08678989040837,7.087285618965901,4.03252081295812,,,16628785375.047901,-10.922086916115244,27.1129430893891,31.929268496121445,1.5186099410278,8860941.6,Finance,Real Estate Development,HKEX:2423,HK,420717507.168,4.235519254767585,6.951717712002779,4.318117614490885,1.9128325603293805,financial_special,False,0.43000000000000005,4.665519254767585,reject_valuation
1177,Sino Biopharmaceutical Limited,5.595,99629590585.0,36.568627450980394,2.780428171029876,7.46907593027349,3.10983209362117,,,19845447415.7688,14.57495562392294,-31.00135210470856,-31.35935397039031,1.78731009830206,83882180.40000013,Health Technology,Pharmaceuticals: Major,HKEX:1177,HK,469320799.33800066,4.896004243679095,7.603315641958374,4.809563244905807,1.797273356678386,health_special,False,0.44999999999999996,5.346004243679095,reject_valuation
6613,Lens Technology Co. Ltd. Class H,24.8,229126140212.0,34.22105698909894,2.139404641645409,6.73010242350761,4.181440108291,2196552430.0,,13753709823.4132,-1.8501449143606519,-9.761277914417956,,0.0,13748358.8,Consumer Durables,Home Furnishings,HKEX:6613,HK,340959298.24,5.084775065171079,6.251719934679144,5.473862768431141,7.108101165853276,stable_or_general,True,0.28,5.364775065171079,reject_valuation
1304,"Fortior Technology (Shenzhen) Co., Ltd. Class H",117.4,20701168740.0,39.504677299952895,2.234360853845584,7.594539881521621,7.36880584126804,-260266300.0,,49817027.509808,43.96605564464177,44.96713458833197,,0.75809199318569,214785.33333333334,Producer Manufacturing,Electrical Products,HKEX:1304,HK,25215798.133333337,5.2017209621971,5.655940021685099,6.984635117856694,25.526231872892737,cyclical,False,0.25,5.4517209621971,reject_valuation
2525,Hesai Group Class B,17.35,21811340244.0,38.165420149582054,2.09511204924902,7.2746061592578,5.61656985639908,,,922517431.956849,38.53294054198298,394.5213556840336,324.8598130841122,0.0,6634289.966666667,Producer Manufacturing,Auto Parts: OEM,HKEX:2525,HK,115104930.92166668,5.24638988201609,5.489555836245558,6.95236942442402,24.538102598730426,cyclical,False,0.25,5.49638988201609,reject_valuation
2318,"Ping An Insurance (Group) Company of China, Ltd. Class H",56.9,1113747046991.0,5.745385516377882,0.8671443428051708,16.1028320470483,1.14228089644617,790426981810.0,,2926193913967.3203,10.71917851782039,37.97868301532806,38.289464497661115,5.36339191564148,30943157.9,Finance,Multi-Line Insurance,HKEX:2318,HK,1760665684.5099998,0.35679348201554584,15.092883503348489,0.38066851275326,6.271869077122593,financial_special,True,0.1,0.4567934820155458,watch
1339,People's Insurance Co. (Group) of China Ltd. Class H,5.4,342796304564.0,3.885451144049504,0.6058933223823726,18.1176682189162,2.83963048121774,151093871470.0,,214305911442.21402,11.322297515813107,30.803556376697376,25.455858458205455,4.61018518518518,26691128.466666665,Finance,Multi-Line Insurance,HKEX:1339,HK,144132093.72,0.21445646852020409,15.593898878648544,0.24916482877605012,13.929879440184544,financial_special,True,0.25,0.46445646852020406,watch
2601,"China Pacific Insurance (Group) Co., Ltd. Class H",30.16,337395915220.0,4.589096331461786,0.7864929741090998,18.6583339139071,1.77853889191089,304124297960.0,,224020927845.07898,11.903343024651473,22.70692961173107,22.707668179017524,4.38231100795756,8791413.566666666,Finance,Multi-Line Insurance,HKEX:2601,HK,265149033.17066666,0.24595423967845678,17.138297331374055,0.26776850948085734,8.146689782414484,financial_special,True,0.25,0.49595423967845675,watch
1530,"3SBio, Inc.",16.96,43048539629.0,4.642759375855461,1.3534542610666431,36.657115579207,27.0913290121645,,,1603171868.11389,101.73124275980192,257.92635551181803,254.694630546655,1.47405660377358,24358955.3,Health Technology,Biotechnology,HKEX:1530,HK,413127881.888,0.12665370153916233,29.1519364131866,0.15926075407311033,20.474003607303892,health_special,False,0.4,0.5266537015391624,watch
2400,"XD, Inc.",42.86,20642978835.0,12.571126884495804,4.464755412448189,42.0412856755701,29.4254966337135,,,130337935.980193,5.883559395488523,13.6153099602686,12.295378940087627,0.933271115258983,2787956.933333333,Technology Services,Packaged Software,HKEX:2400,HK,119491834.16266665,0.29901861188324214,35.51595217732351,0.35395719708515405,15.521251059261532,technology_strict,False,0.25,0.5490186118832421,watch
6066,"CSC Financial Co., Ltd. Class H",12.22,209247970214.0,6.718715636683528,0.9365391277157336,14.953643553561,1.69432477936504,86683180980.0,,487297682823.293,5.6554114394343555,47.30523573945085,47.30703814691829,3.12602291325696,6796477.8,Finance,Investment Managers,HKEX:6066,HK,83052958.716,0.44930291487946833,13.939258310060362,0.4819995072359365,6.7835323201820845,financial_special,True,0.1,0.5493029148794684,watch
991,"Datang International Power Generation Co., Ltd. Class H",2.505,100482650181.0,7.159188339525579,1.2213197078583755,18.4678068836473,1.8112348440864703,5682476310.0,,273780564621.812,-2.047812602531371,96.12909082637957,96.13228699551568,6.67465069860279,29924425.4,Utilities,Electric Utilities,HKEX:991,HK,74960685.62699999,0.3876577432626735,17.059471687810202,0.4196606126226732,7.625893018646057,stable_or_general,True,0.18,0.5676577432626735,watch
1478,Q Technology (Group) Co. Ltd.,5.76,6882570977.0,4.267615025561236,0.9381642276025507,24.470044682938,8.11240467414755,-235075630.0,,8855956311.57338,31.138791265049516,216.77946929917633,214.98249708284712,9.54861111111111,7125014.866666666,Electronic Technology,Electronic Components,HKEX:1478,HK,41040085.632,0.17440160330139798,21.983337812416018,0.1941295294634885,10.162248997672918,technology_strict,False,0.4,0.574401603301398,watch
6963,Sunshine Insurance Group Co. Ltd.,3.45,39680253317.0,4.643337819650068,0.6204466856457411,13.6592478769197,1.14123459845748,102195954890.0,,38119246492.4691,7.535164424367904,39.13636911653555,39.13857677902621,6.33489855072464,8067984.8,Finance,Multi-Line Insurance,HKEX:6963,HK,27834547.560000002,0.3399409587914432,13.362083693761901,0.3475010279884576,2.175553045346823,financial_special,True,0.25,0.5899409587914433,watch
1378,China Hongqiao Group Ltd.,23.5,230755863281.0,7.6452599388379205,1.5000121277576288,22.442331849913,11.6700120879165,,,67290553752.0379,6.877135633506964,11.776113156377386,5.0871794871794895,7.02127659574468,37569774.833333336,Non-Energy Minerals,Aluminum,HKEX:1378,HK,882889708.5833334,0.3406624583384172,19.620158631069785,0.3896635130529046,12.575222742970682,cyclical,False,0.25,0.5906624583384172,watch
9961,Trip.com Group Ltd.,348.8,226574736797.0,7.028474591298636,1.2842015776755105,20.0431517579795,12.21458179332,,,35603328537.1008,19.462330160959834,87.33605161616605,86.06849335612947,0.668480504587156,2549970.2666666666,Consumer Services,Other Consumer Services,HKEX:9961,HK,889429629.0133333,0.35066713439918384,18.27141239530655,0.3846705683849634,8.83962454641194,stable_or_general,False,0.25,0.6006671343991838,watch
1681,Consun Pharmaceutical Group Ltd.,14.13,11612728175.0,9.14740726354632,2.161092384022905,25.5812880500079,18.0274101202991,,,265210933.150588,15.047188942407766,20.573157228218687,20.972668180750258,5.16631280962491,1617521.8,Health Technology,Pharmaceuticals: Major,HKEX:1681,HK,22855583.034,0.35758196560174754,23.625190414721736,0.3871887211476708,7.646595556338909,health_special,False,0.25,0.6075819656017476,watch
1133,Harbin Electric Co. Ltd. Class H,16.58,37077455642.0,9.95018904158915,1.7082111588018205,18.9305940146577,3.9523151047633807,7049798220.0,,7597429619.07465,13.477776996242996,55.89041902764082,55.889231920666106,2.45288299155609,6651129.433333334,Producer Manufacturing,Electrical Products,HKEX:1133,HK,110275726.00466666,0.5256142006893632,17.167625174375594,0.579590300960252,9.31280254025343,cyclical,True,0.1,0.6256142006893631,watch
1208,MMG Ltd.,9.5,122041007812.0,14.402668283808369,2.7158531495320157,22.4369837665263,6.36405946416614,18177005580.0,,24352702070.0,48.10534458847126,122.67230409088414,107.09576138147565,0.0,58080170.866666675,Non-Energy Minerals,Other Metals/Minerals,HKEX:1208,HK,551761623.2333333,0.6419164195008995,18.856597236119132,0.7637999636657974,15.957521597661184,cyclical,True,0.0,0.6419164195008995,watch
2666,Genertec Universal Medical Group Company Limited,4.58,9225057986.0,3.730249226258348,0.39983657334818606,11.5789453287607,2.52719297280532,1229319650.0,,59202439698.846,-0.34389061390419806,7.264090769193373,6.774502130620061,7.86026200873362,6011395.1,Finance,Finance/Rental/Leasing,HKEX:2666,HK,27532189.558,0.32215794447123436,10.718762985958579,0.34801116799997533,7.428848814628508,financial_special,True,0.32999999999999996,0.6521579444712343,watch
1038,CK Infrastructure Holdings Limited,65.0,155255467529.0,6.507027589796981,1.1071169737213011,18.4253294289898,14.358942176861,,,31269000000.0,-9.356477561388655,208.74631992149168,208.74698646226128,4.01538461538462,1365621.1333333333,Utilities,Electric Utilities,HKEX:1038,HK,88765373.66666667,0.3531566485622254,17.014173652148955,0.3824474654386238,7.6587817996924485,stable_or_general,False,0.33,0.6831566485622254,watch
1508,China Reinsurance (Group) Corp. Class H,1.235,52462562875.0,4.351656095842142,0.40329822842681035,9.74447466094762,2.04388701429533,25968475530.0,,87609435436.11281,10.913718187895647,0.9047977521382915,0.9246088193456583,6.4336032388664,12574438.1,Finance,Multi-Line Insurance,HKEX:1508,HK,15529431.0535,0.44657677784129585,9.267695322067107,0.4695510528362439,4.892817267936211,financial_special,True,0.25,0.6965767778412959,watch
2691,"Nanhua Futures Co., Ltd. Class H",6.765,13602984433.0,6.676206454159676,0.7139645772253215,12.6165713014253,1.03252839370776,19424030080.0,,1591406399.54003,-71.16680780017711,45.508602427219614,,0.808824833702883,2318401.6666666665,Finance,Investment Banks/Brokers,HKEX:2691,HK,15683987.274999999,0.5291617107894806,10.694165648224956,0.6242849300981053,15.237148090964848,financial_special,True,0.18,0.7091617107894805,watch
883,CNOOC Limited,25.44,1250213737084.0,7.7829106372564025,1.222163238540418,16.78691704247,11.8794110184119,,,78690939429.304,10.531513069035286,12.717803724573292,12.725454357347305,5.0314465408805,67452735.83333327,Energy Minerals,Integrated Oil,HKEX:883,HK,1715997599.5999985,0.4636295406456144,15.703164220979025,0.49562690217928396,6.455937196503325,cyclical,False,0.25,0.7136295406456143,watch
2669,China Overseas Property Holdings Limited,3.535,11608800470.0,7.9905063291139244,1.6108159340909713,21.7995170526981,9.84452237345868,,,111080106.05934499,10.958557347443662,-12.746578996422508,-12.75882468941037,5.37482319660537,6132629.266666667,Finance,Real Estate Development,HKEX:2669,HK,21678844.45766667,0.3665451078479259,20.159122185059285,0.3963717395907249,7.524913802784383,financial_special,False,0.35,0.7165451078479259,watch
168,"Tsingtao Brewery Co., Ltd. Class H",41.48,68672948743.0,10.849833904423111,1.5617275839569762,15.1042625827292,8.50331182366777,3996805020.0,,381892773.60412097,1.0755101175886925,5.030766113743941,5.035990988515853,6.50916104146577,3444175.3,Consumer Non-Durables,Beverages: Alcoholic,HKEX:168,HK,142864391.44399998,0.7183292693037019,14.394022965829114,0.7537735579677912,4.702246223607098,stable_or_general,True,0.0,0.7183292693037019,watch
6806,"Shenwan Hongyuan Group Co., Ltd. Class H",2.57,126843506814.0,5.250255362614913,0.48425602634955744,9.73769895146278,1.44102396090559,19081279320.0,,474882554457.535,-3.0277411277397657,54.197684088674905,54.22180214240705,4.8484046692607,7185761.9,Finance,Investment Banks/Brokers,HKEX:6806,HK,18467408.083,0.539167968611951,9.223475676969198,0.5692274307964705,5.28074730032948,financial_special,True,0.18,0.719167968611951,watch
3968,"China Merchants Bank Co., Ltd. Class H",49.02,1172016902361.0,7.2930149520196395,0.9341990015390843,13.4714129690004,1.13775242116766,207907296800.0,,2219987574667.68,-0.16480118222943,5.6918233384368,5.6922714049846705,4.63456956344349,10924243.300000012,Finance,Major Banks,HKEX:3968,HK,535506406.56600064,0.5413697114624786,12.809503445216144,0.5693440798240543,4.913437998726666,financial_special,True,0.18,0.7213697114624786,watch
142,First Pacific Co. Ltd.,5.05,21498856867.0,4.833923614434766,0.6177339805065174,12.9873021805836,1.8786259502868903,12525644350.0,,102599108560.0,4.56744628688281,-19.723061457609433,-20.081089351285186,5.24752475247525,3037339.000000016,Miscellaneous,Miscellaneous,HKEX:142,HK,15338561.95000008,0.3722038301119708,12.77914236505265,0.37826666894753314,1.6027948887041066,stable_or_general,True,0.35,0.7222038301119708,watch
590,Luk Fook Holdings (International) Limited,23.86,14008392182.0,6.847467355431195,0.932999966371334,14.500206521471402,10.1847526641997,-102938000.0,,4751020000.0,28.96230838160763,86.00399685779333,85.99871890680049,4.61022632020117,1430874.1,Retail Trade,Specialty Stores,HKEX:590,HK,34140656.026,0.47223240202073696,13.625475200422942,0.5025488839624944,6.0325438796556945,stable_or_general,False,0.25,0.7222324020207369,watch
9981,"Shenzhen Woer Heat-Shrinkable Material Co., Ltd. Class H",10.13,13958847779.89,10.912420553700313,1.3233561251923636,15.0743783127858,8.47368396246638,215879340.0,,3897650979.35573,22.247131324046006,21.068444607753538,8.712964047312335,1.8670286278381,1534529.5,Producer Manufacturing,Electrical Products,HKEX:9981,HK,15544783.835,0.7239051805171034,12.127063089990829,0.899840338317937,19.5518193960617,cyclical,True,0.0,0.7239051805171034,watch
300,Midea Group Co. Ltd. Class H,98.75,755146408310.0,15.107242297218738,3.0561004096876676,20.6201247066318,6.90224555855849,62991721920.0,,151700641049.17102,9.406297243700939,5.201802030969445,5.659096419623379,4.97646582278481,4551816.066666666,Consumer Durables,Electronics/Appliances,HKEX:300,HK,449491836.5833333,0.7326455349884465,20.229373101736112,0.7467973535928415,1.8950011721801885,stable_or_general,True,0.0,0.7326455349884465,watch
6693,Chifeng Jilong Gold Mining Group Limited Class H,43.8,104777212499.0,20.89993796822064,5.091815429828273,28.315124865128897,15.0980097957997,3584623930.0,,890682960.3093209,48.73654844226314,78.79308494927061,58.0944477972239,0.834817351598173,9591612.966666667,Non-Energy Minerals,Precious Metals,HKEX:6693,HK,420112647.94,0.7381192231279782,24.362825562308476,0.8578618237350417,13.9582619594513,cyclical,True,0.0,0.7381192231279782,watch
1299,AIA Group Limited,75.5,781171662109.0,12.662473794549266,2.438465878756893,19.6090421761971,2.31248619936695,11038209320.0,,165914251850.0,13.30966599528326,32.3955451642572,36.57290759998168,2.55735099337748,28326481.9,Finance,Multi-Line Insurance,HKEX:1299,HK,2138649383.4499998,0.6457466754760673,19.257420929917846,0.6575373639404206,1.7931587026013718,financial_special,True,0.1,0.7457466754760673,watch
2507,Cirrus Aircraft Limited,47.88,17523544137.0,13.842150910667824,2.4068102475425452,18.5600255280569,10.6442541410917,1269759400.0,,216056319.55,14.044373337919208,8.271381217035776,8.269688243395525,1.95739348370927,917174.5666666667,Electronic Technology,Aerospace & Defense,HKEX:2507,HK,43914318.252000004,0.745804518950842,17.38754520937691,0.7960957538274528,6.317234407396555,technology_strict,True,0.0,0.745804518950842,watch
6690,"Haier Smart Home Co., Ltd. Class H",21.28,215627599687.0,9.796519657490101,1.4427627279063397,15.1372927277349,5.78729124627148,17950448640.0,,84365738119.5501,0.5890393739793509,-8.946596767986561,-7.186805674243706,4.93984022556391,12577430.4,Consumer Durables,Electronics/Appliances,HKEX:6690,HK,267647718.91200003,0.6471777902227318,14.7272988607056,0.6651945988295602,2.708501938910779,stable_or_general,True,0.1,0.7471777902227318,watch
999,Xiaocaiyuan International Holding Ltd.,7.695,9053312359.0,13.02912292583813,3.253631001458743,25.8145146964274,15.5930643871414,,,1541021651.3543801,,,,7.48667966211826,2609262.7333333334,Consumer Services,Restaurants,HKEX:999,HK,20078276.733000003,0.5047208161399717,24.971987907232403,0.5217495288817046,3.2637715607010676,stable_or_general,False,0.25,0.7547208161399717,watch
3606,"Fuyao Glass Industry Group Co., Ltd. Class H",55.25,167553354807.0,15.241379310344827,3.2674056621626737,22.7425379801769,11.9014808123063,6400991160.0,,29266652182.3678,13.0566599339307,-0.40550323627570173,-0.40661574811803247,4.26468235294118,2678767.7,Consumer Durables,Home Furnishings,HKEX:3606,HK,148001915.425,0.6701705554423911,21.437729457628404,0.7109605212841854,5.737303917820458,stable_or_general,True,0.1,0.7701705554423911,watch
1919,"COSCO SHIPPING Holdings Co., Ltd. Class H",17.2,293901209397.0,8.004840135896124,1.0179990518404178,13.1472454713656,6.25757605506509,24176366770.0,,85272760965.5679,-6.119391262673013,-37.320089924585716,-35.70616397366847,6.50048837209303,19784283.76666676,Transportation,Marine Shipping,HKEX:1919,HK,340289680.78666824,0.60886062813161,12.717293969125032,0.6294452385334667,3.2702781976421624,cyclical,True,0.18,0.78886062813161,watch
220,Uni-President China Holdings Ltd.,7.5,32395004883.0,13.307310149041873,2.1640462471109982,16.7711186484652,8.86050612692986,2614991980.0,,2953960184.35906,3.654160363849562,4.0188097909514635,4.004428861413533,7.32933333333333,7193498.400000012,Consumer Non-Durables,Beverages: Non-Alcoholic,HKEX:220,HK,53951238.00000009,0.7934658640233091,16.262086198290113,0.8183027679708818,3.035172911508033,stable_or_general,True,0.0,0.7934658640233091,watch
6030,CITIC Securities Co. Ltd. Class H,27.44,491349295015.0,9.413379073756433,1.1908977911102778,13.5192838633201,1.7870448730641701,26741318350.0,,928562433917.665,101.97625198426337,67.41661064721654,67.41327819894325,2.88479956268222,12923037.266666671,Finance,Investment Banks/Brokers,HKEX:6030,HK,354608142.5973335,0.6962927303639493,12.651119027283016,0.7440748168961044,6.421677692503724,financial_special,True,0.1,0.7962927303639493,watch
6198,Qingdao Port International Co Ltd Class H,7.09,64845044892.0,7.9235583370585605,0.843656925542814,11.3017477233974,7.48210377733743,2964039650.0,,5901739023.68541,6.41820532031227,-0.982918474167119,-0.9738822487826383,5.48956276445698,2309215.1,Transportation,Other Transportation,HKEX:6198,HK,16372335.059,0.7010914179808531,10.647450168909872,0.7441742587530519,5.789348430888886,stable_or_general,True,0.1,0.801091417980853,watch
1913,Prada S.p.A.,41.64,106549428741.0,14.752355983844682,2.5918846125835877,18.0470570729909,8.28580317211055,9936140080.0,,43287819231.733406,15.286321844274442,1.3930156723860998,1.3937782886701693,3.6084269932757,1784748.8,Consumer Non-Durables,Consumer Sundries,HKEX:1913,HK,74316940.032,0.8174383182908507,17.569292765318046,0.8396670361692632,2.6473252993025165,stable_or_general,True,0.0,0.8174383182908507,watch
6049,"Poly Property Services Co., Ltd. Class H",28.24,15626135133.0,8.736272235112143,1.261590077040088,15.3907842880511,8.70048917887383,,,103302083.171221,7.890308891151145,9.01460627489196,8.648158107018011,5.6907223796034,573117.2333333333,Finance,Real Estate Development,HKEX:6049,HK,16184830.669333331,0.5676300876944067,14.44082834288982,0.6049702986334292,6.1722387071515,financial_special,False,0.25,0.8176300876944067,watch
6881,"China Galaxy Securities Co., Ltd. Class H",7.96,133400163812.00002,7.109047066178441,0.6627230758343359,9.83012548906845,1.408886202649,45166731420.0,,444700930663.838,12.255236165805119,28.084797380842634,28.082818576984664,4.97159547738694,16522205.833333334,Finance,Investment Banks/Brokers,HKEX:6881,HK,131516758.43333334,0.7231898589783037,9.322249095624445,0.7625892628759718,5.166530112039636,financial_special,True,0.1,0.8231898589783037,watch
175,Geely Automobile Holdings Limited,18.08,196142927297.0,10.469627656494294,1.7941669726409382,17.9748774820255,5.75584051514803,,,8652988053.164999,34.63497177287369,12.951400374586427,6.690967502780184,2.76548672566372,45528177.833333336,Consumer Durables,Motor Vehicles,HKEX:175,HK,823149455.2266667,0.582458916171401,17.136874696093123,0.6109414839148686,4.662077873801163,stable_or_general,False,0.25,0.832458916171401,watch
1044,"Hengan International Group Co., Ltd.",22.22,25793440109.0,9.437247823317053,1.0191674108606918,11.0751309443224,5.31020152853521,1692582540.0,,24755274089.461502,2.1925350653419615,10.746542275375708,10.779147454596776,7.01494149414942,4286637.5,Consumer Non-Durables,Household/Personal Care,HKEX:1044,HK,95249085.25,0.8521116247528434,10.79941345126687,0.8738667026596687,2.489519035410359,stable_or_general,True,0.0,0.8521116247528434,watch
6099,"China Merchants Securities Co., Ltd. Class H",16.13,182556152043.0,7.283482344441434,0.9649316441944674,14.1663588764436,2.20833566992993,-21489779030.0,,437823909787.755,97.85056393359373,74.02779873077507,74.02168788307402,4.00495970241786,6041149.066666666,Finance,Investment Managers,HKEX:6099,HK,97443734.44533332,0.5141393358707512,13.24821834614425,0.5497707053236491,6.481132790064137,financial_special,False,0.35,0.8641393358707512,watch
1209,China Resources Mixc Lifestyle Services Ltd.,40.42,92258645821.0,21.43955869092452,5.3571191899378405,24.7257411777761,13.6348932734119,4354455050.0,,2467011353.07628,5.893435433844747,9.361459758819269,9.35614849187935,2.88223651657595,4555612.333333333,Finance,Real Estate Development,HKEX:1209,HK,184137850.51333332,0.8670946822898375,24.987077706060887,0.8580258541287573,1.0569411303216203,financial_special,True,0.0,0.8670946822898375,watch
921,Hisense Home Appliances Group Co. Ltd. Class H,21.76,38770998451.0,9.665526584639986,1.4935832888896212,16.43522103119,3.5926252037109,3271636320.0,,25187690662.417,-5.250751782642988,-15.66582501309435,-16.027601641178663,6.72771599264706,756298.0666666667,Consumer Durables,Electronics/Appliances,HKEX:921,HK,16457045.930666668,0.588098363039791,15.452684091347445,0.6254917610107675,5.97823989089008,stable_or_general,True,0.28,0.868098363039791,watch
6655,Huaxin Building Materials Group Co Ltd Class H,15.05,48051784941.0,8.349514563106796,0.8153208815866957,10.7914446482711,4.46392382389712,5876943750.0,,31071937513.281597,18.04272160724882,28.491972650335455,28.02755877548122,4.08057142857143,2901061.8666666667,Non-Energy Minerals,Construction Materials,HKEX:6655,HK,43660981.093333334,0.773716108940472,9.764889628305774,0.8550546786421233,9.512674655008214,cyclical,True,0.1,0.873716108940472,watch
2259,Zijin Gold International Company Limited,161.2,431425895934.0,21.80794934927893,5.8907987696562465,38.9176811113979,23.8305003135569,,,4004401675.6,106.34666584316497,222.5563956903622,216.24026696329253,0.930521091811415,10355669.1,Non-Energy Minerals,Precious Metals,HKEX:2259,HK,1669333858.9199998,0.5603609651576078,27.01216274537534,0.807338144481326,30.591540980934152,cyclical,False,0.35,0.9103609651576078,watch
2314,Lee & Man Paper Manufacturing Limited,3.83,16449849672.0,6.571722717913521,0.4964664036129273,8.07779733059062,4.28966440182449,1078092000.0,,21914316000.0,13.688706141569847,83.56015114506393,83.55905511811022,4.15143603133159,9482336.4,Process Industries,Pulp & Paper,HKEX:2314,HK,36317348.412,0.8135538004929148,7.554585379258852,0.8698985302298938,6.477161160634271,cyclical,True,0.1,0.9135538004929148,watch
1258,China Nonferrous Mining Corp. Ltd.,17.49,68246606799.99999,15.19152262659602,3.155763734518895,22.4432297635746,10.9747019563844,,,677380594.9,10.774663550691596,30.256353859451234,30.267028739533824,1.85831903945112,16841477.5,Non-Energy Minerals,Other Metals/Minerals,HKEX:1258,HK,294557441.47499996,0.6768866507463149,20.773189179826208,0.7313043026320292,7.44117759048597,cyclical,False,0.25,0.9268866507463149,watch
9999,Netease Inc,192.2,612080551365.0,17.057304377923128,3.2043838371679514,20.3598852453452,14.6305400474007,57306169730.0,,14566942457.1138,10.150016996587716,-1.485915936917507,-1.895416869819606,2.4553756503642,7145277.733333333,Technology Services,Packaged Software,HKEX:9999,HK,1373322380.3466666,0.8377898093420183,18.785992007713194,0.9079799656531155,7.730363991083101,technology_strict,True,0.1,0.9377898093420183,watch
340,Tongguan Gold Group Ltd.,3.65,19394975922.0,17.962598425196852,3.9743896861865458,25.4954589441576,15.090645558923402,,,748286000.046906,64.96150776724275,118.8037408151505,83.22813345356175,0.876712328767123,18239631.0,Non-Energy Minerals,Precious Metals,HKEX:340,HK,66574653.15,0.704541089632476,22.125917376249483,0.8118351939828881,13.216242058197059,cyclical,False,0.25,0.954541089632476,watch
1513,Livzon Pharmaceutical Group Inc Class H,20.3,24445221692.0,9.607648255951537,1.1668463878344482,12.303320969732,6.966091852374411,3271086650.0,,4896917370.588619,-5.903096927149313,-20.066794547181097,-18.837629162985447,8.0935960591133,1273901.8666666667,Health Technology,Pharmaceuticals: Major,HKEX:1513,HK,25860207.893333334,0.7808987735577881,12.144974053474902,0.7910801796404505,1.287025809101916,health_special,True,0.18,0.9608987735577881,watch
1368,Xtep International Holdings Limited,3.78,10155097277.0,7.701711491442542,0.8309975267930749,12.3640994800582,7.2998637428429,,,2719133236.62192,10.471950602549983,-4.978086279049862,-8.976261127596437,7.27513227513228,10878172.8,Consumer Non-Durables,Apparel/Footwear,HKEX:1368,HK,41119493.184,0.6229092142023341,10.789777411376752,0.7137970690036525,12.73301036780431,stable_or_general,False,0.35,0.9729092142023341,watch
2057,"ZTO Express (Cayman), Inc. Class A",166.3,124096499117.0,11.640848668967305,1.7188690895657928,16.0392099056169,10.5973945602568,,,25471976714.4383,21.236339993748004,22.67170469572305,25.451368154835073,3.03630306674684,1375820.4333333333,Transportation,Air Freight/Couriers,HKEX:2057,HK,228798938.06333336,0.725774445092255,14.765840003985542,0.7883634568588885,7.939106159995002,stable_or_general,False,0.25,0.975774445092255,watch
667,China East Education Holdings Limited,4.045,8973001153.0,10.067197610751618,1.284436880009145,13.613206403474601,8.07291350555797,,,1686868248.4230802,16.175503204053836,30.404861061312754,28.00254858235106,7.41656365883807,5795160.966666667,Commercial Services,Miscellaneous Commercial Services,HKEX:667,HK,23441426.110166665,0.7395170037370543,12.758633829114325,0.7890498109428429,6.277526021659064,financial_special,False,0.25,0.9895170037370543,watch
3808,Sinotruk Hong Kong Ltd.,41.9,115685617787.0,13.007171017912023,2.119632246334655,17.3918925650939,5.13092476488734,,,48813740187.321396,38.32500741831162,37.15426562706293,36.69269286259866,3.86634844868735,10160101.766666668,Producer Manufacturing,Trucks/Construction/Farm Machinery,HKEX:3808,HK,425708264.0233334,0.7478870381259048,16.295874355889794,0.798187978984439,6.301891557241158,cyclical,False,0.25,0.9978870381259048,watch
177,Jiangsu Expressway Co. Ltd. Class H,9.695,66910848693.00001,9.348182431780929,1.0173084086652222,11.3598157901513,4.68444749429867,837768830.0,,44866283348.760506,-7.887342093865109,4.709023830587661,4.704694598687518,5.77617328519856,4133272.066666667,Transportation,Other Transportation,HKEX:177,HK,40072072.686333336,0.8229167272136216,10.88241929475711,0.8590169316748032,4.20250208465599,stable_or_general,True,0.18,1.0029167272136217,watch
2722,Chongqing Machinery & Electric Co. Ltd. Class H,1.95,7185048534.0,6.914893617021277,0.6605019815059445,10.3660009775651,4.53622194967294,,,4388600903.6608,19.904922593474357,67.16344859066706,67.16064018968582,3.80548717948718,10538892.4,Producer Manufacturing,Industrial Machinery,HKEX:2722,HK,20550840.18,0.6670743743886407,9.551874809470583,0.7239305115436849,7.8538114153810294,cyclical,False,0.35,1.0170743743886406,watch
700,Tencent Holdings Ltd,455.2,4106089479644.0,16.014917233978924,3.123577209551751,20.7532662758743,11.1387705583424,,,545302969228.048,15.9724417340515,17.0773973819533,18.231733948961125,1.16432337434095,26131846.999999996,Technology Services,Packaged Software,HKEX:700,HK,11895216754.399998,0.7716817690811536,19.504173289915247,0.821102078818154,6.018777812392473,technology_strict,False,0.25,1.0216817690811535,watch
1579,Yihai International Holding Ltd.,16.35,15861658881.0,15.485887478689145,3.1824445845887936,19.9796024148202,16.7641383111979,,,126787551.684499,11.127857135346073,28.009642872439667,28.006789524733282,5.55045871559633,2825379.0,Consumer Non-Durables,Food: Major Diversified,HKEX:1579,HK,46194946.650000006,0.7750848669141801,20.550611574366044,0.7535487410022181,2.857960572440077,stable_or_general,False,0.25,1.02508486691418,watch
2382,"Sunny Optical Technology (Group) Co., Ltd.",66.2,72311827624.0,13.485160212666274,2.1698728559394533,17.2480724095616,8.66178257663659,,,13253529101.0699,20.363840107412756,51.40277763212653,51.67928317627065,1.82175226586103,12789273.866666667,Electronic Technology,Electronic Components,HKEX:2382,HK,846649929.9733334,0.7818357838752272,16.09081999560781,0.838065444542119,6.7094593904433175,technology_strict,False,0.25,1.0318357838752272,watch
3877,CSSC (Hong Kong) Shipping Company Limited,2.315,14363753575.0,7.9091219678852065,0.9137664941759721,12.9678216631721,4.60318866460148,,,25315019000.0626,-3.094555518842246,4.14946415234328,-3.748766853008868,4.31965442764579,8394700.433333334,Transportation,Marine Shipping,HKEX:3877,HK,19433731.503166668,0.6099036656516242,11.553324096989504,0.6845754435250473,10.907749990113535,cyclical,False,0.43000000000000005,1.0399036656516243,watch
2858,Yixin Group Ltd.,1.24,8291780767.0,5.672461116193962,0.4193169867340279,8.13098118735541,2.55147742894508,-2683393290.0,,37477888985.616196,17.676157608569955,47.905982471391454,45.733333333333334,8.06451612903226,25739819.066666666,Finance,Finance/Rental/Leasing,HKEX:2858,HK,31917375.642666668,0.6976354987778446,7.392152685488588,0.7673625474930295,9.086584814828779,financial_special,False,0.35,1.0476354987778445,watch
902,"Huaneng Power International, Inc. Class H",5.64,113495663000.0,8.429233298460618,1.0873253339091273,13.4501949475253,1.51212808763724,,,463297428238.253,-3.2281598658516595,7.253434924908728,7.26194293042642,8.06294326241135,26543745.733333334,Utilities,Electric Utilities,HKEX:902,HK,149706725.936,0.626699711888675,12.899457108485766,0.6534564383268145,4.094645774192774,stable_or_general,False,0.43000000000000005,1.0566997118886752,watch
189,Dongyue Group Limited,13.89,23001905000.0,11.208844415752099,1.3686185328094025,13.3021764423819,7.77858275431581,,,34316914.3528752,7.791271725543031,52.955650230408004,48.478312964294275,2.15982721382289,26354733.333333332,Process Industries,Chemicals: Specialty,HKEX:189,HK,366067246.0,0.8426323665381357,12.210166204876971,0.9179927797604486,8.209259907466626,cyclical,False,0.25,1.0926323665381357,watch
2611,"Guotai Haitong Securities Co., Ltd. Class H",15.69,347599851143.0,7.584473340745395,0.6972589590443685,9.90289460680861,1.47206192028852,-69050121180.0,,1293791291605.11,37.61411039659527,43.31508724625386,-2.937174494440002,3.60609942638623,9916428.433333334,Finance,Investment Managers,HKEX:2611,HK,155588762.119,0.7658844854847577,9.193241609783845,0.8250053313810082,7.166116829485913,financial_special,False,0.35,1.1158844854847576,watch
2273,Gushengtang Holdings Limited,29.1,6820197585.0,17.12066835323881,2.8491367409400388,19.7511137621205,10.1371082118722,,,1771746934.44012,11.781556377114027,24.232715698243155,8.86440786524051,3.57388316151203,729716.5333333333,Technology Services,Internet Software/Services,HKEX:2273,HK,21234751.12,0.8668204010891544,16.641504187545646,1.0287933206213273,15.743970755404145,technology_strict,False,0.25,1.1168204010891545,watch
576,Zhejiang Expressway Co. Ltd. Class H,6.51,39308127528.0,6.9203784415860525,0.6693454192508266,10.3513375254747,1.84619259640005,,,,14.53156945893669,-6.001452429776614,-5.200040310390001,6.87603686635945,6628000.533333321,Transportation,Other Transportation,HKEX:576,HK,43148283.47199992,0.6685492019321139,9.67209271719282,0.7154995970297717,6.561903779200073,stable_or_general,False,0.44999999999999996,1.118549201932114,watch
388,Hong Kong Exchanges & Clearing Ltd.,424.0,536542653320.00006,27.13356883223263,8.83565637465517,33.6883112464488,3.9528918608713,,,946000000.0,23.067095125633976,28.224553224553222,45.07441070251502,2.95283018867925,3600194.2666666666,Finance,Investment Banks/Brokers,HKEX:388,HK,1526482369.0666666,0.8054297715826546,32.56356150304518,0.8332494229691441,3.338694347649085,financial_special,False,0.35,1.1554297715826545,watch
3958,Orient Securities Company Limited Class H,5.88,85459314874.0,6.684096851199272,0.5257933846607828,8.1639876045415,1.32876940774881,-1129976130.0,,280633715851.778,20.906683060435697,54.32465286210548,54.74054529463501,6.1465306122449,6836239.833333333,Finance,Investment Banks/Brokers,HKEX:3958,HK,40197090.22,0.8187294218184521,7.866334021872291,0.8497092588001202,3.645933789801803,financial_special,False,0.35,1.168729421818452,watch
1070,TCL Electronics Holdings Limited,15.65,39452636526.0,13.550956792795914,1.9288744493772139,15.5744565698822,3.1722125535576398,,,8905777000.0,13.777665039736291,33.34945553477145,32.67087880528432,3.18210862619808,6605750.933333316,Consumer Durables,Electronics/Appliances,HKEX:1070,HK,103380002.1066664,0.8700757379233816,14.234230681059069,0.9519978351079865,8.605281878116077,stable_or_general,False,0.35,1.2200757379233815,watch
2588,BOC Aviation Limited,74.55,51738471097.0,8.25526543086838,0.9388806930110754,11.8110424821833,2.99289418457565,-20322404990.0,,144686896860.85,-1.720224084318974,-0.06191074649957785,-0.06197295323254669,4.75734406438632,815281.1,Finance,Finance/Rental/Leasing,HKEX:2588,HK,60779206.004999995,0.6989446903879373,11.373113328378025,0.7258580120071401,3.7077942481866577,financial_special,False,0.53,1.2289446903879373,watch
2313,Shenzhou International Group Holdings Limited,36.52,54897683178.0,10.825873006462324,1.2718153597127062,12.124111585323,7.99673332321359,,,17235866417.8899,1.8630300728589444,-27.590779349452642,-27.5845783960158,7.28368017524644,6818732.8,Consumer Non-Durables,Apparel/Footwear,HKEX:2313,HK,249020121.856,0.8929209311771532,11.747924245495188,0.9215136887364225,3.102803345056715,stable_or_general,False,0.35,1.2429209311771532,watch
ALL,Allstate Corporation (The),260.58,65889722762.00001,5.2038358768717075,2.0881256664124286,46.1077325571322,11.9269467787115,12249000000.0,,7492000000.0,5.918330363345314,128.54689110271386,135.47341938821094,1.59643871363881,1602923.7333333334,Finance,Multi-Line Insurance,NYSE:ALL,US,417689866.432,0.11286254144949813,40.12666263540402,0.12968524006480242,12.971945463414459,financial_special,True,0.0,0.11286254144949813,priority
HMY,Harmony Gold Mining Company Limited,20.23,13078991197.692001,7.228614307153577,2.759521919306832,48.1166999268439,29.137685369431704,960832870.0,,578157413.0567421,49.715777730405755,121.37391819315222,121.88218504717354,1.61115175481958,3282732.9,Non-Energy Minerals,Precious Metals,NYSE:HMY,US,66409686.567,0.15023088279420413,38.17497797020316,0.18935477350624144,20.661687047856613,cyclical,True,0.0,0.15023088279420413,priority
MCY,Mercury General Corporation,102.97,5703367290.0,6.087712245187532,2.011056219538514,38.9915185072506,9.76396250922205,1263765000.0,,962128000.0,9.950250653700204,140.18196827219867,140.13856550627523,1.23336894241041,269062.06666666665,Finance,Property/Casualty Insurance,NYSE:MCY,US,27705321.004666664,0.15612913982961454,33.03467934326721,0.18428246818833638,15.277268985755699,financial_special,True,0.0,0.15612913982961454,priority
INSW,"International Seaways, Inc.",98.81,4894188722.0,6.309907723745969,2.1599976565960044,37.4116050605098,28.1160566183888,269317000.0,,652766000.0,57.663130697337884,226.3704224998115,225.71030408918836,8.430320817731,510124.1,Transportation,Marine Shipping,NYSE:INSW,US,50405362.321,0.16866177523098191,34.23184222595398,0.18432860498994436,8.49940233628802,cyclical,True,0.0,0.16866177523098191,priority
DHT,"DHT Holdings, Inc.",19.66,3169891487.0,6.688212281000171,2.3841168823609307,39.1763532556201,29.257388411867403,36254000.0,,434804000.0,39.41599357538878,148.85901598008007,148.6465911013365,7.47711088504578,3061991.1666666665,Transportation,Marine Shipping,NYSE:DHT,US,60198746.336666666,0.1707206446031498,35.64654921515745,0.1876257990817311,9.01003729834472,cyclical,True,0.0,0.1707206446031498,priority
TNK,Teekay Tankers Ltd.,88.7,3076125854.9999995,5.22745622668419,1.2947285281242915,28.035629634786304,25.454386756584803,366917000.0,,27801000.0,19.33065185574672,111.74610668784113,110.68178149716286,1.12739571589628,411092.76666666666,Transportation,Marine Shipping,NYSE:TNK,US,36463928.403333336,0.18645760037427586,24.767850212024566,0.2110581331013665,11.655808930744005,cyclical,True,0.0,0.18645760037427586,priority
ECO,Okeanis Eco Tankers Corp.,66.86,2563998285.0000005,6.234672087580078,2.9749178738458624,61.5919910455297,29.4350134271386,44692060.0,,722493783.004812,105.24219735077509,498.5632077171379,413.8920835729346,7.47831289261143,527756.1666666666,Transportation,Marine Shipping,NYSE:ECO,US,35285777.30333333,0.10122537008052422,47.71570713032553,0.13066288781074478,22.52936409369626,cyclical,True,0.1,0.2012253700805242,priority
SLDE,"Slide Insurance Holdings, Inc.",23.48,2742739174.0,5.719296536269304,2.2710895523109884,53.8821006380406,20.8616096548209,1034559000.0,,38650000.0,41.43171092857332,117.73629258163724,-59.701990655306446,0.0,889798.5333333333,Technology Services,Packaged Software,NASDAQ:SLDE,US,20892469.562666666,0.1061446467109617,39.70924637162492,0.14402933973474116,26.30345531927849,technology_strict,True,0.1,0.20614464671096172,priority
TRMD,TORM plc,32.62,3323121701.5425673,5.497672802406587,1.3145065460062941,26.663962855241703,17.2098323301499,186996282.852,,1072316209.4432873,20.287134246724882,71.82541149575744,64.44948987550526,7.52985521235521,544619.2333333333,Transportation,Marine Shipping,NASDAQ:TRMD,US,17765479.39133333,0.20618363565286146,23.910236080817203,0.22992967463074448,10.32752254184588,cyclical,True,0.0,0.20618363565286146,priority
GAP,"Gap, Inc. (The)",23.48,8452305414.0,7.014818355640536,2.0859225987681684,33.7757313109426,9.97520198384129,957000000.0,,5720000000.0,1.054991428194646,40.26996625421822,43.84185646755479,2.89608177172061,7155860.433333334,Retail Trade,Apparel/Footwear Retail,NYSE:GAP,US,168019602.97466668,0.2076881264556924,29.735946007652526,0.23590365525399046,11.960615348634274,stable_or_general,True,0.0,0.2076881264556924,priority
OGC,OceanaGold Corporation,30.07,6688996667.688339,8.14435469192834,2.640783867695671,37.6100485264861,26.9038269395039,705945475.8399999,,50039880.0,49.39741703752898,118.47789178000197,128.69531122729933,0.792442418426104,528171.1000000002,Non-Energy Minerals,Precious Metals,NYSE:OGC,US,15882104.977000006,0.21654730613263756,32.424715862545675,0.25117736502160126,13.787093787684856,cyclical,True,0.0,0.21654730613263756,priority
FRO,Frontline Plc,44.19,9837705393.0,6.617845269116722,3.1179838307948704,53.8422866862181,24.9372644218018,688973000.0,,2434842000.0,48.84009857969576,524.545416351567,524.5230078563412,7.08305046390586,2044159.8333333333,Transportation,Marine Shipping,NYSE:FRO,US,90331423.035,0.1229116680664805,47.114788938107424,0.14046216524094562,12.494821751009887,cyclical,True,0.1,0.2229116680664805,priority
CSTM,Constellium SE,26.98,3656538376.0000005,6.940907102981657,2.934621463199216,53.8005923000067,9.52963804859117,221702000.0,,1923000000.01281,25.941747231308838,1903.890854823565,1921.372854914197,0.0,1592163.6333333333,Non-Energy Minerals,Aluminum,NYSE:CSTM,US,42956574.82733333,0.1290117228501366,42.28008558043615,0.16416492558362644,21.41334551733015,cyclical,True,0.1,0.2290117228501366,priority
LPG,Dorian LPG Ltd.,49.78,2129721783.9999998,6.605363374600269,1.7223524885363914,28.342022711409996,17.6322406431966,146279050.0,,646238026.0,81.05922022373736,557.3522487472081,555.6725247955454,0.0,580349.6333333333,Transportation,Marine Shipping,NYSE:LPG,US,28889804.747333333,0.2330589965952242,26.075060384404996,0.25332111516607697,7.99859046790038,cyclical,True,0.0,0.2330589965952242,priority
CGAU,Centerra Gold Inc.,23.44,4585040851.527462,7.679549438475539,2.123789468996385,32.593378769211,23.3006990594128,131458356.47999999,,45707085.599999994,36.2340457551393,707.0369164524052,776.8864473652648,0.859159251304081,1649920.5666666667,Non-Energy Minerals,Precious Metals,NYSE:CGAU,US,38674138.082666665,0.23561685619810446,27.65513115074075,0.2776898578645808,15.151076092593119,cyclical,True,0.0,0.23561685619810446,priority
HCI,"HCI Group, Inc.",186.29,2317236556.0,8.028011204481793,2.1511358560825564,33.7631072523805,14.4091222257919,411911000.0,,67465000.0,22.82749056664624,115.36673374505585,105.64880625321256,0.858875946105534,156867.83333333334,Finance,Property/Casualty Insurance,NYSE:HCI,US,29222908.671666667,0.23777465576471105,26.795376853505676,0.2996043402700446,20.6371124161967,financial_special,True,0.0,0.23777465576471105,priority
CF,"CF Industries Holdings, Inc.",125.79,19036822191.0,9.330010458156249,3.3175399197977673,39.1933526281393,14.551630905750597,1910000000.0,,3613000000.0,20.04032883511711,61.21351766513057,76.22078736864118,1.58995150647905,2305463.3333333493,Process Industries,Chemicals: Agricultural,NYSE:CF,US,290004232.700002,0.23805083853575884,35.55772991548569,0.2623904979404479,9.276120742075488,cyclical,True,0.0,0.23805083853575884,priority
HON,Honeywell International Inc.,217.43,68912262409.0,8.039831238606572,3.717552204824936,49.8960498960499,11.0937770844167,4148000000.0,,34955000000.0,-2.4080418094071168,50.83085534371173,53.73390557939914,0.0,3158260.2666666606,Producer Manufacturing,Industrial Machinery,NASDAQ:HON,US,686700529.781332,0.16113161774040669,46.239182073543695,0.17387485846568768,7.328972594272864,cyclical,True,0.08,0.2411316177404067,priority
CENX,Century Aluminum Company,46.59,4612097571.0,8.06152994307269,3.2870762659547372,56.73325499412451,25.0202110238179,151200000.0,,480000000.0,9.666543316475472,413.18027210884355,419.861473419088,0.0,2090441.7,Non-Energy Minerals,Aluminum,NASDAQ:CENX,US,97393678.803,0.14209531859061444,40.77484409493928,0.19770841856077723,28.128847711695613,cyclical,True,0.1,0.24209531859061445,priority
ECPG,Encore Capital Group Inc,98.94,2098454708.0,7.488646684831971,1.9452908095724666,30.5424451862775,5.60693204733184,125139000.0,,4179515000.0000005,28.841635058696628,,,0.0,372749.23333333334,Finance,Finance/Rental/Leasing,NASDAQ:ECPG,US,36879809.146,0.24518818448093885,25.97653343043403,0.2882850671698285,14.94939821614184,financial_special,True,0.0,0.24518818448093885,priority
RBGLY,Reckitt Benckiser Group Plc.,14.04,44269481390.0244,11.860111505321845,5.9239756458779,47.8840051521705,11.7078826556508,2102008750.0,,13488841750.0,1.1450505682038803,139.63067590725547,142.13540601349968,3.74883537424747,522135.76666666655,Consumer Non-Durables,Household/Personal Care,OTC:RBGLY,US,7330786.163999998,0.24768419992504,49.94873482614145,0.23744568399187305,4.311940213458421,stable_or_general,True,0.0,0.24768419992504,priority
DRD,DRDGOLD Limited,28.77,2516272756.5141,9.900887879413586,3.2085740414426875,39.5687673664087,28.8337809763554,130619409.99999999,,695546.0646735821,52.86594362757796,105.12246738669795,104.28852643419573,1.46140424052833,320260.86666666664,Non-Energy Minerals,Precious Metals,NYSE:DRD,US,9213905.134,0.25021977024785447,32.4069323935494,0.3055175898532241,18.09971714948905,cyclical,True,0.0,0.25021977024785447,priority
RCI,"Rogers Communication, Inc.",36.59,19858019014.24445,4.567293673662911,1.6956271692905864,44.4148457467871,7.3664978983569,1931776000.0,,32171392000.0,4.210328521979984,288.7464312871445,285.15341998222095,3.93313667649951,1271682.4,Communications,Wireless Telecommunications,NYSE:RCI,US,46530859.016,0.10283259114984772,37.125424604691894,0.1230233383805043,16.4121275657532,stable_or_general,True,0.15,0.2528325911498477,priority
SPNT,SiriusPoint Ltd.,24.18,2808870127.0,5.908080240428079,1.2331273701238432,23.0783275515793,5.1493578579649,241500000.0,,700900000.0,22.554235049990567,335.8620689655172,366.61726142971156,0.0,632210.1,Finance,Property/Casualty Insurance,NYSE:SPNT,US,15286840.217999998,0.2560012300381696,20.87187918819625,0.28306412600209463,9.560694372032419,financial_special,True,0.0,0.2560012300381696,priority
HAFN,Hafnia Limited,8.47,4173639626.0328393,6.626319686719749,1.600062588131318,25.8610077053471,16.7647363703509,520347642.87779987,,883908344.1641848,5.066237788199953,39.92808080646917,41.71142138193912,9.12790856406954,1108792.0666666667,Transportation,Marine Shipping,NYSE:HAFN,US,9391468.804666666,0.25622820897847964,24.147078073189114,0.2744149692412291,6.627466538373161,cyclical,True,0.0,0.25622820897847964,priority
GPOR,Gulfport Energy Corporation,176.37,3118903112.0,7.053981738118378,1.708177401734037,27.4111285765093,16.2053453967893,250001000.0,,922410000.0,26.64766808896456,,,0.0,304228.6,Energy Minerals,Oil & Gas Production,NYSE:GPOR,US,53656798.182,0.257340069688465,24.21578996304131,0.2912967839944237,11.657085203731166,cyclical,True,0.0,0.257340069688465,priority
GFI,Gold Fields Limited,45.96,42722340652.2096,9.42092856410782,4.562497580268092,58.7626432300832,33.4429129188422,4500115750.0,,2634378549.55,71.19494284436489,133.70808449051265,133.92471829297529,2.61143385552655,3671815.5,Non-Energy Minerals,Precious Metals,NYSE:GFI,US,168756640.38,0.1603217290144775,48.42938304033483,0.19452918812245698,17.58474367684387,cyclical,True,0.1,0.2603217290144775,priority
MPC,Marathon Petroleum Corporation,368.83,103576584179.0,12.698352584737739,5.471452334368147,47.8754096523907,9.89154716020232,12899000000.0,,34292000000.0,15.187181048153745,300.6563525550867,330.27183171616923,1.06010899330315,2346169.0,Energy Minerals,Oil Refining/Marketing,NYSE:MPC,US,865337512.27,0.26523747111380874,43.08789110915327,0.29470814787777333,9.999953165932551,cyclical,True,0.0,0.26523747111380874,priority
PBF,PBF Energy Inc.,71.28,8449306218.0,6.302665900349264,1.318532034335107,23.5452773717547,9.769992526833,781800000.0,,2515000000.0,13.535456296056521,,,1.54320987654321,3033908.0,Energy Minerals,Oil Refining/Marketing,NYSE:PBF,US,216256962.24,0.26768280538117784,20.920227332088796,0.3012713867923332,11.148945065369919,cyclical,True,0.0,0.26768280538117784,priority
HG,"Hamilton Insurance Group, Ltd.",35.35,3486018272.0,5.964634022879898,1.2228055483201903,21.6549738077619,7.21076604840344,815182000.0,,149795000.0,17.4051158910525,53.94775230840805,57.091738012563944,0.0,378813.7,Finance,Multi-Line Insurance,NYSE:HG,US,13391064.295000002,0.27543944757587124,20.500931719022457,0.290944533869425,5.329224126448917,financial_special,True,0.0,0.27543944757587124,priority
BVN,Buenaventura Mining Company Inc.,35.12,8976682585.482729,7.938158311107093,2.062754246795154,28.7663340406401,19.4853579617962,654632010.0,,692358096.693488,67.74731707635866,122.35243967862081,122.35512891390661,1.19273917995444,1010210.9,Non-Energy Minerals,Precious Metals,NYSE:BVN,US,35478606.808,0.27595307416969894,25.985299939268565,0.3054864992768883,9.667669496719956,cyclical,True,0.0,0.27595307416969894,priority
ZM,"Zoom Communications, Inc.",98.43,28720272071.999996,9.116505663662718,2.545543979101868,32.1430348882633,26.432371088622,1925657000.0,,60272000.0,5.036770916318318,173.97084445042967,184.39837741017806,0.0,3315670.2666666666,Technology Services,Packaged Software,NASDAQ:ZM,US,326361424.348,0.28362305225234086,27.92236491716444,0.32649475396185434,13.130900631414843,technology_strict,True,0.0,0.28362305225234086,priority
NVO,Novo Nordisk A/S,45.61,203690611842.197,11.146683611124688,5.957512395701082,60.353782852541705,21.8065432918519,11795532910.0,,21432701131.844597,13.207519141209511,12.445792562057399,12.752824469550845,2.69814514360886,12688307.766666668,Health Technology,Pharmaceuticals: Major,NYSE:NVO,US,578713717.2376667,0.18468906312564737,53.44650125132578,0.20855777927742628,11.44465396326858,health_special,True,0.1,0.28468906312564735,priority
CNX,CNX Resources Corporation,36.2,5355559664.999999,6.053106815597619,1.1138207930034825,21.2486692250072,10.4767807760939,525977999.99999994,,2380108000.0,16.211654840991923,509.7057576964077,911.5696887686065,0.0,1464209.3,Energy Minerals,Oil & Gas Production,NYSE:CNX,US,53004376.660000004,0.2848699253350803,18.400811796900626,0.32895868304121156,13.402521343571848,cyclical,True,0.0,0.2848699253350803,priority
FIS,"Fidelity National Information Services, Inc.",41.44,21370853139.0,6.363050087522648,1.3332732759785595,22.3266900615772,8.70429406677939,2935000000.0,,21256000000.0,18.261122419307938,2007.5,2338.2628229127663,4.05405405405406,6031428.6,Technology Services,Packaged Software,NYSE:FIS,US,249942401.184,0.2849974658121424,20.953367608923664,0.3036767266380961,6.151034698228452,technology_strict,True,0.0,0.2849974658121424,priority
PBR.A,Petroleo Brasileiro S.A. Petrobras,16.77,114123040482.35121,4.241489200263038,1.1630648875079757,30.685982529677503,11.0211924445216,18257156170.0,,70814633062.5296,20.81710009340769,86.33582928701784,86.33300344031292,5.68447227191413,6990737.033333333,Energy Minerals,Integrated Oil,NYSE:PBR.A,US,117234660.049,0.13822236899734083,27.421144616750357,0.15467950953703447,10.639509130169145,cyclical,True,0.15,0.2882223689973408,priority
NONOF,Novo-Nordisk A/S,45.0175,199555870068.30438,11.2790498389612,5.901414806149148,59.8151244532456,21.6216968992493,11361267600.0,,21355354800.0,2.167404721988133,1.4239720070168933,1.705321954758219,3.95939086294416,113699.3,Health Technology,Pharmaceuticals: Major,OTC:NONOF,US,5118458.23775,0.18856518216855758,52.32191443789797,0.21557028178601054,12.527283164318547,health_special,True,0.1,0.2885651821685576,priority
DECK,Deckers Outdoor Corporation,87.76,11951319820.0,12.45387977521712,5.213138105984239,42.5584290402442,26.3324914256712,1117808000.0,,472334000.0,7.484361821074422,2.543375613462683,8.21585429527934,0.0,2556388.4333333327,Consumer Non-Durables,Apparel/Footwear,NYSE:DECK,US,224348648.9093333,0.2926301570821717,41.85955059850699,0.29751584995901303,1.642162216740517,stable_or_general,True,0.0,0.2926301570821717,priority
THC,Tenet Healthcare Corporation,266.8,21482467468.0,10.288803791586165,4.611264205389994,53.3127155941477,7.54863157894737,3023000000.0,,13248000000.0,5.433101314771848,51.01078167115903,66.00366178428763,0.0,1072630.6666666667,Health Services,Hospital/Nursing Management,NYSE:THC,US,286177861.8666667,0.1929896775454372,44.81827332698219,0.22956716151293452,15.933238763958158,stable_or_general,True,0.1,0.2929896775454372,priority
ZTS,Zoetis Inc.,77.34,31958711888.000004,12.722905836678292,10.174923431530422,64.3938461538462,17.7019894437678,2366000000.0,,9238000000.0,1.4064997336174747,0.1531393568147014,4.590502408809359,2.70235324540988,6123275.0,Health Technology,Pharmaceuticals: Major,NYSE:ZTS,US,473574088.5,0.19757952966936362,79.97326681611989,0.15908948506419882,24.19395888397815,health_special,True,0.1,0.29757952966936363,priority
PBR,Petroleo Brasileiro S.A. Petrobras,18.53,114123040482.35121,4.68663058323638,1.2851268585965139,30.685982529677503,11.0211924445216,18257156170.0,,70814633062.5296,20.81710009340769,86.33582928701784,86.33300344031292,5.1533621154884,16984898.266666666,Energy Minerals,Integrated Oil,NYSE:PBR,US,314730164.88133335,0.15272871183784886,27.42112559913058,0.17091313652656825,10.639571105110834,cyclical,True,0.15,0.3027287118378489,priority
VIST,Vista Energy S.A.B. de C.V.,70.14,7847915128.8634815,9.373997647813535,2.34350097796227,30.417790226361003,10.8016527094043,87352330.0,,3754654275.64841,78.68477924326452,44.29131562741228,35.08575555154361,0.0,967964.0333333333,Energy Minerals,Oil & Gas Production,NYSE:VIST,US,67892997.298,0.308174840383038,25.000016705880938,0.37495965535128706,17.811200222509438,cyclical,True,0.0,0.308174840383038,priority
AFRM,"Affirm Holdings, Inc.",77.76,26237897339.0,14.08517035883131,4.781111657648795,45.1264043153888,14.3239004290097,993814000.0,,9823245000.0,32.42869396736444,3597.9132334342544,4209.679937548791,0.0,4088266.7,Finance,Finance/Rental/Leasing,NASDAQ:AFRM,US,317903618.592,0.31212702568522727,33.944294146581406,0.41494957290929124,24.77952839019819,financial_special,True,0.0,0.31212702568522727,priority
KSPI,Joint Stock Company Kaspi.kz - American Depository Shares,106.29,19798751406.253716,9.670991574618311,3.6545929971685416,45.3500034551486,9.44683711340141,2695355960.0,,1282083290.01844,38.98370667006911,-3.492773938091967,-3.5734652874652286,3.30606736287515,559994.7666666667,Finance,Finance/Rental/Leasing,NASDAQ:KSPI,US,59521843.74900001,0.2132522786725468,37.78922739174012,0.2559192722932508,16.67205179132154,financial_special,True,0.1,0.3132522786725468,priority
PGR,Progressive Corporation (The),218.64,127051698307.00002,10.961376488990494,3.699934374563188,34.943304898636,10.0895506936296,15951000000.0,,8387000000.0,10.491865368880818,12.108053183025143,12.29942911191433,6.35748261983169,2374255.466666667,Finance,Multi-Line Insurance,NYSE:PGR,US,519107215.232,0.3136903198134063,33.75428604499962,0.3247402855559529,3.402708636419771,financial_special,True,0.0,0.3136903198134063,priority
BMY,Bristol-Myers Squibb Company,66.58,136003941782.0,14.667136625985814,6.094491158502538,46.6960130801157,10.1826559157479,11440000000.0,,45053000000.0,3.1255240650679186,83.83838383838383,83.16587983698503,3.76990087113247,10810294.633333333,Health Technology,Pharmaceuticals: Major,NYSE:BMY,US,719749416.6873332,0.31409826361024895,41.55201736994055,0.3529825398223932,11.015920569813243,health_special,True,0.0,0.31409826361024895,priority
AU,AngloGold Ashanti PLC,113.19,57161797532.99999,15.148351868952503,6.3818019132438035,46.50338972710691,25.6510460533591,4232934140.0000005,,1791000000.0054898,138.98544866609828,10475.000000378452,9056.985294117647,4.06396324763672,2905192.5999999987,Non-Energy Minerals,Precious Metals,NYSE:AU,US,328838750.3939999,0.32574726181998087,42.12868811374593,0.3595733109004606,9.407274693377799,cyclical,True,0.0,0.32574726181998087,priority
RNR,RenaissanceRe Holdings Ltd.,330.74,13742873393.0,5.682593299577508,1.2491803127611507,22.9026092640627,5.24478162730687,3605697000.0,,2330907000.0,-14.145383287084604,31.674411251430346,48.472225056631494,0.489810727459636,288622.3,Finance,Property/Casualty Insurance,NYSE:RNR,US,95458939.502,0.24811990782614746,21.98257462581433,0.2585044471044074,4.01716078565787,financial_special,True,0.08,0.32811990782614747,priority
CROX,"Crocs, Inc.",122.23,5860326799.0,10.56000967619311,4.245954827459236,42.29964170786991,13.4764265750107,704620000.0,,1689202000.0,-2.0251147769614413,150.88635316301037,210.80798045165275,0.0,995104.8,Consumer Non-Durables,Apparel/Footwear,NASDAQ:CROX,US,121631659.70400001,0.24964773340452207,40.20786872034293,0.26263539979303446,4.945131691594929,stable_or_general,True,0.08,0.3296477334045221,priority
KGC,Kinross Gold Corporation,31.27,37093748828.791214,12.186236559676162,3.8472130576994847,36.6169104857345,25.1603971898318,3013485460.48,,737913439.9999999,32.35541418061139,97.47552262502364,101.79910384546176,0.460903656012876,8338642.533333333,Non-Energy Minerals,Precious Metals,NYSE:KGC,US,260749352.01733333,0.33280351613563275,31.570149150310936,0.38600503601219566,13.78259735318117,cyclical,True,0.0,0.33280351613563275,priority
UHS,"Universal Health Services, Inc.",171.66,10114904157.000002,6.990438337867114,1.3464592850588277,20.985171749453,9.870469200880972,845400000.0,,5262175000.0,10.049655883844052,21.01634484765771,29.3490513363463,0.46603751602004,838252.7666666667,Health Services,Hospital/Nursing Management,NYSE:UHS,US,143894469.926,0.3331132297284785,19.26144284493685,0.3629239197781412,8.21403286614072,stable_or_general,True,0.0,0.3331132297284785,priority
PARR,"Par Pacific Holdings, Inc. Common Stock",78.85,3950355626.9999995,4.601531314923317,1.9598398126109786,54.73979001269941,20.3310818954595,438306000.0,,1304278000.0,13.187341522133453,,,0.0,1023828.9333333337,Energy Minerals,Oil Refining/Marketing,NYSE:PARR,US,80728911.39333336,0.08406191024583362,42.591034994263396,0.10803990359809523,22.19364563805881,cyclical,True,0.25,0.33406191024583365,priority
STNG,Scorpio Tankers Inc.,78.03,3907847853.9999995,4.9126142688055605,1.1097413760736174,24.6193235920985,18.9542154363658,657566000.0,,728875000.0,32.68443204491772,127.4112495264413,116.30646457218342,2.20428040497245,713623.4,Transportation,Marine Shipping,NYSE:STNG,US,55684033.902,0.199543023610212,22.58962978470192,0.21747210182844456,8.244311830110574,cyclical,True,0.15,0.349543023610212,priority
GOOG,Alphabet Inc.,342.88,4218290532440.0,17.22556304099913,6.736887109396413,48.675697331861,34.2975879823263,53273000000.0,,117348446000.0,20.231187401337234,111.2993519247575,112.01789423230548,0.247900139990667,18843627.333333332,Technology Services,Internet Software/Services,NASDAQ:GOOG,US,6461102940.053333,0.3538842581660155,39.10982238061958,0.44044084049676124,19.652260728846336,technology_strict,True,0.0,0.3538842581660155,priority
PRI,"Primerica, Inc.",290.39,8937434964.0,11.657754440055239,3.55633532008365,32.8587969408353,6.48833581879944,863439000.0,,1715859000.0,8.234311203065714,17.66004447739066,23.365541286766344,1.54275284961603,179330.0,Finance,Life/Health Insurance,NYSE:PRI,US,52075638.699999996,0.35478336169902663,30.50617799826292,0.3821440509761352,7.159784172282513,financial_special,True,0.0,0.35478336169902663,priority
GOOGL,Alphabet Inc.,346.59,4218290532440.0005,17.411945562237193,6.809780982401139,48.675697331861,34.2975879823263,53273000000.0,,117348446000.0,20.231187401337234,111.2993519247575,112.01789423230548,0.24524654490897,27960456.63333337,Technology Services,Internet Software/Services,NASDAQ:GOOGL,US,9690814664.547012,0.35771332547176654,39.109822380619576,0.44520645971702194,19.652260728846336,technology_strict,True,0.0,0.35771332547176654,priority
MKC,"McCormick & Company, Incorporated",55.33,14868616439.0,9.208621120079886,2.126415865145342,25.6950067476383,10.9102553299065,1019900000.0,,4933500000.0,9.536097763540369,108.66425992779783,108.65020661874499,3.41586842580878,2771035.7,Consumer Non-Durables,Food: Specialty/Candy,NYSE:MKC,US,153321405.28100002,0.35838173581823546,23.091577310185777,0.3987870120945758,10.132044186724388,stable_or_general,True,0.0,0.35838173581823546,priority
OMAB,Grupo Aeroportuario del Centro Norte S.A.B. de C.V.,100.66,4862614481.241659,16.101478021626463,9.320594755058918,61.9717541048613,17.5688845729293,338139320.0,,816786494.026755,13.972101284123989,14.664879841322534,14.664074393353022,4.72127160739122,63393.5,Transportation,Other Transportation,NASDAQ:OMAB,US,6381189.71,0.2598196267670823,57.88657875096993,0.27815563415650424,6.591995680772433,stable_or_general,True,0.1,0.35981962676708235,priority
FHI,"Federated Hermes, Inc.",64.41,4808869117.999999,11.975680499776885,3.852083809286865,33.2300854108615,17.5487238324231,366943000.0,,451942000.0,15.245541428449528,12.892798291295135,19.440373084610258,2.17357553174973,528181.9666666667,Finance,Investment Managers,NYSE:FHI,US,34020200.473,0.3603866903051217,32.1658866012552,0.37230997697136575,3.2025160225993776,financial_special,True,0.0,0.3603866903051217,priority
DAC,Danaos Corporation,150.68,2742913131.0,5.100137759229361,0.6761258473560194,14.1397151814653,10.8498380044697,172343590.0,,1210720000.00807,2.4516030052364384,17.69958691943341,21.813076713752082,2.38916910007964,121592.03333333334,Transportation,Marine Shipping,NYSE:DAC,US,18321487.58266667,0.360695932964389,13.257011462729256,0.38471248015194687,6.242726302529156,cyclical,True,0.0,0.360695932964389,priority
ADBE,Adobe Inc.,291.52,115879195633.0,16.67362544969944,10.098669180248704,62.9539318993294,24.9104066161268,10280000000.0,,7065000000.0,11.490642006990841,5.2409375454942495,11.805369041681042,0.0,4818932.233333333,Technology Services,Packaged Software,NASDAQ:ADBE,US,1404815124.6613333,0.2648543934692195,60.56672683882763,0.27529348736426096,3.7919872333298965,technology_strict,True,0.1,0.36485439346921955,priority
IAG,Iamgold Corporation,20.59,11756890251.167774,10.7108910462569,2.691671031208847,29.269016432288204,20.3484087057365,1541204255.36,,539152240.0,75.39857422020698,38.41216242970171,37.740763814193585,0.0,5967096.566666666,Non-Energy Minerals,Precious Metals,NYSE:IAG,US,122862518.30766666,0.36594639492023207,25.130225109978092,0.4262154835216372,14.140520682971736,cyclical,True,0.0,0.36594639492023207,priority
ACAD,ACADIA Pharmaceuticals Inc.,29.11,5015813544.0,13.110250405332371,3.8349458285907,35.7431290221518,25.635153640530202,145625000.0,,73854000.0,11.75371925809168,71.26575441123515,66.84700931770365,0.0,1636464.2333333334,Health Technology,Pharmaceuticals: Major,NASDAQ:ACAD,US,47637473.832333334,0.36679078648115265,29.25150710341048,0.4481905960942377,18.161873614137527,health_special,True,0.0,0.36679078648115265,priority
WTM,"White Mountains Insurance Group, Ltd.",2135.41,5096627458.000001,4.859881359731721,0.945869364332166,21.8941870664221,9.48793814655638,571600000.0,,932500000.0,21.196380017044763,442.1026653504442,445.9081935521544,0.0468294144918306,20040.966666666667,Finance,Multi-Line Insurance,NYSE:WTM,US,42795680.62966666,0.22197130886787078,19.462807717272764,0.2497009388536833,11.105136453676367,financial_special,True,0.15,0.3719713088678708,priority
TRV,"The Travelers Companies, Inc.",369.9,77151895741.99998,9.904675199485888,2.3296742940249238,26.510640335892997,6.313612324584921,11026000000.0,,9068000000.0,2.385133157740708,58.27296988181472,65.14110353488454,1.23006217896729,1863552.6,Finance,Property/Casualty Insurance,NYSE:TRV,US,689328106.74,0.37361131507924605,23.520955983956423,0.4211000269819747,11.277299658012463,financial_special,True,0.0,0.37361131507924605,priority
MPLX,MPLX LP,59.25,60071102875.0,12.753180223422802,4.283133562200859,33.9282507990089,11.6916223239698,3336000000.0,,26133000000.0,4.788438098554762,9.605568445475637,10.254402202287725,7.06497890295359,1442782.7,Industrial Services,Oil & Gas Pipelines,NYSE:MPLX,US,85484874.975,0.37588675876551064,33.584827369837924,0.37973040870462416,1.0122049356608986,cyclical,True,0.0,0.37588675876551064,priority
CHKP,Check Point Software Technologies Ltd.,138.32,14122560126.0,14.167631182718603,5.267429032323172,37.6388664549214,15.889323271826001,1186974490.0,,1974900000.0,4.640775228998736,22.200209765745214,27.25293918302442,0.0,1140422.2,Technology Services,Internet Software/Services,NASDAQ:CHKP,US,157743198.704,0.37640961370838893,37.17932069510871,0.3810621312557357,1.2209341117195405,technology_strict,True,0.0,0.37640961370838893,priority
CINF,Cincinnati Financial Corporation,171.97,26393619174.0,8.108770788244003,1.5824004896727595,21.4839209608679,8.27231249300695,3400000000.0,,876000000.0,19.551062371487323,82.8021978021978,83.98615412643468,2.10501831714834,602047.4,Finance,Multi-Line Insurance,NASDAQ:CINF,US,103534091.378,0.3774343986376511,19.514677760615758,0.4155216339061979,9.166125698558647,financial_special,True,0.0,0.3774343986376511,priority
EXEL,"Exelixis, Inc.",54.45,13491713346.0,17.10220491236887,7.350072690801543,44.3929251762439,33.2780582775798,1172459000.0,,165929000.0,9.233835798574443,42.88989835596333,52.70023980815349,0.0,2455920.966666667,Health Technology,Pharmaceuticals: Major,NASDAQ:EXEL,US,133724896.63500002,0.3852461815586961,42.977339638152344,0.397935401687514,3.188763823225349,health_special,True,0.0,0.3852461815586961,priority
EVR,Evercore Inc.,290.11,11156999027.000002,16.405039526809244,6.002559431255891,42.4090151652064,17.7594442446142,1607056000.0,,1093142000.0,45.682881787965435,61.19170166135526,60.841488703750876,1.17541622143325,534024.8,Finance,Investment Banks/Brokers,NYSE:EVR,US,154925934.72800002,0.38682906129516587,36.589728549245265,0.4483509492214484,13.721815027516715,financial_special,True,0.0,0.38682906129516587,priority
BCE,"BCE, Inc.",23.46,21877056610.32125,4.956105719438955,1.5050062589784596,30.6217357086642,8.43759857007675,1870528000.0,,29410304000.0,-2.62492472532413,922.1612098541509,1313.2884286959738,5.37469287469287,3392153.1,Communications,Major Telecommunications,NYSE:BCE,US,79579911.72600001,0.1618492748612111,30.366710158653166,0.1632085166139304,0.8328252599308916,stable_or_general,True,0.22999999999999998,0.39184927486121107,priority
KTB,"Kontoor Brands, Inc.",76.99,4207782215.9999995,16.083477824897113,6.802390511464842,40.9637108724128,8.49904034703548,423188000.0,,1272766000.0,15.6178946292964,6.632123115127926,6.733706437155801,2.740615664372,677432.7,Consumer Non-Durables,Apparel/Footwear,NYSE:KTB,US,52155543.57299999,0.3926274617793137,42.29427606095734,0.3802755200660375,3.24815589263574,stable_or_general,True,0.0,0.3926274617793137,priority
ATAT,Atour Lifestyle Holdings Limited,35.5,4879840484.0,17.49544132866788,9.817830840157416,58.7806410562356,23.0047612613102,328523140.0,,190824564.506145,45.007151794079256,46.85705402287087,47.82893778231095,2.36619718309859,973161.3333333334,Consumer Services,Hotels/Resorts/Cruise lines,NASDAQ:ATAT,US,34547227.333333336,0.2976395121640464,56.11650861341808,0.311769954349664,4.5323296836261795,cyclical,True,0.1,0.39763951216404636,priority
CDW,CDW Corporation,147.69,18463825010.0,17.752055387278237,7.577724394331047,44.0103477074125,6.64380928952507,860200000.0,,6429500000.0,7.414195801319115,0.33435497353023125,3.423584694562535,1.70289119100819,1860415.4333333333,Technology Services,Information Technology Services,NASDAQ:CDW,US,274764755.349,0.4033609437784179,42.68646209701169,0.41587085261209755,3.0081234967789916,technology_strict,True,0.0,0.4033609437784179,priority
IMBBY,Imperial Brands PLC,34.46,25995157306.9469,12.088259024099345,5.044486929128325,39.7340575991546,6.36828229166283,3752574970.0,,14811638400.0,9.997023224440845,-29.162483275393324,-25.512790363460592,6.05725446753928,211981.0,Consumer Non-Durables,Tobacco,OTC:IMBBY,US,7304865.26,0.3042291614425137,41.7304668858564,0.28967466520717,5.024428430748196,stable_or_general,True,0.1,0.40422916144251375,priority
LULU,lululemon athletica inc.,120.81,14336516385.999998,9.755408231655617,2.864630386565047,32.0270239581901,18.2891926216691,1279952000.0,,2136007999.9999998,4.220022614174371,-19.256242646314487,-15.491910113893034,0.0,2706382.2,Consumer Non-Durables,Apparel/Footwear,NASDAQ:LULU,US,326958033.582,0.3045992735507015,29.36453625046179,0.3322173436844998,8.313253554885636,stable_or_general,True,0.1,0.40459927355070147,priority
ULTA,"Ulta Beauty, Inc.",517.5,22126992273.0,18.854450925598698,8.378880170355991,46.1173400950263,17.801585600398,1148689000.0,,2524031000.0,11.16269132540882,0.720090962363157,5.199190513058345,0.0,640137.5333333333,Retail Trade,Specialty Stores,NASDAQ:ULTA,US,331271173.5,0.4088364785728856,44.43979940556095,0.4242694876619843,3.6375486660955025,stable_or_general,True,0.0,0.4088364785728856,priority
CACC,Credit Acceptance Corporation,594.89,6175303358.000001,13.081549405723962,3.8848307575625682,31.931543453365602,5.78652462645268,1221100000.0,,6286200000.0,2.58024745717934,18.261074458058435,31.089958864581728,0.0,123433.43333333333,Finance,Finance/Rental/Leasing,NASDAQ:CACC,US,73429315.15566666,0.40967482279172945,29.697023166557944,0.4405003603342708,6.997846158207366,financial_special,True,0.0,0.40967482279172945,priority
HIG,"The Hartford Insurance Group, Inc.",138.55,37529317712.0,8.954365374299583,1.9500209146956278,21.786762132917,5.13953709877131,5789000000.0,,4374000000.0,5.953986947168848,34.514637904468415,40.27124298548596,1.67448574521833,1535568.4666666666,Finance,Property/Casualty Insurance,NYSE:HIG,US,212753011.05666667,0.4110002817155967,21.777321263799333,0.41117845789346535,0.043333052704530584,financial_special,True,0.0,0.4110002817155967,priority
PYPL,"PayPal Holdings, Inc.",53.66,45904030501.0,10.140216939415698,2.3337496912109055,24.4971390020239,6.03271102797298,6586000000.0,,14221000000.0,6.315789473684211,4.765975635819619,13.295366960691968,0.782705926202013,12633573.633333333,Commercial Services,Miscellaneous Commercial Services,NASDAQ:PYPL,US,677917561.1646667,0.41393474309705863,23.014790562709415,0.44059566441789694,6.051108413892814,financial_special,True,0.0,0.41393474309705863,priority
ADMA,ADMA Biologics Inc,9.34,2092016947.0,13.25762952448545,5.156232748150602,41.8971077438865,27.194327976243205,116469000.0,,203839000.0,8.035236010409681,-19.131471128809924,-17.04933474626163,0.0,2264715.066666667,Health Technology,Biotechnology,NASDAQ:ADMA,US,21152438.72266667,0.31643304844640413,38.892569283427186,0.34087821321011985,7.17123119530304,health_special,True,0.1,0.41643304844640416,priority
CCL,Carnival Corporation Ltd.,24.76,33912513761.0,11.151143938029184,2.619781466210004,26.7171585270306,5.93657210836324,3171000000.0,,26170000000.0,5.155552133066379,21.544554455445546,20.346883468834697,1.21163166397415,18125525.8,Consumer Services,Hotels/Resorts/Cruise lines,NYSE:CCL,US,448788018.808,0.41737761621421,23.493387591165963,0.47465031999992463,12.06629414802116,cyclical,True,0.0,0.41737761621421,priority
OII,"Oceaneering International, Inc.",50.59,5035204899.0,14.567076506665899,4.325166329533388,34.8979198162512,13.95672611145,237415000.0,,822159000.0,3.8373864990084763,73.16613489649032,75.17780580075663,0.0,1091619.3666666667,Producer Manufacturing,Industrial Machinery,NYSE:OII,US,55225023.759666674,0.41741962224012924,29.691381984258758,0.49061631804099953,14.919335763869446,cyclical,True,0.0,0.41741962224012924,priority
DLTR,"Dollar Tree, Inc.",128.26,24065460579.999996,15.664960855918023,7.0273945657956665,46.031520254893,11.8047018913349,1978400000.0,,7670800000.0,-7.849169578613378,,,0.0,2302373.9,Retail Trade,Discount Stores,NASDAQ:DLTR,US,295302476.414,0.34030943947050907,44.860594484925294,0.34919200326651917,2.543747769971272,stable_or_general,True,0.08,0.4203094394705091,priority
APA,APA Corporation,42.54,14903953193.0,8.996320263925897,2.124678788423647,25.9477023054309,9.30348672713656,2102000000.0,,3881000000.0,-12.439097146266283,55.13413506012951,58.661879676542625,2.35072872590503,5578202.966666667,Energy Minerals,Integrated Oil,NASDAQ:APA,US,237296754.202,0.3467097070110501,23.617198210954534,0.380922418636139,8.98154320966057,cyclical,True,0.08,0.4267097070110501,priority
ATMU,Atmus Filtration Technologies Inc.,47.73,3894554133.0,18.25448426205683,8.563063111551253,55.7904292569057,13.4257092032581,190400000.0,,1056400000.0000001,13.050464175196383,14.111405835543767,15.536211391454197,0.460926042321391,644994.9666666667,Producer Manufacturing,Auto Parts: OEM,NYSE:ATMU,US,30785609.759,0.3271974154921438,46.9093675209995,0.3891436876415997,15.918611586604536,cyclical,True,0.1,0.42719741549214385,priority
T,AT&T Inc.,26.01,178230554723.0,8.601474916498562,1.6199773539497928,20.0485823953717,5.18654434250765,17654000000.0,,162888000000.0,2.625338753387534,68.98957435133653,72.38057234066811,4.26758938869666,54494407.3333333,Communications,Wireless Telecommunications,NYSE:T,US,1417399534.7399993,0.4290315767405205,18.833715957742324,0.45670620369330756,6.059612663236658,stable_or_general,True,0.0,0.4290315767405205,priority
GEN,Gen Digital Inc.,31.02,18568170135.0,18.006617519010856,6.995845793696973,41.9438358892651,6.58042744656918,1548000000.0,,8176000000.0,20.156139105748757,76.38190954773869,79.82254697286012,1.61186331399097,5085124.866666666,Technology Services,Packaged Software,NASDAQ:GEN,US,157740573.364,0.4293030700994942,38.85152659188193,0.4634725864999436,7.372499991529391,technology_strict,True,0.0,0.4293030700994942,priority
BWLP,BW LPG Limited,23.94,3615766979.766874,8.269089399606228,1.8975201186230912,23.6596905705652,12.8636230374846,590994912.9761999,,931099680.9608399,-7.651255914301518,90.63762714176417,76.06336111999278,7.91878330373002,326862.5333333333,Transportation,Marine Shipping,NYSE:BWLP,US,7825089.048,0.34950116422459576,22.94714722413632,0.36035369969250974,3.011634257446072,cyclical,True,0.08,0.4295011642245958,priority
PTC,PTC Inc.,157.15,17051757484.000002,15.192382057231246,5.014542652330893,35.25461624323,19.3186022037837,934313000.0,,1607694000.0,19.498312687248834,140.05932981879246,143.8529904052429,0.0,1435239.4666666666,Technology Services,Packaged Software,NASDAQ:PTC,US,225547882.18666667,0.43093312808783346,33.00695462660563,0.4602782119434082,6.375510092400971,technology_strict,True,0.0,0.43093312808783346,priority
NMM,Navios Maritime Partners LP,87.16,2477489955.0,5.689555005777026,0.7006189819192715,13.162794948845303,7.21916757086888,47864970.0,,2464615000.01641,13.380576326016582,47.22103786003838,52.73175011465374,0.240936209270308,136678.36666666667,Transportation,Marine Shipping,NYSE:NMM,US,11912886.438666666,0.4322452053601381,12.314126169935632,0.46203481491588183,6.447481573692071,cyclical,True,0.0,0.4322452053601381,priority
AON,Aon plc,355.4,75389380972.0,19.59627483306775,7.850052944785898,44.8827475488791,7.29155993554216,3248000000.0,,15874000000.0,4.364348910397245,50.36496350364964,51.84785156904115,0.859594822734947,1105193.4333333333,Finance,Insurance Brokers/Services,NYSE:AON,US,392785746.20666665,0.4366104105308309,40.05890411140448,0.4891864934340236,10.747656284235418,financial_special,True,0.0,0.4366104105308309,priority
KALU,Kaiser Aluminum Corporation,156.38,2556671162.0000005,11.589541398630422,2.7089116923890284,26.3984184207466,8.3726763056949,87000000.0,,1068900000.0000001,32.83337615621787,255.24256651017217,246.61049603123635,1.96956132497762,260395.13333333333,Non-Energy Minerals,Aluminum,NASDAQ:KALU,US,40720590.950666666,0.4390240814397488,23.37376086951249,0.49583554239862243,11.457722591657326,cyclical,True,0.0,0.4390240814397488,priority
SFM,"Sprouts Farmers Market, Inc.",81.46,7595951631.0,15.608354090821994,5.086776815637748,35.1974264427963,12.393553360845,355179000.0,,2106293000.0000002,7.20446395946375,3.6950886808910774,7.524001813012498,0.0,1792183.9666666666,Retail Trade,Food Retail,NASDAQ:SFM,US,145991305.92466664,0.4434515721252821,32.59009108864892,0.4789294404966655,7.407744308763253,stable_or_general,True,0.0,0.4434515721252821,priority
ERO,Ero Copper Corp.,38.83,4050071450.3550653,13.47640979280688,3.3414138121968686,30.229821447801104,15.704768998806701,153760210.56,,572666974.0,85.25830266258644,105.99948636610132,103.98560173030138,0.0,1388305.9666666666,Non-Energy Minerals,Other Metals/Minerals,NYSE:ERO,US,53907920.68566666,0.4457985243504356,24.794539967019777,0.5435232841880672,17.97986630574917,cyclical,True,0.0,0.4457985243504356,priority
SM,SM Energy Company,36.62,8710215604.000002,7.2187506160184505,1.1131504345907088,16.1264226082871,7.18164203490438,757834000.0,,7036000000.0,75.39189250000238,23.05216337428559,-28.25564292583584,2.29382850901147,3702380.1333333333,Energy Minerals,Integrated Oil,NYSE:SM,US,135581160.48266664,0.44763496476328574,15.420264444661953,0.46813403505005213,4.378889111229578,cyclical,True,0.0,0.44763496476328574,priority
WES,"Western Midstream Partners, LP",48.3,19956332433.0,15.211640211640212,4.686422086534832,33.7354584258281,8.82234911299287,1246714000.0,,9129011000.0,18.00341731532374,1.0434253824565862,-2.286505616248655,7.61904761904762,821690.1333333333,Industrial Services,Oil & Gas Pipelines,NYSE:WES,US,39687633.44,0.4509095450736213,30.808131281915937,0.4937540700681606,8.677300622276341,cyclical,True,0.0,0.4509095450736213,priority
PEP,"PepsiCo, Inc.",141.07,192545251009.0,18.501711542749224,8.720319264938963,51.589495507947504,9.60861290648818,9282000000.0,,53214000000.0,5.624284702163606,38.42384105960265,39.01002734731084,4.07421847309846,7113260.4,Consumer Non-Durables,Food: Specialty/Candy,NASDAQ:PEP,US,1003467644.628,0.35863331014545363,47.13250038943794,0.39254678597308884,8.639346197566411,stable_or_general,True,0.1,0.4586333101454536,priority
SON,Sonoco Products Company,56.47,5583471371.0,8.706310417662385,1.5590721877755707,18.9251949473233,5.62248733433235,354831000.0,,4765630000.0,12.014490716462397,,,3.77191429077386,1034503.1,Process Industries,Containers/Packaging,NYSE:SON,US,58418390.057,0.4600380837236115,17.907381117639684,0.4861855768002963,5.378089010531273,cyclical,True,0.0,0.4600380837236115,priority
CNQ,Canadian Natural Resources Limited,48.99,100992884095.54712,12.376492758122254,3.0764717509283246,26.6851317910414,12.927066664467098,6917504000.0,,14208832000.0,12.69234155170864,35.39138264999797,36.93267598810558,3.55884942764896,6183870.133333334,Energy Minerals,Integrated Oil,NYSE:CNQ,US,302947797.832,0.4637973256057603,24.85737931619881,0.49790014468889987,6.849329016453254,cyclical,True,0.0,0.4637973256057603,priority
BR,"Broadridge Financial Solutions, Inc.",183.64,20938962765.0,19.081066478252737,7.369908907540632,40.9156249431374,12.856268903335,1278400000.0,,3517600000.0,8.529292225512396,33.9249553305539,35.666760642796724,1.91679372685689,1226803.6333333333,Technology Services,Information Technology Services,NYSE:BR,US,225290219.2253333,0.46635158340537874,38.62419805486416,0.49401845058760385,5.600371230936241,technology_strict,True,0.0,0.46635158340537874,priority
ACGL,Arch Capital Group Ltd.,98.84,33727085562.000004,7.723504176662265,1.4523515119722756,19.9358416009857,6.796995530960951,6055000000.0,,4286000000.0,-0.21474204112310086,25.6561328334226,32.18712556294673,0.0,1783730.2666666587,Finance,Multi-Line Insurance,NASDAQ:ACGL,US,176303899.55733255,0.38741801481209537,18.804307976692435,0.41073057228351056,5.675875876929726,financial_special,True,0.08,0.4674180148120954,priority
CON,"Concentra Group Holdings Parent, Inc.",34.26,4368757240.0,22.520212975744425,9.157000053455924,47.8922963752743,6.70877408358609,267418000.0,,2143819000.0,14.018879323063919,31.457732000187516,30.38224202948235,0.729713952130765,886590.9,Health Services,Medical/Nursing Services,NYSE:CON,US,30374604.233999997,0.47022620922748437,40.66124979954028,0.5538495025797028,15.098558897808967,stable_or_general,True,0.0,0.47022620922748437,priority
EBAY,eBay Inc.,105.62,47000901222.0,21.86613667888123,10.075215941773227,46.4414701508392,12.1803086866886,2624000000.0,,7130000000.0,15.17891130567187,1.73992673992674,6.7398846485316035,1.13614845673168,4313223.7666667085,Retail Trade,Internet Retail,NASDAQ:EBAY,US,455562694.2353378,0.47083213791168294,46.07679943528424,0.47455849683293744,0.785226467574196,stable_or_general,True,0.0,0.47083213791168294,priority
PEGA,Pegasystems Inc.,36.17,5946526297.0,20.433873792441105,10.60850029182908,54.693035683241,23.927693227886,492500000.0,,72016000.0,3.5996479766113274,47.15598163479398,53.10959259579623,0.331766657450926,2969504.2,Technology Services,Information Technology Services,NASDAQ:PEGA,US,107406966.914,0.3736101596332207,51.91624652078146,0.3935930496104272,5.0770434073938215,technology_strict,True,0.1,0.47361015963322073,priority
AMG,"Affiliated Managers Group, Inc.",370.87,9590673542.0,12.943948066452604,3.1740027377881086,27.285038316312697,9.4041546090022,1114900000.0,,3004000000.0,11.736397564329208,93.55786618444847,115.62311860325106,0.0107854504273735,269346.3,Finance,Investment Managers,NYSE:AMG,US,99892462.281,0.47439728382986746,24.52113313104454,0.5278690832629244,10.129746395172635,financial_special,True,0.0,0.47439728382986746,priority
PROSY,Prosus NV,8.93,89797570167.55832,8.371613387081654,1.7822679309525853,22.2902579927771,15.406663949736203,1513272230.0,,17627000000.0,57.894137747310815,-5.492930555585379,3.9465991034885968,0.336777135231317,873643.5333333329,Technology Services,Packaged Software,OTC:PROSY,US,7801636.752666662,0.37557274526810674,21.289419954615035,0.39322881529550024,4.490024469372999,technology_strict,True,0.1,0.4755727452681068,priority
FSM,Fortuna Mining Corp.,12.26,3628437156.660411,10.925887902172487,2.055963638810669,22.9591595370397,16.1561978550087,390283667.84,,233885000.79999998,2.0535018684888495,114.24617316235314,105.61420546842004,0.0,5884229.7,Non-Energy Minerals,Precious Metals,NYSE:FSM,US,72140656.122,0.4758836178016839,18.817359808367286,0.5806281015742818,18.039857783080027,cyclical,True,0.0,0.4758836178016839,priority
BTG,B2Gold Corp,5.66,7479050119.3350315,10.63040159628815,1.8848106057054004,22.114772842523,14.5019979789215,159380622.72,,455538696.79999995,65.31154922572104,,,1.41082802547771,25873206.166666668,Non-Energy Minerals,Precious Metals,AMEX:BTG,US,146442346.90333334,0.4806923259843606,17.73038006732996,0.5995585856546726,19.825628806652652,cyclical,True,0.0,0.4806923259843606,priority
BSM,"Black Stone Minerals, L.P.",14.75,3137480927.0,12.31835643895106,3.8590643534955276,25.5934572818154,21.5343609993166,319881000.0,,196000000.0,0.6366497434463853,3.102311190934111,3.662020604276686,8.13559322033898,424787.5,Miscellaneous,Investment Trusts/Mutual Funds,NYSE:BSM,US,6265615.625,0.4813088088612189,31.327753605935897,0.3932090565413861,22.405321254486445,stable_or_general,True,0.0,0.4813088088612189,priority
ERIC,Ericsson,9.95,33797270861.594997,12.723785166240408,3.0607944530406455,26.3025672921734,8.98211265734865,3262946450.0,,4079085362.38848,2.7207728411592207,56.30405314588059,56.368726254749056,2.09497487437186,11055096.8,Electronic Technology,Telecommunications Equipment,NASDAQ:ERIC,US,109998213.16,0.4837468915069177,24.055691078168696,0.528930352692617,8.542421692323876,technology_strict,True,0.0,0.4837468915069177,priority
B,Barrick Mining Corporation,45.65,75134623916.11426,12.05610300269592,2.754884283707782,24.8696483889975,13.0123244848702,5496258915.84,,4676381600.0,42.40158829061854,124.52910776345001,132.02622249078243,1.98896600566572,10744099.133333333,Non-Energy Minerals,Precious Metals,NYSE:B,US,490468125.4366666,0.4847717512576342,22.8505370524103,0.5276069868749202,8.118777173707326,cyclical,True,0.0,0.4847717512576342,priority
CARG,"CarGurus, Inc.",36.56,3256526583.0,19.846913848325283,12.354857459549333,51.40540671846,28.078248707510202,291280000.0,,185142000.0,6.009115567949498,35.56480197256896,48.40087005558688,0.0,881842.5,Technology Services,Internet Software/Services,NASDAQ:CARG,US,32240161.8,0.3860861165251346,62.25077386825991,0.31882196180126077,21.097716839783853,technology_strict,True,0.1,0.48608611652513456,priority
DRI,"Darden Restaurants, Inc.",215.63,24483009331.0,20.755806678281626,11.143208549517333,53.7178011861556,8.3642591080283,1092700000.0,,8010600000.0,9.391638444276996,14.978561219628395,17.071219292314616,2.83819505634652,1120411.4333333333,Consumer Services,Restaurants,NYSE:DRI,US,241594317.36966667,0.3863860065000373,53.68718605949108,0.3866063431836788,0.05699251642563574,stable_or_general,True,0.1,0.48638600650003727,priority
UGP,Ultrapar Participacoes S.A. (New),6.45,7092957580.773899,10.65939514129896,1.9899300285069046,21.7461061930437,7.45652311207391,1116068500.0,,3779666727.84706,20.259257812835962,29.877434244013862,32.08906352324819,3.24280620155039,3171486.3666666667,Retail Trade,Specialty Stores,NYSE:UGP,US,20456087.065,0.4901748867900205,18.668320313946168,0.57098844256148,14.153273472388717,stable_or_general,True,0.0,0.4901748867900205,priority
DINO,HF Sinclair Corporation,99.71,17726826922.0,9.516129032258064,1.7235612429484979,19.41023151224,10.5979853224321,2310000000.0,,3244000000.0,16.25539972603217,,,2.00581686891987,2742240.533333333,Energy Minerals,Oil Refining/Marketing,NYSE:DINO,US,273428803.5786666,0.49026355127486443,18.111999502170658,0.5254046650739799,6.688390137184519,cyclical,True,0.0,0.49026355127486443,priority
EOG,"EOG Resources, Inc.",143.35,75191260410.0,11.151389742432846,2.3641145389168545,22.5066282609407,13.606815280952201,6621000000.0,,8250000000.0,17.12869549960523,19.958129797627354,24.99538130937449,2.8461806766655,2824915.966666667,Energy Minerals,Integrated Oil,NYSE:EOG,US,404951703.82166666,0.4954713612871818,21.200178574344104,0.5260045194113583,5.8047330388616425,cyclical,True,0.0,0.4954713612871818,priority
ORI,Old Republic International Corporation,42.07,10157082970.0,9.213753832676304,1.6725532696488234,18.5701233439927,5.09390517065835,1279900000.0,,2284000000.0,12.128135890512128,27.40094022834117,29.326460091769093,2.87615878298075,1127285.2666666666,Finance,Specialty Insurance,NYSE:ORI,US,47424891.16866666,0.4961600772380914,18.152788754971542,0.5075668514102503,2.2473441952455486,financial_special,True,0.0,0.4961600772380914,priority
THG,Hanover Insurance Group Inc,227.67,7927519639.000001,10.860563850593902,2.163562348598388,21.8847985135292,5.28272532000855,1253100000.0,,844000000.0,5.57497814958172,36.07059247253736,37.99164006187672,1.64712083278429,298256.63333333336,Finance,Property/Casualty Insurance,NYSE:THG,US,67904087.711,0.49626062784539193,19.921270924438012,0.5451742457490967,8.972107227203107,financial_special,True,0.0,0.49626062784539193,priority
QBCRF,Quebecor Inc.,44.16,9930268325.584488,15.360025644564553,5.1215761984766655,36.880457928771,7.390992839217131,1104857600.0,,5045075200.0,-1.163760977889037,16.721029166925387,17.628946703237673,2.44419097278801,119193.46666666666,Communications,Major Telecommunications,OTC:QBCRF,US,5263583.487999999,0.4164814242336716,33.34353937285929,0.4606597239964029,9.590224076779997,stable_or_general,True,0.08,0.49648142423367164,priority
HLNE,Hamilton Lane Incorporated,106.04,5851882862.999999,16.15601432162718,4.893884306064374,32.4948206392374,12.7117560533406,423531000.0,,364790000.0,24.007281237810428,30.01771929989915,26.17505142351833,2.09354960392305,678002.1666666666,Finance,Investment Managers,NASDAQ:HLNE,US,71895349.75333333,0.49718736721134066,30.291408565497473,0.5333530227455057,6.78081008109741,financial_special,True,0.0,0.49718736721134066,priority
MMS,"Maximus, Inc.",59.75,3128376243.0000005,8.827005466095436,1.7973562769246225,21.1115876737932,8.40149451720407,433230000.0,,1731818000.0,-3.3218076194970796,17.276521739130434,24.75349711568587,2.10878661087866,591015.9333333333,Commercial Services,Miscellaneous Commercial Services,NYSE:MMS,US,35313202.016666666,0.41811187308535824,20.36201613138539,0.43350351012097277,3.5505218934258176,financial_special,True,0.08,0.49811187308535826,priority
VLO,Valero Energy Corporation,352.36,101454115488.0,14.616380168580342,4.058051932377165,29.303775545549005,11.5894146467251,10120000000.0,,11349000000.0,12.921579878930906,847.4308300395257,899.6350970310168,1.34237711431491,2462632.333333338,Energy Minerals,Oil Refining/Marketing,NYSE:VLO,US,867733128.973335,0.49878829251408346,27.763727308492104,0.5264559763958503,5.255460118656352,cyclical,True,0.0,0.49878829251408346,priority
AGI,Alamos Gold Inc.,36.75,15383714149.760323,13.570868961018704,3.205402126392772,27.203874936437,19.0127212762954,308992154.24,,216040440.0,40.40638795794529,224.0400747532038,223.4948253194788,0.352158090393269,4782936.466666667,Non-Energy Minerals,Precious Metals,NYSE:AGI,US,175772915.15,0.4988579381697501,23.619726456721732,0.5745565676166706,13.175139527327573,cyclical,True,0.0,0.4988579381697501,priority
TJX,"TJX Companies, Inc. (The)",135.12,149267662291.0,24.991214604102318,13.969558933301354,62.17144028283029,17.3342857142857,5876000000.0,,14317000000.0,7.661631419939577,21.97426618415762,23.37585286265203,1.29884547069272,6120488.5,Retail Trade,Apparel/Footwear Retail,NYSE:TJX,US,827000406.12,0.40197258565045774,55.89787913312642,0.44708699134332497,10.090744433721,stable_or_general,True,0.1,0.5019725856504578,priority
KBR,"KBR, Inc.",38.03,4794356632.0,11.469328668797878,2.9305355952578185,27.0893371757925,6.2852897473997,347000000.0,,2798000000.0,-4.370975730559683,9.32642487046632,13.13634502524907,1.7354719957928,1513629.3666666667,Technology Services,Information Technology Services,NYSE:KBR,US,57563324.814333335,0.42338904766732605,25.551064756129037,0.4488786975519947,5.678516272587464,technology_strict,True,0.08,0.5033890476673261,priority
G,Genpact Limited,38.02,6388668291.0,11.325250960650562,2.452572524091913,22.4468583474849,10.8696236167979,572106000.0,,1414616000.0,6.890963124494866,8.239241169455063,11.38354346383544,1.88058916359811,2412886.1333333333,Commercial Services,Miscellaneous Commercial Services,NYSE:G,US,91737930.78933334,0.5045361264071737,21.65578963868743,0.5229664283595706,3.5241845275247763,financial_special,True,0.0,0.5045361264071737,priority
ASO,"Academy Sports and Outdoors, Inc.",43.5,2697799164.0,7.654407883160303,1.3025005015375495,18.848001006834,7.17682842876695,237191000.0,,1950911000.0,3.7727177759022297,-1.2057227378847928,4.694005379315417,1.28735632183908,1417811.5,Retail Trade,Specialty Stores,NASDAQ:ASO,US,61674800.25,0.40611245088457554,17.01634563273079,0.4498267752881745,9.718035209352326,stable_or_general,True,0.1,0.5061124508845756,priority
KNSL,"Kinsale Capital Group, Inc.",380.61,8669696088.0,15.426612030495738,4.260054376385726,30.2683006860337,10.2613801566596,1000771000.0,,224535000.0,15.820832126877212,27.318317061103137,28.788653874261378,0.220698352644439,268424.76666666666,Finance,Multi-Line Insurance,NYSE:KNSL,US,102165150.441,0.5096623094409074,27.61497059733101,0.5586322091534917,8.766035847948949,financial_special,True,0.0,0.5096623094409074,priority
CIG,Comp En De Mn Cemig,1.99,6783408617.7415,6.567656765676568,1.0097268663456513,15.9728325411391,6.850679303608,565389740.0,,4395317767.75278,12.930283850563098,-24.569223855238597,-24.58934793429567,10.6327638190955,4642739.533333359,Utilities,Electric Utilities,NYSE:CIG,US,9239051.671333386,0.4111767120052832,15.374233191092078,0.42718597305275086,3.747609251554418,stable_or_general,True,0.1,0.5111767120052833,priority
HTGC,"Hercules Capital, Inc.",17.48,3271626660.0,8.779948766889348,1.4389164333640927,17.1598757627833,8.46351731579779,329270000.0,,2350081000.0,44.00340653324412,47.966564046607694,32.06633499170811,9.1533180778032,1699211.2,Finance,Finance/Rental/Leasing,NYSE:HTGC,US,29702211.776,0.5116557303947086,16.388665487325923,0.5357329901985777,4.4942649126282985,financial_special,True,0.0,0.5116557303947086,priority
DUOL,"Duolingo, Inc.",146.98,6876607915.0,17.62751706024154,4.871454002079432,34.4202821131293,22.7161972641042,407931000.0,,86136000.0,29.35653989371317,250.53463386327368,246.51124132485563,0.0,1246562.1666666667,Technology Services,Packaged Software,NASDAQ:DUOL,US,183219707.25666666,0.512125873992116,27.63550865065894,0.6378575217511414,19.711556808775764,technology_strict,True,0.0,0.512125873992116,priority
SFD,"Smithfield Foods, Inc.",21.94,8639257527.0,8.16888822697148,1.2334525370949327,15.9037955655769,9.12068965517241,791000000.0,,2396000000.0,4.168350168350169,16.519823788546255,15.982208403506492,5.12762078395624,1406990.0666666667,Consumer Non-Durables,Food: Meat/Fish/Dairy,NASDAQ:SFD,US,30869362.06266667,0.5136439407365558,15.099392999678988,0.541007723101528,5.057928232169983,stable_or_general,True,0.0,0.5136439407365558,priority
INCY,Incyte Corporation,124.37,25209520210.0,15.850581158238173,3.939771577511529,30.6672829098088,23.548749558292,1920466000.0,,38267000.0,26.925519673299608,85.14623307726757,78.375920705647,0.0,1625089.2333333334,Health Technology,Pharmaceuticals: Major,NASDAQ:INCY,US,202112347.94966668,0.5168563907293017,24.855691650547932,0.637704288461784,18.950460255486334,health_special,True,0.0,0.5168563907293017,priority
EQNR,Equinor ASA,41.39,99048271452.62207,11.263811027050563,2.4030408714347007,21.3550777079113,6.481802886831501,9598089140.0,,32420271797.37,6.809882876596938,10.359374122063048,21.6956449743335,2.75066441169365,3279598.2,Energy Minerals,Integrated Oil,NYSE:EQNR,US,135742569.498,0.5274535256257916,21.334172472031774,0.5279703743755216,0.09789351350278919,cyclical,True,0.0,0.5274535256257916,priority
DLO,DLocal Limited,15.03,4240130326.0,21.98654183733177,8.023916931372286,41.2815925392301,11.953269650620403,450739800.0,,67371000.0,57.02655064033165,39.80014255950574,34.6464447508371,1.30848968729208,2344775.2,Technology Services,Packaged Software,NASDAQ:DLO,US,35241971.256000005,0.5325991679327258,36.49467474574914,0.6024589064160036,11.595768232371196,technology_strict,True,0.0,0.5325991679327258,priority
MC,Moelis & Company,68.4,5548863360.0,23.815326764388427,10.017648049560997,44.6780004051725,16.596332850061,433406000.0,,262753000.0,13.691499036074436,15.223701280672794,13.172826857908435,3.80116959064327,879434.8,Finance,Investment Banks/Brokers,NYSE:MC,US,60153340.32000001,0.5330437026817176,42.063869829158094,0.5661706081992478,5.851046493369383,financial_special,True,0.0,0.5330437026817176,priority
RLI,RLI Corp.,64.31,5901919612.0,13.518456234759944,3.368442444993718,25.1636468760827,8.21521042371067,517015999.99999994,,318698000.0,10.286713341277158,35.63692465611541,36.083299959951944,1.02627896128129,785567.8666666667,Finance,Multi-Line Insurance,NYSE:RLI,US,50519869.505333334,0.5372216635104999,24.91736028506315,0.542531635779399,0.9787396565862472,financial_special,True,0.0,0.5372216635104999,priority
WSM,"Williams-Sonoma, Inc.",235.09,27681050713.0,24.050373916868715,12.931897543770093,54.9610894488196,21.9677467615691,1343494000.0,,1527946000.0,2.24013280613107,3.564966411827534,7.441277657481413,1.20804798162406,955575.3333333334,Retail Trade,Specialty Stores,NYSE:WSM,US,224646205.11333334,0.43758910454758543,53.77004776919405,0.44728198903791305,2.167063447195061,stable_or_general,True,0.1,0.5375891045475855,priority
INFY,Infosys Limited,12.05,48591231228.67911,14.7671568627451,5.070055118441537,32.270269242209,19.7567200496517,3922432380.0,,922999722.688077,-0.6411374642547443,4.255659292050957,5.740572761435777,3.70478008298755,21122371.033333335,Technology Services,Information Technology Services,NYSE:INFY,US,254524570.9516667,0.45760872808057934,34.333319308284594,0.43011154063341034,6.39303642182556,technology_strict,True,0.08,0.5376087280805794,priority
WLY,"John Wiley & Sons, Inc.",53.71,2731110487.9999995,12.70821502933939,3.2200973403470825,27.694370576238704,8.38936540227631,209353000.0,,768895000.0,-0.06443694567685318,163.32505554829436,175.1383373478289,2.64848259169615,402479.8333333333,Consumer Services,Publishing: Books/Magazines,NYSE:WLY,US,21617191.848333333,0.45887358206446555,25.338706757108376,0.5015336872223876,8.5059301587863,stable_or_general,True,0.08,0.5388735820644656,priority
GSK,GSK plc,50.82,100940292503.90948,16.010837717778266,4.3892605624679355,29.687288133774604,7.94983447029918,8723438570.0,,24206385500.0,8.81509938017142,46.49498886015253,47.94910040085766,3.4743093270366,3844286.566666667,Health Technology,Pharmaceuticals: Major,NYSE:GSK,US,195366643.31800002,0.5393162772440326,27.414309231266188,0.5840321411242347,7.65640462768472,health_special,True,0.0,0.5393162772440326,priority
AA,Alcoa Corporation,50.32,13279922125.999998,10.322051282051282,1.8018889038091401,19.1040355423917,8.10225167226706,352000000.0,,2225000000.0,6.136241456109362,28.48605577689243,25.044887908479964,0.794912559618442,5013169.933333308,Non-Energy Minerals,Aluminum,NYSE:AA,US,252262711.04533207,0.5403073742794675,17.456693970726466,0.5912947376725838,8.623003071836798,cyclical,True,0.0,0.5403073742794675,priority
FERG,Ferguson Enterprises Inc.,228.49,44202011459.0,20.45275520068746,7.128176779033696,37.4679213003867,12.2233695197589,1626597980.0,,6887000000.02112,8.17111512468635,33.53658536563654,37.48477054284554,2.26176419099304,3352987.2333333334,Distribution Services,Wholesale Distributors,NYSE:FERG,US,766124052.9443334,0.5458737632310648,34.851914615367335,0.5868473920703678,6.981990444696384,stable_or_general,True,0.0,0.5458737632310648,priority
CHDN,"Churchill Downs, Incorporated",89.9,6266051780.0,15.425796599118037,4.692767291986174,34.3070595148157,5.48712130874623,568600000.0,,4781000000.0,5.7320564017387,-4.263293511360974,0.17704895489548914,0.487208008898776,1029450.5,Consumer Services,Movies/Entertainment,NASDAQ:CHDN,US,92547599.95,0.4496391360051222,30.421555618427387,0.5070679748465624,11.325668685508694,stable_or_general,True,0.1,0.5496391360051222,priority
UBER,"Uber Technologies, Inc.",78.82,160994592817.0,17.324980767117264,5.886376943206394,38.3820170693593,15.7312596996297,10116000000.0,,14731000000.0,16.68251251822273,-24.13274196103279,-22.807404516687306,0.0,18794755.4,Transportation,Other Transportation,NYSE:UBER,US,1481402620.6279998,0.4513827591658268,33.97623941019727,0.509914607027331,11.478754884612863,stable_or_general,True,0.1,0.5513827591658268,priority
LRN,"Stride, Inc.",86.84,3609056785.0,12.050566865104146,2.2065912129695935,21.7350675525427,14.301351661937101,433227000.0,,545980000.0,4.688111925325467,17.451839092036217,19.757702662279378,0.0,977147.9,Consumer Services,Other Consumer Services,NYSE:LRN,US,84855523.636,0.5544296945925249,18.311098869210937,0.6581017857626492,15.753200099583786,stable_or_general,True,0.0,0.5544296945925249,priority
TROW,"T. Rowe Price Group, Inc.",111.24,23729253772.000004,11.157584328829776,2.156675787882677,20.1020266196726,14.5949076412318,2822900000.0,,649500000.0,6.97025629464726,9.090451502491568,11.482723918148286,4.62064005753326,1677633.5,Finance,Investment Managers,NASDAQ:TROW,US,186619950.54,0.5550477342374298,19.329235830287224,0.5772387706784982,3.8443426824890103,financial_special,True,0.0,0.5550477342374298,priority
TSCO,Tractor Supply Company,34.72,18090512911.0,18.128654970760234,6.885050200186007,39.5134280929207,8.90745215710701,306981000.0,,6544978000.0,3.9757646603875236,-6.932379523751275,-5.799026117751223,2.7073732718894,11275131.266666668,Retail Trade,Specialty Stores,NASDAQ:TSCO,US,391472557.5786667,0.4587973214606555,37.978825297800235,0.47733585303414483,3.8837500798757807,stable_or_general,True,0.1,0.5587973214606555,priority
MGY,Magnolia Oil & Gas Corporation,26.25,6220425682.0,11.502563428421192,2.2461488174133435,20.5377177813271,13.991493746617401,352002000.0,,413131000.0,11.351103252384267,16.092789947847823,18.921313183949962,2.4,6089279.566666666,Energy Minerals,Oil & Gas Production,NYSE:MGY,US,159843588.625,0.560070186516991,19.527376061786633,0.5890480826520621,4.919444946600004,cyclical,True,0.0,0.560070186516991,priority
RHHBY,Roche Holding Ltd,55.19,355877156022.95483,22.832202548403114,8.679842916704018,40.6797018881509,12.933697850399101,19018159600.0,,39428500588.855194,8.127929280498456,42.72586940826132,42.28867435837059,1.81324877695235,2034913.5333333334,Health Technology,Pharmaceuticals: Major,OTC:RHHBY,US,112306877.90466666,0.5612676958936523,38.01579325649022,0.6005978198154553,6.548495952564048,health_special,True,0.0,0.5612676958936523,priority
HTHT,H World Group Limited,47.82,14464285547.815351,21.614536250226,7.07842516141829,38.2030520399068,7.82306421692539,1140177290.0,,5045244200.78403,13.026854876093044,38.331534956581244,34.828447803034926,4.32873274780427,1670817.3666666667,Consumer Services,Hotels/Resorts/Cruise lines,NASDAQ:HTHT,US,79898486.474,0.5657803525133939,32.748447986452994,0.6600171177323351,14.277927448717808,cyclical,True,0.0,0.5657803525133939,priority
LNG,"Cheniere Energy, Inc.",282.33,58310783562.0,21.007946901601287,9.480924982050952,45.0612498061715,6.27984873041599,2791000000.0,,26556000000.0,21.64749903703296,-24.499870096128866,-21.674311258239555,0.766833138525839,1585116.0666666667,Industrial Services,Oil & Gas Pipelines,NYSE:LNG,US,447525819.102,0.4662087046401469,45.130183479892025,0.4654965985449955,0.15297772258213715,cyclical,True,0.1,0.5662087046401469,priority
VNT,Vontier Corporation,32.76,4429151673.000001,13.607476635514017,3.7492575302738804,29.0690389675479,8.27901222819622,384800000.0,,1931100000.0,0.8844611034392056,-11.921032649962035,-8.271736645584085,0.305250305250305,1492858.8333333333,Transportation,Other Transportation,NYSE:VNT,US,48906055.379999995,0.46810892684498906,27.552922784292946,0.49386690268922073,5.215570370068024,stable_or_general,True,0.1,0.568108926844989,priority
EXE,Expand Energy Corporation,98.16,22724412303.0,8.472806055950212,1.1851504130459272,14.892762470881202,9.96809921502563,2476000000.0,,3728000000.0,42.486988006336276,1250.0,2897.490297542044,2.34311328443358,3096959.3333333335,Energy Minerals,Integrated Oil,NASDAQ:EXE,US,303997528.16,0.5689210495713276,13.987696699532377,0.605732754859738,6.077218871370826,cyclical,True,0.0,0.5689210495713276,priority
EME,"EMCOR Group, Inc.",740.17,32648824985.999996,22.96703126212086,8.027923816882598,40.3662123371855,15.510205489277102,1171382000.0,,548028000.0,18.921375573376714,30.209787552442364,33.73516474396216,0.195900941675561,403449.8333333333,Industrial Services,Engineering & Construction,NYSE:EME,US,298621463.1383333,0.5689667157838226,34.95412064911898,0.6570621956899305,13.407479609081086,cyclical,True,0.0,0.5689667157838226,priority
LDOS,"Leidos Holdings, Inc.",140.66,17651734773.0,13.109040074557315,3.34059511801924,27.669414840136703,9.4307940098009,2163000000.0,,6578000000.0,3.407025156863895,-1.8544935805991443,1.4695591322603239,1.20147874306839,1445120.2333333334,Technology Services,Packaged Software,NYSE:LDOS,US,203270612.02066666,0.473773664903878,25.483140634399582,0.514420112600308,7.901411064775232,technology_strict,True,0.1,0.573773664903878,priority
PSX,Phillips 66,244.01,97365088725.0,13.888746591989253,3.090366594911464,24.0113904096818,8.97991784573254,6394000000.0,,20565000000.0,15.5961228273814,314.4528964306612,322.8171929149018,2.02450719232818,2618688.933333333,Energy Minerals,Oil Refining/Marketing,NYSE:PSX,US,638986286.6226666,0.5784232547561708,22.250867451883128,0.6241889949694445,7.332032538560529,cyclical,True,0.0,0.5784232547561708,priority
AEO,"American Eagle Outfitters, Inc.",16.87,2826962281.0,10.42967542503864,1.7183600713012477,17.9812452086212,7.14574405623489,185027000.0,,1874689000.0,6.220840196694059,42.53392975143598,65.52394596807204,2.963841138115,4283833.7,Retail Trade,Apparel/Footwear Retail,NYSE:AEO,US,72268274.51900001,0.5800307656133892,16.47568118156353,0.6330345501410625,8.372968665906487,stable_or_general,True,0.0,0.5800307656133892,priority
PAYX,"Paychex, Inc.",127.04,45185951029.0,25.97742515949616,12.09483170628143,44.7686027139423,10.752445125937,2321800000.0,,4630300000.0,16.876357305669725,6.202860073613709,6.805276491657191,3.57367758186398,2689763.3333333335,Technology Services,Data Processing Services,NASDAQ:PAYX,US,341707533.8666667,0.5802599050384479,46.55900895497379,0.5579462652355501,3.9992453024983554,technology_strict,True,0.0,0.5802599050384479,priority
AMX,"America Movil, S.A.B. de C.V.",23.18,71338175987.17914,13.968062669478758,3.238941070275799,24.0483718778005,5.00254436348133,7898689250.0,,39563731082.3377,13.40167132221154,74.12242080810877,76.61770966368667,2.55698878343399,2766829.0000000102,Communications,Wireless Telecommunications,NYSE:AMX,US,64135096.22000024,0.5808319473956962,23.18819113944214,0.6023782789041991,3.5768772319776154,stable_or_general,True,0.0,0.5808319473956962,priority
ETOR,eToro Group Ltd.,31.03,2513744331.0,11.433308769344142,1.8855736902007896,19.4951918775158,14.6545932828254,279930100.0,,35005000.0,9.86785608281414,39.1979597596153,20.008843687817826,0.0,1230065.3333333333,Technology Services,Packaged Software,NASDAQ:ETOR,US,38168927.29333333,0.586468132305505,16.491933597179962,0.6932667235150146,15.405122961623963,technology_strict,True,0.0,0.586468132305505,priority
ERIXF,Ericsson (L.M.) Telephone Co.,9.95,33194197349.705452,13.124729541534332,3.079431795612319,25.8350585707173,8.82651033030473,3202699500.0,,4054390600.0,-9.649434541634752,39.00459924692466,39.06823744568052,3.01777594047127,932258.2666666667,Electronic Technology,Telecommunications Equipment,OTC:ERIXF,US,9275969.753333334,0.5080201194670614,23.462820973698495,0.5593841233433515,9.182241993086171,technology_strict,True,0.08,0.5880201194670613,priority
RRC,Range Resources Corporation,41.46,9688352671.0,11.441344482159119,2.057475319973143,19.45296913805,11.7184814346494,680416000.0,,1016557000.0,16.839997427726253,79.53491870164979,82.40712775596496,0.916546068499759,2772940.1666666665,Energy Minerals,Oil & Gas Production,NYSE:RRC,US,114966099.31,0.5881541476246859,17.982810701849196,0.6362378313298148,7.557501509243513,cyclical,True,0.0,0.5881541476246859,priority
ECG,"Everus Construction Group, Inc.",115.73,5909617812.999999,23.27822029125433,7.643055505106708,39.5245454757263,14.380194899871402,250372000.0,,364150000.0,30.5341115385298,53.520965309200605,53.09006928406465,0.0,562323.0666666667,Industrial Services,Engineering & Construction,NYSE:ECG,US,65077648.505333334,0.588956052778658,32.83350449251577,0.7089776327884975,16.928824614364714,cyclical,True,0.0,0.588956052778658,priority
NFG,National Fuel Gas Company,82.97,7885892476.0,11.542046323989705,2.0096215749600717,19.5755806461853,7.146561630807441,222266000.0,,3567401000.0,12.534718978818816,177.27405241827864,169.00048647232722,2.60335060865373,590808.9,Energy Minerals,Integrated Oil,NYSE:NFG,US,49019414.433,0.5896145065939031,17.411310945643578,0.6629050713081199,11.055966817328988,cyclical,True,0.0,0.5896145065939031,priority
BURL,"Burlington Stores, Inc.",272.95,17145408785.0,24.485310607759583,8.563078152872357,41.4131366036882,7.38054715524393,412334000.0,,5906117000.0,10.889680464721154,30.711297224286305,31.537027422476054,0.0,1017088.5333333333,Retail Trade,Apparel/Footwear Retail,NYSE:BURL,US,277614315.17333335,0.5912450158527464,34.97230764211197,0.7001342564616911,15.552622886822398,stable_or_general,True,0.0,0.5912450158527464,priority
SAIC,Science Applications International Corporation,125.96,5325188352.0,14.166338638025078,3.8062407117875607,27.663934426229496,7.678452933927391,603000000.0,,2675000000.0,-2.903182847249967,14.730878186968837,24.508142775124984,1.17497618291521,418031.63333333336,Technology Services,Information Technology Services,NASDAQ:SAIC,US,52655264.534666665,0.512086907804166,26.868203627230155,0.5272529133160171,2.8764194808272414,technology_strict,True,0.08,0.592086907804166,priority
RELY,"Remitly Global, Inc.",26.55,5620211406.0,19.10896789981287,4.987245425071099,32.2455689645147,22.3151228441638,344543000.0,,38264000.0,23.786269630302527,2066.0819544066476,2126.6025641025644,0.0,3085516.1,Commercial Services,Miscellaneous Commercial Services,NASDAQ:RELY,US,81920452.455,0.5926075586026014,26.098978506944572,0.7321730195198346,19.06181424286317,financial_special,True,0.0,0.5926075586026014,priority
LAUR,"Laureate Education, Inc.",38.8,5344675028.999999,17.417066930017505,4.682625408070288,29.3492407611268,14.4321338584867,286576000.0,,733992000.0,17.891922081653348,26.25627252809386,31.404471185040993,0.0,915268.2666666667,Commercial Services,Miscellaneous Commercial Services,NASDAQ:LAUR,US,35512408.74666667,0.5934418226275375,26.885269643191187,0.6478293564159381,8.3953487519144,financial_special,True,0.0,0.5934418226275375,priority
QSR,Restaurant Brands International Inc.,78.26,35570065533.00001,23.131262376969232,9.189479889059282,38.956327612872,5.50581739304779,1523625260.0,,15651000000.0,6.512189765240913,48.19557625182856,28.374122557389498,3.24559161768464,2302139.566666667,Consumer Services,Restaurants,NYSE:QSR,US,180165442.48733336,0.593774202918608,39.72753297809132,0.5822476414461858,1.9796664944477183,stable_or_general,True,0.0,0.593774202918608,priority
RL,Ralph Lauren Corporation,354.04,21077796975.0,22.320995126502872,7.753080461094116,37.5374744600813,12.7562376301872,1043200000.0,,3003900000.0,14.676292565091492,23.681892538064677,26.61185392137298,1.05567167551689,579995.0333333333,Consumer Non-Durables,Apparel/Footwear,NYSE:RL,US,205341441.60133335,0.5946323093803186,34.73447495129141,0.6426178935424786,7.467203239180886,stable_or_general,True,0.0,0.5946323093803186,priority
VMI,"Valmont Industries, Inc.",476.28,9194517389.0,18.542107885885137,5.1873690373927746,31.0677124606998,14.850400574709898,322095000.0,,871741000.0,3.7964786278082405,132.28886776073747,139.09672254749557,0.60888552952045,202571.5,Producer Manufacturing,Metal Fabrication,NYSE:VMI,US,96480754.02,0.5968288752942668,27.976156051500325,0.662782544240589,9.951026851784617,cyclical,True,0.0,0.5968288752942668,priority
CVE,Cenovus Energy Inc,31.58,58241256743.27762,12.527705349639609,2.4197513004439224,20.9433962264151,11.0139079528353,5321536000.0,,8188224000.0,0.022146018721279567,138.54426457704366,141.60591206894858,1.86745616032794,7271688.933333334,Energy Minerals,Integrated Oil,NYSE:CVE,US,229639936.51466668,0.5981697148927019,19.315199654767845,0.6485931066494163,7.7742719186760905,cyclical,True,0.0,0.5981697148927019,priority
LOGI,Logitech International S.A. - Registered Shares,97.96,13824289131.732601,18.325663312405545,5.992676606852633,34.9595190107701,20.4036678634583,1004091336.659,,84211351.86542001,-4.164577903096627,13.093109124091413,16.328958034319864,1.57736604907361,1039117.7333333333,Electronic Technology,Computer Peripherals,NASDAQ:LOGI,US,101791973.15733331,0.5241966660571015,32.7010078963739,0.5604005653427462,6.460360949761368,technology_strict,True,0.08,0.6041966660571014,priority
STZ,"Constellation Brands, Inc.",130.69,16930000815.999998,12.467802560531185,2.714401134860188,23.5086430729781,8.22331501823246,1834200000.0,,10533800000.0,-9.988172032323153,,,3.13719488866784,1729593.4333333333,Consumer Non-Durables,Beverages: Alcoholic,NYSE:STZ,US,226040565.80233333,0.5303497323017441,21.771287455682504,0.5726718084959636,7.390284551525594,stable_or_general,True,0.08,0.610349732301744,priority
CSL,Carlisle Companies Incorporated,356.53,14159280223.999998,20.32077332132618,8.774358485936489,39.3975065546578,12.528394347504298,864800000.0,,2884900000.0,1.9033148066695988,-9.98393673545039,-2.518557205084889,1.23411774605223,454828.4666666667,Producer Manufacturing,Building Products,NYSE:CSL,US,162159993.22066665,0.5157883099310948,43.17925478125384,0.4706142666025906,9.59895322651818,cyclical,True,0.1,0.6157883099310948,priority
MAT,"Mattel, Inc.",15.14,4325498283.0,11.150390337310355,2.164786895747066,20.5024152411392,6.78210028020173,434607000.0,,2746311000.0,2.8952140335620222,-18.76364714400551,-12.456479690522247,0.0,3798109.9,Consumer Durables,Recreational Products,NASDAQ:MAT,US,57503383.886,0.543857404416261,19.414449452083,0.5743346142691683,5.3065249935682735,stable_or_general,True,0.1,0.6438574044162609,priority
ALV,"Autoliv, Inc.",122.07,8940067516.0,14.3741978027154,3.5903881013355936,25.9326477112321,7.57673952748483,757000000.0,,2189000000.0,5.8874127879193345,-10.06993006993007,-7.086433260393877,2.8344392561645,580816.2333333333,Producer Manufacturing,Auto Parts: OEM,NYSE:ALV,US,70900237.60299999,0.5542896337765605,24.978006777236228,0.5754741733762104,3.68123203085966,cyclical,True,0.1,0.6542896337765605,priority
POOL,Pool Corporation,188.07,6834604711.0,17.29363408152569,5.4243164083624515,31.083936796925197,10.7027445936255,301133000.0,,1695166000.0,2.2340357989278705,-2.693121628399124,0.3534253654215226,2.68517041527091,767143.2666666667,Distribution Services,Wholesale Distributors,NASDAQ:POOL,US,144276634.162,0.5563527617015475,31.365971910768593,0.551350174345735,0.9073339573618222,stable_or_general,True,0.1,0.6563527617015474,priority
AB,AllianceBernstein Holding L.P.,36.88,3436302147.0,10.88869205786832,2.7362846329572426,19.3858871535543,19.3608701147118,313888000.0,,0.0,,-17.086527058111862,0.9357491953748985,9.24620390455531,278704.2,Finance,Investment Managers,NYSE:AB,US,10278610.896000002,0.5616813907777203,25.129598839008082,0.4333014676289246,29.628314866161286,financial_special,True,0.1,0.6616813907777203,priority
QCOM,QUALCOMM Incorporated,164.19,172437904424.00003,19.002592472570715,6.274814639017584,33.7507062533034,16.5001915725882,10416000000.0,,15270000000.0,1.8748410661858197,-20.02936603903956,-16.66602368735774,2.18649126012546,11050516.633333333,Electronic Technology,Semiconductors,NASDAQ:QCOM,US,1814384326.027,0.5630279950278317,33.020834647035464,0.575472809082272,2.1625372837834944,technology_strict,True,0.1,0.6630279950278317,priority
FIZZ,National Beverage Corp.,32.58,3049882347.0,16.616514510123935,4.7986991371768095,34.0179288384969,23.9508587972925,156112000.0,,58936000.0,-1.731546238660711,-1.6984172014923378,-1.6798716277203825,0.0,342381.4666666667,Consumer Non-Durables,Beverages: Non-Alcoholic,NASDAQ:FIZZ,US,11154788.184,0.4884634390592177,28.87909575893975,0.5753820912131629,15.106249131022098,stable_or_general,True,0.18,0.6684634390592177,priority
EXP,Eagle Materials Inc,197.56,6060216833.000001,15.626656120229384,4.092807030446416,27.030126504596304,11.021152753981,170513000.0,,1795407000.0,1.6805094578678674,-11.119010191285303,-6.856894468511478,0.506175339137477,446300.43333333335,Non-Energy Minerals,Construction Materials,NYSE:EXP,US,88171113.60933334,0.5781199772621178,26.191188946354934,0.5966379056802676,3.10371302960315,cyclical,True,0.1,0.6781199772621178,priority
LOPE,"Grand Canyon Education, Inc.",151.19,3940772973.0000005,18.26429408424842,5.924219828170588,30.9786975339986,23.1118047444936,242562000.0,,104212000.0,6.967770094401563,-5.202317026764196,0.33574943637731414,0.0,316801.86666666664,Commercial Services,Miscellaneous Commercial Services,NASDAQ:LOPE,US,47897274.221333325,0.5895759195235263,32.43607336173908,0.5630858544608116,4.704445130854951,financial_special,True,0.1,0.6895759195235263,priority
SBS,Companhia de saneamento Basico Do Estado De Sao Paulo - Sabesp,4.87,17195820266.029102,11.247113163972287,1.9666834931852601,18.7516566120325,7.630108243797171,1033760890.0,,9916202436.26774,9.425580546496187,-23.51370164458964,-22.8576518795653,1.83306160164271,9085928.133333335,Utilities,Water Utilities,NYSE:SBS,US,44248470.00933334,0.5997930421120914,17.486118122160526,0.6432024012075375,6.748942325767137,stable_or_general,True,0.1,0.6997930421120914,priority
NVR,"NVR, Inc.",6396.27,17045164189.0,16.58777691159835,4.850125689235112,31.5441798028199,20.0056810020089,1046421000.0,,1050702000.0,-9.656604948267479,-24.916516892665328,-18.614432631103945,0.0,32942.1,Consumer Durables,Homebuilding,NYSE:NVR,US,210706565.967,0.5258585582280849,29.239154318767408,0.567313839885969,7.307292497256301,stable_or_general,True,0.18,0.705858558228085,priority
UMC,United Microelectronics Corporation (NEW),19.79,51512118486.5625,18.905235001910583,3.5722859922705767,20.6456906620625,13.2540065382031,2011399020.0,,1991740492.5211499,9.066383739068833,104.8006557557075,104.81314811191547,1.54958059626074,13517699.033333333,Electronic Technology,Semiconductors,NYSE:UMC,US,267515263.86966667,0.9156988405648211,18.89575026128772,1.0005019509938324,8.476056477928262,technology_strict,True,0.0,0.9156988405648211,reject_valuation
UCBJY,UCB S.A.,125.285,47930781406.19174,19.00071280161366,3.5855788097543995,20.7289055033371,11.6944819311391,1722679140.0,,4102160399.9999995,33.51013490099484,76.91214505263761,77.20236495565707,0.417531280306523,43303.8,Health Technology,Pharmaceuticals: Major,OTC:UCBJY,US,5425316.583000001,0.9166288494370712,18.870759466717953,1.0068864920420877,8.964033515035352,health_special,True,0.0,0.9166288494370712,reject_valuation
MTUAY,MTU Aero Engines AG,207.46,22572396429.09174,20.776957666923717,4.3034163682907955,22.6419413877935,7.553028034148651,680078600.0,,2922274800.0,20.477561907553305,18.50145820386773,18.692199795544777,0.711652771529486,25496.5,Electronic Technology,Aerospace & Defense,OTC:MTUAY,US,5289503.890000001,0.9176314570854239,20.712447112224247,1.0031145790910143,8.521770472427193,technology_strict,True,0.0,0.9176314570854239,reject_valuation
CBOE,"Cboe Global Markets, Inc.",310.45,32420609885.999996,24.181550516812973,5.769677163842663,26.1862422139949,13.708692821097202,958400000.0,,1580300000.0,11.684099033496624,50.329130871360036,50.504091346041115,0.927685617651796,989665.8333333334,Finance,Investment Banks/Brokers,CBOE:CBOE,US,307241757.9583333,0.9234448501316258,23.859831319878005,1.013483716318939,8.884095988669872,financial_special,True,0.0,0.9234448501316258,reject_valuation
CMC,Commercial Metals Company,67.63,7481523556.000001,12.745947983415,1.6519312671531676,13.7926654892148,7.08878726598372,405038000.0,,3624866000.0,15.233855344017813,1516.619580571553,1609.9581050596196,1.12376164424072,1096457.6666666667,Non-Energy Minerals,Steel,NYSE:CMC,US,74153431.99666667,0.9241105711859479,12.960442560276073,0.9834500576763867,6.033807820464332,cyclical,True,0.0,0.9241105711859479,reject_valuation
DXCM,"DexCom, Inc.",90.82,34271903045.0,35.84905660377358,13.075245286821817,38.4907113292906,14.5070126176328,1405000000.0,,1398400000.0,15.541294642857142,74.92563429571304,77.35928311397369,0.0,5013913.466666667,Health Technology,Medical Specialties,NASDAQ:DXCM,US,455363621.0426666,0.9313690333515148,36.47305264218718,0.9828915872621028,5.241936606061193,health_special,True,0.0,0.9313690333515148,reject_valuation
EXLS,"ExlService Holdings, Inc.",38.4,5821920349.000001,24.196597353497165,6.726775544667366,25.944379179656202,14.4659022853324,275036000.0,,488019000.0,13.628186805540743,5.787890200193805,9.849795805357504,0.0,2409830.433333333,Technology Services,Data Processing Services,NASDAQ:EXLS,US,92537488.63999999,0.9326335074716481,27.8005020556956,0.8703654813507193,7.154238932395973,technology_strict,True,0.0,0.9326335074716481,reject_valuation
TT,Trane Technologies plc,448.96,98781604160.0,34.008256637503315,11.470140614992273,36.4535671533745,13.3564579293352,3596252310.0,,4616800000.03076,7.035146819018374,3.256302521458079,4.751362803208827,0.886493228795438,1109742.300000004,Producer Manufacturing,Industrial Machinery,NYSE:TT,US,498229903.0080018,0.932919856496271,33.727517223988876,1.0083237497634352,7.478143134569115,cyclical,True,0.0,0.932919856496271,reject_valuation
WMS,"Advanced Drainage Systems, Inc.",136.99,10329778228.999998,23.647913825545064,5.453013288411023,25.2749673440048,10.8743685219161,550153000.0,,1765658000.0,10.374816405022768,4.245976352694295,4.580083766608902,0.540185414993795,664563.9666666667,Producer Manufacturing,Miscellaneous Manufacturing,NYSE:WMS,US,91038617.79366668,0.9356258903794125,23.059172697595603,1.0255317541383804,8.766755724156393,cyclical,True,0.0,0.9356258903794125,reject_valuation
YUMC,"Yum China Holdings, Inc.",45.02,15417465163.999998,16.526559230571568,2.8993646128105293,17.4950654943629,8.92285165187923,955676200.0,,2302000000.0,8.780829106236581,6.093579978307344,12.575419456153403,2.35450910706353,1605839.2,Consumer Services,Restaurants,NYSE:YUMC,US,72294880.78400001,0.944641175301493,17.54366757387197,0.9420241896959336,0.2778045016449182,stable_or_general,True,0.0,0.944641175301493,reject_valuation
MARUY,Marubeni Corp.,30.58,51107800652.34189,13.462469733656173,1.8121030469167583,14.2494096434975,5.85817854540215,2860572020.0,,16357581910.475302,6.526536017575539,8.206584362659953,9.317098994176813,1.98791065672517,203780.8,Process Industries,Agricultural Commodities/Milling,OTC:MARUY,US,6231616.863999999,0.9447738587401454,13.460405726198223,1.000153339171191,5.537098988934797,cyclical,True,0.0,0.9447738587401454,reject_valuation
ATZAF,Aritzia Inc.,93.9675,10766828356.231691,33.95549204405124,10.454138576853559,35.9087656951466,16.042524351201,370589719.5,,782786025.0,36.918955027586975,94.13935426650855,91.07134209342715,0.0,54615.30000000002,Retail Trade,Apparel/Footwear Retail,OTC:ATZAF,US,5132063.202750002,0.9456045449270521,30.787769363763495,1.1028889960445163,14.261131599060361,stable_or_general,True,0.0,0.9456045449270521,reject_valuation
HST,"Host Hotels & Resorts, Inc.",22.28,15264571872.0,14.94599852418327,2.3891352252682148,15.7684630738523,7.83580666081715,1013000000.0,,5645000000.0,4.92660705247174,55.84218512898331,57.82953943885653,3.59066427289048,9495314.766666668,Finance,Real Estate Investment Trusts,NASDAQ:HST,US,211555613.00133336,0.9478411722298501,15.985116159368616,0.9349946772469129,1.3739645043503002,financial_special,True,0.0,0.9478411722298501,reject_valuation
RMD,ResMed Inc.,240.33,34668160170.0,23.02937963548554,5.263937178820544,24.2692969120671,17.7743604984288,1649544000.0,,825919000.0,9.85394048998441,8.750481001597032,9.756944079258734,0.99862688802896,1419447.0333333334,Health Technology,Medical Specialties,NYSE:RMD,US,341135705.521,0.9489100454341941,22.857485794838528,1.0075202426981638,5.817272425912767,health_special,True,0.0,0.9489100454341941,reject_valuation
REYN,Reynolds Consumer Products Inc.,24.05,5069523031.0,14.7148800783162,2.194693495768029,15.4777927321669,6.94164989939638,320000000.0,,1648000000.0,2.6851098454027666,10.932475884244374,10.641754670999187,3.82536382536383,1212095.3666666667,Consumer Non-Durables,Household/Personal Care,NASDAQ:REYN,US,29150893.568333335,0.9507092085381679,14.91479022654165,0.9865965162641243,3.6374857537353145,stable_or_general,True,0.0,0.9507092085381679,reject_valuation
AGX,"Argan, Inc.",417.74,5856400128.0,36.70180987524161,12.3690741759527,38.520622016083,15.518863000115902,486894000.0,,9577000.0,14.474755454278782,61.0824253198438,59.76754958521076,0.478766696988558,302286.3,Industrial Services,Engineering & Construction,NYSE:AGX,US,126277078.962,0.952783417150377,33.70153738466358,1.089024796000652,12.510401907340363,cyclical,True,0.0,0.952783417150377,reject_valuation
CMPGY,Compass Group Plc,30.67,52114599925.0,25.809980644618367,6.561719097662,27.083172086630004,7.34868989516046,3076442570.0,,9131000000.0,10.564295826266893,38.07448546952558,38.14229249011857,2.1141924959217,293918.66666666645,Consumer Services,Restaurants,OTC:CMPGY,US,9014485.50666666,0.9529895745616827,25.423184883442303,1.0152142921097183,6.129220011149206,stable_or_general,True,0.0,0.9529895745616827,reject_valuation
UTHR,United Therapeutics Corporation,515.46,22108435932.0,18.437270857551642,3.43705785287304,19.3150089510016,17.3306628063009,1089600000.0,,0.0,2.49203976866593,5.539006521214073,9.163357502918695,0.0,488208.1,Health Technology,Biotechnology,NASDAQ:UTHR,US,251651747.226,0.9545566820250195,18.641901393260003,0.9890230866802918,3.48489384317211,health_special,True,0.0,0.9545566820250195,reject_valuation
CHRD,Chord Energy Corporation,146.0,7985889336.0,9.787359558094012,0.9642792016270163,10.2356188747689,6.41229449423972,1188524000.0,,1502800000.0,19.22543761748342,217.387961252874,281.93409632076197,3.56164383561644,752526.3666666667,Energy Minerals,Integrated Oil,NASDAQ:CHRD,US,109868849.53333333,0.9562059390683392,9.852291579801731,0.9934094498542009,3.7450329057491794,cyclical,True,0.0,0.9562059390683392,reject_valuation
MCRI,"Monarch Casino & Resort, Inc.",122.57,2196763466.0,19.674157303370784,3.8087407446077273,20.5436122779602,15.845086240200901,154299000.0,,12791000.0,5.10011333585192,14.671694942381563,16.907487333458448,0.979032389654891,132411.23333333334,Consumer Services,Hotels/Resorts/Cruise lines,NASDAQ:MCRI,US,16229644.869666666,0.9576776000819391,19.359104869793704,1.0162741219542986,5.76581855293905,cyclical,True,0.0,0.9576776000819391,reject_valuation
GME,GameStop Corporation,17.87,8018113079.0,13.614200822794455,1.372497515372433,14.0948335564892,8.26112605469532,740600000.0,,4339100000.0,1.6114982578397212,266.39462313970233,184.60537727666954,0.0,6231063.833333333,Retail Trade,Electronics/Appliance Stores,NYSE:GME,US,111349110.70166667,0.9659000773745594,10.081366752534166,1.3504320551945237,28.47473712882017,stable_or_general,True,0.0,0.9659000773745594,reject_valuation
AMAT,"Applied Materials, Inc.",461.67,366380127905.0,39.808746938916286,14.29720358007651,41.0680257035232,23.8431554166184,5623000000.0,,7346000000.0,7.772690734980603,35.64110070257611,38.26930872499227,0.413715424437369,7460594.466666667,Producer Manufacturing,Industrial Machinery,NASDAQ:AMAT,US,3444332647.426,0.9693367591201523,35.914728996656336,1.108423982333891,12.548196848003734,cyclical,True,0.0,0.9693367591201523,reject_valuation
DVN,Devon Energy Corporation,47.35,52084998322.0,11.212673755002486,1.3042316601891204,11.547872621331901,6.41357801394171,1517000000.0,,11893000000.0,18.282201265369462,15.330520393811534,-5.407342696503363,2.19640971488912,10168725.533333333,Energy Minerals,Integrated Oil,NYSE:DVN,US,481489154.00333333,0.9709731067079649,11.631763205517712,0.9639702560041435,0.726459209732222,cyclical,True,0.0,0.9709731067079649,reject_valuation
RAMP,"LiveRamp Holdings, Inc.",37.74,2294402613.0,15.591819871927289,2.3472747605145345,16.0547763905114,12.3098196427903,200025000.0,,33118000.000000004,8.85130441721467,971.585078352517,1026.8621973929237,0.0,875578.7333333333,Technology Services,Packaged Software,NYSE:RAMP,US,33044341.395999998,0.9711639385486723,15.054527180247565,1.035689775258082,6.2302282257571395,technology_strict,True,0.0,0.9711639385486723,reject_valuation
DHLGY,Deutsche Post AG,32.63,73712019882.56535,17.126810833508294,2.844388500057969,17.4609437296546,5.3383554109781,7219568140.0,,31980387600.0,8.683067454053205,15.84455400200095,18.87439945092656,2.34730615997548,156027.56666666668,Transportation,Air Freight/Couriers,OTC:DHLGY,US,5091179.500333334,0.9808639841397099,16.607811738616128,1.031250299742103,4.8859443352398335,stable_or_general,True,0.0,0.9808639841397099,reject_valuation
TTEK,"Tetra Tech, Inc.",36.54,9355863838.0,21.97894736842105,5.051559361352391,24.2614660162515,9.97466638815633,548208000.0,,1023497000.0,-7.608743195690732,101.71838636395182,106.08652535019216,0.730706075533662,2941788.1333333333,Industrial Services,Engineering & Construction,NASDAQ:TTEK,US,107492938.39199999,0.9059200030904353,22.983627362474962,0.9562871439651759,5.266947400954991,cyclical,True,0.08,0.9859200030904353,reject_valuation
PNR,Pentair plc.,61.67,9844872375.000002,15.519540981956364,2.6257894506024155,17.125917941117,9.63484615326304,673000000.0,,1764700000.0,-2.1464461681057614,6.892024942566459,8.53545285698678,1.7188260094049,3004924.8666666667,Producer Manufacturing,Industrial Machinery,NYSE:PNR,US,185313716.52733335,0.9062019936867768,16.919246862102835,0.9172713837941776,1.2067737316314942,cyclical,True,0.08,0.9862019936867767,reject_valuation
WDFC,WD-40 Company,217.17,2914659361.0,32.99302675356638,10.47008598516533,33.2153155591224,18.6200142710964,79495000.0,,114414000.0,10.151590599260414,3.1376048959154343,3.54575343327722,1.8418750287793,108330.63333333333,Process Industries,Industrial Specialties,NASDAQ:WDFC,US,23526163.641,0.9933076413150328,31.73423906624016,1.0396665470597453,4.459016775697833,cyclical,True,0.0,0.9933076413150328,reject_valuation
MSA,MSA Safety Incorporated,190.34,7342991393.000001,23.67177395284051,5.255708410624517,23.6581485356397,12.1892835055929,354299000.0,,643508000.0,6.4823279613924925,13.370283444665102,14.6474656020532,1.1190501208364,285157.6,Electronic Technology,Electronic Equipment/Instruments,NYSE:MSA,US,54276897.584,1.000575929142565,22.20242733432259,1.066179548586855,6.15314930128259,technology_strict,True,0.0,1.000575929142565,reject_valuation
OKE,"ONEOK, Inc.",94.76,59733833164.99999,16.369823967384733,2.6042260685887633,16.3334599146693,5.4947284573129,2906000000.0,,33022000000.0,41.83093049046614,18.20239249919172,12.846755170867707,4.43224989447024,3662533.2333333334,Industrial Services,Oil & Gas Pipelines,NYSE:OKE,US,347061649.1906667,1.002226353320448,15.908699285816564,1.0289856935053947,2.60055512470605,cyclical,True,0.0,1.002226353320448,reject_valuation
BDC,Belden Inc,115.21,4502198217.0,18.71933188184447,3.243228026714898,18.6437034488736,7.00851283039087,212079000.0,,1343972000.0,9.43731446878912,8.498393468995951,11.617700398984404,0.173596042010242,450612.2,Producer Manufacturing,Electrical Products,NYSE:BDC,US,51915031.562,1.0040565134056259,17.325554390434437,1.0804463430145443,7.070210390622811,cyclical,True,0.0,1.0040565134056259,reject_valuation
CRVL,CorVel Corp.,69.24,3497767271.0,30.82813891362422,8.567758796059127,30.697449109956604,17.9203734045586,113820000.0,,28394000.0,7.0938994837673,14.392549319103775,15.803042021139468,0.0,166404.6666666666,Finance,Insurance Brokers/Services,NASDAQ:CRVL,US,11521859.119999994,1.0042573506091497,27.792007879764302,1.1092447529158396,9.46476438411924,financial_special,True,0.0,1.0042573506091497,reject_valuation
RHP,"Ryman Hospitality Properties, Inc. (REIT)",129.33,8822801119.0,31.76236553858245,10.780940916976004,35.1168134838977,4.42084084673825,691851000.0,,4132595999.9999995,12.249701970147104,3.5982186055902874,-1.0041088230288726,3.67277507152246,811334.1333333333,Finance,Real Estate Investment Trusts,NYSE:RHP,US,104929843.464,0.9044774393652378,33.94249998124401,0.9357697740630105,3.3440206731517708,financial_special,True,0.1,1.0044774393652378,reject_valuation
SRCE,1st Source Corporation,86.41,2080910609.0000002,12.281300189030544,1.5880110221674648,13.550542711232502,1.8527182201305903,208720000.0,,294280000.0,4.238822465415843,21.428367335276302,21.671537517076793,1.86321027658836,132096.56666666668,Finance,Regional Banks,NASDAQ:SRCE,US,11414464.325666668,0.9063327167590239,12.93031680461528,0.9498065959719502,4.577129638528021,financial_special,True,0.1,1.006332716759024,reject_valuation
OHI,"Omega Healthcare Investors, Inc.",45.99,13935568401.0,16.426760010001072,2.551902274183838,16.2399422670956,8.19754181132196,834094000.0,,4030629000.0,15.180985324405299,85.03812704330433,74.66467028510824,5.82735377255925,1830839.9666666666,Finance,Real Estate Investment Trusts,NYSE:OHI,US,84200330.067,1.0115035964927037,15.535031087263516,1.0574011675759467,4.340601513469244,financial_special,True,0.0,1.0115035964927037,reject_valuation
PACS,"PACS Group, Inc.",42.75,6768846976.999999,25.61874513094025,6.095865505956837,28.0792180426029,4.82454167185703,455777000.0,,3404921000.0,15.152930799391525,103.52422574401162,103.6241610738255,0.0,806128.8,Health Services,Hospital/Nursing Management,NYSE:PACS,US,34462006.2,0.9123738806426333,23.794551508281113,1.076664341499535,15.259208884737884,stable_or_general,True,0.1,1.0123738806426332,reject_valuation
HBM,Hudbay Minerals Inc.,29.29,13008270692.361204,17.72013869260345,2.7150490923886585,17.4766763407614,9.79316908014239,220279382.39999998,,912104160.0,8.71658795284507,121.81417578402618,121.08299559063627,0.0735654732712114,4996484.533333343,Non-Energy Minerals,Other Metals/Minerals,NYSE:HBM,US,146347031.9813336,1.0139307009579512,15.32182755162038,1.1565290519621747,12.329854642413885,cyclical,True,0.0,1.0139307009579512,reject_valuation
MRSH,Marsh,192.64,91929979377.0,23.572599789530358,6.063820578398583,25.718901453957997,6.73224117661984,4767000000.0,,22382000000.0,8.46550587505332,-3.5619093772716255,-1.9073111593907066,1.91549003322259,2343387.6,Finance,Insurance Brokers/Services,NYSE:MRSH,US,451430187.264,0.9165476928215636,25.724021247294903,0.9163652744226067,0.019906734142871585,financial_special,True,0.1,1.0165476928215635,reject_valuation
VICI,VICI Properties Inc.,25.87,28484876228.0,10.032575816334447,0.976485460105077,9.84325351631456,5.86421600843371,2636974000.0,,17843674000.0,4.364077866488189,0.3461314907818,-1.3542463657230337,6.95786625434867,8977402.8,Finance,Real Estate Investment Trusts,NYSE:VICI,US,232245410.43600002,1.0192337116692258,9.733148076640708,1.0307637094736446,1.1185878682425154,financial_special,True,0.0,1.0192337116692258,reject_valuation
SBLK,Star Bulk Carriers Corp.,30.48,3399438963.0,11.92394961270636,1.3800297738707117,11.680759110616702,7.41273666731798,289832300.0,,1036578000.0069101,6.342889421043865,131.1675347573937,141.81250591240186,3.37926509186352,1466654.9666666666,Transportation,Marine Shipping,NASDAQ:SBLK,US,44703643.383999996,1.020819751506443,11.573596154751684,1.0302717887569315,0.9174314344657319,cyclical,True,0.0,1.020819751506443,reject_valuation
CTSH,Cognizant Technology Solutions Corporation,64.04,28846447868.0,13.74337403695517,2.001526460842404,14.924369747899203,10.8321744858377,2598000000.0,,2094000000.0,5.642878063067461,-8.866995073891626,-5.379117085651624,1.99875078076202,8461321.400000038,Technology Services,Information Technology Services,NASDAQ:CTSH,US,541863022.4560025,0.9208679675662503,14.563574093671686,0.9436814032433894,2.4174934038893148,technology_strict,True,0.1,1.0208679675662504,reject_valuation
RGA,"Reinsurance Group of America, Incorporated",245.54,16034170695.0,10.794817573122426,1.170716822081224,11.7139860954674,1.04537829106992,5199000000.0,,5709000000.0,19.535525408139804,95.84415584415584,97.91092046532266,1.51502810132769,340054.6666666667,Finance,Life/Health Insurance,NYSE:RGA,US,83497022.85333334,0.921532387450875,10.845174678969508,0.995356727084836,7.416872526714624,financial_special,True,0.1,1.021532387450875,reject_valuation
BOOT,"Boot Barn Holdings, Inc.",154.85,4689608192.0,19.591841898833472,3.4567872572351996,19.1754184326974,10.4050851881392,116708000.0,,806049000.0,17.648591589955743,24.121346083984424,24.691182734630132,0.0,716459.4333333333,Retail Trade,Apparel/Footwear Retail,NYSE:BOOT,US,110943743.25166667,1.0217165256444156,17.64401364141787,1.1103959845532672,7.98629138996112,stable_or_general,True,0.0,1.0217165256444156,reject_valuation
NBIX,"Neurocrine Biosciences, Inc.",154.06,15660072045.000002,22.570248176037975,4.237734542212716,22.0886363280577,15.255868265415302,812000000.0,,401800000.0,34.423682218415074,102.55526844674132,101.47584049115972,0.0,1327991.8,Health Technology,Biotechnology,NASDAQ:NBIX,US,204590416.708,1.0218036025776982,18.77575518514576,1.202095359333093,14.998124346426088,health_special,True,0.0,1.0218036025776982,reject_valuation
ANDE,"The Andersons, Inc.",64.56,2193462760.0,12.460433876322089,1.6748732689603645,13.2177064476971,5.1243705182023,56913000.0,,900765000.0,-5.2015006725398605,120.01464092510794,120.71139510117143,1.2314126394052,334778.26666666666,Commercial Services,Miscellaneous Commercial Services,NASDAQ:ANDE,US,21613284.896,0.9427077175324203,13.44153249866394,0.9270099133086669,1.6933804049327872,financial_special,True,0.08,1.0227077175324204,reject_valuation
IFCZF,Intact Financial Corp.,192.98,34031869202.419174,15.239433950344305,2.4534705227190323,16.0949868073879,5.26479825465705,2536512000.0,,3516480000.0,-1.0410374375753242,30.625451159573412,32.37133240351164,2.08286840734955,36579.666666666664,Finance,Specialty Insurance,OTC:IFCZF,US,7059144.073333332,0.9468435192099144,16.099485917346694,0.9465789174003556,0.027953486465293054,financial_special,True,0.08,1.0268435192099143,reject_valuation
CRH,CRH PLC,95.86,63774171125.0,16.90443860546317,2.5138595322637327,16.4467442863476,6.778275396324811,2919608220.0,,19813000000.132,6.286626131904259,16.850490196624236,18.52726626674749,1.58564573336115,4427388.933333334,Non-Energy Minerals,Construction Materials,NYSE:CRH,US,424409503.14933336,1.0278288706352359,14.87100276403917,1.1367383137296716,9.580872024723142,cyclical,True,0.0,1.0278288706352359,reject_valuation
KOF,Coca Cola Femsa S.A.B. de C.V.,112.58,5932034055.1944,17.77307674091849,2.8985410230577937,17.2730858706049,7.42242924861747,1212435950.0,,5119941970.09801,13.181629178520252,11.273681951494966,11.274483970136142,3.3735059513235,130037.63333333333,Consumer Non-Durables,Beverages: Non-Alcoholic,NYSE:KOF,US,14639636.760666667,1.028946238909428,16.30860579352903,1.0897974336942118,5.583716102038294,stable_or_general,True,0.0,1.028946238909428,reject_valuation
EXPO,"Exponent, Inc.",71.53,3400971428.0,32.11367513693095,11.779992622065295,31.2035868630582,15.8297294981493,108558000.0,,80721000.0,12.835718643958938,8.687619121708352,11.772380570052185,1.70557807912764,477979.76666666666,Industrial Services,Engineering & Construction,NASDAQ:EXPO,US,34189892.70966667,1.0291661429138521,36.68216911280335,0.875457365625692,17.55754001547569,cyclical,True,0.0,1.0291661429138521,reject_valuation
GOLF,Acushnet Holdings Corp.,86.91,5075982636.0,23.726453726453727,5.4888839206205455,25.3747208420615,8.84447347126616,183737000.0,,960066000.0,8.768363996564798,-4.427433132066614,-2.0745334972999077,1.12760326774825,396151.0333333333,Consumer Durables,Recreational Products,NYSE:GOLF,US,34429486.307,0.9350429458567449,23.134025775207753,1.025608510900894,8.830422532726113,stable_or_general,True,0.1,1.035042945856745,reject_valuation
APH,Amphenol Corporation,157.74,194490827298.0,39.489297784453626,12.550693295714671,38.083884653973,14.5963816956368,4713700000.0,,18811300000.0,54.1694122648528,61.75739849671352,59.36564931178935,0.580068467097756,6367753.066666592,Electronic Technology,Electronic Components,NYSE:APH,US,1004449368.7359883,1.0369030928239094,31.782518302099817,1.2424848594154554,16.54601784751445,technology_strict,True,0.0,1.0369030928239094,reject_valuation
GS,"Goldman Sachs Group, Inc. (The)",1033.99,301068330865.00006,15.958064147716925,2.7466730136500876,16.9933316588208,1.07204195546832,114890000000.0,,797512000000.0,8.384329516245833,34.77059503919805,42.76881720430108,1.64411648081703,1897497.5333333334,Finance,Investment Banks/Brokers,NYSE:GS,US,1961993474.4913335,0.9390780141358276,17.211818352309646,0.9271573648449247,1.2857201746864888,financial_special,True,0.1,1.0390780141358276,reject_valuation
TDW,Tidewater Inc.,92.62,4608422104.000001,18.726622050587356,3.3077968936994364,19.4940301112016,11.1191379965735,253738000.0,,653203000.0,-1.0215273509978564,24.148265856712545,28.27169458996836,0.0,623712.4333333333,Transportation,Marine Shipping,NYSE:TDW,US,57768245.575333335,0.9606336885581561,17.663606841446818,1.0601810954400448,9.389660625911267,cyclical,True,0.08,1.0406336885581562,reject_valuation
ITRI,"Itron, Inc.",97.53,4270522123.0,16.3050020061522,2.6415546089209956,16.9668001958194,7.19340365735315,361815000.0,,1601334000.0,-5.694449107744618,1.51622943530458,2.172724788193499,0.0,959023.6333333333,Electronic Technology,Electronic Equipment/Instruments,NASDAQ:ITRI,US,93533574.95899999,0.9609945197662983,16.200884905897492,1.0064266304500937,4.514199973372845,technology_strict,True,0.08,1.0409945197662984,reject_valuation
WM,"Waste Management, Inc.",219.66,87801437780.0,31.093495647250336,8.852082451792299,29.8337341838335,6.19120471338824,3573000000.0,,23356000000.0,7.16910229645094,4.851157662624035,4.823871561266581,1.6115815350997,1967416.0333333334,Industrial Services,Environmental Services,NYSE:WM,US,432162605.882,1.0422260738684024,28.469241773962803,1.0921785656998988,4.573656121834391,cyclical,True,0.0,1.0422260738684024,reject_valuation
CHCO,City Holding Company,143.46,2014918790.0,15.692751974447047,2.4920003592260382,16.6095842518644,1.95403395658972,138458000.0,,527551000.00000006,3.2261878447358545,7.860344927225143,10.176681852146459,2.42576327896278,112315.83333333333,Finance,Major Banks,NASDAQ:CHCO,US,16112829.450000001,0.9448010098558343,15.879944851507455,0.9882119945118929,4.3928817801387465,financial_special,True,0.1,1.0448010098558342,reject_valuation
JBS,JBS N.V.,13.59,14553926606.0,12.684338249019975,1.617204485332705,13.390540268582102,2.5426554293141503,388493440.0,,24447973995.112103,334.1521438283028,20.337821969482704,-18.413036856533658,0.00735835172921266,5803586.4,Consumer Non-Durables,Food: Meat/Fish/Dairy,NYSE:JBS,US,78870739.176,0.9472611257352272,12.749616523807655,0.9948799813182002,4.786391974625792,stable_or_general,True,0.1,1.0472611257352273,reject_valuation
NTRS,Northern Trust Corporation,186.79,34174286121.999996,16.03388928470261,2.730295108373524,16.9254723409763,1.26601454293629,445300000.0,,15776200000.0,3.178673178673179,29.32689510733609,36.923203497802106,1.71315380909042,1112198.6,Finance,Investment Managers,NASDAQ:NTRS,US,207747576.49400002,0.9473230029678297,17.028277169023525,0.9416037292292948,0.6073970993313749,financial_special,True,0.1,1.0473230029678298,reject_valuation
BRK.B,Berkshire Hathaway Inc. New,505.0,972351532724.0,12.697534666784003,1.4500503870974115,12.1149884278469,7.06770678180285,24215000000.0,,129370000000.0,3.927045989339486,36.317111160558184,36.302726637147536,0.0,4191736.8666666667,Finance,Property/Casualty Insurance,NYSE:BRK.B,US,2116827117.6666667,1.0480847540554057,11.41993642979103,1.1118743738065056,5.737124737637034,financial_special,True,0.0,1.0480847540554057,reject_valuation
BRK.A,Berkshire Hathaway Inc.,757985.01,972351545552.1105,12.705651830429499,1.4509788238946644,12.1149884278469,7.06770678180285,24215000000.0,,129370000000.0,3.927045989339486,36.317111160558184,36.30277029708534,0.0,149.96666666666667,Finance,Property/Casualty Insurance,NYSE:BRK.A,US,113672485.333,1.048754764075955,11.419947935450516,1.112584041735236,5.737029767183255,financial_special,True,0.0,1.048754764075955,reject_valuation
PPC,Pilgrim's Pride Corporation,31.69,7545659626.0,13.855369010143407,2.010664325015735,14.573600010898,5.41582314196676,304421000.0,,3112965000.0,1.4179756655971987,-55.902323427360464,-55.971355971355976,0.0,1606020.6,Process Industries,Agricultural Commodities/Milling,NASDAQ:PPC,US,50894792.814,0.9507169813760837,14.511806387428177,0.9547652883617954,0.42401070033221133,cyclical,True,0.1,1.0507169813760837,reject_valuation
CNA,CNA Financial Corporation,49.31,13343333321.999998,10.850239845090877,1.1928500601263199,11.3242092735845,1.96511406240071,2255000000.0,,2973000000.0,3.4127363319909905,41.04903078677309,41.211198458813655,3.8126140742243,405090.6666666667,Finance,Multi-Line Insurance,NYSE:CNA,US,19975020.773333333,0.9581454724967657,10.993766747617263,0.9869447018641274,2.918018538725231,financial_special,True,0.1,1.0581454724967658,reject_valuation
ERIE,Erie Indemnity Company,260.4,12126923501.0,23.77604499552601,4.915444538155855,24.8084389822022,17.2619640610719,553083000.0,,0.0,3.6502168632500958,-7.674078862521021,-7.666756592702501,2.20910138248848,257758.03333333333,Finance,Property/Casualty Insurance,NASDAQ:ERIE,US,67120191.88,0.958385370904762,20.673936893544763,1.150049219844037,16.665708356836017,financial_special,True,0.1,1.058385370904762,reject_valuation
FRPT,"Freshpet, Inc.",70.82,3403472853.0000005,18.66287190028197,2.782284836508354,17.6217550392968,11.7618122326339,61046000.0,,493657000.0,12.767561323470122,504.1927725153665,473.73752645902636,0.0,1323856.7,Consumer Non-Durables,Food: Specialty/Candy,NASDAQ:FRPT,US,93755531.49399999,1.0590813377364208,14.908128027532127,1.2518588427611859,15.399300499372737,stable_or_general,True,0.0,1.0590813377364208,reject_valuation
SSD,"Simpson Manufacturing Company, Inc.",182.07,7462081713.999999,19.88445240487528,3.508987649257729,18.7220804990763,12.4148176009714,466383000.0,,446502000.0,6.478959188087924,14.683325161469968,16.600448247758752,0.642609985170539,255443.46666666667,Producer Manufacturing,Building Products,NYSE:SSD,US,46508591.975999996,1.0620856162784007,17.64689103732821,1.1267963497260787,5.742895196936781,cyclical,True,0.0,1.0620856162784007,reject_valuation
PUBGY,Publicis Groupe S.A.,29.3,29708347948.42464,15.640012810931996,2.4335952424458878,16.2169995930153,4.28768854455551,2841274630.0,,6222981900.0,12.271009236343486,1.704705160028595,2.176165803108811,2.58065149668157,255464.53333333333,Commercial Services,Advertising/Marketing Services,OTC:PUBGY,US,7485110.826666666,0.9644208672033381,15.560059137194969,1.0051383913796255,4.050937117265974,financial_special,True,0.1,1.0644208672033382,reject_valuation
ABBNY,ABB Ltd.,98.46,179018789544.97403,35.60425254935994,11.239969816696936,33.390338168945,11.304479214594,4919152120.0,,8982035972.91,7.923882411767649,19.666437317894893,20.94467526787666,0.741316985200036,244795.8,Producer Manufacturing,Electrical Products,OTC:ABBNY,US,24102594.468,1.0663040418822116,31.56917787029628,1.1278169072264723,5.454153502232306,cyclical,True,0.0,1.0663040418822116,reject_valuation
MS,Morgan Stanley,214.77,337310527563.0,17.35318832616916,3.1676374442267496,17.9544168934538,1.33083431855571,42844000000.0,,545313000000.0,17.88420012443729,36.588506370290055,40.22978086972287,1.93229966941379,4677473.4,Finance,Investment Managers,NYSE:MS,US,1004580962.1180001,0.9665136121739577,18.253921900045604,0.9506553397780126,1.668141095136333,financial_special,True,0.1,1.0665136121739578,reject_valuation
HMN,Horace Mann Educators Corporation,51.35,2079729001.9999998,11.994300663365411,1.3835745585023014,12.384744341995,1.38652652817042,566100000.0,,594200000.0,5.875576036866359,26.552462526766597,26.906773380761827,2.76533592989289,236689.9,Finance,Property/Casualty Insurance,NYSE:HMN,US,12154026.365,0.9684738200605686,11.535266601480142,1.039793970763222,6.859065613768034,financial_special,True,0.1,1.0684738200605686,reject_valuation
ET,Energy Transfer LP,21.31,73376711796.0,14.600890715998629,2.294010060918831,15.072811033617201,3.86836999890186,5303000000.0,,70241000000.0,33.265901334160716,11.429776465626318,12.650509416486564,6.26466447677147,9304330.433333334,Industrial Services,Oil & Gas Pipelines,NYSE:ET,US,198275281.53433332,0.9686906233637482,15.711439154908653,0.9293159316622462,4.236954340282684,cyclical,True,0.1,1.0686906233637483,reject_valuation
WTW,Willis Towers Watson Public Limited Company,343.75,31924729586.0,21.206961435719002,4.158439006073196,19.8251836838105,5.30175991327473,1689000000.0,,7101000000.0,2.996941896024465,1042.3357664233577,1032.8045286183522,1.09381818181818,552429.6333333333,Finance,Insurance Brokers/Services,NASDAQ:WTW,US,189897686.4583333,1.0696981059013784,19.60883938360502,1.0815000837556035,1.0912600037201736,financial_special,True,0.0,1.0696981059013784,reject_valuation
CHE,Chemed Corp,523.38,6840556040.0,26.288745234543345,8.20199942737388,27.1063260382603,16.6792218914598,323608000.0,,329093000.0,3.30767561800459,-5.287502798395013,2.3551730520081344,0.458557835607016,171188.8,Health Services,Hospital/Nursing Management,NYSE:CHE,US,89596794.144,0.969838007461323,31.19966112569143,0.8425971400341852,15.10103243668446,stable_or_general,True,0.1,1.069838007461323,reject_valuation
RPM,RPM International Inc.,106.65,13606845961.000002,20.65299482948934,4.110823008736993,21.2585702277385,8.17198962268915,675201000.0,,2949378000.0,6.6567434966343155,-3.976599320954629,-3.4911320014203726,2.0253164556962,1063837.7666666666,Process Industries,Industrial Specialties,NYSE:RPM,US,113458297.815,0.9715138228130228,19.90424653991276,1.0376175148391156,6.3707186010966925,cyclical,True,0.1,1.0715138228130228,reject_valuation
FRSH,Freshworks Inc.,13.86,3616361895.0,21.231617647058822,4.065589158428911,19.6954671019922,12.465612625341,220559000.0,,34594000.0,15.569807837135292,,,0.0,9008884.333333334,Technology Services,Packaged Software,NASDAQ:FRSH,US,124863136.86,1.0779951314234757,19.148748936669506,1.108773096209991,2.775857828055228,technology_strict,True,0.0,1.0779951314234757,reject_valuation
UMBF,UMB Financial Corporation,144.585,10981235231.000002,12.041424799913386,1.4193181186802626,12.3092799309088,1.30913353878267,1103490000.0,,3563726000.0,28.548853861217815,78.41367837128361,37.85490407687627,1.1688626067711,557236.6,Finance,Major Banks,NASDAQ:UMBF,US,80568053.811,0.9782395775789593,11.786961611805872,1.0215885311658812,4.243288982252979,financial_special,True,0.1,1.0782395775789593,reject_valuation
ENS,EnerSys,185.46,6688656628.0,19.839325638365015,3.418516688908714,18.3973851686545,8.73952425420077,717312000.0,,1038932000.0,3.7265627157271797,0.4178511003127474,6.6404289299566575,0.566159818828858,490862.26666666666,Producer Manufacturing,Electrical Products,NYSE:ENS,US,91035315.976,1.0783774681288565,17.231012541565594,1.1513731761559285,6.339882632213268,cyclical,True,0.0,1.0783774681288565,reject_valuation
BTI,"British American Tobacco Industries, p.l.c.",56.13,120887838397.804,14.38161367188501,1.8928140509997553,13.268193195421802,5.77889092765499,7303230320.0,,46537366750.0,4.471269874805172,115.3468009061434,117.61360468357958,5.69469980402637,4138550.2,Consumer Non-Durables,Tobacco,NYSE:BTI,US,232296822.726,1.0839165107158217,13.161346801437634,1.0927159574819563,0.8052821692484335,stable_or_general,True,0.0,1.0839165107158217,reject_valuation
CBSH,"Commerce Bancshares, Inc.",58.04,8324803550.000002,14.228280054912727,1.9199527884800185,14.4583627668552,1.71185426690648,701046000.0,,2454582000.0,7.002104948840744,4.575617325816726,3.34937927539904,1.82862336319779,971297.9999999984,Finance,Regional Banks,NASDAQ:CBSH,US,56374135.919999905,0.9840865307052661,13.493920425168318,1.0544215177358471,6.670481002854622,financial_special,True,0.1,1.084086530705266,reject_valuation
COCO,"The Vita Coco Company, Inc.",61.71,3541973957.0000005,34.06005077823159,8.834961881241275,31.3695200782984,22.0227178756141,124440000.0,,14062000.0,26.101889872633194,69.93215444566921,67.7903315428783,0.0,999954.7,Consumer Non-Durables,Food: Specialty/Candy,NASDAQ:COCO,US,61707204.537,1.0857689468381289,25.93936790865815,1.313064022923353,17.31028130518598,stable_or_general,True,0.0,1.0857689468381289,reject_valuation
USB,U.S. Bancorp,62.47,97331479961.0,12.464583582744723,1.6027594041850315,12.6018468223791,1.14990710110119,12384000000.0,,96008000000.0,2.386106927710843,18.401866433362496,19.95117514719256,3.32959820713943,6855463.8,Finance,Major Banks,NYSE:USB,US,428260823.58599997,0.9891076886134962,12.85850741459027,0.9693647311352351,2.036690302848121,financial_special,True,0.1,1.0891076886134963,reject_valuation
EQT,EQT Corporation,54.57,34134407449.0,12.657728706624605,1.3513761154362962,11.6173561552539,6.69637179465081,3764617000.0,,5655714000.0,30.17418817926386,137.0587083361746,131.89715453714166,1.19571192963167,6906383.566666666,Energy Minerals,Integrated Oil,NYSE:EQT,US,376881351.233,1.0895532974514344,10.676292301390802,1.1855921839996533,8.100499298521601,cyclical,True,0.0,1.0895532974514344,reject_valuation
LNTH,"Lantheus Holdings, Inc.",100.77,6577496444.000001,24.35410977112889,5.013617416760616,22.2149061491729,12.1527635999337,387831000.0,,624958000.0,2.3450451878239154,1.5874363014431574,9.907827980981214,0.0,1772613.8333333333,Health Technology,Medical Specialties,NASDAQ:LNTH,US,178626295.98499998,1.0962958658295134,20.586330043991666,1.1830233810050514,7.331006011213203,health_special,True,0.0,1.0962958658295134,reject_valuation
CFR,"Cullen/Frost Bankers, Inc.",161.69,10048837140.0,15.291858969508965,2.244446282928216,15.326909255892,1.2843386908847,542398000.0,,5424752000.0,1.9370018249773142,12.059418706981848,13.85622604126288,2.49242377388831,591274.2,Finance,Regional Banks,NYSE:CFR,US,95603125.39799999,0.9977131536568887,14.677393294062579,1.041864768704873,4.237749118138289,financial_special,True,0.1,1.0977131536568887,reject_valuation
PRYMY,Prysmian S.P.A.,70.74,41557252474.32561,25.082438038506538,5.0986870556487744,22.8130502158353,7.020150229649069,1104516530.0,,6264140700.0,20.67052794677959,99.47587365358682,96.5776817453126,0.4525614927905,85231.76666666666,Producer Manufacturing,Electrical Products,OTC:PRYMY,US,6029295.174,1.0994776148388952,20.32771713746995,1.2339033384261453,10.894347993150856,cyclical,True,0.0,1.0994776148388952,reject_valuation
ELPC,Companhia Paranaense de Energia (COPEL),11.24,8428004458.331299,14.000996512207276,1.7903905090188532,12.673502266225201,5.14399016527826,276869060.0,,4553689660.83521,26.968242286086586,11.37856385769817,11.70168359538054,5.1892615658363,448368.6,Utilities,Electric Utilities,NYSE:ELPC,US,5039663.064,1.1047456510517886,12.78759342206704,1.0948890889857599,0.9002338378546915,stable_or_general,True,0.0,1.1047456510517886,reject_valuation
CVSA,Covista Inc.,134.47,4577200459.0,20.519746078251845,3.164475788242044,18.5689333671319,9.08900391145857,392726000.0,,905495000.0,9.271147297138608,12.684752420167147,5.783789891685108,0.0,339354.36666666664,Consumer Services,Other Consumer Services,NYSE:CVSA,US,45632981.685666665,1.1050578766453543,15.4216128024896,1.3305836646955125,16.949388004230983,stable_or_general,True,0.0,1.1050578766453543,reject_valuation
PODD,Insulet Corporation,145.13,10065374607.0,28.771658538519485,7.077002448400007,26.0164292398877,11.3139291259063,293800000.0,,948400000.0,29.41301123119305,58.95806861499364,53.510453756961574,0.0,1616318.7,Health Technology,Medical Specialties,NASDAQ:PODD,US,234576332.931,1.10590343790944,24.59713067609682,1.1697160501114636,5.4553934004703875,health_special,True,0.0,1.10590343790944,reject_valuation
WFC,Wells Fargo & Company,86.69,262150503888.99997,12.594798779601918,1.5926887337986775,12.5158801110431,1.06063840017638,6857000000.0,,463249000000.0,4.242143877418517,9.858607453476507,18.045551210811553,2.07636405583112,12477257.3,Finance,Major Banks,NYSE:WFC,US,1081653435.3370001,1.0063054829431601,12.645606822858804,0.9959821585497152,1.03649691963128,financial_special,True,0.1,1.1063054829431602,reject_valuation
WTFC,Wintrust Financial Corporation,152.95,10318919182.0,12.28859518740208,1.4427670489173963,12.2075855891865,1.25353274359153,1612919000.0,,4373802000.0,5.624767010542086,21.681810011501103,17.676256748196543,1.37299771167048,605179.1333333333,Finance,Regional Banks,NASDAQ:WTFC,US,92562148.44333333,1.0066360049351069,11.740699623635418,1.0466663470943147,3.8245561510922177,financial_special,True,0.1,1.106636004935107,reject_valuation
MGNI,"Magnite, Inc.",23.7,3399152791.9999995,21.7032967032967,3.629447221405469,19.5794080035665,5.60032738403345,215764000.0,,416978000.0,8.315889962252253,286.98001205769145,288.4738527214514,0.0,2608605.399999999,Technology Services,Packaged Software,NASDAQ:MGNI,US,61823947.979999974,1.1084756341633681,16.723022640399883,1.2978094433039484,14.588721797136595,technology_strict,True,0.0,1.1084756341633681,reject_valuation
WEGZY,Weg SA,9.616,40538231109.06059,34.11138701667258,11.072090640076455,30.666427011111203,14.5005255729851,766804940.0,,1127278084.21642,6.113707316663289,5.600065061817851,5.620082427875593,2.92447960033306,676036.6666666666,Producer Manufacturing,Electrical Products,OTC:WEGZY,US,6500768.586666666,1.1123365302489652,32.458635102304,1.0509187126679662,5.84420249070241,cyclical,True,0.0,1.1123365302489652,reject_valuation
HOCPY,Hoya Corp.,151.58,51134047252.55949,29.640203363316388,8.114569715813401,26.5753529873057,20.9019136336184,1526306310.0,,279286263.65174603,9.097458097699002,25.041939906999527,27.913956978489235,0.967093541202673,34495.8,Health Technology,Medical Specialties,OTC:HOCPY,US,5228873.364000001,1.1153267983862598,27.37690297312952,1.08267189288753,3.0161405051014833,health_special,True,0.0,1.1153267983862598,reject_valuation
FHN,First Horizon Corporation,24.65,11678606829.0,11.835598021798626,1.3766350682844501,11.6492002206288,1.26830850163042,721000000.0,,4324000000.0,2.186350633428688,25.26690391459075,34.32441148016769,2.59634888438134,4848412.100000004,Finance,Regional Banks,NYSE:FHN,US,119513358.2650001,1.0160009097311031,11.631309763553851,1.0175636503882737,0.15357669828066633,financial_special,True,0.1,1.1160009097311032,reject_valuation
AZN,AstraZeneca PLC,162.7,252329123681.96576,24.62481502423925,5.02267946101653,22.0648025325812,9.19116764370139,10813166956.863,,32201350386.235397,1.1156486470242029,17.032055744133817,16.99983418892952,2.05179615705931,3786048.466666667,Health Technology,Pharmaceuticals: Major,NYSE:AZN,US,615990085.5266666,1.1160224519516049,20.39682107691974,1.207286906688795,7.55946695284716,health_special,True,0.0,1.1160224519516049,reject_valuation
HUBB,Hubbell Inc,459.66,24285018916.0,27.21637032168677,6.209067513309391,24.3418563165577,9.48239555256065,901400000.0,,5556600000.0,10.614247120716621,8.663127413127413,9.655239579275419,1.21394073880694,560595.7666666667,Producer Manufacturing,Electrical Products,NYSE:HUBB,US,257683450.10600004,1.118089350612664,22.81372365205448,1.1929823792371488,6.277798392326228,cyclical,True,0.0,1.118089350612664,reject_valuation
FULT,Fulton Financial Corporation,23.675,4519902205.000001,11.33860153256705,1.2511500804065405,11.1013498978805,1.19103863395513,412214000.0,,1713976000.0,0.3045578769575738,22.40256533708628,22.355698798710826,3.16789862724393,1598344.7333333334,Finance,Major Banks,NASDAQ:FULT,US,37840811.56166667,1.021371422112535,11.03443027619369,1.0275656512171358,0.6028061659382966,financial_special,True,0.1,1.121371422112535,reject_valuation
CNI,Canadian National Railway Company,126.01,76254684326.55249,22.99243105445577,4.9436992804152045,22.0180951723185,8.18345169846838,2497792000.0,,15921664000.0,-0.6972105502478956,0.4256832260524243,2.841157928744824,2.05929395635782,1392382.5333333334,Transportation,Railroads,NYSE:CNI,US,175454123.02533334,1.0442515973571693,21.501420483577572,1.0693447473396935,2.3465912227979557,stable_or_general,True,0.08,1.1242515973571694,reject_valuation
TXN,Texas Instruments Incorporated,258.64,236202393504.99997,39.34705551245189,13.113696826377879,34.9723917465853,16.9935748075973,5355000000.0,,14052000000.0,16.659670164917543,19.980059820538383,20.161231354197135,2.19610269099907,7062951.1,Electronic Technology,Semiconductors,NASDAQ:TXN,US,1826761672.5039997,1.1250890644702254,33.32827998330874,1.1805906435062785,4.701170498117535,technology_strict,True,0.0,1.1250890644702254,reject_valuation
VSNT,"Versant Media Group, Inc.",41.02,5693260101.0,7.715167017755042,0.703561268660582,8.15249582682677,6.217659137577,1713000000.0,,2954000000.0,-3.6053130929791273,-38.405207485760776,-37.475892563149735,0.0,1662317.9666666666,Consumer Services,Cable/Satellite TV,NASDAQ:VSNT,US,68188282.99266666,0.9463564510351976,9.11919686302921,0.8460358004808135,11.857731138253325,stable_or_general,True,0.18,1.1263564510351975,reject_valuation
GRDN,"Guardian Pharmacy Services, Inc.",37.06,2347319472.0,35.80676328502416,9.556078140148937,31.749426749137697,16.4788126693936,79785000.0,,35238000.0,10.312195651452882,,,0.0,344657.23333333334,Retail Trade,Drugstore Chains,NYSE:GRDN,US,12772997.067333335,1.1277924344255021,26.687913856055445,1.3416846096758386,15.942060727819962,stable_or_general,True,0.0,1.1277924344255021,reject_valuation
MYRG,"MYR Group, Inc.",294.42,4583898826.0,27.928286852589643,6.076080401885604,24.7139201480805,10.1423953204332,193363000.0,,67104000.0,16.057440459032332,116.42291325695582,120.13406001378186,0.0,303887.36666666664,Industrial Services,Engineering & Construction,NASDAQ:MYRG,US,89470518.494,1.1300630043817148,21.75600828635216,1.2837045511749248,11.96860653431413,cyclical,True,0.0,1.1300630043817148,reject_valuation
CATY,Cathay General Bancorp,61.87,4127584059.0,12.09295961846683,1.3570756128226207,11.7063315820283,1.43566321829619,534243000.00000006,,154250000.0,0.25559072925841625,17.84770133470888,23.40384476229528,2.32746080491353,423101.73333333334,Finance,Regional Banks,NASDAQ:CATY,US,26177304.241333332,1.033027258260144,11.222030467630665,1.077608874200468,4.137086934570878,financial_special,True,0.1,1.1330272582601442,reject_valuation
NSRGY,Nestle S.A.,97.28,251491145029.69278,26.73923201671202,6.905397894449915,25.8769138917948,5.810958658026111,15945457920.0,,77908634475.9189,6.673996769206679,-21.125604923898138,-21.239608590232077,2.62509765625,324531.7,Consumer Non-Durables,Food: Major Diversified,OTC:NSRGY,US,31570443.776,1.0333238394857684,25.824967187292593,1.0354023617063606,0.20074536213793293,stable_or_general,True,0.1,1.1333238394857685,reject_valuation
UGI,UGI Corporation,38.01,8152953244.000001,12.685645629609851,1.5665467062541523,13.304252998909503,4.33001000225857,187000000.0,,7049000000.0,-0.5045683894722488,60.526315789473685,57.932742989668995,3.94632991318074,2087326.1,Distribution Services,Wholesale Distributors,NYSE:UGI,US,79339265.061,0.9535030362583787,12.348971049590416,1.027263371066904,7.18027497971806,stable_or_general,True,0.18,1.1335030362583787,reject_valuation
RF,Regions Financial Corporation,30.33,25839021803.0,12.336288944928006,1.480346966386899,11.9020956646936,1.39280198436842,1778000000.0,,7628000000.0,0.26343519494204426,7.462686567164178,14.59867623753147,3.49488954830201,8218434.1,Finance,Major Banks,NYSE:RF,US,249265106.25299996,1.0364804058433505,11.999937525746228,1.028029430858296,0.822055743870953,financial_special,True,0.1,1.1364804058433506,reject_valuation
SNA,Snap-On Incorporated,391.86,20269789763.0,19.988267999693946,3.354786812313008,17.5847169297768,12.2747540477477,1108500000.0,,1310000000.0,4.0229545051174345,3.37,4.492687190857923,2.41412749451335,339720.2,Consumer Durables,Tools & Hardware,NYSE:SNA,US,133122757.57200001,1.1366840921872976,16.783779426833657,1.190927710104257,4.554736400600734,stable_or_general,True,0.0,1.1366840921872976,reject_valuation
VCTR,"Victory Capital Holdings, Inc. Class A Common Stock",118.31,7277197204.0,21.680013193820894,3.0668230968510564,19.0445947646238,10.9416062448989,563597000.0,,1012139000.0,50.24195400099498,64.82328497198094,34.7132735935224,1.66511706533683,564273.0333333333,Finance,Investment Managers,NASDAQ:VCTR,US,66759142.57366667,1.138381439026075,14.145854384097623,1.532605426660758,25.722471079436193,financial_special,True,0.0,1.138381439026075,reject_valuation
EZPW,"EZCORP, Inc.",33.0,2027631427.0,16.771701565358814,1.7419266976131382,14.6947982029481,7.819127301230509,142254000.0,,811856000.0,28.606968404682398,61.367922124254626,59.55238404151799,0.0,1096408.4666666666,Finance,Finance/Rental/Leasing,NASDAQ:EZPW,US,36181479.4,1.141335956692079,10.386105970374578,1.6148209553415462,29.321207226303404,financial_special,True,0.0,1.141335956692079,reject_valuation
TTD,"The Trade Desk, Inc.",13.57,6376279272.0,16.104913363399003,2.475586195824888,15.4411277782469,6.94214551722344,863049000.0,,434110000.0,11.610294249386358,-2.47031357114436,1.5915119363395211,0.0,25425614.533333343,Technology Services,Packaged Software,NASDAQ:TTD,US,345025589.21733344,1.0429881544071689,15.371620697141125,1.0477043169816347,0.45014251616837253,technology_strict,True,0.1,1.142988154407169,reject_valuation
IPAR,"Interparfums, Inc.",117.78,3771996297.0,22.524814014419857,4.333331739024379,19.6231182229708,10.9939800488359,245885000.0,,164914000.0,2.9329187710091524,4.220119651854107,4.594735157625225,2.71692986924775,246650.5,Consumer Non-Durables,Household/Personal Care,NASDAQ:IPAR,US,29050495.89,1.1478712892863447,19.238035600428404,1.1708479224312414,1.962392613481867,stable_or_general,True,0.0,1.1478712892863447,reject_valuation
WOR,"Worthington Enterprises, Inc.",57.32,2804483273.0,18.244899258363304,2.7171362559455132,15.8927659583134,8.63273103969696,170206000.0,,349761000.0,19.72070496341533,62.49882877161566,63.94614621927674,1.32588974180042,206716.23333333334,Producer Manufacturing,Industrial Machinery,NYSE:WOR,US,11848974.494666668,1.148000247799504,14.892580208136811,1.225099949328787,6.293339704366563,cyclical,True,0.0,1.148000247799504,reject_valuation
SSB,SouthState Bank Corporation,105.98,10277361341.0,11.127560609401414,1.12544901677724,10.5975139580971,1.40976466831128,131229999.99999999,,2091444000.0,33.25235313552233,60.599566305705466,41.60756501182035,2.2645782223061,832307.6333333333,Finance,Major Banks,NYSE:SSB,US,88207962.98066667,1.0500161314625425,10.114067730409616,1.1002062578585037,4.561883377545383,financial_special,True,0.1,1.1500161314625426,reject_valuation
BALL,Ball Corporation,63.77,16880132024.999998,18.13966718816669,2.9366364391590825,17.2571219868517,4.88145048814505,827000000.0,,7582000000.0,16.855112259731868,52.988691437802906,64.14530513143762,1.25450838952486,1778381.2333333334,Process Industries,Containers/Packaging,NYSE:BALL,US,113407371.24966668,1.0511409261629723,16.18903152244591,1.120491189544986,6.189273421255182,cyclical,True,0.1,1.1511409261629724,reject_valuation
KFY,Korn Ferry,86.28,4431007050.0,16.464077855166494,2.19679605900694,14.276351879703903,6.91493817814787,324293000.0,,596172000.0,6.430621864005685,12.851736392799932,13.482318802919083,2.38757533611497,335677.1666666667,Commercial Services,Personnel Services,NYSE:KFY,US,28962225.94,1.153241247756914,13.34296447290898,1.2339145389013437,6.537996644099819,financial_special,True,0.0,1.153241247756914,reject_valuation
TRMK,Trustmark Corporation,46.27,2686925741.0,11.756784226039233,1.2567939395750207,11.1188728223575,1.23940541992967,207469000.0,,768919000.0,1.5890115809318612,7.913741962821717,10.815148528790655,2.11800302571861,368209.43333333335,Finance,Regional Banks,NASDAQ:TRMK,US,17037050.480333336,1.0573719489262472,10.689946463348717,1.0997982325120383,3.8576424594614633,financial_special,True,0.1,1.1573719489262473,reject_valuation
RDDT,"Reddit, Inc.",153.0,29436667628.999996,35.573949638447765,8.955527902030036,30.711938625129605,27.7914123054036,1018649000.0,,20867000.0,66.59216832149713,302.6434752061532,263.03705579471597,0.0,7440634.566666666,Technology Services,Internet Software/Services,NYSE:RDDT,US,1138417088.7,1.1583101305542427,25.174398662641167,1.4131002736220089,18.030577717934836,technology_strict,True,0.0,1.1583101305542427,reject_valuation
CPRT,"Copart, Inc.",32.99,30542523711.999996,20.55323655846988,3.4809198322743207,17.69479427394,16.0776384229226,1339233000.0,,93116000.0,1.0457082115333511,5.040976233919584,6.087243886318578,0.0,11128455.000000022,Retail Trade,Specialty Stores,NASDAQ:CPRT,US,367127730.45000076,1.1615414251376546,16.936115255482,1.2135744383185552,4.287583154189855,stable_or_general,True,0.0,1.1615414251376546,reject_valuation
SIMO,Silicon Motion Technology Corporation,245.81,8334863944.999999,28.82150855347239,7.96206093028589,31.509600221407602,21.9192882514141,-120642030.0,,61867486.374915004,69.55933666350374,261.65377096372293,259.784855515714,0.809568365810992,1186371.4,Electronic Technology,Semiconductors,NASDAQ:SIMO,US,291621953.834,0.9146897564854243,27.62541355361022,1.0432969083898425,12.326994441390827,technology_strict,False,0.25,1.1646897564854242,reject_valuation
NEE,"NextEra Energy, Inc.",81.84,170716454099.0,18.362538984495952,2.9884504278369923,17.2326566162912,4.30871310846846,3048000000.0,,110197000000.0,11.827956989247312,57.18390804597702,55.29809401024427,2.90738025415445,10467943.1,Utilities,Electric Utilities,NYSE:NEE,US,856696463.304,1.065566348437338,16.274712502232024,1.1282865354443337,5.558888193440648,stable_or_general,True,0.1,1.1655663484373382,reject_valuation
LEA,Lear Corporation,124.02,6117257096.999999,11.560294926408218,1.1857733585734846,10.8353552184123,3.59027010970987,849400000.0,,3515700000.0,3.551267935475978,18.348233290762025,25.316559200074746,2.48347040799871,666678.1666666666,Producer Manufacturing,Auto Parts: OEM,NYSE:LEA,US,82681426.22999999,1.0669050246515264,10.257293314072085,1.1270317200102422,5.334960346827633,cyclical,True,0.1,1.1669050246515265,reject_valuation
PNC,"PNC Financial Services Group, Inc. (The)",242.22,96632134914.0,13.322406415347553,1.664577983918563,12.4672121037701,1.29022815134524,9765000000.0,,87123000000.0,5.7305996863998105,22.868719611021067,24.22383164799126,2.93121955247296,1528259.5666666667,Finance,Major Banks,NYSE:PNC,US,370175032.238,1.0685954730263105,12.494574418634697,1.0662553176263616,0.21947420671799556,financial_special,True,0.1,1.1685954730263106,reject_valuation
ARW,"Arrow Electronics, Inc.",203.92,10380633604.0,13.030947862150056,1.4838763431529536,12.1689733865274,2.59180457491921,825464000.0,,2170580000.0,26.05106778347911,73.70239104193953,76.91568498880774,0.0,578046.4,Distribution Services,Electronics Distributors,NYSE:ARW,US,117875221.888,1.0708337875549117,11.38732468927337,1.1443379562563054,6.423292026584715,stable_or_general,True,0.1,1.1708337875549117,reject_valuation
LBLCF,Loblaw Companies Limited,43.31,50093321494.31182,26.03795926847944,6.481809005815555,23.8283558343561,6.38007838173365,3367936000.0,,11670912000.0,-0.5627995947083041,8.63495754652658,12.014109135081098,0.957312148295266,154293.86666666667,Retail Trade,Food Retail,OTC:LBLCF,US,6682467.365333334,1.0927299998994267,24.89369054994331,1.0459662144606652,4.470869593323767,stable_or_general,True,0.08,1.1727299998994267,reject_valuation
GGG,Graco Inc.,79.29,12841319084.0,24.912027145909267,5.090331067326033,21.241162901984,17.2764651483281,629455000.0,,52212000.0,4.577361167615479,10.549903652901808,12.853242562847916,1.46298398284777,1572692.8,Producer Manufacturing,Industrial Machinery,NYSE:GGG,US,124698812.11200002,1.1728184215178912,20.433227041348584,1.2191920099305609,3.803632900720122,cyclical,True,0.0,1.1728184215178912,reject_valuation
TSCDY,Tesco PLC,18.56,38712549473.332596,17.110721858578408,2.5486138479262985,15.869319485018,4.68131257921009,3755026160.0,,20274306000.0,10.585426970661432,15.285559983498038,20.736865538735533,2.86534929925361,452669.3333333331,Retail Trade,Food Retail,OTC:TSCDY,US,8401542.82666666,1.078226566345986,14.894835349383923,1.148768781743273,6.140680049664837,stable_or_general,True,0.1,1.178226566345986,reject_valuation
BF.B,Brown Forman Inc,27.22,12579579334.0,17.816468124100012,3.1059515142939946,17.8460002495944,8.94868585732165,893000000.0,,2580000000.0,-0.4543160020191822,-17.72151898734177,-16.84989659301186,3.37803085966201,2072567.1333333403,Consumer Non-Durables,Beverages: Alcoholic,NYSE:BF.B,US,56415277.36933352,0.9983451683805138,17.433037191544322,1.0219944997732047,2.314037051856832,stable_or_general,True,0.18,1.1783451683805137,reject_valuation
BANR,Banner Corporation,70.5,2395936088.9999995,11.628290558817708,1.1984097357787011,10.7817301594571,1.26157119936486,285169000.0,,546257000.0,2.885995673738009,14.369699464800329,15.57436425330741,2.83687943262411,345778.9,Finance,Regional Banks,NASDAQ:BANR,US,24377412.450000003,1.078518047367199,10.305983753303702,1.1283047632488385,4.412523770464627,financial_special,True,0.1,1.178518047367199,reject_valuation
SII,Sprott Inc.,132.95,3421159434.0826874,33.43769818658271,8.733854659997522,28.3480942963997,21.8851586768504,136006907.51999998,,0.0,93.67487124965203,100.89860950697525,101.78461885591572,1.12352304110034,199002.96666666667,Finance,Investment Managers,NYSE:SII,US,26457444.418333333,1.1795395428337276,26.119784356155503,1.2801674673360246,7.860528178528037,financial_special,True,0.0,1.1795395428337276,reject_valuation
TLK,"PT Telekomunikasi Indonesia, Tbk",14.58,14257034522.64392,14.017882895875397,2.1756485536712202,14.004199239103801,5.89574018656077,2564045700.0,,4515691414.98881,-3.3738123072701214,-27.596400017170048,-27.488845510317894,6.83287379972565,691447.3333333334,Communications,Wireless Telecommunications,NYSE:TLK,US,10081302.120000001,1.0009771109749273,15.52052167814428,0.9031837451453149,10.827626864993922,stable_or_general,True,0.18,1.1809771109749272,reject_valuation
CALM,"Cal-Maine Foods, Inc.",80.21,3763218938.0,12.244306038957074,1.4313442805027925,12.1956592230535,10.1642990078573,331786000.0,,0.0,-31.682060872125835,-74.0434802565145,-73.75302003742242,5.99925196359556,954686.7333333333,Process Industries,Agricultural Commodities/Milling,NASDAQ:CALM,US,76575422.88066666,1.003988863169579,11.689876714521496,1.0474281583951053,4.147233858223265,cyclical,True,0.18,1.183988863169579,reject_valuation
FHB,"First Hawaiian, Inc.",25.79,3138143650.9999995,11.196492142050882,1.1104432472650114,10.3224792064157,1.20012983119333,312655000.0,,0.0,1.5079049620664005,15.598235983820386,18.97112752440473,4.03257076386196,2004859.8666666667,Finance,Regional Banks,NASDAQ:FHB,US,51705335.961333334,1.0846708351896663,9.917778114580175,1.1289315018644008,3.9205803542233686,financial_special,True,0.1,1.1846708351896664,reject_valuation
ONB,Old National Bancorp,25.85,9889434835.0,11.512425403046228,1.1837874696210826,10.6075858919955,1.22102466044765,940031000.0,,8638144000.0,27.700997734303247,56.10541407893022,33.31354271804312,2.20502901353965,3936295.2333333334,Finance,Major Banks,NASDAQ:ONB,US,101753231.78166668,1.0853011722236934,10.282693943083865,1.1195923428985728,3.062826473616387,financial_special,True,0.1,1.1853011722236935,reject_valuation
FCN,"FTI Consulting, Inc.",153.74,4245003565.0,18.587387561659735,3.193739987103722,15.634088485143502,7.192890479784491,358732000.0,,1267516000.0,7.1210222974391515,1.238295861400572,16.263248151584158,0.0,413948.4666666667,Commercial Services,Miscellaneous Commercial Services,NYSE:FCN,US,63640437.26533334,1.188901264011819,17.18229620224555,1.0817755288859794,9.902769314458283,financial_special,True,0.0,1.188901264011819,reject_valuation
COLB,"Columbia Banking System, Inc.",30.07,8506871555.0,11.998244354002074,1.1260999791032993,11.0129749907747,1.21076273942812,1264195000.0,,4875000000.0,20.840178680533867,34.346800180895144,-0.5002382086707934,4.8885932823412,2931809.1666666665,Finance,Regional Banks,NASDAQ:COLB,US,88159501.64166667,1.0894644148427386,9.385539632952074,1.278375546130235,14.777436243938535,financial_special,True,0.1,1.1894644148427387,reject_valuation
BANF,BancFirst Corporation,110.55,3714341611.0,14.910577000890184,1.897883074951703,13.667504718280302,1.72914584693922,241820000.0,,92242000.0,4.087016487722578,7.695498593043047,6.980838046865989,1.77295341474446,122101.53333333334,Finance,Regional Banks,NASDAQ:BANF,US,13498324.51,1.0909509312952548,12.728434820720866,1.1714383748594892,6.870821828240747,financial_special,True,0.1,1.1909509312952549,reject_valuation
EADSY,Airbus SE,58.85,186258144770.23746,26.872146118721464,6.298294055951541,24.4274943327757,4.45840225601166,5514905580.0,,16321750800.0,17.98047783741244,29.8227029768758,29.931770987837435,1.22932650743334,489302.7,Electronic Technology,Aerospace & Defense,OTC:EADSY,US,28795463.895,1.10007787751958,23.438001669556282,1.1465203602927379,4.050733365197257,technology_strict,True,0.1,1.2000778775195802,reject_valuation
USLM,"United States Lime & Minerals, Inc.",119.96,3441456123.0,25.661539777953667,4.946538948427507,21.3535585557679,19.8442112131611,91813000.0,,3246000.0,6.999091580082893,7.292057436126653,7.178558327219357,0.200066688896299,158663.5,Non-Energy Minerals,Construction Materials,NASDAQ:USLM,US,19033273.459999997,1.2017453536343767,19.276080045193453,1.3312633957624826,9.728956909682351,cyclical,True,0.0,1.2017453536343767,reject_valuation
HOMB,"Home BancShares, Inc.",29.62,5925469959.000001,12.249793217535153,1.3057091936121639,11.1057297957511,2.01006232507769,494737000.0,,921373000.0,1.855492557065683,10.398328934580645,10.663615560640736,2.80216070222822,1465715.4333333333,Finance,Regional Banks,NYSE:HOMB,US,43414491.13533334,1.1030156003094687,10.659030486678638,1.1492408463269344,4.022241827307593,financial_special,True,0.1,1.2030156003094687,reject_valuation
CRM,"Salesforce, Inc.",256.0,210688000000.0,23.332118118847976,5.4898124306937985,19.3809800814394,9.32656991307621,15154000000.0,,42376000000.0,11.229811148802591,45.009755365451,59.33315907176673,0.66875,14752475.5,Technology Services,Packaged Software,NYSE:CRM,US,3776633728.0,1.203866781803902,23.528992964676704,0.9916326701221644,21.40249288636198,technology_strict,True,0.0,1.203866781803902,reject_valuation
NBTB,NBT Bancorp Inc.,51.55,2678541256.0000005,12.623665393280438,1.3777730857172639,11.4242275115128,1.32890934453144,245608000.0,,471195000.0,14.460076894755586,60.58549607444679,47.01900921658984,2.8709990300679,331012.9,Finance,Major Banks,NASDAQ:NBTB,US,17063714.995,1.1049907208657128,10.914207900746884,1.1566268031614617,4.464368468256974,financial_special,True,0.1,1.204990720865713,reject_valuation
BHPLF,BHP Group Limited,47.7,242482052646.0535,24.074424930918475,4.765580257234852,19.9344171309046,8.54333730749723,11746504682.373999,,27081461590.77441,14.895104473066148,10.026436836487745,9.89503944008864,2.90897771173848,245696.7,Non-Energy Minerals,Steel,OTC:BHPLF,US,11719732.590000002,1.2076814071275537,19.795198726074155,1.2161749555566594,0.6983821193076722,cyclical,True,0.0,1.2076814071275537,reject_valuation
STLD,"Steel Dynamics, Inc.",234.665,33634086329.000004,21.28673802612482,3.5776995726397343,17.581246652735,9.84164582264113,955563000.0,,4182142000.0,19.77252718396139,54.39810100559861,60.82161405146758,0.877847143800737,1252706.7,Non-Energy Minerals,Steel,NASDAQ:STLD,US,293966417.75549996,1.210763858023309,16.807176225163715,1.266526734827371,4.402818769685302,cyclical,True,0.0,1.210763858023309,reject_valuation
CSX,CSX Corporation,51.28,94994908227.00002,29.614229614229615,6.745238345785541,24.366825432826804,7.35383035765216,2796000000.0,,19357000000.0,2.522077004592017,3.900709219858156,6.402851173651228,1.05304212168487,11675833.433333319,Transportation,Railroads,NASDAQ:CSX,US,598736738.4613326,1.2153503416302045,22.777017783857726,1.3001802911712823,6.5244758836220935,stable_or_general,True,0.0,1.2153503416302045,reject_valuation
BKR,Baker Hughes Company,62.41,61952788699.0,20.054627249357324,3.110865649084784,16.4658954926207,6.77758318739054,3128000000.0,,16253000000.0,0.4201528487087544,1.574803149606299,1.8091405764386397,1.47412273674091,7773309.033333333,Industrial Services,Contract Drilling,NASDAQ:BKR,US,485132216.7703333,1.217949382609949,15.511959461547587,1.292849384958135,5.793405111192551,cyclical,True,0.0,1.217949382609949,reject_valuation
ASB,Associated Banc-Corp,30.92,5839231351.999999,10.806276867158285,1.0718500020105854,9.65811666389126,1.05031786292406,582076000.0,,5734874000.0,20.10946956212174,262.9703641715242,276.83392598445937,3.07244501940492,1611933.2666666666,Finance,Major Banks,NYSE:ASB,US,49840976.605333336,1.1188803410875792,9.91877235042978,1.0894772543791722,2.6988252017397185,financial_special,True,0.1,1.2188803410875793,reject_valuation
FOX,Fox Corporation,61.32,27148697409.0,15.991654713782763,2.212682364972069,14.285714285714302,7.37789259364669,1468000000.0,,7568000000.0,5.067484662576687,-25.541316836058332,-21.89155055813575,0.91324200913242,1061076.0333333334,Consumer Services,Broadcasting,NASDAQ:FOX,US,65065182.36400001,1.119415829964792,13.83648161853457,1.1557601964621733,3.1446286702581316,stable_or_general,True,0.1,1.2194158299647921,reject_valuation
SHC,Sotera Health Company,19.27,5499172264.0,33.89025677101653,8.261026133479662,27.7803881450994,5.01195750330458,109776000.0,,2268089000.0,8.148968240205951,580.9880863117554,579.3309438470728,0.0,2920667.7,Health Technology,Medical Specialties,NASDAQ:SHC,US,56281266.579,1.2199346025694369,24.375814527745387,1.390323048792543,12.25531335117287,health_special,True,0.0,1.2199346025694369,reject_valuation
PAG,"Penske Automotive Group, Inc.",217.01,14249499560.000002,15.980470849871498,2.450346634677379,15.6444133345,4.98345815205122,497200000.0,,9371200000.0,4.131469217561932,-6.563545150501672,-5.429234015585708,2.54366158241556,467423.6666666667,Retail Trade,Specialty Stores,NYSE:PAG,US,101435609.90333334,1.0214809918522418,15.333381961627762,1.0422013153955922,1.9881306267096277,stable_or_general,True,0.2,1.2214809918522418,reject_valuation
COP,ConocoPhillips,130.35,156594353639.99997,17.269704156122895,2.39627757994164,14.1337142246087,7.4957465770072105,10064000000.0,,23290000000.0,9.469887457297935,1.0484927916120577,1.262443317502483,2.53164556962025,6631501.399999996,Energy Minerals,Oil & Gas Production,NYSE:COP,US,864416207.4899994,1.2218801004235682,13.875614534439206,1.2446082379457557,1.8261278392067037,cyclical,True,0.0,1.2218801004235682,reject_valuation
CGEMY,Capgemini SE,25.28,21620666805.1407,13.763815538737955,1.6156864750169366,12.2613463754479,5.0633346684121,2523539400.0,,11636507400.0,13.949395539069299,-5.425380127169429,-4.799668273467061,2.04742511203711,213045.66666666666,Technology Services,Information Technology Services,OTC:CGEMY,US,5385794.453333333,1.1225370458743908,11.738652486802245,1.1725209136408627,4.262940403447823,technology_strict,True,0.1,1.222537045874391,reject_valuation
BSX,Boston Scientific Corporation,46.84,67881909635.00001,18.99355257288837,2.7181592653309927,15.523358959195702,8.47018150388937,3625000000.0,,12624000000.0,13.528712014707473,46.64804469273743,46.7741935483871,0.0,20610381.0,Health Technology,Medical Specialties,NYSE:BSX,US,965390246.0400001,1.2235465676477835,14.310957652076773,1.3272034642721529,7.8101737536690035,health_special,True,0.0,1.2235465676477835,reject_valuation
FFBC,First Financial Bancorp.,32.82,3445080602.9999995,11.594714901434324,1.1530325775618175,10.2861651931075,1.38879806351152,756428000.0,,1054050000.0,11.645265957014256,19.525196437925615,13.364572069366009,3.04692260816575,837770.3666666667,Finance,Regional Banks,NASDAQ:FFBC,US,27495623.434,1.127214533673215,9.94446683134211,1.1659463597275124,3.3219217789186573,financial_special,True,0.1,1.227214533673215,reject_valuation
UCB,"United Community Banks, Inc.",35.18,4241846144.0000005,11.508014393195944,1.1250432124684722,10.2065146601054,1.31437147458192,454808000.0,,1180602000.0,4.048813830135374,38.20881458742814,38.784219367140324,2.84252416145537,854804.2999999999,Finance,Regional Banks,NYSE:UCB,US,30072015.273999996,1.1275165692141478,9.776171405674017,1.1771494090740655,4.2163585588475545,financial_special,True,0.1,1.2275165692141479,reject_valuation
BHP,BHP Group Limited,95.15,246109629904.9691,24.562445144302753,4.746161420366744,19.9959733333663,8.56455257905837,11968940990.0,,27120999999.9999,15.121219623589502,9.47753832295288,9.349065657991304,2.76405675249606,2659560.6666666665,Non-Energy Minerals,Steel,NYSE:BHP,US,253057197.43333334,1.2283695689529954,19.322837740637617,1.2711613829187098,3.3663557232568087,cyclical,True,0.0,1.2283695689529954,reject_valuation
FISV,"Fiserv, Inc.",53.18,28279354525.0,10.200832486141215,1.0496051941049214,10.7484794412786,3.44914633320404,3963000000.0,,28012000000.0,-1.165214096248579,-17.105652559928973,-12.858957643833776,0.0,7249478.033333333,Commercial Services,Miscellaneous Commercial Services,NASDAQ:FISV,US,385527241.81266665,0.9490488902984551,10.289407217802157,0.9913916584516457,4.271043415810205,financial_special,True,0.28,1.229048890298455,reject_valuation
LTC,"LTC Properties, Inc.",40.62,2189643926.0,14.887300714678394,1.7261058423286024,12.1054076187421,6.78397317365752,121818000.0,,779502000.0,59.93916941090377,63.25425289584646,49.580615097856466,5.61299852289513,500404.2,Finance,Real Estate Investment Trusts,NYSE:LTC,US,20326418.604,1.2298058176603033,11.594484960102394,1.2839984497721857,4.220615073289036,financial_special,True,0.0,1.2298058176603033,reject_valuation
OPCH,"Option Care Health, Inc.",23.9,3579867365.0,18.084140435835348,2.841243442255591,15.9991083445363,6.19900340200393,303849000.0,,1268079000.0,5.945175874824456,-0.7943044865422667,5.306772908366551,0.0,2329026.5,Health Services,Medical/Nursing Services,NASDAQ:OPCH,US,55663733.349999994,1.1303217683384892,15.711244072322131,1.151031729415588,1.7992519708917132,stable_or_general,True,0.1,1.2303217683384893,reject_valuation
FSS,Federal Signal Corporation,118.13,7210845306.000001,25.44534194938072,4.787572494457796,20.6079861361831,13.1037649219467,339200000.0,,485800000.0,23.96941152638509,28.79061371841155,29.12691569549134,0.490984508592229,393183.8,Consumer Durables,Motor Vehicles,NYSE:FSS,US,46446802.294,1.234732097606776,18.81512342802025,1.3523877239883784,8.699844304606652,stable_or_general,True,0.0,1.234732097606776,reject_valuation
POWL,"Powell Industries, Inc.",182.71,6656593973.0,34.99320092697221,8.802874581079337,28.252320905580603,15.587072473757802,243958000.0,,2524000.0,7.039406398014422,8.825458008085347,8.781615900662528,0.196125006841443,649410.1333333333,Producer Manufacturing,Electrical Products,NASDAQ:POWL,US,118653725.46133333,1.2385956199463988,25.155957008477664,1.3910502754945617,10.95967976383604,cyclical,True,0.0,1.2385956199463988,reject_valuation
WCPRF,"Whitecap Resources, Inc.",12.82,15562198645.668346,15.657977018682093,1.9268511743198993,12.5949689152415,7.427083387693541,1413843200.0,,1952755200.0,83.56870698381873,39.023831837038735,-23.41944193931149,4.08739495798319,465031.6,Energy Minerals,Integrated Oil,OTC:WCPRF,US,5961705.112,1.2431929863466329,12.305875605903012,1.2723984477115233,2.295307843028105,cyclical,True,0.0,1.2431929863466329,reject_valuation
DOX,Amdocs Limited,62.91,6767291540.0,15.040164483121352,1.9986973995647408,13.109833641802302,6.9824464604926,638842000.0,,1087013000.0,0.15213349525898312,-19.357363647234894,-15.478499838344648,3.48434271181052,1227987.4666666666,Technology Services,Information Technology Services,NASDAQ:DOX,US,77252691.52799998,1.147242969976671,13.289066099029407,1.1317698603530792,1.3671604241841884,technology_strict,True,0.1,1.2472429699766712,reject_valuation
RNECY,Renesas Electronics Corp,10.41,38085442968.89292,17.40220661985958,2.1700248896226535,13.948427252554202,8.03101394594938,2684341400.0,,7124503922.47346,12.859298720155133,,,0.84001122859549,603026.2333333333,Electronic Technology,Semiconductors,OTC:RNECY,US,6277503.089,1.2476106664049118,12.469826022788387,1.3955452616626207,10.600487087137756,technology_strict,True,0.0,1.2476106664049118,reject_valuation
TMUS,"T-Mobile US, Inc.",181.37,194550448451.0,18.980493113985517,3.464669993860369,17.9940701359779,4.95546649898169,15831000000.0,,119439000000.0,9.680911816494552,-13.548915268112976,-9.885985345014564,2.17235485471688,4624762.7,Communications,Wireless Telecommunications,NASDAQ:TMUS,US,838793210.899,1.054819336067571,18.253846056862844,1.0398078878751953,1.4436751603270626,stable_or_general,True,0.2,1.254819336067571,reject_valuation
HL,Hecla Mining Company,20.38,13690640092.999998,26.1315553276061,5.112407748383244,20.7569703782606,15.9412881284113,515611000.0,,24569000.0,51.13488651134887,425.08926612275843,398.3386581469649,0.0736015701668302,40585855.0,Non-Energy Minerals,Precious Metals,NYSE:HL,US,827139724.9,1.2589291621755392,19.564115814347854,1.335688030861167,5.746766229247302,cyclical,True,0.0,1.2589291621755392,reject_valuation
TXRH,"Texas Roadhouse, Inc.",198.99,13061889056.0,31.86287068468584,8.373717157809159,27.459321726381695,11.9287599774921,406385000.0,,1087554000.0,9.891343355173998,-5.6665418546457476,-4.7523182040019565,1.43725815367606,789764.1333333333,Consumer Services,Restaurants,NASDAQ:TXRH,US,157155164.892,1.1603662684090776,26.28048564950488,1.2124155964859857,4.293026931339849,stable_or_general,True,0.1,1.2603662684090777,reject_valuation
TIGO,Millicom International Cellular S.A.,93.38,15644962481.0,23.542759177087532,6.379129902530065,22.1628838451197,3.7220774124842504,1591364540.0,,11901000000.0792,29.099018733762307,-30.073606729329335,-29.71239212489588,3.21267937459842,1310335.9666666666,Communications,Wireless Telecommunications,NASDAQ:TIGO,US,122359172.56733331,1.0622606399785686,27.095931511453472,0.8688669428890455,22.25814880774206,stable_or_general,True,0.2,1.2622606399785685,reject_valuation
AXIAY,AXIA Energia,10.21,23554693126.8729,12.374257665737488,1.3157335182147263,10.6425941906981,4.37224474371852,2789805900.0,,14138406669.3071,10.66306004358836,90.25288289193644,59.934095754991255,6.53042029979426,2539326.1333333333,Utilities,Electric Utilities,OTC:AXIAY,US,25926519.821333334,1.1627106553168123,10.632827873447312,1.1637786121450286,0.09176632196805645,stable_or_general,True,0.1,1.2627106553168124,reject_valuation
ITOCY,Itochu Corp.,13.15,103257789340.78271,15.654761904761905,2.207349887618194,14.455929123828001,5.58329008588155,4771359480.0,,32265885248.423298,-0.07234282091043517,-8.29684135956008,-6.80128702984578,1.32707606314676,486838.1666666667,Distribution Services,Food Distributors,OTC:ITOCY,US,6401921.891666668,1.0829301783831966,14.100181791629527,1.110252487244898,2.4609094936145492,stable_or_general,True,0.18,1.2629301783831965,reject_valuation
LVMUY,LVMH-Moet Hennessy Louis Vuitton,106.56,262850297137.1739,20.815345848065167,3.374605963450636,16.4229614986847,7.729376071010339,18003391290.0,,41864216100.0,3.1729276812006524,6.234686914836621,6.9730023403544035,2.00542605105105,327951.26666666666,Consumer Non-Durables,Apparel/Footwear,OTC:LVMUY,US,34946486.976,1.2674538541500113,16.212106145545082,1.2839384137504557,1.2839057873727855,stable_or_general,True,0.0,1.2674538541500113,reject_valuation
MTB,M&T Bank Corporation,237.29,34268533309.999996,12.528907990749444,1.3480058755763704,10.7170051885038,1.40468149798651,3621000000.0,,18182000000.0,0.31053548435961525,12.198739340007416,22.687551418336348,2.52855156138059,977600.3666666667,Finance,Regional Banks,NYSE:MTB,US,231974791.00633332,1.1690680157726605,10.759164937372459,1.164487026983823,0.3933911398483314,financial_special,True,0.1,1.2690680157726606,reject_valuation
FCF,First,20.85,2107016043.0,12.766348273328436,1.3433663795019688,10.906676039502,1.37730567344051,178314000.0,,303612000.0,4.869147482867239,25.59668141427859,24.93880048959609,2.61390887290168,791219.5666666667,Finance,Regional Banks,NYSE:FCF,US,16496927.965000002,1.170507698870952,10.522714489221176,1.2132181564372482,3.520426836647439,financial_special,True,0.1,1.270507698870952,reject_valuation
BRC,Brady Corporation,93.25,4393267624.0,21.244845419542976,3.274161998864489,16.695984691452,11.8787014180471,181335000.0,,88509000.0,11.11190273283041,7.609989940257448,8.519791331866411,1.05093833780161,163915.76666666666,Producer Manufacturing,Miscellaneous Manufacturing,NYSE:BRC,US,15285145.241666667,1.272452377751634,15.411559529883007,1.3785006882885038,7.693018323301359,cyclical,True,0.0,1.272452377751634,reject_valuation
AYI,Acuity Inc.,335.16,10033198000.0,22.232835820895524,3.537897921152463,17.3783460583203,10.1770149864788,639400000.0,,804300000.0,10.499424294761083,17.63387297633873,18.78683770920667,0.229741019214703,245926.7,Producer Manufacturing,Electrical Products,NYSE:AYI,US,82424792.77200001,1.2793412990099262,15.912940434829148,1.3971544675824856,8.43236530434699,cyclical,True,0.0,1.2793412990099262,reject_valuation
DHI,"D.R. Horton, Inc.",147.39,41225173544.0,14.021919059307036,1.7370987798587054,12.754321905732702,8.37475585401716,3202200000.0,,7183900000.0,-3.5441485684867517,-22.97075669265511,-15.746358980113653,1.18732614152928,2316075.433333333,Consumer Durables,Homebuilding,NYSE:DHI,US,341366358.11899996,1.0993856955268304,12.388452482941041,1.1318539646994077,2.868591725187808,stable_or_general,True,0.18,1.2793856955268303,reject_valuation
TOELY,Tokyo Electron Ltd.,171.3,160310251107.07263,39.20715936920647,11.81363830404981,30.6412995934508,22.5352611437658,2551547060.0,,416225196.123673,4.915545207188856,12.10609744133874,12.61728013197238,0.904221371832123,203501.39999999973,Producer Manufacturing,Industrial Machinery,OTC:TOELY,US,34859789.819999956,1.2795527568806684,30.131329313615893,1.3012090824512461,1.6643232715361167,cyclical,True,0.0,1.2795527568806684,reject_valuation
TME,Tencent Music Entertainment Group,8.56,13145587898.37579,10.256410256410257,1.0617304469810762,10.9847297352764,7.90650937934692,,,2488283667.87515,15.724738435638239,-9.839369653801182,-8.466769028295683,2.7196261682243,10210107.8,Technology Services,Internet Software/Services,NYSE:TME,US,87398522.768,0.9336970962037223,10.351871858065492,0.9907783246388568,5.7612512320494025,technology_strict,False,0.35,1.2836970962037224,reject_valuation
WSFS,WSFS Financial Corporation,78.3,4000394660.0,13.12613156306578,1.4783073965590743,11.8549526822519,1.4756903018248,294748000.0,,424764000.0,-0.3304857290583444,20.045417242813635,30.641028448785633,0.906768837803321,379538.8333333333,Finance,Savings Banks,NASDAQ:WSFS,US,29717890.65,1.1072276638199465,11.26232347631442,1.1654905482577462,4.999001023637217,financial_special,True,0.18,1.2872276638199465,reject_valuation
DTEGY,Deutsche Telekom AG,33.17,158937429581.00568,15.91497936858267,2.303302673553197,14.6069155737091,3.0383796694214,34061895160.0,,165172551000.0,9.652533650306859,-26.238753850963896,-25.158000574547547,3.43117274645764,690241.9333333331,Communications,Major Telecommunications,OTC:DTEGY,US,22895324.928666662,1.0895509930397589,14.472545770936307,1.099666887946076,0.9199053838213955,stable_or_general,True,0.2,1.2895509930397588,reject_valuation
VFC,V.F. Corporation,13.67,5374149356.000001,19.90969997087096,3.0453709025614977,17.9381726585757,2.79559206049652,619058000.0,,4953682000.0,-0.15574538019071643,215.1919252302068,216.11418047882137,2.63350402340892,7682931.033333333,Consumer Non-Durables,Apparel/Footwear,NYSE:VFC,US,105025667.22566666,1.1099068087825954,15.295915593992131,1.3016350573149746,14.729800603855747,stable_or_general,True,0.18,1.2899068087825953,reject_valuation
TXT,Textron Inc.,83.04,14281794261.0,15.671472786291236,1.772740023320583,12.1262994769807,5.33371201363249,758000000.0,,4211000000.0,8.796757218034418,14.82843137254902,19.88235294117647,0.0963391136801541,1676692.4666666666,Electronic Technology,Aerospace & Defense,NYSE:TXT,US,139232542.432,1.2923540950015562,11.311891661333219,1.385398062099562,6.716045708696772,technology_strict,True,0.0,1.2923540950015562,reject_valuation
TTC,Toro Company (The),99.03,9430580273.0,28.541372452949823,6.904350724005151,23.8900411291173,9.06774120378401,759100000.0,,1137000000.0,2.6531915362089085,-14.794383149448345,-11.12448770491803,1.5651822679996,567937.3,Producer Manufacturing,Trucks/Construction/Farm Machinery,NYSE:TTC,US,56242830.819000006,1.1946975017202233,24.190675257074293,1.1798501757243514,1.2584077454373954,cyclical,True,0.1,1.2946975017202234,reject_valuation
LKNCY,Luckin Coffee Inc.,36.16,10370298350.0,21.46758489669912,4.221552097525326,22.7101777271136,12.0856497976215,,,1441580599.5225,40.802869008700924,-0.11703578179815297,-1.0166304283951397,0.0,1326678.9666666666,Consumer Non-Durables,Food: Specialty/Candy,OTC:LKNCY,US,47972711.434666656,0.94528475975197,19.66477420650348,1.0916771619782655,13.409862120868477,stable_or_general,False,0.35,1.2952847597519699,reject_valuation
ENGIY,ENGIE SA,28.26,72538685258.13657,15.288898506816707,1.871333566863755,13.9580558649019,2.36098062210364,813888670.0,,87025709400.0,1.8215004198024636,-10.881839382443848,-17.43422521999375,4.30739674065749,297989.13333333336,Utilities,Electric Utilities,OTC:ENGIY,US,8421172.908000002,1.0953458457822387,12.239819409026767,1.2491114448585139,12.309998416009405,stable_or_general,True,0.2,1.2953458457822387,reject_valuation
BOKF,BOK Financial Corporation,137.48,8354228833.999999,12.936128570890888,1.3733491939115519,10.8058848200525,1.24201261225999,647832000.0,,4974572000.0,1.6826854258068038,21.959578555256655,27.078799473873012,1.78935117835322,238874.66666666666,Finance,Major Banks,NASDAQ:BOKF,US,32840489.17333333,1.1971373734139097,10.616384851043357,1.2185059935557585,1.7536737820626036,financial_special,True,0.1,1.2971373734139098,reject_valuation
SYBT,"Stock Yards Bancorp, Inc.",79.84,2480360644.0,15.905649852577897,1.9901196938346422,13.277142715053,1.52733105010586,147332000.0,,469553000.0,9.303008615962302,16.484740823847492,15.32152457095596,1.60320641282565,164786.2,Finance,Regional Banks,NASDAQ:SYBT,US,13156530.208,1.1979723494682948,12.512030079123708,1.271228549803156,5.762630201013385,financial_special,True,0.1,1.2979723494682949,reject_valuation
OLLI,"Ollie's Bargain Outlet Holdings, Inc.",72.42,4378027357.0,17.889432340299393,2.323733040871968,13.7813789832258,8.75079242179889,212725000.0,,710296000.0,16.742005441830287,24.10986167777888,24.491051110154373,0.0,1345879.4,Retail Trade,Department Stores,NASDAQ:OLLI,US,97468586.148,1.298087249619488,12.989417420681994,1.377231307680936,5.746606079897754,stable_or_general,True,0.0,1.298087249619488,reject_valuation
GD,General Dynamics Corporation,379.32,102627755270.0,23.126166002121664,3.8256823384629532,17.8034360988771,7.63289954920473,6447000000.0,,9479000000.0,9.126171105762538,9.81399902104748,10.135098839707785,1.62923125593167,977962.1333333333,Electronic Technology,Aerospace & Defense,NYSE:GD,US,370960596.416,1.2989720564998282,16.542657084239444,1.3979716731331195,7.081661133477368,technology_strict,True,0.0,1.2989720564998282,reject_valuation
FDX,FedEx Corporation,330.88,78309516566.00002,17.84970599341857,2.5092805005213763,14.8289546390717,4.74689650736477,5116000000.0,,42943000000.0,7.726952209812797,8.370044052863436,9.927059242127733,1.68338974854932,1473691.4333333343,Transportation,Air Freight/Couriers,NYSE:FDX,US,487615021.46133363,1.2037062913651189,14.057825386292537,1.2697345075023774,5.200159225973855,stable_or_general,True,0.1,1.303706291365119,reject_valuation
JNJ,Johnson & Johnson,268.04,645949197780.0001,31.06701592526484,7.596726186258667,25.742150216587902,10.6664976549626,22244000000.0,,49036000000.0,8.07181320621469,-7.166497506729623,-7.724064171122985,1.95493209968661,6989905.133333334,Health Technology,Pharmaceuticals: Major,NYSE:JNJ,US,1873574171.9386668,1.206853959901363,24.452706383301944,1.2704939665279595,5.009075863659051,health_special,True,0.1,1.306853959901363,reject_valuation
PR,Permian Resources Corporation,22.7,19012544694.0,15.067038364529404,1.5835655198489822,11.5062562472319,6.86094842344198,1066488000.0,,3150869000.0,12.813302556836337,7.879569922533987,-2.149769435604347,2.73127753303965,9367382.366666667,Energy Minerals,Integrated Oil,NYSE:PR,US,212639579.72333333,1.3094648720476858,10.510131331297254,1.433572796532286,8.657246062760727,cyclical,True,0.0,1.3094648720476858,reject_valuation
SOBO,South Bow Corporation,37.43,7807453267.335702,18.44688558613685,2.9331460733889667,16.3067115113459,3.7819606134446,663215245.4399999,,5727119200.0,-28.911750212949638,37.91990240003329,37.788273053686964,5.35562704052237,494626.0,Industrial Services,Oil & Gas Pipelines,NYSE:SOBO,US,18513851.18,1.1312449829815079,15.900494745808345,1.160145384218298,2.4911016869030744,cyclical,True,0.18,1.3112449829815078,reject_valuation
FNB,F.N.B. Corporation,18.41,6498747925.0,10.962248422055495,0.9517531955591744,9.05025817555938,1.2006929828045,654900000.0,,4971000000.0,2.8835075302444246,29.523134294790097,30.448966910051254,2.6615969581749,4171840.8333333335,Finance,Major Banks,NYSE:FNB,US,76803589.74166667,1.21126361363475,8.682098406420845,1.2626266034888944,4.0679476982520395,financial_special,True,0.1,1.3112636136347502,reject_valuation
AGCO,AGCO Corporation,113.39,7940897030.999999,15.693031624109057,1.9451918730470241,12.9323198894425,4.41041499574173,330300000.0,,2838900000.0,1.7400536762320464,435.5421686746988,443.1481620687063,1.03183702266514,967316.2333333333,Producer Manufacturing,Trucks/Construction/Farm Machinery,NYSE:AGCO,US,109683987.69766666,1.213473820495293,12.39525873419285,1.2660511539641492,4.152860119769297,cyclical,True,0.1,1.3134738204952932,reject_valuation
JLL,Jones Lang LaSalle Incorporated,378.01,17391371835.000004,18.11268860895356,2.3307263800232687,13.7791691951233,5.74117863392013,1240200000.0,,3418800000.0,11.17392467235636,77.1768043979429,79.38097366430587,0.0,339007.63333333336,Finance,Real Estate Development,NYSE:JLL,US,128148275.47633334,1.3144978737443744,12.867920551955669,1.4075847403488044,6.613233572094757,financial_special,True,0.0,1.3144978737443744,reject_valuation
AIT,"Applied Industrial Technologies, Inc.",322.22,11825105539.0,29.40634268765686,6.3696357632651,22.3688566588124,13.403083363929,460517000.0,,483444000.0,8.836829538521952,5.480320009771291,8.195507282152557,0.60207311774564,261757.93333333332,Distribution Services,Wholesale Distributors,NYSE:AIT,US,84343641.27866668,1.314610895683485,21.660754725335895,1.3575862457489165,3.165570526366379,stable_or_general,True,0.0,1.314610895683485,reject_valuation
MRP,"Millrose Properties, Inc.",30.61,4720922346.0,10.675548425347888,0.8685696125487169,8.11972623428877,5.38503930897823,5225752000.0,,2491732000.0,228.24471299093653,890.7040143175244,890.4317789291885,9.83338778177066,1013277.6666666666,Finance,Real Estate Development,NYSE:MRP,US,31016429.376666665,1.3147670398376416,8.136065501669181,1.3121266566939156,0.2012292891281353,financial_special,True,0.0,1.3147670398376416,reject_valuation
GMINF,G Mining Ventures Corp.,38.4275,11382401681.389917,25.102100273835156,4.846791468066882,23.4930110469165,18.2386222207188,-16011353.6,,32979377.2,65.14807718683271,209.96648955238214,196.8529013756165,0.0,141334.53333333333,Non-Energy Minerals,Precious Metals,OTC:GMINF,US,5431132.779666667,1.0684922517469233,19.308310520609588,1.3000671522783576,17.8125337699365,cyclical,False,0.25,1.3184922517469233,reject_valuation
HLI,"Houlihan Lokey, Inc.",133.02,9297771107.000002,22.34315948601663,4.1233253059403845,18.325326383951,11.2280596997596,484634000.0,,493000000.0,1.5872408750660292,-0.5241192836709903,0.3742855697739075,1.87941662907833,882440.0666666667,Finance,Investment Banks/Brokers,NYSE:HLI,US,117382177.66800001,1.2192502888016432,18.454531054665523,1.2107140203038655,0.7050606794522185,financial_special,True,0.1,1.3192502888016433,reject_valuation
VSXY,Victorias Secret & Co.,87.85,6983347665.999999,35.97461097461097,8.785,29.356655052264802,4.50554010695187,314000000.0,,2851000000.0,8.650910622593713,25.81774305306669,22.596515889351885,0.0,1566265.4333333333,Retail Trade,Apparel/Footwear Retail,NYSE:VSXY,US,137596418.31833333,1.22543290134942,24.420000000000005,1.4731617925721114,16.816136046412232,stable_or_general,True,0.1,1.3254329013494202,reject_valuation
SUN,Sunoco LP,74.65,15290158959.0,16.37743796757421,1.493828178342073,14.5439935717155,4.08080443702936,1722000000.0,,14841000000.0,83.33873731993144,224.37275985663084,123.93023827069516,5.02424648359009,460544.63333333336,Distribution Services,Wholesale Distributors,NYSE:SUN,US,34379656.87833334,1.1260619641240979,9.12125682478366,1.795524266247448,37.28506011909777,stable_or_general,True,0.2,1.3260619641240978,reject_valuation
OSIS,"OSI Systems, Inc.",206.64,3294248250.0,23.00012243580468,3.9489352073831174,17.3438450263306,6.522786283897261,245334000.0,,1049842000.0000001,4.250492946976533,3.3908725783061677,3.2951239982984006,0.0,252719.16666666666,Electronic Technology,Aerospace & Defense,NASDAQ:OSIS,US,52221888.599999994,1.326125919649708,17.169192113672157,1.3396158819545878,1.0070022673362988,technology_strict,True,0.0,1.326125919649708,reject_valuation
KEY,KeyCorp,21.91,23380786149.0,12.743558424940382,1.3578611858075926,10.3304312407719,1.07691817757208,761000000.0,,14659000000.0,18.47256391057867,1053.4090909090908,,3.74258329529895,9797630.3,Finance,Major Banks,NYSE:KEY,US,214666079.87300003,1.233594041519236,10.655274928156066,1.1959858859451973,3.144531721987387,financial_special,True,0.1,1.333594041519236,reject_valuation
NRG,"NRG Energy, Inc.",111.12,23358589086.0,29.39060516292848,5.557531099818,23.7715245695086,2.65196476541513,348000000.0,,23467000000.0,12.7003573251659,62.643678160919535,59.993229232787435,1.64686825053996,2990964.2666666666,Utilities,Electric Utilities,NYSE:NRG,US,332355949.31200004,1.236378637684324,18.909209487213726,1.5543011030049774,20.454367863858824,stable_or_general,True,0.1,1.336378637684324,reject_valuation
FFIN,"First Financial Bankshares, Inc.",33.39,4785705117.000001,17.822257806245,2.3806739752906148,14.4079155083539,1.81255587742028,315847000.0,,75485000.0,9.670105387216458,9.518265053962619,9.318473567510791,2.36597783767595,671230.7333333333,Finance,Major Banks,NASDAQ:FFIN,US,22412394.185999997,1.2369768406756285,13.357869699631525,1.3342140780678988,7.287978667792306,financial_special,True,0.1,1.3369768406756286,reject_valuation
SCHW,Charles Schwab Corporation (The),110.16,190503626313.0,20.032004655222575,4.333082510686185,20.2734994678608,2.06842436299045,-7015000000.0,,37114000000.0,10.131993400329984,38.62419332692571,48.05481517378779,1.07116920842411,7919937.766666667,Finance,Investment Banks/Brokers,NYSE:SCHW,US,872460344.3759999,0.9880881535513363,21.630798241435613,0.9260871666238182,6.694940731502785,financial_special,False,0.35,1.3380881535513363,reject_valuation
BIRK,Birkenstock Holding plc,35.65,6341700960.999999,16.66355052818547,1.9796053449899602,12.4492651908338,6.403564047043001,283446460.0,,2200469494.51859,19.54578702013978,16.524071850587024,19.15343915343916,0.0,2612454.3333333335,Consumer Non-Durables,Apparel/Footwear,NYSE:BIRK,US,93133996.98333333,1.3385167937827032,11.879853226007073,1.4026730979896327,4.57386003188347,stable_or_general,True,0.0,1.3385167937827032,reject_valuation
VRTX,Vertex Pharmaceuticals Incorporated,541.69,137297247587.99998,31.51467550978852,6.777781628782169,23.5425523671082,17.1208705790906,3796100000.0,,1977600000.0,11.447527776315097,21.101825379371014,22.86012451484244,0.0,1235264.1333333333,Health Technology,Pharmaceuticals: Major,NASDAQ:VRTX,US,669130228.3853334,1.3386261191381417,21.50674731420597,1.4653389956821579,8.64734214522338,health_special,True,0.0,1.3386261191381417,reject_valuation
GRMN,Garmin Ltd.,285.19,54999611734.0,29.40952027389349,6.0932461732132195,21.8873782187887,17.2640872592827,1599841000.0,,177957000.0,13.512248592312265,19.692177233994396,19.64318762260799,1.20971983589887,980951.6333333333,Electronic Technology,Telecommunications Equipment,NYSE:GRMN,US,279757596.3103333,1.3436748787320532,20.71861804091421,1.4194730660035757,5.339882036996091,technology_strict,True,0.0,1.3436748787320532,reject_valuation
ELS,"Equity Lifestyle Properties, Inc.",63.74,12369679266.0,30.97332231886875,7.032192082329824,23.0340981787248,6.975237203162971,354412000.0,,3312741000.0,2.0612206680599536,9.423131385748208,11.382333838493189,3.31816755569501,1502421.8,Finance,Real Estate Investment Trusts,NYSE:ELS,US,95764365.532,1.3446726708613637,22.70402900255184,1.3642214038480778,1.4329589707046675,financial_special,True,0.0,1.3446726708613637,reject_valuation
MBIN,Merchants Bancorp,53.41,2453552633.0,10.737620876138397,1.3316339480141675,11.7326091267848,1.33057770460348,-760324000.0,,4297796000.0,-5.267769001572684,6.0934037502123175,9.40503684152645,0.786369593709043,162900.56666666656,Finance,Regional Banks,NASDAQ:MBIN,US,8700519.26566666,0.915194630632081,12.401573527087194,0.8658272962447519,5.7017530633931335,financial_special,False,0.43000000000000005,1.345194630632081,reject_valuation
FOXA,Fox Corporation,68.42,27148697409.0,17.843265093232496,2.4688800947715097,14.285714285714302,7.37789259364669,1468000000.0,,7568000000.0,5.067484662576687,-25.541316836058332,-21.89155055813575,0.818474130371237,4834988.666666667,Consumer Services,Broadcasting,NASDAQ:FOXA,US,330809924.5733334,1.2490285565262733,13.83648161853457,1.2895810933128162,3.1446286702581205,stable_or_general,True,0.1,1.3490285565262734,reject_valuation
CDE,"Coeur Mining, Inc.",21.13,21720266925.0,17.353810775295663,2.0878002509707825,12.8480737603898,8.78760424796154,1156220000.0,,713156000.0,116.79407622643836,346.0098599674831,212.20512820512818,0.0946521533364884,38431332.53333333,Non-Energy Minerals,Precious Metals,NYSE:CDE,US,812054056.4293332,1.3506935824727988,12.030788384202673,1.4424500058601746,6.3611510287775115,cyclical,True,0.0,1.3506935824727988,reject_valuation
ROP,"Roper Technologies, Inc.",426.2,42151552545.0,17.6621482178304,2.2540376599873566,13.0656176469054,7.32359602806847,2622400000.0,,11319400000.0,10.875590846400009,62.659132242140814,69.57863076079778,0.834115438761145,797868.3,Technology Services,Packaged Software,NASDAQ:ROP,US,340051469.46000004,1.3518035423310961,12.761967752664688,1.3839674696045643,2.324037810127011,technology_strict,True,0.0,1.3518035423310961,reject_valuation
TCBI,"Texas Capital Bancshares, Inc.",98.64,4288311735.9999995,12.831720262254137,1.2808460024204145,10.1876602190876,1.10726445412793,470501000.0,,850859000.0,3.1082391116713364,171.93296489383124,205.67838396691585,0.202757502027575,447107.93333333335,Finance,Major Banks,NASDAQ:TCBI,US,44102726.544,1.2595355544163738,9.981872860711892,1.2855022741031985,2.019966841749843,financial_special,True,0.1,1.3595355544163739,reject_valuation
TS,Tenaris S.A.,53.97,29029562130.59892,14.414294108220714,1.6061701695183603,11.3953254900841,9.38806071820553,1744734700.0,,446950000.0,1.963176848775337,-4.795650483631855,1.4303516281085877,3.29812858995738,1452406.8333333333,Non-Energy Minerals,Steel,NYSE:TS,US,78386396.79499999,1.2649304419398673,11.142898552363619,1.293585689619616,2.21517970627636,cyclical,True,0.1,1.3649304419398673,reject_valuation
LGND,Ligand Pharmaceuticals Incorporated,280.49,5591739002.999999,29.98706394261095,5.7749544575590575,21.9615878221314,12.5839094790554,131508999.99999999,,1131453000.0,54.88634425110883,,,0.0,253741.1,Health Technology,Pharmaceuticals: Major,NASDAQ:LGND,US,71171841.139,1.3654324170674044,19.258152343994492,1.557110121831713,12.309836155892928,health_special,True,0.0,1.3654324170674044,reject_valuation
COLM,Columbia Sportswear Company,58.01,2969717176.0,15.04213665240503,1.854209464618992,12.6576344950075,7.24411536269449,321303000.0,,461244000.0,-0.22461470142472745,-8.33444560120303,-1.8052655700972646,2.06860886054129,725259.5666666667,Consumer Non-Durables,Apparel/Footwear,NASDAQ:COLM,US,42072307.46233333,1.1883845009379945,12.326769178250547,1.2202821708502094,2.6139585314100544,stable_or_general,True,0.18,1.3683845009379945,reject_valuation
FIBK,"First Interstate BancSystem, Inc.",37.04,3530082886.0,11.43104033577138,1.0651602585946844,9.61686732696756,1.21343874996726,243300000.0,,751900000.0,-5.410317349363903,41.307189542483655,45.92002161577951,5.0755939524838,1080266.5333333334,Finance,Regional Banks,NASDAQ:FIBK,US,40013072.39466667,1.1886449034933162,9.318139270854092,1.2267513935455077,3.106292787005327,financial_special,True,0.18,1.3686449034933161,reject_valuation
ASMIY,ASM International N.V.,945.06,46823459876.45865,37.038662773608195,9.103526241343529,27.023332948113005,19.3868330772242,896064260.0,,80602650.0,10.55140982124008,115.93363391293552,116.90398265822246,0.336855086780373,16655.966666666667,Producer Manufacturing,Industrial Machinery,OTC:ASMIY,US,15740887.858,1.370617859933319,24.578441983683664,1.5069573082865146,9.047333166207638,cyclical,True,0.0,1.370617859933319,reject_valuation
GPI,"Group 1 Automotive, Inc.",263.95,3146871434.0,11.005024078050408,1.0662708221240913,9.39850859038796,2.78898832153789,138100000.0,,5776500000.0,0.8126973726121897,-39.39843253547977,-33.55523604520055,0.795605228262929,199233.8,Retail Trade,Specialty Stores,NYSE:GPI,US,52587761.51,1.1709330232783381,9.688945835664054,1.135832965186161,3.090248229098047,stable_or_general,True,0.2,1.370933023278338,reject_valuation
DBSDY,DBS Group Holdings Ltd.,238.9,170171441810.7536,19.42450137817203,3.1311847123740124,16.2972597639239,1.24231729484705,17589079390.0,,139836097259.26797,-2.264637445151191,2.7795260561652513,2.5985618232477483,3.10348604911647,42309.63333333331,Finance,Major Banks,OTC:DBSDY,US,10107771.403333329,1.1918875724844669,16.119768798248952,1.2050111649418984,1.0890847188178787,financial_special,True,0.18,1.3718875724844668,reject_valuation
SHOO,"Steven Madden, Ltd.",44.24,3237354740.0,22.179885691366692,3.4450213834283883,16.1621540212756,7.6793687720107,224274000.0,,377142000.0,18.329088279982678,57.38972809667674,56.90685966016361,1.89873417721519,967191.4666666667,Consumer Non-Durables,Apparel/Footwear,NASDAQ:SHOO,US,42788550.48533334,1.3723347557614811,15.53218727709372,1.4279949948888875,3.8977895109315375,stable_or_general,True,0.0,1.3723347557614811,reject_valuation
HAL,Halliburton Company,36.18,30142657080.0,18.951338326960347,2.7406101152601536,14.891935858703201,6.25720144517137,1725000000.0,,8199000000.0,0.6251686606098767,-13.963480128893663,-10.677022411453711,1.87949143173024,12067981.166666666,Industrial Services,Oilfield Services/Equipment,NYSE:HAL,US,436619558.60999995,1.2725906495148336,14.461301191385184,1.3104863854332793,2.891730607786247,cyclical,True,0.1,1.3725906495148337,reject_valuation
CBU,"Community Financial System, Inc.",63.16,3323220600.0,14.682908685140413,1.6027458823057716,11.4894981010431,1.32013941356286,246667000.0,,764097000.0,7.2174067048245245,17.26636153008623,17.404951008488215,2.97656744775174,216416.4,Finance,Major Banks,NYSE:CBU,US,13668859.824,1.2779416956261467,10.915724647445389,1.345115341341691,4.993894846856895,financial_special,True,0.1,1.3779416956261468,reject_valuation
TFC,Truist Financial Corporation,50.43,61606610683.0,11.57766655952982,1.049802217512025,9.0588280916741,1.06195720167004,5122000000.0,,71067000000.0,0.3604548284562703,11.89883119371527,18.367346938775523,4.12452905016855,6403273.966666667,Finance,Regional Banks,NYSE:TFC,US,322917106.139,1.2780534570659052,9.067476698470909,1.276834442980396,0.09547158538925071,financial_special,True,0.1,1.3780534570659053,reject_valuation
FCNCA,"First Citizens BancShares, Inc.",2194.07,24381781735.000004,11.734488132714217,1.2411894834281572,10.6525477418771,1.00922839473092,1608000000.0,,32498000000.0,-1.3765237638679633,-1.7939090529828954,10.347745875154256,0.376013527371506,60710.7,Finance,Regional Banks,NASDAQ:FCNCA,US,133203525.54900001,1.1015663498586177,10.577278441041525,1.109405240499535,0.7065849659577572,financial_special,True,0.28,1.3815663498586177,reject_valuation
EPAM,"EPAM Systems, Inc.",114.8,5922185337.0,15.549445339907082,1.6829868501259162,11.1784611672526,8.65222252929579,482636000.0,,152243000.0,10.76187341661321,0.1288785077015503,5.272989120360476,0.0,1556140.0666666667,Technology Services,Information Technology Services,NYSE:EPAM,US,178644879.65333334,1.3910184154380139,10.823452626998805,1.436643728741365,3.1758265734625146,technology_strict,True,0.0,1.3910184154380139,reject_valuation
PH,Parker-Hannifin Corporation,995.02,125419756154.0,34.92707583761869,8.138958595782206,25.084232964312704,12.0852727302844,3905000000.0,,8733000000.0,8.307708552666645,3.318541713161899,5.019759057463465,0.743703644147856,642111.9,Producer Manufacturing,Industrial Machinery,NYSE:PH,US,638914182.738,1.3923916225506827,23.302719739898837,1.4988411750846693,7.102123580770536,cyclical,True,0.0,1.3923916225506827,reject_valuation
DY,"Dycom Industries, Inc.",294.34,8877576072.0,26.792768847057108,4.300511578828637,19.1973700190206,6.75379263538569,468671000.0,,3048458000.0,37.791545707713766,26.282233035748497,23.491456834532357,0.0,570073.5333333333,Industrial Services,Engineering & Construction,NYSE:DY,US,167795443.8013333,1.3956478840857391,16.051015866921126,1.66922574055099,16.389506213518267,cyclical,True,0.0,1.3956478840857391,reject_valuation
IMO,Imperial Oil Limited,130.51,63113683621.01555,21.836029438534794,3.6527801275684824,16.7978684752331,9.04162275507654,3544640000.0,,2956800000.0,2.465674118281722,-15.126301078499521,-10.398362013920751,1.75361199955884,493374.23333333334,Energy Minerals,Integrated Oil,AMEX:IMO,US,64390271.192333326,1.2999285874115516,16.728224963473878,1.305340494058026,0.41459731549811085,cyclical,True,0.1,1.3999285874115517,reject_valuation
SAFRY,Safran SA,99.58,167212693212.2173,36.66286219211369,9.95279468837798,28.2009532023088,6.38847101807393,6257840650.0,,5836546500.0,22.56853187447156,-4.200327106357691,-3.8888888888888924,0.661941619416194,227954.36666666667,Electronic Technology,Aerospace & Defense,OTC:SAFRY,US,22699695.832666665,1.3000575522784854,27.146802222437667,1.35054073373735,3.7379976921660507,technology_strict,True,0.1,1.4000575522784855,reject_valuation
BWXT,"BWX Technologies, Inc.",152.85,14004420013.000002,39.568717802687104,10.494479841810392,28.2041630833466,8.74583025637629,316762000.0,,2019897000.0,22.70284913174372,20.6644448294723,20.519780356919995,0.680405626431142,980568.8,Electronic Technology,Aerospace & Defense,NYSE:BWXT,US,149879941.08,1.4029389096126312,26.522163023179168,1.4919114164295664,5.9636588229791565,technology_strict,True,0.0,1.4029389096126312,reject_valuation
ATLKY,Atlas Copco AB,21.64,101565576691.761,37.099262815018,9.611327509093897,26.401404853858303,13.1836018413493,2872627360.0,,3705046935.62303,8.943208267410382,5.177315996960078,5.21284271284272,1.27460258780037,360071.9666666667,Producer Manufacturing,Industrial Machinery,OTC:ATLKY,US,7791957.358666667,1.4052003300724474,25.907057930011412,1.4320137359959058,1.872426587082332,cyclical,True,0.0,1.4052003300724474,reject_valuation
WSBC,"WesBanco, Inc.",40.42,3876515956.0000005,11.72886077418606,0.9973068766554443,8.97967626046724,1.28591182714689,395754000.0,,1747256000.0,31.111729811453465,163.0686352753392,107.17806901526994,3.7357743691242,834792.8,Finance,Regional Banks,NASDAQ:WSBC,US,33742324.976,1.3061563060822163,8.503015730653122,1.379376581875988,5.308215084686319,financial_special,True,0.1,1.4061563060822164,reject_valuation
BUSE,First Busey Corporation,30.29,2501255893.0,12.592500207865633,1.054889057293466,9.62271645071912,1.24495403699541,209330000.0,,464217000.0,35.64369018769773,197.98253421565212,114.88297302126142,3.40046219874546,746503.6666666666,Finance,Regional Banks,NASDAQ:BUSE,US,22611596.063333333,1.30862218297252,8.377121619061418,1.503201311917507,12.94431606747195,financial_special,True,0.1,1.40862218297252,reject_valuation
ADYEY,Adyen N.V.,12.54,40256074502.94969,30.224150397686188,5.859621414252804,21.4466482581311,7.909760639759201,781202640.0,,468024717.9,25.20164541781378,21.18453641667998,20.330626450116007,0.0,1586637.7333333334,Commercial Services,Miscellaneous Commercial Services,OTC:ADYEY,US,19896437.176,1.4092715110496234,19.38721630600868,1.558973187312034,9.602581845588043,financial_special,True,0.0,1.4092715110496234,reject_valuation
CMI,Cummins Inc.,564.85,77759783672.00002,28.86467813724839,6.052758277898383,22.0409157330736,7.769463005623199,3367000000.0,,8286000000.0,2.930011862396204,-7.68446106766406,-7.964331234156232,1.41630521377357,936518.3666666667,Producer Manufacturing,Auto Parts: OEM,NYSE:CMI,US,528992399.4116667,1.3095952312877528,20.96942931120929,1.3765123365478842,4.861351655441815,cyclical,True,0.1,1.4095952312877529,reject_valuation
VLY,Valley National Bancorp,13.92,7692264769.0,11.751794005909666,1.0179724796405505,8.95340442334759,1.07508338819019,584781000.0,,3454165000.0,1.1706601747816652,53.17320093994593,51.664532650448145,3.16091954022989,6663966.366666666,Finance,Major Banks,NASDAQ:VLY,US,92762411.82399999,1.3125503384237596,8.662273003837875,1.3566640073226692,3.2516281600163066,financial_special,True,0.1,1.4125503384237597,reject_valuation
R,"Ryder System, Inc.",245.86,9427960648.000002,20.205955110661836,3.2747345954545315,16.5966739459096,3.03449123130317,687000000.0,,8453000000.0,1.1201388341090164,-2.3904382470119523,3.8793508234229437,1.48051736760758,315311.5,Transportation,Air Freight/Couriers,NYSE:R,US,77522485.39,1.2174701495320859,16.206779523758275,1.24675942441501,2.349232282456326,stable_or_general,True,0.2,1.4174701495320858,reject_valuation
SN,"SharkNinja, Inc.",191.23,26938866194.0,39.072780025336115,9.477355300960422,27.5277348603576,13.7240284252552,804516000.0,,913016000.0,17.490942002803138,34.08842805287786,33.76882499248366,0.0,1663621.1333333333,Consumer Durables,Electronics/Appliances,NYSE:SN,US,318134269.32733333,1.419396845528486,24.255646244815402,1.6108735933468623,11.886516025168115,stable_or_general,True,0.0,1.419396845528486,reject_valuation
CHA,Chagee Holdings Limited,10.8,2060243957.0000002,15.367103016505409,1.8189749402517261,15.4879158167868,9.91606916325371,,,195537126.88433298,-0.06089855835765953,-62.113294027328095,-47.395209580838326,0.0,523711.6666666667,Consumer Non-Durables,Food: Major Diversified,NASDAQ:CHA,US,5656086.000000001,0.9921995443602266,11.836811000082529,1.2982468856179479,23.573893736863994,stable_or_general,False,0.43000000000000005,1.4221995443602267,reject_valuation
HDB,HDFC Bank Limited,23.08,116174937592.96875,13.613306594314025,1.849871839468314,13.7049173020349,1.67016810357199,,,59780144994.5198,-4.470719533671189,5.212022968967876,4.634944146145772,1.38958405545927,9933945.866666667,Finance,Major Banks,NYSE:HDB,US,229275470.60266668,0.9933154862811706,13.588703278312737,1.0018105712883254,0.8479731848137884,financial_special,False,0.43000000000000005,1.4233154862811705,reject_valuation
DAR,Darling Ingredients Inc.,64.32,10149883604.0,17.283817917987854,1.9348783481337084,12.129846779356,5.62512865032963,881242000.0,,4171198999.9999995,14.732610990498635,467.5202642419181,470.41692213366036,0.0,2462258.7666666666,Consumer Non-Durables,Food: Specialty/Candy,NYSE:DAR,US,158372483.87199998,1.4248999375163987,11.194739248670372,1.5439232244771308,7.709145446726529,stable_or_general,True,0.0,1.4248999375163987,reject_valuation
PFSI,"PennyMac Financial Services, Inc.",73.38,3812205961.0,10.083410055927335,0.8788859683184246,9.37660182001404,1.45108050639634,-1371201000.0,,15496498000.0,24.078649772737418,1.495602690118986,0.8802572846488721,1.63532297628782,607444.0666666667,Finance,Finance/Rental/Leasing,NYSE:PFSI,US,44574245.611999996,1.0753799990103703,8.716158159230952,1.1568640531434573,7.043528918689857,financial_special,False,0.35,1.4253799990103704,reject_valuation
KVUE,Kenvue Inc.,19.17,36821229284.00001,22.223510317644333,3.4882070579329874,15.5805102664098,6.15590250060334,1914000000.0,,8613000000.0,1.7500990622110686,16.92524682651622,17.18516505909524,4.32968179447053,19831443.966666665,Consumer Non-Durables,Household/Personal Care,NYSE:KVUE,US,380168780.841,1.426366013541691,15.696021951867472,1.415868962581327,0.7413857664643198,stable_or_general,True,0.0,1.426366013541691,reject_valuation
BNY,The Bank of New York Mellon Corporation,162.5,110256924438.0,18.91866719444897,2.762638988367505,14.216715191730401,1.24633953304313,1592000000.0,,87433000000.0,0.3790600302257017,26.485943775100402,31.18795246968262,1.36615384615385,2621818.8,Finance,Investment Banks/Brokers,NYSE:BNY,US,426045554.99999994,1.330734064747503,14.602714662574677,1.295558232260448,2.7151101055242766,financial_special,True,0.1,1.430734064747503,reject_valuation
KARO,Karooooo Ltd.,67.2,2076029734.0000005,34.47391371261479,9.380758277960803,29.192521678232904,17.5836057859438,,,66268686.2097554,29.841416708695267,13.838876841565112,13.841032529346501,0.0,105037.73333333334,Technology Services,Packaged Software,NASDAQ:KARO,US,7058535.680000001,1.1809159240368021,27.211178736947904,1.266902622847624,6.7871592701851835,technology_strict,False,0.25,1.4309159240368021,reject_valuation
CODYY,Compagnie de Saint-Gobain,9.21,45518945660.49501,14.635309073573815,1.5520126452800111,10.9903134341955,4.41438234750486,3968116710.0,,19519560900.0,5.586347344803751,1.7820636939995125,2.8099983662800185,1.76571027936576,748040.2,Producer Manufacturing,Building Products,OTC:CODYY,US,6889450.242000001,1.3316552945648663,10.604577173449629,1.3800935986600025,3.509783984373749,cyclical,True,0.1,1.4316552945648664,reject_valuation
TRU,TransUnion,85.67,16414372172.000002,22.597662947429505,3.3893678217763026,15.768281872456798,6.3344145257341005,787200000.0,,5659000000.0,12.37032956944827,88.36437866802756,90.78556690654723,0.560289482899498,2035159.6,Commercial Services,Financial Publishing/Services,NYSE:TRU,US,174352122.932,1.4331087641768954,14.998753763436607,1.506636038156532,4.880228012440357,financial_special,True,0.0,1.4331087641768954,reject_valuation
FCFS,"FirstCash Holdings, Inc.",219.21,9507532453.0,24.994868988164466,4.105032349063142,17.3980941111081,7.76309818314766,531909999.99999994,,2703016000.0,21.609260673217502,33.03218288377832,34.81622676894226,0.766388394690023,467098.0333333333,Finance,Finance/Rental/Leasing,NASDAQ:FCFS,US,102392559.88700001,1.436644084607295,16.4235001632013,1.5218965957188761,5.601728221969749,financial_special,True,0.0,1.436644084607295,reject_valuation
EBC,"Eastern Bankshares, Inc.",22.29,5093522678.999999,12.636054421768707,1.1909869696728446,9.4417984951874,1.3290864787159102,399259000.0,,495510000.0,56.047753625765374,,,2.42261103633917,2351334.433333333,Finance,Regional Banks,NASDAQ:EBC,US,52411244.518999994,1.3383101141386842,9.42530737776087,1.3406517066577197,0.1746607644183107,financial_special,True,0.1,1.4383101141386843,reject_valuation
PRNDY,Pernod Ricard S.A.,14.72,18503707708.72998,11.503594873397937,1.0191774296511393,9.13918209689654,3.77570545720682,1310917500.0,,15974868900.0,-6.18463249073022,35.837354082834864,35.73777447756446,5.1622983184696,769774.6666666666,Consumer Non-Durables,Beverages: Alcoholic,OTC:PRNDY,US,11331083.093333334,1.2587116386820105,8.859642927864115,1.298426467867958,3.058689126320724,stable_or_general,True,0.18,1.4387116386820105,reject_valuation
NYT,New York Times Company (The),68.16,10993089225.999998,28.44385093686099,5.3773450936459595,19.7238733052758,13.5701018003767,623018000.0,,0.0,10.757906560687944,22.618334144910165,23.367998352553553,1.20305164319249,2097180.7,Consumer Services,Publishing: Newspapers,NYSE:NYT,US,142943836.512,1.4421026994354473,18.90512330971804,1.504557810645945,4.15106091428179,stable_or_general,True,0.0,1.4421026994354473,reject_valuation
HESAY,Hermes International SA,185.0,194850383415.435,36.887860902855316,8.909492558647337,25.5464904188747,19.5191610337233,5688504710.0,,2611297200.0,10.201346165135208,8.104524802300336,8.079219016011901,0.777500753887908,75256.23333333334,Consumer Non-Durables,Apparel/Footwear,OTC:HESAY,US,13922403.166666668,1.4439502373132704,24.152911935204394,1.5272635035400817,5.455068233719807,stable_or_general,True,0.0,1.4439502373132704,reject_valuation
A,"Agilent Technologies, Inc.",153.84,43449329507.99999,30.28883069835207,5.891298195655895,20.9713828005534,10.9953040888787,1267000000.0,,3949000000.0,8.603417796110783,18.0327868852459,19.1074736768051,0.658476339053562,2080116.8333333333,Health Technology,Medical Specialties,NYSE:A,US,320005173.64,1.444293444376629,19.45039824854125,1.5572344746526559,7.252666962771837,health_special,True,0.0,1.444293444376629,reject_valuation
FIVE,"Five Below, Inc.",241.89,13375392888.0,30.515466518645606,5.784152059424994,21.1267480679328,9.26710213345772,505269000.0,,1998709000.0,25.87314949899521,67.32335201981073,66.15939294847608,0.0,999693.6666666666,Retail Trade,Discount Stores,NASDAQ:FIVE,US,241815901.02999997,1.444399602841076,18.954821011472177,1.6099052847914779,10.280460814304304,stable_or_general,True,0.0,1.444399602841076,reject_valuation
MHO,"M/I Homes, Inc.",151.4,3827850808.9999995,12.749581049103572,1.1839133544331613,10.0596935822426,6.614386996693031,189050000.0,,1020483000.0,-4.938117939507174,-37.94246359977943,-34.81561583980151,0.0,208702.1,Consumer Durables,Homebuilding,NYSE:MHO,US,31597497.94,1.267392584562334,9.28590006113497,1.3730043361618145,7.692018795418698,stable_or_general,True,0.18,1.4473925845623339,reject_valuation
AM,Antero Midstream Corporation,22.29,10580484145.0,26.752280364858375,5.438601627920594,19.8223401672749,6.6115300562402,775570000.0,,3609545000.0,7.186555829563456,-12.382200846597497,-11.39940450871969,4.03768506056528,2348810.2333333334,Industrial Services,Oil & Gas Pipelines,NYSE:AM,US,52354980.100999996,1.349602526195381,20.329488005309283,1.3159347819222846,2.5584660224510003,cyclical,True,0.1,1.449602526195381,reject_valuation
PCTY,Paylocity Holding Corporation,157.93,8379286074.0,31.950879038621053,6.887973283752835,21.9733590098258,5.81727894087701,497100000.0,,132972000.00000001,11.039536214731376,18.762190316430896,23.061793556739516,0.0,733826.3,Technology Services,Packaged Software,NASDAQ:PCTY,US,115893187.55900002,1.4540734998383096,21.558008702755583,1.4820886047112987,1.89024494108746,technology_strict,True,0.0,1.4540734998383096,reject_valuation
PSA,Public Storage,313.51,58462048876.00001,29.895963458475972,11.375160417300867,22.0266093274274,10.056133687874,2861325000.0,,10180215000.0,2.9686303483151675,12.877205923763185,14.418670623663427,3.82762910273995,1025676.2,Finance,Real Estate Investment Trusts,NYSE:PSA,US,321559745.46199995,1.3572657967492845,38.04915146187012,0.7857195840079473,72.74175473976175,financial_special,True,0.1,1.4572657967492846,reject_valuation
UBSI,"United Bankshares, Inc.",47.6,6483718860.0,12.991266375545852,1.1829058180825047,9.45707239984853,1.54574432373723,533929999.99999994,,799368000.0,7.958419080787293,30.572405790330322,29.442521020278388,3.17226890756303,875138.3,Finance,Regional Banks,NASDAQ:UBSI,US,41656583.080000006,1.3737090958248273,9.105392683727514,1.4267661842594537,3.7186953980245296,financial_special,True,0.1,1.4737090958248273,reject_valuation
AZZ,AZZ Inc.,138.34,4157324708.0000005,21.064652678381094,3.0177461096946567,15.315197761531103,8.9927505531554,169186000.0,,542817000.0,5.682326734732726,-23.74922637513022,-23.81206496519721,0.60719965302877,238648.53333333333,Process Industries,Industrial Specialties,NYSE:AZZ,US,33014638.10133333,1.3754084672214641,14.326113778233838,1.470367540315459,6.45818616708731,cyclical,True,0.1,1.4754084672214642,reject_valuation
NJR,NewJersey Resources Corporation,53.6,5438681907.000001,14.84106767083841,2.056254677883485,14.4526350108031,4.78687651480176,-88778000.0,,3880008000.0,7.076808362682839,-11.056619081278951,-11.752919904217366,3.54477611940299,626057.3333333334,Utilities,Gas Distributors,NYSE:NJR,US,33556673.06666667,1.0268762519599341,13.855166781052228,1.0711576342144407,4.133974388091,cyclical,False,0.44999999999999996,1.476876251959934,reject_valuation
WMB,"Williams Companies, Inc. (The)",73.73,90184142441.00002,29.43195880403976,6.854562053635345,23.9815826439831,5.26419473923136,-214000000.0,,30793000000.0,8.69718620446326,26.512968299711815,26.392532795156416,2.78041502780415,6375653.366666666,Industrial Services,Oil & Gas Pipelines,NYSE:WMB,US,470076922.72433335,1.22727341397646,23.28952041307731,1.263742588169115,2.8858071678577235,cyclical,False,0.25,1.47727341397646,reject_valuation
VIV,Telefonica Brasil S.A.,11.39,18400714696.2866,14.632579650565264,1.4352897294245737,9.90407608871269,5.181308716831,2063851060.0,,3809254146.58179,16.101499133723166,22.01398196433836,24.12693350342848,3.45115013169447,1616030.2333333334,Communications,Wireless Telecommunications,NYSE:VIV,US,18406584.357666668,1.4774300519804644,9.808863260615347,1.4917711932348119,0.9613499254701119,stable_or_general,True,0.0,1.4774300519804644,reject_valuation
NUE,Nucor Corporation,250.5,56832355682.0,19.98468239911924,2.5719615329013945,13.520636265236,8.07351308819604,1583000000.0,,7099000000.0,17.18760144075081,122.65294118102932,126.28899480069322,0.890219560878244,1501382.3333333333,Non-Energy Minerals,Steel,NYSE:NUE,US,376096274.5,1.4780874218548037,12.869664283555217,1.5528518816652856,4.814654938647733,cyclical,True,0.0,1.4780874218548037,reject_valuation
NICE,NICE Ltd,108.835,6115386741.041,15.725783146457056,1.6836102816943674,11.4091416655369,8.21330936371637,649014310.0,,88218365.13196701,8.077449610843171,-20.91063608080785,-18.04854943753701,0.0,626637.8333333334,Technology Services,Information Technology Services,NASDAQ:NICE,US,68200128.59083334,1.378349362946316,10.706050477833765,1.4688687652852326,6.162524827147453,technology_strict,True,0.1,1.478349362946316,reject_valuation
AYA,Aya Gold & Silver Inc.,27.97,4028691756.614157,37.66601596166443,8.228780067968252,25.422279961462102,17.5888448016651,141839174.4,,86240387.19999999,249.71007353483225,,,0.0,913915.6,Non-Energy Minerals,Precious Metals,NASDAQ:AYA,US,25562219.332,1.481614395670362,21.846696173928528,1.7241058172729296,14.064764422993692,cyclical,True,0.0,1.481614395670362,reject_valuation
SAP,SAP SE,221.54,260286034717.63232,27.851252137181937,4.998705986330612,18.7059712715679,11.138168666247,10269214240.0,,11363258700.0,14.131917792395074,30.56546488208084,31.651770936775904,0.963757786404261,3100031.2333333334,Technology Services,Packaged Software,NYSE:SAP,US,686780919.4326667,1.4888963386528016,17.947868058891498,1.5517860977022415,4.052733759025296,technology_strict,True,0.0,1.4888963386528016,reject_valuation
FN,Fabrinet,414.36,14848532792.000002,31.76705995998068,6.0501162686452545,21.3264088830781,14.031427714335,4222000.0,,4013000.0,35.73130034070658,42.25220809140086,42.246286723810755,0.0,952848.6,Electronic Technology,Semiconductors,NYSE:FN,US,394822345.896,1.48956442381572,19.045250886506444,1.6679780250355032,10.696399985004934,technology_strict,True,0.0,1.48956442381572,reject_valuation
FBK,FB Financial Corporation,57.85,2891235205.0,15.454691173327635,1.4929560090253515,11.0792434790134,1.30364703362042,199866000.0,,372453000.0,43.17649874623243,117.45485527131096,94.27029271330703,1.3828867761452,312532.76666666666,Finance,Major Banks,NYSE:FBK,US,18080020.551666666,1.3949229658687732,9.66021250299688,1.599829317267414,12.808013279105978,financial_special,True,0.1,1.4949229658687733,reject_valuation
SNX,TD SYNNEX Corporation,253.97,20307123293.000004,18.168226171059032,2.2512757776040564,13.0232561367132,3.26315965636263,374559000.0,,4719969000.0,16.263280447376257,56.535265815992474,63.39154218388386,0.740244910816238,621567.0,Distribution Services,Electronics Distributors,NYSE:SNX,US,157859370.99,1.3950601892749317,12.391280009438747,1.4662106059438447,4.852673714163402,stable_or_general,True,0.1,1.4950601892749318,reject_valuation
REGN,"Regeneron Pharmaceuticals, Inc.",794.19,81765820798.00002,19.627512474328466,2.5895812550040898,14.0427540498586,10.8285449119322,3760400000.0,,2706600000.0,9.29000576887901,-2.9134705961512584,1.954010824539639,0.458328611541319,773592.1333333333,Health Technology,Pharmaceuticals: Major,NASDAQ:REGN,US,614379136.372,1.397696805387409,13.193629393388983,1.487650735753071,6.046710306645064,health_special,True,0.1,1.4976968053874091,reject_valuation
PLUS,ePlus inc.,87.28,2277171639.0000005,18.2235770660208,2.1289274357230026,12.1646898922133,6.942953342323591,54766000.0,,0.0,15.01340696149798,10.356415836024146,11.45397002699431,1.16865261228231,244252.16666666666,Technology Services,Packaged Software,NASDAQ:PLUS,US,21318329.106666666,1.498071650612798,11.682269776182112,1.5599346201690314,3.965741176353277,technology_strict,True,0.0,1.498071650612798,reject_valuation
NTDOY,"Nintendo Co., Ltd.",13.92,65023112820.96806,20.992308852360125,3.575501649046019,16.78733609456,12.9487790514419,,,431065989.84771603,46.19830832388246,56.457041419360344,57.02107506511959,1.45671695402299,3430319.1333333333,Consumer Durables,Recreational Products,OTC:NTDOY,US,47750042.336,1.250484813916531,17.032436375592063,1.2324900788969135,1.4600308211586421,stable_or_general,False,0.25,1.500484813916531,reject_valuation
TKC,Turkcell Iletisim Hizmetleri AS,5.4,4611669948.06661,10.430751400424956,0.7161993686835195,7.43451016050396,3.52507315462972,1432150300.0,,4545405664.92697,16.113679581072283,2.319479271636542,2.1507498026835083,2.91224074074074,2240228.033333333,Communications,Wireless Telecommunications,NYSE:TKC,US,12097231.38,1.4030179763340174,6.866229873471446,1.5191380994576795,7.643816132655489,stable_or_general,True,0.1,1.5030179763340175,reject_valuation
PRK,Park National Corporation,198.12,3578871171.0,17.737271368076133,2.072814460820804,12.594006863825099,1.6815261761959002,179382000.0,,155937000.0,14.448416867597372,13.829933641689054,8.595512172357472,2.1905915606703,101732.13333333333,Finance,Major Banks,AMEX:PRK,US,20155170.256,1.4083898444604233,11.686208198581735,1.5177952563115185,7.208179851409446,financial_special,True,0.1,1.5083898444604233,reject_valuation
IQV,"IQVIA Holdings, Inc.",261.75,43084051597.99999,32.46833794360991,6.981696086702663,23.0144781990125,4.69981029856613,2184000000.0,,16241000000.0,8.218130853029242,11.156022635408245,16.773614148934634,0.0,1429082.1666666667,Health Technology,Biotechnology,NYSE:IQV,US,374062257.125,1.4107788003207065,21.503090484114942,1.5099382094678608,6.567117020113066,health_special,True,0.1,1.5107788003207065,reject_valuation
EFSC,Enterprise Financial Services Corporation,63.59,2301482361.0000005,12.654978208521564,1.1710481682184268,9.60293863505347,1.13706496740822,211427000.0,,682076000.0,7.978112888405617,-5.2031240660676215,-4.748455093452641,2.04434659537663,215122.76666666666,Finance,Regional Banks,NASDAQ:EFSC,US,13679656.732333334,1.3178235006446128,9.253656141658707,1.3675652104199727,3.63724591678406,financial_special,True,0.2,1.5178235006446128,reject_valuation
UDR,"UDR, Inc.",37.12,11925327547.0,23.65385840820748,4.118614317066729,16.6736515803707,4.99393829498462,876341000.0,,5994848000.0,1.5372418628178923,295.75053430949026,309.3114241001565,3.48868534482759,3193088.0,Finance,Real Estate Investment Trusts,NYSE:UDR,US,118527426.55999999,1.418636961087416,17.412018986456946,1.358478785636831,4.428348538573901,financial_special,True,0.1,1.5186369610874162,reject_valuation
OR,OR Royalties Inc.,37.4,6969830229.872979,25.68907156673114,4.726419282545122,20.2269500026136,16.9963409592866,-87963962.24,,219013867.6,60.687135465854794,241.23759597820523,240.27924751005764,0.617671285604311,1072641.1333333333,Non-Energy Minerals,Precious Metals,NYSE:OR,US,40116778.38666666,1.2700417790824499,18.398560143629766,1.396254455032755,9.039374986083338,cyclical,False,0.25,1.5200417790824499,reject_valuation
OSK,Oshkosh Corporation (Holding Company),153.96,9505452310.0,17.624836870664193,2.103079010940901,12.387409955799003,5.544260399848511,1105500000.0,,1102800000.0,1.9270488102442913,-14.468019680196804,-12.33214909375564,1.40296180826189,780814.3,Consumer Durables,Motor Vehicles,NYSE:OSK,US,120214169.628,1.422802420647535,11.932473624430468,1.4770480476553678,3.67257023858778,stable_or_general,True,0.1,1.522802420647535,reject_valuation
SAPGF,SAP SE,220.74,257726974688.01248,28.337606758001957,4.986063654985036,18.5724282715185,11.0577190156102,9853693680.0,,11350934340.0,3.1740461718879542,18.011774645208973,19.001243411625975,1.30671126907798,100398.13333333333,Technology Services,Packaged Software,OTC:SAPGF,US,22161883.952,1.5257889998939296,17.595217893893153,1.6105288907980622,5.261618800401746,technology_strict,True,0.0,1.5257889998939296,reject_valuation
STN,Stantec Inc,74.79,8406373565.1555395,23.964222655601155,3.518229696588549,15.690295319320798,6.65958947916735,469004800.0,,1934873600.0,5.40170134079135,10.838093049813718,10.986736012371159,0.903064655586512,399589.43333333335,Industrial Services,Engineering & Construction,NYSE:STN,US,29885293.719000004,1.5273276995680232,14.68117596447984,1.632309476678234,6.431487325788843,cyclical,True,0.0,1.5273276995680232,reject_valuation
BRX,Brixmor Property Group Inc.,29.17,8951465436.0,20.813414199072422,2.962392744016566,14.455915352409901,4.9036455024953,413100000.0,,5538888000.0,5.13491184271533,29.119659681089306,28.22506861848125,4.14809736030168,2229725.066666667,Finance,Real Estate Investment Trusts,NYSE:BRX,US,65041080.194666676,1.4397852845480783,14.233093694683637,1.4623253837531243,1.5413873995126726,financial_special,True,0.1,1.5397852845480784,reject_valuation
DORM,"Dorman Products, Inc.",129.35,3838541268.0,17.92494664782018,2.5327976242808643,15.0475540914496,8.82214035322031,,,528253000.00000006,3.2997858302863206,-2.9551287724577397,-1.8030399934682362,0.0,289823.5333333333,Consumer Durables,Automotive Aftermarket,NASDAQ:DORM,US,37488674.03666666,1.191219951022179,14.13001485607698,1.2685723851246407,6.097597189525894,stable_or_general,False,0.35,1.5412199510221791,reject_valuation
SDVKY,Sandvik AB,40.81,51627474816.811195,28.4350613154961,4.933814826591098,18.4077509534599,9.60393215387302,1856174840.0,,4455500276.39579,17.890464077990693,29.420974492876734,29.48394081559004,1.01133493905554,171162.43333333332,Producer Manufacturing,Trucks/Construction/Farm Machinery,OTC:SDVKY,US,6985138.9043333335,1.54473305225544,17.351166476656562,1.6387982533480547,5.739889025414813,cyclical,True,0.0,1.54473305225544,reject_valuation
LIVN,LivaNova PLC,80.32,4425110680.0,23.832413506616817,3.336365637760082,15.4023366927257,7.3252915991509004,148305000.0,,351949000.0,12.388232176149222,,,0.0,658368.1333333333,Health Technology,Medical Specialties,NASDAQ:LIVN,US,52880128.46933333,1.5473245379626404,13.999277231547595,1.7024031392785117,9.1093935236512,health_special,True,0.0,1.5473245379626404,reject_valuation
L,Loews Corporation,109.72,22429809591.0,13.439490445859873,1.1732456785219159,9.21128067924322,1.96281472518267,2753000000.0,,8936000000.0,3.5047893250650572,25.055596738324688,29.801577206817598,0.227852716004375,657306.1,Finance,Property/Casualty Insurance,NYSE:L,US,72119625.292,1.4590251794350961,8.72983751317255,1.5394891858618074,5.226669155306041,financial_special,True,0.1,1.5590251794350962,reject_valuation
SGI,Somnigroup International Inc.,64.37,14820496747.0,25.663822661669727,4.191803159123115,17.5702166213656,4.63997355049767,769000000.0,,6412100000.0,27.07311375846765,99.14115011202388,75.6319585463203,0.994251980736368,3218646.1666666665,Consumer Durables,Home Furnishings,NYSE:SGI,US,207184253.74833333,1.4606434977279792,16.33351046094857,1.5712374093143537,7.038650615799358,stable_or_general,True,0.1,1.5606434977279793,reject_valuation
CBC,"Central Bancompany, Inc.",32.6,7807867271.000001,17.89340798067951,2.0197489315775976,12.2047043303473,2.18182702909088,489980000.0,,913127000.0,,,,0.908282208588957,700901.0666666667,Finance,Regional Banks,NASDAQ:CBC,US,22849374.773333333,1.4661074530242497,11.28767048601603,1.5852170740497022,7.513773537725477,financial_special,True,0.1,1.5661074530242498,reject_valuation
KT,KT Corporation,19.63,9460570242.919682,10.604505429204256,0.7810258852588227,7.2302367305843305,2.96922296742064,1156868800.0,,8142503711.35351,5.401367592071392,37.46925956796326,39.49510173323286,0.0,1587927.9333333333,Communications,Major Telecommunications,NYSE:KT,US,31171025.33133333,1.4666885503688376,7.365038289366311,1.4398438966047342,1.8644141790235214,stable_or_general,True,0.1,1.5666885503688377,reject_valuation
EQX,Equinox Gold Corp.,12.99,15165303050.729385,15.30626673202368,1.6117841147322283,9.74376493172064,5.74518857065575,75932243.2,,582300400.0,55.90965141847385,,,0.227504150525733,15262119.733333332,Non-Energy Minerals,Precious Metals,AMEX:EQX,US,198254935.336,1.570878078369319,10.530223619846264,1.4535557158706516,8.071404571402585,cyclical,True,0.0,1.570878078369319,reject_valuation
CVX,Chevron Corporation,201.86,398829183759.99994,19.352673863440263,2.100394398837281,12.2456140350877,7.08867296090059,27265000000.0,,37075000000.0,12.708743090756938,50.12394284047828,34.62660368104495,3.45784206876053,7740611.4,Energy Minerals,Integrated Oil,NYSE:CVX,US,1562519817.2040002,1.5803759458683335,10.853251667746033,1.7831221882519341,11.370294403792979,cyclical,True,0.0,1.5803759458683335,reject_valuation
FFIV,"F5, Inc.",394.24,22324699680.999996,31.405788211676796,5.810336663203712,19.829918144371,11.2266703073647,969595000.0,,252380000.0,9.411847165429723,8.89216301974121,10.691674161860927,0.0,643823.8666666667,Technology Services,Packaged Software,NASDAQ:FFIV,US,253821121.19466668,1.5837578341487895,18.500846481042643,1.6975325017618803,6.7023557719809945,technology_strict,True,0.0,1.5837578341487895,reject_valuation
SIRI,SiriusXM Holdings Inc.,28.54,9619889478.999998,11.241531432172678,0.8076906640977538,7.57412746912252,3.22870613270716,1549000000.0,,9455000000.0,0.44366608289550497,,,3.78416257883672,3939519.333333333,Consumer Services,Broadcasting,NASDAQ:SIRI,US,112433881.77333333,1.4842015107352076,7.184881072219262,1.5646092564619722,5.139158252750564,stable_or_general,True,0.1,1.5842015107352077,reject_valuation
CVCO,"Cavco Industries, Inc.",568.4,4370656071.999999,24.730785128461722,3.946339502809823,16.6584759581635,12.2374888764684,234659000.0,,41112000.0,9.685847628031675,-3.75513282939086,-0.36846782408912954,0.0,110999.06666666667,Consumer Durables,Homebuilding,NASDAQ:CVCO,US,63091869.49333333,1.484576691803693,15.957194574741305,1.5498203655176432,4.209757154156302,stable_or_general,True,0.1,1.584576691803693,reject_valuation
CENTA,Central Garden & Pet Company,37.81,2434029267.0,14.078790586833483,1.3546445929939688,9.97700894296628,4.46638535571736,343303000.0,,1408593000.0,-1.163642190441854,20.088670021878677,22.389828191222705,0.0,293422.76666666666,Consumer Non-Durables,Consumer Sundries,NASDAQ:CENTA,US,11094314.807666667,1.4111233804956071,9.62188182741233,1.463205518355423,3.559454718182975,stable_or_general,True,0.18,1.591123380495607,reject_valuation
WMT,Walmart Inc.,103.09,820398345437.0,37.350096011014095,8.334256307687582,23.4417142735787,7.81795871100715,13509000000.0,,73755000000.0,6.158380617266318,3.429535232383808,4.131140119218296,0.936075274032399,25694192.06666667,Retail Trade,Specialty Stores,NASDAQ:WMT,US,2648814260.152667,1.5933176036153471,22.313881884613924,1.6738502159397055,4.811219758940444,stable_or_general,True,0.0,1.5933176036153471,reject_valuation
PCG,Pacific Gas & Electric Co.,16.6,36559292100.0,12.108833612954994,1.131096079798147,9.72851721541936,2.24969800326867,-4263000000.0,,64703000000.0,5.659837238784607,29.96715927750411,26.79430262671107,1.05421686746988,28214269.3,Utilities,Electric Utilities,NYSE:PCG,US,468356870.38000005,1.2446741209197754,9.341082022863132,1.296298820984287,3.982469105797126,stable_or_general,False,0.35,1.5946741209197755,reject_valuation
ENSG,"The Ensign Group, Inc.",172.98,10081694934.999998,27.104356001253525,4.128246268576571,16.9847289300429,7.09204305332169,419091000.0,,2250346000.0,18.892754198522248,17.317009702482,15.21519352975158,0.0,366314.76666666666,Health Services,Medical/Nursing Services,NASDAQ:ENSG,US,63365128.33799999,1.5958073933880008,15.230932874352916,1.7795598092940221,10.325722965103301,stable_or_general,True,0.0,1.5958073933880008,reject_valuation
AUB,Atlantic Union Bankshares Corporation,40.66,5806853635.0,12.162000478583392,1.1198072587525907,9.75929128355317,1.29271499875466,-1362495000.0,,2010724000.0,35.20959821673542,139.08855840517347,62.62282323183188,3.56615838662076,924991.9333333333,Finance,Regional Banks,NYSE:AUB,US,37610172.00933333,1.2461970982543973,9.207426530894397,1.3208903093361954,5.654762591099239,financial_special,False,0.35,1.5961970982543972,reject_valuation
RNST,Renasant Corporation,41.09,3755809783.0,12.31087275668874,0.9701347705840218,8.21033924199946,1.17119206509405,394022000.0,,1111694000.0,27.48175033590235,96.60631784547195,31.753049382228703,2.23898758822098,562471.0666666667,Finance,Regional Banks,NYSE:RNST,US,23111936.129333336,1.4994353331605674,7.880308648766826,1.5622323065499781,4.019694966370979,financial_special,True,0.1,1.5994353331605675,reject_valuation
LAD,"Lithia Motors, Inc.",370.36,8141666575.000001,12.269629717973439,1.2726948771075917,10.6702717237052,2.8341414253632404,-304400000.0,,16563300000.0,1.9672404339271699,-19.822651251543384,-10.572470573596386,0.599416783669943,305154.06666666665,Retail Trade,Specialty Stores,NYSE:LAD,US,113016860.13066666,1.1498891533113524,10.372724412728253,1.182874356800371,2.7885635781506157,stable_or_general,False,0.44999999999999996,1.5998891533113524,reject_valuation
TDS,"Telephone and Data Systems, Inc.",33.65,3620740112.9999995,12.364050558495002,0.9455604461808912,10.5558163893218,4.90209198451437,-314531000.0,,1248992000.0,-73.81423813488759,,,0.475482912332838,1048192.8,Communications,Wireless Telecommunications,NYSE:TDS,US,35271687.72,1.1713021620006958,7.647659168873443,1.61671045812523,27.55028235798256,stable_or_general,False,0.43000000000000005,1.601302162000696,reject_valuation
HII,"Huntington Ingalls Industries, Inc.",294.21,11593226510.0,17.5407949728431,2.182438053542094,12.968412791838302,5.33494753833737,-85000000.0,,2935000000.0,13.968363730659522,25.9047619047619,25.6208807669263,1.86601407158152,506604.63333333336,Electronic Technology,Aerospace & Defense,NYSE:HII,US,149048149.173,1.3525783960148487,12.442070367511707,1.4097971201517232,4.058649526161362,technology_strict,False,0.25,1.6025783960148487,reject_valuation
KRG,Kite Realty Group Trust,26.0,5209020416.000001,16.618728028124,1.8154979282375565,10.9040826829281,5.14018307062976,262120999.99999997,,3008514000.0,-5.835190184275851,80.86390957689234,394.7817836812144,4.38461538461538,2474578.6333333333,Finance,Real Estate Investment Trusts,NYSE:KRG,US,64339044.46666667,1.5240830899185123,10.924409648952528,1.5212472400938815,0.1864161031743805,financial_special,True,0.08,1.6040830899185123,reject_valuation
XOM,ExxonMobil Holdings Corporation,156.71,644377774267.0001,20.166520821537038,2.4843532984700563,12.5512239138806,7.182930425982841,30553000000.0,,42368000000.0,10.581923637547662,5.616637111075287,10.170981370686484,2.60353519239359,14050837.833333334,Energy Minerals,Integrated Oil,NYSE:XOM,US,2201906796.8616667,1.6067373954849582,12.319196357444394,1.636999706506875,1.848644865458915,cyclical,True,0.0,1.6067373954849582,reject_valuation
SLGN,Silgan Holdings Inc.,42.1,4449212969.0,16.546140543939632,1.8699102132186218,11.747678519816,2.84350028372934,342755000.0,,4833754000.0,8.434074752529396,-10.51748168404186,-9.667341214896865,1.94774346793349,1343248.1,Process Industries,Containers/Packaging,NYSE:SLGN,US,56550745.010000005,1.4084604474006996,11.301186571290883,1.4641064847095648,3.8006823882010043,cyclical,True,0.2,1.6084604474006996,reject_valuation
BAESY,BAE Systems PLC,110.24,81365049813.3435,29.4098815494611,4.911870159809549,18.1331564970738,5.54489770842387,6051374450.0,,12148319250.0,11.213475334949111,10.872860417304619,11.390449020831483,1.53831723491675,266005.0,Electronic Technology,Aerospace & Defense,OTC:BAESY,US,29324391.2,1.6218842844160675,16.701427890992484,1.7609201884661978,7.895639164159607,technology_strict,True,0.0,1.6218842844160675,reject_valuation
TREX,"Trex Company, Inc.",45.77,4662369729.0,27.044433939966915,4.615823693082517,17.7409722618187,11.2094119342431,205622000.0,,303372000.0,6.974966744543183,-4.991214348468939,-2.511520737327194,0.0,1900059.5,Non-Energy Minerals,Forest Products,NYSE:TREX,US,86965723.31500001,1.524405401285176,17.06755520684477,1.5845523047800671,3.795829478992141,cyclical,True,0.1,1.624405401285176,reject_valuation
PATK,"Patrick Industries, Inc.",83.47,2680911472.0,19.847346395282482,2.3707148129771003,12.952596204794201,4.68271351489183,127821000.0,,1651440000.0,3.200122833738718,16.800425066218338,13.787878787878771,2.16844375224632,473350.33333333343,Consumer Durables,Home Furnishings,NASDAQ:PATK,US,39510552.32333334,1.5323064257910162,11.944744480000589,1.6615965647916062,7.781078857538759,stable_or_general,True,0.1,1.6323064257910163,reject_valuation
CME,CME Group Inc.,285.8,102767744928.99998,24.237387314806178,3.8718003288998193,15.797447078294303,2.28830092935195,4212700000.0,,3868500000.0,5.099317194289261,13.681697612732096,14.121324739175051,3.93631910426872,2132114.3333333335,Finance,Investment Banks/Brokers,NASDAQ:CME,US,609358276.4666667,1.5342597569520176,15.974495429771867,1.517255266143471,1.1207402727800853,financial_special,True,0.1,1.6342597569520176,reject_valuation
GDS,GDS Holdings Limited,33.41,6562848355.39242,16.711684673869545,1.5519114616163197,12.9967354006209,4.56432655980558,-109065490.0,,6982330592.15374,12.290782259814979,1816.8515743102148,13687.586206896553,0.0,1715010.2666666666,Technology Services,Data Processing Services,NASDAQ:GDS,US,57298493.00933333,1.2858371089920912,9.286385495550274,1.7995898061605589,28.548322257090554,technology_strict,False,0.35,1.6358371089920913,reject_valuation
PEG,Public Service Enterprise Group Incorporated,73.19,36479364233.0,18.19922418937736,2.1033307574548403,11.8352941176471,3.5040971115581203,276000000.0,,24678000000.0,17.780557541100787,1.6161616161616161,1.5555555555555636,3.55239786856128,2586258.3333333335,Utilities,Electric Utilities,NYSE:PEG,US,189288247.4166667,1.5377078092416205,11.557255054215585,1.5747012680782773,2.349236619451167,stable_or_general,True,0.1,1.6377078092416206,reject_valuation
IDCC,"InterDigital, Inc.",335.15,8648883218.0,38.67011272773425,7.1943974930911025,26.402901239125505,14.469207414957,554583000.0,,401540000.0,-11.661199394118649,-34.80132393174934,-38.22946660204693,0.835446814859018,225679.56666666668,Technology Services,Packaged Software,NASDAQ:IDCC,US,75636506.76833333,1.4646160426654329,18.604542334140323,2.0785307175642016,29.535992406126475,technology_strict,True,0.18,1.6446160426654328,reject_valuation
GLNCY,Glencore Plc,16.02,94703255765.902,17.684071089524227,2.253221600546849,13.6541606901457,3.7766157720861804,-154181580.0,,45256181250.28,30.781084864190795,,,1.37952559300874,668741.7333333333,Distribution Services,Wholesale Distributors,OTC:GLNCY,US,10713242.567999998,1.2951415682610898,12.741532134428157,1.3879077416240329,6.6838861532967915,stable_or_general,False,0.35,1.64514156826109,reject_valuation
IBN,ICICI Bank Limited,29.88,107087760994.06099,17.529039070749736,2.666407283896524,15.717401827443101,1.96693042721145,,,23908800824.0126,-1.311161545615246,-0.5529201855895225,0.7030188456312282,0.709062918340027,5879525.866666724,Finance,Regional Banks,NYSE:IBN,US,175680232.8960017,1.1152631499274552,15.211371673795231,1.152364129064519,3.2195534554847804,financial_special,False,0.53,1.6452631499274553,reject_valuation
PATH,"UiPath, Inc.",18.15,9403888064.999998,29.94555353901996,4.96395322123642,18.1822422562618,11.8003828339588,375234000.0,,83003000.0,15.239640126352697,,,0.0,72727335.76666667,Technology Services,Packaged Software,NYSE:PATH,US,1320001144.165,1.6469670306316033,16.576595302431926,1.80649602603417,8.830852274432255,technology_strict,True,0.0,1.6469670306316033,reject_valuation
ARGX,argenx SE,1023.21,65258242238.14533,38.99740451789206,7.522825213805103,23.6170675571694,19.9184548555339,1155630800.0,,47000000.0,70.56855018995005,33.67358630368085,33.37823686698725,0.0,305628.5,Health Technology,Biotechnology,NASDAQ:ARGX,US,312722137.485,1.651238216746925,19.290579223941997,2.021577686453886,18.319329115498164,health_special,True,0.0,1.651238216746925,reject_valuation
BGC,"BGC Group, Inc.",12.12,5762653960.0,30.391173520561683,5.181989593265123,19.5370164812388,3.73740803664497,393725000.0,,1999509000.0,27.754642774109684,30.282525104972517,31.791143423661605,0.66006600660066,2647105.0,Finance,Investment Banks/Brokers,NASDAQ:BGC,US,32082912.599999998,1.5555688121441684,17.050969057707352,1.782372216951758,12.724805887934698,financial_special,True,0.1,1.6555688121441685,reject_valuation
MLM,"Martin Marietta Materials, Inc.",531.05,37715342569.0,13.05272213346442,2.761996180794585,8.8861255918504,4.71873015873016,810000000.0,,6345000000.0,0.05983545250560958,123.16076294277929,125.40291081945053,0.625176537049242,597266.1333333333,Non-Energy Minerals,Construction Materials,NYSE:MLM,US,317178180.1066666,1.4688878745350245,21.160307808234197,0.6168493507634686,138.12748975369692,cyclical,True,0.2,1.6688878745350244,reject_valuation
SNN,"Smith & Nephew SNATS, Inc.",28.97,12086893853.5748,19.75182382218586,2.3620711866452067,11.799616495353,5.82470830479578,849376420.0,,3805932989.88598,5.262325872903427,28.328174673973606,30.721925133689815,2.59578874697963,1525033.5,Health Technology,Medical Specialties,NYSE:SNN,US,44180220.495,1.6739377783985308,11.958749773740161,1.651662941017318,1.3486309360124515,health_special,True,0.0,1.6739377783985308,reject_valuation
GATX,GATX Corporation,177.6,6269280080.000001,17.6033303597978,2.2518955673286976,13.2707504446196,2.34079641409911,-4687800000.0,,12477100000.0,22.806702573309394,15.18141311266709,15.354272189890352,1.43018018018018,209208.66666666666,Transportation,Railroads,NYSE:GATX,US,37155459.199999996,1.326475878908172,12.792440528591909,1.3760728705717449,3.6042416593073057,stable_or_general,False,0.35,1.676475878908172,reject_valuation
ACIW,"ACI Worldwide, Inc.",53.83,5434421076.0,24.630519331960645,3.6404853349239743,15.617377368400302,7.24113519208066,311547000.0,,863594000.0,7.027936397052121,-10.103005727851379,-7.480314960629915,0.0,977852.3666666667,Technology Services,Packaged Software,NASDAQ:ACIW,US,52637792.89766667,1.5771226340343958,14.780383985651769,1.6664329800816415,5.359372210868651,technology_strict,True,0.1,1.6771226340343959,reject_valuation
LRLCY,L'Oreal Co.,90.15,240512110092.35785,32.783010291283325,6.202577630264451,19.5402357167319,10.5116685393859,9000607030.0,,19107515580.0,10.964232761273323,10.4654929205373,10.58430852133349,1.32945678055263,132560.4,Consumer Non-Durables,Household/Personal Care,OTC:LRLCY,US,11950320.06,1.6777182612598636,18.920097865184925,1.7327082832699134,3.173645704877359,stable_or_general,True,0.0,1.6777182612598636,reject_valuation
FR,"First Industrial Realty Trust, Inc.",61.94,8487696685.999999,22.554803000509796,2.9585954266438854,13.4367625818718,6.48407607021592,238909000.0,,2584135000.0,8.44233157736948,34.443944003071564,34.28194220331523,3.05134000645786,900607.2666666667,Finance,Real Estate Investment Trusts,NYSE:FR,US,55783614.097333334,1.6785890844673845,13.117363191232544,1.719461653359198,2.3770561449837135,financial_special,True,0.0,1.6785890844673845,reject_valuation
OXY,Occidental Petroleum Corporation,59.1,59078568232.0,17.509554706248334,1.7658263305322128,10.8690039758352,5.11176677715854,5312000000.0,,14626000000.0,-10.738673911447243,72.98097251585624,98.32540102238676,1.69204737732657,7931131.666666667,Energy Minerals,Integrated Oil,NYSE:OXY,US,468729881.5,1.6109622137572968,10.084929971988796,1.7362098452722692,7.213853317098962,cyclical,True,0.08,1.6909622137572968,reject_valuation
LIN,Linde plc,489.51,225654404373.0,31.60535117056856,5.774018156822432,18.6710655188412,8.30605353528983,4975000000.0,,28013000000.0,6.629568356143781,7.8939529341674115,10.101512738853511,1.26657269514412,2081679.9333333333,Process Industries,Chemicals: Specialty,NASDAQ:LIN,US,1019003144.166,1.692744912639036,18.26911564962865,1.7299880178497309,2.152795558490972,cyclical,True,0.0,1.692744912639036,reject_valuation
WTS,"Watts Water Technologies, Inc.",366.34,12229546648.0,31.976048949522987,5.5858093545610545,18.8054289774119,13.7159602601673,349400000.0,,108000000.0,17.132607078794244,23.21027287319422,23.210195192773014,0.59780531746465,188303.03333333333,Producer Manufacturing,Industrial Machinery,NYSE:WTS,US,68982933.23133333,1.7003626446347462,17.468729058360985,1.8304736905984826,7.10805332149822,cyclical,True,0.0,1.7003626446347462,reject_valuation
WWD,"Woodward, Inc.",341.81,20182452323.0,38.01352343246069,8.180219954844976,22.338720773072,11.1428343912563,376527000.0,,1365478000.0,22.347887859981412,42.35502238359499,42.25055765610414,0.351072233111963,623946.9,Producer Manufacturing,Industrial Machinery,NASDAQ:WWD,US,213271289.889,1.7016875683536778,21.51923635644804,1.7664903532262324,3.6684482739575586,cyclical,True,0.0,1.7016875683536778,reject_valuation
DOV,Dover Corporation,198.68,26758265433.0,23.915738790249776,3.4834194808148062,14.913555081642802,8.4105825622312,1171676000.0,,3259988000.0,7.555250254213182,-50.51173849787699,-49.914086757302634,1.04690960338232,1149679.8333333333,Producer Manufacturing,Industrial Machinery,NYSE:DOV,US,228418389.28666666,1.6036242639213385,14.565385210825951,1.6419571775193442,2.33458668245653,cyclical,True,0.1,1.7036242639213386,reject_valuation
YMM,Full Truck Alliance Co. Ltd.,8.81,9140765976.0,15.461565461565463,1.5345223994983628,10.5787178732102,9.54763133709235,,,3663453.88628526,8.572783320963184,4.503958310354983,4.684916406393526,0.0,7020473.466666667,Technology Services,Packaged Software,NYSE:YMM,US,61850371.241333336,1.461572720520386,9.924754406744233,1.5578788983492393,6.1818783174290015,technology_strict,False,0.25,1.711572720520386,reject_valuation
BUD,Anheuser-Busch Inbev SA Sponsored,80.13,157837772536.86917,17.259725154008528,1.6896436840262987,10.7082665686499,4.34250113279949,13726067360.0,,72318000000.0,6.602700227549446,30.621410432840644,32.309270711619014,1.25070635217771,1983670.0,Consumer Non-Durables,Beverages: Alcoholic,NYSE:BUD,US,158951477.1,1.6118131766105852,9.789516744615618,1.7630824487328893,8.57981838745091,stable_or_general,True,0.1,1.7118131766105853,reject_valuation
ODFL,"Old Dominion Freight Line, Inc.",198.63,41187248115.0,38.226746983314406,9.062422723261907,24.8183665883153,19.3020813942743,1114770000.0,,19997000.0,-0.6404933687698874,-0.5236481858613163,1.4843460088670244,0.573931430297538,1597126.5666666667,Transportation,Trucking,NASDAQ:ODFL,US,317237249.937,1.5402603893082911,23.707020446227254,1.612465264035229,4.47791815038816,stable_or_general,True,0.18,1.720260389308291,reject_valuation
EGO,Eldorado Gold Corporation,45.48,11884826648.766819,16.435309926291175,1.730769118358815,11.1713718929652,7.396431305128461,-629491244.8,,1761019238.0,22.237593942938478,40.76449429132073,35.921721788993125,0.0,2757217.533333333,Non-Energy Minerals,Precious Metals,NYSE:EGO,US,125398253.41599998,1.471198889783695,10.530796961669367,1.5606900395205998,5.734075791525783,cyclical,False,0.25,1.721198889783695,reject_valuation
WCC,"WESCO International, Inc.",336.42,16394708321.999998,23.249803038051667,3.1408623843498007,14.335804448006401,4.20754888960109,155100000.0,,6706000000.0,12.506522012918083,7.983700573498339,13.292254210349114,0.566999583853516,602380.1,Distribution Services,Wholesale Distributors,NYSE:WCC,US,202652713.242,1.6217996780281754,13.509199967024776,1.7210347833182702,5.766013926735569,stable_or_general,True,0.1,1.7217996780281755,reject_valuation
JCI,Johnson Controls International plc,139.59,84555456016.0,24.265971316818774,6.271729099403244,14.8744541484716,5.30723536858506,1659000000.0,,9475000000.0,6.80711050337578,60.421335723890635,70.84942084942087,1.14621391217136,3234214.533333352,Producer Manufacturing,Industrial Machinery,NYSE:JCI,US,451464006.70800257,1.6313856679784235,25.84577809607935,0.938875634798543,73.75950631932997,cyclical,True,0.1,1.7313856679784236,reject_valuation
FMS,Fresenius Medical Care AG,23.1,12360078486.90549,11.91950464396285,0.8563802179876919,7.30370157653554,3.01522465979337,2092327620.0,,12534392338.5,6.7613165765066485,51.831607349257006,57.95908386991603,2.62500432900433,747414.7333333333,Health Services,Medical/Nursing Services,NYSE:FMS,US,17265280.34,1.6319813342670528,7.184696374286349,1.659012994149917,1.6293820469269638,stable_or_general,True,0.1,1.731981334267053,reject_valuation
RSG,"Republic Services, Inc.",222.11,68012965657.99999,31.4607855635349,5.648741895399471,18.1546383190765,6.37726821868254,2653000000.0,,14295000000.0,3.2066087424081338,2.9993738052708845,4.356116596700759,1.12556841204808,1394568.9666666666,Industrial Services,Environmental Services,NYSE:RSG,US,309747713.1863333,1.7329337555833644,17.95486601563672,1.752215000442554,1.1003926375655837,cyclical,True,0.0,1.7329337555833644,reject_valuation
MSM,"MSC Industrial Direct Company, Inc.",119.2,6656878577.0,28.84452510586812,4.689846521625032,16.5939472673703,9.30131324987352,219930000.0,,555424000.0,4.409784086568385,16.486794240051594,16.559485530546635,2.91946308724832,591825.5666666667,Distribution Services,Wholesale Distributors,NYSE:MSM,US,70545607.54666667,1.738255801414223,16.259052643133764,1.774059395646845,2.018173366713427,stable_or_general,True,0.0,1.738255801414223,reject_valuation
ZWS,Zurn Elkay Water Solutions Corporation,48.05,7969769396.0,29.503868353186785,4.809660561083691,16.9194974406701,10.0342201125952,375500000.0,,550500000.0,10.693928128872367,58.67816091954023,60.9129532654876,0.874089490114464,900768.2666666667,Producer Manufacturing,Industrial Machinery,NYSE:ZWS,US,43281915.21333333,1.7437792379262467,16.30179644075109,1.809853807242573,3.650823566628014,cyclical,True,0.0,1.7437792379262467,reject_valuation
NTR,Nutrien Ltd.,73.51,35079710539.76203,15.273771815043538,1.3590279960225675,9.28540215178316,4.43397768230044,2156648778.24,,12712726400.0,3.2956666854047385,67.2002544550347,69.31575031266328,2.985656042237,2530426.466666667,Process Industries,Chemicals: Agricultural,NYSE:NTR,US,186011649.5646667,1.644923027066779,8.89778904961789,1.7165805718555962,4.174435267629562,cyclical,True,0.1,1.744923027066779,reject_valuation
ICE,Intercontinental Exchange Inc.,162.33,91131165378.0,22.925051900182183,3.0816936424810133,13.925338391240603,2.53625691692157,5078000000.0,,20527000000.0,12.598560164552621,34.46553446553446,35.9202242014742,1.23205815314483,3813337.2,Finance,Investment Banks/Brokers,NYSE:ICE,US,619019027.6760001,1.6462832899344573,13.442471824705109,1.7054193751814015,3.467539193440561,financial_special,True,0.1,1.7462832899344574,reject_valuation
FMX,Fomento Economico Mexicano S.A.B. de C.V.,120.12,24281428766.661,23.336959900528445,3.2754583582951144,14.1641468455908,3.99514423931188,3679204700.0,,18731285270.763298,18.157794945768373,84.91459018258651,89.79351032448375,1.93885780885781,472091.6,Consumer Non-Durables,Beverages: Non-Alcoholic,NYSE:FMX,US,56707642.992,1.6476078760644224,14.035497220959549,1.6627098800375093,0.9082765522958391,stable_or_general,True,0.1,1.7476078760644225,reject_valuation
WPM,Wheaton Precious Metals Corp,153.33,69636350077.34462,34.95342643426449,7.194718264273699,23.3391466690934,20.1419749209217,-2827320411.52,,1974377900.0,80.79897055652859,146.2390014507393,146.00875424842607,0.47055704037136,2192593.1333333333,Non-Energy Minerals,Precious Metals,NYSE:WPM,US,336190305.134,1.4976308658512856,20.583728115481087,1.698109605712092,11.80599527771571,cyclical,False,0.25,1.7476308658512856,reject_valuation
NDAQ,"Nasdaq, Inc.",99.31,55512039855.0,28.9398531297354,4.655593439321411,16.5385100214295,6.81865428591227,1951000000.0,,9317000000.0,7.348045863641968,30.50397877984085,31.852762621993403,1.12778169368644,3024446.533333338,Finance,Investment Banks/Brokers,NASDAQ:NDAQ,US,300357785.2253338,1.7498464548642574,16.087135682585192,1.7989438083165832,2.729232187539543,financial_special,True,0.0,1.7498464548642574,reject_valuation
MOG.A,Moog Inc.,374.66,11875152867.000002,31.86724391633849,5.476884844498045,18.1064606361251,8.22711865959754,350162000.0,,1145544000.0,15.645925453761459,78.20753335003002,78.61114487117162,0.31495222334917,279643.6666666667,Electronic Technology,Aerospace & Defense,NYSE:MOG.A,US,104771296.15333335,1.759992996795772,17.186565800533568,1.854194973340698,5.080478477147555,technology_strict,True,0.0,1.759992996795772,reject_valuation
ELV,"Elevance Health, Inc.",394.43,85539753734.0,17.53092345916059,1.905591315957118,11.2025280740365,3.99636035687828,6289000000.0,,31044000000.0,6.266181956524036,-7.406716417910447,-4.238366624246124,1.73921861927338,995404.9333333333,Health Services,Managed Health Care,NYSE:ELV,US,392617567.85466665,1.5649077907504712,10.86988555050346,1.6127974280601889,2.9693522866859667,stable_or_general,True,0.2,1.764907790750471,reject_valuation
DXPE,"DXP Enterprises, Inc.",185.92,2884948131.0,32.75777010360138,5.331190763551424,18.469261017433,5.85573920520544,118659000.0,,899001000.0,11.47063727789069,7.4966826285120876,8.404003361601351,0.0,136857.26666666666,Distribution Services,Wholesale Distributors,NASDAQ:DXPE,US,25444503.018666666,1.773637292400685,16.274583851986048,2.012817679488857,11.882863983433921,stable_or_general,True,0.0,1.773637292400685,reject_valuation
DRH,Diamondrock Hospitality Company,12.7,2606477049.0000005,17.607098294745597,1.7049359910645245,9.91874483684428,5.01615149538009,163442000.0,,1196275000.0,1.0324933563191208,126.40355916972348,159.6472282217423,2.67716535433071,2604552.3333333335,Finance,Real Estate Investment Trusts,NASDAQ:DRH,US,33077814.633333333,1.7751337073761666,9.683230947675918,1.8183082062058527,2.3744323807334933,financial_special,True,0.0,1.7751337073761666,reject_valuation
MH,"McGraw Hill, Inc.",13.22,2529102485.0,27.268976897689768,3.2073832895815846,17.2963026209092,1.67893148233846,335918000.0,,2653806000.0,0.13807587787453388,,,0.0,655937.4333333333,Commercial Services,Miscellaneous Commercial Services,NYSE:MH,US,8671492.868666667,1.576578387610123,11.76202283501628,2.3183917664662506,31.99689498495838,financial_special,True,0.2,1.7765783876101229,reject_valuation
SPGI,S&P Global Inc.,442.89,130563970912.0,26.969802152030542,4.144756236225557,15.1700543989151,7.98371464951622,5573000000.0,,15748000000.0,9.6741274916661,22.65138300523299,26.218823258137665,0.871548239969293,1948701.4333333338,Commercial Services,Financial Publishing/Services,NYSE:SPGI,US,863060377.8090001,1.7778316044772595,15.368137344357567,1.754916783193153,1.3057497371705473,financial_special,True,0.0,1.7778316044772595,reject_valuation
FLS,Flowserve Corporation,80.33,10210969666.0,28.169162254094047,4.52417332320327,16.5645287187549,6.18631649097591,411444000.0,,2318345000.0,-0.25830433032649097,27.32816154632316,29.30534143466038,1.07058384165318,1768702.7333333334,Producer Manufacturing,Industrial Machinery,NYSE:FLS,US,142079890.56866667,1.7005713070604902,16.060730817600852,1.7539153463193369,3.041426108209344,cyclical,True,0.08,1.7805713070604903,reject_valuation
EPR,EPR Properties,59.55,4562061417.0,19.108586830958796,1.9740087194501017,11.3464130597574,4.53399050529007,440799000.0,,3524897000.0,4.5274477310007,46.50224539651979,53.04228257133035,6.04534005037783,728825.9666666667,Finance,Real Estate Investment Trusts,NYSE:EPR,US,43401586.315,1.6841081609069641,10.330479887983708,1.8497288643081993,8.953782719024472,financial_special,True,0.1,1.7841081609069642,reject_valuation
DGX,Quest Diagnostics Incorporated,242.76,26794236190.0,25.7510183299389,3.5529006207916694,14.351600651112301,6.43004740488635,1349000000.0,,6383000000.0,9.86504466831401,11.957671957671957,12.727794518582284,1.36760586587576,992571.4666666667,Health Services,Services to the Health Industry,NYSE:DGX,US,240956649.248,1.7942959085851586,13.797126681630921,1.8664044278308347,3.863499152189742,stable_or_general,True,0.0,1.7942959085851586,reject_valuation
GMED,"Globus Medical, Inc.",82.97,11139711219.999998,21.215608059732023,2.335885530629183,11.8140800058604,10.2481236387307,755590000.0,,111912000.0,19.74036545754915,50.12827738196379,50.93203658677782,0.0,1324749.2666666666,Health Technology,Medical Specialties,NYSE:GMED,US,109914446.65533333,1.7957901122396305,11.010221927425103,1.926901037924273,6.804237638788136,health_special,True,0.0,1.7957901122396305,reject_valuation
HWC,Hancock Whitney Corporation,75.07,6022344562.999999,14.700583558532093,1.359310461837816,9.66898093467398,1.19034429728554,581595000.0,,1887269000.0,-3.223994412505251,-9.043206383037795,-5.777072531689937,2.53097109364593,790142.4333333333,Finance,Regional Banks,NASDAQ:HWC,US,59315992.47033333,1.520386032184039,9.246642872546946,1.5898292776265603,4.367968713357229,financial_special,True,0.28,1.800386032184039,reject_valuation
AWR,American States Water Company,89.88,3562449770.0000005,24.600394131815197,3.176547550845789,13.621878520476802,5.2964871931897,20745000.0,,917494000.0,13.233997717380541,14.707964032364437,11.984306994421628,2.24299065420561,243196.9,Utilities,Water Utilities,NYSE:AWR,US,21858537.371999998,1.8059472557206535,12.912588041577855,1.9051482206822692,5.206994599406545,stable_or_general,True,0.0,1.8059472557206535,reject_valuation
GTES,Gates Industrial Corporation Ltd.,25.87,6549020950.000001,18.321529745042493,1.8595136369125318,10.723173658867,4.98405267408594,405300000.0,,2362800000.0,3.3378545733325473,78.91891891891892,81.51433346188455,0.0,1920247.8,Producer Manufacturing,Electrical Products,NYSE:GTES,US,49676810.586,1.7085920948312172,10.149336124161172,1.805194893627266,5.351377800650658,cyclical,True,0.1,1.8085920948312173,reject_valuation
AGO,Assured Guaranty Ltd.,75.53,3321749381.9999995,10.113683533964462,0.5985773149420922,6.2723373838456,2.83796895213454,324000000.0,,1878000000.0,3.0033370411568407,-25.0,-17.46405402119735,1.90652720773203,360470.3,Finance,Specialty Insurance,NYSE:AGO,US,27226321.759,1.6124265827938793,5.918489667309729,1.7088284515940826,5.641401201523455,financial_special,True,0.2,1.8124265827938792,reject_valuation
FNV,Franco-Nevada Corporation,266.16,51335293389.23783,35.75789102602685,6.236966296401456,19.7245514036439,18.3603312406975,907592681.5999999,,0.0,64.4205300818699,78.40725148281751,78.12310467751698,0.613973024839852,811082.2,Non-Energy Minerals,Precious Metals,NYSE:FNV,US,215877638.352,1.812862066886903,17.442209586303058,2.0500780505531044,11.571070847873388,cyclical,True,0.0,1.812862066886903,reject_valuation
BMI,"Badger Meter, Inc.",135.61,3930906328.9999995,31.737227643988863,5.756364962282885,18.4799099136182,12.9957319099819,150301000.0,,0.0,0.8043015083656969,-7.3892895820594235,-6.949041811846684,1.17985399306836,447983.2,Producer Manufacturing,Industrial Machinery,NYSE:BMI,US,60751001.752000004,1.717390820211796,18.13757971192282,1.7498049986860293,1.8524451866678837,cyclical,True,0.1,1.817390820211796,reject_valuation
LW,"Lamb Weston Holdings, Inc.",54.98,7558706309.999999,26.349084635291863,4.141214043069228,16.2802447650592,3.92616109445125,540200000.0,,4037100000.0,2.4956210376203245,-18.81298992161254,-16.745800582532027,2.72826482357221,1736737.0666666667,Consumer Non-Durables,Food: Specialty/Candy,NYSE:LW,US,95485803.92533332,1.6184698089946712,15.71672830532603,1.6764993402833577,3.461351274905866,stable_or_general,True,0.2,1.8184698089946711,reject_valuation
QGEN,Qiagen N.V.,43.11,8883882718.999998,21.896586753352295,2.651187161144949,11.9277949303754,6.989112914242,447700000.0,,1643622000.0,2.9555892036879063,9.622749647817539,9.469001946066173,0.811876594757597,2965595.199999999,Health Technology,Medical Specialties,NYSE:QGEN,US,127846809.07199995,1.8357615033764796,12.107764516033813,1.808474778672442,1.5088252833732163,health_special,True,0.0,1.8357615033764796,reject_valuation
NSIT,"Insight Enterprises, Inc.",155.65,4568148362.0,22.78182722988203,2.8622665914919425,13.111881359585501,2.09197497966954,396571000.0,,1741725000.0,2.681271182677846,40.63247497761683,63.02464864348947,0.0,391780.3,Technology Services,Information Technology Services,NASDAQ:NSIT,US,60980603.695,1.7374949181665125,12.563814845095566,1.8132889978695594,4.179922769734867,technology_strict,True,0.1,1.8374949181665126,reject_valuation
IBDRY,Iberdrola S.A.,93.97,155837444423.7966,18.765101743315295,2.6568914624353943,12.5988638527721,3.76549469504244,,,72439488000.0,8.550135794439589,49.81497983854976,42.17938161892052,2.53283759414448,64471.166666666664,Utilities,Electric Utilities,OTC:IBDRY,US,6058355.531666666,1.4894280915010008,14.158684023026204,1.3253422219747044,12.380641528330338,stable_or_general,False,0.35,1.8394280915010008,reject_valuation
CART,Maplebear Inc.,50.54,11700013297.0,27.825799702692287,5.06780978165501,15.9627535749917,12.0861135591087,1176000000.0,,34000000.0,12.605752961082912,-1.639344262295082,4.849044622755878,0.0,4026656.0,Transportation,Air Freight/Couriers,NASDAQ:CART,US,203507194.24,1.7431704105415757,18.2126294151563,1.5278298958598497,14.09453469036448,stable_or_general,True,0.1,1.8431704105415758,reject_valuation
AXTA,Axalta Coating Systems Ltd.,37.02,7923020655.999999,22.808206518390737,3.1412679623760615,14.5811573010236,4.50904392764858,494000000.0,,3068000000.0,-0.923432089265102,-21.748878923766814,-20.225105671876545,0.0,1630592.0666666667,Process Industries,Industrial Specialties,NYSE:AXTA,US,60364518.308000006,1.564224707787056,13.772533845847068,1.6560646554713867,5.545674040014415,cyclical,True,0.28,1.844224707787056,reject_valuation
TW,Tradeweb Markets Inc.,108.87,25478657350.000004,25.990116737090883,3.4636301338048647,14.0856696613071,10.9979837980222,1144817000.0,,150337000.0,14.036023436785333,60.756638921207795,61.45307380998266,0.477633875264076,1459554.1666666667,Finance,Investment Banks/Brokers,NASDAQ:TW,US,158901662.12500003,1.8451459790005533,13.326720186915768,1.9502260400580853,5.388096502618856,financial_special,True,0.0,1.8451459790005533,reject_valuation
RS,"Reliance, Inc.",387.59,19788234392.0,22.5420347677401,2.673462421122719,12.2140534040285,8.25483024862389,539500000.0,,1995200000.0,15.443270958411851,21.127524054749966,25.544700487747875,1.26422250316056,362730.2,Non-Energy Minerals,Steel,NYSE:RS,US,140590598.218,1.8455818082721969,11.859898401668294,1.9006937500045684,2.899569787728251,cyclical,True,0.0,1.8455818082721969,reject_valuation
ABCB,Ameris Bancorp,85.59,5743708321.0,15.485516817137379,1.4041178927502633,9.39837704968186,1.3642553872106,521976000.0,,1385348000.0,2.302857565308437,-3.8415053263388668,-2.554654442877289,0.934688631849515,402801.6,Finance,Regional Banks,NYSE:ABCB,US,34475788.944,1.647679885077772,9.067297587358313,1.7078425702854827,3.522730154082865,financial_special,True,0.2,1.847679885077772,reject_valuation
NDSN,Nordson Corporation,324.59,18079457500.0,32.84193698524799,5.530477944452594,17.7632972443401,9.28575078362081,724013000.0,,1818212000.0,7.019450507102379,22.01499753850482,24.235110742388816,1.01050556086139,375251.9,Producer Manufacturing,Industrial Machinery,NASDAQ:NDSN,US,121803014.221,1.848864911367307,16.839682589174885,1.9502705476384627,5.199567639163982,cyclical,True,0.0,1.848864911367307,reject_valuation
NSC,Norfolk Southern Corporation,348.68,78316444080.99998,29.76660007853984,4.8185838023557,16.965206185567,5.898495693179651,1631000000.0,,16616000000.0,2.972573493184431,-21.332536599940244,-20.859119530848844,1.54869794654124,1237999.9666666666,Transportation,Railroads,NYSE:NSC,US,431665828.3773333,1.7545675397604963,16.187887732027708,1.8388192808902841,4.581839118469356,stable_or_general,True,0.1,1.8545675397604964,reject_valuation
MGRC,McGrath RentCorp,112.28,2742513410.9999995,18.084009792552507,2.2020405549659956,12.6903372055368,6.32832980473526,-6859000.0,,589895000.0,-0.9217916255990212,-39.46040372670808,-39.53841659363132,1.74563591022444,154166.56666666668,Finance,Finance/Rental/Leasing,NASDAQ:MGRC,US,17309822.105333336,1.4250220068748407,12.176727286847944,1.4851289157214687,4.047251939568374,financial_special,False,0.43000000000000005,1.8550220068748406,reject_valuation
FIGR,"Figure Technology Solutions, Inc.",36.05,8059525168.999999,39.50684931506849,5.682418235439689,26.215391690855,11.0519864277858,-8670522000.0,,1474457000.0,,,,0.0,4043156.9,Finance,Finance/Rental/Leasing,NASDAQ:FIGR,US,145755806.24499997,1.5070096903739987,14.38337486779117,2.7467023336460876,45.13385480786588,financial_special,False,0.35,1.8570096903739985,reject_valuation
MGM,MGM Resorts International,42.28,10637340863.999998,25.58857350360104,4.231512155088724,15.438160415996602,1.03887146030727,1746100000.0,,30158689000.0,3.194289542921272,-21.026755834136573,-8.95917130420408,0.0,2254596.4,Consumer Services,Casinos/Gaming,NYSE:MGM,US,95324335.792,1.6574885099060672,16.536725482150185,1.5473785019423258,7.115906536476202,stable_or_general,True,0.2,1.8574885099060672,reject_valuation
INGM,Ingram Micro Holding Corporation,28.7,6619997022.0,15.623298856831791,1.5467087170239815,10.3415025671052,2.10156516464777,-231593000.0,,4242162000.0000005,11.54478857270552,61.214152002995114,61.537108688005624,1.12891986062718,916922.8333333334,Technology Services,Information Technology Services,NYSE:INGM,US,26315685.316666666,1.5107378019251485,9.900013634749318,1.5781088221932935,4.269098513403602,technology_strict,False,0.35,1.8607378019251484,reject_valuation
ECL,Ecolab Inc.,286.75,80384221107.0,38.468246089452926,7.994056380748473,21.8458076569742,7.88774388312245,1874500000.0,,13918800000.0,7.114011154993354,-0.922241468096063,-0.31693389855440474,0.990409764603313,1395039.5666666667,Process Industries,Chemicals: Specialty,NYSE:ECL,US,400027595.7416667,1.7608983239936231,20.78092243186583,1.851132750029664,4.87455186747654,cyclical,True,0.1,1.8608983239936232,reject_valuation
STC,Stewart Information Services Corporation,69.91,2133807088.0,15.335512317107947,1.2797347026305494,8.68814028253853,4.43683365323686,149971000.0,,770978000.0,22.487489875522808,53.373332118948944,46.73297283378396,3.00386210842512,221994.86666666667,Finance,Specialty Insurance,NYSE:STC,US,15519661.128666665,1.7651087365531308,8.344910011274333,1.8377085308755885,3.950560880721765,financial_special,True,0.1,1.865108736553131,reject_valuation
SR,Spire Inc.,82.56,4880682417.0,9.200833602656829,1.361969669450159,6.498470948012231,1.80086865429207,-222400000.0,,7259600000.0,4.121341488444645,92.11079943899018,93.97522644242204,3.94864341085271,453286.9,Utilities,Gas Distributors,NYSE:SR,US,37423366.464,1.4158459237970746,14.802676890677354,0.6215655229529102,127.78707497654098,cyclical,False,0.44999999999999996,1.8658459237970746,reject_valuation
ATR,"AptarGroup, Inc.",132.99,8455654451.000001,24.02840262344843,3.218120785880631,13.60697318058,7.25137881872403,310388000.0,,1411565000.0,8.933188171910489,-7.40304622465843,-4.529694857951115,1.44371757274983,441636.56666666665,Process Industries,Containers/Packaging,NYSE:ATR,US,58733247.001,1.7658888795152465,13.392986776158754,1.7941033635769796,1.5726231071481078,cyclical,True,0.1,1.8658888795152466,reject_valuation
CEG,Constellation Energy Corporation,276.75,98054565491.0,26.952668484612385,3.0724034776831934,15.2565880721221,4.58057650488132,309000000.0,,24700000000.0,20.743992787425032,15.154536390827516,7.150310973828108,0.588473351400181,2638991.1,Utilities,Electric Utilities,NASDAQ:CEG,US,730340786.9250001,1.766624907036861,11.399255251617356,2.364423630288327,25.283063305308286,stable_or_general,True,0.1,1.866624907036861,reject_valuation
ACM,AECOM,69.17,8901931578.0,25.254664281280807,4.058741138923721,15.9072904217176,3.06993953015862,203449000.0,,3331897000.0,-4.237951827278383,-45.110742897101076,-44.29846860954627,1.72039901691485,2195569.6,Industrial Services,Engineering & Construction,NYSE:ACM,US,151867549.23200002,1.587615716552305,16.07125358594503,1.5714184426389142,1.0307422564158397,cyclical,True,0.28,1.867615716552305,reject_valuation
HAYW,"Hayward Holdings, Inc.",14.15,3001492020.0,19.46087195708981,1.8906016388777174,10.4123453644408,5.24507127105422,199450000.0,,1013374000.0,7.775637805976984,23.816025650859874,23.698536917318812,0.0,2429034.966666667,Consumer Durables,Recreational Products,NYSE:HAYW,US,34370844.778333336,1.869019061118606,9.71488658394338,2.0032011479428333,6.698383083597181,stable_or_general,True,0.0,1.869019061118606,reject_valuation
PB,"Prosperity Bancshares, Inc.",72.3,8688781060.0,12.526638598679764,0.8761544213078816,7.07089816752536,1.36666408109101,590089000.0,,2709628000.0,5.6227271857026535,7.570714200995515,5.186710648612203,3.29183955739972,894414.8,Finance,Regional Banks,NYSE:PB,US,64666190.04,1.7715767222063923,6.994329838814247,1.7909705271782568,1.0828656685054505,financial_special,True,0.1,1.8715767222063924,reject_valuation
ALRM,"Alarm.com Holdings, Inc.",57.47,2821215302.9999995,25.396614963100443,3.2598084954682025,14.189553496208902,6.27962691130195,187706000.0,,567465000.0,8.722192675846184,-8.965192414602507,-4.756092428132497,0.0,379577.3,Technology Services,Packaged Software,NASDAQ:ALRM,US,21814307.430999998,1.7898107202517537,12.835602304497993,1.9786071865284176,9.541887220571477,technology_strict,True,0.1,1.8898107202517538,reject_valuation
PBH,Prestige Consumer Healthcare Inc.,52.47,2485741288.0,14.690483523252233,1.2968059326338113,9.11998786914155,4.30019357020914,235359000.0,,2067438000.0,-1.362763915547025,-19.244329892067245,-16.20055370465957,0.0,524637.5333333333,Health Technology,Pharmaceuticals: Major,NYSE:PBH,US,27527731.373999998,1.610800774522853,8.82752382235217,1.6641680972929764,3.206846883853476,health_special,True,0.28,1.890800774522853,reject_valuation
FRT,Federal Realty Investment Trust,116.75,10205764019.0,23.57157278417121,3.1652364587524278,13.1427874159738,4.91551363737411,334967000.0,,4851821000.0,8.038331253631387,26.076765309112215,25.62138581718576,3.87152034261242,824389.3,Finance,Real Estate Investment Trusts,NYSE:FRT,US,96247450.775,1.7934987486385285,13.42819373036469,1.7553792607913947,2.1715813043130083,financial_special,True,0.1,1.8934987486385286,reject_valuation
SKT,Tanger Inc.,37.73,4334384247.0,34.563942836203736,6.431147686286808,19.2613471439265,4.74700302582427,196701000.0,,1951740000.0,11.37100690623562,26.405125223075537,23.596014492753614,3.2069970845481,891425.7666666667,Finance,Real Estate Investment Trusts,NYSE:SKT,US,33633494.17633333,1.7944717250528586,18.606522168965494,1.8576251124379501,3.399684196894226,financial_special,True,0.1,1.8944717250528587,reject_valuation
UFPT,"UFP Technologies, Inc.",300.05,2324124196.0,32.34447594510979,5.025948837331619,17.0523966996731,10.9823419679044,61422000.0,,136336000.0,7.319572039506659,7.742175856929967,7.540979805708181,0.0,172493.16666666666,Process Industries,Industrial Specialties,NASDAQ:UFPT,US,51756574.65833333,1.8967700854466896,15.538816723637469,2.0815276040876234,8.876054215092521,cyclical,True,0.0,1.8967700854466896,reject_valuation
INDB,Independent Bank Corp.,82.06,3880530649.0,14.807730479816664,1.1125228917243808,8.23880305178862,1.20540628856099,303831000.0,,701465000.0,34.13485309283031,43.95055834062757,25.11175328486927,2.99780648306117,313430.7,Finance,Regional Banks,NASDAQ:INDB,US,25720123.242000002,1.79731574923398,7.513122238689983,1.9709156871642481,8.808085452911662,financial_special,True,0.1,1.89731574923398,reject_valuation
SSRM,SSR Mining Inc.,37.29,7603778618.0,34.39719583064293,2.2692917180893404,19.135417050462,12.6328030096869,344344900.0,,2300000.0,48.40444152418837,43.625430386797035,41.490472461498314,0.0,2980027.2333333334,Non-Energy Minerals,Precious Metals,NASDAQ:SSRM,US,111125215.531,1.7975670841107931,6.597316040709718,5.213816591230422,65.52300886198644,cyclical,True,0.1,1.8975670841107932,reject_valuation
AEE,Ameren Corporation,106.12,29378607694.0,18.6801387104156,2.1461254164791774,12.0226145148264,3.1949796097750403,-1450000000.0,,21808000000.0,3.759487666034156,27.383863080684595,24.769936966023163,2.75160196004523,1442910.0333333334,Utilities,Electric Utilities,NYSE:AEE,US,153121612.73733336,1.5537501171129693,11.488808781074782,1.625942172628629,4.440013718258395,stable_or_general,False,0.35,1.9037501171129692,reject_valuation
DANOY,Danone,14.88,48184872627.552216,21.139366387270922,2.3729635252542005,11.6964819312973,4.23788194644093,2909750090.0,,19924289100.0,7.760118311386435,13.332900658372775,13.477349669514755,2.45499327956989,545749.1333333333,Consumer Non-Durables,Food: Meat/Fish/Dairy,OTC:DANOY,US,8120747.104,1.8073268963641513,11.225329471951824,1.8831844927216443,4.028155321513982,stable_or_general,True,0.1,1.9073268963641514,reject_valuation
NHI,"National Health Investors, Inc.",72.03,3537424608.0,20.846236216826327,2.214078626072459,10.9223941363541,5.88764171195837,224114000.0,,1278266000.0,23.77437385330887,16.574782766871422,10.333045949484303,5.10898236845759,353681.0333333333,Finance,Real Estate Investment Trusts,NYSE:NHI,US,25475644.831,1.9085775477962024,10.620999412284002,1.9627377243535151,2.7594199614801806,financial_special,True,0.0,1.9085775477962024,reject_valuation
CHD,"Church & Dwight Company, Inc.",101.26,24019267745.0,32.58148589079443,5.522903194840782,17.0405536807184,8.32462459273831,1115300000.0,,2428300000.0,2.688757006264425,41.81264280274179,46.592141880099994,1.19000592534071,1792424.0,Consumer Non-Durables,Household/Personal Care,NYSE:CHD,US,181500854.24,1.9119969046346652,16.951047638994332,1.9220927570189648,0.5252531308612585,stable_or_general,True,0.0,1.9119969046346652,reject_valuation
MTN,"Vail Resorts, Inc.",141.93,5057466063.0,32.244360133584756,9.166472913275983,21.0392909414817,2.65927178437172,173525000.0,,3257489000.0,-4.293439389084262,-47.5226397597962,-43.66977642978718,6.2566053688438,573059.3666666667,Consumer Services,Hotels/Resorts/Cruise lines,NYSE:MTN,US,81334315.91100001,1.5325782709725642,28.428143325841535,1.1342408036994183,35.119303235603596,cyclical,True,0.38,1.9125782709725643,reject_valuation
NHC,National HealthCare Corporation,222.7,3487792423.0,25.026971140879258,3.107713171052189,13.083065207790098,9.05177226013585,146534000.0,,31409000.0,7.189268453738131,33.843526055135165,32.661458643926295,1.16299955096542,109759.13333333333,Health Services,Hospital/Nursing Management,AMEX:NHC,US,24443358.993333332,1.9129287168864186,12.417456165824337,2.0154668401213427,5.087561908423687,stable_or_general,True,0.0,1.9129287168864186,reject_valuation
NMRK,"Newmark Group, Inc.",15.83,2868840808.9999995,19.68905472636816,1.9897708432580958,10.8283208981115,2.80293937114519,797593000.0,,2276739000.0,23.063097414804005,96.98902442265273,88.51113716295428,0.947567909033481,1366515.1666666667,Finance,Real Estate Development,NASDAQ:NMRK,US,21631935.088333335,1.818292504593395,10.105974466073969,1.9482589029355708,6.670899752920246,financial_special,True,0.1,1.9182925045933952,reject_valuation
MDLZ,"Mondelez International, Inc.",62.36,79590566624.0,22.87349154531783,2.997646011462775,13.3101150817686,4.94281878439835,3085000000.0,,22059000000.0,6.926290257377713,-3.4331227684702004,-0.4418638621092528,3.2071840923669,8311725.299999986,Consumer Non-Durables,Food: Specialty/Candy,NASDAQ:MDLZ,US,518319189.7079991,1.7185044159872493,13.105327647612194,1.7453582360060569,1.5385850001921497,stable_or_general,True,0.2,1.9185044159872493,reject_valuation
JOE,St. Joe Company (The),67.32,3832557906.0,31.484426152838836,5.018801869153304,16.3712019158809,8.05090637144234,212286000.0,,372485000.0,28.412841284128415,48.71646120377085,50.47149894440533,0.920974450386215,201538.2,Finance,Real Estate Development,NYSE:JOE,US,13567551.624,1.9231591128503118,15.940585497064163,1.9751110245378025,2.6303286773283086,financial_special,True,0.0,1.9231591128503118,reject_valuation
OLED,Universal Display Corporation,82.98,3814328124.0000005,20.078883054661603,2.278107572909463,11.5130538457713,10.2444632430659,220016000.0,,21690000.0,-8.320807986815531,-19.914199633219805,-19.343065693430663,2.28970836346107,755331.2,Electronic Technology,Electronic Production Equipment,NASDAQ:OLED,US,62677382.975999996,1.7440101752009525,11.345788342447502,1.76972127882391,1.4528335015581817,technology_strict,True,0.18,1.9240101752009524,reject_valuation
UNH,UnitedHealth Group Incorporated,392.95,352709906727.0,25.2684714809337,3.6122963136467856,14.6212423189816,4.56800905709203,23617000000.0,,73328000000.0,6.459280352302882,-33.68707738542449,-32.64203819448956,2.27764346608983,4289640.5,Health Services,Managed Health Care,NYSE:UNH,US,1685614234.475,1.7282027703028795,14.295666108543367,1.7675616714238152,2.226734249630513,stable_or_general,True,0.2,1.9282027703028795,reject_valuation
LPLA,LPL Financial Holdings Inc.,370.69,29188978442.000004,29.560134607103553,5.097324114541214,18.5918789104421,5.40385086235277,-916284000.0,,8214825999.999999,38.82071053507358,-9.930188912167203,-14.22982483738808,0.323720629097089,629737.2333333333,Finance,Investment Banks/Brokers,NASDAQ:LPLA,US,233437295.0243333,1.589948748563608,17.243913744953932,1.7142358193338623,7.250290150776994,financial_special,False,0.35,1.9399487485636078,reject_valuation
WSO,"Watsco, Inc.",310.76,12821627780.0,27.026838983493064,4.281150168547212,15.3457558878547,8.99842371739811,697141000.0,,535269000.0,-2.98227405406255,-10.546872625981262,-11.972806822792649,4.05457587849144,545907.5666666667,Producer Manufacturing,Building Products,NYSE:WSO,US,169646235.41733333,1.7611930739028165,15.840365834724405,1.7062004290485684,3.2231057921438877,cyclical,True,0.18,1.9411930739028165,reject_valuation
KMI,"Kinder Morgan, Inc.",31.56,70277869992.0,20.35866339827119,2.2198260854886254,11.0543100270829,4.71068679874072,3637000000.0,,32248000000.0,12.44031163608947,27.363367799113735,27.19067935674433,3.72306717363752,10711342.533333333,Industrial Services,Oil & Gas Pipelines,NYSE:KMI,US,338049970.352,1.841694628465527,10.90359441611048,1.86715156684391,1.363410385661068,cyclical,True,0.1,1.941694628465527,reject_valuation
TRNO,Terreno Realty Corporation,66.59,7256332812.0,17.937183493158066,1.6184018045216577,9.23751752089762,7.23429144775692,228208000.0,,1056093000.0000001,18.047502570434602,52.859841299949416,47.77485868959479,3.12359213095059,639449.3,Finance,Real Estate Investment Trusts,NYSE:TRNO,US,42580928.887,1.941775314913296,9.022608288190723,1.9880264021475058,2.3264825449123117,financial_special,True,0.0,1.941775314913296,reject_valuation
DOCS,"Doximity, Inc.",26.73,4764514863.000001,31.696905016008536,5.24782371395925,17.2064697051242,14.6000597825802,297025000.0,,9673000.0,11.181813864825079,-28.95529243646014,-27.607519958794747,0.0,6308582.166666667,Technology Services,Packaged Software,NYSE:DOCS,US,168628401.315,1.8421503980313283,16.556265387137433,1.914496069906796,3.7788362699010314,technology_strict,True,0.1,1.9421503980313284,reject_valuation
SBGSY,Schneider Electric SE,69.84,198556540221.2149,36.12849826703223,7.020923034237053,18.5434591440216,7.50054410914795,7265813550.0,,21951360000.0,14.71393048472079,18.25294810053668,17.61377464103189,0.9515235338571,231372.93333333332,Producer Manufacturing,Electrical Products,OTC:SBGSY,US,16159085.663999999,1.948314927998751,19.433199194564214,1.8591122287851587,4.798134175680291,cyclical,True,0.0,1.948314927998751,reject_valuation
BSBR,Banco Santander Brasil SA,5.81,21749238544.804802,16.657110091743117,2.657615830424898,11.110418040294,1.09549269114155,,,83155924999.27551,20.732051762932777,27.242161630566308,27.113702623906715,5.05901893287436,3884975.2333333334,Finance,Major Banks,NYSE:BSBR,US,22571706.105666667,1.499233425001022,15.954843401931232,1.0440158936142792,43.60254802355785,financial_special,False,0.44999999999999996,1.949233425001022,reject_valuation
JEF,Jefferies Financial Group Inc.,53.09,12240020158.0,14.794482374251082,1.021876707659148,7.9567570385254,1.13109669321954,7926542000.0,,36928789000.0,29.743542283303608,40.95484804581578,36.0156161164386,3.01375023544924,1872912.966666666,Finance,Investment Banks/Brokers,NYSE:JEF,US,99432949.40033332,1.8593608303758002,6.907147420295445,2.1419091665511703,13.191424761971572,financial_special,True,0.1,1.9593608303758003,reject_valuation
AMKR,"Amkor Technology, Inc.",47.88,11895904474.999998,21.485304016154366,2.5532296114910267,12.5557028859938,6.37656169820007,-172386000.0,,2674039000.0,17.93270810607884,82.85768839522918,81.84414524683802,0.696010860484545,5584521.966666667,Electronic Technology,Semiconductors,NASDAQ:AMKR,US,267386911.76400003,1.7111988242507523,11.883609417727135,1.807977968722541,5.35289401453104,technology_strict,False,0.25,1.9611988242507523,reject_valuation
FUL,H. B. Fuller Company,56.35,3030920513.0,16.741933567056865,1.4554078280020468,9.38763689735219,3.55104791492413,140772000.0,,2072150999.9999998,-0.5675503384525205,80.19558004617863,82.7947645685114,1.7036379769299,634881.2,Process Industries,Industrial Specialties,NYSE:FUL,US,35775555.62,1.7834023354459925,8.693188407256947,1.925868022494594,7.3974792345357425,cyclical,True,0.18,1.9634023354459924,reject_valuation
HALMY,Halma PLC,97.81,18644304081.639,37.17032758227559,6.460557638399003,18.7891469880931,10.9626198354325,533906100.00000006,,1204500580.0,20.6830667119848,31.9950292599222,31.99899673940307,0.560749454895796,66733.53333333334,Electronic Technology,Electronic Equipment/Instruments,OTC:HALMY,US,6527206.895333334,1.9782871253192524,17.380954268155747,2.138566560201855,7.494713415301613,technology_strict,True,0.0,1.9782871253192524,reject_valuation
SSNC,"SS&C Technologies Holdings, Inc.",83.42,19574919569.0,23.953368173203927,2.947028383606863,12.7290004640781,4.36442989634479,1764200000.0,,7777300000.0,8.569018557110251,7.142857142857142,9.698554194097083,1.29465356029729,1782661.8,Technology Services,Packaged Software,NASDAQ:SSNC,US,148709647.356,1.8817949013987056,12.303189940960516,1.9469233823219245,3.345199996804493,technology_strict,True,0.1,1.9817949013987057,reject_valuation
QRVO,"Qorvo, Inc.",94.73,8357235677.000001,21.980648304986424,2.4069905122953945,11.5558647177867,6.688408625967371,649508000.0,,1549138000.0,-0.1792347356041147,394.0862677145863,402.999533146592,0.0,1107438.0333333334,Electronic Technology,Semiconductors,NASDAQ:QRVO,US,104907604.89766668,1.902120597790832,10.95049826965002,2.0072738028649475,5.238607952937569,technology_strict,True,0.08,1.982120597790832,reject_valuation
GMAB,Genmab A/S,33.23,20019647603.661503,26.316623109210422,3.3303801223511296,13.9608028797203,8.28206890704374,869953680.0,,5272931978.3,21.75439323039415,-38.2107801826948,-36.97529323683554,0.0,2470289.8,Health Technology,Biotechnology,NASDAQ:GMAB,US,82087730.05399999,1.8850365079961409,12.655043576565667,2.079536348491361,9.35303875002348,health_special,True,0.1,1.985036507996141,reject_valuation
CXT,"Crane NXT, Co.",50.13,2885548330.9999995,20.736297828335058,2.2785524714771865,11.4943470424381,4.30843876673627,224000000.0,,1467100000.0,17.277044168347103,-7.270323859881031,-7.5349015108051285,1.39636943945741,534841.6000000004,Producer Manufacturing,Industrial Machinery,NYSE:CXT,US,26811609.408000022,1.8040431310952152,10.988231796920203,1.8871369126147355,4.403166562217741,cyclical,True,0.2,2.0040431310952154,reject_valuation
JBHT,"J.B. Hunt Transport Services, Inc.",261.03,24514616642.000004,37.006634909833274,6.7032658872255055,18.4481661058647,8.33448248081418,1099722000.0,,1145337000.0,5.281939162930787,21.777484094142455,28.1843458665746,0.68191395625024,849483.3,Transportation,Trucking,NASDAQ:JBHT,US,221740625.799,2.005979060328864,18.113686649861638,2.0430205968101998,1.8130769968334737,stable_or_general,True,0.0,2.005979060328864,reject_valuation
EXC,Exelon Corporation,43.93,45346914417.0,16.094522806374794,1.5266942118028441,9.71422589762378,2.40360540811217,-1916000000.0,,53005000000.0,6.563998990154002,4.937806257067471,3.6177966745121837,3.73321192806738,7146090.699999997,Utilities,Electric Utilities,NASDAQ:EXC,US,313927764.45099986,1.6567993143243367,9.485799797668708,1.6966964462322185,2.351459625938368,stable_or_general,False,0.35,2.006799314324337,reject_valuation
TECK,Teck Resources Ltd,69.34,34018914528.26713,19.351694241668113,1.7782805469226515,9.61249855697079,5.48938601503098,1133440000.0,,6894272000.0,34.6793800134315,1127.8312474908798,1046.4984693457184,0.518510836876491,3209512.7666666666,Non-Energy Minerals,Other Metals/Minerals,NYSE:TECK,US,222547615.2406667,2.0131804573988368,9.189275753921605,2.1058998293102267,4.4028386640669215,cyclical,True,0.0,2.0131804573988368,reject_valuation
WEC,"WEC Energy Group, Inc.",106.22,34611719972.99999,20.571716310957896,2.448671154437104,12.3470027864093,3.3427894627187196,-1347900000.0,,22979700000.0,8.925827629557201,1.700312424897861,-1.0217187110625514,3.47392204857842,2318881.533333333,Utilities,Electric Utilities,NYSE:WEC,US,246311596.47066665,1.6661303691938723,11.90309606366084,1.7282660075105696,3.59525895010796,stable_or_general,False,0.35,2.0161303691938723,reject_valuation
USFD,US Foods Holding Corp.,107.27,23205795500.0,32.98788363367981,5.422411792924224,16.3503649635037,5.17670482827277,946000000.0,,5405000000.0,3.831625789092415,31.645569620253166,39.00739537468472,0.0,2125591.7,Distribution Services,Food Distributors,NYSE:USFD,US,228012221.659,2.0175625258098746,16.43758615477859,2.0068569267446765,0.5334510359223055,stable_or_general,True,0.0,2.0175625258098746,reject_valuation
LTH,"Life Time Group Holdings, Inc.",43.51,9722829498.0,23.790256438296243,2.941150624631173,13.4453206892233,5.19956807602584,-150951000.0,,4275571000.0,12.691592537890042,82.9596669636006,79.02310101801095,0.0,2945952.1333333333,Consumer Services,Other Consumer Services,NYSE:LTH,US,128178377.32133332,1.7694078845857966,12.362836996984491,1.9243363351065048,8.051006868928322,stable_or_general,False,0.25,2.019407884585797,reject_valuation
CNXN,"PC Connection, Inc.",79.67,2010719385.0,21.085086674606323,2.1106508789521716,10.4320614758336,7.10761311737762,34052000.0,,7546000.0,3.2309811553739296,11.380592678675189,14.88294314381271,0.878624325342036,152730.76666666666,Technology Services,Information Technology Services,NASDAQ:CNXN,US,12168060.180333333,2.0211812136509164,10.010159841999224,2.1063686302131237,4.044278638615506,technology_strict,True,0.0,2.0211812136509164,reject_valuation
CACI,"CACI International, Inc.",628.2,13882930546.0,26.003377707132923,3.1108075903110977,12.8235240901788,5.23576161360676,780057000.0,,5384533000.0,10.894461917628362,7.198047336094272,8.109656227904525,0.0,288559.43333333335,Technology Services,Information Technology Services,NYSE:CACI,US,181273036.02,2.0277871764633115,11.963090431354923,2.1736337994218284,6.70980654594675,technology_strict,True,0.0,2.0277871764633115,reject_valuation
HHH,Howard Hughes Holdings Inc.,64.8,3869821160.0,13.121127445024905,0.9761088325196081,6.79233814193454,2.22910636796285,743815000.0,,5463942000.0,31.830745731798558,28.408146757694187,7.869733307122743,0.0,416683.8666666666,Finance,Real Estate Development,NYSE:HHH,US,27001114.559999995,1.9317541575290083,7.439214630063792,1.7637785838304803,9.523620211655338,financial_special,True,0.1,2.0317541575290083,reject_valuation
SO,Southern Company (The),88.25,101519538025.00002,21.293794035324776,2.565568070553267,12.6576429658621,2.99601132269686,-4188000000.0,,77087000000.0,6.399182032930225,8.732197058136821,7.0047248973690355,3.37677053824363,5530472.4,Utilities,Electric Utilities,NYSE:SO,US,488064189.3,1.6822874600551252,12.048430947989756,1.767349966750449,4.812997329087276,stable_or_general,False,0.35,2.0322874600551253,reject_valuation
PHG,Koninklijke Philips N.V. NY Registry Shares,26.72,26140022265.52827,19.904648390941595,1.995580148458616,10.2445179259987,4.21006914299731,2243654850.0,,8534734500.000001,5.049617952856709,,,3.14931137724551,1119123.4666666675,Health Services,Medical/Nursing Services,NYSE:PHG,US,29902979.029333353,1.9429560799954542,10.02569906920227,1.9853626419015764,2.135960504701817,stable_or_general,True,0.1,2.042956079995454,reject_valuation
KEX,Kirby Corporation,139.06,7342367764.999999,21.363936642546587,2.1449684632872748,10.3997534618192,5.77520814241553,474303000.0,,1227027000.0,6.5613340100617545,17.219461000772263,23.236396682949007,0.0,494154.4666666667,Transportation,Marine Shipping,NYSE:KEX,US,68717120.13466667,2.0542733749391644,10.040136793026896,2.1278531441308974,3.457934556935127,cyclical,True,0.0,2.0542733749391644,reject_valuation
CASY,"Caseys General Stores, Inc.",755.47,27956100789.000004,39.41596318595891,7.055177884393589,19.1531031424769,8.10611489487039,721620000.0,,2905075000.0,10.16380569251458,30.72678035570519,30.89078889860139,0.312388314559149,294936.8333333333,Retail Trade,Specialty Stores,NASDAQ:CASY,US,222815929.47833332,2.057941362960863,17.89929083074353,2.2020963600557115,6.546261994239044,stable_or_general,True,0.0,2.057941362960863,reject_valuation
AVA,Avista Corporation,37.66,3154131584.0,13.614836773797043,1.1180787334062092,8.30589096231248,2.73493975903614,-104000000.0,,3351000000.0,-1.816924122236139,27.066225573337366,24.02923504618419,5.21773765268189,638795.8,Utilities,Electric Utilities,NYSE:AVA,US,24057049.827999998,1.6391783657615553,8.212208137214326,1.657877704304673,1.1279081982081718,stable_or_general,False,0.43000000000000005,2.0691783657615552,reject_valuation
SYK,Stryker Corporation,330.69,126843765752.0,34.26377793665102,5.287801327442968,16.5076694924633,7.91207392240693,4702000000.0,,15446000000.0,8.476782265513478,27.793008910212475,27.708308522885172,1.05234509661617,2294872.3333333335,Health Technology,Medical Specialties,NYSE:SYK,US,758891331.9100001,2.0756278136228983,15.432627824110291,2.2202166946008344,6.512376982370693,health_special,True,0.0,2.0756278136228983,reject_valuation
HLN,Haleon plc,10.11,44013165455.10709,20.789636027143736,2.0400709484614716,9.99418973432248,5.01502029427994,2750669410.0,,10952467000.0,4.99465397095218,10.594222331392292,12.387335336260698,1.81083086053412,9968434.566666666,Health Technology,Pharmaceuticals: Major,NYSE:HLN,US,100780873.469,2.0801722380501806,9.812922870789453,2.118597720667828,1.8137224562638887,health_special,True,0.0,2.0801722380501806,reject_valuation
TMTNF,Toromont Industries Ltd.,146.8,11973413980.441906,33.19051463927789,4.932683361039154,15.9539786278006,9.38481122851239,318647296.0,,601027328.0,4.314658749084021,1.5587674842730281,1.776628423031135,1.08221854802345,34265.23333333333,Distribution Services,Wholesale Distributors,OTC:TMTNF,US,5030136.253333333,2.080391068184194,14.861726052303453,2.233288012608308,6.846270770313334,stable_or_general,True,0.0,2.080391068184194,reject_valuation
ADUS,Addus HomeCare Corporation,115.55,2157815555.0000005,20.267307456194203,1.8793427781354122,9.70557292105893,7.35013437834703,154776000.0,,108820000.0,15.88006109496877,26.922103436223168,25.742705277783912,0.0,214176.76666666666,Health Services,Medical/Nursing Services,NASDAQ:ADUS,US,24748125.38833333,2.088213402860398,9.272779732568953,2.185677654458778,4.459223499840103,stable_or_general,True,0.0,2.088213402860398,reject_valuation
MGEE,MGE Energy Inc.,78.15,2952820583.0000005,19.21091445427729,2.0496543519551578,11.041021334872,4.85762916220157,-164264000.0,,934363000.0,7.073896343814779,14.179212672928873,13.021976495429657,2.43122200895713,169883.63333333333,Utilities,Electric Utilities,NASDAQ:MGEE,US,13276405.945,1.7399580955071134,10.669218047029533,1.8005925429207899,3.3674718720827057,stable_or_general,False,0.35,2.0899580955071135,reject_valuation
POST,"Post Holdings, Inc.",85.35,3751713341.0,15.674067544487906,1.2188801754387717,8.28644935116338,2.23550184385046,553100000.0,,7632600000.0,6.202343079331414,-19.98361998361998,-6.77452491011814,0.0,1000581.0333333333,Consumer Non-Durables,Food: Specialty/Candy,NYSE:POST,US,85399591.195,1.8915300003960487,7.776412676410947,2.015591018212522,6.155068994427926,stable_or_general,True,0.2,2.0915300003960486,reject_valuation
HWKN,"Hawkins, Inc.",120.35,2512320221.0,31.127146699772396,4.5540097611330115,15.6136471025663,8.08486465645567,91689000.0,,257702999.99999997,9.317331867992852,-4.74238253328765,-4.7872340425532,0.631491483174076,156960.73333333334,Process Industries,Chemicals: Specialty,NASDAQ:HWKN,US,18890224.256666668,1.9935858992647693,14.630347603194581,2.127573967755605,6.29769260770664,cyclical,True,0.1,2.0935858992647693,reject_valuation
WDS,Woodside Energy Group Limited,23.06,44084658532.22847,14.329211458398062,1.213070014024478,8.59820996791259,4.6500827758389,-504927160.0,,13668000000.0,-4.744014289048001,4.612584349642335,4.486430333722889,4.68343451864701,614107.7666666667,Energy Minerals,Oil & Gas Production,NYSE:WDS,US,14161325.099333335,1.666534256766563,8.46571367549693,1.6926170678170198,1.540975306605874,cyclical,False,0.43000000000000005,2.0965342567665632,reject_valuation
E,ENI S.p.A.,52.81,77669734188.14972,13.24920344213352,1.4632197373131286,6.973551239502839,2.34294561859752,4397870470.0,,49150467000.0,4.180575422266369,129.16962535139658,133.59901541346778,3.19590418481348,385412.13333333336,Energy Minerals,Oil Refining/Marketing,NYSE:E,US,20353614.761333335,1.8999220034523023,11.043831757160385,1.1996926187818155,58.367399591197746,cyclical,True,0.2,2.0999220034523023,reject_valuation
DE,Deere & Company,630.33,169952980928.00003,35.03487758107996,6.0719180269392306,18.3316091413524,4.52410130718954,3229000000.0,,64180000000.0,7.982625917090516,-6.414442097176877,-5.943518537880851,1.02803293512922,1153715.8333333333,Producer Manufacturing,Trucks/Construction/Farm Machinery,NYSE:DE,US,727221701.225,1.9111730623826346,17.331066771639797,2.021507276078949,5.458017144035521,cyclical,True,0.2,2.1111730623826346,reject_valuation
RGLD,"Royal Gold, Inc.",262.85,22270718386.0,28.655060013736115,2.933476541897099,13.5480360288116,11.3342273752375,585000.0,,395892000.0,93.50862314816204,64.17417691330532,34.28537967178557,0.713334601483736,728472.4666666667,Non-Energy Minerals,Precious Metals,NASDAQ:RGLD,US,191478987.86333334,2.11507114040718,10.237202576057788,2.799110382044506,24.437737290577832,cyclical,True,0.0,2.11507114040718,reject_valuation
IOSP,Innospec Inc.,95.38,2349309127.9999995,19.478822039782703,1.748778715137185,9.2087312414734,6.65334172986885,70000000.0,,47900000.0,2.8703858826157367,529.5336787564767,549.4164456233422,1.87670371146991,172362.9,Process Industries,Chemicals: Major Diversified,NASDAQ:IOSP,US,16439973.401999999,2.115255785949736,8.97784635829392,2.1696541979455644,2.507238805489742,cyclical,True,0.0,2.115255785949736,reject_valuation
LEN.B,Lennar Corporation,84.95,20754540361.0,13.288179073659842,0.9465050287884603,7.235163808058691,4.697576169317,956647000.0,,6245008000.0,-7.4727413600503345,-50.398004455912705,-47.147333349868134,2.35432607416127,77584.83333333333,Consumer Durables,Homebuilding,NYSE:LEN.B,US,6590831.591666667,1.836610673397493,7.122909945311062,1.8655548330226068,1.551504094801548,stable_or_general,True,0.28,2.116610673397493,reject_valuation
CVBF,CVB Financial Corporation,22.19,3905383210.0,15.34896589887252,1.2338512283464393,7.599319114138579,1.12338442990448,572497000.0,,1178374000.0,8.417696875304195,1.5978925413559104,-1.047227926078035,3.60522757999099,1226039.1333333333,Finance,Regional Banks,NASDAQ:CVBF,US,27205808.368666667,2.019781728907222,8.03866030112865,1.9093935212957664,5.781323042121955,financial_special,True,0.1,2.1197817289072223,reject_valuation
AIR,AAR Corp.,133.19,5362074819.0,27.359188200977773,3.11747416948302,12.8764492007958,5.95353263024344,59600000.0,,1012000000.0,18.971408020140263,1426.0162601626016,1356.236912952438,0.0,440102.8,Electronic Technology,Aerospace & Defense,NYSE:AIR,US,58617291.932,2.124746331409974,11.394615025059869,2.401062970605628,11.50809631310742,technology_strict,True,0.0,2.124746331409974,reject_valuation
MTSUY,Mitsubishi Corp.,29.83,100352512680.8754,19.334975369458128,1.8429450051124268,9.54590809685045,3.9739440358854003,9439837730.0,,39935942162.7442,6.051569773846316,7.79886410024553,14.89425081918379,1.7449261807736,296251.6666666666,Distribution Services,Wholesale Distributors,OTC:MTSUY,US,8837187.216666665,2.0254726080840286,9.531664612428603,2.0284993393752773,0.14921036613109173,stable_or_general,True,0.1,2.1254726080840287,reject_valuation
RUSHA,"Rush Enterprises, Inc.",76.27,5945859016.999999,23.012400808617205,2.5423604518448193,11.8269810236691,5.65812112952509,516897000.00000006,,1485150000.0,-5.863392607192996,-7.4695441034872525,-5.451588977006906,0.996459944932477,446912.13333333324,Retail Trade,Specialty Stores,NASDAQ:RUSHA,US,34085988.409333326,1.9457544374648905,11.047784509701435,2.082987841445426,6.5882959684155695,stable_or_general,True,0.18,2.1257544374648907,reject_valuation
ES,Eversource Energy (D/B/A),70.84,26683637461.0,18.34710315713139,1.6326767671064033,9.05691088611974,2.3307140346871,297711000.0,,29807786000.0,7.75327175031281,68.92907635268463,66.18317982267368,4.34782608695652,2138689.2666666666,Utilities,Electric Utilities,NYSE:ES,US,151504747.65066668,2.0257572794769825,8.898825897056089,2.061744253610016,1.7454625650112576,stable_or_general,True,0.1,2.1257572794769826,reject_valuation
TRP,TC Energy Corporation,61.86,61859997585.863525,26.33183044106029,3.5900180700129716,13.668843502957701,3.13835597662432,2868096000.0,,44875072000.0,1.1419134796177794,-20.769874094511827,-21.614753795877807,4.01650778888631,2150026.633333334,Industrial Services,Oil & Gas Pipelines,NYSE:TRP,US,133000647.53800003,1.9264124602320993,13.633758116621133,1.9313699286595627,0.2566814546452023,cyclical,True,0.2,2.1264124602320993,reject_valuation
RUSHB,"Rush Enterprises, Inc.",76.9,5945859017.0,23.202486196180192,2.563360675847209,11.8269810236691,5.65812112952509,516897000.00000006,,1485150000.0,-5.863392607192996,-7.4695441034872525,-5.451588977006906,0.988296488946684,88294.9,Retail Trade,Specialty Stores,NASDAQ:RUSHB,US,6789877.81,1.9618266191300655,11.047784509701437,2.100193588660722,6.588295968415558,stable_or_general,True,0.18,2.1418266191300654,reject_valuation
LEN,Lennar Corporation,86.33,20754540361.0,13.504043548311408,0.9618808609218101,7.235163808058691,4.697576169317,956647000.0,,6245008000.0,-7.4727413600503345,-50.398004455912705,-47.147333349868134,2.31669176416078,2364207.7,Consumer Durables,Homebuilding,NYSE:LEN,US,204102050.74100003,1.8664461381330848,7.122909945311062,1.895860491287129,1.5515040948015368,stable_or_general,True,0.28,2.1464461381330846,reject_valuation
DBD,Diebold Nixdorf Incorporated,67.35,2286302813.0,22.035728307813113,2.362999532312045,10.762679055362,2.97465391560222,238100000.0,,1108800000.0,5.438008877270375,,,0.0,293290.3,Electronic Technology,Electronic Equipment/Instruments,NYSE:DBD,US,19753101.705,2.047420367592848,10.72349186422945,2.0549023197675096,0.3641025708466805,technology_strict,True,0.1,2.147420367592848,reject_valuation
VC,Visteon Corporation,102.02,2723467561.0,18.598461370182665,1.6908342266480247,9.95713814704913,4.54271961492178,160000000.0,,434000000.0,-1.1250654107796965,-48.10996563573883,-47.70480394306579,1.2742599490296,446572.3,Producer Manufacturing,Auto Parts: OEM,NASDAQ:VC,US,45559306.046,1.8678520972107284,9.091258642281,2.045752090220624,8.696068006495839,cyclical,True,0.28,2.1478520972107287,reject_valuation
ABM,ABM Industries Incorporated,47.2,2765019523.9999995,18.18602142251676,1.5814572793774957,8.87259292431706,2.89294286209697,334000000.0,,1970400000.0,6.527341405725985,101.14213197969544,107.78160275398285,2.40466101694915,377696.43333333335,Commercial Services,Miscellaneous Commercial Services,NYSE:ABM,US,17827271.653333336,2.0496850895384195,8.696004709526171,2.0913076786394336,1.9902661634223495,financial_special,True,0.1,2.1496850895384196,reject_valuation
CMS,CMS Energy Corporation,68.21,21389094926.0,20.49702506160226,2.2398589818148142,11.2945838837517,2.61055417027123,-1910000000.0,,19301000000.0,9.928901085193962,0.2932551319648094,-1.7942513132267004,3.26198504618091,3744374.933333333,Utilities,Electric Utilities,NYSE:CMS,US,255403814.20266664,1.81476584463542,10.927727194961646,1.8756896741577376,3.248076180281523,stable_or_general,False,0.35,2.16476584463542,reject_valuation
GRC,Gorman-Rupp Company (The),76.22,2012988683.9999998,32.20381950312658,4.560112477190463,14.862690985007202,7.21702395548784,100541000.0,,274998000.0,4.181017660440524,20.345033866579186,19.922983380624242,0.990553660456573,174143.56666666668,Producer Manufacturing,Industrial Machinery,NYSE:GRC,US,13273222.651333334,2.166755639043583,14.160160339824703,2.2742552859768854,4.726806510955372,cyclical,True,0.0,2.166755639043583,reject_valuation
DUK,Duke Energy Corporation (Holding Company),120.25,93759190689.0,18.040927776277492,1.7441147910361927,9.90515136025444,2.6775570362637,-4252000000.0,,92206000000.0,6.328547216270667,8.498759305210918,8.975868157739853,3.54261954261954,4311530.266666667,Utilities,Electric Utilities,NYSE:DUK,US,518461514.56666666,1.8213682073217772,9.667544888293255,1.8661333342370963,2.3988171742090336,stable_or_general,False,0.35,2.1713682073217773,reject_valuation
CIB,Grupo Cibest S.A.,97.24,24569802127.73429,35.41537677095094,2.0769980159158195,18.883980087049103,2.02719705948537,3180206450.0,,7110782161.30464,7.127358333652108,-24.449605411312938,-22.312763489234083,6.8032157548334,304776.7,Finance,Regional Banks,NYSE:CIB,US,29636486.308,1.8754190910865927,5.864678581139516,6.0387583532446,68.94363077007482,financial_special,True,0.30000000000000004,2.1754190910865927,reject_valuation
SLB,SLB Limited,57.33,85085938711.0,27.827395398504997,3.2632472298258404,13.373296532689302,5.9462517137899,4806000000.0,,12798000000.0,2.3415046491969567,-24.21798631476051,-29.425870101397646,2.02337345194488,11824926.633333333,Industrial Services,Contract Drilling,NYSE:SLB,US,677923043.8889999,2.0808179442132695,11.726743315693698,2.372985802568397,12.312246370749468,cyclical,True,0.1,2.1808179442132696,reject_valuation
TRI,Thomson Reuters Corp,106.225,46019277266.812164,29.2980299588181,4.173217888676114,14.0777832676303,9.26040027262899,2173395924.48,,3178181600.0,1.5131142550534011,-3.8306621000251484,-2.5555621865246043,2.34156239408934,2110255.5999999996,Technology Services,Internet Software/Services,NASDAQ:TRI,US,224161901.10999995,2.0811536448486474,14.244022190372776,2.0568649477827967,1.180860079901347,technology_strict,True,0.1,2.1811536448486475,reject_valuation
AMCR,Amcor plc,46.67,21577671694.000004,19.574700109051257,1.8284028096365095,9.405561697410182,2.98269980177845,1286725160.0,,15080000000.0711,56.623134328746296,116.43835616488754,32.20583342575136,5.54424683951146,3830506.8999999985,Process Industries,Containers/Packaging,NYSE:AMCR,US,178769757.02299994,2.08118353148873,9.340642765663949,2.0956480833425655,0.6902185519032544,cyclical,True,0.1,2.1811835314887302,reject_valuation
CR,Crane Company,207.0,11964673279.0,36.120611432958746,5.494248822054287,16.5407613376313,10.2666707395302,380300000.0,,1115700000.0,13.848249198189885,9.01719104768083,8.120141876084833,0.468599033816425,459129.5,Electronic Technology,Aerospace & Defense,NYSE:CR,US,95039806.5,2.183733305599545,15.210841134989712,2.374662328822171,8.040259910019575,technology_strict,True,0.0,2.183733305599545,reject_valuation
DEO,Diageo plc,92.99,51647596507.3076,30.001613163413452,4.755996268442975,15.751266026201503,3.59700888247956,3194399230.0,,22196000000.0,-3.587511794296569,-26.6724993705024,-26.805365323761404,3.48338531024841,1211287.7333333334,Consumer Non-Durables,Beverages: Alcoholic,NYSE:DEO,US,112637646.32266666,1.9047112221650728,15.852468474071408,1.8925515109829518,0.6425035784524358,stable_or_general,True,0.28,2.184711222165073,reject_valuation
SARO,"StandardAero, Inc.",25.01,8276295109.999999,25.746345480749433,3.005662808137523,12.3023648622991,4.85972027683556,218794000.0,,2563045000.0,12.56077174172074,143.51430783454478,144.62352052379754,0.0,3323729.8666666667,Transportation,Other Transportation,NYSE:SARO,US,83126483.96533334,2.0927964475878733,11.67413375379764,2.2054180655908664,5.10658816848043,stable_or_general,True,0.1,2.1927964475878734,reject_valuation
KBH,KB Home,54.86,3363451645.0000005,13.318766690944404,0.8858624523340279,6.94834749904589,3.9229299260541106,360186000.0,,1998673000.0,-17.52463226353409,-51.81744677668112,-45.47981469225679,1.822821728035,913838.9333333333,Consumer Durables,Homebuilding,NYSE:KBH,US,50133203.88266667,1.9168250713962227,6.651234854472951,2.0024502189976863,4.276018788837743,stable_or_general,True,0.28,2.1968250713962227,reject_valuation
NNI,"Nelnet, Inc.",127.37,4557227192.000001,15.515330174314496,1.2086805984890592,8.08125004594636,2.12108474219678,364026000.0,,7043156000.0,-6.773128560645205,-8.245975782044585,-7.423654652893667,1.01279736201617,127616.4,Finance,Finance/Rental/Leasing,NYSE:NNI,US,16254500.868,1.9199171026884818,7.790234464297899,1.991638409013255,3.60112086612685,financial_special,True,0.28,2.199917102688482,reject_valuation
RMBS,"Rambus, Inc.",85.76,9301667156.0,39.25481759509315,6.342078835234626,17.7893959079491,15.5629340104456,299535000.0,,21803000.0,17.171969114840245,4.615787521005652,3.388386730396084,0.0,2324275.6,Electronic Technology,Semiconductors,NASDAQ:RMBS,US,199329875.45600003,2.2066414058249353,16.15617960743597,2.4297091607613663,9.180841828267672,technology_strict,True,0.0,2.2066414058249353,reject_valuation
PKG,Packaging Corporation of America,240.39,21418339590.0,31.24788769010789,4.594372996806357,14.7901872175597,6.853570128685181,742400000.0,,4404300000.0,10.345106934543098,-23.488812200823777,-23.22431911857167,2.18395107949582,639815.2333333333,Process Industries,Containers/Packaging,NYSE:PKG,US,153805183.94099998,2.1127445670876113,14.702987422285165,2.1252747344900667,0.5895787118300189,cyclical,True,0.1,2.2127445670876114,reject_valuation
SHECY,"Shin-Etsu Chemical Co., Ltd.",18.579996,74282589462.26674,22.342467532467534,2.4638016016039908,10.9520817159307,8.66231857702818,2490261650.0,,1602011998.15413,-2.4421371373097527,-10.037823741399036,-5.703594511849417,1.35281048537482,719794.3666666667,Process Industries,Chemicals: Specialty,OTC:SHECY,US,13373776.453489201,2.0400201634697983,11.027437314270028,2.0260797586720645,0.6880481747110867,cyclical,True,0.18,2.2200201634697985,reject_valuation
GTY,Getty Realty Corporation,32.87,2035727819.0,20.084321153611143,1.8135502605012948,9.46408567332058,4.62598322346124,138530000.0,,1079767000.0,9.275003570238493,49.94129158512718,42.436901653611834,5.8564040158199,524042.8,Finance,Real Estate Investment Trusts,NYSE:GTY,US,17225286.836,2.1221618069486827,9.029681643858897,2.2242557319028546,4.590026384548429,financial_special,True,0.1,2.222161806948683,reject_valuation
TMXXF,TMX Group Ltd.,39.26,10811913663.843449,25.772735675453113,3.119524067228296,12.609013907769501,1.21555237671841,409868800.0,,1449676799.9999998,-3.4300159750419903,36.93475588706894,36.99376024964219,1.6865261228231,133987.2,Finance,Investment Banks/Brokers,OTC:TMXXF,US,5260337.472,2.043992961223741,12.103969506812751,2.129279626898173,4.005423458574731,financial_special,True,0.18,2.223992961223741,reject_valuation
HGV,Hilton Grand Vacations Inc.,43.81,3405095189.0,24.77100531493837,3.1016017036508425,11.6557313778464,1.25980310362089,413000000.0,,7851000000.0,5.435651478816946,164.91228070175438,205.51045085507,0.0,1080804.3666666667,Finance,Real Estate Development,NYSE:HGV,US,47350039.30366667,2.1252210189074594,12.521097404877606,1.97834139564227,7.4243820398604665,financial_special,True,0.1,2.2252210189074595,reject_valuation
AIG,"American International Group, Inc. New",76.93,40226168454.0,14.093873662611756,0.9941045067061673,7.222283118369931,2.3580122712072,3850000000.0,,9127000000.0,-4.193942881807064,-9.299479963291526,1.1714116251482827,2.40478356947875,3017935.4666666538,Finance,Multi-Line Insurance,NYSE:AIG,US,232169775.45066568,1.9514429760810517,7.053451240614772,1.998152844873618,2.337652442975191,financial_special,True,0.28,2.231442976081052,reject_valuation
ZBRA,Zebra Technologies Corporation,356.45,16863885804.000002,32.6177469093438,4.9175508348109895,15.28644356211,6.503770739064859,904000000.0,,2962000000.0,13.451532087107342,-1.6423357664233578,3.257963017206364,0.0,795737.3,Electronic Technology,Computer Processing Hardware,NASDAQ:ZBRA,US,283640560.585,2.133769491694741,15.076304468480284,2.163510758059911,1.3746761486797432,technology_strict,True,0.1,2.233769491694741,reject_valuation
HSIC,"Henry Schein, Inc.",89.52,9976693961.0,26.08695652173913,3.1735002800564365,12.2084216903968,3.6164580248575406,569000000.0,,3813000000.0,6.490252877162765,3.5989717223650386,10.347932342915946,0.0,1213892.6666666667,Distribution Services,Medical Distributors,NASDAQ:HSIC,US,108667671.52,2.1368000863092114,12.165084406883008,2.1444122908821845,0.3549785927519422,stable_or_general,True,0.1,2.2368000863092115,reject_valuation
OSW,OneSpaWorld Holdings Limited,25.26,2563857454.0,32.06397562833207,4.40371194912196,14.32104531318,11.0767740359716,78226000.0,,90852000.0,9.81922376525415,13.776528460997891,16.14329942503316,0.752177355502771,867161.8,Consumer Services,Other Consumer Services,NASDAQ:OSW,US,21904507.068000004,2.2389410079460346,13.734142017095328,2.334618033541593,4.098187550209964,stable_or_general,True,0.0,2.2389410079460346,reject_valuation
LKQ,LKQ Corporation,25.53,6459143543.0,14.060692845734428,1.003459241985395,7.157732356344,2.99615794401576,625000000.0,,5313000000.0,-2.548768332621387,-34.32203389830508,-33.29292038649473,4.70035252643948,3458183.8666666667,Consumer Durables,Automotive Aftermarket,NASDAQ:LKQ,US,88287434.11600001,1.9644060640619283,7.1366272842651055,1.9702153812537693,0.29485696067117484,stable_or_general,True,0.28,2.2444060640619283,reject_valuation
OVV,Ovintiv Inc. (DE),64.59,17794776583.999996,18.05854558671401,1.5536649438200625,8.41104406660101,4.71625570310564,2248961070.0,,5029000000.0,6.172566371958011,54.62184873984094,58.28207284152764,1.8578727357176,3521464.3,Energy Minerals,Integrated Oil,NYSE:OVV,US,227451379.137,2.147004039417862,8.603488782414022,2.098979384226852,2.288000327773587,cyclical,True,0.1,2.2470040394178623,reject_valuation
PCAR,PACCAR Inc.,125.34,65974578297.999985,26.385146513977773,3.2465421632165787,12.755737458581502,5.68652362932004,2963100000.0,,14696400000.0,-10.490622394886172,-18.509599739668076,-18.58504147528622,1.06909206957077,3377588.433333331,Producer Manufacturing,Trucks/Construction/Farm Machinery,NASDAQ:PCAR,US,423346934.23399967,2.068492441119271,12.304431061228685,2.1443613591462576,3.5380659002917647,cyclical,True,0.18,2.248492441119271,reject_valuation
AMRZ,Amrize Ltd,44.67,24726479851.000004,20.510583589696495,1.9088030561359879,9.52569169960474,4.98088250490855,1321000000.0,,7091000000.0,5.087961365988272,1.6020236087689714,1.5243333954876082,1.23125139914932,3624336.2333333334,Non-Energy Minerals,Construction Materials,NYSE:AMRZ,US,161899099.543,2.1531857461382633,9.306429764850163,2.2039153690455775,2.3017954146434927,cyclical,True,0.1,2.2531857461382634,reject_valuation
HTH,Hilltop Holdings Inc.,38.5,2205527128.0,14.293139293139292,1.0372577599004231,7.48044741177491,1.03153094726757,-246019000.0,,1502167000.0,1.9385211322846003,12.802560651599363,21.180493071801337,1.97402597402597,234613.63333333333,Finance,Regional Banks,NYSE:HTH,US,9032624.883333333,1.9107332097062244,7.257032472903324,1.969557025755051,2.986652088749542,financial_special,False,0.35,2.2607332097062245,reject_valuation
CBT,Cabot Corporation,83.65,4318933909.999999,23.58663471027774,2.6909245553540715,11.8881118881119,4.78750640040963,308000000.0,,1273000000.0,-4.744429882044561,-55.36992840095465,-53.64173485660506,2.17872086072923,433135.06666666665,Process Industries,Chemicals: Specialty,NYSE:CBT,US,36231748.32666667,1.9840522138645371,11.408683724522671,2.067428222204011,4.032836905485871,cyclical,True,0.28,2.264052213864537,reject_valuation
OGE,OGE Energy Corp,45.74,9449028256.999998,20.033286615276808,1.896938273611988,9.7027872139288,3.2525761168977305,274200000.0,,5843200000.0,0.6251555113212242,-4.849225753871231,-6.226384097256455,3.71665937909926,1372152.9333333333,Utilities,Electric Utilities,NYSE:OGE,US,62762275.17066667,2.064694007358844,9.468931933342567,2.1156859882722787,2.4101866343159917,stable_or_general,True,0.2,2.264694007358844,reject_valuation
SKY,"Champion Homes, Inc.",90.22,4897153602.0,26.402505048140235,3.113179355983881,12.177220272417,8.90744321777244,264946000.00000003,,123174000.0,4.5196944685287805,-11.936163750655757,-9.030162660064423,0.0,663903.9666666667,Consumer Durables,Homebuilding,NYSE:SKY,US,59897415.872666664,2.1681881790333852,11.791227197220705,2.239165152747081,3.1697962799491997,stable_or_general,True,0.1,2.2681881790333853,reject_valuation
BP,BP p.l.c.,42.15,108049299600.592,20.298579340235975,1.8692351391371715,9.33191609807986,1.8952988163380198,16146308180.0,,72693000000.0,15.843021207274374,809.8410105193046,835.7818837314104,4.68991696322657,8377175.4,Energy Minerals,Integrated Oil,NYSE:BP,US,353097943.11,2.1751780799242955,9.208699327208391,2.2042829957821493,1.3203801831954132,cyclical,True,0.1,2.2751780799242955,reject_valuation
AIQUY,L'Air Liquide SA,39.43,126019877633.39996,30.4173416647381,8.27790933978267,13.971956605947899,6.753531445366451,1851321990.0,,19732100370.0,5.875794413828797,10.783836839551203,10.615240208208899,1.2955347229216,225082.60000000015,Process Industries,Chemicals: Specialty,OTC:AIQUY,US,8875006.918000005,2.1770280657606222,27.214440469592382,1.1176912381764537,94.77902227385337,cyclical,True,0.1,2.2770280657606223,reject_valuation
OTTR,Otter Tail Corporation,90.84,3813969627.0,19.616057353862104,2.032089748393555,10.6848101775434,4.84108673486545,-79267000.0,,1266713000.0,0.26922549064458573,-31.831238904653407,-31.888513016620102,2.42734478203435,213449.9,Utilities,Electric Utilities,NASDAQ:OTTR,US,19389788.916,1.8358826247648075,10.359317939052964,1.8935664943647226,3.0463081054498464,stable_or_general,False,0.44999999999999996,2.2858826247648074,reject_valuation
NIC,Nicolet Bankshares Inc.,171.74,3599243536.9999995,19.505934465330228,1.5923472388806432,8.90670481503779,1.26640616053248,173284000.0,,92750000.0,31.61098067209863,13.665086305420171,1.0431968417187079,0.768603703272388,169769.56666666668,Finance,Major Banks,NYSE:NIC,US,29156225.379333336,2.19002817207965,8.16339889642752,2.3894378693005494,8.345464838525885,financial_special,True,0.1,2.29002817207965,reject_valuation
CUBE,CubeSmart,40.02,9010993216.0,27.360360976276752,3.4992366732594316,12.3902056047177,5.02623149230845,557535000.0,,3541500000.0,3.8603964514079645,-10.870864301606527,-10.854461238420292,5.27236381809095,2045884.9333333333,Finance,Real Estate Investment Trusts,NYSE:CUBE,US,81876315.032,2.208224935820194,12.7894389854487,2.1392932877983353,3.2221691347800396,financial_special,True,0.1,2.3082249358201943,reject_valuation
CBRE,CBRE Group Inc,150.82,43673751489.0,34.582225075667246,5.205403237552349,15.626689087742502,4.47355752699264,938000000.0,,10806000000.0,14.52865840856603,19.357798165137616,22.18642310817247,0.0,1555859.1666666667,Finance,Real Estate Development,NYSE:CBRE,US,234654679.51666668,2.213023173462469,15.052250762241949,2.2974786709251194,3.676007900810796,financial_special,True,0.1,2.313023173462469,reject_valuation
HTHIY,Hitachi Ltd.,34.53,157414246237.50156,29.958355023425298,3.8168782733074975,12.9157315050003,5.60577820985348,8584380130.0,,6503165666.82049,8.847206286189223,23.054247367801246,24.861878453038678,0.707198202609673,471925.76666666666,Producer Manufacturing,Industrial Machinery,OTC:HTHIY,US,16295596.723000001,2.3195244506148938,12.740613662943012,2.3514059696010814,1.3558491982393117,cyclical,True,0.0,2.3195244506148938,reject_valuation
ED,"Consolidated Edison, Inc.",107.49,39613259258.99999,17.652565197398673,1.404278601349487,8.96210207175341,2.99675587996756,-862000000.0,,28597000000.0,9.502290454376624,14.573643410852712,10.407600812300547,3.23285887059261,2262185.3,Utilities,Electric Utilities,NYSE:ED,US,243162297.89699996,1.9696902641887672,7.955096529293233,2.2190258952102253,11.236265045831594,stable_or_general,False,0.35,2.3196902641887673,reject_valuation
NWN,Northwest Natural Holding Company,49.5,2083630239.0000002,16.4550229373047,1.3362563603778124,8.34789614690315,2.06065497824931,-265976999.99999997,,2701865000.0,4.405437184241469,22.024968281178875,18.858903947212458,3.97979797979798,214506.93333333332,Utilities,Gas Distributors,NYSE:NWN,US,10618093.2,1.97115807956105,8.120659360178859,2.0263161163975085,2.7220844956077905,cyclical,False,0.35,2.32115807956105,reject_valuation
EMBJ,Embraer S.A.,72.54,13303252043.5337,29.33753943217666,3.753232467582192,13.1794334451198,3.51654663536039,912642100.0,,2586327727.27712,19.91313522271673,17.925139032989858,20.256796848402324,0.767950096498484,1289878.4333333322,Electronic Technology,Aerospace & Defense,NYSE:EMBJ,US,93567781.55399993,2.226009149356874,12.793276260468332,2.293199868029949,2.929998366465869,technology_strict,True,0.1,2.326009149356874,reject_valuation
EFX,"Equifax, Inc.",194.35,22833191310.0,34.15161312996415,5.217925931494418,14.580807068971,5.78584668426801,1105000000.0,,5467100000.0,10.347248381904729,8.081913396904799,11.283194493331768,1.09081553897607,1530809.4,Commercial Services,Financial Publishing/Services,NYSE:EFX,US,297512806.89,2.3422306439155363,15.278710003060684,2.2352419231154186,4.786449273955973,financial_special,True,0.0,2.3422306439155363,reject_valuation
ARCC,Ares Capital Corporation,19.95,14324557167.0,14.829406080428157,1.0311782827134202,6.875559534467321,3.22315298225587,1060000000.0,,15773000000.0,10.379576755122606,-29.046563192904657,-34.09914764377388,9.62406015037594,4081219.966666667,Finance,Financial Conglomerates,NASDAQ:ARCC,US,81420338.335,2.156828983312273,6.953604730498066,2.132621374837044,1.1351104683117397,financial_special,True,0.2,2.356828983312273,reject_valuation
MHVIY,Mitsubishi Heavy Industries Ltd.,12.53,84825443232.0288,32.93035479632063,4.31616512345679,14.459023669288701,5.36615686410404,6289468220.0,,5253481002.92262,-5.884182003594425,52.22906004708444,52.2,0.421228850583843,875144.3,Producer Manufacturing,Electrical Products,OTC:MHVIY,US,10965558.079,2.277495047349944,13.106949955908291,2.5124346172906864,9.351071997013493,cyclical,True,0.08,2.357495047349944,reject_valuation
ALG,"Alamo Group, Inc.",165.27,2011495470.0,19.801351480877987,1.6642622958743576,8.77089098096554,6.15734669490386,135314000.0,,278858000.0,4.0664592737154805,-14.67413338739104,-15.019090770248955,0.798693047740062,141195.03333333333,Producer Manufacturing,Trucks/Construction/Farm Machinery,NYSE:ALG,US,23335303.159,2.2576214347950048,8.404791448106575,2.355959883494649,4.174028997207557,cyclical,True,0.1,2.357621434795005,reject_valuation
LH,Labcorp Holdings Inc.,335.11,27177419301.0,27.711530828261445,3.149881476439148,11.7368775432536,5.47821666912621,1155200000.0,,6766100000.0,6.409172488467643,31.294210112653914,33.345095271700785,0.859419295156814,726343.9666666667,Health Services,Medical/Nursing Services,NYSE:LH,US,243405126.66966668,2.361065004396347,11.36668160254344,2.437961385498881,3.154126294202919,stable_or_general,True,0.0,2.361065004396347,reject_valuation
PNW,Pinnacle West Capital Corporation,97.64,11833697962.0,18.724709943426983,1.6820970878737234,9.30280923460467,2.07113321179825,-878537000.0,,16505294999.999998,5.689825773894246,11.117958403566302,7.42686444169757,3.71261777959853,1198251.9333333333,Utilities,Electric Utilities,NYSE:PNW,US,116997318.77066667,2.012801667884863,8.983301172385836,2.0843907583757395,3.43453309813474,stable_or_general,False,0.35,2.362801667884863,reject_valuation
AME,"AMETEK, Inc.",236.25,54162969303.00001,34.53240564796679,4.809884847793866,14.561765699659098,9.89458702808951,1803177000.0,,2310944000.0,12.66053818282675,9.644183488995377,10.327366553781657,0.55026455026455,1285541.5,Producer Manufacturing,Electrical Products,NYSE:AME,US,303709179.375,2.371443570800979,13.928612147173313,2.479242388479805,4.348054800116774,cyclical,True,0.0,2.371443570800979,reject_valuation
SPXC,"SPX Technologies, Inc.",198.73,9953562983.0,34.83008219850325,4.237977593503459,14.6842878120411,7.86640905327077,303400000.0,,614700000.0,20.6343792633015,35.444234404536864,27.513073794305647,0.0,463391.43333333335,Producer Manufacturing,Building Products,NYSE:SPXC,US,92089779.54633333,2.3719285977180737,12.167578501108382,2.862531948762892,17.138790407451822,cyclical,True,0.0,2.3719285977180737,reject_valuation
ATO,Atmos Energy Corporation,166.65,28161939268.0,19.839521899070228,1.8456843933955844,9.78885693482479,4.72850160070988,-2020303000.0,,10323867000.0,6.452365765065424,21.137536992633876,15.998287623940136,2.32223222322232,982577.1666666666,Utilities,Gas Distributors,NYSE:ATO,US,163746484.825,2.0267455159641004,9.303068908540995,2.1325781947993403,4.962663460281602,cyclical,False,0.35,2.3767455159641004,reject_valuation
LNT,Alliant Energy Corporation,68.03,17639137722.0,21.557132898155775,2.3396506997457442,11.135341420199,3.33007255237629,-1282000000.0,,12118000000.0,6.825856246985046,-1.8028846153846152,-2.475354615408382,3.10524768484492,2450342.033333333,Utilities,Electric Utilities,NASDAQ:LNT,US,166696768.52766666,1.9359202457009645,10.853255443565516,1.986236573003189,2.5332494621295942,stable_or_general,False,0.44999999999999996,2.3859202457009645,reject_valuation
DTE,DTE Energy Company,135.86,28270843751.0,21.465588068002276,2.3270101892763986,11.0091743119266,2.46802276441089,-1931000000.0,,27840000000.0,17.525921658986174,-8.686587908269631,-8.93892525717574,3.37479758575004,1318034.7666666666,Utilities,Electric Utilities,NYSE:DTE,US,179068203.39933333,1.9497909161768745,10.840654269077124,1.9801007886795805,1.5307237225493986,stable_or_general,False,0.44999999999999996,2.3997909161768742,reject_valuation
PHIN,PHINIA Inc.,68.65,2515204812.9999995,19.682330342039627,1.632189778141068,8.52272727272727,3.49017580144778,250000000.0,,1062000000.0,7.653365098272781,25.0,34.66795366795367,1.66059723233795,358529.06666666665,Producer Manufacturing,Auto Parts: OEM,NYSE:PHIN,US,24613020.426666666,2.3093934267993173,8.292665298147456,2.3734625279566712,2.6993938350697855,cyclical,True,0.1,2.4093934267993173,reject_valuation
SXI,Standex International Corporation,298.44,3616933126.9999995,34.430087678818644,4.76345603707081,14.2855876817023,6.64704680725804,64364000.00000001,,566294000.0,12.845095664258132,87.64885222381635,86.72985781990519,0.449001474333199,129780.06666666667,Electronic Technology,Electronic Equipment/Instruments,NYSE:SXI,US,38731563.096,2.410127496744039,13.83515511638178,2.4885942650582242,3.1530559005105374,technology_strict,True,0.0,2.410127496744039,reject_valuation
SWX,"Southwest Gas Holdings, Inc.",89.1,6454925498.0,12.436491541510803,1.5646781030411652,6.59032683170796,2.26556212642214,-482674000.0,,3509859000.0,-63.4735558060236,168.06877542171662,166.79079466746106,2.81144781144781,430539.0,Utilities,Gas Distributors,NYSE:SWX,US,38361024.9,1.887082668142536,12.581346578482743,0.9884865235952025,90.9062615521625,cyclical,False,0.53,2.4170826681425357,reject_valuation
CLH,"Clean Harbors, Inc.",310.71,16401524971.999998,37.68420031291312,5.60121531824497,15.5624228952861,5.74792291818229,461027000.0,,3034295000.0,5.069263936676819,14.107575395299035,15.793834702619211,0.0,473124.6666666667,Industrial Services,Environmental Services,NYSE:CLH,US,147004565.18,2.421486716205853,14.863564230459787,2.5353407654193187,4.490680336401853,cyclical,True,0.0,2.421486716205853,reject_valuation
AG,First Majestic Silver Corp.,20.76,10232736500.735968,30.599394379616445,3.4528321047016854,12.6145681514743,7.627304637495211,630974333.4399999,,330748624.79999995,88.06069212016993,2103.3188893058427,,0.168749133749134,10588705.233333332,Non-Energy Minerals,Precious Metals,NYSE:AG,US,219821520.644,2.4257187413934744,11.283988375278968,2.7117534476244045,10.547961374641446,cyclical,True,0.0,2.4257187413934744,reject_valuation
OGS,"ONE Gas, Inc.",79.47,4995187841.0,17.148960963293842,1.4105851931686992,8.57612387334484,3.35737260869039,-172841000.0,,3392925000.0,-0.7804613842213326,16.35209209580935,10.588487972508585,3.39750849377124,472528.6666666667,Utilities,Gas Distributors,NYSE:OGS,US,37551853.14,1.999616751874812,8.22548489198826,2.0848571468409327,4.0885484693894085,cyclical,False,0.43000000000000005,2.429616751874812,reject_valuation
SMCAY,SMC Corp,21.79,27590740099.659515,21.277219021579924,2.066713394560152,9.75604214188786,8.88005782829155,,,282036609.75234604,11.795162368592091,36.26635656742881,37.62935089369709,1.13983717651339,310111.93333333335,Producer Manufacturing,Industrial Machinery,OTC:SMCAY,US,6757339.027333333,2.180927338374805,9.713268413809324,2.19053135516467,0.43843320330573254,cyclical,False,0.25,2.430927338374805,reject_valuation
VMC,Vulcan Materials Company (Holding Company),274.51,35570659907.0,32.402030217186024,4.196438767322291,13.2423717963916,6.68587861757744,1027200000.0,,4942100000.0,6.864178023569689,17.304457527333895,18.428225953003338,0.735856617245273,984092.0666666667,Non-Energy Minerals,Construction Materials,NYSE:VMC,US,270143113.22066665,2.446844924412651,12.951159971131997,2.5018631759170464,2.1990911427132276,cyclical,True,0.0,2.446844924412651,reject_valuation
CDP,COPT Defense Properties,36.59,8273508419.0,25.49648108145774,2.7154009019672745,10.8543609684262,3.7313494726507406,280296000.0,,2674358000.0,4.497693985706842,13.810787772102598,13.008898338451846,3.41623394370046,769738.9666666667,Finance,Real Estate Investment Trusts,NYSE:CDP,US,28164748.790333338,2.3489619661280288,10.650100667978231,2.3940131531449533,1.8818270466785858,financial_special,True,0.1,2.448961966128029,reject_valuation
BLK,"BlackRock, Inc.",1164.48,189200270203.0,28.96802889638497,3.286563698508583,12.319913071173,4.08010051342506,3452000000.0,,14968000000.0,23.065615394895094,2.6858213616489697,-2.840666020529752,1.87895026106073,628659.9666666667,Finance,Investment Managers,NYSE:BLK,US,732061957.984,2.3513176374731413,11.34548612287088,2.5532646713118408,7.909365453090345,financial_special,True,0.1,2.4513176374731414,reject_valuation
TWLO,Twilio Inc.,237.78,36517117010.0,33.08657779756769,4.067397901949334,13.4973589641006,11.1059747466503,988610000.0,,1065519000.0,17.82384637960389,5574.4813278008305,5800.328407224959,0.0,2290467.533333333,Technology Services,Packaged Software,NYSE:TWLO,US,544627370.076,2.4513371753369846,12.293196131781093,2.69145447960684,8.92147001144641,technology_strict,True,0.0,2.4513371753369846,reject_valuation
BRO,"Brown & Brown, Inc.",73.31,24530284056.0,23.181760688085,1.9226179704854147,9.85233899987592,4.29011400680799,1446000000.0,,8066000000.0,34.216248270409174,19.939577039274926,-8.806736259299848,0.879825398990588,2290362.2666666666,Finance,Insurance Brokers/Services,NYSE:BRO,US,167906457.76933333,2.352919513668475,8.293666716495805,2.7951160181029833,15.82032736997524,financial_special,True,0.1,2.452919513668475,reject_valuation
NGG,"National Grid Transco, PLC National Grid PLC (NEW)",79.35,79933512751.61789,18.177444849151257,1.522878003365877,8.62650145654085,3.09365857318857,-5027203100.0,,61655818500.0,1.130704014732086,17.49553410327437,13.795260811761953,4.04473850031506,744177.1333333333,Utilities,Electric Utilities,NYSE:NGG,US,59050455.529999994,2.1071630186034014,8.37784416898937,2.1697043395048046,2.882481256210101,stable_or_general,False,0.35,2.4571630186034015,reject_valuation
XEL,Xcel Energy Inc.,76.45,47753293263.00001,20.926858644476077,1.9842799347899946,9.92047625394287,2.74827386739856,-7692000000.0,,41611000000.0,4.574414775574486,7.718282682103232,1.3426542387927207,3.04120340091563,4714104.133333334,Utilities,Electric Utilities,NASDAQ:XEL,US,360393260.9933334,2.109461089245463,9.481977053989285,2.207014267733507,4.420142629536605,stable_or_general,False,0.35,2.459461089245463,reject_valuation
TMO,Thermo Fisher Scientific Inc,622.18,230049362411.00003,33.468171402136605,4.367003177233803,13.5069918888275,6.500811552023281,7318000000.0,,42549000000.0,7.229473294455244,5.847509113001215,7.601479432074029,0.289305345719888,2056617.3,Health Technology,Medical Specialties,NYSE:TMO,US,1279586151.714,2.477840490140538,13.0482275973853,2.5649591986610663,3.3964949058840843,health_special,True,0.0,2.477840490140538,reject_valuation
MDT,Medtronic plc.,91.23,116772655869.99998,24.484044980005905,2.3611702791217475,9.8515699529168,5.19955822162549,5426000000.0,,29148000000.0,8.42651399946328,3.003003003003003,3.002073255010367,3.1239723775074,6795415.933333334,Health Technology,Medical Specialties,NYSE:MDT,US,619945795.598,2.485293724454223,9.643709938655643,2.538861614021029,2.109917660378724,health_special,True,0.0,2.485293724454223,reject_valuation
CHT,"Chunghwa Telecom Co., Ltd.",42.99,33134896204.651863,26.27750611246944,2.8977164726991838,10.5680035838983,7.06034597183791,1799384780.0,,1199104703.90658,8.457156247418615,7.377366199942827,7.349081364829388,2.91434054431263,173632.43333333352,Communications,Major Telecommunications,NYSE:CHT,US,7464458.309000009,2.4865156321962805,11.02736485074637,2.3829361291778506,4.346717553615931,stable_or_general,True,0.0,2.4865156321962805,reject_valuation
SSEZY,SSE Plc,32.96,40150882881.7775,23.357664233576642,2.3803986878918884,10.8487089153923,3.76332093635578,-1050278560.0,,17284200900.0,5.656248615517661,6.741220465101683,2.2832705131922357,2.57422392010588,223395.8,Utilities,Electric Utilities,OTC:SSEZY,US,7363125.568,2.153036312038611,10.191081882537146,2.29197100982978,6.061799961487613,stable_or_general,False,0.35,2.503036312038611,reject_valuation
SIEGY,Siemens AG,167.37,257448562989.64902,28.36635425317357,3.2695398323406075,12.3058658647592,4.80201657395444,11716447330.0,,57078109200.0,11.047429072735518,-13.616598638932686,-12.442868166439139,1.37781621557029,130588.33333333333,Producer Manufacturing,Industrial Machinery,OTC:SIEGY,US,21856569.35,2.3051083576660325,11.52611930020869,2.461049856794383,6.336381146356407,cyclical,True,0.2,2.5051083576660327,reject_valuation
STE,STERIS plc (Ireland),233.78,22793574851.0,28.57457158921456,3.162827723298438,11.3699104047671,7.61738982361372,925700000.0,,2044500000.0,8.373317863055371,23.416862986130162,24.045182321279654,1.07793652151596,696181.9,Health Technology,Medical Specialties,NYSE:STE,US,162753404.58200002,2.5131747368241357,11.068679414575174,2.581570078864849,2.649369955154879,health_special,True,0.0,2.5131747368241357,reject_valuation
LUV,Southwest Airlines Company,39.64,19392212389.0,24.047561271536033,2.7382403835194404,11.1125845378597,2.84869293265799,-457000000.0,,6889000000.0,9.460197284606704,111.08312342569269,147.8796992481203,1.81634712411705,4990218.133333334,Transportation,Airlines,NYSE:LUV,US,197812246.80533335,2.163993550699919,11.386769546401228,2.1118861827792266,2.4673378871260754,cyclical,False,0.35,2.513993550699919,reject_valuation
GBCI,"Glacier Bancorp, Inc.",46.88,6104336816.0,19.182454273906462,1.4152192216233905,7.94579063146965,1.02859574380457,407270000.0,,2276880000.0,20.01297516410772,41.57332461232387,26.903105203032517,2.81569965870307,1092557.1333333333,Finance,Regional Banks,NYSE:GBCI,US,51219078.41066667,2.414165583212515,7.37767546016511,2.6000675114376963,7.149888508948288,financial_special,True,0.1,2.514165583212515,reject_valuation
AEP,"American Electric Power Company, Inc.",122.31,66585244653.0,21.19536963227394,2.07553198764557,10.1404194666352,2.73906304161571,-3795300000.0,,53498000000.0,8.625527622817208,-13.938131901252158,-15.46518611839503,3.09050772626932,3660356.9,Utilities,Electric Utilities,NASDAQ:AEP,US,447698252.439,2.0901866734421195,9.79238401431406,2.164474922683947,3.432160311181154,stable_or_general,False,0.44999999999999996,2.5401866734421192,reject_valuation
AAON,"AAON, Inc.",75.87,6255758181.0,39.687189412564734,6.190846490344091,17.2842105034718,9.762998085254,-119187000.0,,480950000.0,53.534150490508836,30.463413435549658,30.331333515134972,0.527217609068143,1219221.833333333,Producer Manufacturing,Industrial Machinery,NASDAQ:AAON,US,92502360.49499997,2.2961528618615787,15.599105358627652,2.544196510001408,9.749390314967933,cyclical,False,0.25,2.5461528618615787,reject_valuation
NI,NiSource Inc,40.57,19455752669.0,21.486071390742506,2.0317548713038285,9.77835087852371,2.52163889762129,-1086200000.0,,17403000000.0,12.253886432964128,2.0122089079810084,0.32410605175070367,2.90855311806754,5632544.5,Utilities,Gas Distributors,NYSE:NI,US,228512330.365,2.1973103294884395,9.456148750297977,2.272179928437087,3.2950559069565677,cyclical,False,0.35,2.5473103294884396,reject_valuation
IEX,IDEX Corporation,230.28,16976218951.0,33.08525617079969,4.2516768164342045,12.955758391939701,7.52565894785638,641500000.0,,1885500000.0,7.31860632183908,10.673199829569663,12.346456184526994,1.25065138092757,671050.0333333333,Producer Manufacturing,Industrial Machinery,NYSE:IEX,US,154529401.676,2.5537104945846596,12.850669175675417,2.5745940323034393,0.8111390555852305,cyclical,True,0.0,2.5537104945846596,reject_valuation
FCX,"Freeport-McMoRan, Inc.",76.45,109783530132.99998,37.74935808809007,5.459357245484694,15.2569355638489,5.03015857992239,1762000000.0,,10359000000.0,-1.8493952399531797,53.357817418677854,53.400999848507794,0.78482668410726,14443768.6,Non-Energy Minerals,Other Metals/Minerals,NYSE:FCX,US,1104226109.47,2.4742424800912612,14.46211941603087,2.610223094012481,5.20953991377755,cyclical,True,0.08,2.5542424800912613,reject_valuation
FBNC,First Bancorp,63.99,2647536523.0,19.8967693790616,1.542439875216397,8.104893908282,1.03409450648502,202809000.0,,88985000.0,4.147755399570972,37.12519128169074,37.018575323790046,1.46897952805126,201312.33333333334,Finance,Regional Banks,NASDAQ:FBNC,US,12881976.21,2.454908059774854,7.7522126624214,2.566592306672719,4.351460362734838,financial_special,True,0.1,2.554908059774854,reject_valuation
PBA,Pembina Pipeline Corp.,48.01,27920454304.79009,24.0253735167422,2.5832501958298426,10.468594217348,4.98158070997991,1446016000.0,,9720128000.0,-4.420589621406488,-8.704474471703703,-8.23866834429355,4.29277794426131,850351.8333333334,Industrial Services,Oil & Gas Pipelines,NYSE:PBA,US,40825391.51833333,2.29499520355165,10.752174962148631,2.2344663848309585,2.7088713050955393,cyclical,True,0.28,2.5749952035516497,reject_valuation
EVRG,"Evergy, Inc.",80.65,18590876302.0,20.431687482583033,1.8189145917546,9.17460286000258,2.71239077412125,-1405800000.0,,16498000000.0,3.601440576230492,10.20116652779431,8.627332269249818,3.41289522628642,1908728.0666666667,Utilities,Electric Utilities,NASDAQ:EVRG,US,153938918.57666668,2.226983314085084,8.902419799172884,2.2950712214763587,2.9667012837830686,stable_or_general,False,0.35,2.576983314085084,reject_valuation
CPK,Chesapeake Utilities Corporation,132.71,3199167785.0,21.170258586309764,1.8989728146823754,9.4688731284476,3.79695636786491,-193500000.0,,1694700000.0,14.608488270447431,16.469320182070536,11.823257639272907,2.10232838520081,173369.2,Utilities,Gas Distributors,NYSE:CPK,US,23007826.532,2.235773813750589,8.970002926229677,2.3601172441543636,5.268527684874702,cyclical,False,0.35,2.5857738137505892,reject_valuation
FELE,"Franklin Electric Co., Inc.",100.56,4445904704.999999,28.98400345871163,3.1588857325859987,11.6326419755861,7.448945028647211,218281000.0,,308318000.0,7.380195974103144,-13.094098615752326,-10.286246218291835,1.08392999204455,251486.33333333334,Producer Manufacturing,Industrial Machinery,NASDAQ:FELE,US,25289465.68,2.4916096893157667,10.898721210428722,2.6593948867118042,6.309149432241512,cyclical,True,0.1,2.5916096893157667,reject_valuation
MTZ,"MasTec, Inc.",241.0,19353492203.0,38.39046769466038,5.481797702103191,15.3898241236341,4.92909189261952,244804000.0,,3235451000.0,23.46078706150874,86.08389265534596,86.28445947950976,0.0,1516094.3666666667,Industrial Services,Engineering & Construction,NYSE:MTZ,US,365378742.3666667,2.4945358300556713,14.279059441793773,2.688585186661123,7.217526808084362,cyclical,True,0.1,2.5945358300556713,reject_valuation
MIELY,Mitsubishi Electric Corp.,69.82,74429086133.50157,25.91589027875728,2.5403815884552716,9.95200687867984,6.26054366597059,3402198070.0,,2079575449.93078,6.163126481935181,13.047729799338684,14.496387590310238,0.728560713274837,72467.93333333333,Producer Manufacturing,Electrical Products,OTC:MIELY,US,5059711.105333333,2.604086853504576,9.802409105496059,2.643828675159726,1.5031920195339055,cyclical,True,0.0,2.604086853504576,reject_valuation
MTH,Meritage Homes Corporation,71.06,4631271043.0,14.850885075968149,0.9156442445071654,6.376749509131841,4.30096669767209,415205000.0,,1907178000.0,-13.26761311079831,-48.41500861663795,-45.41710870036388,2.56121587390937,730027.4666666667,Finance,Real Estate Development,NYSE:MTH,US,51875751.781333335,2.328911470444448,6.16558703284877,2.4086733342415236,3.3114438003355118,financial_special,True,0.28,2.608911470444448,reject_valuation
THO,"Thor Industries, Inc.",77.02,4009458404.0,15.523531190164263,0.9293283328342004,6.14793310306323,3.66431845160912,199647000.0,,986634000.0,2.395784535267597,17.79083283591469,19.072189689929914,2.70059724746819,552862.0666666667,Consumer Durables,Recreational Products,NYSE:THO,US,42581436.37466666,2.5250000170674607,5.98657819184223,2.59305578123373,2.624539150248806,stable_or_general,True,0.1,2.625000017067461,reject_valuation
FND,"Floor & Decor Holdings, Inc.",53.0,5643968268.999999,24.72822283394765,2.2697295167617386,9.6935086016998,4.17486793161251,211397000.0,,2012794000.0,2.4240951325933127,9.913364578895044,9.957931459060124,0.0,2429305.7,Retail Trade,Home Improvement Chains,NYSE:FND,US,128753202.10000001,2.5510084996067826,9.178700515614027,2.694087555409624,5.310853966699947,stable_or_general,True,0.1,2.6510084996067826,reject_valuation
RNW,ReNew Energy Global plc,6.82,2485226430.0,20.554550934297772,1.803941691949183,8.90601159221945,1.08187980739283,-862203580.0,,8463581026.783429,14.06087050298169,12.363148702025947,11.943319838056677,0.0,2744026.8666666667,Utilities,Alternative Power Generation,NASDAQ:RNW,US,18714263.230666667,2.3079411834872103,8.7763614866384,2.3420355879359707,1.4557594523492146,stable_or_general,False,0.35,2.6579411834872104,reject_valuation
BKH,Black Hills Corporation,72.8,5551229066.0,18.34862385321101,1.4077855958007766,7.889702486971439,2.83013956658164,-305200000.0,,4778900000.0,2.510143118284364,5.1705944424903265,0.04034291477558809,3.78846153846154,741070.0,Utilities,Gas Distributors,NYSE:BKH,US,53949896.0,2.325642048418274,7.672431497114232,2.391500511944919,2.7538552970279184,cyclical,False,0.35,2.675642048418274,reject_valuation
DKILF,Daikin Industries Ltd.,130.7,38252313778.68732,22.581803848209102,1.9769274679495212,9.4214637471063,4.93491074781816,2057529188.0,,7419371102.0,-1.745632007465038,-14.310118813218493,-13.698588969391427,1.62718353673128,72167.86666666667,Producer Manufacturing,Industrial Machinery,OTC:DKILF,US,9432340.173333332,2.3968466529571755,8.754515278044565,2.579446506289386,7.079032377177919,cyclical,True,0.28,2.6768466529571757,reject_valuation
DRS,"Leonardo DRS, Inc.",38.54,10285999040.0,32.14881548214881,3.668823472854609,11.9193040903202,7.781536974383761,363000000.0,,267000000.0,10.464776381175096,28.799999999999997,28.84780739466897,0.934094447327452,842220.8333333334,Electronic Technology,Aerospace & Defense,NASDAQ:DRS,US,32459190.916666668,2.6972057461187875,11.412002021946305,2.8171056594910997,4.256138315876012,technology_strict,True,0.0,2.6972057461187875,reject_valuation
PSMT,"PriceSmart, Inc.",169.34,5225920890.0,32.54598220291749,3.7531535776525344,12.0581554292352,6.73953816790865,73735000.0,,325454000.0,10.18091584313683,10.257201790449997,9.654373024236037,0.785402149521672,248617.6,Retail Trade,Specialty Stores,NASDAQ:PSMT,US,42100904.384,2.69908464805564,11.531849167287056,2.822269154824035,4.364732773904246,stable_or_general,True,0.0,2.69908464805564,reject_valuation
CTRE,"CareTrust REIT, Inc.",39.03,9222523214.999998,24.599773099710074,2.0513030741165283,9.10750552655474,6.703803271217941,431350000.0,,1205071000.0,53.07187022175093,61.79890560875513,32.349015682349005,3.71509095567512,2182714.7333333334,Finance,Real Estate Investment Trusts,NYSE:CTRE,US,85191356.04200001,2.701043993658258,8.338707295396576,2.950070344031682,8.44136991096608,financial_special,True,0.0,2.701043993658258,reject_valuation
KR,Kroger Company (The),57.72,35362005147.00001,33.758334308106214,5.466991099564213,13.4936626584335,2.00502221363724,2878000000.0,,24192000000.0,1.1383120594398932,-59.54793452844894,-53.52794085670798,2.42550242550243,6006796.7,Retail Trade,Food Retail,NYSE:KR,US,346712305.524,2.5017917790472812,16.19449303886849,2.0845564122990856,20.0155469185898,stable_or_general,True,0.2,2.7017917790472814,reject_valuation
CNP,"CenterPoint Energy, Inc (Holding Co)",39.24,25848187126.0,23.12861016149947,2.205411238380001,9.8245305422402,2.41908412652005,-2695000000.0,,25093000000.0,7.103095079046982,19.337606837606838,18.23820475294446,2.29357798165138,6081268.966666667,Utilities,Electric Utilities,NYSE:CNP,US,238628994.252,2.3541695007266634,9.535424839540035,2.4255458514646673,2.9426922890327223,stable_or_general,False,0.35,2.7041695007266635,reject_valuation
PPL,PPL Corporation,34.2,25737032727.0,20.3136136849608,1.710270222695186,8.62568613412431,2.8534692772715,-1992000000.0,,20323000000.0,6.734044969339087,28.29614604462475,26.567433468651323,3.26023391812865,8013594.133333334,Utilities,Electric Utilities,NYSE:PPL,US,274064919.36,2.355014241081363,8.41933025418016,2.4127351073887593,2.392341626340655,stable_or_general,False,0.35,2.705014241081363,reject_valuation
AWK,"American Water Works Company, Inc.",138.3,27484219735.999996,23.942247766775157,2.3561175407925212,10.0953148073567,3.2060938521445004,-995000000.0,,16061000000.0,6.920275192229866,4.1551246537396125,3.9987037070377944,2.44215473608098,2318080.466666667,Utilities,Water Utilities,NYSE:AWK,US,320590528.54,2.371619728918989,9.840836849337613,2.4329483491423507,2.5207530708566295,stable_or_general,False,0.35,2.721619728918989,reject_valuation
YPF,YPF Sociedad Anonima,50.2,20977879183.93418,16.640148501723683,1.552907912870111,6.82763110666028,2.69301334423532,1925483830.0,,10811391527.9601,7.001293773221719,-31.341374032338337,583.4617127322157,0.0,1044991.6666666666,Energy Minerals,Integrated Oil,NYSE:YPF,US,52458581.666666664,2.437177439989603,9.332295999096713,1.783071229559618,36.684244554354436,cyclical,True,0.30000000000000004,2.737177439989603,reject_valuation
UFPI,"UFP Industries, Inc.",86.01,4744439993.0,19.833052782069313,1.5619472529994982,7.740124452966881,5.83454397645915,267043000.0,,408396000.0,-4.717363694628032,-28.399627757779232,-24.041476187974,1.65097081734682,434318.6,Non-Energy Minerals,Forest Products,NASDAQ:UFPI,US,37355742.786,2.5623687193384947,7.8754757029216655,2.518330768859028,1.748696041998432,cyclical,True,0.18,2.742368719338495,reject_valuation
BCPC,Balchem Corporation,178.44,5688314188.0,35.1045621766245,4.378256426362286,12.7934152203,9.77127709047557,171364000.0,,166715000.0,10.137737973284107,15.17537530385076,16.46198964395362,0.537995965030262,179175.63333333333,Consumer Non-Durables,Food: Specialty/Candy,NASDAQ:BCPC,US,31972100.012,2.7439555093093673,12.472043959225587,2.814659913915522,2.512005242857096,stable_or_general,True,0.0,2.7439555093093673,reject_valuation
EMR,Emerson Electric Company,155.18,86559398019.99998,33.90949019950615,4.247480470567627,12.805287087878,6.0832103865447,3460000000.0,,13802000000.0,4.821378340365682,-2.790346907993967,-1.699102117970537,1.41287537053744,2774805.4,Electronic Technology,Electronic Equipment/Instruments,NYSE:EMR,US,430594301.972,2.6480851203723685,12.525934319795484,2.707142583840389,2.1815424063937106,technology_strict,True,0.1,2.7480851203723686,reject_valuation
NNN,"NNN REIT, Inc.",45.67,8765507223.0,22.500862196383704,1.9650329972368203,8.71945716383769,4.10195572427913,673008000.0,,5011239000.0,6.54351951823065,-2.0672887202922716,-3.513025289979087,5.29888329319028,1273888.8333333333,Finance,Real Estate Investment Trusts,NYSE:NNN,US,58178503.01833333,2.5805347481609062,8.733145334993592,2.5764900655234784,0.15698421241947536,financial_special,True,0.2,2.7805347481609064,reject_valuation
SITE,"SiteOne Landscape Supply, Inc.",96.39,4207943179.0,26.379310344827587,2.499095150733887,9.81343620965069,4.74670165463955,259300000.0,,1128100000.0,3.2814899738259533,30.86816720257235,32.88239144665066,0.0,846579.2333333333,Distribution Services,Wholesale Distributors,NYSE:SITE,US,81601772.301,2.688080890451578,9.473694035461794,2.7844798709019876,3.4620103186159046,stable_or_general,True,0.1,2.788080890451578,reject_valuation
XYL,Xylem Inc.,111.31,25989416964.0,26.440057958621345,2.494087437583395,9.47197022563387,5.89580980511395,923000000.0,,3055000000.0,4.41008018327606,8.528784648187633,9.421947289078346,1.49133051837211,1823992.9,Producer Manufacturing,Industrial Machinery,NYSE:XYL,US,203028649.699,2.7914000285882405,9.432987784998952,2.802935672265824,0.4115557767424005,cyclical,True,0.0,2.7914000285882405,reject_valuation
ALGN,"Align Technology, Inc.",157.58,11194459430.0,27.336282418249635,2.6525484698609696,10.1550944159724,6.5456775615421,633569000.0,,120842000.0,4.407029657470915,-5.491215882707811,-2.7613778212610978,0.0,905716.5666666667,Health Technology,Medical Specialties,NASDAQ:ALGN,US,142722816.57533336,2.691878706243624,9.703398689245816,2.8171863584814028,4.447971709806431,health_special,True,0.1,2.791878706243624,reject_valuation
SXT,Sensient Technologies Corporation,135.12,5751087058.0,36.52089302124439,4.564615044717147,13.0712285932143,6.904746502365561,4482000.0,,763896000.0,8.116525386078086,17.15031555216066,16.56952014871294,1.2137359384251,465638.93333333335,Consumer Non-Durables,Food: Specialty/Candy,NYSE:SXT,US,62917132.672000006,2.793990844915953,12.498640277119968,2.9219892893549066,4.380524080128023,stable_or_general,True,0.0,2.793990844915953,reject_valuation
IDA,"IDACORP, Inc.",135.78,7853792776.0,22.463768115942027,2.018567310775668,9.43968312291644,3.25546839265082,-973088000.0,,4007786000.0,-1.105975551368043,10.326513722308567,6.241541138628657,2.57769921932538,474500.13333333336,Utilities,Electric Utilities,NYSE:IDA,US,64427628.104,2.3797163340586507,8.98588028667878,2.4998962148698656,4.8073948068868555,stable_or_general,False,0.43000000000000005,2.809716334058651,reject_valuation
KLIC,"Kulicke and Soffa Industries, Inc.",81.03,4240227963.0,37.20898195343711,4.649937679472789,13.2312231670728,9.47134635197804,39973000.0,,38118000.0,44.44395462740293,1844.866409006893,2656.5822784810125,1.01197087498457,940145.5,Producer Manufacturing,Industrial Machinery,NASDAQ:KLIC,US,76179989.865,2.812210291036079,12.496815111178442,2.9774771909807285,5.5505681267776,cyclical,True,0.0,2.812210291036079,reject_valuation
HCC,"Warrior Met Coal, Inc.",107.07,5653519319.000001,25.750360750360745,2.468543762068071,10.036828704424,7.90967970178852,-45681000.0,,269321000.0,37.474677558180254,443.70352007932576,440.2104716123165,0.298869898197441,656576.5666666667,Energy Minerals,Coal,NYSE:HCC,US,70299652.993,2.565587349220236,9.586443413354852,2.68612243770072,4.487326667940716,cyclical,False,0.25,2.815587349220236,reject_valuation
RPRX,Royalty Pharma plc,60.85,34991873390.0,32.39286664892201,3.969649307415253,12.3634276278808,4.27231676482026,3011448000.0,,8961892000.0,9.993311941957025,-20.158704650214794,-18.219416630387464,1.49548069022186,2662779.5,Health Technology,Pharmaceuticals: Major,NASDAQ:RPRX,US,162030132.57500002,2.6200555075740297,12.254702093639365,2.6433010285688696,0.8794125505798167,health_special,True,0.2,2.82005550757403,reject_valuation
PLXS,Plexus Corp.,240.87,6419691103.0,35.53283767038414,4.203225526685779,12.579596497363998,5.50249805986737,61871000.0,,306962000.0,14.200248486461064,13.976161350406018,15.340638399237735,0.0,291261.86666666664,Electronic Technology,Electronic Production Equipment,NASDAQ:PLXS,US,70156245.824,2.8246404944570283,11.829129904221181,3.0038420372494494,5.965744555479757,technology_strict,True,0.0,2.8246404944570283,reject_valuation
SANM,Sanmina Corporation,194.01,10398422527.999998,34.72090484456932,4.0623424353032025,12.698264207488203,4.11893467829742,594148000.0,,2432903000.0,58.561151972887735,18.872488503441236,19.620226066107215,0.0,776411.0,Electronic Technology,Electronic Production Equipment,NASDAQ:SANM,US,150631498.10999998,2.73430323052298,11.699990116872176,2.9676012114317456,7.861500393316289,technology_strict,True,0.1,2.83430323052298,reject_valuation
EMN,Eastman Chemical Company,73.03,8352982735.0,19.02466981009196,1.3696315385465103,7.409269968988351,2.8848350357341,539000000.0,,5217000000.0,-4.298179467844447,-46.875,-46.07052542849115,4.58715596330275,1075751.1,Process Industries,Chemicals: Specialty,NYSE:EMN,US,78562102.833,2.567684790771574,7.199239472844706,2.6425943854003453,2.834698924762258,cyclical,True,0.28,2.8476847907715737,reject_valuation
PSO,"Pearson, Plc",16.73,10037825365.3682,25.1616784478869,2.2566695172912414,9.15155067569681,5.03940583116152,1443487150.0,,2331978250.0,7.100100151787131,-24.927372144883954,-20.967550219897777,2.03711894799761,669452.7666666667,Consumer Services,Publishing: Books/Magazines,NYSE:PSO,US,11199944.786333334,2.7494442569942996,8.968676401954253,2.805506333398787,1.9982872872922663,stable_or_general,True,0.1,2.8494442569942997,reject_valuation
D,"Dominion Energy, Inc.",65.55,57652928047.0,22.79603547209181,2.065232356756208,9.08491725599872,2.2238501386636,-6845000000.0,,53424000000.0,21.984461416908086,1.157684630738523,-0.6529850746268628,4.07322654462243,3437162.8,Utilities,Electric Utilities,NYSE:D,US,225306021.54,2.509217731954544,9.059611963161673,2.516226474686265,0.27854180862614264,stable_or_general,False,0.35,2.859217731954544,reject_valuation
LHX,"L3Harris Technologies, Inc.",262.82,48940926444.0,26.545329670329668,2.4607920694369945,9.57099080694586,4.45246976644729,2808000000.0,,11967000000.0,7.294249754362982,10.430170889805538,10.543180930050802,1.86439388174416,1671418.2333333334,Electronic Technology,Aerospace & Defense,NYSE:LHX,US,439282140.08466667,2.7735195034421296,9.270150719534966,2.8635273010600315,3.1432491523507577,technology_strict,True,0.1,2.8735195034421297,reject_valuation
KAI,Kadant Inc,302.24,3569187503.0000005,32.52480468329639,3.4890942715776885,11.2596679073194,6.50445638610355,159988000.0,,510632000.0,12.50145246508956,3.669690098261527,3.4753076109348138,0.463208046585495,124486.8,Producer Manufacturing,Industrial Machinery,NYSE:KAI,US,37624890.432000004,2.888611365007798,10.727487237977378,3.031912689502188,4.726433085971182,cyclical,True,0.0,2.888611365007798,reject_valuation
WSPOF,WSP Global Inc,136.726296,18432979279.517982,27.683879555886143,2.507850222221982,9.84445548846898,4.11488075243534,1072543999.9999999,,6208646400.0,5.663336601865834,12.385436725063572,9.480715580394634,0.791682060484509,65572.0,Industrial Services,Engineering & Construction,OTC:WSPOF,US,8965416.681311999,2.812129079999687,9.058882867769027,3.0559926604618943,7.979848368659004,cyclical,True,0.1,2.912129079999687,reject_valuation
GEF,Greif Inc.,84.08,4382716956.0,21.73227532373543,1.5926857686669382,8.65295748613678,3.61274348235029,-228100000.0,,1233600000.0,-24.384525205158265,41.67717528373266,42.05617771250229,2.73549000951475,269107.26666666666,Process Industries,Containers/Packaging,NYSE:GEF,US,22626538.981333334,2.5115430601102,7.328665521402851,2.9653796124639404,15.304500996978486,cyclical,False,0.43000000000000005,2.9415430601102,reject_valuation
BYDDY,"BYD Co., Ltd.",11.45,113923036119.32686,27.11984841307437,2.882214346127512,11.2456231176608,3.11867888909282,-12404327440.0,,27931117657.2769,-3.325574339580019,-38.15661422071311,-40.56869369369369,0.314469645293315,1079694.6666666681,Producer Manufacturing,Electrical Products,OTC:BYDDY,US,12362503.93333335,2.411591436892788,10.627693423013412,2.5518094410164793,5.4948462008917565,cyclical,False,0.53,2.9415914368927885,reject_valuation
ETR,Entergy Corporation,105.75,49346281151.0,27.03912042955766,2.7070031900400715,10.4216056103993,2.46642148422509,-3298529000.0,,34627322000.0,10.190351812859035,2.845255427368297,-2.653325368379127,2.38297872340426,2328133.5,Utilities,Electric Utilities,NYSE:ETR,US,246200117.625,2.594525396602651,10.011432128838505,2.7008244256753158,3.935799308616128,stable_or_general,False,0.35,2.9445253966026512,reject_valuation
DTM,"DT Midstream, Inc.",129.53,13214041288.0,28.40943983857525,2.7650220125893568,9.90266610241219,4.64124559924629,531000000.0,,3373000000.0,18.12443642921551,24.46808510638298,22.56781096266029,2.62487454643712,988368.5,Industrial Services,Oil & Gas Pipelines,NYSE:DTM,US,128023371.805,2.8688677922458674,9.732757943487927,2.9189506205261857,1.715781963837748,cyclical,True,0.1,2.9688677922458675,reject_valuation
TFII,TFI International Inc.,133.31,10957152968.297915,33.63364690761185,4.010529405332767,12.3281664656343,4.53778564232187,641880293.12,,3045238323.6,-6.6539449767540475,-12.412248163287023,-10.131880696177594,1.39894762392794,294673.26666666666,Transportation,Trucking,NYSE:TFII,US,39282893.17933334,2.7281953891009008,11.924158615178655,2.820630619991793,3.277112225746215,stable_or_general,True,0.28,3.0081953891009006,reject_valuation
DIS,Walt Disney Company (The),108.1,186654850136.0,22.29693494492801,1.699623802971936,7.8475387472225595,4.2855149594371,8293000000.0,,46041000000.0,5.31174639598007,-25.54757163881915,-23.99034240561896,1.38760407030527,10334454.366666667,Consumer Services,Movies/Entertainment,NYSE:DIS,US,1117154517.0366666,2.8412647153630757,7.622679113384404,2.925078520723453,2.8653523235898537,stable_or_general,True,0.2,3.041264715363076,reject_valuation
HIW,"Highwoods Properties, Inc.",31.15,3436038505.0,20.84169677505687,1.4529880243934066,7.08170106766496,2.69219676175357,216072000.0,,3534516000.0,3.2971161744464594,30.754740383571853,27.63450042698547,6.42054574638844,1239271.1333333333,Finance,Real Estate Investment Trusts,NYSE:HIW,US,38603295.80333333,2.9430353775055598,6.971543824264479,2.989538228608315,1.5555195333428862,financial_special,True,0.1,3.04303537750556,reject_valuation
HQY,"HealthEquity, Inc.",96.37,7971273099.0,34.805691996532794,4.01482280745973,11.4344120713709,7.072145640255501,487725000.0,,971016000.0,7.331148812225753,62.1632370386116,67.61305163750833,0.0,806445.2666666667,Finance,Investment Managers,NASDAQ:HQY,US,77717130.34866668,3.0439424239115995,11.534960453766212,3.0174088707142976,0.8793489491870199,financial_special,True,0.0,3.0439424239115995,reject_valuation
WTRG,"Essential Utilities, Inc.",41.1,11663299820.0,20.992951271835736,1.6618220443322367,8.07761686209617,2.88272069565593,-511538000.0,,8523253000.000001,9.859159146187341,-14.076618254402087,-16.251015955854044,3.33430656934307,1994201.4666666666,Utilities,Water Utilities,NYSE:WTRG,US,81961680.28,2.598904061709606,7.916095373220566,2.651932585710499,1.999618100649636,stable_or_general,False,0.44999999999999996,3.0489040617096057,reject_valuation
KNF,Knife Riv Holding Co.,64.24,3646481986.0,26.17446929878173,2.270694817061316,9.12016772062648,3.58183833963822,43061000.0,,1668645000.0,12.130359359166945,-8.766642530512666,-8.74172677920726,0.0,766251.8333333334,Non-Energy Minerals,Construction Materials,NYSE:KNF,US,49224017.77333333,2.869954818877362,8.675227723402223,3.0171506885258697,4.878638319534023,cyclical,True,0.2,3.069954818877362,reject_valuation
ADM,Archer-Daniels-Midland Company,81.54,39298985795.0,22.320157669987957,1.6672582700426772,7.695150316283721,3.35471887645348,1677000000.0,,9342000000.0,-0.7921557262232527,61.055505004549595,60.792253521126774,2.52636742702968,3840702.7,Process Industries,Agricultural Commodities/Milling,NYSE:ADM,US,313170898.15800005,2.900548625119932,7.46974234991404,2.98807597697728,2.929221095170742,cyclical,True,0.18,3.080548625119932,reject_valuation
FCPT,"Four Corners Property Trust, Inc.",25.23,2769154141.0,22.873980054397098,1.7090415954848246,7.64774776401633,4.116087110457,194791000.0,,1259818000.0,9.645189572187729,12.042102478339334,2.47120029728725,5.764962346413,695839.7,Finance,Real Estate Investment Trusts,NYSE:FCPT,US,17556035.631,2.990943315628454,7.4715532295670295,3.0614758874872696,2.303874812377038,financial_special,True,0.1,3.0909433156284543,reject_valuation
DLB,Dolby Laboratories,61.5,5760630831.0,26.079212959036553,2.2291816184945956,8.71872759373049,7.1207346028077,392673000.0,,47450000.0,0.5525973486018388,-14.410268830225226,-13.355623323657998,2.29268292682927,965386.5,Technology Services,Packaged Software,NYSE:DLB,US,59371269.75,2.991171897352285,8.547733484120252,3.0510091368063605,1.961227802703669,technology_strict,True,0.1,3.091171897352285,reject_valuation
JD,"JD.com, Inc.",28.74,33960122022.75615,19.383557024347475,1.2513317714181715,6.68379061671734,2.08072589205535,4649719970.0,,15519792495.652401,7.229248619348246,-60.085093456162916,-58.131194758986815,3.40988169798191,8265226.633333334,Retail Trade,Internet Retail,NASDAQ:JD,US,237542613.442,2.9000844185432406,6.455635412253733,3.0025792639334417,3.4135600222566898,hybrid_platform,True,0.2,3.100084418543241,reject_valuation
ENPH,"Enphase Energy, Inc.",37.25,4922387767.999999,36.91408185511842,4.164602998737761,12.9964368018393,4.39563611175248,152627000.0,,613365000.0,-10.407243480847006,-23.285099368074,-20.50575074838506,0.0,4405481.0,Producer Manufacturing,Electrical Products,NASDAQ:ENPH,US,164104167.25,2.84032326844341,11.2818815732249,3.271979200945167,13.192502335499757,cyclical,True,0.28,3.1203232684434097,reject_valuation
ENB,Enbridge Inc,50.2,109641092908.12212,27.394090734467223,2.6607111061872293,9.36871640786868,2.76464841767083,1662848000.0,,78940928000.0,23.560690602325852,-11.410812136905717,-12.286920837801109,5.48308486238532,4858968.866666666,Industrial Services,Oil & Gas Pipelines,NYSE:ENB,US,243920237.10666665,2.923996152926481,9.712719184504724,2.8204347530370937,3.671823990179912,cyclical,True,0.2,3.1239961529264813,reject_valuation
SRUUF,Sprott Physical Uranium Trust,20.345,7006300664.38776,17.54121258104566,0.9951771304744184,6.09378879684689,6.0347072353788,-141836407.67999998,,0.0,135.1394119471193,,,0.0,632956.2,Miscellaneous,Investment Trusts/Mutual Funds,OTC:SRUUF,US,12877493.888999999,2.878539635328683,5.673365657456129,3.0918529917056206,6.899207593284162,stable_or_general,False,0.25,3.128539635328683,reject_valuation
TR,"Tootsie Roll Industries, Inc.",41.27,3025678939.9999995,32.45007076584369,3.2486649537771735,10.3455357796027,7.7890848531111505,80156000.0,,13286000.0,1.6451568723204986,4.950799846077731,5.4473095099908875,0.85325648751873,145611.03333333335,Consumer Non-Durables,Food: Specialty/Candy,NYSE:TR,US,6009367.345666668,3.1366254447471325,10.011272324239904,3.2413533180266807,3.230992212330186,stable_or_general,True,0.0,3.1366254447471325,reject_valuation
GPK,Graphic Packaging Holding Company,11.56,3422587401.0000005,17.7246243483594,1.0575998521555916,6.01177564301209,1.65423150714133,189000000.0,,5667000000.0,0.023161551823972205,-63.670411985018724,-63.07326463594156,3.80622837370242,4736623.3,Process Industries,Containers/Packaging,NYSE:GPK,US,54755365.348,2.9483176686678214,5.966839304289592,2.9705214845684003,0.7474719848324818,cyclical,True,0.2,3.1483176686678216,reject_valuation
NTCT,"NetScout Systems, Inc.",39.06,2839947767.0,23.819978046103184,1.7075394906758552,7.54039385468335,5.41798783599179,261031000.0,,39980000.0,5.785034874068857,66.3277224321539,63.881670997401564,0.0,554543.5,Technology Services,Packaged Software,NASDAQ:NTCT,US,21660469.11,3.1589832713192507,7.168518322606931,3.3228593377495503,4.931778621158456,technology_strict,True,0.0,3.1589832713192507,reject_valuation
CXW,"CoreCivic, Inc.",33.81,3343589156.0,26.93809258226436,2.324383893896447,8.77233232133371,3.91895817195972,57315000.0,,1347020000.0,24.34834452402156,22.949811106731907,32.31077377187435,0.0,1437962.5333333334,Commercial Services,Miscellaneous Commercial Services,NYSE:CXW,US,48617513.252000004,3.0708016517742687,8.628613502601098,3.121949149089117,1.638319359870788,financial_special,True,0.1,3.1708016517742688,reject_valuation
RTX,RTX Corporation,211.71,285333893064.0,37.27945060750132,4.2986863128536426,12.0178606095904,4.53693958857967,11407000000.0,,38856000000.0,11.843443103386404,25.903026358607224,24.774794568704138,1.30839355722451,4983166.566666671,Electronic Technology,Aerospace & Defense,NYSE:RTX,US,1054986193.829001,3.102003910558911,11.530980856216447,3.2329817447753078,4.051301385418116,technology_strict,True,0.1,3.202003910558911,reject_valuation
ZGN,Ermenegildo Zegna N.V.,13.73,5811818500.999999,32.13951310861423,3.0415606107932205,10.3523757008644,3.56909298373567,294056720.0,,1148351372.10394,2.9091876638741505,34.02697588236204,30.243902439024396,0.996358339402768,952861.7666666667,Consumer Non-Durables,Apparel/Footwear,NYSE:ZGN,US,13082792.056333335,3.10455435904733,9.463617574150502,3.3961128349482386,8.585064456651137,stable_or_general,True,0.1,3.20455435904733,reject_valuation
REG,Regency Centers Corporation,75.52,13829262901.0,25.484241074441517,2.074899133031751,8.20736757205492,4.30244885240697,416139000.0,,5489077000.0,8.360279050245351,37.81674819231131,38.2053912881261,3.93273305084746,1268996.8666666667,Finance,Real Estate Investment Trusts,NASDAQ:REG,US,95834643.37066667,3.1050444433867237,8.141891010098375,3.1300150103745503,0.7977778670409164,financial_special,True,0.1,3.205044443386724,reject_valuation
GRAB,Grab Holdings Limited,3.61,14723446266.000002,26.06498194945848,2.176206408053772,9.07982937233394,4.84749898332656,-19000000.0,,2033000000.0,21.451822916666664,432.1428571428571,422.64150943396237,0.0,42257657.333333336,Transportation,Air Freight/Couriers,NASDAQ:GRAB,US,152550142.97333333,2.870646669735663,8.349157548904362,3.1218696972461517,8.047197733207645,stable_or_general,False,0.35,3.2206466697356633,reject_valuation
WPC,W. P. Carey Inc. REIT,70.51,16063368644.0,24.148914309199263,1.8521626908606241,7.71139465328095,3.5542217186059597,1011692000.0,,8949043000.0,8.955207540766448,93.88739147915953,91.85228990078191,5.24748262657779,1171505.8666666667,Finance,Real Estate Investment Trusts,NYSE:WPC,US,82602878.65866667,3.1315884343858187,7.6697555308110195,3.1485898360368854,0.5399687649524476,financial_special,True,0.1,3.2315884343858188,reject_valuation
SAIA,"Saia, Inc.",352.25,9396145530.0,33.97309157544486,3.436957898558566,10.7670168982714,7.73983437393755,255227000.0,,269191000.0,4.8387929209501985,-4.167528581082013,-4.220629260812543,0.0,484531.43333333335,Transportation,Trucking,NASDAQ:SAIA,US,170676197.39166668,3.1552928630491053,10.116706308361811,3.3581178043455617,6.0398399673171514,stable_or_general,True,0.1,3.2552928630491054,reject_valuation
HOG,"Harley-Davidson, Inc.",28.1,2924437564.0,17.380009896091046,0.9459744243526808,6.316668835677549,2.10032902663774,-133068000.00000001,,2307103000.0,-5.24682480778775,-16.546688520809482,-16.254014296073763,2.61565836298932,2403002.9,Consumer Durables,Motor Vehicles,NYSE:HOG,US,67524381.49,2.7514518092077247,5.442887719905388,3.193159732568056,13.832941673891575,stable_or_general,False,0.53,3.2814518092077245,reject_valuation
TDY,Teledyne Technologies Incorporated,621.96,28831374110.0,30.04898976722614,2.6405745274734,9.15502878555932,6.409868620050239,1142100000.0,,2027000000.0,7.701017338696049,13.480791618160652,14.031501875898703,0.0,369459.6,Electronic Technology,Aerospace & Defense,NYSE:TDY,US,229789092.81599998,3.282238698650942,8.787565066009055,3.419489874784294,4.013790979334598,technology_strict,True,0.0,3.282238698650942,reject_valuation
FANUY,Fanuc Corporation,18.679,35105451861.59424,30.00642570281124,2.993803712643567,9.88907049348572,8.88409993574881,,,49487771.1121366,8.282470549142646,10.984629161838384,11.240171551107947,1.27941254160283,492576.7,Producer Manufacturing,Industrial Machinery,OTC:FANUY,US,9200840.179299999,3.034301931872923,9.977208689547732,3.0074970501766094,0.8912687610030945,cyclical,False,0.25,3.284301931872923,reject_valuation
VVX,"V2X, Inc.",77.69,2435220931.0,26.7592050425378,2.146598088259471,8.34915387199067,2.89566446370985,129252000.00000001,,1064087000.0,12.988902454529786,30.130911563854806,30.814634585924143,0.0,749686.3666666667,Commercial Services,Miscellaneous Commercial Services,NYSE:VVX,US,58243133.82633334,3.2050199879904318,8.021905302669227,3.335766757759392,3.9195417205003302,financial_special,True,0.1,3.305019987990432,reject_valuation
EMA,Emera Incorporated,49.9,15329280204.86171,22.339399860752565,1.680898879020597,7.55704112774306,2.33479632269579,-818752000.0,,15570368000.0,6.226857648747712,4.927806241266902,3.212143678213384,4.22068568135984,541225.7,Utilities,Electric Utilities,NYSE:EMA,US,27007162.429999996,2.956104046958431,7.524369004978146,2.9689399663909026,0.43234014758725126,stable_or_general,False,0.35,3.3061040469584313,reject_valuation
IMOS,ChipMOS TECHNOLOGIES INC.,55.455,2009885784.3624253,27.12797182271793,2.4881023794343786,9.14028462104947,4.86043235787087,-16886160.0,,502592281.01015496,22.520756575476042,1298.5293544638184,1487.1118012422362,1.33472905959787,100666.56666666667,Electronic Technology,Semiconductors,NASDAQ:IMOS,US,5582464.4545,2.9679570109057662,9.171722809556861,2.957783655918036,0.3439519644168332,technology_strict,False,0.35,3.3179570109057663,reject_valuation
FE,FirstEnergy Corp.,45.88,26548001690.0,24.48369710230002,2.0524162414657865,8.41541921973164,1.92972939324684,-1964000000.0,,28983000000.0,12.633451957295375,-17.04892966360856,-17.27806471549022,3.9232781168265,4232808.733333333,Utilities,Electric Utilities,NYSE:FE,US,194201264.68533334,2.909385315575613,8.382787259988529,2.920710778282774,0.38776392347275035,stable_or_general,False,0.44999999999999996,3.3593853155756133,reject_valuation
CWT,California Water Service Group,50.48,3121637734.0,22.73157112622146,1.7270702176525872,7.69511818592213,2.34637173595559,-235730000.0,,1677538000.0,6.429591646184218,-1.9317127755120072,-3.0262008733624515,2.51584786053883,463195.3333333333,Utilities,Water Utilities,NYSE:CWT,US,23382100.426666666,2.954024951534577,7.597672013354003,2.991912665651722,1.2663375690109557,stable_or_general,False,0.44999999999999996,3.404024951534577,reject_valuation
ESAB,ESAB Corporation,76.43,4751485625.0,27.531428983105798,2.0068874339122753,8.57984628207602,3.5960612548970103,196607000.0,,2539497000.0,9.654896574899643,-32.956159954911406,-33.636928667049155,0.549522438832919,692150.6666666666,Producer Manufacturing,Industrial Machinery,NYSE:ESAB,US,52901075.45333333,3.208848745999231,7.289441587444546,3.7768913644258264,15.039951209000446,cyclical,True,0.2,3.408848745999231,reject_valuation
IR,Ingersoll Rand Inc.,78.58,30488997544.999996,32.3787547900614,2.9957492232324965,9.46576789080465,5.29111912879415,1219300000.0,,4832800000.0,7.847317463981642,83.52468427095293,89.48313554028732,0.101807075591754,4002716.7,Producer Manufacturing,Industrial Machinery,NYSE:IR,US,314533478.286,3.420615756014381,9.252206400945463,3.499571171126563,2.2561454318634433,cyclical,True,0.0,3.420615756014381,reject_valuation
WAB,Westinghouse Air Brake Technologies Corporation,292.23,49360817475.00001,39.35651564941012,4.406642822169501,11.501249148308,5.81814839495393,1714000000.0,,6936000000.0,13.425487597046015,9.800520381613183,10.817264640916962,0.383259761147042,1033897.6333333333,Producer Manufacturing,Trucks/Construction/Farm Machinery,NYSE:WAB,US,302135905.389,3.421934012724177,11.19673006986722,3.5150008443381937,2.6477043885757334,cyclical,True,0.0,3.421934012724177,reject_valuation
BG,Bunge Limited,115.48,22185917242.0,22.3932982993659,1.3906155846245218,7.52720226561336,2.59187025251488,-709000000.0,,16857000000.0,80.49777847678213,-26.705370101596515,-48.493323079074315,2.44198129546242,1377093.3666666667,Process Industries,Agricultural Commodities/Milling,NYSE:BG,US,159026741.98266667,2.9749829364444698,6.209963204321265,3.6060275339124876,17.499716558829036,cyclical,False,0.44999999999999996,3.4249829364444695,reject_valuation
RDY,Dr. Reddy's Laboratories Ltd,12.18,10287802042.72467,27.370786516853933,2.5047297853088755,9.13130892813275,6.11914699623024,,,760119904.393413,-6.764131820270561,-44.22760787096634,-44.326285499812336,0.527947454844007,2693362.7666666666,Health Technology,Pharmaceuticals: Major,NYSE:RDY,US,32805158.498,2.9974658323657164,9.151106358476598,2.990981138745108,0.21680824183762937,health_special,False,0.43000000000000005,3.4274658323657166,reject_valuation
PRIM,Primoris Services Corporation,73.12,3936220029.0,28.77493998661997,2.4503249562513783,8.8903704368773,3.04347475411566,87978000.0,,1279100000.0,5.122456569397684,-42.05825839036193,-42.291009015965294,0.437636761487965,1184819.0333333334,Industrial Services,Engineering & Construction,NYSE:PRIM,US,86633967.71733335,3.23664128406409,8.515482421130164,3.3791320988718563,4.216787347713858,cyclical,True,0.2,3.4366412840640903,reject_valuation
VCYT,"Veracyte, Inc.",43.34,3484134328.9999995,30.750674045693206,2.508617221709321,8.77445908348854,8.08932792080467,165988000.0,,40107000.0,17.275305815344094,334.71805581925196,323.6248872858431,0.0,1359072.6333333333,Health Technology,Medical Specialties,NASDAQ:VCYT,US,58902207.92866667,3.5045663502561326,8.15792596279907,3.769423035452791,7.026451600300243,health_special,True,0.0,3.5045663502561326,reject_valuation
AVNT,Avient Corporation,44.67,4097111838.0,24.17076997997944,1.681280166690253,7.090423757090421,2.80109737108773,186900000.0,,1875800000.0,2.356519601818852,42.97729184188393,43.06394178665428,2.45130960376091,816379.4,Process Industries,Chemicals: Major Diversified,NYSE:AVNT,US,36467667.798,3.4089316531763956,6.955840331453451,3.474888558134695,1.8981013018070647,cyclical,True,0.1,3.5089316531763957,reject_valuation
ABT,Abbott Laboratories,112.47,194616211951.0,36.353351865020365,3.8077923133176244,10.6319154167691,5.59483267258066,7824000000.0,,32608000000.0,8.063281449349324,-61.21277359167564,-61.310089540293134,2.2050324530986,8761185.6,Health Technology,Medical Specialties,NYSE:ABT,US,985370544.4319999,3.4192664670452837,10.47439126784215,3.470688743185511,1.4816158965908932,health_special,True,0.1,3.519266467045284,reject_valuation
PPLC,PPL Corporation Corporate,46.08,25737032727.0,27.36992159657876,2.3043640895261452,8.62568613412431,2.8534692772715,-1992000000.0,,20323000000.0,6.734044969339087,28.29614604462475,26.567433468651323,3.26023391812865,283924.56666666665,Utilities,Electric Utilities,NYSE:PPLC,US,13083244.032,3.173071819562258,8.419330254180162,3.2508430920606437,2.3923416263406327,stable_or_general,False,0.35,3.523071819562258,reject_valuation
MDU,"MDU Resources Group, Inc.",19.79,4162815942.0,20.811862446103692,1.422250202485596,6.89082859236174,2.66025541972293,-386131000.0,,2577157000.0,-29.92758519698243,-8.764149192800149,-9.593078532040321,2.82971197574533,1394480.1666666684,Utilities,Gas Distributors,NYSE:MDU,US,27596762.498333365,3.0202264019704343,6.8338439491842005,3.0454108406423495,0.8269635852022894,cyclical,False,0.53,3.550226401970434,reject_valuation
SWK,"Stanley Black & Decker, Inc.",97.8,14769428571.0,23.84726049108776,1.6485572595516869,6.8861046066430704,2.91409638356177,1289100000.0,,4757900000.0,0.5678820177289995,29.730294794062306,30.0409043345911,3.39468302658487,1933608.2,Consumer Durables,Tools & Hardware,NYSE:SWK,US,189106881.95999998,3.4630987841924665,6.912983821214133,3.4496334879168637,0.39033991068233576,stable_or_general,True,0.1,3.5630987841924666,reject_valuation
ITT,ITT Inc.,202.99,18147306801.0,39.860579283259696,3.780294829102702,11.4611934212315,5.25309161137588,509500000.0,,3834700000.0,28.07060222726781,-18.55072463768116,-19.95190040554559,0.726144145031775,842399.5,Producer Manufacturing,Auto Parts: OEM,NYSE:ITT,US,170998674.505,3.4778733608508197,9.483793003204843,4.203020802941363,17.25300625643037,cyclical,True,0.1,3.5778733608508198,reject_valuation
ACMR,"ACM Research, Inc.",74.42,5183292948.0,35.350560516815506,2.786245337850031,10.554963036657,5.524188203133951,-118738000.0,,349319000.0,27.30805749994478,33.98469551567907,27.72721757068316,0.0,952607.5000000003,Producer Manufacturing,Industrial Machinery,NASDAQ:ACMR,US,70893050.15000002,3.349188471247536,7.881757169096863,4.48511160118197,25.326529882446668,cyclical,False,0.25,3.599188471247536,reject_valuation
FTS,Fortis Inc.,54.66,27925792769.682877,22.804372031176154,1.6755646239562625,7.41982298714306,2.39520167862068,-1272128000.0,,25574208000.0,-0.4713201096905031,-2.157907593068888,-4.048210703254894,3.33289508282935,749204.6666666666,Utilities,Electric Utilities,NYSE:FTS,US,40951527.08,3.0734388233642735,7.3475587122748935,3.1036665270981745,0.9739352945937418,stable_or_general,False,0.53,3.6034388233642733,reject_valuation
UNM,Unum Group,93.05,14730447592.000002,21.713258972324635,1.3627080765899053,6.35079870760749,1.31023989677689,693000000.0,,3763800000.0,3.3443156711500444,-53.74234744256468,-48.71469602680708,2.02579258463192,1431555.3666666667,Finance,Multi-Line Insurance,NYSE:UNM,US,133206226.86833332,3.418980819895106,6.275926052034799,3.4597697283709548,1.1789486491360912,financial_special,True,0.2,3.618980819895106,reject_valuation
GEF.B,"Greif, Inc. Corporation",107.53,4382716956.0,27.793429657008453,2.036887496488533,8.65295748613678,3.61274348235029,-228100000.0,,1233600000.0,-24.384525205158265,41.67717528373266,42.05617771250229,3.19910722589045,77305.9,Process Industries,Containers/Packaging,NYSE:GEF.B,US,8312703.426999999,3.2120150482118195,7.328665521402851,3.792427090012459,15.304500996978499,cyclical,False,0.43000000000000005,3.6420150482118196,reject_valuation
AVT,"Avnet, Inc.",88.63,7274127563.0,22.210805934242178,1.4484712442585348,6.66511992527804,2.41887295113763,-354497000.0,,3475815000.0,24.467317641553976,39.202887389318825,46.114976199194444,1.57960058670879,1172320.9,Distribution Services,Electronics Distributors,NASDAQ:AVT,US,103902801.36699998,3.332394042904733,6.521470893703326,3.4057969890944957,2.1552355124160982,stable_or_general,False,0.35,3.682394042904733,reject_valuation
VMRK,Vivmark Residential,65.54,50713483825.0,28.764538073293835,2.3405370736215687,8.13405961315884,4.2386900292765,1207710000.0,,8261669000.0,4.217389854801212,-13.460483297726466,-12.81472411418075,4.25694232529753,4555818.466666667,Finance,Real Estate Development,NYSE:VMRK,US,298588342.3053334,3.536307752989679,8.136883921645932,3.5350803022731747,0.034722003789133815,financial_special,True,0.2,3.736307752989679,reject_valuation
CBZ,"CBIZ, Inc.",54.51,2957923891.9999995,25.519662921348313,1.5751212331890267,6.96594694879076,2.87422329078977,274259000.0,,1906261000.0,14.318042957475049,20.049323407532363,23.190495414960502,0.0,1676324.1,Commercial Services,Miscellaneous Commercial Services,NYSE:CBZ,US,91376426.691,3.6634879807372562,6.172186670504057,4.1346226683815175,11.39486539478305,financial_special,True,0.1,3.7634879807372563,reject_valuation
BILI,Bilibili Inc.,16.6,7034435072.92305,34.590539695769955,2.95521952296348,10.1169771389869,3.7500311596667704,,,1402170837.38615,10.339378515698437,618.9768773152393,593.4971098265896,0.0,2477899.566666667,Technology Services,Packaged Software,NASDAQ:BILI,US,41133132.80666667,3.4190587979557105,8.543432825723938,4.048786992462703,15.553502707830912,technology_strict,False,0.35,3.7690587979557106,reject_valuation
HTO,H2O America,63.55,2659999856.0,22.4550369244903,1.4424567569395674,6.462725306983081,2.07996935101355,-276001000.0,,1891491000.0,5.04173127417631,4.042880211677271,-7.276718432605995,2.70653029110936,380051.6666666667,Utilities,Water Utilities,NASDAQ:HTO,US,24152283.416666668,3.4745460866528344,6.423755889558882,3.4956242594754454,0.602987371010355,stable_or_general,False,0.35,3.8245460866528345,reject_valuation
BEN,"Franklin Templeton, Inc.",34.65,17604865509.0,23.622852467957454,1.498110823883129,6.33946061540132,2.20625857617973,240400000.0,,16710000000.0,8.38505001852538,180.2437223042836,181.2655800575264,3.78066378066378,3989332.066666667,Finance,Investment Managers,NYSE:BEN,US,138230356.11,3.7263189884904757,6.34178631016385,3.724952452292124,0.03668600380417608,financial_special,True,0.1,3.826318988490476,reject_valuation
POR,Portland General Electric Co,49.6,5833343839.0,21.95273081349031,1.3929055054028445,6.44514106583072,1.9525907916730003,-189000000.0,,5211000000.0,2.9493087557603688,-12.585034013605442,-17.086238532110098,4.28679435483871,1084205.6,Utilities,Electric Utilities,NYSE:POR,US,53776597.760000005,3.4060900435327865,6.3450215703773925,3.4598354899185306,1.5534104596114706,stable_or_general,False,0.44999999999999996,3.8560900435327863,reject_valuation
EE,"Excelerate Energy, Inc.",38.56,4372785337.000001,26.561961837845285,1.763388559650871,7.02911724472816,1.16185726358389,24095000.0,,1392424000.0,48.97386387913778,31.896216456469805,37.030394562960176,0.829875518672199,349866.8333333333,Utilities,Gas Distributors,NYSE:EE,US,13490865.093333334,3.778847458799576,6.638773786424195,4.001034331394534,5.553235843330439,cyclical,True,0.1,3.878847458799576,reject_valuation
SRE,DBA Sempra,84.31,55130340337.0,24.432723795171995,1.6863403035132523,7.08143180900935,2.12000669182296,-5243000000.0,,36664000000.0,0.8791208791208791,-15.985267034990791,-16.443895588164086,3.0897876882932,3651739.533333333,Utilities,Gas Distributors,NYSE:SRE,US,307878160.0553333,3.4502519340915585,6.901974244257122,3.5399616009146313,2.534198868142923,cyclical,False,0.44999999999999996,3.9002519340915587,reject_valuation
TPC,Tutor Perini Corporation,88.84,4670240295.0,38.435580167863634,3.6883609047029506,10.1090443010065,2.4221160743407,621333000.0,,464856000.0,24.701437647813908,,,0.202611436289959,896095.2,Industrial Services,Engineering & Construction,NYSE:TPC,US,79609097.568,3.802098301620542,9.59621498776497,4.005285439818556,5.072975228632348,cyclical,True,0.1,3.902098301620542,reject_valuation
AS,"Amer Sports, Inc.",31.05,17955338624.0,32.45192307692308,2.6150715712663852,8.83206310463829,5.67803347171635,,,1101600000.0,30.49086537617802,143.92857142857142,132.23300970873785,0.0,6187026.166666667,Consumer Durables,Recreational Products,NYSE:AS,US,192107162.47500002,3.6743309793473355,8.058294619606045,4.027145271899924,8.760903040037038,stable_or_general,False,0.25,3.9243309793473355,reject_valuation
EPRT,"Essential Properties Realty Trust, Inc.",30.37,6622153051.0,23.603015465920574,1.489919616947897,6.5006137796164,3.88638467820744,-688555000.0,,2930618000.0,22.728158109610334,19.62829762995062,8.417593528816976,4.08297662166612,1603815.5,Finance,Real Estate Investment Trusts,NYSE:EPRT,US,48707876.735,3.6308902922261264,6.312412153858607,3.739143593704142,2.8951362461791863,financial_special,False,0.35,3.9808902922261264,reject_valuation
AMH,American Homes 4 Rent,33.54,12068195652.0,26.52851380210393,1.7727825550585352,6.83372713456909,3.574466103474,783001000.0,,5149176000.0,4.152906235994093,12.293373851031602,13.757423070001803,3.7567084078712,2045818.8666666667,Finance,Real Estate Investment Trusts,NYSE:AMH,US,68616764.788,3.8819978146196092,6.6825551113908945,3.9698159401460344,2.2121460251679714,financial_special,True,0.1,3.9819978146196093,reject_valuation
CP,Canadian Pacific Kansas City Limited,94.12,82738932281.12883,31.052441542756036,2.529004772026718,8.33135839706991,4.43305705540462,1691712000.0,,17703488000.0,-0.7341781775654934,-11.371989065263643,-8.052163002709598,0.727884394831409,2514964.3333333335,Transportation,Railroads,NYSE:CP,US,236708443.05333337,3.727176297406315,8.144302497259474,3.812780965982668,2.24520289363882,stable_or_general,True,0.28,4.007176297406315,reject_valuation
EGP,"EastGroup Properties, Inc.",200.0,10754663086.000002,35.105580031946076,3.0076318658596186,8.73196738463645,5.6910663213745,444750000.0,,1668397000.0,10.800743783173083,28.86802343769817,22.85911453278988,3.1,468382.3333333333,Finance,Real Estate Investment Trusts,NYSE:EGP,US,93676466.66666666,4.020351712915574,8.567389751494417,4.097581766467736,1.884771505578453,financial_special,True,0.0,4.020351712915574,reject_valuation
ZBH,"Zimmer Biomet Holdings, Inc.",100.91,19247340609.0,24.557091404652972,1.5235741046454288,6.415389937532061,3.53328413219484,1200100000.0,,7479000000.0,8.61778447241441,-2.0043731778425657,0.06331271611552519,0.951342780695669,2187965.4,Health Technology,Medical Specialties,NYSE:ZBH,US,220787588.51399997,3.8278408083951714,6.204212378167671,3.9581319767627905,3.2917338060611923,health_special,True,0.2,4.027840808395172,reject_valuation
CVS,CVS Health Corporation,93.06,119020976431.0,24.567702420866443,1.4921919684282583,6.22608717795278,1.9097422238538102,11758000000.0,,76306000000.0,7.412592117247661,7.923195762524829,5.683276602868143,2.85837094347733,7603254.833333333,Retail Trade,Drugstore Chains,NYSE:CVS,US,707558894.79,3.945929717762903,6.073795354834945,4.044868321305842,2.4460277982794154,stable_or_general,True,0.1,4.0459297177629026,reject_valuation
MMSI,"Merit Medical Systems, Inc.",90.49,5403196006.000001,37.29854498990149,3.2165404612637745,9.18976012768273,5.34194303686557,203205000.0,,820121000.0,10.513459572331477,22.19629110385413,23.258649596098156,0.0,989435.1,Health Technology,Medical Specialties,NASDAQ:MMSI,US,89533982.19899999,4.058707133992039,8.623769270717254,4.325086144935705,6.15892960318426,health_special,True,0.0,4.058707133992039,reject_valuation
PLD,"Prologis, Inc.",140.7,136060430831.0,31.32932531730127,2.446321329087943,7.90614593891072,4.23513191502141,4374869000.0,,37092485000.0,7.349967040742281,22.021344520368817,22.353902738046575,2.95664534470505,4521965.333333333,Finance,Real Estate Investment Trusts,NYSE:PLD,US,636240522.3999999,3.962654567646105,7.808407312675161,4.012255516748631,1.2362360496601887,financial_special,True,0.1,4.0626545676461046,reject_valuation
NESR,National Energy Services Reunited Corp,34.44,3473334506.0,37.82952548330404,3.33319138557785,9.43773689973819,4.75929342452628,156334000.0,,299062000.0,23.54762862334463,27.84097909565075,20.168954593453,0.0,2071880.7333333334,Industrial Services,Oilfield Services/Equipment,NASDAQ:NESR,US,71355572.456,4.008325924444181,8.811084313095455,4.293401826501648,6.639860734622937,cyclical,True,0.1,4.1083259244441805,reject_valuation
TKR,Timken Company (The),120.82,8372443807.0,32.7709666919822,2.6246747669085906,8.22680150098582,3.79339418600389,385500000.0,,2203600000.0,5.454021842670743,-16.494512588766945,-16.14047857337822,1.16702532693263,934539.1666666666,Producer Manufacturing,Industrial Machinery,NYSE:TKR,US,112911022.11666666,3.9834395771011675,8.009146607050647,4.091692698337313,2.645680631884584,cyclical,True,0.2,4.183439577101168,reject_valuation
STAG,"Stag Industrial, Inc.",37.18,7168613930.0,28.51445663010967,1.9742204404561203,6.97783304524249,3.45223789190193,96353000.0,,3502145000.0,9.631351379615577,5.490035210063925,3.189300411522634,4.08822485207101,1597107.2666666666,Finance,Real Estate Investment Trusts,NYSE:STAG,US,59380448.174666665,4.086434347917069,6.923577278942268,4.1184571907408385,0.7775446323871837,financial_special,True,0.1,4.186434347917069,reject_valuation
KWR,Quaker Houghton,165.91,2854929691.0,29.54606165298381,2.073667374054173,7.169322870317931,3.42046545867438,74588000.0,,923806000.0,7.785072522445345,,,1.22476041227171,151657.3,Process Industries,Chemicals: Specialty,NYSE:KWR,US,25161462.643,4.121178832007821,7.018422280469169,4.209786825623822,2.104809513789818,cyclical,True,0.1,4.221178832007821,reject_valuation
STVN,Stevanato Group S.p.A.,21.03,5741267926.999999,36.561196105702365,3.241643480874612,9.2030651047295,5.45832077538204,-12251500.0,,506469323.70000005,14.729079490883013,7.4906625198755155,7.453764244348972,0.295753685211602,450811.3333333333,Health Technology,Medical Specialties,NYSE:STVN,US,9480562.34,3.9727194896093243,8.866349644313251,4.12359060632717,3.658731700628848,health_special,False,0.25,4.222719489609324,reject_valuation
MGA,"Magna International, Inc.",65.86,17482823849.529514,24.59994645234857,1.499237110942461,6.23545772305226,2.34533074038702,3408116954.8799996,,6461237200.0,-2.632279118509799,-39.95407405637078,-38.186016586009615,2.95824223874071,1292362.0,Producer Manufacturing,Auto Parts: OEM,NYSE:MGA,US,85114961.32,3.9451709152647227,6.094473066624615,4.0364353379566404,2.2610153526729904,cyclical,True,0.28,4.225170915264723,reject_valuation
BABA,Alibaba Group Holding Limited,118.9,288842721941.8073,28.00546448087432,1.8463756453579805,7.06711598318972,3.82554199299292,,,39279924543.873604,7.755226410640256,-49.19401722751949,-50.47707920214628,0.866274179983179,11935331.366666667,Retail Trade,Internet Retail,NYSE:BABA,US,1419110899.496667,3.9627854626257517,6.592912060497764,4.247814049981415,6.710006229131215,hybrid_platform,False,0.44999999999999996,4.412785462625751,reject_valuation
HLIO,"Helios Technologies, Inc.",73.08,2408028212.0000005,34.02393035057498,2.5431195878670785,7.67741935483871,4.60987184039771,106900000.0,,350600000.0,13.976982097186703,104.58452722063036,104.95229007633586,0.574712643678161,296099.73333333334,Producer Manufacturing,Industrial Machinery,NYSE:HLIO,US,21638968.512,4.431688407007665,7.474502685795975,4.551999213972013,2.6430322438339426,cyclical,True,0.1,4.531688407007665,reject_valuation
AKAM,"Akamai Technologies, Inc.",107.47,15445224657.000002,38.768442696872405,3.249808585760232,8.91848709177764,3.20946615433185,629879000.0,,9338986000.0,5.867457082604033,-3.2114856064870314,-1.7160078000354546,0.0,3502884.1,Technology Services,Data Processing Services,NASDAQ:AKAM,US,376454954.227,4.3469752546499505,8.382613176315195,4.624863617280039,6.008574211611439,technology_strict,True,0.2,4.546975254649951,reject_valuation
ACLS,"Axcelis Technologies, Inc.",115.57,3568973651.0,38.86273454838926,3.3485146960013976,8.88687120606991,6.84700426960024,65552000.00000001,,69809000.0,-3.3496710144539374,-41.45387318833721,-39.19977101265563,0.0,371071.0,Producer Manufacturing,Industrial Machinery,NASDAQ:ACLS,US,42884675.47,4.373050272388919,8.616261143003337,4.510394230558688,3.0450544043188255,cyclical,True,0.18,4.553050272388918,reject_valuation
RHI,Robert Half Inc.,45.31,4638014733.000001,39.434290687554395,3.8405009688131995,9.11105316487648,4.03395367349682,215061000.0,,240809000.0,-4.949267609811842,-35.538220477482184,-34.369109499057515,5.20856323107482,2274219.9,Commercial Services,Personnel Services,NYSE:RHI,US,103044903.669,4.3281813829794515,9.738988331861325,4.049115713440605,6.892015177845323,financial_special,True,0.28,4.608181382979452,reject_valuation
BWA,BorgWarner Inc.,64.09,13052976688.000002,32.551170704454265,2.322180538032817,7.189882189882189,2.92944622877916,1213000000.0,,4065000000.0,2.172674170109702,97.61904761904762,110.21780909673289,1.06100795755968,2138196.0,Producer Manufacturing,Trucks/Construction/Farm Machinery,NYSE:BWA,US,137036981.64000002,4.5273580073761455,7.13393861964864,4.562861056135282,0.7780874394892834,cyclical,True,0.1,4.627358007376145,reject_valuation
CPT,Camden Property Trust,106.35,14382704923.000002,35.19774946218765,2.8683403461804953,7.759574969465201,3.5045766627961905,322319000.0,,4873028000.0,0.7216309547938553,109.11835942770136,110.85136078157711,3.96803008932769,888295.8,Finance,Real Estate Investment Trusts,NYSE:CPT,US,94470258.33,4.536040904391639,8.14921519133462,4.319158180976102,5.0214119124139645,financial_special,True,0.1,4.636040904391638,reject_valuation
NWSA,News Corporation,30.97,17456929515.0,30.146987248126152,1.9739316103126292,6.6242774566474,3.69105900541098,805000000.0,,2915000000.0,1.063472517631255,23.49137931034483,26.23494716146475,0.645786244752987,3762276.7666666666,Consumer Services,Publishing: Newspapers,NASDAQ:NWSA,US,116517711.46366666,4.550984985973668,6.547691131011186,4.604216455071306,1.1561461025362263,stable_or_general,True,0.1,4.650984985973667,reject_valuation
ITGR,Integer Holdings Corporation,125.33,4260223232.0000005,34.16755268395082,2.4786767153311087,7.503580939757811,3.7794214524267398,111976000.0,,1364531000.0,2.6181312777518846,55.41044324481346,61.989931107578144,0.0,1304557.4,Health Technology,Medical Specialties,NYSE:ITGR,US,163500178.94199997,4.553499583500678,7.2544754324631295,4.709858486949184,3.319821686400326,health_special,True,0.1,4.653499583500678,reject_valuation
LBRT,Liberty Energy Inc.,19.02,3103900912.0,25.835370823145883,1.580595407464532,6.12313337936453,3.08794997291007,-316580000.0,,1613101000.0,2.286127171857368,-43.537615762092756,-43.451878024425845,1.84016824395373,5142728.566666666,Industrial Services,Oilfield Services/Equipment,NYSE:LBRT,US,97814697.338,4.219305578123325,6.117951309018867,4.2228794441466535,0.08463102180865656,cyclical,False,0.44999999999999996,4.669305578123325,reject_valuation
BEKE,KE Holdings Inc,18.32,20644019350.127552,30.21606465446149,2.1047576484158594,7.1052770742135,4.04280701348138,,,2120464084.6523397,-11.193299784179805,26.580350088958703,31.375947995666287,1.23362445414847,3797970.7,Finance,Real Estate Development,NYSE:BEKE,US,69578823.224,4.252622992581352,6.965690841891569,4.337841764774069,1.9645431256793633,financial_special,False,0.43000000000000005,4.682622992581352,reject_valuation
ESLOY,EssilorLuxottica,93.72,87057043148.40092,30.02787478773509,1.9213201757479046,6.51977772460097,3.9558502859714504,4931091050.0,,17510782800.0,15.297427148600784,12.326204582807392,11.300905784180888,1.80191567203183,131977.16666666666,Health Technology,Medical Specialties,OTC:ESLOY,US,12368900.059999999,4.605659281056685,6.398455399623118,4.69298805919688,1.8608352938178974,health_special,True,0.1,4.705659281056684,reject_valuation
RBA,"RB Global, Inc.",86.06,15932788578.883018,37.9522875448054,2.8644269481367752,8.01608441672605,3.8978631900086094,595137509.12,,4510381040.0,4.098994309289951,9.678898111339182,8.982224948666111,1.43100434491979,1864873.5,Technology Services,Internet Software/Services,NYSE:RBA,US,160491013.41,4.734516950147834,7.547442152874483,5.028496645098641,5.8462740596109,technology_strict,True,0.1,4.834516950147834,reject_valuation
NXST,"Nexstar Media Group, Inc.",183.32,5647777785.0,34.982729996374246,2.493343987487036,7.34350807343508,1.14313259649485,743000000.0,,12085000000.0,10.513447432762836,-73.44000000000001,-73.58466788654154,4.05847698014401,325096.4,Consumer Services,Broadcasting,NASDAQ:NXST,US,59596672.048,4.763762720289397,7.127356806474098,4.908233296893157,2.9434333672608504,stable_or_general,True,0.2,4.963762720289397,reject_valuation
FTV,Fortive Corporation,59.69,18027397856.0,35.2402881095761,2.9802650433733664,7.324831080053761,4.03359768513557,954900000.0,,3509300000.0,-29.80041965549212,-30.498114189101315,-23.54428094249345,0.402077399899481,2521616.633333335,Electronic Technology,Electronic Equipment/Instruments,NYSE:FTV,US,150515296.84366676,4.81107178096419,8.456982627686058,4.167004907188547,15.45635025926071,technology_strict,True,0.28,5.0910717809641906,reject_valuation
DHR,Danaher Corporation,216.07,151894208315.0,38.36402052520374,2.8884123958302697,7.60615736548635,4.58654956979544,5466000000.0,,27858000000.0,4.555865572814725,17.31614415470261,19.62321056879488,0.666450687277271,5429660.433333344,Health Technology,Medical Specialties,NYSE:DHR,US,1173186729.8303356,5.0438110443630935,7.528961658053252,5.0955260854819455,1.0149107324991857,health_special,True,0.1,5.143811044363093,reject_valuation
NWS,News Corporation,34.85,17456929515.0,33.92387812712936,2.2212307594250933,6.6242774566474,3.69105900541098,805000000.0,,2915000000.0,1.063472517631255,23.49137931034483,26.23494716146475,0.573888091822095,1096036.4,Consumer Services,Publishing: Newspapers,NASDAQ:NWS,US,38196868.54,5.121143905753384,6.547691131011187,5.181044348054084,1.1561461025362152,stable_or_general,True,0.1,5.221143905753384,reject_valuation
HSAI,Hesai Group,17.42,2781600221.3173203,37.41408934707904,2.0620338377148597,7.30724919339177,5.64197152242149,,,117637280.042444,38.166253861593034,391.9838509101119,322.50453720508165,0.0,1640068.4,Producer Manufacturing,Auto Parts: OEM,NASDAQ:HSAI,US,28569991.528,5.120133220708288,5.5113832080369605,6.788511692041308,24.576498458255415,cyclical,False,0.25,5.370133220708288,reject_valuation
MAA,"Mid-America Apartment Communities, Inc.",129.61,15037604980.0,37.86555260159515,2.7575668732838348,7.0913178437943705,3.38208089984713,644943000.0,,5715268000.0,0.8465767184584724,-29.490254951261637,-29.495973140538425,4.71028470025461,959591.0333333333,Finance,Real Estate Investment Trusts,NYSE:MAA,US,124372593.83033335,5.339706023011137,7.2825211407786705,5.199511524870965,2.696301325029782,financial_special,True,0.2,5.539706023011137,reject_valuation
HUM,Humana Inc.,385.54,46295762589.0,36.511544216527454,2.4096060243525583,6.830987796085129,2.37836229579835,1949000000.0,,14247000000.0,18.332385671350824,-18.845177664974617,-18.957127726526167,0.91819266483374,1262609.9333333333,Health Services,Managed Health Care,NYSE:HUM,US,486786633.69733334,5.344987475669682,6.599573028362402,5.532410060410729,3.387720409270112,stable_or_general,True,0.2,5.544987475669682,reject_valuation
SOFI,"SoFi Technologies, Inc.",18.06,23325761359.0,38.07716635041113,2.1038799460400224,7.09450684282883,1.24684646643011,-5461178000.0,,3405137000.0,34.07733681418247,13.295477005753236,-4.336425978217027,0.0,62140910.3,Finance,Finance/Rental/Leasing,NASDAQ:SOFI,US,1122264840.018,5.36713364212197,5.525305971244643,6.891413172153031,22.118533484400594,financial_special,False,0.35,5.717133642121969,reject_valuation
GFS,GlobalFoundries Inc.,44.76,24562095522.0,34.93599750234156,2.0783630151679637,6.16364653725305,4.25039328010448,796000000.0,,1678000000.0,1.4030985092078339,,,0.268096514745308,4286243.933333334,Electronic Technology,Semiconductors,NASDAQ:GFS,US,191852278.456,5.6680728349993075,5.949058746722955,5.8725252161253385,3.4815070791799463,technology_strict,True,0.1,5.768072834999307,reject_valuation
PSN,Parsons Corporation,49.0,5233464081.0,33.89127126850187,1.9886952819624932,6.11634471731727,2.66167606983059,308138000.0,,1645379000.0,-5.843247371435719,-60.11518512981765,-59.52860821856455,0.0,1651114.3333333333,Technology Services,Information Technology Services,NYSE:PSN,US,80904602.33333333,5.541098946327397,5.867868650329332,5.775737885100706,4.062492852707045,technology_strict,True,0.28,5.821098946327397,reject_valuation
PECO,"Phillips Edison & Company, Inc.",39.07,5512776838.000001,36.02914053854666,2.113288947233766,6.16173762673304,2.68247448447929,239130000.0,,2584775000.0,8.070118287819882,108.7612766390168,105.8075536154868,3.2966470437676,831865.0,Finance,Real Estate Investment Trusts,NASDAQ:PECO,US,32500965.55,5.847237049210314,5.865499192168661,6.142553149892354,4.807709326653775,financial_special,True,0.1,5.9472370492103135,reject_valuation
FBIN,"Fortune Brands Innovations, Inc.",45.5,5431402122.000001,36.84807256235828,2.355602840183996,6.406229832637781,2.30180016540807,400500000.0,,2799900000.0,-2.311045865029583,-62.15048296898831,-61.18079788739036,2.24175824175824,2469511.6666666665,Producer Manufacturing,Building Products,NYSE:FBIN,US,112362780.83333333,5.751912361093982,6.3927437078224125,5.764046588833138,0.21051578178885588,cyclical,True,0.28,6.031912361093982,reject_valuation
STNE,StoneCo Ltd.,9.705,2360529924.0,3.9235900545785323,1.2877142375683497,34.180599463206,6.19347102397081,814053860.0,,3142322472.20317,-29.502853431479608,,,0.0,4299078.466666667,Commercial Services,Miscellaneous Commercial Services,NASDAQ:STNE,US,41722556.519,0.11478997197817184,32.819795637561185,0.11954949683136087,3.9812169681507914,financial_special,True,0.22999999999999998,0.34478997197817185,watch
TGOPY,3i Group,9.65,39175412381.43941,5.346260387811634,0.9646421177743058,19.5768906064979,18.6070875743943,329257710.0,,1662880700.0,-21.51370735277341,10.50392785942034,8.839845634346348,2.34661873502136,1717155.2666666666,Miscellaneous,Investment Trusts/Mutual Funds,OTC:TGOPY,US,16570548.323333334,0.27309037452746043,18.043305933498672,0.2963015983609702,7.833647864846361,stable_or_general,True,0.08,0.35309037452746045,watch
AGNC,AGNC Investment Corp.,10.9,12921747302.0,5.717282979281405,1.1999793031092676,19.7990388816077,2.0251942747597,886000000.0,,107958000000.0,133.36439888164026,499.47089947089944,487.157376039421,13.2110091743119,18156772.033333335,Finance,Real Estate Investment Trusts,NASDAQ:AGNC,US,197908815.16333336,0.28876568269141945,20.98862881997999,0.2723990703880034,6.008321643720582,financial_special,True,0.1,0.3887656826914194,watch
NLY,Annaly Capital Management Inc.,23.04,17365580846.0,5.774291371143581,1.1435134151891735,19.4759999241091,2.30672863434637,886447000.0,,124974903000.0,19.42815047771217,304.3824504672385,297.10390127388536,12.3697916666667,6852856.033333333,Finance,Real Estate Investment Trusts,NYSE:NLY,US,157889803.008,0.29648240879255994,19.80352811608646,0.29157892155858367,1.681701546794101,financial_special,True,0.1,0.3964824087925599,watch
AMP,"Ameriprise Financial, Inc.",559.32,49406538060.0,13.492025202867648,7.771159013096707,63.4318766066838,2.0628360337954,8222000000.0,,6532000000.0,8.79060579455663,22.41860465116279,28.977620972132762,1.1621254380319,444380.5,Finance,Investment Managers,NYSE:AMP,US,248550901.26000002,0.21270102548796416,57.5981655551977,0.2342440088641003,9.196812964652846,financial_special,True,0.2,0.41270102548796417,watch
WU,Western Union Company (The),7.24,2258003652.0,5.838709677419355,2.467949045715007,43.9748651504198,4.95709244087282,565400000.0,,2697200000.0,-1.6503100434549094,-55.87546032808838,-53.20048309178744,12.9834254143646,11186786.333333334,Finance,Regional Banks,NYSE:WU,US,80992333.05333334,0.132773793789874,42.26874056196973,0.1381330411030177,3.879772189440789,financial_special,True,0.28,0.412773793789874,watch
SFTBY,Softbank Group Corp,15.79,184783099882.06387,5.585623828221726,1.604684581410049,34.2972508409334,9.08361351958572,-22991826690.0,,172182291955.08398,5.26371312602526,176.72855915276418,182.3229801258364,0.138271057631412,3973047.8,Miscellaneous,Miscellaneous,OTC:SFTBY,US,62734424.761999995,0.162859228983897,28.728833712400686,0.1944257077798015,16.235753572081833,stable_or_general,False,0.25,0.412859228983897,watch
CMBT,CMB.TECH NV,18.35,5324615138.701258,6.422872182320626,1.7079158058018031,37.4127454375252,9.70867767871242,,,5446747154.430131,92.4834476598034,210.83493201915022,112.31711710403222,3.3920251572327,889715.5333333333,Transportation,Marine Shipping,NYSE:CMBT,US,16326280.036666667,0.17167604534786285,26.591153573053386,0.241541690347325,28.9248803794487,cyclical,False,0.25,0.42167604534786285,watch
VIRT,"Virtu Financial, Inc.",66.39,10303743246.000002,11.019452927898021,3.1359304701061603,31.646120377084802,2.21645486080452,469325000.0,,5280193000.0,27.581377959558708,36.66235057397,36.75943160666454,1.44600090375056,1359819.6666666667,Finance,Investment Banks/Brokers,NYSE:VIRT,US,90278427.67,0.34820865232748377,28.4581320926278,0.38721631103654397,10.07386765413888,financial_special,True,0.1,0.44820865232748375,watch
ARR,"ARMOUR Residential REIT, Inc.",16.32,2310145562.0,4.379914656074716,0.8629313863796433,20.3313718066215,2.21065059082454,319490000.0,,19441457000.0,34.23993211149995,,,17.6470588235294,3328868.3666666667,Finance,Real Estate Investment Trusts,NYSE:ARR,US,54327131.744,0.21542642069278717,19.70201371807101,0.22230796906091815,3.0955023327325137,financial_special,True,0.25,0.46542642069278717,watch
BKE,"Buckle, Inc. (The)",43.43,2237339680.0,10.013141816337352,4.575783851897586,45.7642520466643,20.8009177997484,,,421381000.0,6.224878565574589,9.559009569923948,8.68519307389681,3.22357817177067,416472.2,Retail Trade,Apparel/Footwear Retail,NYSE:BKE,US,18087387.646,0.21879832770187702,45.697783331419295,0.2191165760430411,0.1452415636056581,stable_or_general,False,0.25,0.468798327701877,watch
NATL,NCR Atleos Corporation,46.26,3418472065.9999995,17.941358982314615,7.357736120344952,48.1572481572482,3.41522913399547,157000000.0,,2936000000.0,3.781117895725693,61.98347107438017,59.27847788485296,0.0,654990.0666666667,Electronic Technology,Computer Processing Hardware,NYSE:NATL,US,30299840.483999997,0.37255781152051237,41.009915289013016,0.43748832095542733,14.84165549679446,technology_strict,True,0.1,0.47255781152051235,watch
VG,"Venture Global, Inc.",14.18,35451317536.0,10.776713786289708,4.132243446838892,48.3977471353661,6.92055616240535,-6990000000.0,,42808000000.0,100.7223208999408,127.64920828258222,147.3308270676692,0.493653032440057,14761942.0,Industrial Services,Oil & Gas Pipelines,NYSE:VG,US,209324337.56,0.2226697403114193,38.34418848625257,0.28105207625279255,20.77278229706483,cyclical,False,0.25,0.4726697403114193,watch
SUZ,Suzano S.A.,8.9,11130786707.307,7.093329082649239,1.1430185965272783,17.7565258214949,4.99287618971576,944787720.0,,18770509954.694298,0.8744760541851557,11.52866696248189,12.357840064475678,2.06255056179775,3270050.3333333335,Process Industries,Pulp & Paper,NYSE:SUZ,US,29103447.96666667,0.399477305074088,16.11399362991883,0.44019684043309193,9.250301596654264,cyclical,True,0.1,0.49947730507408805,watch
XP,XP Inc.,17.66,9130494190.0,9.208948219220941,1.8681287295137894,22.6879063988307,1.3669301859718903,8915046050.0,,17948251045.7018,16.843331464224402,17.08083585611785,20.428284350665656,0.00215175537938845,4181460.0,Finance,Investment Banks/Brokers,NASDAQ:XP,US,73844583.6,0.4058967829528579,20.286016220773465,0.4539554794297518,10.586654122396332,financial_special,True,0.1,0.5058967829528579,watch
OMF,"OneMain Holdings, Inc.",62.84,7229205726.000001,9.47655743390991,2.137689811819343,23.2821582948278,2.88980981277288,3232000000.0,,22769000000.0,6.933333333333333,17.79788838612368,19.86587371884095,6.66772756206238,917963.9333333333,Finance,Finance/Rental/Leasing,NYSE:OMF,US,57684853.57066667,0.40703088235660506,22.557662175613054,0.4201037040157005,3.1118082354748555,financial_special,True,0.1,0.5070308823566051,watch
TBBK,"The Bancorp, Inc.",65.7,2679693161.9999995,12.35101703199609,3.822836824217584,29.6291565084594,2.56927530272706,159946000.0,,958256000.0,2.6465995336096673,3.3531029012695,14.380940093751345,0.0,365628.56666666665,Finance,Regional Banks,NASDAQ:TBBK,US,24021796.83,0.41685348107934694,30.951595437965015,0.39904298493273843,4.4633026563818845,financial_special,True,0.1,0.5168534810793469,watch
DX,"Dynex Capital, Inc.",12.91,3203834846.0,4.925788851158,0.9992809202363288,18.2307849849323,2.31204334636678,236576000.0,,22644742000.0,136.4503549750633,566.9271112062507,234.59721690284687,15.8017041053447,5384553.333333333,Finance,Real Estate Investment Trusts,NYSE:DX,US,69514583.53333333,0.270190716155621,20.286718542582445,0.24280855678155233,11.277262933819742,financial_special,True,0.25,0.520190716155621,watch
VAL,Valaris Limited,86.29,5991615786.999999,6.44296604917531,1.8567071366709882,33.8570193139768,18.8832058844494,-25203600.0,,1165500000.00357,-13.221563692261995,241.05263157952922,248.70079150177045,0.0,1036569.1,Industrial Services,Contract Drilling,NYSE:VAL,US,89445547.639,0.1902992696854308,28.817583741709207,0.22357759439248429,14.884463175963115,cyclical,False,0.33,0.5202992696854308,watch
PLGO,Pelagos Insurance Capital Limited,24.52,2028498751.0,6.004946979159013,0.9135325768250346,17.6368317964744,3.88566995563529,630100000.0,,720500000.0,-4.457274826789838,,,2.44698205546493,451981.73333333334,Finance,Multi-Line Insurance,NYSE:PLGO,US,11082592.101333333,0.34047764635139294,15.212999881523917,0.39472471083444755,13.74301202688233,financial_special,True,0.18,0.5204776463513929,watch
CEF,Sprott Physical Gold and Silver Trust,45.54,7986167640.0,4.162058912234844,1.0892532276960214,32.5899629547373,32.5696616416223,-33595070.0,,0.0,373.02594658476266,35.11110615965542,34.410662735704214,0.0,644999.0333333333,Miscellaneous,Investment Trusts/Mutual Funds,AMEX:CEF,US,29373255.978,0.12770983870142277,26.171018975585326,0.15903312424012173,19.69607632898187,stable_or_general,False,0.4,0.5277098387014227,watch
KMT,Kennametal Inc.,29.54,2251510057.9999995,6.711043460481178,1.4341121588339902,23.9951111193651,11.9880661689685,-80913000.0,,763706000.0,19.821175628391853,267.6660402684564,268.00434746258674,2.708192281652,1495376.5333333334,Producer Manufacturing,Industrial Machinery,NYSE:KMT,US,44173422.79466667,0.27968378337973493,21.369436322070328,0.314048688946934,10.942540687697576,cyclical,False,0.25,0.529683783379735,watch
ITUB,Itau Unibanco Banco Holding SA,7.5,86878756682.79211,9.77453408054216,1.9646777142677516,22.0869194141528,1.54232439375177,20982577910.0,,202887972256.301,7.531306700434179,18.424164695475206,12.95451199764463,7.09970172473467,20371179.366666667,Finance,Major Banks,NYSE:ITUB,US,152783845.25,0.44254854637079266,20.099962802101945,0.48629612784755966,8.996078515040251,financial_special,True,0.1,0.5425485463707926,watch
UAL,"United Airlines Holdings, Inc.",110.6,35898964550.0,10.33702824457446,2.1500246786286574,23.2590621882275,4.32443795909282,2544000000.0,,33668000000.0,8.476037732595238,5.649546827794562,7.196601576980504,0.0,3332284.8333333335,Transportation,Airlines,NASDAQ:UAL,US,368550702.56666666,0.4444301391397678,20.799253206617955,0.4969903554655222,10.575701469402187,cyclical,True,0.1,0.5444301391397678,watch
TAL,TAL Education Group,11.94,5749715391.0,7.37401185770751,1.4094033407816877,23.7967151231581,14.5837080912495,,,405514151.18504,32.552184041421704,768.5072637630195,850.7927187316501,0.0,5034101.066666666,Commercial Services,Miscellaneous Commercial Services,NYSE:TAL,US,60107166.735999994,0.3098751999821769,19.1131146515386,0.3858090108361226,19.681710048550315,financial_special,False,0.25,0.5598751999821769,watch
CHTR,"Charter Communications, Inc.",153.62,26901193974.000004,3.991062845860071,1.0808995093453622,29.697536262477005,3.20565612111703,4358000000.0,,95114000000.0,-1.495780667125421,-6.458966565349544,4.731715280801037,0.0,3076170.8666666667,Consumer Services,Cable/Satellite TV,NASDAQ:CHTR,US,472561368.53733337,0.13439036863481502,27.082998967720567,0.14736413979178975,8.803886193279675,stable_or_general,True,0.43000000000000005,0.5643903686348151,watch
SYF,Synchrony Financial,78.05,25395195804.999996,8.004389338420044,1.6709208604353987,20.7864338680611,2.90222121393363,9694000000.0,,16432000000.0,-2.398970398970399,7.027684818983876,18.484270386526852,1.53747597693786,3594709.2333333334,Finance,Finance/Rental/Leasing,NYSE:SYF,US,280567055.66166663,0.3850775649746731,20.8750572940673,0.3834427482359483,0.4263522380448803,financial_special,True,0.18,0.5650775649746731,watch
BFH,"Bread Financial Holdings, Inc.",105.74,4062453481.0,8.266297677400189,1.2160886201292913,17.3939672331955,2.56589795134732,2170000000.0,,3285000000.0,0.8485362749257531,98.6013986013986,116.66525517031114,0.851144316247399,518799.5333333333,Finance,Finance/Rental/Leasing,NYSE:BFH,US,54857862.65466666,0.47523934974560494,14.711406092403875,0.5618971854545182,15.422365150096951,financial_special,True,0.1,0.575239349745605,watch
VIPS,Vipshop Holdings Limited,13.5,6419249904.0,4.495055439017081,0.9682041748964022,24.4915671733848,12.973834868922102,,,1704964187.81501,2.3812083736364005,55.03389200576013,63.04560260586318,4.44444444444444,2360594.8666666667,Retail Trade,Internet Retail,NYSE:VIPS,US,31868030.7,0.1835348227083605,21.539315544195293,0.20869072788287693,12.054155654023413,stable_or_general,False,0.4,0.5835348227083605,watch
SLM,SLM Corporation,26.41,4963679197.0,7.393203068137282,2.232273038858118,30.332625654273205,2.52830722070798,-328146000.0,,5844116000.0,4.7599952792535785,66.3257299084378,80.38681007928092,1.96895115486558,2351723.4999999763,Finance,Finance/Rental/Leasing,NASDAQ:SLM,US,62109017.63499937,0.2437376556979907,30.193584814119532,0.2448600626143595,0.45838709031800207,financial_special,False,0.35,0.5937376556979906,watch
BCO,Brinks Company (The),110.97,4570813559.0,25.672643146327356,14.724517376310471,64.1302424349673,2.51364679933136,393600000.0,,4555600000.0,8.116530898045326,11.186232329440688,15.76987974395372,0.919167342525007,503700.5333333333,Commercial Services,Miscellaneous Commercial Services,NYSE:BCO,US,55895648.184,0.40032038195335484,57.3548944391295,0.4476103285932052,10.56498110498879,financial_special,True,0.2,0.6003203819533549,watch
TIMB,TIM S.A.,17.65,8461838974.348101,10.386018594798163,1.744671092430994,17.288744938499,7.593627061289851,1699043070.0,,3187335078.58461,13.985698863528057,28.825103240977185,29.923547400611618,6.64871954674221,566791.5666666667,Communications,Wireless Telecommunications,NYSE:TIMB,US,10003871.151666665,0.600738725207885,16.798266597604712,0.6182791857987966,2.8369806058164415,stable_or_general,True,0.0,0.600738725207885,watch
URBN,"Urban Outfitters, Inc.",81.09,6944148815.0,12.646008452505342,2.433379156122474,20.9421912307199,11.5736369941162,295211000.0,,1213374000.0,11.010349212848395,19.695892508581814,25.49023445144625,0.0,1167402.2,Retail Trade,Apparel/Footwear Retail,NASDAQ:URBN,US,94664644.398,0.6038531647994424,19.242270517701492,0.6571993903147725,8.117205569801179,stable_or_general,True,0.0,0.6038531647994424,watch
IBM,International Business Machines Corporation,235.59,221957439707.99997,20.911778020397836,6.441593240961631,34.5539936411614,7.1204320815208,13790000000.0,,65272000000.0,7.895065584009994,83.867649579976,82.7337312658146,2.85665775287576,7218295.966666667,Technology Services,Information Technology Services,NYSE:IBM,US,1700558346.787,0.6051913488658895,30.803661145782776,0.6788731352883615,10.853542818596651,technology_strict,True,0.0,0.6051913488658895,watch
TCOM,Trip.com Group Limited,45.35,28895076183.72141,7.138809306425716,1.3090648773707858,20.0452039330401,12.2143701838669,,,4541125039.80777,19.2795302245485,86.94358846599808,85.68338594645154,0.0,2655082.566666667,Consumer Services,Other Consumer Services,NASDAQ:TCOM,US,120407994.39833334,0.3561355289910003,18.33729997791765,0.38930536747626393,8.520262307271164,stable_or_general,False,0.25,0.6061355289910003,watch
PUK,Prudential Public Limited Company,27.65,34222904249.7072,9.751366602010226,1.7370818281765352,19.1852686840806,1.72078335053076,1433333570.0,,5919000000.0,38.570361844519034,5.098304763660171,9.762706615569241,1.81555153707052,1120729.6,Finance,Multi-Line Insurance,NYSE:PUK,US,30988173.44,0.5082736532171497,17.813727029998432,0.5474074339181723,7.148931175617246,financial_special,True,0.1,0.6082736532171497,watch
IESC,"IES Holdings, Inc.",309.8,12345129595.0,27.53117029690652,10.04287184640695,45.1753956242729,24.2517430538164,416671000.0,,76943000.0,22.659690265772685,82.70603190950125,82.836948574214,0.0,336602.93333333335,Industrial Services,Engineering & Construction,NASDAQ:IESC,US,104279588.74666667,0.6094284270554108,36.47818722597272,0.7547296724576308,19.252091272504856,cyclical,True,0.0,0.6094284270554108,watch
KO,Coca-Cola Company (The),89.66,385766543686.0,27.013346991654362,10.672386538937664,44.2295512473932,13.4894348778592,14297000000.0,,43543000000.0,7.415353243553252,17.508002954937208,17.602664493498224,2.31987508364934,15175731.0,Consumer Non-Durables,Beverages: Non-Alcoholic,NYSE:KO,US,1360656041.46,0.6107533590055692,39.5078275277582,0.6837467074765066,10.675495424370352,stable_or_general,True,0.0,0.6107533590055692,watch
ALLE,Allegion plc,157.48,13391593158.999998,20.659888488028862,6.322603750041152,33.7302501856447,12.8187161820188,681328670.0,,2222300000.0148,10.62529020321665,5.1740657941275865,5.885703172751004,1.34620269240538,1286167.0666666667,Consumer Durables,Tools & Hardware,NYSE:ALLE,US,202545589.65866664,0.612503268559257,30.603281105339523,0.6750873678190087,9.270518490360868,stable_or_general,True,0.0,0.612503268559257,watch
AN,"AutoNation, Inc.",200.09,6615136606.0,9.268875681534977,2.9341716988295428,32.7665693862877,5.3326082766596,-35500000.0,,11331300000.0,-0.05680142440495046,22.230987693278635,35.24606083388153,0.0,407033.0,Retail Trade,Specialty Stores,NYSE:AN,US,81443232.97,0.28287598778692585,31.65617707738667,0.2927983268123719,3.388796354633672,stable_or_general,False,0.33,0.6128759877869259,watch
GLPI,"Gaming and Leisure Properties, Inc.",42.56,12381557470.0,12.480938416422287,2.484595333794525,20.2979306145377,7.265491194730809,627728000.0,,8379888000.000001,5.755536344450429,34.840494437990486,30.98256126603672,7.42481203007519,2565657.2,Finance,Real Estate Investment Trusts,NASDAQ:GLPI,US,109194370.43200001,0.6148872342426493,19.907119568231508,0.6269585297684057,1.92537384094853,financial_special,True,0.0,0.6148872342426493,watch
BSTZ,BlackRock Science and Technology Term Trust,31.29,2151006018.0,6.842485075116447,1.2526948553035353,18.5424664640371,18.2141807179929,-47750320.0,,17504892.0,101.97126030514781,13.266245711490832,22.673498403841503,7.86967082134867,169548.0,Miscellaneous,Investment Trusts/Mutual Funds,NYSE:BSTZ,US,5305156.92,0.36901698532864374,18.307600843136903,0.37375105202173653,1.2666363525894453,stable_or_general,False,0.25,0.6190169853286438,watch
HRMY,"Harmony Biosciences Holdings, Inc.",39.21,2283448915.0,12.70617972066496,2.2806389977054016,20.455639293740504,14.6121143432005,354899000.0,,220966000.0,24.25429790803428,0.2023172511387255,-0.5318463125322246,0.0,766703.2666666667,Health Technology,Pharmaceuticals: Major,NASDAQ:HRMY,US,30062435.086000003,0.6211577911697482,17.9490535144583,0.7079024924868541,12.253764075949592,health_special,True,0.0,0.6211577911697482,watch
MLI,"Mueller Industries, Inc.",62.8,13890191530.0,16.36865975082104,3.9152705526765983,26.313960809429,21.963585466725,666374000.0,,24684000.0,14.814672494676337,19.83931397041314,21.80455901962029,0.955414012738854,1240348.8,Producer Manufacturing,Metal Fabrication,NYSE:MLI,US,77893904.64,0.622052296473578,23.919310513374263,0.684328243561563,9.100303498197293,cyclical,True,0.0,0.622052296473578,watch
CCK,"Crown Holdings, Inc.",118.44,12881594558.000002,17.042707493956485,4.616417201883673,27.231677665856203,5.40056485499759,1199000000.0,,6272000000.0,10.759493670886076,40.754039497307005,45.86822828117456,1.03005741303614,987660.5,Process Industries,Containers/Packaging,NYSE:CCK,US,116978509.62,0.6258412611619989,27.08734632405503,0.6291759735364567,0.5300126697009966,cyclical,True,0.0,0.6258412611619989,watch
MD,"Pediatrix Medical Group, Inc.",26.61,2162149644.0000005,12.780979827089338,2.453341790801213,20.3887492491529,8.26029039500128,228612000.0,,619956000.0,0.5101186412294375,59.03309739987991,61.79670500466272,0.0,762447.1,Health Services,Medical/Nursing Services,NYSE:MD,US,20288717.331,0.6268643392934147,19.19525595057544,0.6658405524780817,5.853685696914668,stable_or_general,True,0.0,0.6268643392934147,watch
UNP,Union Pacific Corporation,307.41,182624751781.0,24.894118409225268,8.832212104104089,39.6956486420622,10.4873843776603,6504000000.0,,31169000000.0,4.1692288771368835,5.695746214852199,7.263409337676438,1.79564750658729,2853742.8,Transportation,Railroads,NYSE:UNP,US,877269074.148,0.6271246159420866,35.47911180831793,0.7016556260968445,10.622163834038856,stable_or_general,True,0.0,0.6271246159420866,watch
RCL,Royal Caribbean Cruises Ltd.,279.41,74936359452.0,17.256691824054744,7.3004830322100736,45.3388301984025,10.5762988964489,-416000000.0,,23518000000.0,8.717411545623836,22.09270052733833,22.036223309239748,1.78948498622097,1927270.1666666667,Consumer Services,Hotels/Resorts/Cruise lines,NYSE:RCL,US,538498557.2683334,0.380616168272087,42.30522922147603,0.40790919093506467,6.690955553223232,cyclical,False,0.25,0.630616168272087,watch
DOO,BRP Inc.,61.91,4428902844.628588,22.993373563033927,8.860449930558982,53.3298871370725,4.72930641932674,699429990.0,,2149641830.0,17.85917906405744,,,1.0807669959326,215464.66666666666,Producer Manufacturing,Trucks/Construction/Farm Machinery,NASDAQ:DOO,US,13339417.513333332,0.43115361380635636,38.53479745487971,0.5966911747740936,27.742585774024487,cyclical,True,0.2,0.6311536138063564,watch
INTR,Inter & Co. Inc.,5.38,2367228302.9999995,8.249003373198406,1.1681101584330822,15.503320684278203,1.63562343647375,1058504349.9999999,,6307388981.73282,51.13193820153076,48.11198230607827,46.33161319273054,0.00210226765799257,5131175.133333334,Finance,Major Banks,NASDAQ:INTR,US,27605722.217333335,0.5320797744681665,14.160621660409966,0.5825311607795323,8.660718895080688,financial_special,True,0.1,0.6320797744681664,watch
NEM,Newmont Corporation,127.98,134851539067.00002,16.160519237811425,3.8456095056688033,25.527429292554405,15.242097051575302,9733000000.0,,5598000000.0,23.60527601367855,36.96033136848813,42.18029048995494,0.796999531176746,7635776.333333333,Non-Energy Minerals,Precious Metals,NYSE:NEM,US,977226655.14,0.633064890812369,23.796323924240465,0.6791183079059232,6.781354081818369,cyclical,True,0.0,0.633064890812369,watch
ZION,Zions Bancorporation N.A.,67.78,9892718148.000002,8.634394904458599,1.2989815509356768,16.1938782657421,1.29935818899142,1819000000.0,,3431000000.0,3.9026352846509758,38.44311377245509,43.201138312233205,2.65565063440543,1506856.5,Finance,Major Banks,NASDAQ:ZION,US,102134733.57000001,0.5331888237498073,15.044268478673743,0.5739325189987424,7.099039329573942,financial_special,True,0.1,0.6331888237498072,watch
TMDX,"TransMedics Group, Inc.",88.43,3066323011.9999995,23.00408418095263,5.911175283092021,36.2849427258615,12.883590851146401,79041000.0,,867720000.0,25.819323460545224,111.68680751304736,98.78477608853035,0.0,882250.1,Health Technology,Medical Specialties,NASDAQ:TMDX,US,78017376.34300001,0.6339843045847458,25.69619914704742,0.895232950574166,29.18219730650732,health_special,True,0.0,0.6339843045847458,watch
SGHC,Super Group (SGHC) Limited,13.82,7021895536.0,18.99656357388316,8.402748221560163,49.4321977287909,29.7906602254428,,,107000000.0,17.331829718539232,178.34192690886087,175.8816837315131,1.30246020260492,2401614.7,Consumer Services,Casinos/Gaming,NYSE:SGHC,US,33190315.154000003,0.3842953468932852,44.232990818994345,0.4294659534015895,10.517855059412751,stable_or_general,False,0.25,0.6342953468932853,watch
CRUS,"Cirrus Logic, Inc.",108.48,5436753222.0,13.272971980912763,2.499747098779415,20.9040361313439,17.7368595696352,572102000.0,,130464000.0,6.246076991773799,22.97941498219126,27.963049945201202,0.0,758390.8,Electronic Technology,Semiconductors,NASDAQ:CRUS,US,82270233.98400001,0.6349478109163341,18.833363789015632,0.7047584345317054,9.905610233917772,technology_strict,True,0.0,0.6349478109163341,watch
NCLH,Norwegian Cruise Line Holdings Ltd.,16.65,7645477289.000001,10.521991911021232,2.9713890038976056,36.7304648762226,3.3361510699758,-1185394000.0,,15978819000.0,6.20555770665686,5.7849033253843,13.899085870582311,0.0,14827696.433333334,Consumer Services,Hotels/Resorts/Cruise lines,NYSE:NCLH,US,246881145.61499998,0.28646498067691556,28.239795554159592,0.37259447898061676,23.116149906285077,cyclical,False,0.35,0.6364649806769156,watch
SKYW,"SkyWest, Inc.",98.87,3838956438.0,9.825785357224492,1.393963533056759,15.341043164437702,5.62041963586,284089000.0,,2384091000.0,9.101531684227805,0.49030904178903967,2.4757617728531867,0.0,384477.8,Transportation,Airlines,NASDAQ:SKYW,US,38013320.086,0.6404900404688117,14.186789985513329,0.6926010300609211,7.523954965461965,cyclical,True,0.0,0.6404900404688117,watch
CNK,"Cinemark Holdings, Inc.",35.99,4171667674.9999995,20.014458903347794,8.415917987475506,45.4266030736619,4.52668377639069,313000000.0,,2967600000.0,4.537966617971591,-25.79639889196676,-1.317089232795523,0.972492358988608,2526743.5,Consumer Services,Movies/Entertainment,NYSE:CNK,US,90937498.565,0.4405889401611909,42.04919067818409,0.4759772680650349,7.434877730129063,stable_or_general,True,0.2,0.6405889401611908,watch
TGT,Target Corporation,163.18,74131279300.0,16.933358238382834,4.154641891917697,26.4137329765806,7.377861377491899,4456000000.0,,19090000000.0,1.9547519878833777,11.838085539714868,12.33563368460318,2.79446010540507,4341435.766666667,Retail Trade,Specialty Stores,NYSE:TGT,US,708435488.4046667,0.6410816015061779,24.53525067756715,0.6901644682956181,7.1117637960487645,stable_or_general,True,0.0,0.6410816015061779,watch
BBD,Banco Bradesco Sa,3.25,34669393697.9366,7.464400551217271,0.9826122974684883,13.786160645373698,1.05977190288304,36573625420.0,,161735946831.016,32.3740590420876,27.516294525967645,27.683284457477995,1.93827692307692,28790700.266666684,Finance,Major Banks,NYSE:BBD,US,93569775.86666672,0.5414415763189401,13.163981363623995,0.5670321421028167,4.513071461694396,financial_special,True,0.1,0.64144157631894,watch
NOC,Northrop Grumman Corporation,545.57,77505330531.0,17.298868979862327,4.333769779174504,26.9584769899565,8.97279821182669,3646000000.0,,17052000000.0,5.903557936841065,13.967046894803548,15.966068289956544,1.72296863830489,770734.7,Electronic Technology,Aerospace & Defense,NYSE:NOC,US,420489730.279,0.6416856926415797,25.052330208520917,0.6905093792025204,7.070676812142351,technology_strict,True,0.0,0.6416856926415797,watch
EPD,Enterprise Products Partners L.P.,39.02,84262805036.00002,13.563210400083424,2.7857320828237704,21.0675388609772,7.84195597058011,3522000000.0,,34254000000.0,7.3817209259430046,7.224987128882788,7.479358912093255,5.65094823167606,3125077.7666666666,Industrial Services,Oil & Gas Pipelines,NYSE:EPD,US,121940534.45533334,0.6437966242561997,20.538884236483096,0.6603674398237843,2.509332618217286,cyclical,True,0.0,0.6437966242561997,watch
SU,Suncor Energy Inc.,65.43,76528864181.37326,12.39799649286203,2.2632147834841674,19.2510485966596,9.73633265167008,7270208000.0,,10334720000.0,9.025994590555362,51.1448099683394,58.695846324526144,2.60182237347678,4192190.6666666665,Energy Minerals,Integrated Oil,NYSE:SU,US,274295035.32,0.6440166846294961,18.25468159139407,0.6791680496200438,5.175650563982348,cyclical,True,0.0,0.6440166846294961,watch
AES,The AES Corporation,14.73,10508950231.0,5.504895732117498,2.1256208746648504,28.2233052724856,3.7186223000583802,-1720000000.0,,32117000000.0,8.219747340425531,89.20792079207921,88.92889924451038,4.77800407331976,6947935.6,Utilities,Electric Utilities,NYSE:AES,US,102343091.388,0.1950478754692181,38.61328130636936,0.14256482603589174,36.81346296463992,stable_or_general,False,0.44999999999999996,0.645047875469218,watch
MORN,"Morningstar, Inc.",217.65,8164828037.0,20.634047837999262,7.975013456575658,31.9599742258272,11.1295900319421,497500000.0,,1904800000.0,9.333730936355117,4.330611234842861,12.230544974783475,0.898231104985068,370087.4,Commercial Services,Financial Publishing/Services,NASDAQ:MORN,US,80549522.61000001,0.6456215418761091,38.64977690847953,0.5338723658576222,20.93181501143462,financial_special,True,0.0,0.6456215418761091,watch
CRK,"Comstock Resources, Inc.",14.29,4195838004.9999995,8.301382595561751,1.6268381620485637,20.9208843488892,7.09554149713187,-735224000.0,,3169938000.0,17.310164625988406,,,0.0,2165052.7666666666,Energy Minerals,Oil & Gas Production,NYSE:CRK,US,30938604.035666663,0.39679883780833175,19.597195326454848,0.4236005437143071,6.327117918916436,cyclical,False,0.25,0.6467988378083318,watch
TRN,"Trinity Industries, Inc.",29.27,2331925920.9999995,7.0508033628020135,2.0407835995462444,32.3854660347552,4.08989555216524,-351300000.0,,5226500000.0,-18.945948091118343,251.70984455958546,261.2339018447616,4.20225486846601,700301.4333333333,Producer Manufacturing,Trucks/Construction/Farm Machinery,NYSE:TRN,US,20497822.95366667,0.2177150501782276,28.943986869820037,0.24360166394885646,10.626616153190028,cyclical,False,0.43000000000000005,0.6477150501782276,watch
GL,Globe Life Inc.,172.79,13278814486.000002,11.472601602804575,2.1628594757190576,20.9454035885578,3.95034095997112,1232375000.0,,2943249000.0,5.244677688537889,13.767876550208257,20.325157785411843,0.694484634527461,624965.2,Finance,Multi-Line Insurance,NYSE:GL,US,107987736.90799999,0.5477383882481934,18.852388940188842,0.6085489557425635,9.992715774225235,financial_special,True,0.1,0.6477383882481934,watch
DBRG,"DigitalBridge Group, Inc.",15.93,3031164154.0,10.350877192982457,1.9175120732241648,15.873708408532,9.65864948899207,178688000.0,,319684000.0,99.25070006975665,527.1042399555638,,0.251098556183302,3686762.1,Finance,Investment Managers,NYSE:DBRG,US,58730120.253,0.6520768132176938,18.525116639623285,0.5587482872222793,16.70314310212586,financial_special,True,0.0,0.6520768132176938,watch
EXPD,"Expeditors International of Washington, Inc.",190.97,24824310981.0,27.786750476523054,11.719488336356742,42.5955991299139,18.5215762588129,923864000.0,,567285000.0,6.767076431233889,7.736441762104826,12.143265073019503,0.827355081950045,1019700.2333333333,Transportation,Air Freight/Couriers,NYSE:EXPD,US,194732153.55966666,0.6523385289587126,42.17653426678483,0.6588201463107385,0.983821971492782,stable_or_general,True,0.0,0.6523385289587126,watch
AWI,Armstrong World Industries Inc,175.09,7399797877.000001,23.98657442290568,8.380856284278032,36.618082573602,16.2996277915633,246700000.0,,579400000.0,8.56813524590164,6.52027027027027,8.054297302898426,0.756753669541379,481848.6,Producer Manufacturing,Miscellaneous Manufacturing,NYSE:AWI,US,84366871.374,0.6550472536264805,34.9397797972971,0.6865118945243397,4.583262307444791,cyclical,True,0.0,0.6550472536264805,watch
SOLV,Solventum Corporation,91.12,15510787622.000002,11.137594269859314,3.229321902648987,33.9609236234458,9.78271992359382,-118000000.0,,5286000000.0,-1.1773100249732429,278.3641160949868,276.8621309134461,0.0,1160491.7333333334,Health Services,Medical/Nursing Services,NYSE:SOLV,US,105744006.74133335,0.3279532203938702,28.994788501033977,0.38412400454178647,14.62308616065825,stable_or_general,False,0.33,0.6579532203938703,watch
TGS,Transportadora de Gas del Sur SA TGS,28.15,4483151388.532682,10.783374832407585,1.5830668644703558,16.3730168934259,10.3208762127136,279827720.0,,1130678085.52325,10.993368502987414,15.601400512834084,15.60092108759189,0.0,197713.96666666667,Utilities,Gas Distributors,NYSE:TGS,US,5565648.161666666,0.6586064683496009,14.680625398578558,0.7345310257321652,10.336467041250474,cyclical,True,0.0,0.6586064683496009,watch
BSAC,Banco Santander - Chile,35.14,16611525918.750002,13.45535304028182,3.0688830628046833,24.0520766047386,1.6719753717121901,1106507720.0,,18157284227.764,7.694358465279179,9.881898130808233,9.883451844995166,3.12322993739328,272852.63333333336,Finance,Regional Banks,NYSE:BSAC,US,9588041.535333334,0.5594258350911341,22.8078970029047,0.5899427307378762,5.172857305754541,financial_special,True,0.1,0.6594258350911341,watch
ENVA,"Enova International, Inc.",232.72,5794348869.999999,17.25577429281133,3.8684134368522898,26.080965368165497,5.49090576263803,1952781000.0,,5045455000.0,17.6534170189129,38.7384222667182,43.19767256665356,0.0,321548.76666666666,Finance,Finance/Rental/Leasing,NYSE:ENVA,US,74830828.97866666,0.6616232968843162,22.418080876636473,0.7697257578722914,14.044282639936146,financial_special,True,0.0,0.6616232968843162,watch
PAC,"Grupo Aeroportuario Del Pacifico, S.A. B. de C.V. Grupo Aeroportuario Del Pacifico, S.A. de C.V. (each representing 10 Series B shares)",207.56,12347627783.974201,19.11427492655794,4.098270022998964,28.6185880833429,9.41026647536424,8919060.0,,3716761771.22828,16.79707839231315,22.73292235737591,17.582917347944267,3.80416361534014,138751.1,Transportation,Other Transportation,NYSE:PAC,US,28799178.316000003,0.6678972027164111,21.440886660601006,0.8914871492549624,25.0805574399374,stable_or_general,True,0.0,0.6678972027164111,watch
IFS,Intercorp Financial Services Inc.,54.65,6309216832.074311,9.938893536536574,1.5986885196027296,17.4460948081034,2.08917414366975,1303974680.0,,4101784080.2440195,9.22382986959617,19.43287245405131,22.155821651522896,3.30275229357798,257405.53333333333,Finance,Regional Banks,NYSE:IFS,US,14067212.396666666,0.5696915926376908,16.085176018092533,0.6178914999349309,7.800707292836362,financial_special,True,0.1,0.6696915926376907,watch
EIX,Edison International,70.17,27002395208.0,7.228506088138946,1.5476646298750223,22.5807394417653,4.176577433724,-389000000.0,,43540000000.0,10.74177547180569,38.508425959125134,42.63841542259315,4.93088214336611,3391534.4,Utilities,Electric Utilities,NYSE:EIX,US,237983968.848,0.32011821874925467,21.410573789438207,0.3376138425446941,5.182140537713098,stable_or_general,False,0.35,0.6701182187492547,watch
TILE,"Interface, Inc.",38.58,2229941884.0,15.594809814462993,3.2872034231903764,23.2254924644365,11.4228110915525,124029000.0,,290401000.0,6.54030609037764,52.28713720730712,52.86085022244191,0.259201658890617,424438.2,Producer Manufacturing,Building Products,NASDAQ:TILE,US,16374825.756,0.671452277635972,21.078829830561617,0.7398328057021697,9.242700180251973,cyclical,True,0.0,0.671452277635972,watch
NXPI,NXP Semiconductors N.V.,223.58,56378865436.0,19.081513343745467,4.94788652569535,28.3765738268685,11.4610420880648,2836214260.0,,10976000000.091301,8.76918000364755,38.50093109916129,39.66719511759026,1.81411575275069,3920863.566666667,Electronic Technology,Semiconductors,NASDAQ:NXPI,US,876626676.2353334,0.6724389441856451,25.930262639871625,0.7358781362439735,8.620882851898692,technology_strict,True,0.0,0.6724389441856451,watch
NTB,Bank of N.T. Butterfield & Son Limited (The) Voting,59.3,2332072501.0,10.437935647398437,2.0302281456039912,21.136849167694,1.6430130307978401,210239000.0,,39086000.0,-1.4084576488889875,6.839636617240169,14.16055460665126,3.37268128161889,183336.76666666666,Finance,Regional Banks,NYSE:NTB,US,10871870.263333332,0.49382647170288724,19.45047578550657,0.5366416617518537,7.978357459090535,financial_special,True,0.18,0.6738264717028872,watch
SEIC,SEI Investments Company,111.63,13397740767.0,19.704859578824735,5.357839662220439,29.2199249421833,23.7572522049862,679159000.0,,67852000.0,11.205444865748158,2.5503756867763188,6.380861172140525,0.9316491982442,677068.1,Finance,Investment Managers,NASDAQ:SEIC,US,75581112.00299999,0.6743637986002436,27.190448329700803,0.7246978549191713,6.945523017249943,financial_special,True,0.0,0.6743637986002436,watch
PHYS,Sprott Physical Gold Trust ETV,33.8,16030528800.0,6.244572948805586,1.0869009463434303,19.0232484415658,19.0229286833076,-61429430.0,,0.0,1074.1989996001562,-20.54365906732554,-27.944993942943857,0.0,4234753.166666667,Miscellaneous,Investment Trusts/Mutual Funds,AMEX:PHYS,US,143134657.03333333,0.32826007440249755,17.405528852878952,0.3587695037357458,8.503908223961021,stable_or_general,False,0.35,0.6782600744024976,watch
FSLR,"First Solar, Inc.",204.46,21973273494.0,12.604337480118856,2.1291136770301375,18.5091772344458,13.3046657930565,1500119000.0,,194010000.0,23.82062868645269,38.85079226227162,38.72032564821782,0.0,2292341.0,Electronic Technology,Semiconductors,NASDAQ:FSLR,US,468692040.86,0.6809777290727992,16.891912648232747,0.746175861940509,8.737636285654593,technology_strict,True,0.0,0.6809777290727992,watch
SQM,Sociedad Quimica y Minera S.A.,78.63,21694756364.9141,16.229437140085448,3.573527266381166,23.7939889153009,9.85367565550602,1944265070.0,,5292358424.8596,58.56238751019303,189.60030783487946,189.59354453078302,0.841510873712324,931229.6666666666,Process Industries,Chemicals: Specialty,NYSE:SQM,US,73222588.69,0.6820813945008182,22.018799762037535,0.7370718347721438,7.460662268871687,cyclical,True,0.0,0.6820813945008182,watch
LEVI,Levi Strauss & Co,21.29,8193468817.000001,17.42225859247136,3.605620635869574,25.403447643499,8.42052474412455,575400000.0,,2295600000.0,4.339589877973701,19.146311374290647,20.72712902588421,2.7242837012682,2114206.7666666666,Consumer Non-Durables,Apparel/Footwear,NYSE:LEVI,US,45011462.06233333,0.6858226031744904,20.69548340550784,0.8418386877512919,18.532776747710365,stable_or_general,True,0.0,0.6858226031744904,watch
NEE/PV,"NextEra Energy, Inc. 7.375% Corporate",45.1,170716454099.0,10.119141107047499,1.6468611228671597,17.2326566162912,4.30871310846846,3048000000.0,,110197000000.0,11.827956989247312,57.18390804597702,55.29809401024427,2.90738025415445,248367.9,Utilities,Electric Utilities,NYSE:NEE/PV,US,11201392.290000001,0.5872072619076728,16.274712502232028,0.6217708058228181,5.558888193440625,stable_or_general,True,0.1,0.6872072619076728,watch
IBP,"Installed Building Products, Inc.",245.56,6526782849.999999,26.43101629604116,10.206066449987947,38.4509202453988,11.7388148807155,291700000.0,,1197200000.0,0.2740282147569268,0.3201280512204882,3.333370407856829,0.618993321387848,324861.13333333336,Industrial Services,Engineering & Construction,NYSE:IBP,US,79772899.90133335,0.6873961956529249,38.61397660867325,0.6844935077239462,0.4240636172913481,cyclical,True,0.0,0.6873961956529249,watch
EEFT,"Euronet Worldwide, Inc.",69.95,2616381354.0000005,10.983230749905792,2.1270617598995796,22.3427331887202,4.4206008583691,245400000.0,,2806800000.0,5.7586306933565545,-13.315299068229635,-12.938635462660445,0.0,693612.4,Commercial Services,Miscellaneous Commercial Services,NASDAQ:EEFT,US,48518187.38,0.49157955103947226,19.366448801212925,0.5671267284282862,13.321039831464565,financial_special,True,0.2,0.6915795510394722,watch
AXP,American Express Company,333.2,225013238419.00003,20.215993204708166,6.560967872720374,34.1457554324158,3.76607222418217,15192000000.0,,59049000000.0,9.414642397116799,12.843672456575684,15.718377892608398,1.062424969988,2673190.7666666666,Finance,Finance/Rental/Leasing,NYSE:AXP,US,890707163.4533333,0.5920499619556343,32.4543434808455,0.6229056279212554,4.953505729044672,financial_special,True,0.1,0.6920499619556343,watch
PRDO,Perdoceo Education Corporation,33.57,2100711652.0,12.195299160823918,2.0327984798518606,17.5536659332818,13.474950149835802,217980000.0,,56595000.0,11.67532035107252,14.689027746301035,19.459271796207087,1.78731009830206,718374.6666666666,Consumer Services,Other Consumer Services,NASDAQ:PRDO,US,24115837.56,0.6947437194701078,16.668705318701868,0.7316284574988017,5.04145753908899,stable_or_general,True,0.0,0.6947437194701078,watch
OUT,OUTFRONT Media Inc.,29.6,5213603583.0,21.607416599751808,7.51958012290449,36.1928708770892,4.69705258510649,303400000.0,,4132500000.0,7.622494432071269,127.62790697674417,126.13073621657311,4.05405405405405,1760049.5,Finance,Real Estate Investment Trusts,NYSE:OUT,US,52097465.2,0.5970075342497831,34.800921656644796,0.6208863320614425,3.8459209969042063,financial_special,True,0.1,0.6970075342497831,watch
SHEL,Shell PLC,90.91,250463521991.078,10.040865915617406,1.3953170697267152,14.3355255312839,6.751884344353271,28926595730.0,,73076000000.0,7.3746733176189645,89.37971646413719,103.08644744515725,3.25288747112529,6312549.066666666,Energy Minerals,Integrated Oil,NYSE:SHEL,US,573873835.6506666,0.7004184041739933,13.896381860417643,0.7225525332041816,3.0633245353156258,cyclical,True,0.0,0.7004184041739933,watch
RYAAY,Ryanair Holdings plc,56.13,28436094159.73524,13.588824868057909,2.6907467649199104,22.599930043681,10.5112645441434,1987838490.0,,207966270.0,13.241816539905313,-4.667178851699983,-1.6313019456550055,1.25666310350971,1275424.1999999802,Transportation,Airlines,NASDAQ:RYAAY,US,71589560.34599888,0.6012772978409011,19.801173324742887,0.68626361908957,12.38391762066825,cyclical,True,0.1,0.7012772978409011,watch
FBP,First BanCorp. New,28.01,4276237960.0000005,11.806111696522656,2.1632634462539864,19.4940308004002,1.95370253739738,440170000.0,,200000000.0,2.4477664201687155,21.48649838424089,26.27741111347669,2.71331667261692,1403232.2333333334,Finance,Regional Banks,NYSE:FBP,US,39304534.85566667,0.6056270156442086,18.323250718449064,0.6443240818964225,6.005838884419445,financial_special,True,0.1,0.7056270156442086,watch
ACN,Accenture plc,189.61,116030349286.99998,15.142391668929388,3.6379138892102594,24.949045397194205,11.7875995483314,12581688000.0,,8388770000.0,6.743411196104081,-2.00054826085693,-0.3414327441164492,3.43863720267918,6310702.633333334,Technology Services,Information Technology Services,NYSE:ACN,US,1196572326.3063335,0.6069327073585075,24.024698137183176,0.6302843674648887,3.704940390685174,technology_strict,True,0.1,0.7069327073585074,watch
EC,Ecopetrol S.A.,16.5,34366156276.09358,9.688784497944804,1.377015031996822,15.9041113038176,4.53177184058836,4084973530.0,,30428566042.4418,6.47744983748175,18.116142837710264,18.116243584408387,3.93509090909091,1883785.5,Energy Minerals,Integrated Oil,NYSE:EC,US,31082460.75,0.6091999931878697,14.212464239336896,0.6817103870790002,10.636539396417866,cyclical,True,0.1,0.7091999931878696,watch
CLS,"Celestica, Inc.",298.7,37669388905.5025,31.875123786888494,13.869885139260296,52.17736144435629,13.7804657226751,504725745.91999996,,980022560.0,39.79123699223913,97.23930845187199,98.90343083087613,0.0,2943042.566666667,Electronic Technology,Electronic Components,NYSE:CLS,US,879086814.6633334,0.6108994955768549,43.51319615883509,0.7325392432800283,16.605219286070948,technology_strict,True,0.1,0.7108994955768548,watch
YETI,"YETI Holdings, Inc.",41.57,3034144396.0,18.092792479108635,4.977614504890802,25.320838726671703,13.7283123263038,255436000.0,,253034000.0,6.243468715697036,0.9012517071298773,9.613090978483863,0.0,1713653.0666666667,Producer Manufacturing,Miscellaneous Manufacturing,NYSE:YETI,US,71236557.98133333,0.7145415945503651,27.511587891357003,0.6576426104722454,8.651961289013999,cyclical,True,0.0,0.7145415945503651,watch
BJ,"BJ's Wholesale Club Holdings, Inc.",90.6,11444111380.0,19.794625300415117,5.213608323358806,27.6733807732107,7.81022412763166,277498000.0,,2773323000.0,9.085941863977686,2.697263523026242,5.100002296263983,0.0,1779452.7666666666,Retail Trade,Specialty Stores,NYSE:BJ,US,161218420.66,0.7152947976481921,26.338504741736493,0.7515470409012315,4.823682521531425,stable_or_general,True,0.0,0.7152947976481921,watch
NU,Nu Holdings Ltd.,14.3,69075929086.0,19.46107784431138,5.2136312759542225,31.607309775556104,4.95878166527058,9159515000.0,,42023749000.0,53.498086693676214,56.826127238914694,56.40698169433802,0.0,76099278.0,Finance,Regional Banks,NYSE:NU,US,1088219675.4,0.6157144654987955,26.790043787210926,0.7264294899585697,15.2409870455684,financial_special,True,0.1,0.7157144654987955,watch
RIO,Rio Tinto Plc,103.3,178471697613.2025,14.018184285520423,2.566234563776146,19.5373848711576,9.5006828914368,5763072180.0,,22852000000.0,14.259768013550717,17.124114242128634,16.873641972371562,3.86737657308809,2495939.4,Non-Energy Minerals,Other Metals/Minerals,NYSE:RIO,US,257830540.01999998,0.7175056630130171,18.30646902271677,0.765750307616671,6.3003101825464425,cyclical,True,0.0,0.7175056630130171,watch
PG,Procter & Gamble Company (The),143.78,334206989067.0,21.719361319657395,6.265652692491893,30.248932540318403,12.7474657599542,15147000000.0,,35025000000.0,3.260405296378909,0.45073244021534997,1.73974518573163,2.98414243983864,8820929.366666667,Consumer Non-Durables,Household/Personal Care,NYSE:PG,US,1268273224.3393333,0.7180207529871656,28.848236374340722,0.7528835051759297,4.630563951672384,stable_or_general,True,0.0,0.7180207529871656,watch
CPA,"Copa Holdings, S.A.",129.5,5327442615.000001,8.505970600212812,1.8399433951004938,23.0665988845398,9.5386231541718,-48567000.0,,2564815000.0,14.804731189606008,-1.76631414587651,-1.3912457737994905,5.12741312741313,284479.0,Transportation,Airlines,NYSE:CPA,US,36840030.5,0.3687570344804439,21.631198620113498,0.39322696580963584,6.22285180234512,cyclical,False,0.35,0.7187570344804439,watch
NEE/PT,"NextEra Energy, Inc. 7.234% Corporate",47.56,170716454099.0,10.671094258341,1.7366899113871868,17.2326566162912,4.30871310846846,3048000000.0,,110197000000.0,11.827956989247312,57.18390804597702,55.29809401024427,2.90738025415445,261092.46666666667,Utilities,Electric Utilities,NYSE:NEE/PT,US,12417557.714666668,0.6192367489208187,16.274712502232028,0.6556855770495174,5.558888193440625,stable_or_general,True,0.1,0.7192367489208187,watch
AOS,A.O. Smith Corporation,60.38,8206159583.000002,16.83347737600714,4.479796769471498,27.1327078474972,14.519967494775901,639400000.0,,676700000.0,0.38784233022004116,-3.528731199382954,0.04183633625258149,2.38489566081484,1537331.8666666667,Producer Manufacturing,Building Products,NYSE:AOS,US,92824098.10933334,0.6204127310337699,26.612426353788205,0.6325419994487251,1.9175435663602025,cyclical,True,0.1,0.7204127310337699,watch
VLTO,Veralto Corp,98.56,24028272002.0,24.842466098704442,7.771503907435838,34.3652173913043,12.5627821221947,1047000000.0,,3379000000.0,6.229019022752704,10.638297872340425,11.103643339214205,0.507305194805195,1525202.3,Producer Manufacturing,Industrial Machinery,NYSE:VLTO,US,150323938.688,0.7228956481151354,31.283141844927904,0.7941167233729203,8.96859027918232,cyclical,True,0.0,0.7228956481151354,watch
AVY,Avery Dennison Corporation,177.75,13471341768.0,19.4549335084551,5.808390747356079,31.1599328087702,7.92891088552066,1063099999.9999999,,3678200000.0,5.838931551059179,-0.8579465541490858,2.413352463794099,2.14908579465542,812213.7333333333,Process Industries,Pulp & Paper,NYSE:AVY,US,144370991.1,0.6243573639215089,29.855618600966984,0.6516339108051501,4.185869770027573,cyclical,True,0.1,0.7243573639215088,watch
SCI,Service Corporation International,83.36,11361267481.000002,21.74684336846499,7.408421213537787,34.7107027066821,2.89020763120593,535239000.00000006,,5303165000.0,2.891094788479809,0.48156193566959543,4.0555947662739555,1.63147792706334,1018194.0333333333,Consumer Services,Other Consumer Services,NYSE:SCI,US,84876654.61866666,0.626516943555814,34.066650906589544,0.6383616466465882,1.8554847636909733,stable_or_general,True,0.1,0.726516943555814,watch
SCCO,Southern Copper Corporation,209.8,177143308522.0,31.422708823221054,14.023173662100335,50.0720696820975,25.9253154588576,5100400000.0,,8624400000.0,32.80086809498574,56.853185595567865,55.917519032273155,1.70451248808389,1160037.6041981142,Non-Energy Minerals,Other Metals/Minerals,NYSE:SCCO,US,243375889.36076438,0.6275496304171297,44.62751362714266,0.7041106767845928,10.873439203775238,cyclical,True,0.1,0.7275496304171297,watch
SIG,Signet Jewelers Limited,82.7,3252572734.0,11.596600947920464,1.7305451258997737,15.9329140461216,5.23397252432742,568000000.0,,1223600000.0,1.3512309565527278,586.8544600938967,674.0583957451429,1.62031438935913,652601.5,Retail Trade,Specialty Stores,NYSE:SIG,US,53970144.050000004,0.7278392963365867,14.922865188442136,0.7771028419463384,6.339385593593471,stable_or_general,True,0.0,0.7278392963365867,watch
ARIS,Aris Mining Corporation,20.27,4183727921.5958133,15.16917635338688,2.3730143477575143,20.8350537039755,11.2248011531616,102879575.03999999,,505226999.2,86.19708216790585,4926.061362812391,3674.443336562824,0.0,1537341.7666666666,Non-Energy Minerals,Precious Metals,NYSE:ARIS,US,31161917.61033333,0.7280603433478301,15.643659830137596,0.9696692793180903,24.91663303391123,cyclical,True,0.0,0.7280603433478301,watch
CVNA,Carvana Co.,74.04,81478340602.0,34.34455886445867,13.215764672283308,54.46335533171241,13.111464169244902,929000000.0,,5817000000.0,53.97566670763181,178.50799289520427,169.87981972959443,0.0,10117785.033333333,Retail Trade,Specialty Stores,NYSE:CVNA,US,749120803.868,0.6305993939462787,38.47993716978438,0.8925315733474497,29.347105158284926,stable_or_general,True,0.1,0.7305993939462787,watch
SEB,Seaboard Corporation,3913.21,3748049063.0000005,5.912623279436613,0.6832025267408849,12.2856312372832,7.66765435084961,-23000000.0,,1972000000.0,8.171861836562764,356.1151079136691,361.79269144437217,0.229990212638729,14898.6,Process Industries,Agricultural Commodities/Milling,AMEX:SEB,US,58301350.506000005,0.48126328759515247,11.55498151077848,0.511694741693989,5.947189138213882,cyclical,False,0.25,0.7312632875951525,watch
FTI,TechnipFMC plc,75.84,29741744208.000004,26.428770560356845,9.105064812358108,36.0425544961217,11.4971418512198,1571700000.0,,1242700000.0,8.765417818950379,29.073342116820378,35.896950179958324,0.263713080168776,3111489.9000000814,Industrial Services,Oilfield Services/Equipment,NYSE:FTI,US,235975394.01600617,0.733265744613098,34.45133700625372,0.7671333787585487,4.4148299478584345,cyclical,True,0.0,0.733265744613098,watch
PAAS,Pan American Silver Corp.,52.87,21920854903.53462,16.357968159046354,3.000434359835179,22.1949317368835,15.6170569180247,1497234900.48,,839990800.0,31.31847442342491,150.07035864539154,117.89350968964783,1.16719221874575,4794112.566666666,Non-Energy Minerals,Precious Metals,NYSE:PAAS,US,253464731.39966664,0.7370136728946416,18.342341363318194,0.8918146181577301,17.35797351952688,cyclical,True,0.0,0.7370136728946416,watch
PAM,Pampa Energia S.A.,80.45,4584026858.532406,7.522206638616176,1.0705818868722974,15.3300518825298,8.30436807346237,-456068410.0,,2628271479.60001,28.765178902882592,24.615875327642243,25.19754170324846,0.0,170262.6,Utilities,Electric Utilities,NYSE:PAM,US,13697626.170000002,0.4906837038946045,14.232284997015812,0.5285311979203208,7.160881736904024,stable_or_general,False,0.25,0.7406837038946045,watch
AAGIY,"AIA Group, Ltd.",38.58,99622822068.76079,12.640062905445252,2.442832774229824,19.6893718134976,2.32190756711138,1413395420.0,,21157385395.912,13.002971048255803,31.995240360907438,36.16167023554604,2.40090599932504,491171.26666666666,Finance,Multi-Line Insurance,OTC:AAGIY,US,18949387.468,0.6419739047631852,19.326112476682916,0.654040636506466,1.8449513791275796,financial_special,True,0.1,0.7419739047631851,watch
PIPR,Piper Sandler Companies,75.61,5343380525.0,17.527469980063984,3.7205745657566403,23.6160793532111,14.340704004390101,581732000.0,,175009000.0,32.10163892960896,45.68773851003816,45.593843869182216,0.95886787461976,504136.7,Finance,Investment Banks/Brokers,NYSE:PIPR,US,38117775.887,0.7421837349848148,21.227105623278657,0.8257117240158509,10.11587780597295,financial_special,True,0.0,0.7421837349848148,watch
OFG,OFG Bancorp,52.43,2215979731.0,10.329202702968932,1.574651800127642,16.0807520812627,1.80795750625295,202661000.0,,576461000.0,4.562648937889343,13.211277732128185,19.613064379300596,2.47949647148579,267857.1666666671,Finance,Major Banks,NYSE:OFG,US,14043751.248333355,0.6423333094603532,15.244659683898336,0.6775620392417685,5.199336406277766,financial_special,True,0.1,0.7423333094603531,watch
GNTX,Gentex Corporation,22.67,4776191206.0,12.030992941675954,1.8820181344526377,16.1296493905654,13.7847840353176,496653110.0,,11198119.0,10.130257987056156,1.2878354928901257,6.795511221945144,2.11733568592854,2550187.933333333,Producer Manufacturing,Auto Parts: OEM,NASDAQ:GNTX,US,57812760.44866667,0.7458930228646604,15.643082358840338,0.7690934986912543,3.016600174890771,cyclical,True,0.0,0.7458930228646604,watch
FUTU,Futu Holdings Limited,124.26,17420567332.0,12.280597722960152,3.51401406114656,30.938671044642902,4.54707615846479,,,3611213563.8561797,44.46876291269366,40.09368744702419,40.132398969614705,2.05214872042492,1469691.1,Finance,Investment Banks/Brokers,NASDAQ:FUTU,US,182623816.08600003,0.3969335885578241,28.614356893855906,0.4291760869732163,7.512650260359067,financial_special,False,0.35,0.7469335885578241,watch
OSCR,"Oscar Health, Inc.",30.47,8332600064.0,22.253870873502773,4.582816318856928,34.3095348078782,6.39593878564577,4379945000.0,,431629000.0,42.81608289889565,,,0.0,5374140.633333334,Health Services,Managed Health Care,NYSE:OSCR,US,163750065.09766668,0.6486205947739289,20.593344613649183,1.0806341218974698,39.977779561964475,stable_or_general,True,0.1,0.7486205947739288,watch
WEX,WEX Inc.,197.32,6724983103.999999,19.649276545742424,5.033523234127961,30.189816209701704,2.25007458544926,108500000.0,,5357200000.0,7.459010083904241,14.458224543080938,26.891924335662566,0.0,748448.1666666666,Commercial Services,Miscellaneous Commercial Services,NYSE:WEX,US,147683792.24666664,0.650857773007177,25.61683745663714,0.767045369242152,15.147421638145019,financial_special,True,0.1,0.7508577730071769,watch
TSM,Taiwan Semiconductor Manufacturing Company Ltd.,417.52,1978267895256.1956,30.13496932515337,10.724240708757444,40.0598729301554,26.904628394313402,39903628640.0,,33542791580.996098,34.599355140412875,57.79950265759371,57.778461047908635,0.661426757999617,11762486.566666665,Electronic Technology,Semiconductors,NYSE:TSM,US,4911073391.314666,0.7522482504548591,35.587362286796896,0.8467885054895908,11.164565227544166,technology_strict,True,0.0,0.7522482504548591,watch
FDS,FactSet Research Systems Inc.,308.98,10989042216.000002,20.36313309388078,5.439439190967482,27.0315837335748,13.2689248400992,708307000.0,,1570642000.0,6.621020938035901,6.2016813030098445,9.523534549339184,1.44345912356787,858116.2333333333,Commercial Services,Financial Publishing/Services,NYSE:FDS,US,265140753.77533334,0.7533089179894623,26.712191910202954,0.7623160675969426,1.1815505392498982,financial_special,True,0.0,0.7533089179894623,watch
LECO,"Lincoln Electric Holdings, Inc.",284.895,15528416864.999998,28.47924747091047,9.991390209388003,37.7362002022638,14.681728263462702,542404000.0,,1239970000.0,9.13765045361023,10.078788071621181,12.502389815450027,1.09514031485284,470336.0,Producer Manufacturing,Industrial Machinery,NASDAQ:LECO,US,133996374.72,0.7546930352887515,35.08305554630086,0.8117664504257613,7.030767914475344,cyclical,True,0.0,0.7546930352887515,watch
AXS,Axis Capital Holdings Limited,99.52,7261608305.0,7.067629659614661,1.2227004060883895,17.4217880849447,3.3495456751409907,,,1486958000.0,9.428299578983436,23.833440421444983,35.40560812370181,1.76848874598071,666896.6,Finance,Multi-Line Insurance,NYSE:AXS,US,66369549.63199999,0.40567762764387305,17.300006720429284,0.40853334763556004,0.6990175975143398,financial_special,False,0.35,0.755677627643873,watch
GEO,Geo Group Inc (The) REIT,32.28,4248679983.0,15.230007077140836,2.815918488406581,20.1101792508045,7.87562295025947,26437000.0,,1637944000.0,15.322673077558438,224.9910821777322,230.0887712194362,0.0,1835401.0333333334,Commercial Services,Miscellaneous Commercial Services,NYSE:GEO,US,59246745.356000006,0.7573282608374347,18.489278922483727,0.8237209866859934,8.060098858919563,financial_special,True,0.0,0.7573282608374347,watch
SPOT,Spotify Technology S.A.,547.51,112722641698.00002,34.08792344521439,11.741363607412858,44.8499272237338,24.7065652442166,3874711610.0,,532777799.99999994,16.91029466619277,352.62620775339,285.97793958618695,0.0,1945954.4333333333,Technology Services,Internet Software/Services,NYSE:SPOT,US,1065429511.7943333,0.7600441194735241,34.44434984807274,0.9896521082723154,23.200879064424907,technology_strict,True,0.0,0.7600441194735241,watch
FRFHF,Fairfax Financial Holdings Ltd.,1639.71,36694707824.10664,8.248957332517598,1.2585821630134633,17.1019983801141,4.18451682609394,1259803881.6,,14273151640.0,-5.257080451617038,-6.692955332750334,-1.669200591915081,0.917440829444395,11043.1,Finance,Property/Casualty Insurance,OTC:FRFHF,US,18107481.501000002,0.4823387974419024,15.257469668949561,0.5406504165828382,10.785457173878143,financial_special,True,0.28,0.7623387974419025,watch
JAZZ,Jazz Pharmaceuticals plc,244.54,15874211275.000002,16.864129760147854,3.3001211465916946,22.1146327264538,8.54266741206066,1591330000.0,,4409300000.0,12.590565236701051,,,0.0,969985.8,Health Technology,Pharmaceuticals: Major,NASDAQ:JAZZ,US,237200327.532,0.762577880842433,19.568878996592595,0.8617831283582621,11.511625634261346,health_special,True,0.0,0.762577880842433,watch
BAP,Credicorp Ltd.,368.4,29299992196.0,13.629704171784589,2.6168285373533804,20.5587499362702,2.80485177777715,1281154660.0,,10585511790.2393,23.899007363456782,27.50132843878693,27.602160284009358,3.92983170466884,290364.1,Finance,Major Banks,NYSE:BAP,US,106970134.43999998,0.662963663356728,19.19945219919435,0.709900679997345,6.611772317332132,financial_special,True,0.1,0.7629636633567279,watch
PDD,PDD Holdings Inc.,85.69,121970846304.0,9.5049526915355,1.8482470339938117,22.9436193816255,15.1072366213241,,,713885695.75854,13.529529753296712,-1.594457918651893,-1.6988147550457338,0.0,6084321.966666667,Retail Trade,Department Stores,NASDAQ:PDD,US,521365549.3236667,0.41427433629532684,19.445094509936297,0.48880979656224044,15.248356475487078,hybrid_platform,False,0.35,0.7642743362953268,watch
AROC,"Archrock, Inc.",31.24,5477564720.000001,16.77946073692126,3.5266798296265938,21.9475130423621,7.321979426843141,291332000.0,,2357209000.0,11.536579652040341,42.150260994360075,40.92801453334343,2.75288092189501,1836208.9333333333,Industrial Services,Oilfield Services/Equipment,NYSE:AROC,US,57363167.07733333,0.7645267463577445,21.017837729829683,0.7983438140787869,4.235902768290877,cyclical,True,0.0,0.7645267463577445,watch
BZ,KANZHUN LIMITED - American Depository Shares,17.8,8609003206.757462,12.606232294617564,2.7277561447304506,24.389773919142,19.1811446330632,,,31846317.092581198,15.922032710282721,122.52041576394652,113.71272892386864,0.831460674157303,5337711.266666667,Commercial Services,Commercial Printing/Forms,NASDAQ:BZ,US,95011260.54666667,0.5168654837232306,21.638155485165143,0.5825927400910047,11.281852972885842,financial_special,False,0.25,0.7668654837232306,watch
CUBI,"Customers Bancorp, Inc",78.58,2654731226.0,9.575920058493786,1.203182784411173,14.324506973029402,1.18785637856561,366591000.0,,2369400000.0,11.548237932374603,97.58116453911286,102.9630728896144,0.0,258580.66666666666,Finance,Regional Banks,NYSE:CUBI,US,20319268.786666665,0.668499102728185,12.564670309083846,0.7621306268235872,12.285495530554947,financial_special,True,0.1,0.768499102728185,watch
CNM,"Core & Main, Inc.",43.02,8325231750.000002,18.250466655353808,3.9617783245969154,23.7315010570825,7.12585303920013,606000000.0,,2444000000.0,0.45986072789383786,7.9326923076923075,9.276343238607408,0.0,1818290.9333333333,Distribution Services,Wholesale Distributors,NYSE:CNM,US,78222875.952,0.7690397085062213,21.707819309018713,0.8407323829055221,8.527407276919096,stable_or_general,True,0.0,0.7690397085062213,watch
AD,"Array Digital Infrastructure, Inc.",36.0,3114216000.0,4.1800680422186876,2.4600279623178385,22.0606417286616,9.41184326071206,-202981000.0,,1197585000.0,-94.22891891891891,,,0.0,159489.76666666666,Communications,Wireless Telecommunications,NYSE:AD,US,5741631.6,0.18948079995278944,58.85138561074978,0.07102752125270535,166.77095949701658,stable_or_general,False,0.58,0.7694807999527894,watch
NEE/PS,"NextEra Energy, Inc. 7.299% Corporate",51.74,170716454099.0,11.608965873140525,1.8893258203358503,17.2326566162912,4.30871310846846,3048000000.0,,110197000000.0,11.827956989247312,57.18390804597702,55.29809401024427,2.90738025415445,197215.16666666666,Utilities,Electric Utilities,NYSE:NEE/PS,US,10203912.723333333,0.6736608366098226,16.274712502232024,0.7133131151501688,5.558888193440625,stable_or_general,True,0.1,0.7736608366098225,watch
PAGS,PagSeguro Digital Ltd.,8.89,2467124218.0,6.254397073308007,0.8446820660410256,14.615143541416002,2.94380700819071,-188035340.0,,9014349056.69491,11.040040980827547,6.3664970946662764,15.251763561177324,0.00449943757030371,2644927.533333333,Commercial Services,Miscellaneous Commercial Services,NYSE:PAGS,US,23513405.771333333,0.4279394899943654,13.505411571099142,0.4631030339491528,7.593028198266627,financial_special,False,0.35,0.7779394899943654,watch
SMERY,Siemens Energy AG,34.39,148604941100.70676,15.131781581378977,12.024853928969792,26.065060721961004,4.55906179402301,8946294170.0,,3383024700.0,16.832483256129503,200.86282669385253,53.65424920559798,1.57350329089185,660466.6,Producer Manufacturing,Electrical Products,OTC:SMERY,US,22713446.373999998,0.5805388962178691,79.4675356916826,0.19041463221015337,204.88145237554565,cyclical,True,0.2,0.7805388962178692,watch
CAKE,The Cheesecake Factory Incorporated,112.07,5576673964.0,30.417435674736726,10.749130056129124,38.8335329914143,5.54185040888429,204952000.0,,2081016000.0,5.662801243563079,12.407096242314397,13.376619380250496,1.01722137949496,1899107.0666666667,Consumer Services,Restaurants,NASDAQ:CAKE,US,212832928.9613333,0.7832775782070025,35.33871221451071,0.8607397884251929,8.999492211219263,stable_or_general,True,0.0,0.7832775782070025,watch
UL,Unilever PLC,65.07,139838697355.5863,21.735644854193804,7.567827834533578,30.7499604737436,6.83894603078477,8446792260.0,,36711363000.0,-17.449945282152356,8.029946347740593,9.259124087591234,3.53047487411388,4420416.433333329,Consumer Non-Durables,Household/Personal Care,NYSE:UL,US,287636497.3169997,0.706851147751984,34.81759057667615,0.624271941113416,13.22808237885631,stable_or_general,True,0.08,0.786851147751984,watch
AX,"Axos Financial, Inc.",97.85,5551504419.0,11.539731584781942,1.753219760766579,16.7731839486104,1.78452640290062,259998000.0,,1324492000.0,12.535325663963226,13.273951971319542,13.657261577642254,0.0,307713.8,Finance,Major Banks,NYSE:AX,US,30109795.33,0.6879869451224834,15.192898967239787,0.7595477077590581,9.421496754654823,financial_special,True,0.1,0.7879869451224834,watch
GWW,"W.W. Grainger, Inc.",1306.3,61527961142.0,33.156757881805284,14.894071149489818,47.91800128123,20.156292104554,1510000000.0,,2797000000.0,7.802757279331845,-2.705515088449532,-0.5866737992742951,0.7096379085968,260019.06666666668,Distribution Services,Wholesale Distributors,NYSE:GWW,US,339662906.7866667,0.6919478483087972,44.92016741378359,0.738126320331372,6.256174688614768,stable_or_general,True,0.1,0.7919478483087972,watch
MURGY,Muenchener Rueckver Ges,11.96,76637782918.22499,9.550427213926376,1.960816460365604,21.5783887146409,2.46796385904797,,,8450130300.000001,7.2957526805994375,43.520947427987785,47.86869760302279,2.84570147022178,734546.4666666667,Finance,Life/Health Insurance,OTC:MURGY,US,8785175.741333334,0.4425922315249807,20.531191081236166,0.46516673953001625,4.852992719953253,financial_special,False,0.35,0.7925922315249807,watch
AFG,"American Financial Group, Inc.",143.62,11909181209.0,12.5509044830901,2.4701282516318033,20.4134090178858,3.7319862155388503,1431000000.0,,2031000000.0,-1.4264990328820115,24.73821989528796,25.54582757334387,2.45091212922991,355368.8,Finance,Property/Casualty Insurance,NYSE:AFG,US,51038067.056,0.6148362810000653,19.680878417645676,0.6377207468461918,3.5884775521731527,financial_special,True,0.18,0.7948362810000653,watch
EHC,Encompass Health Corporation,120.85,11922260985.0,19.678244019995766,4.5963660373239374,24.7529624010825,8.47702763423949,413400000.0,,2842300000.0,9.472403026935492,19.023827824750192,20.07625378824911,0.628878775341332,910742.3333333334,Health Services,Medical/Nursing Services,NYSE:EHC,US,110063210.98333333,0.7949854122969618,23.357602602414147,0.8424770450526419,5.6371426419947746,stable_or_general,True,0.0,0.7949854122969618,watch
PLMR,"Palomar Holdings, Inc.",131.63,3464196896.0,17.680322364002684,3.513961208409694,22.2257716727229,8.13393757624603,424702000.0,,295773000.0,60.26793974512977,31.144778971286925,30.903400499349438,0.0,229762.06666666668,Finance,Property/Casualty Insurance,NASDAQ:PLMR,US,30243580.835333332,0.7954874469308651,19.87498381570324,0.8895766923862071,10.576855965386889,financial_special,True,0.0,0.7954874469308651,watch
MWA,MUELLER WATER PRODUCTS,24.38,3806343736.9999995,17.265066213440974,3.3967826699993586,21.684395432809602,12.0639574341016,179600000.0,,452900000.0,5.883616061842388,49.02749832327297,49.12873587496039,1.13617719442166,1020124.2,Producer Manufacturing,Industrial Machinery,NYSE:MWA,US,24870627.996,0.7961977204731309,19.674310124307198,0.8775436650309962,9.269731843485197,cyclical,True,0.0,0.7961977204731309,watch
AEM,Agnico Eagle Mines Limited,206.25,105079651596.65312,18.12353465181162,3.6555800520794803,22.7578751735598,16.7606909120687,4422467526.4,,319965580.0,42.593646122297244,88.18562728491273,88.58597700083142,0.819458780862045,3244334.933333333,Non-Energy Minerals,Precious Metals,NYSE:AEM,US,669144080.0,0.7963632155284701,20.17034823675563,0.8985236367305657,11.369808987309893,cyclical,True,0.0,0.7963632155284701,watch
ABG,Asbury Automotive Group Inc,211.62,3798984725.0,7.91268452461076,0.9683076236723349,13.233422508506298,4.73005277791961,488600000.0,,5530500000.0,4.121650977552498,-5.648148148148148,-2.3171212763159796,0.0,257962.23333333334,Retail Trade,Specialty Stores,NYSE:ABG,US,54589967.818,0.5979318290128327,12.237409701607785,0.6465979907145848,7.526494421668229,stable_or_general,True,0.2,0.7979318290128328,watch
LCII,LCI Industries,102.96,2503112860.0,11.970840260902929,1.7483221049146087,15.0000781013699,6.55894716580462,286955000.0,,1146181000.0,4.052563945266339,38.7783120500289,43.307729476648284,4.46775446775447,274291.56666666665,Producer Manufacturing,Miscellaneous Manufacturing,NYSE:LCII,US,28241059.703999996,0.7980518621306164,14.604840318725776,0.8196488287211445,2.634904831649032,cyclical,True,0.0,0.7980518621306164,watch
ONON,On Holding AG,28.85,9502397329.0,19.337757222333938,4.069163078233716,24.2306163782087,13.850532631618501,522730230.0,,761668629.5171391,29.344161166073313,231.08589600801656,226.7411300919842,0.0,7772545.166666667,Consumer Non-Durables,Apparel/Footwear,NYSE:ONON,US,224237928.05833337,0.7980712054739534,21.04258023021449,0.9189822260754581,13.157057576386322,stable_or_general,True,0.0,0.7980712054739534,watch
WRB,W.R. Berkley Corporation,68.44,25406813679.999996,14.075064267352186,2.5825869340119603,20.1593745137961,4.86435736387566,3616102000.0,,3103180000.0,4.269504584648884,9.509631408490543,10.669822700685069,0.5406195207481,1723949.8333333319,Finance,Multi-Line Insurance,NYSE:WRB,US,117987126.59333323,0.6981895325035951,18.34866885831846,0.7670891210711007,8.981953553362864,financial_special,True,0.1,0.798189532503595,watch
OTEX,Open Text Corporation,25.1,6077381268.034997,10.007412662000474,1.5158240337347693,16.0748425238754,4.75326873588354,785572599.68,,5965695564.4,-3.6344924231020954,39.714257041237246,48.37103750521127,4.3568875502008,1705102.0666666667,Technology Services,Packaged Software,NASDAQ:OTEX,US,42798061.873333335,0.6225512098881725,15.147012369046816,0.660685580639704,5.771939311072627,technology_strict,True,0.18,0.8025512098881724,watch
ULS,UL Solutions Inc.,74.43,15027281094.0,30.097048119692687,9.421340101137321,37.5,16.6859791425261,436000000.0,,476000000.0,6.607929515418502,54.12844036697248,52.38153921991496,0.738949348381029,857729.4333333333,Commercial Services,Miscellaneous Commercial Services,NYSE:ULS,US,63840801.723000005,0.8025879498584717,31.303203103738536,0.9614686401245054,16.524791723363897,financial_special,True,0.0,0.8025879498584717,watch
ACT,"Enact Holdings, Inc.",49.07,6746323797.000001,10.34402799443484,1.2562492447655853,12.8691907823047,9.95320043229183,720829000.0,,745232000.0,2.494460479301407,0.9268928925409864,7.784240661637735,1.77297737925413,379760.4,Finance,Multi-Line Insurance,NASDAQ:ACT,US,18634842.828,0.8037823177396678,12.144681408842438,0.851733169954005,5.629797441953177,financial_special,True,0.0,0.8037823177396678,watch
ADT,ADT Inc.,7.54,5095643251.999999,10.44032124065356,1.5906501835365596,17.2045837228042,3.8720164020665795,1613800000.0,,7784705000.0,2.103566332342367,-1.6415666521035184,8.194756554307112,2.91777188328912,7297346.233333333,Commercial Services,Miscellaneous Commercial Services,NYSE:ADT,US,55021990.59933333,0.6068337025100586,15.235644065651236,0.6852563105088065,11.444273740510125,financial_special,True,0.2,0.8068337025100587,watch
ALSN,"Allison Transmission Holdings, Inc.",126.32,10431258124.0,20.05397682171773,5.27656652245778,28.349410503751297,7.48867497168743,711000000.0,,4231000000.0,37.5625,-30.577427821522306,-28.496832928462773,0.886637112096264,854845.0666666667,Producer Manufacturing,Auto Parts: OEM,NYSE:ALSN,US,107984028.82133332,0.7073860255070953,26.31182118822163,0.7621660499386034,7.187413351187832,cyclical,True,0.1,0.8073860255070953,watch
M,Macy's Inc,22.01,5789465645.0,9.055004731147408,1.1969124986812756,14.3841515934539,4.124093224263,1425000000.0,,5109000000.0,-0.34650642572042634,19.71326164874552,22.90539515598927,3.39754656974103,4921966.766666667,Retail Trade,Department Stores,NYSE:M,US,108332488.53433333,0.6295126043630033,13.21824266490039,0.6850384699920807,8.10551057515344,stable_or_general,True,0.18,0.8095126043630032,watch
ABEV,Ambev S.A.,2.86,45453865115.326195,14.606741573033707,2.5902277770230495,18.0190304316109,11.3676342510791,4444113800.0,,569742752.538181,4.236454288419007,19.157528788126598,20.04904966278357,5.64055944055944,31830288.566666666,Consumer Non-Durables,Beverages: Alcoholic,NYSE:ABEV,US,91034625.30066666,0.8106286089294242,17.73309785808088,0.8236993722096613,1.586836620401122,stable_or_general,True,0.0,0.8106286089294242,watch
DG,Dollar General Corporation,122.89,27111597282.999996,15.971148222756515,2.918790918947677,19.6915872978899,5.33809824325258,2010656000.0,,15773100000.0,4.768974053892041,43.010578456888595,42.337859336268444,1.92041663276101,2189081.6333333333,Retail Trade,Discount Stores,NYSE:DG,US,269016241.9203333,0.811064541478987,18.275398100612662,0.8739152020015969,7.191848863443284,stable_or_general,True,0.0,0.811064541478987,watch
NXT,Nextpower Inc.,85.44,12963770789.999998,22.144467770779876,5.067212926137543,27.2237112152451,15.5264941364161,546735000.0,,38400000.0,16.97351627775993,9.070762745317644,5.139384690846653,0.0,2555855.7,Electronic Technology,Electronic Equipment/Instruments,NASDAQ:NXT,US,218372311.00800002,0.8134257521207879,22.882522978600754,0.9677458989766518,15.946349865088605,technology_strict,True,0.0,0.8134257521207879,watch
CDNA,"CareDx, Inc.",49.79,2575846981.0,23.999807191747802,6.02285758524418,29.4865120430085,22.719379480069,84705000.0,,19247000.0,34.40553244177381,80.8955807587016,103.17304867299974,0.0,1169402.9333333333,Health Technology,Medical Specialties,NASDAQ:CDNA,US,58224572.05066667,0.8139249280057985,25.09544154719337,0.956341299937474,14.891793540756492,health_special,True,0.0,0.8139249280057985,watch
EG,"Everest Group, Ltd.",377.61,14478599710.999998,7.991593810911538,0.9470840578296885,12.5652730795757,3.40276419004251,2232000000.0,,3589000000.0,-5.12022630834512,137.34491315136478,146.14074294019287,2.11858796112391,320748.5333333333,Finance,Property/Casualty Insurance,NYSE:EG,US,121117853.672,0.6360063772829198,11.851003444851786,0.6743389999083309,5.684473629824471,financial_special,True,0.18,0.8160063772829198,watch
RUN,Sunrun Inc.,8.78,2114636462.9999998,5.903711672942442,0.6040845195429598,12.623217358279701,1.8165890258204702,-2211108000.0,,15230687000.0,63.22992083679304,,,0.0,8971410.033333333,Electronic Technology,Semiconductors,NASDAQ:RUN,US,78768980.09266666,0.46768676363400613,10.232283570208313,0.5769691225262096,18.94076383389809,technology_strict,False,0.35,0.8176867636340062,watch
AER,AerCap Holdings N.V.,147.49,22776891721.000004,7.253832496422021,1.2593084143557574,18.661845073529,4.68504971133948,-317087130.0,,42818618000.285194,-1.0470277203925884,15.062373084473643,26.695329781599515,0.908536171943861,1035242.3333333334,Finance,Finance/Rental/Leasing,NYSE:AER,US,152687891.74333334,0.3886985701489538,17.36059407184982,0.4178331954771122,6.972788577721866,financial_special,False,0.43000000000000005,0.8186985701489539,watch
NMIH,NMI Holdings Inc,44.81,3370511950.0,8.81184614174467,1.2484161468879587,15.4267562327535,10.5207482155453,,,418021000.0,7.527725011440199,4.672387453102702,7.933947446618841,0.0,430549.13333333336,Finance,Property/Casualty Insurance,NASDAQ:NMIH,US,19292906.664666668,0.5712053790696255,14.167475541518964,0.6219771557692705,8.162964865944256,financial_special,False,0.25,0.8212053790696255,watch
MKTX,"MarketAxess Holdings, Inc.",162.72,5726587131.0,19.177371832645846,4.62205366092953,23.3438637218149,13.936296479243,143069000.0,,178913000.0,3.648473648723373,37.49652219958536,42.77060793188738,1.89282202556539,1348759.8,Finance,Investment Banks/Brokers,NASDAQ:MKTX,US,219470194.65600002,0.8215166118676638,24.10160110188487,0.7956887076330409,3.2459809956903785,financial_special,True,0.0,0.8215166118676638,watch
ORCL,Oracle Corporation,150.85,434519059976.0,25.89788490591952,11.568624142802145,54.2797693737194,7.945224588486931,-23686000000.0,,167432000000.0,17.350476489137442,37.322189182672986,34.18415535948765,1.32582035134239,27955349.666666668,Technology Services,Packaged Software,NYSE:ORCL,US,4217064497.2166667,0.4771185508842357,44.67015041895521,0.5797581754936308,17.70386843135129,technology_strict,False,0.35,0.8271185508842357,watch
BCH,Banco De Chile,41.63,21153986661.55725,15.856027423347934,3.3911228013297308,21.8021941671788,2.26633656221403,372586580.0,,15180280773.672998,3.9368315357709074,3.405723841057299,3.4027805127801294,3.97481143406197,281438.23333333334,Finance,Major Banks,NYSE:BCH,US,11716273.653666668,0.7272675081124507,21.386963523639704,0.7413875001854169,1.9045360313513338,financial_special,True,0.1,0.8272675081124506,watch
META,"Meta Platforms, Inc.",578.02,1472509545313.0,21.772884279994123,5.6381182914322485,29.848495806404202,18.2887068618236,40976000000.0,,112318000000.0,27.65206594930762,-4.767365432754835,-3.857269092594742,0.363309228054393,16334099.0,Technology Services,Internet Software/Services,NASDAQ:META,US,9441435903.98,0.7294466167143538,25.895137359512802,0.8408097619916917,13.244749325167593,technology_strict,True,0.1,0.8294466167143538,watch
BPOP,"Popular, Inc.",169.75,10826400308.0,11.461076227128485,1.691093798472626,15.6471010023958,1.25015649450755,789367000.0,,1598924000.0,3.7984068900124255,34.395949420454265,43.684516880093135,1.76730486008837,422067.4666666667,Finance,Regional Banks,NASDAQ:BPOP,US,71645952.46666667,0.7324728219862342,14.755104712328757,0.7767532966100934,5.70071280252148,financial_special,True,0.1,0.8324728219862342,watch
TTE,TotalEnergies SE,86.35,192749406980.27048,10.884315675095708,1.4973150009687792,14.447619030815002,5.83769651551501,16253960172.464201,,62639988174.999565,-5.225619512041304,25.35353120753317,30.520378387619672,4.55336815320745,1542826.5666666667,Energy Minerals,Integrated Oil,NYSE:TTE,US,133223074.03166665,0.7533639731142409,13.756629683157486,0.7912051080666648,4.782721264892986,cyclical,True,0.08,0.8333639731142408,watch
PPG,"PPG Industries, Inc.",114.22,25391106619.999996,16.40078687018078,3.007355672862262,19.563046192259705,7.02171039365492,1407000000.0,,7459000000.0,1.4706791077056172,20.724191063174114,23.48268586322452,2.48642969707582,1654390.3666666667,Process Industries,Industrial Specialties,NYSE:PPG,US,188964467.68066666,0.8383554743468274,18.336654799960293,0.8944263307076215,6.268918348639607,cyclical,True,0.0,0.8383554743468274,watch
AFL,AFLAC Incorporated,116.52,58416522284.0,12.48700609775701,1.9306871387107243,16.9077757685353,4.05019846972139,2647000000.0,,8729000000.0,13.570081709616593,99.50759130077965,110.97696081756314,2.0425677995194,1960726.8666666667,Finance,Multi-Line Insurance,NYSE:AFL,US,228463894.504,0.7385362964769638,15.461569599597821,0.8076156833444527,8.553497448368164,financial_special,True,0.1,0.8385362964769638,watch
AIZ,"Assurant, Inc.",285.65,14089333114.0,13.555453264175922,2.313258530550804,18.3418992100997,3.6717614442606896,1655600000.0,,2208100000.0,9.356435241245357,48.32635983263599,52.56584758401992,1.20427096096622,373064.5,Finance,Property/Casualty Insurance,NYSE:AIZ,US,106565874.425,0.7390430570413237,17.065150721770674,0.7943353964569856,6.960830357338366,financial_special,True,0.1,0.8390430570413236,watch
QLYS,"Qualys, Inc.",187.05,6470995084.000001,32.399147801084304,11.52829223496638,38.5922887919357,19.9205469701661,313957000.0,,53399000.0,10.713629893070873,11.644801919989622,15.010558189569304,0.0,727655.3333333334,Technology Services,Packaged Software,NASDAQ:QLYS,US,136107930.10000002,0.8395238742060428,35.582084768848645,0.9105466419845378,7.800014244597153,technology_strict,True,0.0,0.8395238742060428,watch
MSFT,Microsoft Corporation,513.53,3813240552023.0,28.616247060528046,8.621381455795126,34.0386274504814,19.4207984875622,66987000000.0,,128813000000.0,17.78868679984666,31.34279990572708,31.54908515130189,0.693240901213172,32888836.8,Technology Services,Packaged Software,NASDAQ:MSFT,US,16889404361.904,0.8406992056938339,30.127575560692822,0.9498357079174804,11.49003994205785,technology_strict,True,0.0,0.8406992056938339,watch
UPS,"United Parcel Service, Inc.",105.33,89612821401.0,19.607587631936557,5.948451273583014,29.658954473180405,6.42801884802025,5457000000.0,,28673000000.0,-0.17634532629430816,-20.24432809773124,-20.137071836346333,6.22804519130352,5143879.966666667,Transportation,Air Freight/Couriers,NYSE:UPS,US,541804876.889,0.6611017812400312,30.337496816254244,0.6463152761315228,2.2878161254383356,stable_or_general,True,0.18,0.8411017812400312,watch
FAF,First American Corporation (New),74.47,7603387011.0,10.307694437139258,1.3513984351579178,13.8661952172699,4.23173145458315,832300000.0,,1752700000.0,22.55019340578375,294.8595654478007,299.0224235060201,2.95420974889217,697015.9333333333,Finance,Specialty Insurance,NYSE:FAF,US,51906776.55533333,0.7433686224395107,13.110579125131473,0.7862119848985611,5.44933978137947,financial_special,True,0.1,0.8433686224395107,watch
TEL,TE Connectivity plc,202.66,58672749032.0,19.866095497632653,4.436008940311318,23.5532836461544,11.8501649128318,3315000000.0,,5632000000.0,16.53096918159339,107.2852233676976,110.62705180352239,1.43590249679266,2456483.6666666665,Electronic Technology,Semiconductors,NYSE:TEL,US,497830979.88666666,0.8434533288897167,22.329546039079172,0.8896775358918981,5.195613594519033,technology_strict,True,0.0,0.8434533288897167,watch
CI,The Cigna Group,278.88,73691394449.0,11.533355665562462,1.7254963493451985,15.491223410676803,4.27087008327398,9113000000.0,,31878000000.0,8.145241558839293,27.8597050617776,32.04187280888568,2.20166379804934,1708081.8666666807,Health Services,Managed Health Care,NYSE:CI,US,476349870.9760039,0.7445090268089147,14.960922036744012,0.7708987211641469,3.423237531822687,stable_or_general,True,0.1,0.8445090268089147,watch
LIF,"Life360, Inc.",43.49,3543581409.0,25.385243987858978,5.757938845896692,30.0560459305226,16.3154985494307,103240000.0,,311640000.0,33.963345726124764,434.2134851837075,417.27053140096626,0.0,887331.5666666667,Technology Services,Packaged Software,NASDAQ:LIF,US,38590049.83433334,0.8445969255749534,22.682227709335965,1.119168906738841,24.533560529658217,technology_strict,True,0.0,0.8445969255749534,watch
ESTC,Elastic N.V.,99.91,10385807698.0,27.97737391840049,8.098586982601534,33.122314223752,13.5956379877269,349037000.0,,595775000.0,16.180880938443646,,,0.0,2457808.433333333,Technology Services,Packaged Software,NYSE:ESTC,US,245559640.5743333,0.8446684530979398,28.94691619814667,0.9665061979967229,12.605997266372027,technology_strict,True,0.0,0.8446684530979398,watch
EWBC,"East West Bancorp, Inc.",129.44,17734814985.000004,12.42894453833154,1.9181038985787744,16.577099921961,1.77528521873342,1862648000.0,,4157318000.0,3.7393523308941337,21.240455263396164,21.704783162520016,2.16316440049444,691852.6666666666,Finance,Regional Banks,NASDAQ:EWBC,US,89553409.17333333,0.7497659178530939,15.432556583249992,0.8053717134477592,6.9043641173613395,financial_special,True,0.1,0.8497659178530939,watch
ADEA,Adeia Inc.,25.72,2836405416.9999995,23.770794824399257,5.943028264044218,27.878100631403402,11.7037271655301,188571000.0,,395262000.0,24.34706370123114,46.25765993466702,45.92043155765341,0.777604976671851,1066408.6000000003,Technology Services,Packaged Software,NASDAQ:ADEA,US,27428029.192000005,0.852669094594721,25.001386398506394,0.9507790666288547,10.318903252887024,technology_strict,True,0.0,0.852669094594721,watch
CHRW,"C.H. Robinson Worldwide, Inc.",150.39,17573260518.0,28.699286286782947,10.820623292076963,37.122667513072,11.3444397105813,668759000.0,,1972571000.0,-0.09444775571961345,18.53219491379504,19.290657439446353,1.66899394906576,2007636.9,Transportation,Air Freight/Couriers,NASDAQ:CHRW,US,301928513.391,0.7730933203191034,37.703457793165576,0.7611844633514013,1.5645165582162335,stable_or_general,True,0.08,0.8530933203191033,watch
CCEP,Coca-Cola Europacific Partners plc,109.1,48355041758.0,21.07723812835671,5.109237463870057,24.6514685694207,6.25426582531548,2462668900.0,,13935683700.0908,9.674549570061593,39.4556311519878,42.72872663100424,2.19065077910174,1869023.9333333333,Consumer Non-Durables,Beverages: Non-Alcoholic,NASDAQ:CCEP,US,203910511.12666667,0.8550094315477131,24.240545334999258,0.869503463600909,1.6669320663969756,stable_or_general,True,0.0,0.8550094315477131,watch
URI,"United Rentals, Inc.",1030.25,64125324149.0,24.75283206996384,6.96265738123119,28.8953392847363,8.71777924653007,632000000.0,,15385000000.0,6.876627087434123,3.9810800157666533,7.655638525983063,0.729919922348945,490393.9666666667,Finance,Finance/Rental/Leasing,NYSE:URI,US,505228384.15833336,0.8566375298814817,28.128730326902595,0.8799839801617348,2.6530540108198664,financial_special,True,0.0,0.8566375298814817,watch
DRVN,Driven Brands Holdings Inc.,12.47,2057298307.0,13.945426079176919,2.4688815986156842,20.5758153494101,4.14708170549656,131836999.99999999,,2220443000.0,-10.585227628009125,,,0.0,784180.4,Consumer Services,Other Consumer Services,NASDAQ:DRVN,US,9778729.588000001,0.6777581273141008,17.70388071757935,0.7877044757384514,13.957816898435027,stable_or_general,True,0.18,0.8577581273141008,watch
NVS,Novartis AG,153.81,281690532749.0872,23.202944681621386,6.777613122156992,30.558440000816,11.2726971653818,16772891720.0,,49014196301.07,2.330541565531553,-7.093077605636779,-3.9999420718020047,2.00322475781809,1546526.366666667,Health Technology,Pharmaceuticals: Major,NYSE:NVS,US,237871220.45700005,0.759297420974428,29.2101421399561,0.7943454903590639,4.412194669701375,health_special,True,0.1,0.859297420974428,watch
DAL,"Delta Air Lines, Inc.",80.07,52655872276.0,13.302211220573819,2.413746326023061,20.1299197554452,4.79734816289856,3410000000.0,,19984000000.0,10.275498998772688,-11.906354515050168,-12.686577989236861,0.971025352816286,5051972.966666667,Transportation,Airlines,NYSE:DAL,US,404511475.441,0.6608178960562191,18.14545180495893,0.7330879034347597,9.858300353877302,cyclical,True,0.2,0.8608178960562192,watch
ANCTF,Alimentation Couche-Tard Inc.,59.9385,55037335403.94263,17.517714757447695,3.3974312985346606,20.3289567582139,7.73498478247593,3425652358.044,,16468387446.42,5.491960883214921,22.760687615956865,25.23629427608386,1.00767754318618,107778.96666666666,Retail Trade,Specialty Stores,OTC:ANCTF,US,6460109.593549999,0.8617124314738717,19.39426087007288,0.9032421949360872,4.59785467231788,stable_or_general,True,0.0,0.8617124314738717,watch
MRX,Marex Group Limited,72.84,5239444311.000001,13.576381122791323,2.7779250303478014,26.203890006772703,1.06582063005606,,,11450400000.0351,,,,0.837451949478309,640503.6,Technology Services,Internet Software/Services,NASDAQ:MRX,US,46654282.224,0.5181055606355526,20.461454383336108,0.6635100745256888,21.914439504792572,technology_strict,False,0.35,0.8681055606355526,watch
GIB,CGI Inc.,74.77,15314993054.786518,13.171538850067758,2.148425363566097,17.0293556525346,8.94063983116036,1745035776.0,,3053312064.0,1.2817480532696968,-3.0098820110463933,2.503628080771873,0.635532017332691,439135.4,Technology Services,Information Technology Services,NYSE:GIB,US,32834153.858,0.773460788465437,16.31111890586,0.8075190258919452,4.2176390071910985,technology_strict,True,0.1,0.873460788465437,watch
MTG,MGIC Investment Corporation,30.99,6356818974.0,9.684375,1.277113418715996,13.9227361733811,10.9473885752031,706480000.0,,646874000.0,-1.8833519890494774,-7.180331781209555,4.869895785541066,1.93610842207164,1608256.8666666667,Finance,Property/Casualty Insurance,NYSE:MTG,US,49839880.298,0.6955798687412874,13.187360244889279,0.7343679720703125,5.281834829979659,financial_special,True,0.18,0.8755798687412875,watch
PURR,Hyperliquid Strategies Inc,11.61,2296894476.0,17.872536945812808,1.2432217110842692,33.9402330000844,30.847169428468202,-19147000.0,,0.0,,,,0.0,15431676.733333332,Finance,Financial Conglomerates,NASDAQ:PURR,US,179161766.87399998,0.5265885165186805,6.9560449915619404,2.5693532700684316,79.50501697632824,financial_special,False,0.35,0.8765885165186805,watch
RDN,Radian Group Inc.,36.41,4817090870.0,9.354846997764701,1.0112914116333787,12.0264139096629,5.64607569584372,1390661000.0,,1266806000.0,27.931866894378444,-8.566211509248351,-2.0066468603655743,2.80142817907168,990992.5,Finance,Specialty Insurance,NYSE:RDN,US,36082036.925,0.7778583930367085,10.810346891563508,0.8653604821012086,10.111634500807531,financial_special,True,0.1,0.8778583930367084,watch
CB,Chubb Limited,339.92,131141085163.0,12.029543017507104,1.739170031345685,15.4524166419142,4.53385596646933,17079000000.0,,23144000000.0,8.236503318641883,21.602522287453795,24.675593990602046,1.15615438926806,1793112.5666666667,Finance,Property/Casualty Insurance,NYSE:CB,US,609514823.6613333,0.7784894296001146,14.457490436790469,0.8320630105274089,6.438644699917184,financial_special,True,0.1,0.8784894296001146,watch
BKV,BKV Corporation,24.23,2651678524.0,8.716140868376561,1.151880945997083,13.8632765611743,8.24052576859741,-553342000.0,,1249841000.0,84.2815477142287,,,0.0,950395.9666666667,Energy Minerals,Integrated Oil,NYSE:BKV,US,23028094.272333335,0.628721560153183,13.215492537256667,0.6595396156294828,4.672661769814413,cyclical,False,0.25,0.878721560153183,watch
STRL,"Sterling Infrastructure, Inc.",470.52,14392509220.0,33.90524229868492,10.639534331560379,38.541173528177,16.1146414746234,482002000.0,,336815000.0,60.82789871426025,51.39542880400839,50.88175176132904,0.0,737894.8333333334,Industrial Services,Engineering & Construction,NASDAQ:STRL,US,347194276.98,0.8797148398685161,31.380204387959953,1.0804659485166956,18.58004955397051,cyclical,True,0.0,0.8797148398685161,watch
GRBK,"Green Brick Partners, Inc.",73.31,3153114048.9999995,11.042990992076643,1.6355311159181285,15.744086051141002,11.8283726010045,111615000.0,,291859000.0,-8.662832091056835,-16.745301216525544,-15.123697500479446,0.0,243385.73333333334,Consumer Durables,Homebuilding,NYSE:GRBK,US,17842608.110666666,0.7014056551905302,14.810580911381923,0.745614980138295,5.929243124858474,stable_or_general,True,0.18,0.8814056551905303,watch
ASR,"Grupo Aeroportuario del Sureste, S.A. de C.V.",257.52,7749388517.685299,13.945629806130183,3.2564462828624197,26.2156395620258,11.7411783435464,,,1971747220.83125,23.460200475408413,-12.155565486891867,-12.155347934466153,2.00474603914259,57791.26666666667,Transportation,Other Transportation,NYSE:ASR,US,14882406.992,0.531958404948887,23.35101625479087,0.5972172540143298,10.927154000791294,stable_or_general,False,0.35,0.881958404948887,watch
SKWD,"Skyward Specialty Insurance Group, Inc.",58.29,2587871559.9999995,13.570015132115005,2.0416533714600744,17.3383309065206,4.63499249126283,402171000.0,,437205000.0,37.98947704842179,42.37976525145676,35.59883831049938,0.0,464880.5333333333,Finance,Multi-Line Insurance,NASDAQ:SKWD,US,27097886.288,0.7826598307113629,15.04532862773503,0.9019420889949599,13.225046235120708,financial_special,True,0.1,0.8826598307113629,watch
MZTI,The Marzetti Company,114.84,3134098382.0000005,16.459324657455713,2.975952160869339,18.641334148939,12.9334232412994,206137000.0,,253781000.0,1.0843204363052754,14.585405606222213,14.928593783458794,3.26541274817137,324169.06666666665,Consumer Non-Durables,Food: Specialty/Candy,NASDAQ:MZTI,US,37227575.616,0.882947782918881,18.080645608514065,0.9103283706697463,3.0077704521853876,stable_or_general,True,0.0,0.882947782918881,watch
EXPGY,Experian plc,41.22,36566693273.9118,25.14641288433382,6.6871293039675015,28.426404803329003,11.086674437389,2193293300.0,,5565000000.0,12.719419124280742,29.360472613100086,29.77594806428629,1.58515040778297,187121.03333333333,Commercial Services,Miscellaneous Commercial Services,OTC:EXPGY,US,7713128.993999999,0.8846146059732793,26.592776213157517,0.9456106682043949,6.450441421831677,financial_special,True,0.0,0.8846146059732793,watch
BAM,Brookfield Asset Management Inc,52.12,83248756184.63087,30.91710135684077,11.379058787134507,34.8905265301508,15.3445859503919,2406901854.72,,5328598000.0,119.66754919733359,74.54578492433374,10.931106900430727,3.57129432868773,2403196.4,Finance,Investment Managers,NYSE:BAM,US,125254596.36799999,0.8861173628355429,36.80506350126111,0.8400230407368108,5.487268784711108,financial_special,True,0.0,0.8861173628355429,watch
MAIN,Main Street Capital Corporation,58.55,5474920320.0,11.799677549375252,1.72613962066792,14.9184688522341,8.03896620540365,352001000.0,,2544158000.0,3.4858364656947622,-15.929665089595051,-18.255053458756862,5.29461998292058,554666.1333333333,Finance,Financial Conglomerates,NYSE:MAIN,US,32475702.10666666,0.7909442762692235,14.62870161870917,0.8066114038640465,1.9423389651782919,financial_special,True,0.1,0.8909442762692235,watch
GHC,Graham Holdings Company,1161.13,4917301914.0,9.35617994730184,1.0327042704264469,11.8247242738532,6.83778146401101,200261000.0,,1346650000.0,4.8343737053093205,-20.453931449678244,-20.345950803100088,0.640755126471627,28701.766666666666,Consumer Services,Other Consumer Services,NYSE:GHC,US,33326482.32966667,0.7912387410157378,11.037670034598477,0.8476589640725017,6.656005002967003,stable_or_general,True,0.1,0.8912387410157377,watch
HURN,Huron Consulting Group Inc.,159.84,2543065901.9999995,23.97192477278863,6.633091757769316,26.8809137486842,7.39416657175071,161002000.0,,864537000.0,13.604288962711959,9.94348454863754,16.443714854528295,0.0,319991.23333333334,Commercial Services,Miscellaneous Commercial Services,NASDAQ:HURN,US,51147398.736,0.8917823626424171,27.67025101504895,0.8663428734257264,2.9364227486626593,financial_special,True,0.0,0.8917823626424171,watch
ROL,"Rollins, Inc.",36.38,17504070757.000004,33.0246913580247,12.24351056919872,37.0086599189551,16.2729388894092,619169000.0,,1115303000.0,9.90202970477276,8.663158432534614,9.06930693069306,1.95849367784497,5716726.833333333,Commercial Services,Miscellaneous Commercial Services,NYSE:ROL,US,207974522.19666666,0.8923503696255186,37.073807704863405,0.8907822908541564,0.17603389598805919,financial_special,True,0.0,0.8923503696255186,watch
HSY,The Hershey Company,179.05,35975784940.0,26.15854371201496,7.884365573878775,32.8094408606605,10.7832895931824,2154560000.0,,5923312000.0,7.691260273970177,-2.6609117186795257,-9.041620156274913,3.15219212510472,1393637.9333333333,Consumer Non-Durables,Food: Specialty/Candy,NYSE:HSY,US,249530871.96333334,0.7972870925508467,30.140690019595326,0.8678813821119735,8.134094245614175,stable_or_general,True,0.1,0.8972870925508467,watch
MKL,Markel Group Inc.,1818.69,22533492683.0,10.034018859888201,1.1874980081206192,12.5653024454187,4.52003838989351,2118315999.9999998,,4367740000.0,0.8649010801904271,3.984566054706848,8.703805992214209,0.0,62224.066666666666,Finance,Property/Casualty Insurance,NYSE:MKL,US,113166287.806,0.7985497287848091,11.834719714029422,0.8478459230423018,5.814286878989106,financial_special,True,0.1,0.8985497287848091,watch
MCHB,Mechanics Bancorp,15.89,3677844460.0,12.721159234648947,1.3672569074868717,18.187003057313,1.9504328720483601,268623000.0,,288594000.0,211.29275783294753,,,8.24417872876023,621146.2333333333,Finance,Regional Banks,NASDAQ:MCHB,US,9870013.647666667,0.6994642929657268,10.747895551553501,1.183595353493199,40.903426927001206,financial_special,True,0.2,0.8994642929657268,watch
ESNT,Essent Group Ltd.,68.9,6192490668.000001,9.619411945382963,1.0934164901171972,12.009439806765,9.19105646516243,825892000.0,,495972000.0,4.466869230434804,-4.775427469094786,4.4659004725512,1.91582002902758,532325.1666666666,Finance,Specialty Insurance,NYSE:ESNT,US,36677203.983333334,0.8009875647958434,11.366770612646496,0.8462748368195757,5.351366961816861,financial_special,True,0.1,0.9009875647958434,watch
PAA,"Plains All American Pipeline, L.P.",25.48,17977833263.000004,7.056998836758434,1.9882577306394575,9.93986047630503,3.66487502882586,2375000000.0,,8635000000.0,8.999185310522027,201.20087336244544,299.22600619195043,6.40698587127159,2578254.033333333,Industrial Services,Oil & Gas Pipelines,NASDAQ:PAA,US,65693912.76933333,0.7099696070765925,28.174267512742638,0.2504767456178479,183.44731377171132,cyclical,True,0.2,0.9099696070765926,watch
SIGI,"Selective Insurance Group, Inc.",92.46,5507760642.0,11.471321695760597,1.59045766683679,14.152647913945302,3.5897666550321996,1230791000.0,,900959000.0,7.303113342665232,29.70947629622679,31.929485710544412,1.8061864590093,484846.3,Finance,Property/Casualty Insurance,NASDAQ:SIGI,US,44828888.897999994,0.8105424345685402,13.864641834816368,0.8273795913684727,2.034997838426744,financial_special,True,0.1,0.9105424345685402,watch
CPAY,"Corpay, Inc.",407.88,26781237685.0,24.793026733287135,7.560780702325124,30.3859054405908,4.6650109260508,1638406000.0,,10623531000.0,20.357488328049243,8.11905276765107,11.781212841854936,0.0,527491.8333333334,Commercial Services,Miscellaneous Commercial Services,NYSE:CPAY,US,215153368.98000002,0.815938388992929,30.495593715365192,0.8130035756869092,0.36098405883888685,financial_special,True,0.1,0.915938388992929,watch
REZI,"Resideo Technologies, Inc.",19.63,2980763973.0,8.684303663068482,1.1783752828130694,15.195729537366502,4.93755781683626,-1399000000.0,,3905000000.0,3.4193809974320852,,,0.0,2545825.0285627963,Distribution Services,Electronics Distributors,NYSE:REZI,US,49974545.31068769,0.5714963300520494,13.569024397710965,0.6400094368268279,10.70501508766294,stable_or_general,False,0.35,0.9214963300520493,watch
MNSO,MINISO Group Holding Limited,10.33,3288519348.52545,10.908130939809928,1.982432538761066,18.9833902972538,7.3241024551587905,,,1667373121.79728,30.50106210258297,-14.720374045584256,-13.48437785492418,5.77347531461762,737337.9,Retail Trade,Specialty Stores,NYSE:MNSO,US,7616700.507,0.5746144797638141,18.173897523782472,0.6002086743108066,4.2642160372609155,stable_or_general,False,0.35,0.9246144797638141,watch
CPB,The Campbell's Company,23.39,6975043719.999999,11.50233587410868,1.730441717628015,15.396302861483898,4.05739072405739,683000000.0,,7326000000.0,-2.904645476772616,33.92070484581498,34.357449620085895,6.66951688755879,5361533.466666667,Consumer Non-Durables,Food: Specialty/Candy,NASDAQ:CPB,US,125406267.78533334,0.7470842823495928,15.044263500626627,0.7645662330781152,2.286518809252236,stable_or_general,True,0.18,0.9270842823495928,watch
IBOC,International Bancshares Corporation,70.93,4411244311.0,10.695759696000966,1.3068477865945018,12.9195843356328,2.46836543876252,489288000.0,,731019000.0,2.1675124024696317,0.33188472650464934,0.2933970539306144,2.01607218384323,292033.26666666666,Finance,Regional Banks,NASDAQ:IBOC,US,20713919.60466667,0.8278718121372972,12.21837273590878,0.8753833204455302,5.427508977901452,financial_special,True,0.1,0.9278718121372972,watch
CMCSA,Comcast Corporation,27.06,96026102165.0,8.762385855838351,1.069100813520135,12.0023149388577,4.21491989055284,20433000000.0,,90381000000.0,0.5797801666867979,-51.10461054837583,-49.000049543375226,4.8780487804878,27566109.266666673,Consumer Services,Cable/Satellite TV,NASDAQ:CMCSA,US,745938916.7560002,0.7300579846867689,12.20102414010673,0.7181680615674695,1.6555906278188592,stable_or_general,True,0.2,0.9300579846867689,watch
NTES,"NetEase, Inc.",122.76,78058632715.57845,17.02493551160791,3.210019360527326,20.4439628389974,14.6909688229824,7231727970.0,,1857542665.13396,9.825822986773774,-1.7989630614381233,-2.20661033729809,2.45193874226132,846295.9,Technology Services,Packaged Software,NASDAQ:NTES,US,103891284.684,0.8327610280690002,18.8548106883499,0.9029491620474004,7.773209935679148,technology_strict,True,0.1,0.9327610280690002,watch
SNEX,StoneX Group Inc.,68.64,8279132778.999999,17.78653053820839,4.344147078238317,21.1536866550552,1.15522762581586,7390100000.0,,20043800000.0,20.572905119756587,77.6732845698363,47.982974154459704,0.0,987111.5000000002,Finance,Investment Banks/Brokers,NASDAQ:SNEX,US,67755333.36000001,0.8408241470267716,24.423802432443896,0.7282457589233223,15.458845688286772,financial_special,True,0.1,0.9408241470267715,watch
ARLP,"Alliance Resource Partners, L.P.",26.18,3368287377.0000005,12.76824034334764,1.9040526210906192,14.7934377778345,9.06801614389223,357086000.0,,590868000.0,-5.111511996899972,12.985420240137236,12.733670552012304,9.16730328495035,342163.13333333336,Energy Minerals,Coal,NASDAQ:ARLP,US,8957830.830666667,0.8631016356778625,14.912412124844177,0.8562156300707159,0.8042373165481509,cyclical,True,0.08,0.9431016356778624,watch
PPLI,People Incorporated,39.14,2914498638.0,7.126340513081951,0.5733787875924581,8.23809700591576,5.53261589000089,82495000.0,,1414718000.0,-32.08751547184635,,,0.0,998451.933333334,Technology Services,Internet Software/Services,NASDAQ:PPLI,US,39079408.670666695,0.8650469286735202,8.045907805554567,0.8857099391770579,2.3329319893075073,technology_strict,True,0.08,0.9450469286735201,watch
RJF,"Raymond James Financial, Inc.",179.36,34501999087.0,15.634043443394582,2.7135584576228133,18.4550044074044,2.57243705739115,1965000000.0,,5869000000.0,7.745048247841543,8.12206572769953,12.601462433135408,1.18198037466548,1100727.5,Finance,Investment Managers,NYSE:RJF,US,197426484.4,0.8471438477208919,17.356728394977676,0.9007482912458565,5.951101328299213,financial_special,True,0.1,0.9471438477208919,watch
SFBS,"ServisFirst Bancshares, Inc.",43.2,4721760215.0,14.73497510062078,2.3881560726331137,17.3399066447052,1.79553168074707,464254000.0,,1641490000.0,3.0525217543521257,28.427328933880062,28.35690206208134,1.70717592592593,495217.73333333334,Finance,Regional Banks,NYSE:SFBS,US,21393406.080000002,0.8497724585570451,16.20739808737445,0.9091511802933572,6.531226381640098,financial_special,True,0.1,0.9497724585570451,watch
AMZN,"Amazon.com, Inc.",266.43,2873797680745.0,21.429950291974325,5.208140908917644,30.558338368750697,15.2184172085638,-11625000000.0,,241995000000.0,15.766568463281185,91.55374311484927,89.7295812477109,0.0,43229320.966666676,Retail Trade,Internet Retail,NASDAQ:AMZN,US,11517587985.149002,0.7012799594459899,24.30309374477705,0.881778695215699,20.469845410083977,hybrid_platform,False,0.25,0.9512799594459899,watch
GEHC,GE HealthCare Technologies Inc.,71.725,32397195504.0,16.482443239268314,2.951902407986866,19.1898685228152,5.45734473373106,1579000000.0,,10541000000.0,6.516077331463488,-11.462979482604817,-10.913669212029383,0.195189961659115,4050836.3,Health Technology,Medical Specialties,NASDAQ:GEHC,US,290546233.61749995,0.8589138179697283,17.909374023834992,0.9203249213139653,6.672763273275173,health_special,True,0.1,0.9589138179697283,watch
JPM,JP Morgan Chase & Co.,357.62,950620564223.0,15.320224478430365,2.688725816729977,17.7104721389104,1.3541187290248,153745000000.0,,1276819000000.0,8.204007259475325,15.191606650662399,19.772185022704537,1.67775851462446,6272354.733333333,Finance,Major Banks,NYSE:JPM,US,2243119499.734667,0.8650376092894444,17.550172456777542,0.8729386857115461,0.9051124152736345,financial_special,True,0.1,0.9650376092894444,watch
SAH,"Sonic Automotive, Inc.",79.68,2519067532.0,12.701853947808898,2.4557249859230375,20.6208641494745,3.44200250150253,-109100000.0,,4671800000.0,5.251840661957838,34.28390367553866,39.585233973431826,1.94528112449799,281061.73333333334,Retail Trade,Specialty Stores,NYSE:SAH,US,22394998.912,0.6159709823864288,19.333594891056485,0.6569835573458013,6.242557290940787,stable_or_general,False,0.35,0.9659709823864288,watch
NEU,NewMarket Corp,914.69,8411860960.0,19.69235075028526,4.575781589508934,25.0238038855477,12.667198783955499,473657000.0,,939930000.0,-1.3142625408907866,-9.781197945948431,-7.931171866173245,1.28458822114596,128540.8,Process Industries,Chemicals: Specialty,NYSE:NEU,US,117574984.35200001,0.7869447363139871,23.236340077086275,0.8474807428775843,7.143053936311272,cyclical,True,0.18,0.9669447363139871,watch
TOWN,Towne Bank,37.43,3450490483.9999995,10.495471497069792,1.1553884843297155,12.0090443083852,1.53509816346272,131770000.00000001,,505286000.0,34.953329072192055,80.70754363838451,54.666493191083354,2.91210259150414,607503.9666666667,Finance,Regional Banks,NASDAQ:TOWN,US,22738873.472333334,0.8739639248180165,11.008447640034904,0.953401591238028,8.332025785362774,financial_special,True,0.1,0.9739639248180165,watch
WIT,Wipro Limited,1.82,18688879689.029102,13.093525179856114,2.269864431723226,16.4335950528302,10.002333345718,1657940500.0,,2248307737.00265,-0.12224491907676183,-7.77504501343785,-7.824933687002638,4.27604395604396,7500086.333333332,Technology Services,Information Technology Services,NYSE:WIT,US,13650157.126666665,0.7967535489199694,17.335777802721346,0.755289167227369,5.489868449300572,technology_strict,True,0.18,0.9767535489199695,watch
ZTO,ZTO Express (Cayman) Inc.,21.5,15826026532.39101,11.757628787050203,1.7426855838564093,16.1071107524628,10.6421199500765,,,3248127302.7382298,20.890815898558287,22.303838389248032,25.07523939808482,3.11627906976744,1861861.2666666666,Transportation,Air Freight/Couriers,NYSE:ZTO,US,40030017.233333334,0.7299651047132986,14.821743528557347,0.7932689406206865,7.9801228392802575,stable_or_general,False,0.25,0.9799651047132986,watch
PFS,"Provident Financial Services, Inc",23.51,3066235889.0,9.813415703134783,1.054785590489253,11.1394700189152,1.2456123844976,350358000.0,,2879418000.0,3.7176463673565348,35.41080289947951,35.167005190701886,4.08336877924288,929101.9666666667,Finance,Savings Banks,NYSE:PFS,US,21843187.236333337,0.8809589402791398,10.748404249830298,0.91301140848789,3.5106317304221646,financial_special,True,0.1,0.9809589402791398,watch
WH,"Wyndham Hotels & Resorts, Inc.",76.02,5641529718.999999,27.806430374190715,11.798943030754545,39.6190476190476,4.82039397450753,322000000.0,,2675000000.0,-2.206896551724138,-37.91044776119403,-35.90969829101905,2.20994475138122,1317374.0666666667,Consumer Services,Hotels/Resorts/Cruise lines,NYSE:WH,US,100146776.548,0.7018449974254871,42.43242614019975,0.6553108766940711,7.101075594254214,cyclical,True,0.28,0.9818449974254871,watch
SF,Stifel Financial Corporation,81.29,12274931542.000002,14.543080005724919,2.3127146387809443,16.4273804833773,2.24999127611318,734492000.0,,3056564000.0,11.03782521446414,56.189839769259876,62.1301775147929,1.59101980563415,1094993.633333334,Finance,Investment Managers,NYSE:SF,US,89012032.45366673,0.8852951339649627,15.902509219990117,0.9145147979190392,3.195100179960486,financial_special,True,0.1,0.9852951339649627,watch
OZK,Bank OZK,49.4,5603536034.0,8.161781713643723,0.9069743574114216,11.329693173196,1.66257473391614,762417000.0,,668231000.0,-0.4015704716808146,-3.7636796215577335,-1.8072680077871466,3.76518218623482,1069496.6666666667,Finance,Regional Banks,NASDAQ:OZK,US,52833135.333333336,0.7203885920717622,11.112455456818564,0.7344714897044363,1.917419236836726,financial_special,True,0.28,1.0003885920717623,watch
LAZ,"Lazard, Inc.",43.64,4252742777.9999995,21.391108279005934,4.651341257524856,26.4542474581921,4.94531130846337,616944000.0,,2153003000.0,5.74400171440908,-27.598984536661796,-29.57401270367302,4.58295142071494,1592411.4,Finance,Investment Banks/Brokers,NYSE:LAZ,US,69492833.49599999,0.8086077032738174,21.744274288442845,0.983758206654677,17.80422284622848,financial_special,True,0.2,1.0086077032738174,watch
NVSEF,Novartis AG,163.6,299477862994.4011,25.155937984585286,7.224156897142224,30.2455873864668,11.1511258729933,16349883517.642002,,48911399729.01,-7.620890960418493,-15.942202561812572,-13.131450997888486,2.99014061742363,48706.13333333333,Health Technology,Pharmaceuticals: Major,OTC:NVSEF,US,7968323.413333333,0.8317225803272432,28.717501615598454,0.8759793355742814,5.0522601903644215,health_special,True,0.18,1.0117225803272432,watch
OGN,Organon & Co.,13.76,3613505900.0,17.62746605175506,3.5919483970669237,24.036802760207,1.56683409550941,567000000.0,,8553000000.0,-2.4518388791593697,-70.14285714285714,-71.00512591932248,0.581395348837209,2831147.3666666667,Health Technology,Pharmaceuticals: Major,NYSE:OGN,US,38956587.76533333,0.7333531929187098,20.37699795603518,0.8650668803023669,15.22583864702105,health_special,True,0.28,1.0133531929187098,watch
TCEHY,Tencent Holding Ltd.,57.96,523649591338.9993,15.930079155672825,3.1189461449050753,20.8432588911782,11.1869256090426,,,69535767972.41139,15.63811121585319,16.75219286078319,17.904015036132076,1.04178981089181,3595712.7,Technology Services,Packaged Software,OTC:TCEHY,US,208407508.092,0.7642796761697926,19.578974557664985,0.8136319452663239,6.065674950898947,technology_strict,False,0.25,1.0142796761697928,watch
WFRD,Weatherford International plc,93.79,6723378205.000001,18.530812241914134,3.7662870128352526,22.1952698605215,7.14634384457678,526000000.0,,1622000000.0,-7.16922479114047,-23.90852390852391,-22.193697156033817,1.11952233713616,1044283.6,Industrial Services,Oilfield Services/Equipment,NASDAQ:WFRD,US,97943358.84400001,0.8348991635769522,20.32445725350577,0.9117494263576338,8.42887975128126,cyclical,True,0.18,1.0148991635769522,watch
INGR,Ingredion Incorporated,104.62,6597753772.000001,11.397010762996208,1.4592223915179319,13.5764247219356,7.46956028010851,355000000.0,,1783000000.0,-1.3805358119190816,-12.42603550295858,-10.412335919582285,3.13515580194991,626159.3666666667,Consumer Non-Durables,Food: Specialty/Candy,NYSE:INGR,US,65508792.940666676,0.8394706998656218,12.803553684934053,0.8901443336319256,5.692743508184517,stable_or_general,True,0.18,1.0194706998656218,watch
WAL,Western Alliance Bancorporation,78.53,8567691048.999999,8.847653169291782,1.1360565513992895,13.105108317732,1.05702544411248,-1650600000.0,,7453000000.0,12.237858719646798,15.811864807374143,16.700852003786686,2.08837386985865,1016374.5333333333,Finance,Regional Banks,NYSE:WAL,US,79815892.10266666,0.6751301061220818,12.840202137921578,0.6890587137379706,2.0213963394105527,financial_special,False,0.35,1.0251301061220817,watch
NKE,"Nike, Inc.",39.6,58746546807.0,18.873319988561626,3.950676403687298,22.1383289408077,8.28921575164357,2184000000.0,,11033000000.0,-0.008620318089737511,-3.4482758620689653,-2.8296207104154196,4.11616161616162,24407990.53333332,Consumer Non-Durables,Apparel/Footwear,NYSE:NKE,US,966556425.1199995,0.8525178227780478,20.932599066203757,0.9016233449497013,5.44634546639794,stable_or_general,True,0.18,1.0325178227780478,watch
VZ,Verizon Communications Inc.,50.1,208154240731.0,13.046875,2.0030241266454984,15.6264041008199,4.07626743762532,21531000000.0,,188458000000.0,1.3832116788321167,-11.108668169076017,-10.788960133816568,5.57884231536926,21933732.499999996,Communications,Wireless Telecommunications,NYSE:VZ,US,1098879998.2499998,0.834924971594421,15.352520252133163,0.8498197550455728,1.7526991297528771,stable_or_general,True,0.2,1.034924971594421,watch
ADDYY,adidas AG,89.22,32081422774.94154,19.722357310225917,4.587450787224449,24.9745695598827,6.86358928666182,,,6834647400.0,13.936079894146838,22.41991145215158,22.96276162000543,1.30568427866693,120471.7,Consumer Non-Durables,Apparel/Footwear,OTC:ADDYY,US,10748485.074,0.7896975866966073,23.26015452952921,0.8479031076594099,6.864642957079825,stable_or_general,False,0.25,1.0396975866966072,watch
AR,Antero Resources Corporation,38.45,11821029606.0,11.038700045934773,1.4273358007001185,13.8740056424938,7.741321768894541,-1216093000.0,,4615305000.0,20.838319979952058,140.24273996896474,142.66406576564023,0.0,4125541.7,Energy Minerals,Oil & Gas Production,NYSE:AR,US,158627078.365,0.7956390050848074,12.930288845250072,0.8537086973111067,6.802049974329538,cyclical,False,0.25,1.0456390050848074,watch
MATX,"Matson, Inc.",224.31,6707644511.0,14.997191912708601,2.418825495289863,17.2061360390273,10.0874331201879,108500000.0,,332400000.0,-0.16162549064881088,-6.132361870066788,1.1325755782897002,0.641968704025679,276387.5333333333,Transportation,Marine Shipping,NYSE:MATX,US,61996487.602,0.8716188154441923,16.12852265523223,0.9298552777146877,6.262959803123724,cyclical,True,0.18,1.0516188154441923,watch
TM,Toyota Motor Corporation,194.48,231431498248.99686,8.573935201717608,1.003234513083059,12.0908069189237,4.5302230355646,-5548421450.0,,270439427780.342,3.8849301708992154,1.9082965826953957,4.593158909188172,2.75117081447964,384273.73333333334,Consumer Durables,Motor Vehicles,NYSE:TM,US,74733555.65866667,0.7091284526509372,11.700980815461284,0.7327535474964884,3.22415291284065,stable_or_general,False,0.35,1.059128452650937,watch
PHM,"PulteGroup, Inc.",128.55,24097025253.0,13.131282177004168,1.853839033125241,14.9007101696911,10.6353906268893,1542275000.0,,2428181000.0,-7.276057627038757,-30.48342075564234,-26.81384239288892,0.777907429015947,1578201.2333333334,Consumer Durables,Homebuilding,NYSE:PHM,US,202877768.54500002,0.8812521032530348,14.117730531841975,0.9301269880018669,5.254646449279676,stable_or_general,True,0.18,1.0612521032530349,watch
IDEXY,Industria de Diseno Textil Inditex SA,16.82,211508670098.386,28.654173764906304,9.413213196407085,34.1888615792242,17.7725433837832,,,7086395050.0,12.508965959597553,15.473841107182947,15.414864333464392,1.80608799048751,327846.93333333335,Retail Trade,Apparel/Footwear Retail,OTC:IDEXY,US,5514385.418666667,0.838114299258177,32.85110669614125,0.8722437886170841,3.912838337664548,stable_or_general,False,0.25,1.088114299258177,watch
CNS,Cohen & Steers Inc,82.73,4254103488.0,25.40223532301646,7.217334864098099,30.110853082095,20.375399061260204,,,134390000.0,12.594267368521587,3.814529012996786,3.485748784595346,3.11857850840082,238137.5,Finance,Investment Managers,NYSE:CNS,US,19701115.375,0.8436239004507495,28.412203777825077,0.8940607184734535,5.641319093944908,financial_special,False,0.25,1.0936239004507495,watch
MTDR,Matador Resources Company,56.39,6978500337.0,9.684344301710517,1.1794078197311015,12.8145917819144,5.84223052790299,-568093000.0,,4216410000.0,1.841220432165221,-15.172645797729315,-14.615441014737145,2.54921085298812,2196116.6333333333,Energy Minerals,Integrated Oil,NYSE:MTDR,US,123839016.95366667,0.7557278816620838,12.17849947283252,0.79520012488518,4.963812503021881,cyclical,False,0.35,1.1057278816620837,watch
BBVA,Banco Bilbao Vizcaya Argentaria S.A.,29.0,162426033591.32104,12.872297927116161,2.3682439715941386,18.9669984217805,1.26183529521613,,,231807504900.0,-2.288545071302909,12.183832738676553,14.331387972595788,2.99462068965517,1606387.2,Finance,Major Banks,NYSE:BBVA,US,46585228.8,0.678668160394553,18.397989115877362,0.6996578727186789,2.999996590128484,financial_special,False,0.43000000000000005,1.108668160394553,watch
TFPM,Triple Flag Precious Metals Corp.,34.0,7004103489.83912,17.566454932329883,3.0733599596705754,19.9566558504713,18.4477995404425,-223141135.35999998,,235906572.0,42.962346448397476,126.67894499839869,120.69813556094518,0.673154106689246,542945.3666666667,Non-Energy Minerals,Precious Metals,NYSE:TFPM,US,18460142.46666667,0.8802303884954267,17.495618618041494,1.0040488030652053,12.331911973977782,cyclical,False,0.25,1.1302303884954266,watch
IX,ORIX Corporation,39.0,40653428859.97119,10.78629311060099,1.4738220854884831,13.808273639456301,3.46265833605922,,,38817425011.536705,13.236379855794898,60.80889041175443,65.36473816601874,1.77921282051282,274014.7,Finance,Finance/Rental/Leasing,NYSE:IX,US,10686573.3,0.7811471145661406,13.663842344873613,0.7894040957408867,1.0459764801443727,financial_special,False,0.35,1.1311471145661405,watch
HKXCY,Hong Kong Exchange & Clearing Ltd.,54.01,68425284577.89961,27.005,8.826259470130278,33.8287345558217,3.9691273439372003,,,120631722.572542,22.70196212567437,27.837835031998697,44.60270407056612,2.32661883806072,149991.9,Finance,Investment Banks/Brokers,OTC:HKXCY,US,8101062.518999999,0.7982858464728655,32.683797334309496,0.8262503809999998,3.384510938837837,financial_special,False,0.35,1.1482858464728656,watch
HAPN,"Happen, Inc.",17.89,2064639444.0,10.777757696246763,1.3171835391079818,13.154800739868802,1.67703543413579,-2956802000.0,,53624000.0,23.25832837934616,164.20311782346744,159.03558052434454,0.0,1386422.7666666666,Finance,Major Banks,NASDAQ:HAPN,US,24803103.295666665,0.8193022387319151,12.221313340219893,0.8818821182480903,7.096172858169947,financial_special,False,0.35,1.1693022387319152,watch
TOL,"Toll Brothers, Inc.",146.22,13667329832.0,11.737601746752935,1.5832156189818696,14.4154859800189,8.2412390879404,,,2765476000.0,-1.082589922924849,-12.85620791460027,-8.444555503292575,0.697578990562167,868263.6,Consumer Durables,Homebuilding,NYSE:TOL,US,126957503.592,0.8142355910180383,13.488408050817084,0.8701991890022862,6.431125044877605,stable_or_general,False,0.43000000000000005,1.2442355910180383,watch
