name,description,close,market_cap_basic,price_earnings_ttm,price_book_fq,return_on_equity,return_on_assets,free_cash_flow_ttm,cash_n_short_term_inv,total_debt,total_revenue_yoy_growth_ttm,net_income_yoy_growth_ttm,earnings_per_share_diluted_yoy_growth_ttm,dividends_yield_current,average_volume_30d_calc,sector,industry,symbol,market,traded_value_30d,quick_pr_roe,implied_roe_from_pe_pb,quick_pr_pe_pb,pr_path_gap_percent,model,fcf_positive,rank_penalty,screen_rank,stage1_tier
688332,"Shenzhen Bluetrum Technology Co., Ltd. Class A",95.07,16968600868.000002,9.619646055307653,2.979709952331536,36.3336621518597,32.3465664300322,176028820.0,,134131190.87,5.1806051582914705,494.75528319373547,495.24784677467926,0.960423898180288,5432578.666666668,Electronic Technology,Electronic Production Equipment,SSE:688332,A,516475253.8400001,0.26475850452678035,30.975255588405737,0.31055905343064727,14.747774504694933,technology_strict,True,0.0,0.26475850452678035,priority
000807,Yunnan Aluminium Co. Ltd. Class A,27.23,94432481669.0,8.607827021559082,2.4745771953580094,31.873035672668497,23.0309853020037,12728817110.0,,2188432237.63,11.998636627683801,135.39154029176737,135.38953791204702,2.56702166727874,85414999.50000024,Non-Energy Minerals,Aluminum,SZSE:000807,A,2325850436.3850064,0.27006611826875326,28.74798934923073,0.2994236194048618,9.804671119285736,cyclical,True,0.0,0.27006611826875326,priority
300773,"Lakala Payment Co., Ltd. Class A",15.92,16989283049.999998,10.749493585415259,3.7353092305779168,39.6843775216037,15.072683148341701,303746930.0,,44141541.3,13.541774992577304,899.7749951260454,884.0531561461795,2.17928391959799,49964159.79999999,Electronic Technology,Computer Processing Hardware,SZSE:300773,A,795429424.0159998,0.27087469318533125,34.74869956335361,0.3093495215789831,12.437332437841986,technology_strict,True,0.0,0.27087469318533125,priority
688336,"Sunshine Guojian Pharmaceutical (Shanghai) Co., Ltd. Class A",42.57,38152317723.0,12.397705099455399,4.486445811702067,43.3759904602582,41.5918436129793,2768102300.0,,0.0,257.6287675051025,302.44869615660497,301.226922178079,0.556239135541461,11721180.066666665,Health Technology,Pharmaceuticals: Major,SSE:688336,A,498970635.4379999,0.2858195275290458,36.187711965330955,0.3425943345446326,16.572021569197982,health_special,True,0.0,0.2858195275290458,priority
600066,"Yutong Bus Co., Ltd. Class A",30.06,65078313648.0,12.130261087123198,5.12866884939355,41.9633760115753,17.8256609207609,6742100450.0,,244309885.36999997,13.520491965018078,25.31845967123254,25.32112875493071,8.3166999334664,20027979.466666654,Consumer Durables,Motor Vehicles,SSE:600066,A,602041062.7679995,0.28906780721782616,42.27995434358669,0.28690336296361685,0.7544157837159116,stable_or_general,True,0.0,0.28906780721782616,priority
603444,"G-Bits Network Technology (Xiamen) Co., Ltd. Class A",388.08,27957708945.0,12.428900845503458,4.597758888728027,39.4799594237808,26.12710713473,3034145910.0,,24240639.42,74.27627798657514,109.04808114480116,109.59643422925112,5.05050505050505,2013433.2666666666,Technology Services,Packaged Software,SSE:603444,A,781373182.1279999,0.31481544122400734,36.9924818443733,0.3359845089007982,6.30060824710259,technology_strict,True,0.0,0.31481544122400734,priority
600961,"Zhuzhou Smelter Group Co., Ltd. Class A",28.02,30061896424.0,12.08331536504377,5.1296133567662565,53.679940778415,27.0892523869734,2803095330.0,,1335391190.83,23.464480803310217,148.52706859556076,148.54233654876742,0.0,56002935.1,Non-Energy Minerals,Other Metals/Minerals,SSE:600961,A,1569202241.502,0.2250992678051265,42.452035735207964,0.2846345329682828,20.9163886554097,cyclical,True,0.1,0.32509926780512655,priority
000933,Henan Shenhuo Coal Industary and Electricity Power Corporation Limited Class A,27.59,61511339530.0,8.954012916626098,2.226382511720988,27.513984105269103,11.91854215424,10772467400.0,,14555494887.869999,12.741427207519704,75.24903223916701,76.54844439351402,2.89960130482059,57961662.73333323,Non-Energy Minerals,Aluminum,SZSE:000933,A,1599162274.8126638,0.32543498180299335,24.864633683819793,0.36011038933795997,9.62910500824904,cyclical,True,0.0,0.32543498180299335,priority
601717,ZCZL Industrial Technology Group Company Limited Class A,15.05,25357158551.432533,6.166263776785349,1.086608863407129,18.6112789573059,8.59446747853128,1011940340.0,,11037993010.4,11.69459466263261,9.140089976672494,10.659231048240846,8.30564784053156,19141496.833333332,Producer Manufacturing,Auto Parts: OEM,SSE:601717,A,288079527.34166664,0.3313186477367139,17.621835567559994,0.34992176343631376,5.31636429723974,cyclical,True,0.0,0.3313186477367139,priority
601899,"Zijin Mining Group Co., Ltd. Class A",34.65,908383751449.0378,14.064212363518287,4.537626945515737,39.5141698448175,13.733808590563,69114516800.0,,173229052074.0,17.01668940250069,68.05463320035699,65.79407806191115,1.73160173160173,293054511.4999999,Non-Energy Minerals,Precious Metals,SSE:601899,A,10154338823.474995,0.35592832694580534,32.263640708996014,0.43591523009976946,18.349187555492662,cyclical,True,0.0,0.35592832694580534,priority
600989,"Ningxia Baofeng Energy Group Co., Ltd. Class A",24.49,179593981373.0,11.563887052601757,3.217660475724992,30.7483014005767,16.6197878112591,12334037720.0,,27734987593.34,42.437252840155466,75.53613281422017,76.6157951797181,3.15271539403838,82085368.6,Process Industries,Chemicals: Specialty,SSE:600989,A,2010270677.0139997,0.37608214196784445,27.82507699261081,0.4155922751147336,9.506945993156757,cyclical,True,0.0,0.37608214196784445,priority
002532,"Tianshan Aluminum Group Co., Ltd. Class A",13.17,60960470656.0,8.746762303247658,1.8825930897255017,23.0433108774827,12.9169761426576,7289359630.0,,13565658503.74,6.929436125348134,54.74782417100479,55.435119231960364,4.17615793470008,102484375.13333336,Non-Energy Minerals,Aluminum,SZSE:002532,A,1349719220.5060003,0.37957923450118264,21.523313706907274,0.40638548609922653,6.596262050436186,cyclical,True,0.0,0.37957923450118264,priority
002170,"Shenzhen Batian Ecological Technique Co., Ltd. Class A",11.91,11557418346.0,10.908591317091041,3.0055872125008203,28.1424419779659,17.0547011318505,1261128780.0,,1310188461.02,19.7079912720043,48.02381165345126,43.41258373834233,6.12930310663308,19585998.90000001,Process Industries,Chemicals: Agricultural,SZSE:002170,A,233269246.8990001,0.38762063809643504,27.552477906031875,0.3959205177223969,2.096349962792632,cyclical,True,0.0,0.38762063809643504,priority
002611,"Guangdong Dongfang Precision Science & Technology Co., Ltd. Class A",14.9,17793441817.0,4.290856731461483,1.8841274277108357,56.30350236235601,41.1593284611644,841444720.0,,383526407.31,-0.31799421773769865,468.563774839886,466.75371307328214,0.281879194630873,28382267.033333506,Producer Manufacturing,Industrial Machinery,SZSE:002611,A,422895778.79666924,0.0762094106303822,43.91028518607971,0.09771871699940031,22.011449832226216,cyclical,True,0.32999999999999996,0.4062094106303822,priority
002847,Yankershop Food Co. Ltd. Class A,45.42,12027058330.0,15.429037298729535,5.842897830332127,37.44584590495,19.198646413515,438642260.0,,1214645263.3700001,1.837936822751901,15.536413454631331,4.3013038548752816,3.08234258036107,4460636.633333333,Consumer Non-Durables,Food: Major Diversified,SZSE:002847,A,202602115.88599998,0.41203601964003056,37.86949060530981,0.40742658673539633,1.131352998234214,stable_or_general,True,0.0,0.41203601964003056,priority
002648,Satellite Chemical Co. Ltd. Class A,28.38,95541388342.0,10.832888006718068,2.5037185248704468,25.4290158398774,11.7413070343298,12548159240.0,,26766214478.329998,7.268363633239024,30.09342090629934,30.481123617890233,1.76180408738548,50937150.99999996,Process Industries,Chemicals: Specialty,SZSE:002648,A,1445596345.379999,0.42600500447721207,23.112197996672297,0.46870868829861145,9.110922175650627,cyclical,True,0.0,0.42600500447721207,priority
605599,"Beijing Caishikou Department Store Co., Ltd. Class A",16.45,12794445930.0,11.514769704605907,2.8926637124569177,26.605560253934403,13.5312390809598,1043080240.0,,155569572.35,41.332755362045255,42.82847173132896,42.83143371325736,4.74164133738602,11267886.666666666,Retail Trade,Specialty Stores,SSE:605599,A,185356735.66666666,0.43279561094388586,25.12133361468664,0.45836617916948674,5.578633282222567,stable_or_general,True,0.0,0.43279561094388586,priority
603993,CMOC Group Limited Class A,19.51,400615239624.39435,14.93074156271524,4.632003798670466,34.2453311488368,13.6036308848791,17682221110.0,,47254665612.850006,20.610659510924727,65.73107931035365,66.45859872611464,1.46591491542799,259633690.20000044,Distribution Services,Wholesale Distributors,SSE:603993,A,5065453295.802009,0.43599349347282884,31.023266856600188,0.48127560620001986,9.408769558200214,stable_or_general,True,0.0,0.43599349347282884,priority
000792,"Qinghai Salt Lake Industry Co., Ltd. Class A",28.38,145113684273.0,12.38165874089263,3.1449293831483645,27.9376308241854,21.9258337946868,9003523450.0,,1302593856.42,48.33508368601865,144.2435505117396,145.43312988542672,0.0,67522396.43333343,Process Industries,Chemicals: Agricultural,SZSE:000792,A,1916285610.7780025,0.44318928898487414,25.399903590959713,0.4874687298143717,9.08354487607015,cyclical,True,0.0,0.44318928898487414,priority
002668,"Guangdong TCL Smart Home Appliances Co., Ltd. Class A",9.35,10136442473.0,10.171888598781548,2.6478400987771793,28.90820095028,6.05686233298588,1479687900.0,,5129086626.04,0.6009284337096154,-9.280770751900558,-9.277536517962897,2.17957219251337,25258601.033333216,Consumer Durables,Electronics/Appliances,SZSE:002668,A,236167919.66166556,0.3518686139022091,26.030958489796618,0.3907612008512339,9.953031893724662,stable_or_general,True,0.1,0.4518686139022091,priority
000612,"Jiaozuo Wanfang Aluminum Manufacturing Co., Ltd. Class A",11.46,13662604491.0,9.618128409567772,1.772939924255551,20.1399687797293,16.4919958515965,1619490670.0,,660498386.29,2.1126432806535527,133.13586432962003,133.12463314419878,2.83595113438045,35648265.56666664,Non-Energy Minerals,Aluminum,SZSE:000612,A,408529123.39399976,0.47756421644746205,18.43331518106884,0.521779631883345,8.473963476935452,cyclical,True,0.0,0.47756421644746205,priority
300573,"Shenyang Xingqi Pharmaceutical Co., Ltd. Class A",39.15,13799897633.0,18.487037824054397,6.402069593685253,38.5083440892744,29.9816281826957,507401410.0,,80939162.46000001,23.481256816994982,68.37952991755735,67.57933053731108,2.44797956577267,8377702.233333333,Health Technology,Pharmaceuticals: Major,SZSE:300573,A,327987042.435,0.480078753352667,34.630045411359546,0.5338438804931562,10.071320306382814,health_special,True,0.0,0.480078753352667,priority
605499,Eastroc Beverage (Group) Co. Ltd. Class A,120.81,81732272306.67874,17.149549293775287,4.510212096821161,34.7901112009922,16.7155232750374,4888065410.0,,6059043393.62,20.743504365935337,23.582905520871936,27.145564479740102,2.81629831967552,8804830.500000002,Consumer Non-Durables,Beverages: Non-Alcoholic,SSE:605499,A,1063711572.7050003,0.49294321580915756,26.299303961639488,0.6520913754519833,24.405806553186736,stable_or_general,True,0.0,0.49294321580915756,priority
601168,"Western Mining Co., Ltd. Class A",39.12,93222957455.0,15.686903520731414,4.158048353255543,30.460052959274105,9.75410895926303,2120189210.0,,27382869773.0,22.663573583015783,86.86095948710813,86.85748538888055,0.255623721881391,76103241.06666666,Non-Energy Minerals,Other Metals/Minerals,SSE:601168,A,2977158790.528,0.5149992201820929,26.506495356208262,0.5918135653138045,12.979483680976688,cyclical,True,0.0,0.5149992201820929,priority
688578,Shanghai Allist Pharmaceuticals Co. Ltd. Class A,113.7,51164998627.0,19.1008970869872,6.0463993346301805,36.7115747778828,32.6328785854394,2631107510.0,,4257814.08,40.8281095612533,46.78027400862699,46.78206835330672,0.879507475813544,9654733.533333333,Health Technology,Pharmaceuticals: Major,SSE:688578,A,1097743202.74,0.5202963153325336,31.655054247422697,0.6034074981420183,13.773641041153194,health_special,True,0.0,0.5202963153325336,priority
603605,"Proya Cosmetics Co., Ltd. Class A",61.35,24265266802.0,13.240530916154096,3.578983230407182,30.029211999615,19.4694412703874,1741721450.0,,929364858.36,-4.744642787298599,13.23970257740186,10.471353980401963,3.2599837000815,5815974.633333329,Consumer Non-Durables,Household/Personal Care,SSE:603605,A,356810043.75499976,0.4409216903967993,27.030511488331992,0.489836491694562,9.98594472382911,stable_or_general,True,0.08,0.5209216903967993,priority
002192,"YOUNGY Co., Ltd. Class A",74.43,19326137538.0,16.17305143304144,4.249893509990647,30.0705631930238,22.6263822190295,327076840.0,,181821355.69,235.61857431040752,787.3280335611763,787.2373240794293,0.295579739352412,21254365.833333332,Non-Energy Minerals,Construction Materials,SZSE:002192,A,1581962448.9750001,0.5378366653536272,26.27762316583092,0.6154685806618703,12.613465211296138,cyclical,True,0.0,0.5378366653536272,priority
300628,Yealink Network Technology Co. Ltd. Class A,40.2,50750400670.0,17.659462308908804,5.5210831211424525,32.3973539415752,29.322775125903398,1812548340.0,,5716193.569999999,20.59785435142559,14.131107312377456,14.185393258426974,4.47761194029851,15516174.300000003,Electronic Technology,Telecommunications Equipment,SZSE:300628,A,623750206.8600001,0.5450896496286567,31.264163226290243,0.5648467921910939,3.497787866652724,technology_strict,True,0.0,0.5450896496286567,priority
000680,"Shantui Construction Machinery Co., Ltd. Class A",10.38,15318623482.0,11.697092630155511,2.311392179567115,21.4434151999867,6.93590546836669,836746270.0,,8034504666.4800005,11.116084280608892,10.182094920372021,10.167597765363125,1.30057803468208,23092120.166666668,Producer Manufacturing,Trucks/Construction/Farm Machinery,SZSE:000680,A,239696207.33000004,0.5454864591794486,19.760399038033313,0.5919461751577909,7.848638597243718,cyclical,True,0.0,0.5454864591794486,priority
603025,"Beijing Dahao Technology Corp., Ltd. Class A",13.73,15273851843.0,18.05391190006575,5.514255535340634,32.6799847893319,17.5797706487175,532085510.0,,1202781852.13,23.86592121435898,27.49911599789346,27.51509054325954,3.2774945375091,10988403.466666663,Electronic Technology,Computer Peripherals,SSE:603025,A,150870779.59733328,0.5524455417114911,30.54327264840897,0.5910929096527643,6.538289888128834,technology_strict,True,0.0,0.5524455417114911,priority
600595,"Henan Zhongfu Industrial Co., Ltd Class A",6.34,25410118497.0,9.105270716645123,1.3888067433796194,16.1794090666393,10.9069032804081,875924610.0,,6164055575.2,20.1252912445122,188.36570335332547,186.77924217462933,2.7602523659306,116831627.43333334,Non-Energy Minerals,Aluminum,SSE:600595,A,740712517.9273334,0.5627690528833648,15.252778161123489,0.596958181680815,5.727223421444072,cyclical,True,0.0,0.5627690528833648,priority
002602,"Zhejiang Century Huatong Group Co., Ltd. Class A",13.97,101625163446.0,13.646576145355084,3.0089925152118893,24.1269749819162,16.7527538235754,8182712540.0,,2385043614.86,40.191662994891324,174.83490205157537,177.27518959913328,0.429491768074445,114141601.56666663,Technology Services,Packaged Software,SZSE:002602,A,1594558173.886333,0.5656148835725802,22.049431909967154,0.6189082875729932,8.61087257522427,technology_strict,True,0.0,0.5656148835725802,priority
600096,Yunnan Yuntianhua Co. Ltd. Class A,31.58,57570046882.0,10.802490251077511,2.266112504807775,22.1994945565664,10.3323958063094,5080829270.0,,14321972578.4,-15.203315212673548,1.451478021973386,1.4505830094391947,4.43318556048132,32113125.033333335,Transportation,Air Freight/Couriers,SSE:600096,A,1014132488.5526667,0.4866097389538194,20.97768618288489,0.5149514659005129,5.503766631119566,stable_or_general,True,0.08,0.5666097389538194,priority
000651,"Gree Electric Appliances, Inc. of Zhuhai Class A",39.0,207939106934.0,7.795478622399008,1.4709964756433158,19.6322235112199,6.96422965064431,44372749650.0,,106263968359.09,-12.915115176127786,-14.148026898616642,-15.137482401234873,7.69230769230769,50638336.299999975,Producer Manufacturing,Industrial Machinery,SZSE:000651,A,1974895115.699999,0.39707568620252603,18.869867353835755,0.4131178283462808,3.8831880502402383,cyclical,True,0.18,0.577075686202526,priority
002032,"Zhejiang Supor Co., Ltd. Class A",40.3,31921675146.0,15.856153604028957,6.383359547874404,39.8164994657632,16.4658414028274,2446577040.0,,2832032531.79,-1.0289337374436742,-9.7787767427669,-9.535504538174054,6.52605459057072,2231639.3333333335,Consumer Durables,Electronics/Appliances,SZSE:002032,A,89935065.13333334,0.39823072888823646,40.25793207661932,0.39386408556334584,1.108667554353171,stable_or_general,True,0.18,0.5782307288882365,priority
002517,"Kingnet Network Co., Ltd. Class A",16.6,35261023310.0,14.816137093895039,3.3564239122962394,25.4845576565048,19.5788560988834,2899287440.0,,857971454.32,46.7317330685296,34.61859386552329,34.98795180722893,0.602409638554217,81614222.7,Technology Services,Packaged Software,SZSE:002517,A,1354796096.8200002,0.5813770556112947,22.65383946588377,0.6540232226951128,11.107582202426425,technology_strict,True,0.0,0.5813770556112947,priority
603699,"Neway Valve (Suzhou) Co., Ltd. Class A",50.7,38944306329.0,22.737465243519598,8.334456649318286,38.8883876414937,17.4444279506344,1573137160.0,,3193140855.02,21.40327638874775,30.1755512486392,28.800831792975966,3.17554240631164,7313332.366666666,Producer Manufacturing,Industrial Machinery,SSE:603699,A,370785950.99,0.5846852138261152,36.655170486488984,0.6203071747245202,5.74263241662889,cyclical,True,0.0,0.5846852138261152,priority
002555,"37 Interactive Entertainment Network Technology Group Co., Ltd.",18.27,39484043926.0,12.303858845713515,2.852334324182549,24.1145951515891,14.9938047341424,2938140470.0,,4523860072.46,-11.554227990674292,16.29316460712919,16.298558897243122,5.63765736179529,44668380.89999998,Technology Services,Packaged Software,SZSE:002555,A,816091319.0429996,0.5102245660094658,23.182436989483673,0.5307405278959652,3.8655351924661963,technology_strict,True,0.08,0.5902245660094657,priority
603929,L&K Engineering (Suzhou) Co. Ltd. Class A,164.68,35136123338.0,28.760544193925845,14.715619842317327,58.129510362181,23.864481822664,651890620.0,,100000000.0,36.96383351506071,118.35483462858312,118.35411661518513,1.60918144279815,6789610.1,Industrial Services,Engineering & Construction,SSE:603929,A,1118112991.268,0.4947666686805163,51.165999304787945,0.5621026577161863,11.979304511609145,cyclical,True,0.1,0.5947666686805163,priority
600211,Tibet Rhodiola Pharmaceutical Holding Co. Class A,38.66,12460859579.0,12.683310914996227,3.1445875840034354,24.2383468614797,16.1711373271035,900525850.0,,1170672998.43,1.4967584281873332,-1.698102199287938,-1.3080783551886026,4.5447490946715,5294730.033333334,Health Technology,Pharmaceuticals: Major,SSE:600211,A,204694263.08866668,0.5232745858238756,24.7931128163499,0.5115658936796422,2.2887945206851112,health_special,True,0.1,0.6232745858238756,priority
002001,Zhejiang NHU Co. Ltd. Class A,27.14,83416978726.0,11.572573767695719,2.387749805346483,21.9432136847937,15.8294752221287,6661824930.0,,7426333715.29,6.1862441618762265,-1.319566760074879,-0.9335529928610655,3.68459837877671,36704942.533333346,Health Technology,Pharmaceuticals: Other,SZSE:002001,A,996172140.3546671,0.5273873705981056,20.63283287950837,0.5608814763962486,5.971690492142468,health_special,True,0.1,0.6273873705981056,priority
601225,"Shaanxi Coal Industry Co., Ltd. Class A",27.07,262443647041.00003,12.865969581749049,2.594882894765852,21.4608442934815,8.42614506650608,24770619580.0,,27281909185.72,-10.316478099847764,4.919085902995427,4.9167248429241175,3.50203176948652,42974679.733333334,Energy Minerals,Coal,SSE:601225,A,1163324580.3813334,0.5995090130567207,20.168576322819924,0.6379215555830645,6.0215150577933585,cyclical,True,0.08,0.6795090130567206,priority
600809,Shanxi Xinghuacun Fen Wine Factory Co. Ltd. Class A,119.03,144645423065.0,13.223645473431615,3.2252863752447145,26.3289610340015,18.2283615746556,9530628270.0,,1218447397.97,-0.2061888136557139,-13.040326498371096,-13.041000077285725,5.51121565991767,9792188.466666674,Consumer Non-Durables,Beverages: Alcoholic,SSE:600809,A,1165564193.1873343,0.5022471436056462,24.390296773494285,0.5421682891453036,7.363238746882583,stable_or_general,True,0.18,0.6822471436056461,priority
600285,"Henan Lingrui Pharmaceutial Co., Ltd. Class A",20.08,11342010982.0,14.593023255813954,3.5238147049068416,24.7762782477452,13.7750718477718,925258060.0,,446077046.29,5.9116906408138945,-0.4714013538607227,-0.4557621355711636,5.47808764940239,12479648.866666669,Health Technology,Pharmaceuticals: Major,SSE:600285,A,250591349.2426667,0.5889917408052201,24.147256145178353,0.6043346361208762,2.5388078720987473,health_special,True,0.1,0.6889917408052201,priority
600519,"Kweichow Moutai Co., Ltd. Class A",1297.4,1621855982741.0,19.94490324246878,6.455055543877238,33.2451371632829,27.085589260476002,116933614800.0,,25670001536.23,-4.702317582417921,-9.452899828088526,-9.18759240153958,4.00656929243102,4306602.266666667,Consumer Non-Durables,Beverages: Alcoholic,SSE:600519,A,5587385780.773334,0.5999344549101946,32.364436494895884,0.6162598642993287,2.6491112491474067,stable_or_general,True,0.18,0.7799344549101945,priority
300456,Sai MicroElectronics Inc. Class A,40.4,29576817267.0,7.083121482546416,3.2723281723966156,59.0942940635882,43.5947771502546,370356220.0,,1466328031.15,-64.56714063350148,,,0.915841584158416,29305978.400000032,Electronic Technology,Aerospace & Defense,SZSE:300456,A,1183961527.3600013,0.11986134354908529,46.19895593291727,0.15331778261031248,21.821629879857685,technology_strict,True,0.18,0.2998613435490853,watch
002432,"Andon Health Co., Ltd. Class A",67.86,31204440976.0,6.547664994210729,1.2568624113496194,19.6672439370511,14.140167800280901,1653794640.0,,8289854789.249999,-43.60498338420027,122.26888530977101,127.0864830517759,2.4314765694076,37127761.46666667,Health Technology,Medical Specialties,SZSE:002432,A,2519489893.1280003,0.33292234616948996,19.195582126771967,0.3411027053500367,2.3982099972359006,health_special,True,0.08,0.41292234616949,watch
000672,"Gansu Shangfeng Materials Co., Ltd. Class A",14.39,13783310411.0,7.869838665572874,1.401079775866182,18.9189802847209,9.67648347456285,609736480.0,,4647352289.54,-20.076376655564058,149.4405889589032,145.33744800751379,3.33564975677554,24142398.200000003,Non-Energy Minerals,Construction Materials,SZSE:000672,A,347409110.09800005,0.4159758373409063,17.80315754114881,0.4420473529700083,5.897901085468293,cyclical,True,0.08,0.49597583734090633,watch
000600,"HCIG Energy Investment Co., Ltd. Class A",8.0,14425875000.0,7.0683866407492495,1.1485885999709982,17.3887846312275,4.16027910699838,2028094780.0,,24790491172.42,-3.894385437450354,181.19458168847663,180.77400148846436,4.0,33738811.166666664,Utilities,Electric Utilities,SZSE:000600,A,269910489.3333333,0.4064911257831986,16.249657218089695,0.43498681516065896,6.550931748801547,stable_or_general,True,0.18,0.5864911257831986,watch
688278,"Xiamen Amoytop Biotech Co., Ltd. Class A",58.4,23838266468.0,22.220531162012023,7.478033277248083,36.8607363725357,27.805180767951704,403039070.0,,769528267.4699999,28.297631309078085,13.53246122129721,12.407510371669316,1.06164383561644,5046111.866666666,Health Technology,Biotechnology,SSE:688278,A,294692933.0133333,0.6028238540174189,33.6537107179168,0.6602698688493241,8.700384122028538,health_special,True,0.0,0.6028238540174189,watch
002468,"STO Express Co., Ltd. Class A",14.05,21232954738.0,10.887253002712129,1.8292770254523394,17.9566726824685,6.60329595610758,1949462640.0,,9912868806.439999,24.54704435645155,84.63528498196943,85.71017412577349,0.711743772241993,19037180.266666587,Producer Manufacturing,Building Products,SZSE:002468,A,267472382.74666557,0.6063068139200196,16.802007127019525,0.6479733593972946,6.4302868124131995,cyclical,True,0.0,0.6063068139200196,watch
600867,"Tonghua Dongbao Pharmaceutical Co., Ltd. Class A",8.18,15709225269.0,12.249176400119797,2.32222752151893,20.0221084650474,16.5375470531996,364513020.0,,746687407.2199999,18.503601962321206,219.83158983965572,219.36872309899567,3.66748166259169,32263769.166666638,Health Technology,Pharmaceuticals: Major,SSE:600867,A,263917631.7833331,0.6117825413593773,18.958233971520066,0.6461137898456721,5.313498802508931,health_special,True,0.0,0.6117825413593773,watch
600233,"YTO Express Group Co.,Ltd. Class A",16.92,57790640300.0,10.226036504291068,1.5591279940878457,16.3260892564876,10.7142207875783,1643728350.0,,8340955949.940001,8.203739987627866,46.98468138988902,46.775481238357145,1.47754137115839,22043126.333333332,Transportation,Air Freight/Couriers,SSE:600233,A,372969697.56,0.6263616683479472,15.246649994194735,0.6707071066880069,6.611744217090565,stable_or_general,True,0.0,0.6263616683479472,watch
000408,Zangge Mining Company Limited Class A,79.0,123013619174.0,21.727172717271728,7.184371899466083,34.5700013115776,32.0604664167637,4602940530.0,,313889017.28000003,25.138394447726437,84.55611929547764,82.75948730836895,1.26582278481013,15801571.233333332,Producer Manufacturing,Electrical Products,SZSE:000408,A,1248324127.4333332,0.6284978852458195,33.06629902083377,0.6570790611789452,4.349731656620548,cyclical,True,0.0,0.6284978852458195,watch
603379,Zhejiang Sanmei Chemical Industry Co. Ltd. Class A,60.45,36903459941.0,17.286245353159853,4.350144537060426,27.2616295136415,22.2513768450776,868305290.0,,842511318.5500001,33.654817496891816,53.79035407704193,53.33684118214504,2.51447477253929,9022806.066666666,Process Industries,Chemicals: Specialty,SSE:603379,A,545428626.73,0.6340870175977542,25.16535226815601,0.6869065518718648,7.689478886199863,cyclical,True,0.0,0.6340870175977542,watch
605117,"Ningbo Deye Technology Co., Ltd. Class A",92.3,117519221220.0,26.90569887771462,10.231727000230574,41.8470660899571,20.0431218379796,5497295390.0,,6684821507.4,44.70984142649557,34.47293187612156,33.544845842416684,1.85243553629469,15331625.233333327,Producer Manufacturing,Electrical Products,SSE:605117,A,1415109009.036666,0.6429530524284887,38.02810343910182,0.7075214497825638,9.125998564978966,cyclical,True,0.0,0.6429530524284887,watch
603871,"Jiayou International Logistics Co., Ltd. Class A",13.71,18755398877.0,14.315547666283805,2.995902758809069,21.797629798264,15.231409076696501,1092633730.0,,639535427.93,0.8074499308808205,21.672845967278036,22.79779458904987,2.91757840991977,12821436.399999997,Transportation,Air Freight/Couriers,SSE:603871,A,175781893.04399997,0.6567479032708372,20.92761540562688,0.6840505900368722,3.9913256656299745,stable_or_general,True,0.0,0.6567479032708372,watch
600221,"Hainan Airlines Holding Co., Ltd. Class A",1.31,56649899955.0,25.838264299802763,10.305223410950283,54.4380246526789,1.40261894252231,14878676000.0,,118340334000.0,6.501208291967475,,,0.0,223990868.5999996,Transportation,Airlines,SSE:600221,A,293428037.8659995,0.47463633121616694,39.883574575204534,0.6478422401954491,26.735815949115526,cyclical,True,0.2,0.674636331216167,watch
600710,Sumec Corporation Limited Class A,10.72,14008353806.0,9.98323710188117,1.6618995573952207,17.3249388805669,2.27470489687019,1873992010.0,,14705645088.429998,10.988297834311302,14.661635308469565,14.660971703150036,3.87126865671642,9749917.733333327,Producer Manufacturing,Trucks/Construction/Farm Machinery,SSE:600710,A,104519118.10133328,0.5762350546055434,16.646900603833846,0.5997054550552186,3.913654653602261,cyclical,True,0.1,0.6762350546055433,watch
603486,"Ecovacs Robotics Co., Ltd. Class A",53.02,30337119840.0,15.108856719480224,3.0123630744057093,22.2130430460996,11.3312391010034,1138351050.0,,2501762338.08,13.656629561839315,72.25434890312088,70.31644340904678,1.7351942663146,6637100.066666666,Consumer Durables,Electronics/Appliances,SSE:603486,A,351899045.53466666,0.680179509314605,19.93773010317713,0.7578022493680254,10.243139304238602,stable_or_general,True,0.0,0.680179509314605,watch
002690,"Hefei Meyer Optoelectronic Technology, Inc. Class A",16.26,14426156469.0,19.611627065492705,5.573780606945631,28.7761430138752,22.7752861467734,789245070.0,,30110984.86,1.9462905769239383,7.542915896004794,7.4659753726506795,4.3050430504305,6623525.066666666,Electronic Technology,Electronic Components,SZSE:002690,A,107698517.584,0.6815238253450584,28.42079644045893,0.6900449502384186,1.2348651910887964,technology_strict,True,0.0,0.6815238253450584,watch
601677,"Henan Mingtai Aluminum Industrial Co., Ltd. Class A",17.08,20883597764.0,8.672692190514876,1.0442638245734597,12.5838317067767,8.32751221484355,12183450.0,,7390099661.89,15.434869052840098,49.88489754278816,60.832993058391196,1.84426229508197,27993438.333333366,Non-Energy Minerals,Aluminum,SSE:601677,A,478127926.7333338,0.6891932753554246,12.040826558050187,0.7202738241185394,4.315101801894672,cyclical,True,0.0,0.6891932753554246,watch
603195,"Goneo Group Co., Ltd.Class A",39.13,70521370923.0,16.97908530764558,4.646037925822496,27.844662883921302,19.9776811559371,4734890460.0,,1148467472.67,-1.9696129451374973,1.6832950937470084,1.533174729051025,4.8556095067723,4600213.866666675,Producer Manufacturing,Electrical Products,SSE:603195,A,180006368.602667,0.6097788067475591,27.36329926872099,0.6205057782288113,1.7287464287393917,cyclical,True,0.08,0.6897788067475591,watch
603816,"Jason Furniture (Hangzhou) Co., Ltd. Class A",24.38,19686409099.0,11.761300593371603,1.9261840145688405,16.7926436317358,8.94331911482498,1664144750.0,,2911430291.51,4.111145072270413,9.998556169971067,9.72369256828288,5.66037735849057,7921925.666666665,Consumer Durables,Home Furnishings,SSE:603816,A,193136547.7533333,0.700384099805724,16.37730452748052,0.7181462965188546,2.473339596574009,stable_or_general,True,0.0,0.700384099805724,watch
001221,"Higold Group Co., Ltd. Class A",37.52,14967690363.0,20.548770469357578,4.936114677836951,28.9130706285155,20.4049243059037,374294390.0,,491309757.54,22.456694338563914,21.780908951567714,18.487994808565876,1.41257995735608,3058784.8666666667,Consumer Durables,Home Furnishings,SZSE:001221,A,114765608.19733335,0.7107086872015373,24.021459995369106,0.8554338692701859,16.91833667892072,stable_or_general,True,0.0,0.7107086872015373,watch
300442,Range Intelligent Computing Technology Group Company Limited Class A,63.12,98590202285.0,19.836580766813324,7.079582493062861,42.6844568439368,12.7038761913272,-7251297620.0,,27359621829.3,10.963029582499512,214.8584872418882,220.24959742351044,1.02233840304183,32656096.700000003,Technology Services,Data Processing Services,SZSE:300442,A,2061252823.704,0.4647260907955316,35.68953024861538,0.5558095225302919,16.387526309392474,technology_strict,False,0.25,0.7147260907955316,watch
000333,Midea Group Co. Ltd. Class A,86.23,647812602258.6729,14.796067194014999,3.0842030716845623,20.690326160494,6.92787999351494,54879532000.0,,131260261000.0,5.398082370725765,1.1973150206955316,1.6340553172194765,4.98666357416212,29302000.133333325,Consumer Durables,Electronics/Appliances,SZSE:000333,A,2526711471.4973326,0.7151200555874528,20.8447490217679,0.7098222760352575,0.7463529577835137,stable_or_general,True,0.0,0.7151200555874528,watch
600415,Zhejiang China Commodities City Group Co. Ltd. Class A,12.46,67743261935.99999,15.2099609375,3.091351163598472,21.1405173377121,11.0006311023494,4829008680.0,,3285768122.81,34.833738445882645,35.43293918244677,35.382581391505546,4.01284109149278,95224211.96666712,Distribution Services,Wholesale Distributors,SSE:600415,A,1186493681.1046724,0.7194696655018601,20.324517441571977,0.7483553290367126,3.8598861281624486,stable_or_general,True,0.0,0.7194696655018601,watch
601083,"Shanghai Jinjiang Shipping (Group) Co., Ltd. Class A",13.1,16952972430.000002,11.463073153657682,1.7508734318990427,15.860704525711903,12.8289224181296,2240929500.0,,1589285867.2,10.821929044377955,18.015147718147816,18.021274398430236,6.19847328244275,10389502.066666666,Transportation,Marine Shipping,SSE:601083,A,136102477.07333332,0.7227341720586756,15.274031740261268,0.7504942603623006,3.69890747601771,cyclical,True,0.0,0.7227341720586756,watch
000737,"North Copper Co., Ltd. Class A",15.37,29275491321.0,17.225148492659418,3.7041946328943083,23.5560104820715,8.33066127151165,2864600130.0,,9776232714.33,50.22046853563117,165.63035400148615,162.9826112584733,0.910865322055953,71092281.03333333,Non-Energy Minerals,Other Metals/Minerals,SZSE:000737,A,1092688359.4823332,0.73124218151327,21.504573005410485,0.8009993264374802,8.708764492282606,cyclical,True,0.0,0.73124218151327,watch
002043,"Dehua TB New Decoration Material Co., Ltd. Class A",13.1,10116460902.0,15.709317663988488,3.2580175833468044,21.3995339759719,11.6527759847516,864199750.0,,62661349.09,6.7916460426424745,11.951226743418205,11.260840560373572,5.89312977099237,14256651.899999952,Non-Energy Minerals,Forest Products,SZSE:002043,A,186762139.88999936,0.7340962509570268,20.7393958988771,0.7574626445526816,3.0848245472823055,cyclical,True,0.0,0.7340962509570268,watch
002911,"Foran Energy Group Co., Ltd. Class A",11.1,14436302639.0,15.312456890605601,3.2091962264478244,23.3313270400073,5.41390531777824,2053977580.0000002,,7283976966.84,-4.498048945800213,20.18610171016226,19.87762526872829,4.68468468468469,6965839.933333335,Utilities,Gas Distributors,SZSE:002911,A,77320823.26000002,0.6563045841476838,20.958075176144398,0.7306232448309499,10.171954041848451,cyclical,True,0.08,0.7363045841476837,watch
601991,"Datang International Power Generation Co., Ltd. Class A",5.89,86200406145.45226,13.106364040943479,2.8918478367603444,23.4195108921929,2.50839861966968,11094481000.0,,249811973000.0,-0.27347858787300694,39.13598990839425,39.133126934984524,1.98811544991511,482376253.8333333,Utilities,Electric Utilities,SSE:601991,A,2841196135.078333,0.5596344048889852,22.064455311376893,0.5940035163336013,5.786011445985084,stable_or_general,True,0.18,0.7396344048889851,watch
600741,Huayu Automotive Systems Company Limited Class A,15.39,48520425306.0,6.9606512890094985,0.7292003765876929,10.7866046922559,3.54546107363905,7340110210.0,,29301028738.59,3.9862987316261895,3.8611014011641305,3.861330326944749,6.49772579597141,15918495.933333315,Producer Manufacturing,Auto Parts: OEM,SSE:600741,A,244985652.41399974,0.6453051249766116,10.476036599320265,0.6644355642534828,2.8792015819268935,cyclical,True,0.1,0.7453051249766116,watch
600039,"Sichuan Road & Bridge Co., Ltd. Class A",8.82,75788681147.0,10.025005683109798,1.51994802536004,15.328140328533102,3.02622515215926,5939115170.0,,78739106241.33,12.905517799386656,11.974568417822402,12.076433121019107,5.57823129251701,18716189.100000005,Industrial Services,Engineering & Construction,SSE:600039,A,165076787.86200005,0.6540262202876889,15.161567717820443,0.6612116813834966,1.086711154402653,cyclical,True,0.1,0.7540262202876888,watch
603298,"Hangcha Group Co., Ltd. Class A",26.26,34395663728.0,15.055612888430227,2.8207623577534444,19.8309304563915,11.7614992246599,1248233510.0,,2854452866.1600003,7.67614405680227,6.930869495954369,6.927415399705737,2.28484386900229,6169318.233333332,Producer Manufacturing,Industrial Machinery,SSE:603298,A,162006296.80733332,0.7591985117157128,18.7356195902268,0.8035823323549864,5.523244956021111,cyclical,True,0.0,0.7591985117157128,watch
603979,JCHX MINING MANAGEMENT CO LTD Class A,81.72,50476211220.0,19.377786208858957,4.11333102801565,25.5100825688445,13.549720070423502,2102926750.0,,6573927743.01,26.974128631033462,36.50284465446994,33.034700315457414,0.807635829662261,9040022.366666706,Non-Energy Minerals,Precious Metals,SSE:603979,A,738750627.8040032,0.7596128376520849,21.227043087796865,0.912882031129384,16.789594739605096,cyclical,True,0.0,0.7596128376520849,watch
605099,"CoCreation Grass Co., Ltd. Class A",30.87,12363798036.0,17.814068901840844,3.920622321003334,23.413122948091704,18.2349775733957,375633420.0,,408605096.56,9.815555189636264,22.547368394127652,21.14793064876959,2.68869452542922,2037741.3666666667,Producer Manufacturing,Trucks/Construction/Farm Machinery,SSE:605099,A,62905075.989,0.7608582990545816,22.00857278933164,0.809414998071841,5.9989868155309045,cyclical,True,0.0,0.7608582990545816,watch
002558,Giant Network Group Co. Ltd. Class A,27.28,47953742271.0,15.477136049018496,3.021024246820339,20.2264184361476,17.0439746194414,4351310250.0,,654493323.28,155.6728659467352,110.32804088724207,100.0,1.24633431085044,93524785.93333334,Technology Services,Packaged Software,SZSE:002558,A,2551356160.2613335,0.7651940998787291,19.51927176482965,0.792915649491884,3.4961536742173505,technology_strict,True,0.0,0.7651940998787291,watch
002946,"New Hope Dairy Co., Ltd. Class A",15.35,13156350229.0,16.845917471466198,3.3706705548321363,21.8214887471238,8.78948903774245,1053407210.0000001,,2354562512.27,7.11757459526203,34.949259551412204,34.932622538131206,2.93159609120521,9229888.033333333,Consumer Non-Durables,Food: Meat/Fish/Dairy,SZSE:002946,A,141678781.31166667,0.7719875424946241,20.00882742386347,0.8419242724526157,8.306772027638354,stable_or_general,True,0.0,0.7719875424946241,watch
002545,"Qingdao East Steel Tower Stock Co., Ltd. Class A",18.15,22579726119.0,13.369180907483795,2.1781629265869085,17.3043803209249,11.626933247531902,2406845040.0,,1156195011.3,32.466621113089985,115.90425853649198,115.90330788804069,1.65289256198347,24572452.766666748,Producer Manufacturing,Building Products,SZSE:002545,A,445990017.71500146,0.7725894056614925,16.29241867291673,0.8205768078933361,5.848008592278098,cyclical,True,0.0,0.7725894056614925,watch
000895,"Henan Shuanghui Investment & Development Co., Ltd. Class A",24.87,86163929073.0,16.93795545869373,4.12286024050847,24.3735690015023,12.8397078040727,5417263110.0,,12605102324.17,-2.3204729386578964,1.4190601379217611,1.4229467431097569,5.62927221552071,13236111.599999966,Consumer Non-Durables,Food: Meat/Fish/Dairy,SZSE:000895,A,329182095.49199915,0.6949312781254864,24.340955734373086,0.6958623828716304,0.13380587441752523,stable_or_general,True,0.08,0.7749312781254863,watch
000975,"Shanjin International Gold Co., Ltd. Class A",27.31,75668230820.0,19.973670737950705,4.756033422846375,25.716758584914302,17.1282414306942,3248787720.0,,4668646668.139999,8.03209630993931,40.78483254739956,40.94423255334502,1.75906993775174,67501517.13333333,Non-Energy Minerals,Precious Metals,SZSE:000975,A,1843466432.911333,0.7766791709771484,23.81151409395038,0.8388240520591368,7.4085716699986985,cyclical,True,0.0,0.7766791709771484,watch
000685,"Zhongshan Public Utilities Group Co., Ltd. Class A",11.42,16677208213.999998,6.378819192314137,0.8651344746239846,14.219291070492702,7.069733677169131,-218969310.0,,12661221214.429998,-17.618665245997242,92.78082820530557,92.77484655970713,3.37127845884413,15685641.699999996,Utilities,Water Utilities,SZSE:000685,A,179130028.21399996,0.4486031800524293,13.562611645528193,0.47032381071069995,4.618229008105912,stable_or_general,False,0.33,0.7786031800524293,watch
601156,Eastern Air Logistics Co. Ltd. Class A,19.02,30195307135.0,11.096849474912485,1.4936730929163613,14.219583237381201,8.98487345475716,4945970420.0,,7565386499.99,4.117999819885668,2.915272784135471,2.9182178455626264,3.55941114616194,10889167.033333333,Transportation,Air Freight/Couriers,SSE:601156,A,207111956.974,0.7803920332728524,13.460334812085401,0.8244111034258335,5.339456245805052,stable_or_general,True,0.0,0.7803920332728524,watch
300750,"Contemporary Amperex Technology Co., Limited Class A",368.5,1753121174164.656,19.721807448795552,4.4667689962836725,25.2122433470305,8.45905483024545,90573139000.0,,301979824000.0,39.451369595240266,45.635892734488884,40.85015604034433,0.864314789687924,28242197.16666659,Producer Manufacturing,Electrical Products,SZSE:300750,A,10407249655.916637,0.7822313618561193,22.648882501671856,0.8707629370826468,10.167127177362257,cyclical,True,0.0,0.7822313618561193,watch
301358,"Hunan Yuneng New Energy Battery Material Co., Ltd. Class A",62.94,29551607547.0,12.92667898952557,2.605133528614871,24.0546933963492,9.12824956017612,-4563497120.0,,19540449182.079998,110.67804954783249,661.8535593681314,623.5844850646455,0.565618048935494,21206648.3,Producer Manufacturing,Electrical Products,SZSE:301358,A,1334746444.002,0.5373869779395094,20.1531540369015,0.6414221300475413,16.219451627015268,cyclical,False,0.25,0.7873869779395094,watch
002011,"Zhejiang Dun'an Artificial Environment Co., Ltd. Class A",10.15,10905945373.0,10.704492723054209,1.5362564080054852,15.4261368074083,7.77440010449148,1236706180.0,,2350486672.9300003,3.771629557126189,-8.74547334937686,-9.427834559174697,0.0,10517463.033333333,Producer Manufacturing,Industrial Machinery,SZSE:002011,A,106752249.78833334,0.6939192136500077,14.351510601682769,0.7458791635355142,6.966269125847813,cyclical,True,0.1,0.7939192136500077,watch
000543,"An Hui Wenergy Co., Ltd. Class A",7.43,16842793791.0,7.834247153099957,0.9592840100395592,12.7599603609176,3.0959212637384,2690513690.0,,37101893636.79,-8.799993519655846,4.631702567737517,4.633715798764347,5.10094212651413,28309055.933333326,Utilities,Electric Utilities,SZSE:000543,A,210336285.5846666,0.6139711199335245,12.244750405404012,0.639804560625625,4.037708119310612,stable_or_general,True,0.18,0.7939711199335244,watch
002709,"Guangzhou Tinci Materials Technology Co., Ltd",37.15,75544500893.0,18.83969775343577,3.733679599033967,23.6963144175171,13.9988161006046,460423350.0,,4420437398.93,72.35044027201346,668.9922655488155,652.3464326592904,0.672947510094213,65138448.83333341,Process Industries,Chemicals: Specialty,SZSE:002709,A,2419893374.158336,0.7950475935409113,19.81815020547801,0.9506284672435383,16.366107166320464,cyclical,True,0.0,0.7950475935409113,watch
000703,"Hengyi Petrochemical Co., Ltd. Class A",19.49,67466944533.99999,12.184296074018505,2.248640316771003,22.2706646298162,5.11034570174203,-1205479970.0,,74771499499.1,7.222869749219651,19477.657174270025,10493.377483443708,0.25654181631606,97888655.96666668,Process Industries,Textiles,SZSE:000703,A,1907849904.7903335,0.5471006939642943,18.455233713221634,0.6602081698531661,17.132092732816005,cyclical,False,0.25,0.7971006939642943,watch
002215,"Shenzhen Noposion Crop Science Co., Ltd. Class A",10.53,10369175557.0,13.980350504514073,2.307217009864284,17.3976049371066,6.30054875025822,409486120.0,,6135202748.44,9.002232267482508,12.71165774712453,12.501867064973862,2.84900284900285,22464623.066666663,Process Industries,Chemicals: Agricultural,SZSE:002215,A,236552480.89199993,0.803579030277667,16.50328444282791,0.8471253436215076,5.140480528852764,cyclical,True,0.0,0.803579030277667,watch
601117,"China National Chemical Engineering Co., Ltd Class A",7.66,46768592857.0,7.1017986278509175,0.6794924563918419,9.88724850152185,2.72307517050497,13003728620.0,,28025370391.3,3.0217314743656893,10.852102093084142,10.489653759475523,3.73368146214099,62796749.46666667,Industrial Services,Engineering & Construction,SSE:601117,A,481023100.9146667,0.7182785611950389,9.567892473423507,0.7422531814166394,3.2299787756845166,cyclical,True,0.1,0.8182785611950388,watch
600062,"China Resources Double-Crane Pharmaceutical Co., Ltd. Class A",16.16,16783329627.0,10.354328186070353,1.3703090657477002,13.8926758155826,9.12878587901342,899837890.0,,1229362079.35,-1.354763765265853,3.9222379491043284,3.7975525405692956,2.96410891089109,10449399.400000146,Health Technology,Pharmaceuticals: Other,SSE:600062,A,168862294.30400234,0.7453084145572958,13.234166824953192,0.7823936574947153,4.739972337732046,health_special,True,0.08,0.8253084145572958,watch
600968,CNOOC Energy Technology & Services Ltd. Class A,3.94,40050516129.0,10.209898937548587,1.3432337158481122,13.6601172881403,8.05782840751524,1494941070.0,,4108184042.4900002,-4.928284211875787,1.4044542418826356,1.392538097740417,3.73096446700508,46951665.3,Energy Minerals,Integrated Oil,SSE:600968,A,184989561.28199998,0.7474239585345882,13.156190125527576,0.7760528572582605,3.6890397936058306,cyclical,True,0.08,0.8274239585345882,watch
600323,"Grandblue Environment Co., Ltd. Class A",30.23,24647942669.0,11.140593329648057,1.6232293081219993,15.2757483612876,3.48482386158235,3027897440.0,,34573729922.619995,34.55277424249963,26.88606429267162,26.888005611409856,3.47337082368508,5841959.066666672,Industrial Services,Environmental Services,SSE:600323,A,176602422.5853335,0.7292993486251047,14.57040267148212,0.7646043545147144,4.617421504487429,cyclical,True,0.1,0.8292993486251047,watch
603049,"Zhongce Rubber Group Co., Ltd. A",50.38,22889083095.0,10.328215010557821,1.751163734851982,17.7420452940673,7.93185304072831,-128463380.0,,17704686702.48,,,,2.83842794759825,2731019.0,Consumer Durables,Automotive Aftermarket,SSE:603049,A,137588737.22,0.5821321521488527,16.95514406954046,0.6091493512645658,4.435233996330568,stable_or_general,False,0.25,0.8321321521488527,watch
603233,"DaShenLin Pharmaceutical Group Co., Ltd. Class A",18.15,20620539813.0,15.067242238087331,2.657444431592402,18.1064351669316,5.240986724997,3131022920.0,,11783314711.720001,4.8622410632298285,29.228522580167223,29.318303811057422,4.57300275482094,9130120.2,Retail Trade,Drugstore Chains,SSE:603233,A,165711681.62999997,0.8321484654033473,17.637231748188473,0.854286117753989,2.591362763665639,stable_or_general,True,0.0,0.8321484654033473,watch
000999,"China Resources Sanjiu Medical & Pharmaceutical Co., Ltd. Class A",24.39,40590273456.0,12.376312985233675,1.7778160051548646,14.8353910762625,5.77777786182092,3894687140.0,,5475123164.74,12.823631189867532,17.658041729054208,17.70292062354417,4.2640426404264,13001154.066666663,Health Technology,Pharmaceuticals: Major,SZSE:000999,A,317098147.68599993,0.834242449128052,14.364665852229155,0.8615802910106035,3.1729883062303066,health_special,True,0.0,0.834242449128052,watch
601900,Southern Publishing & Media Co. Ltd. Class A,11.58,10212540746.0,9.55997688433914,1.1586720297772708,12.510432212773297,5.98656048480566,1370375050.0,,1493595330.04,-6.981874893631634,10.929118790110104,11.394151186315996,4.83592400690846,6649991.933333334,Consumer Services,Publishing: Books/Magazines,SSE:601900,A,77006906.588,0.7641604000362426,12.120029617177963,0.7887750431558015,3.120616370046192,stable_or_general,True,0.08,0.8441604000362426,watch
293,Cathay Pacific Airways Limited,14.7,89392579407.0,7.1189888130175785,1.5407739087232957,24.4729739587133,7.604153386313091,18735000000.0,,63495000000.0,19.657853239942792,35.20048357848076,46.43642294872706,5.71428571428572,12007985.4,Transportation,Airlines,HKEX:293,HK,176517385.38,0.29089185584994875,21.643156762739686,0.32892562259094527,11.563029490194388,cyclical,True,0.0,0.29089185584994875,priority
2600,Aluminum Corporation of China Limited Class H,8.765,185911841973.0,7.633687510886605,1.538942352430967,22.3208309457286,7.392144248478881,37411261710.0,,73748649622.6418,6.65243949510868,46.957687110846166,46.753578732106355,3.46605818596691,43722291.53333333,Distribution Services,Wholesale Distributors,HKEX:2600,HK,383225885.28966665,0.34199835702565623,20.159881449643315,0.3786573611533647,9.681312946365972,stable_or_general,True,0.0,0.34199835702565623,priority
2899,"Zijin Mining Group Co., Ltd. Class H",38.28,1058890680548.9999,13.864039694324727,4.337539432176657,39.1507265999703,13.6355337072611,78511100060.0,,200204982435.363,21.19913774481032,74.52429440303759,72.19207982538198,2.40519331243469,60018783.433333255,Non-Energy Minerals,Precious Metals,HKEX:2899,HK,2297519029.827997,0.3541196013035233,31.286259472787265,0.4431350991761622,20.087665824288948,cyclical,True,0.0,0.3541196013035233,priority
3993,CMOC Group Limited Class H,17.69,466991778582.0,12.074261142584124,3.6340030937301635,34.015594962731,13.505755792798302,20194215790.0,,54613353740.2732,25.055798742078945,72.20866524162804,72.97520661157026,1.84527981910684,41287192.100000314,Distribution Services,Wholesale Distributors,HKEX:3993,HK,730370428.2490056,0.3549625151585096,30.097105328570166,0.4011768245075195,11.519685716078476,stable_or_general,True,0.0,0.3549625151585096,priority
322,Tingyi (Cayman Islands) Holding Corp.,12.85,72440421486.0,13.893393880419504,4.855634614439939,36.0576208232554,7.985451018050591,6882429180.0,,20329164161.5793,3.527495131736362,17.29880393984028,17.268923545074184,3.58661478599222,20238220.6,Consumer Non-Durables,Beverages: Non-Alcoholic,HKEX:322,HK,260061134.71,0.3853108874964636,34.94923311202724,0.3975307222303058,3.0739346798868916,stable_or_general,True,0.0,0.3853108874964636,priority
2589,"Auntea Jenny (Shanghai) Industrial Co., Ltd. Class H",82.55,8684509487.0,12.533782757887705,3.4859317002309878,31.980933368923996,21.6384208443536,862658980.0,,169320508.341439,,,,2.29422895215021,747387.7333333333,Consumer Services,Restaurants,HKEX:2589,HK,61696857.38666666,0.39191422630794237,27.81228753974722,0.4506563057776305,13.034784760933427,stable_or_general,True,0.0,0.39191422630794237,priority
1585,Yadea Group Holdings Ltd.,9.59,28638163710.0,10.654371736473724,2.459497790555426,25.0412255172972,8.03549668944405,2997915420.0,,9026682180.3652,13.191990450510808,35.52397569544348,35.069027611044426,5.52659019812304,8181507.9,Consumer Durables,Motor Vehicles,HKEX:1585,HK,78460660.761,0.42547325525718493,23.084400013336175,0.4615399027186562,7.8144158823590715,stable_or_general,True,0.0,0.42547325525718493,priority
9980,Eastroc Beverage (Group) Co. Ltd. Class H,112.0,95274206862.0,14.795830746264713,3.6179122837166813,34.314663942266,16.5577596000554,5464255960.0,,7002582197.79788,25.278432029610524,28.431947933165368,,1.96006514845911,673191.4333333331,Consumer Non-Durables,Beverages: Non-Alcoholic,HKEX:9980,HK,75397440.5333333,0.4311809893041213,24.452241619687644,0.605090975968105,28.741130436747863,stable_or_general,True,0.0,0.4311809893041213,priority
1929,Chow Tai Fook Jewellery Group Limited,13.6,134182106107.0,15.055906121997122,4.595836712625034,32.3792605592756,11.0904803518662,424900000.0,,28446300000.091103,5.289551173433863,52.21536641034534,52.58445945945947,3.97058823529412,15286438.333333334,Consumer Durables,Other Consumer Specialties,HKEX:1929,HK,207895561.33333334,0.4649861010394228,30.52514193025142,0.4932296844482883,5.726253771700285,stable_or_general,True,0.0,0.4649861010394228,priority
1361,361 Degrees International Ltd.,4.565,9895467928.0,6.125872249060656,0.7542774055500938,12.8441046271852,9.24275152552987,747174180.0,,553880753.161199,13.070118241531627,18.224686344318812,17.557974443918592,6.94414019715225,3855923.7,Consumer Non-Durables,Apparel/Footwear,HKEX:1361,HK,17602291.690500002,0.47694038836268404,12.312979684905363,0.4975133887835809,4.135165180418121,stable_or_general,True,0.0,0.47694038836268404,priority
1651,Precision Tsugami (China) Corp. Ltd.,52.0,19167928711.0,15.927956626948877,4.620271440947156,32.192536246929,23.5449019144656,1143151900.0,,91787153.7013983,23.92836897851255,42.602679401505554,46.18277884744549,2.11538461538462,1329495.4666666666,Producer Manufacturing,Industrial Machinery,HKEX:1651,HK,69133764.26666667,0.49477172300981165,29.007308025500347,0.5491015096246297,9.89430654669996,cyclical,True,0.0,0.49477172300981165,priority
2020,ANTA Sports Products Ltd.,77.4,214854713367.0,12.18552221417551,2.6505905269127403,24.1578948465741,12.919034907579602,22944036750.0,,38137738077.34251,16.637270096937968,11.792863489284935,12.530782177340773,3.16537467700258,7397409.533333333,Consumer Non-Durables,Apparel/Footwear,HKEX:2020,HK,572559497.88,0.5044115926311176,21.751964998506903,0.5602032834740194,9.959186689681243,stable_or_general,True,0.0,0.5044115926311176,priority
3998,Bosideng International Holdings Limited,4.415,51360936275.0,11.67989417989418,2.4795152168663197,22.6902973751023,14.0336271808393,6247051230.0,,7253272245.8238,8.077352320679388,16.446029820440586,13.718411552346579,6.40996602491506,23058361.766666666,Consumer Non-Durables,Apparel/Footwear,HKEX:3998,HK,101802667.19983333,0.5147528032272658,21.22891850454063,0.5501879041740153,6.440545253343477,stable_or_general,True,0.0,0.5147528032272658,priority
2099,China Gold International Resources Corp. Ltd.,273.4,108379518833.0,17.913068546643427,5.252268330589372,33.6205175127488,22.9961853867758,6577560340.0,,3743049675.25,46.106339401700815,163.54051815602756,163.5390406464758,1.0026909290417,3112492.6666666665,Non-Energy Minerals,Precious Metals,HKEX:2099,HK,850955495.0666666,0.5328016899160117,29.3208744047013,0.610932276418443,12.788747545058122,cyclical,True,0.0,0.5328016899160117,priority
151,Want Want China Holdings Limited,3.15,36961227486.0,8.806262230919765,1.6463787507382572,20.2897950586787,13.696705542081599,4230424600.0000005,,3191310498.97224,5.79956317923007,-9.740338289237712,-9.694521585458213,5.05396825396826,13631822.233333332,Consumer Non-Durables,Food: Meat/Fish/Dairy,HKEX:151,HK,42940240.035,0.434024208004654,18.69554536949443,0.4710353218841621,7.857396708905395,stable_or_general,True,0.1,0.534024208004654,priority
6110,Topsports International Holdings Limited,1.125,6976374939.0,5.049371633752244,0.7091662096484427,14.166469915986102,8.64742532992503,2745118910.0,,3980959430.10926,-3.552403351753338,-0.6077116410583117,-0.6244424620874274,14.3644444444444,43348019.46666667,Retail Trade,Apparel/Footwear Retail,HKEX:6110,HK,48766521.900000006,0.3564311831880078,14.044642800859824,0.3595229658274483,0.8599680502536788,stable_or_general,True,0.18,0.5364311831880078,priority
1318,"Mao Geping Cosmetics Co., Ltd. Class H",49.9,35854723953.0,16.266788368757332,4.265387449332497,29.3004445555415,24.300789652431,1301336250.0,,104905072.434934,32.223519859219564,31.749800285307444,30.536170212765956,2.28645290581162,3040979.7666666666,Consumer Non-Durables,Household/Personal Care,HKEX:1318,HK,151744890.35666665,0.555172067028616,26.22144797509493,0.6203619412706534,10.508361313802151,stable_or_general,True,0.0,0.555172067028616,priority
1882,Haitian International Holdings Limited,17.75,28329000000.0,7.998017392871626,1.0551972178462088,14.017008583516303,9.01325015859404,2419436530.0,,4147737609.16821,7.743758989509695,0.3293853329564221,0.33001808318263387,4.50704225352113,2555339.533333333,Producer Manufacturing,Industrial Machinery,HKEX:1882,HK,45357276.71666666,0.5705937429671778,13.193234848259669,0.6062211038353987,5.876958199379101,cyclical,True,0.0,0.5705937429671778,priority
1179,H World Group Limited,37.54,113418690095.0,21.714484035168905,7.085839834349147,38.0507600511754,7.79155353229896,9040057780.0,,39565057284.7585,13.35011046450848,38.64430062441698,35.125840237611364,4.39683271177411,2429670.466666667,Consumer Services,Hotels/Resorts/Cruise lines,HKEX:1179,HK,91209829.31866667,0.5706714926578224,32.63185909862228,0.6654381526207832,14.241242343819449,cyclical,True,0.0,0.5706714926578224,priority
1910,Samsonite Group S.A.,12.55,17455715909.0,8.579436696745967,1.334308636751219,17.723640066972,5.01604210284121,3851009140.0,,18325302440.1221,1.2738061782196628,-10.986337786593156,-9.216160863898706,6.38406374501992,3242418.7666666666,Consumer Durables,Other Consumer Specialties,HKEX:1910,HK,40692355.52166667,0.4840674186751144,15.552403775615003,0.5516469878564931,12.250509958183454,stable_or_general,True,0.1,0.5840674186751144,priority
1999,Man Wah Holdings Limited,3.115,11973907937.0,6.667380136986302,0.8517957440292264,13.478910261337202,8.49589861527141,1070727000.0000001,,4840131000.0,-2.8007114157473696,-12.129930083966157,-12.163940590336535,7.70465489566613,5964700.466666667,Consumer Durables,Home Furnishings,HKEX:1999,HK,18580041.95366667,0.49465275810248266,12.775568912053116,0.5218851843612192,5.218087632065793,stable_or_general,True,0.18,0.6746527581024826,priority
3933,United Laboratories International Holdings Ltd.,8.535,16816309535.0,6.960528461914859,0.8691623047312572,12.9424361367427,7.25101130842714,1056142260.0000001,,5559838092.857189,-4.087923783043356,-22.160001299741268,-22.73471959672338,5.55482132396016,6985565.633333334,Health Technology,Pharmaceuticals: Major,HKEX:3933,HK,59621802.68050001,0.537806668572572,12.48701602883969,0.5574212802993928,3.5188128656095996,health_special,True,0.18,0.7178066685725719,priority
303,VTech Holdings Limited,51.0,12926035446.0,12.34239248808112,2.545441114963101,20.7492096904964,10.2374935389482,721847170.0,,994137360.0,-6.746215076510219,-14.364563832231205,-14.488224825131407,8.12922156862745,680291.0333333333,Consumer Durables,Recreational Products,HKEX:303,HK,34694842.7,0.5948367514804292,20.623563198311825,0.5984607203614275,0.6055483271833806,stable_or_general,True,0.18,0.7748367514804293,priority
1530,"3SBio, Inc.",16.96,43048539629.0,4.642759375855461,1.3534542610666431,36.657115579207,27.0913290121645,,,1603171868.11389,101.73124275980192,257.92635551181803,254.694630546655,1.47405660377358,24358955.3,Health Technology,Biotechnology,HKEX:1530,HK,413127881.888,0.12665370153916233,29.1519364131866,0.15926075407311033,20.474003607303892,health_special,False,0.4,0.5266537015391624,watch
2400,"XD, Inc.",42.86,20642978835.0,12.571126884495804,4.464755412448189,42.0412856755701,29.4254966337135,,,130337935.980193,5.883559395488523,13.6153099602686,12.295378940087627,0.933271115258983,2787956.933333333,Technology Services,Packaged Software,HKEX:2400,HK,119491834.16266665,0.29901861188324214,35.51595217732351,0.35395719708515405,15.521251059261532,technology_strict,False,0.25,0.5490186118832421,watch
991,"Datang International Power Generation Co., Ltd. Class H",2.505,100482650181.0,7.159188339525579,1.2213197078583755,18.4678068836473,1.8112348440864703,5682476310.0,,273780564621.812,-2.047812602531371,96.12909082637957,96.13228699551568,6.67465069860279,29924425.4,Utilities,Electric Utilities,HKEX:991,HK,74960685.62699999,0.3876577432626735,17.059471687810202,0.4196606126226732,7.625893018646057,stable_or_general,True,0.18,0.5676577432626735,watch
1478,Q Technology (Group) Co. Ltd.,5.76,6882570977.0,4.267615025561236,0.9381642276025507,24.470044682938,8.11240467414755,-235075630.0,,8855956311.57338,31.138791265049516,216.77946929917633,214.98249708284712,9.54861111111111,7125014.866666666,Electronic Technology,Electronic Components,HKEX:1478,HK,41040085.632,0.17440160330139798,21.983337812416018,0.1941295294634885,10.162248997672918,technology_strict,False,0.4,0.574401603301398,watch
1378,China Hongqiao Group Ltd.,23.5,230755863281.0,7.6452599388379205,1.5000121277576288,22.442331849913,11.6700120879165,,,67290553752.0379,6.877135633506964,11.776113156377386,5.0871794871794895,7.02127659574468,37569774.833333336,Non-Energy Minerals,Aluminum,HKEX:1378,HK,882889708.5833334,0.3406624583384172,19.620158631069785,0.3896635130529046,12.575222742970682,cyclical,False,0.25,0.5906624583384172,watch
9961,Trip.com Group Ltd.,348.8,226574736797.0,7.028474591298636,1.2842015776755105,20.0431517579795,12.21458179332,,,35603328537.1008,19.462330160959834,87.33605161616605,86.06849335612947,0.668480504587156,2549970.2666666666,Consumer Services,Other Consumer Services,HKEX:9961,HK,889429629.0133333,0.35066713439918384,18.27141239530655,0.3846705683849634,8.83962454641194,stable_or_general,False,0.25,0.6006671343991838,watch
1681,Consun Pharmaceutical Group Ltd.,14.13,11612728175.0,9.14740726354632,2.161092384022905,25.5812880500079,18.0274101202991,,,265210933.150588,15.047188942407766,20.573157228218687,20.972668180750258,5.16631280962491,1617521.8,Health Technology,Pharmaceuticals: Major,HKEX:1681,HK,22855583.034,0.35758196560174754,23.625190414721736,0.3871887211476708,7.646595556338909,health_special,False,0.25,0.6075819656017476,watch
1133,Harbin Electric Co. Ltd. Class H,16.58,37077455642.0,9.95018904158915,1.7082111588018205,18.9305940146577,3.9523151047633807,7049798220.0,,7597429619.07465,13.477776996242996,55.89041902764082,55.889231920666106,2.45288299155609,6651129.433333334,Producer Manufacturing,Electrical Products,HKEX:1133,HK,110275726.00466666,0.5256142006893632,17.167625174375594,0.579590300960252,9.31280254025343,cyclical,True,0.1,0.6256142006893631,watch
1208,MMG Ltd.,9.5,122041007812.0,14.402668283808369,2.7158531495320157,22.4369837665263,6.36405946416614,18177005580.0,,24352702070.0,48.10534458847126,122.67230409088414,107.09576138147565,0.0,58080170.866666675,Non-Energy Minerals,Other Metals/Minerals,HKEX:1208,HK,551761623.2333333,0.6419164195008995,18.856597236119132,0.7637999636657974,15.957521597661184,cyclical,True,0.0,0.6419164195008995,watch
1038,CK Infrastructure Holdings Limited,65.0,155255467529.0,6.507027589796981,1.1071169737213011,18.4253294289898,14.358942176861,,,31269000000.0,-9.356477561388655,208.74631992149168,208.74698646226128,4.01538461538462,1365621.1333333333,Utilities,Electric Utilities,HKEX:1038,HK,88765373.66666667,0.3531566485622254,17.014173652148955,0.3824474654386238,7.6587817996924485,stable_or_general,False,0.33,0.6831566485622254,watch
883,CNOOC Limited,25.44,1250213737084.0,7.7829106372564025,1.222163238540418,16.78691704247,11.8794110184119,,,78690939429.304,10.531513069035286,12.717803724573292,12.725454357347305,5.0314465408805,67452735.83333327,Energy Minerals,Integrated Oil,HKEX:883,HK,1715997599.5999985,0.4636295406456144,15.703164220979025,0.49562690217928396,6.455937196503325,cyclical,False,0.25,0.7136295406456143,watch
168,"Tsingtao Brewery Co., Ltd. Class H",41.48,68672948743.0,10.849833904423111,1.5617275839569762,15.1042625827292,8.50331182366777,3996805020.0,,381892773.60412097,1.0755101175886925,5.030766113743941,5.035990988515853,6.50916104146577,3444175.3,Consumer Non-Durables,Beverages: Alcoholic,HKEX:168,HK,142864391.44399998,0.7183292693037019,14.394022965829114,0.7537735579677912,4.702246223607098,stable_or_general,True,0.0,0.7183292693037019,watch
142,First Pacific Co. Ltd.,5.05,21498856867.0,4.833923614434766,0.6177339805065174,12.9873021805836,1.8786259502868903,12525644350.0,,102599108560.0,4.56744628688281,-19.723061457609433,-20.081089351285186,5.24752475247525,3037339.000000016,Miscellaneous,Miscellaneous,HKEX:142,HK,15338561.95000008,0.3722038301119708,12.77914236505265,0.37826666894753314,1.6027948887041066,stable_or_general,True,0.35,0.7222038301119708,watch
590,Luk Fook Holdings (International) Limited,23.86,14008392182.0,6.847467355431195,0.932999966371334,14.500206521471402,10.1847526641997,-102938000.0,,4751020000.0,28.96230838160763,86.00399685779333,85.99871890680049,4.61022632020117,1430874.1,Retail Trade,Specialty Stores,HKEX:590,HK,34140656.026,0.47223240202073696,13.625475200422942,0.5025488839624944,6.0325438796556945,stable_or_general,False,0.25,0.7222324020207369,watch
9981,"Shenzhen Woer Heat-Shrinkable Material Co., Ltd. Class H",10.13,13958847779.89,10.912420553700313,1.3233561251923636,15.0743783127858,8.47368396246638,215879340.0,,3897650979.35573,22.247131324046006,21.068444607753538,8.712964047312335,1.8670286278381,1534529.5,Producer Manufacturing,Electrical Products,HKEX:9981,HK,15544783.835,0.7239051805171034,12.127063089990829,0.899840338317937,19.5518193960617,cyclical,True,0.0,0.7239051805171034,watch
300,Midea Group Co. Ltd. Class H,98.75,755146408310.0,15.107242297218738,3.0561004096876676,20.6201247066318,6.90224555855849,62991721920.0,,151700641049.17102,9.406297243700939,5.201802030969445,5.659096419623379,4.97646582278481,4551816.066666666,Consumer Durables,Electronics/Appliances,HKEX:300,HK,449491836.5833333,0.7326455349884465,20.229373101736112,0.7467973535928415,1.8950011721801885,stable_or_general,True,0.0,0.7326455349884465,watch
6693,Chifeng Jilong Gold Mining Group Limited Class H,43.8,104777212499.0,20.89993796822064,5.091815429828273,28.315124865128897,15.0980097957997,3584623930.0,,890682960.3093209,48.73654844226314,78.79308494927061,58.0944477972239,0.834817351598173,9591612.966666667,Non-Energy Minerals,Precious Metals,HKEX:6693,HK,420112647.94,0.7381192231279782,24.362825562308476,0.8578618237350417,13.9582619594513,cyclical,True,0.0,0.7381192231279782,watch
2507,Cirrus Aircraft Limited,47.88,17523544137.0,13.842150910667824,2.4068102475425452,18.5600255280569,10.6442541410917,1269759400.0,,216056319.55,14.044373337919208,8.271381217035776,8.269688243395525,1.95739348370927,917174.5666666667,Electronic Technology,Aerospace & Defense,HKEX:2507,HK,43914318.252000004,0.745804518950842,17.38754520937691,0.7960957538274528,6.317234407396555,technology_strict,True,0.0,0.745804518950842,watch
6690,"Haier Smart Home Co., Ltd. Class H",21.28,215627599687.0,9.796519657490101,1.4427627279063397,15.1372927277349,5.78729124627148,17950448640.0,,84365738119.5501,0.5890393739793509,-8.946596767986561,-7.186805674243706,4.93984022556391,12577430.4,Consumer Durables,Electronics/Appliances,HKEX:6690,HK,267647718.91200003,0.6471777902227318,14.7272988607056,0.6651945988295602,2.708501938910779,stable_or_general,True,0.1,0.7471777902227318,watch
999,Xiaocaiyuan International Holding Ltd.,7.695,9053312359.0,13.02912292583813,3.253631001458743,25.8145146964274,15.5930643871414,,,1541021651.3543801,,,,7.48667966211826,2609262.7333333334,Consumer Services,Restaurants,HKEX:999,HK,20078276.733000003,0.5047208161399717,24.971987907232403,0.5217495288817046,3.2637715607010676,stable_or_general,False,0.25,0.7547208161399717,watch
3606,"Fuyao Glass Industry Group Co., Ltd. Class H",55.25,167553354807.0,15.241379310344827,3.2674056621626737,22.7425379801769,11.9014808123063,6400991160.0,,29266652182.3678,13.0566599339307,-0.40550323627570173,-0.40661574811803247,4.26468235294118,2678767.7,Consumer Durables,Home Furnishings,HKEX:3606,HK,148001915.425,0.6701705554423911,21.437729457628404,0.7109605212841854,5.737303917820458,stable_or_general,True,0.1,0.7701705554423911,watch
1919,"COSCO SHIPPING Holdings Co., Ltd. Class H",17.2,293901209397.0,8.004840135896124,1.0179990518404178,13.1472454713656,6.25757605506509,24176366770.0,,85272760965.5679,-6.119391262673013,-37.320089924585716,-35.70616397366847,6.50048837209303,19784283.76666676,Transportation,Marine Shipping,HKEX:1919,HK,340289680.78666824,0.60886062813161,12.717293969125032,0.6294452385334667,3.2702781976421624,cyclical,True,0.18,0.78886062813161,watch
220,Uni-President China Holdings Ltd.,7.5,32395004883.0,13.307310149041873,2.1640462471109982,16.7711186484652,8.86050612692986,2614991980.0,,2953960184.35906,3.654160363849562,4.0188097909514635,4.004428861413533,7.32933333333333,7193498.400000012,Consumer Non-Durables,Beverages: Non-Alcoholic,HKEX:220,HK,53951238.00000009,0.7934658640233091,16.262086198290113,0.8183027679708818,3.035172911508033,stable_or_general,True,0.0,0.7934658640233091,watch
6198,Qingdao Port International Co Ltd Class H,7.09,64845044892.0,7.9235583370585605,0.843656925542814,11.3017477233974,7.48210377733743,2964039650.0,,5901739023.68541,6.41820532031227,-0.982918474167119,-0.9738822487826383,5.48956276445698,2309215.1,Transportation,Other Transportation,HKEX:6198,HK,16372335.059,0.7010914179808531,10.647450168909872,0.7441742587530519,5.789348430888886,stable_or_general,True,0.1,0.801091417980853,watch
1913,Prada S.p.A.,41.64,106549428741.0,14.752355983844682,2.5918846125835877,18.0470570729909,8.28580317211055,9936140080.0,,43287819231.733406,15.286321844274442,1.3930156723860998,1.3937782886701693,3.6084269932757,1784748.8,Consumer Non-Durables,Consumer Sundries,HKEX:1913,HK,74316940.032,0.8174383182908507,17.569292765318046,0.8396670361692632,2.6473252993025165,stable_or_general,True,0.0,0.8174383182908507,watch
175,Geely Automobile Holdings Limited,18.08,196142927297.0,10.469627656494294,1.7941669726409382,17.9748774820255,5.75584051514803,,,8652988053.164999,34.63497177287369,12.951400374586427,6.690967502780184,2.76548672566372,45528177.833333336,Consumer Durables,Motor Vehicles,HKEX:175,HK,823149455.2266667,0.582458916171401,17.136874696093123,0.6109414839148686,4.662077873801163,stable_or_general,False,0.25,0.832458916171401,watch
1044,"Hengan International Group Co., Ltd.",22.22,25793440109.0,9.437247823317053,1.0191674108606918,11.0751309443224,5.31020152853521,1692582540.0,,24755274089.461502,2.1925350653419615,10.746542275375708,10.779147454596776,7.01494149414942,4286637.5,Consumer Non-Durables,Household/Personal Care,HKEX:1044,HK,95249085.25,0.8521116247528434,10.79941345126687,0.8738667026596687,2.489519035410359,stable_or_general,True,0.0,0.8521116247528434,watch
921,Hisense Home Appliances Group Co. Ltd. Class H,21.76,38770998451.0,9.665526584639986,1.4935832888896212,16.43522103119,3.5926252037109,3271636320.0,,25187690662.417,-5.250751782642988,-15.66582501309435,-16.027601641178663,6.72771599264706,756298.0666666667,Consumer Durables,Electronics/Appliances,HKEX:921,HK,16457045.930666668,0.588098363039791,15.452684091347445,0.6254917610107675,5.97823989089008,stable_or_general,True,0.28,0.868098363039791,watch
6655,Huaxin Building Materials Group Co Ltd Class H,15.05,48051784941.0,8.349514563106796,0.8153208815866957,10.7914446482711,4.46392382389712,5876943750.0,,31071937513.281597,18.04272160724882,28.491972650335455,28.02755877548122,4.08057142857143,2901061.8666666667,Non-Energy Minerals,Construction Materials,HKEX:6655,HK,43660981.093333334,0.773716108940472,9.764889628305774,0.8550546786421233,9.512674655008214,cyclical,True,0.1,0.873716108940472,watch
2259,Zijin Gold International Company Limited,161.2,431425895934.0,21.80794934927893,5.8907987696562465,38.9176811113979,23.8305003135569,,,4004401675.6,106.34666584316497,222.5563956903622,216.24026696329253,0.930521091811415,10355669.1,Non-Energy Minerals,Precious Metals,HKEX:2259,HK,1669333858.9199998,0.5603609651576078,27.01216274537534,0.807338144481326,30.591540980934152,cyclical,False,0.35,0.9103609651576078,watch
2314,Lee & Man Paper Manufacturing Limited,3.83,16449849672.0,6.571722717913521,0.4964664036129273,8.07779733059062,4.28966440182449,1078092000.0,,21914316000.0,13.688706141569847,83.56015114506393,83.55905511811022,4.15143603133159,9482336.4,Process Industries,Pulp & Paper,HKEX:2314,HK,36317348.412,0.8135538004929148,7.554585379258852,0.8698985302298938,6.477161160634271,cyclical,True,0.1,0.9135538004929148,watch
1258,China Nonferrous Mining Corp. Ltd.,17.49,68246606799.99999,15.19152262659602,3.155763734518895,22.4432297635746,10.9747019563844,,,677380594.9,10.774663550691596,30.256353859451234,30.267028739533824,1.85831903945112,16841477.5,Non-Energy Minerals,Other Metals/Minerals,HKEX:1258,HK,294557441.47499996,0.6768866507463149,20.773189179826208,0.7313043026320292,7.44117759048597,cyclical,False,0.25,0.9268866507463149,watch
9999,Netease Inc,192.2,612080551365.0,17.057304377923128,3.2043838371679514,20.3598852453452,14.6305400474007,57306169730.0,,14566942457.1138,10.150016996587716,-1.485915936917507,-1.895416869819606,2.4553756503642,7145277.733333333,Technology Services,Packaged Software,HKEX:9999,HK,1373322380.3466666,0.8377898093420183,18.785992007713194,0.9079799656531155,7.730363991083101,technology_strict,True,0.1,0.9377898093420183,watch
340,Tongguan Gold Group Ltd.,3.65,19394975922.0,17.962598425196852,3.9743896861865458,25.4954589441576,15.090645558923402,,,748286000.046906,64.96150776724275,118.8037408151505,83.22813345356175,0.876712328767123,18239631.0,Non-Energy Minerals,Precious Metals,HKEX:340,HK,66574653.15,0.704541089632476,22.125917376249483,0.8118351939828881,13.216242058197059,cyclical,False,0.25,0.954541089632476,watch
1513,Livzon Pharmaceutical Group Inc Class H,20.3,24445221692.0,9.607648255951537,1.1668463878344482,12.303320969732,6.966091852374411,3271086650.0,,4896917370.588619,-5.903096927149313,-20.066794547181097,-18.837629162985447,8.0935960591133,1273901.8666666667,Health Technology,Pharmaceuticals: Major,HKEX:1513,HK,25860207.893333334,0.7808987735577881,12.144974053474902,0.7910801796404505,1.287025809101916,health_special,True,0.18,0.9608987735577881,watch
1368,Xtep International Holdings Limited,3.78,10155097277.0,7.701711491442542,0.8309975267930749,12.3640994800582,7.2998637428429,,,2719133236.62192,10.471950602549983,-4.978086279049862,-8.976261127596437,7.27513227513228,10878172.8,Consumer Non-Durables,Apparel/Footwear,HKEX:1368,HK,41119493.184,0.6229092142023341,10.789777411376752,0.7137970690036525,12.73301036780431,stable_or_general,False,0.35,0.9729092142023341,watch
2057,"ZTO Express (Cayman), Inc. Class A",166.3,124096499117.0,11.640848668967305,1.7188690895657928,16.0392099056169,10.5973945602568,,,25471976714.4383,21.236339993748004,22.67170469572305,25.451368154835073,3.03630306674684,1375820.4333333333,Transportation,Air Freight/Couriers,HKEX:2057,HK,228798938.06333336,0.725774445092255,14.765840003985542,0.7883634568588885,7.939106159995002,stable_or_general,False,0.25,0.975774445092255,watch
3808,Sinotruk Hong Kong Ltd.,41.9,115685617787.0,13.007171017912023,2.119632246334655,17.3918925650939,5.13092476488734,,,48813740187.321396,38.32500741831162,37.15426562706293,36.69269286259866,3.86634844868735,10160101.766666668,Producer Manufacturing,Trucks/Construction/Farm Machinery,HKEX:3808,HK,425708264.0233334,0.7478870381259048,16.295874355889794,0.798187978984439,6.301891557241158,cyclical,False,0.25,0.9978870381259048,watch
177,Jiangsu Expressway Co. Ltd. Class H,9.695,66910848693.00001,9.348182431780929,1.0173084086652222,11.3598157901513,4.68444749429867,837768830.0,,44866283348.760506,-7.887342093865109,4.709023830587661,4.704694598687518,5.77617328519856,4133272.066666667,Transportation,Other Transportation,HKEX:177,HK,40072072.686333336,0.8229167272136216,10.88241929475711,0.8590169316748032,4.20250208465599,stable_or_general,True,0.18,1.0029167272136217,watch
2722,Chongqing Machinery & Electric Co. Ltd. Class H,1.95,7185048534.0,6.914893617021277,0.6605019815059445,10.3660009775651,4.53622194967294,,,4388600903.6608,19.904922593474357,67.16344859066706,67.16064018968582,3.80548717948718,10538892.4,Producer Manufacturing,Industrial Machinery,HKEX:2722,HK,20550840.18,0.6670743743886407,9.551874809470583,0.7239305115436849,7.8538114153810294,cyclical,False,0.35,1.0170743743886406,watch
700,Tencent Holdings Ltd,455.2,4106089479644.0,16.014917233978924,3.123577209551751,20.7532662758743,11.1387705583424,,,545302969228.048,15.9724417340515,17.0773973819533,18.231733948961125,1.16432337434095,26131846.999999996,Technology Services,Packaged Software,HKEX:700,HK,11895216754.399998,0.7716817690811536,19.504173289915247,0.821102078818154,6.018777812392473,technology_strict,False,0.25,1.0216817690811535,watch
1579,Yihai International Holding Ltd.,16.35,15861658881.0,15.485887478689145,3.1824445845887936,19.9796024148202,16.7641383111979,,,126787551.684499,11.127857135346073,28.009642872439667,28.006789524733282,5.55045871559633,2825379.0,Consumer Non-Durables,Food: Major Diversified,HKEX:1579,HK,46194946.650000006,0.7750848669141801,20.550611574366044,0.7535487410022181,2.857960572440077,stable_or_general,False,0.25,1.02508486691418,watch
2382,"Sunny Optical Technology (Group) Co., Ltd.",66.2,72311827624.0,13.485160212666274,2.1698728559394533,17.2480724095616,8.66178257663659,,,13253529101.0699,20.363840107412756,51.40277763212653,51.67928317627065,1.82175226586103,12789273.866666667,Electronic Technology,Electronic Components,HKEX:2382,HK,846649929.9733334,0.7818357838752272,16.09081999560781,0.838065444542119,6.7094593904433175,technology_strict,False,0.25,1.0318357838752272,watch
3877,CSSC (Hong Kong) Shipping Company Limited,2.315,14363753575.0,7.9091219678852065,0.9137664941759721,12.9678216631721,4.60318866460148,,,25315019000.0626,-3.094555518842246,4.14946415234328,-3.748766853008868,4.31965442764579,8394700.433333334,Transportation,Marine Shipping,HKEX:3877,HK,19433731.503166668,0.6099036656516242,11.553324096989504,0.6845754435250473,10.907749990113535,cyclical,False,0.43000000000000005,1.0399036656516243,watch
902,"Huaneng Power International, Inc. Class H",5.64,113495663000.0,8.429233298460618,1.0873253339091273,13.4501949475253,1.51212808763724,,,463297428238.253,-3.2281598658516595,7.253434924908728,7.26194293042642,8.06294326241135,26543745.733333334,Utilities,Electric Utilities,HKEX:902,HK,149706725.936,0.626699711888675,12.899457108485766,0.6534564383268145,4.094645774192774,stable_or_general,False,0.43000000000000005,1.0566997118886752,watch
189,Dongyue Group Limited,13.89,23001905000.0,11.208844415752099,1.3686185328094025,13.3021764423819,7.77858275431581,,,34316914.3528752,7.791271725543031,52.955650230408004,48.478312964294275,2.15982721382289,26354733.333333332,Process Industries,Chemicals: Specialty,HKEX:189,HK,366067246.0,0.8426323665381357,12.210166204876971,0.9179927797604486,8.209259907466626,cyclical,False,0.25,1.0926323665381357,watch
2273,Gushengtang Holdings Limited,29.1,6820197585.0,17.12066835323881,2.8491367409400388,19.7511137621205,10.1371082118722,,,1771746934.44012,11.781556377114027,24.232715698243155,8.86440786524051,3.57388316151203,729716.5333333333,Technology Services,Internet Software/Services,HKEX:2273,HK,21234751.12,0.8668204010891544,16.641504187545646,1.0287933206213273,15.743970755404145,technology_strict,False,0.25,1.1168204010891545,watch
576,Zhejiang Expressway Co. Ltd. Class H,6.51,39308127528.0,6.9203784415860525,0.6693454192508266,10.3513375254747,1.84619259640005,,,,14.53156945893669,-6.001452429776614,-5.200040310390001,6.87603686635945,6628000.533333321,Transportation,Other Transportation,HKEX:576,HK,43148283.47199992,0.6685492019321139,9.67209271719282,0.7154995970297717,6.561903779200073,stable_or_general,False,0.44999999999999996,1.118549201932114,watch
1070,TCL Electronics Holdings Limited,15.65,39452636526.0,13.550956792795914,1.9288744493772139,15.5744565698822,3.1722125535576398,,,8905777000.0,13.777665039736291,33.34945553477145,32.67087880528432,3.18210862619808,6605750.933333316,Consumer Durables,Electronics/Appliances,HKEX:1070,HK,103380002.1066664,0.8700757379233816,14.234230681059069,0.9519978351079865,8.605281878116077,stable_or_general,False,0.35,1.2200757379233815,watch
2313,Shenzhou International Group Holdings Limited,36.52,54897683178.0,10.825873006462324,1.2718153597127062,12.124111585323,7.99673332321359,,,17235866417.8899,1.8630300728589444,-27.590779349452642,-27.5845783960158,7.28368017524644,6818732.8,Consumer Non-Durables,Apparel/Footwear,HKEX:2313,HK,249020121.856,0.8929209311771532,11.747924245495188,0.9215136887364225,3.102803345056715,stable_or_general,False,0.35,1.2429209311771532,watch
HMY,Harmony Gold Mining Company Limited,20.23,13078991197.692001,7.228614307153577,2.759521919306832,48.1166999268439,29.137685369431704,960832870.0,,578157413.0567421,49.715777730405755,121.37391819315222,121.88218504717354,1.61115175481958,3282732.9,Non-Energy Minerals,Precious Metals,NYSE:HMY,US,66409686.567,0.15023088279420413,38.17497797020316,0.18935477350624144,20.661687047856613,cyclical,True,0.0,0.15023088279420413,priority
INSW,"International Seaways, Inc.",98.81,4894188722.0,6.309907723745969,2.1599976565960044,37.4116050605098,28.1160566183888,269317000.0,,652766000.0,57.663130697337884,226.3704224998115,225.71030408918836,8.430320817731,510124.1,Transportation,Marine Shipping,NYSE:INSW,US,50405362.321,0.16866177523098191,34.23184222595398,0.18432860498994436,8.49940233628802,cyclical,True,0.0,0.16866177523098191,priority
DHT,"DHT Holdings, Inc.",19.66,3169891487.0,6.688212281000171,2.3841168823609307,39.1763532556201,29.257388411867403,36254000.0,,434804000.0,39.41599357538878,148.85901598008007,148.6465911013365,7.47711088504578,3061991.1666666665,Transportation,Marine Shipping,NYSE:DHT,US,60198746.336666666,0.1707206446031498,35.64654921515745,0.1876257990817311,9.01003729834472,cyclical,True,0.0,0.1707206446031498,priority
TNK,Teekay Tankers Ltd.,88.7,3076125854.9999995,5.22745622668419,1.2947285281242915,28.035629634786304,25.454386756584803,366917000.0,,27801000.0,19.33065185574672,111.74610668784113,110.68178149716286,1.12739571589628,411092.76666666666,Transportation,Marine Shipping,NYSE:TNK,US,36463928.403333336,0.18645760037427586,24.767850212024566,0.2110581331013665,11.655808930744005,cyclical,True,0.0,0.18645760037427586,priority
ECO,Okeanis Eco Tankers Corp.,66.86,2563998285.0000005,6.234672087580078,2.9749178738458624,61.5919910455297,29.4350134271386,44692060.0,,722493783.004812,105.24219735077509,498.5632077171379,413.8920835729346,7.47831289261143,527756.1666666666,Transportation,Marine Shipping,NYSE:ECO,US,35285777.30333333,0.10122537008052422,47.71570713032553,0.13066288781074478,22.52936409369626,cyclical,True,0.1,0.2012253700805242,priority
SLDE,"Slide Insurance Holdings, Inc.",23.48,2742739174.0,5.719296536269304,2.2710895523109884,53.8821006380406,20.8616096548209,1034559000.0,,38650000.0,41.43171092857332,117.73629258163724,-59.701990655306446,0.0,889798.5333333333,Technology Services,Packaged Software,NASDAQ:SLDE,US,20892469.562666666,0.1061446467109617,39.70924637162492,0.14402933973474116,26.30345531927849,technology_strict,True,0.1,0.20614464671096172,priority
TRMD,TORM plc,32.62,3323121701.5425673,5.497672802406587,1.3145065460062941,26.663962855241703,17.2098323301499,186996282.852,,1072316209.4432873,20.287134246724882,71.82541149575744,64.44948987550526,7.52985521235521,544619.2333333333,Transportation,Marine Shipping,NASDAQ:TRMD,US,17765479.39133333,0.20618363565286146,23.910236080817203,0.22992967463074448,10.32752254184588,cyclical,True,0.0,0.20618363565286146,priority
GAP,"Gap, Inc. (The)",23.48,8452305414.0,7.014818355640536,2.0859225987681684,33.7757313109426,9.97520198384129,957000000.0,,5720000000.0,1.054991428194646,40.26996625421822,43.84185646755479,2.89608177172061,7155860.433333334,Retail Trade,Apparel/Footwear Retail,NYSE:GAP,US,168019602.97466668,0.2076881264556924,29.735946007652526,0.23590365525399046,11.960615348634274,stable_or_general,True,0.0,0.2076881264556924,priority
OGC,OceanaGold Corporation,30.07,6688996667.688339,8.14435469192834,2.640783867695671,37.6100485264861,26.9038269395039,705945475.8399999,,50039880.0,49.39741703752898,118.47789178000197,128.69531122729933,0.792442418426104,528171.1000000002,Non-Energy Minerals,Precious Metals,NYSE:OGC,US,15882104.977000006,0.21654730613263756,32.424715862545675,0.25117736502160126,13.787093787684856,cyclical,True,0.0,0.21654730613263756,priority
FRO,Frontline Plc,44.19,9837705393.0,6.617845269116722,3.1179838307948704,53.8422866862181,24.9372644218018,688973000.0,,2434842000.0,48.84009857969576,524.545416351567,524.5230078563412,7.08305046390586,2044159.8333333333,Transportation,Marine Shipping,NYSE:FRO,US,90331423.035,0.1229116680664805,47.114788938107424,0.14046216524094562,12.494821751009887,cyclical,True,0.1,0.2229116680664805,priority
CSTM,Constellium SE,26.98,3656538376.0000005,6.940907102981657,2.934621463199216,53.8005923000067,9.52963804859117,221702000.0,,1923000000.01281,25.941747231308838,1903.890854823565,1921.372854914197,0.0,1592163.6333333333,Non-Energy Minerals,Aluminum,NYSE:CSTM,US,42956574.82733333,0.1290117228501366,42.28008558043615,0.16416492558362644,21.41334551733015,cyclical,True,0.1,0.2290117228501366,priority
LPG,Dorian LPG Ltd.,49.78,2129721783.9999998,6.605363374600269,1.7223524885363914,28.342022711409996,17.6322406431966,146279050.0,,646238026.0,81.05922022373736,557.3522487472081,555.6725247955454,0.0,580349.6333333333,Transportation,Marine Shipping,NYSE:LPG,US,28889804.747333333,0.2330589965952242,26.075060384404996,0.25332111516607697,7.99859046790038,cyclical,True,0.0,0.2330589965952242,priority
CGAU,Centerra Gold Inc.,23.44,4585040851.527462,7.679549438475539,2.123789468996385,32.593378769211,23.3006990594128,131458356.47999999,,45707085.599999994,36.2340457551393,707.0369164524052,776.8864473652648,0.859159251304081,1649920.5666666667,Non-Energy Minerals,Precious Metals,NYSE:CGAU,US,38674138.082666665,0.23561685619810446,27.65513115074075,0.2776898578645808,15.151076092593119,cyclical,True,0.0,0.23561685619810446,priority
CF,"CF Industries Holdings, Inc.",125.79,19036822191.0,9.330010458156249,3.3175399197977673,39.1933526281393,14.551630905750597,1910000000.0,,3613000000.0,20.04032883511711,61.21351766513057,76.22078736864118,1.58995150647905,2305463.3333333493,Process Industries,Chemicals: Agricultural,NYSE:CF,US,290004232.700002,0.23805083853575884,35.55772991548569,0.2623904979404479,9.276120742075488,cyclical,True,0.0,0.23805083853575884,priority
HON,Honeywell International Inc.,217.43,68912262409.0,8.039831238606572,3.717552204824936,49.8960498960499,11.0937770844167,4148000000.0,,34955000000.0,-2.4080418094071168,50.83085534371173,53.73390557939914,0.0,3158260.2666666606,Producer Manufacturing,Industrial Machinery,NASDAQ:HON,US,686700529.781332,0.16113161774040669,46.239182073543695,0.17387485846568768,7.328972594272864,cyclical,True,0.08,0.2411316177404067,priority
CENX,Century Aluminum Company,46.59,4612097571.0,8.06152994307269,3.2870762659547372,56.73325499412451,25.0202110238179,151200000.0,,480000000.0,9.666543316475472,413.18027210884355,419.861473419088,0.0,2090441.7,Non-Energy Minerals,Aluminum,NASDAQ:CENX,US,97393678.803,0.14209531859061444,40.77484409493928,0.19770841856077723,28.128847711695613,cyclical,True,0.1,0.24209531859061445,priority
RBGLY,Reckitt Benckiser Group Plc.,14.04,44269481390.0244,11.860111505321845,5.9239756458779,47.8840051521705,11.7078826556508,2102008750.0,,13488841750.0,1.1450505682038803,139.63067590725547,142.13540601349968,3.74883537424747,522135.76666666655,Consumer Non-Durables,Household/Personal Care,OTC:RBGLY,US,7330786.163999998,0.24768419992504,49.94873482614145,0.23744568399187305,4.311940213458421,stable_or_general,True,0.0,0.24768419992504,priority
DRD,DRDGOLD Limited,28.77,2516272756.5141,9.900887879413586,3.2085740414426875,39.5687673664087,28.8337809763554,130619409.99999999,,695546.0646735821,52.86594362757796,105.12246738669795,104.28852643419573,1.46140424052833,320260.86666666664,Non-Energy Minerals,Precious Metals,NYSE:DRD,US,9213905.134,0.25021977024785447,32.4069323935494,0.3055175898532241,18.09971714948905,cyclical,True,0.0,0.25021977024785447,priority
RCI,"Rogers Communication, Inc.",36.59,19858019014.24445,4.567293673662911,1.6956271692905864,44.4148457467871,7.3664978983569,1931776000.0,,32171392000.0,4.210328521979984,288.7464312871445,285.15341998222095,3.93313667649951,1271682.4,Communications,Wireless Telecommunications,NYSE:RCI,US,46530859.016,0.10283259114984772,37.125424604691894,0.1230233383805043,16.4121275657532,stable_or_general,True,0.15,0.2528325911498477,priority
HAFN,Hafnia Limited,8.47,4173639626.0328393,6.626319686719749,1.600062588131318,25.8610077053471,16.7647363703509,520347642.87779987,,883908344.1641848,5.066237788199953,39.92808080646917,41.71142138193912,9.12790856406954,1108792.0666666667,Transportation,Marine Shipping,NYSE:HAFN,US,9391468.804666666,0.25622820897847964,24.147078073189114,0.2744149692412291,6.627466538373161,cyclical,True,0.0,0.25622820897847964,priority
GPOR,Gulfport Energy Corporation,176.37,3118903112.0,7.053981738118378,1.708177401734037,27.4111285765093,16.2053453967893,250001000.0,,922410000.0,26.64766808896456,,,0.0,304228.6,Energy Minerals,Oil & Gas Production,NYSE:GPOR,US,53656798.182,0.257340069688465,24.21578996304131,0.2912967839944237,11.657085203731166,cyclical,True,0.0,0.257340069688465,priority
GFI,Gold Fields Limited,45.96,42722340652.2096,9.42092856410782,4.562497580268092,58.7626432300832,33.4429129188422,4500115750.0,,2634378549.55,71.19494284436489,133.70808449051265,133.92471829297529,2.61143385552655,3671815.5,Non-Energy Minerals,Precious Metals,NYSE:GFI,US,168756640.38,0.1603217290144775,48.42938304033483,0.19452918812245698,17.58474367684387,cyclical,True,0.1,0.2603217290144775,priority
MPC,Marathon Petroleum Corporation,368.83,103576584179.0,12.698352584737739,5.471452334368147,47.8754096523907,9.89154716020232,12899000000.0,,34292000000.0,15.187181048153745,300.6563525550867,330.27183171616923,1.06010899330315,2346169.0,Energy Minerals,Oil Refining/Marketing,NYSE:MPC,US,865337512.27,0.26523747111380874,43.08789110915327,0.29470814787777333,9.999953165932551,cyclical,True,0.0,0.26523747111380874,priority
PBF,PBF Energy Inc.,71.28,8449306218.0,6.302665900349264,1.318532034335107,23.5452773717547,9.769992526833,781800000.0,,2515000000.0,13.535456296056521,,,1.54320987654321,3033908.0,Energy Minerals,Oil Refining/Marketing,NYSE:PBF,US,216256962.24,0.26768280538117784,20.920227332088796,0.3012713867923332,11.148945065369919,cyclical,True,0.0,0.26768280538117784,priority
BVN,Buenaventura Mining Company Inc.,35.12,8976682585.482729,7.938158311107093,2.062754246795154,28.7663340406401,19.4853579617962,654632010.0,,692358096.693488,67.74731707635866,122.35243967862081,122.35512891390661,1.19273917995444,1010210.9,Non-Energy Minerals,Precious Metals,NYSE:BVN,US,35478606.808,0.27595307416969894,25.985299939268565,0.3054864992768883,9.667669496719956,cyclical,True,0.0,0.27595307416969894,priority
ZM,"Zoom Communications, Inc.",98.43,28720272071.999996,9.116505663662718,2.545543979101868,32.1430348882633,26.432371088622,1925657000.0,,60272000.0,5.036770916318318,173.97084445042967,184.39837741017806,0.0,3315670.2666666666,Technology Services,Packaged Software,NASDAQ:ZM,US,326361424.348,0.28362305225234086,27.92236491716444,0.32649475396185434,13.130900631414843,technology_strict,True,0.0,0.28362305225234086,priority
NVO,Novo Nordisk A/S,45.61,203690611842.197,11.146683611124688,5.957512395701082,60.353782852541705,21.8065432918519,11795532910.0,,21432701131.844597,13.207519141209511,12.445792562057399,12.752824469550845,2.69814514360886,12688307.766666668,Health Technology,Pharmaceuticals: Major,NYSE:NVO,US,578713717.2376667,0.18468906312564737,53.44650125132578,0.20855777927742628,11.44465396326858,health_special,True,0.1,0.28468906312564735,priority
CNX,CNX Resources Corporation,36.2,5355559664.999999,6.053106815597619,1.1138207930034825,21.2486692250072,10.4767807760939,525977999.99999994,,2380108000.0,16.211654840991923,509.7057576964077,911.5696887686065,0.0,1464209.3,Energy Minerals,Oil & Gas Production,NYSE:CNX,US,53004376.660000004,0.2848699253350803,18.400811796900626,0.32895868304121156,13.402521343571848,cyclical,True,0.0,0.2848699253350803,priority
FIS,"Fidelity National Information Services, Inc.",41.44,21370853139.0,6.363050087522648,1.3332732759785595,22.3266900615772,8.70429406677939,2935000000.0,,21256000000.0,18.261122419307938,2007.5,2338.2628229127663,4.05405405405406,6031428.6,Technology Services,Packaged Software,NYSE:FIS,US,249942401.184,0.2849974658121424,20.953367608923664,0.3036767266380961,6.151034698228452,technology_strict,True,0.0,0.2849974658121424,priority
PBR.A,Petroleo Brasileiro S.A. Petrobras,16.77,114123040482.35121,4.241489200263038,1.1630648875079757,30.685982529677503,11.0211924445216,18257156170.0,,70814633062.5296,20.81710009340769,86.33582928701784,86.33300344031292,5.68447227191413,6990737.033333333,Energy Minerals,Integrated Oil,NYSE:PBR.A,US,117234660.049,0.13822236899734083,27.421144616750357,0.15467950953703447,10.639509130169145,cyclical,True,0.15,0.2882223689973408,priority
NONOF,Novo-Nordisk A/S,45.0175,199555870068.30438,11.2790498389612,5.901414806149148,59.8151244532456,21.6216968992493,11361267600.0,,21355354800.0,2.167404721988133,1.4239720070168933,1.705321954758219,3.95939086294416,113699.3,Health Technology,Pharmaceuticals: Major,OTC:NONOF,US,5118458.23775,0.18856518216855758,52.32191443789797,0.21557028178601054,12.527283164318547,health_special,True,0.1,0.2885651821685576,priority
DECK,Deckers Outdoor Corporation,87.76,11951319820.0,12.45387977521712,5.213138105984239,42.5584290402442,26.3324914256712,1117808000.0,,472334000.0,7.484361821074422,2.543375613462683,8.21585429527934,0.0,2556388.4333333327,Consumer Non-Durables,Apparel/Footwear,NYSE:DECK,US,224348648.9093333,0.2926301570821717,41.85955059850699,0.29751584995901303,1.642162216740517,stable_or_general,True,0.0,0.2926301570821717,priority
THC,Tenet Healthcare Corporation,266.8,21482467468.0,10.288803791586165,4.611264205389994,53.3127155941477,7.54863157894737,3023000000.0,,13248000000.0,5.433101314771848,51.01078167115903,66.00366178428763,0.0,1072630.6666666667,Health Services,Hospital/Nursing Management,NYSE:THC,US,286177861.8666667,0.1929896775454372,44.81827332698219,0.22956716151293452,15.933238763958158,stable_or_general,True,0.1,0.2929896775454372,priority
ZTS,Zoetis Inc.,77.34,31958711888.000004,12.722905836678292,10.174923431530422,64.3938461538462,17.7019894437678,2366000000.0,,9238000000.0,1.4064997336174747,0.1531393568147014,4.590502408809359,2.70235324540988,6123275.0,Health Technology,Pharmaceuticals: Major,NYSE:ZTS,US,473574088.5,0.19757952966936362,79.97326681611989,0.15908948506419882,24.19395888397815,health_special,True,0.1,0.29757952966936363,priority
PBR,Petroleo Brasileiro S.A. Petrobras,18.53,114123040482.35121,4.68663058323638,1.2851268585965139,30.685982529677503,11.0211924445216,18257156170.0,,70814633062.5296,20.81710009340769,86.33582928701784,86.33300344031292,5.1533621154884,16984898.266666666,Energy Minerals,Integrated Oil,NYSE:PBR,US,314730164.88133335,0.15272871183784886,27.42112559913058,0.17091313652656825,10.639571105110834,cyclical,True,0.15,0.3027287118378489,priority
VIST,Vista Energy S.A.B. de C.V.,70.14,7847915128.8634815,9.373997647813535,2.34350097796227,30.417790226361003,10.8016527094043,87352330.0,,3754654275.64841,78.68477924326452,44.29131562741228,35.08575555154361,0.0,967964.0333333333,Energy Minerals,Oil & Gas Production,NYSE:VIST,US,67892997.298,0.308174840383038,25.000016705880938,0.37495965535128706,17.811200222509438,cyclical,True,0.0,0.308174840383038,priority
BMY,Bristol-Myers Squibb Company,66.58,136003941782.0,14.667136625985814,6.094491158502538,46.6960130801157,10.1826559157479,11440000000.0,,45053000000.0,3.1255240650679186,83.83838383838383,83.16587983698503,3.76990087113247,10810294.633333333,Health Technology,Pharmaceuticals: Major,NYSE:BMY,US,719749416.6873332,0.31409826361024895,41.55201736994055,0.3529825398223932,11.015920569813243,health_special,True,0.0,0.31409826361024895,priority
AU,AngloGold Ashanti PLC,113.19,57161797532.99999,15.148351868952503,6.3818019132438035,46.50338972710691,25.6510460533591,4232934140.0000005,,1791000000.0054898,138.98544866609828,10475.000000378452,9056.985294117647,4.06396324763672,2905192.5999999987,Non-Energy Minerals,Precious Metals,NYSE:AU,US,328838750.3939999,0.32574726181998087,42.12868811374593,0.3595733109004606,9.407274693377799,cyclical,True,0.0,0.32574726181998087,priority
CROX,"Crocs, Inc.",122.23,5860326799.0,10.56000967619311,4.245954827459236,42.29964170786991,13.4764265750107,704620000.0,,1689202000.0,-2.0251147769614413,150.88635316301037,210.80798045165275,0.0,995104.8,Consumer Non-Durables,Apparel/Footwear,NASDAQ:CROX,US,121631659.70400001,0.24964773340452207,40.20786872034293,0.26263539979303446,4.945131691594929,stable_or_general,True,0.08,0.3296477334045221,priority
KGC,Kinross Gold Corporation,31.27,37093748828.791214,12.186236559676162,3.8472130576994847,36.6169104857345,25.1603971898318,3013485460.48,,737913439.9999999,32.35541418061139,97.47552262502364,101.79910384546176,0.460903656012876,8338642.533333333,Non-Energy Minerals,Precious Metals,NYSE:KGC,US,260749352.01733333,0.33280351613563275,31.570149150310936,0.38600503601219566,13.78259735318117,cyclical,True,0.0,0.33280351613563275,priority
UHS,"Universal Health Services, Inc.",171.66,10114904157.000002,6.990438337867114,1.3464592850588277,20.985171749453,9.870469200880972,845400000.0,,5262175000.0,10.049655883844052,21.01634484765771,29.3490513363463,0.46603751602004,838252.7666666667,Health Services,Hospital/Nursing Management,NYSE:UHS,US,143894469.926,0.3331132297284785,19.26144284493685,0.3629239197781412,8.21403286614072,stable_or_general,True,0.0,0.3331132297284785,priority
PARR,"Par Pacific Holdings, Inc. Common Stock",78.85,3950355626.9999995,4.601531314923317,1.9598398126109786,54.73979001269941,20.3310818954595,438306000.0,,1304278000.0,13.187341522133453,,,0.0,1023828.9333333337,Energy Minerals,Oil Refining/Marketing,NYSE:PARR,US,80728911.39333336,0.08406191024583362,42.591034994263396,0.10803990359809523,22.19364563805881,cyclical,True,0.25,0.33406191024583365,priority
STNG,Scorpio Tankers Inc.,78.03,3907847853.9999995,4.9126142688055605,1.1097413760736174,24.6193235920985,18.9542154363658,657566000.0,,728875000.0,32.68443204491772,127.4112495264413,116.30646457218342,2.20428040497245,713623.4,Transportation,Marine Shipping,NYSE:STNG,US,55684033.902,0.199543023610212,22.58962978470192,0.21747210182844456,8.244311830110574,cyclical,True,0.15,0.349543023610212,priority
GOOG,Alphabet Inc.,342.88,4218290532440.0,17.22556304099913,6.736887109396413,48.675697331861,34.2975879823263,53273000000.0,,117348446000.0,20.231187401337234,111.2993519247575,112.01789423230548,0.247900139990667,18843627.333333332,Technology Services,Internet Software/Services,NASDAQ:GOOG,US,6461102940.053333,0.3538842581660155,39.10982238061958,0.44044084049676124,19.652260728846336,technology_strict,True,0.0,0.3538842581660155,priority
GOOGL,Alphabet Inc.,346.59,4218290532440.0005,17.411945562237193,6.809780982401139,48.675697331861,34.2975879823263,53273000000.0,,117348446000.0,20.231187401337234,111.2993519247575,112.01789423230548,0.24524654490897,27960456.63333337,Technology Services,Internet Software/Services,NASDAQ:GOOGL,US,9690814664.547012,0.35771332547176654,39.109822380619576,0.44520645971702194,19.652260728846336,technology_strict,True,0.0,0.35771332547176654,priority
MKC,"McCormick & Company, Incorporated",55.33,14868616439.0,9.208621120079886,2.126415865145342,25.6950067476383,10.9102553299065,1019900000.0,,4933500000.0,9.536097763540369,108.66425992779783,108.65020661874499,3.41586842580878,2771035.7,Consumer Non-Durables,Food: Specialty/Candy,NYSE:MKC,US,153321405.28100002,0.35838173581823546,23.091577310185777,0.3987870120945758,10.132044186724388,stable_or_general,True,0.0,0.35838173581823546,priority
OMAB,Grupo Aeroportuario del Centro Norte S.A.B. de C.V.,100.66,4862614481.241659,16.101478021626463,9.320594755058918,61.9717541048613,17.5688845729293,338139320.0,,816786494.026755,13.972101284123989,14.664879841322534,14.664074393353022,4.72127160739122,63393.5,Transportation,Other Transportation,NASDAQ:OMAB,US,6381189.71,0.2598196267670823,57.88657875096993,0.27815563415650424,6.591995680772433,stable_or_general,True,0.1,0.35981962676708235,priority
DAC,Danaos Corporation,150.68,2742913131.0,5.100137759229361,0.6761258473560194,14.1397151814653,10.8498380044697,172343590.0,,1210720000.00807,2.4516030052364384,17.69958691943341,21.813076713752082,2.38916910007964,121592.03333333334,Transportation,Marine Shipping,NYSE:DAC,US,18321487.58266667,0.360695932964389,13.257011462729256,0.38471248015194687,6.242726302529156,cyclical,True,0.0,0.360695932964389,priority
ADBE,Adobe Inc.,291.52,115879195633.0,16.67362544969944,10.098669180248704,62.9539318993294,24.9104066161268,10280000000.0,,7065000000.0,11.490642006990841,5.2409375454942495,11.805369041681042,0.0,4818932.233333333,Technology Services,Packaged Software,NASDAQ:ADBE,US,1404815124.6613333,0.2648543934692195,60.56672683882763,0.27529348736426096,3.7919872333298965,technology_strict,True,0.1,0.36485439346921955,priority
IAG,Iamgold Corporation,20.59,11756890251.167774,10.7108910462569,2.691671031208847,29.269016432288204,20.3484087057365,1541204255.36,,539152240.0,75.39857422020698,38.41216242970171,37.740763814193585,0.0,5967096.566666666,Non-Energy Minerals,Precious Metals,NYSE:IAG,US,122862518.30766666,0.36594639492023207,25.130225109978092,0.4262154835216372,14.140520682971736,cyclical,True,0.0,0.36594639492023207,priority
ACAD,ACADIA Pharmaceuticals Inc.,29.11,5015813544.0,13.110250405332371,3.8349458285907,35.7431290221518,25.635153640530202,145625000.0,,73854000.0,11.75371925809168,71.26575441123515,66.84700931770365,0.0,1636464.2333333334,Health Technology,Pharmaceuticals: Major,NASDAQ:ACAD,US,47637473.832333334,0.36679078648115265,29.25150710341048,0.4481905960942377,18.161873614137527,health_special,True,0.0,0.36679078648115265,priority
MPLX,MPLX LP,59.25,60071102875.0,12.753180223422802,4.283133562200859,33.9282507990089,11.6916223239698,3336000000.0,,26133000000.0,4.788438098554762,9.605568445475637,10.254402202287725,7.06497890295359,1442782.7,Industrial Services,Oil & Gas Pipelines,NYSE:MPLX,US,85484874.975,0.37588675876551064,33.584827369837924,0.37973040870462416,1.0122049356608986,cyclical,True,0.0,0.37588675876551064,priority
CHKP,Check Point Software Technologies Ltd.,138.32,14122560126.0,14.167631182718603,5.267429032323172,37.6388664549214,15.889323271826001,1186974490.0,,1974900000.0,4.640775228998736,22.200209765745214,27.25293918302442,0.0,1140422.2,Technology Services,Internet Software/Services,NASDAQ:CHKP,US,157743198.704,0.37640961370838893,37.17932069510871,0.3810621312557357,1.2209341117195405,technology_strict,True,0.0,0.37640961370838893,priority
EXEL,"Exelixis, Inc.",54.45,13491713346.0,17.10220491236887,7.350072690801543,44.3929251762439,33.2780582775798,1172459000.0,,165929000.0,9.233835798574443,42.88989835596333,52.70023980815349,0.0,2455920.966666667,Health Technology,Pharmaceuticals: Major,NASDAQ:EXEL,US,133724896.63500002,0.3852461815586961,42.977339638152344,0.397935401687514,3.188763823225349,health_special,True,0.0,0.3852461815586961,priority
BCE,"BCE, Inc.",23.46,21877056610.32125,4.956105719438955,1.5050062589784596,30.6217357086642,8.43759857007675,1870528000.0,,29410304000.0,-2.62492472532413,922.1612098541509,1313.2884286959738,5.37469287469287,3392153.1,Communications,Major Telecommunications,NYSE:BCE,US,79579911.72600001,0.1618492748612111,30.366710158653166,0.1632085166139304,0.8328252599308916,stable_or_general,True,0.22999999999999998,0.39184927486121107,priority
KTB,"Kontoor Brands, Inc.",76.99,4207782215.9999995,16.083477824897113,6.802390511464842,40.9637108724128,8.49904034703548,423188000.0,,1272766000.0,15.6178946292964,6.632123115127926,6.733706437155801,2.740615664372,677432.7,Consumer Non-Durables,Apparel/Footwear,NYSE:KTB,US,52155543.57299999,0.3926274617793137,42.29427606095734,0.3802755200660375,3.24815589263574,stable_or_general,True,0.0,0.3926274617793137,priority
ATAT,Atour Lifestyle Holdings Limited,35.5,4879840484.0,17.49544132866788,9.817830840157416,58.7806410562356,23.0047612613102,328523140.0,,190824564.506145,45.007151794079256,46.85705402287087,47.82893778231095,2.36619718309859,973161.3333333334,Consumer Services,Hotels/Resorts/Cruise lines,NASDAQ:ATAT,US,34547227.333333336,0.2976395121640464,56.11650861341808,0.311769954349664,4.5323296836261795,cyclical,True,0.1,0.39763951216404636,priority
CDW,CDW Corporation,147.69,18463825010.0,17.752055387278237,7.577724394331047,44.0103477074125,6.64380928952507,860200000.0,,6429500000.0,7.414195801319115,0.33435497353023125,3.423584694562535,1.70289119100819,1860415.4333333333,Technology Services,Information Technology Services,NASDAQ:CDW,US,274764755.349,0.4033609437784179,42.68646209701169,0.41587085261209755,3.0081234967789916,technology_strict,True,0.0,0.4033609437784179,priority
IMBBY,Imperial Brands PLC,34.46,25995157306.9469,12.088259024099345,5.044486929128325,39.7340575991546,6.36828229166283,3752574970.0,,14811638400.0,9.997023224440845,-29.162483275393324,-25.512790363460592,6.05725446753928,211981.0,Consumer Non-Durables,Tobacco,OTC:IMBBY,US,7304865.26,0.3042291614425137,41.7304668858564,0.28967466520717,5.024428430748196,stable_or_general,True,0.1,0.40422916144251375,priority
LULU,lululemon athletica inc.,120.81,14336516385.999998,9.755408231655617,2.864630386565047,32.0270239581901,18.2891926216691,1279952000.0,,2136007999.9999998,4.220022614174371,-19.256242646314487,-15.491910113893034,0.0,2706382.2,Consumer Non-Durables,Apparel/Footwear,NASDAQ:LULU,US,326958033.582,0.3045992735507015,29.36453625046179,0.3322173436844998,8.313253554885636,stable_or_general,True,0.1,0.40459927355070147,priority
ULTA,"Ulta Beauty, Inc.",517.5,22126992273.0,18.854450925598698,8.378880170355991,46.1173400950263,17.801585600398,1148689000.0,,2524031000.0,11.16269132540882,0.720090962363157,5.199190513058345,0.0,640137.5333333333,Retail Trade,Specialty Stores,NASDAQ:ULTA,US,331271173.5,0.4088364785728856,44.43979940556095,0.4242694876619843,3.6375486660955025,stable_or_general,True,0.0,0.4088364785728856,priority
ADMA,ADMA Biologics Inc,9.34,2092016947.0,13.25762952448545,5.156232748150602,41.8971077438865,27.194327976243205,116469000.0,,203839000.0,8.035236010409681,-19.131471128809924,-17.04933474626163,0.0,2264715.066666667,Health Technology,Biotechnology,NASDAQ:ADMA,US,21152438.72266667,0.31643304844640413,38.892569283427186,0.34087821321011985,7.17123119530304,health_special,True,0.1,0.41643304844640416,priority
CCL,Carnival Corporation Ltd.,24.76,33912513761.0,11.151143938029184,2.619781466210004,26.7171585270306,5.93657210836324,3171000000.0,,26170000000.0,5.155552133066379,21.544554455445546,20.346883468834697,1.21163166397415,18125525.8,Consumer Services,Hotels/Resorts/Cruise lines,NYSE:CCL,US,448788018.808,0.41737761621421,23.493387591165963,0.47465031999992463,12.06629414802116,cyclical,True,0.0,0.41737761621421,priority
OII,"Oceaneering International, Inc.",50.59,5035204899.0,14.567076506665899,4.325166329533388,34.8979198162512,13.95672611145,237415000.0,,822159000.0,3.8373864990084763,73.16613489649032,75.17780580075663,0.0,1091619.3666666667,Producer Manufacturing,Industrial Machinery,NYSE:OII,US,55225023.759666674,0.41741962224012924,29.691381984258758,0.49061631804099953,14.919335763869446,cyclical,True,0.0,0.41741962224012924,priority
DLTR,"Dollar Tree, Inc.",128.26,24065460579.999996,15.664960855918023,7.0273945657956665,46.031520254893,11.8047018913349,1978400000.0,,7670800000.0,-7.849169578613378,,,0.0,2302373.9,Retail Trade,Discount Stores,NASDAQ:DLTR,US,295302476.414,0.34030943947050907,44.860594484925294,0.34919200326651917,2.543747769971272,stable_or_general,True,0.08,0.4203094394705091,priority
APA,APA Corporation,42.54,14903953193.0,8.996320263925897,2.124678788423647,25.9477023054309,9.30348672713656,2102000000.0,,3881000000.0,-12.439097146266283,55.13413506012951,58.661879676542625,2.35072872590503,5578202.966666667,Energy Minerals,Integrated Oil,NASDAQ:APA,US,237296754.202,0.3467097070110501,23.617198210954534,0.380922418636139,8.98154320966057,cyclical,True,0.08,0.4267097070110501,priority
ATMU,Atmus Filtration Technologies Inc.,47.73,3894554133.0,18.25448426205683,8.563063111551253,55.7904292569057,13.4257092032581,190400000.0,,1056400000.0000001,13.050464175196383,14.111405835543767,15.536211391454197,0.460926042321391,644994.9666666667,Producer Manufacturing,Auto Parts: OEM,NYSE:ATMU,US,30785609.759,0.3271974154921438,46.9093675209995,0.3891436876415997,15.918611586604536,cyclical,True,0.1,0.42719741549214385,priority
T,AT&T Inc.,26.01,178230554723.0,8.601474916498562,1.6199773539497928,20.0485823953717,5.18654434250765,17654000000.0,,162888000000.0,2.625338753387534,68.98957435133653,72.38057234066811,4.26758938869666,54494407.3333333,Communications,Wireless Telecommunications,NYSE:T,US,1417399534.7399993,0.4290315767405205,18.833715957742324,0.45670620369330756,6.059612663236658,stable_or_general,True,0.0,0.4290315767405205,priority
GEN,Gen Digital Inc.,31.02,18568170135.0,18.006617519010856,6.995845793696973,41.9438358892651,6.58042744656918,1548000000.0,,8176000000.0,20.156139105748757,76.38190954773869,79.82254697286012,1.61186331399097,5085124.866666666,Technology Services,Packaged Software,NASDAQ:GEN,US,157740573.364,0.4293030700994942,38.85152659188193,0.4634725864999436,7.372499991529391,technology_strict,True,0.0,0.4293030700994942,priority
BWLP,BW LPG Limited,23.94,3615766979.766874,8.269089399606228,1.8975201186230912,23.6596905705652,12.8636230374846,590994912.9761999,,931099680.9608399,-7.651255914301518,90.63762714176417,76.06336111999278,7.91878330373002,326862.5333333333,Transportation,Marine Shipping,NYSE:BWLP,US,7825089.048,0.34950116422459576,22.94714722413632,0.36035369969250974,3.011634257446072,cyclical,True,0.08,0.4295011642245958,priority
PTC,PTC Inc.,157.15,17051757484.000002,15.192382057231246,5.014542652330893,35.25461624323,19.3186022037837,934313000.0,,1607694000.0,19.498312687248834,140.05932981879246,143.8529904052429,0.0,1435239.4666666666,Technology Services,Packaged Software,NASDAQ:PTC,US,225547882.18666667,0.43093312808783346,33.00695462660563,0.4602782119434082,6.375510092400971,technology_strict,True,0.0,0.43093312808783346,priority
NMM,Navios Maritime Partners LP,87.16,2477489955.0,5.689555005777026,0.7006189819192715,13.162794948845303,7.21916757086888,47864970.0,,2464615000.01641,13.380576326016582,47.22103786003838,52.73175011465374,0.240936209270308,136678.36666666667,Transportation,Marine Shipping,NYSE:NMM,US,11912886.438666666,0.4322452053601381,12.314126169935632,0.46203481491588183,6.447481573692071,cyclical,True,0.0,0.4322452053601381,priority
KALU,Kaiser Aluminum Corporation,156.38,2556671162.0000005,11.589541398630422,2.7089116923890284,26.3984184207466,8.3726763056949,87000000.0,,1068900000.0000001,32.83337615621787,255.24256651017217,246.61049603123635,1.96956132497762,260395.13333333333,Non-Energy Minerals,Aluminum,NASDAQ:KALU,US,40720590.950666666,0.4390240814397488,23.37376086951249,0.49583554239862243,11.457722591657326,cyclical,True,0.0,0.4390240814397488,priority
SFM,"Sprouts Farmers Market, Inc.",81.46,7595951631.0,15.608354090821994,5.086776815637748,35.1974264427963,12.393553360845,355179000.0,,2106293000.0000002,7.20446395946375,3.6950886808910774,7.524001813012498,0.0,1792183.9666666666,Retail Trade,Food Retail,NASDAQ:SFM,US,145991305.92466664,0.4434515721252821,32.59009108864892,0.4789294404966655,7.407744308763253,stable_or_general,True,0.0,0.4434515721252821,priority
ERO,Ero Copper Corp.,38.83,4050071450.3550653,13.47640979280688,3.3414138121968686,30.229821447801104,15.704768998806701,153760210.56,,572666974.0,85.25830266258644,105.99948636610132,103.98560173030138,0.0,1388305.9666666666,Non-Energy Minerals,Other Metals/Minerals,NYSE:ERO,US,53907920.68566666,0.4457985243504356,24.794539967019777,0.5435232841880672,17.97986630574917,cyclical,True,0.0,0.4457985243504356,priority
SM,SM Energy Company,36.62,8710215604.000002,7.2187506160184505,1.1131504345907088,16.1264226082871,7.18164203490438,757834000.0,,7036000000.0,75.39189250000238,23.05216337428559,-28.25564292583584,2.29382850901147,3702380.1333333333,Energy Minerals,Integrated Oil,NYSE:SM,US,135581160.48266664,0.44763496476328574,15.420264444661953,0.46813403505005213,4.378889111229578,cyclical,True,0.0,0.44763496476328574,priority
WES,"Western Midstream Partners, LP",48.3,19956332433.0,15.211640211640212,4.686422086534832,33.7354584258281,8.82234911299287,1246714000.0,,9129011000.0,18.00341731532374,1.0434253824565862,-2.286505616248655,7.61904761904762,821690.1333333333,Industrial Services,Oil & Gas Pipelines,NYSE:WES,US,39687633.44,0.4509095450736213,30.808131281915937,0.4937540700681606,8.677300622276341,cyclical,True,0.0,0.4509095450736213,priority
PEP,"PepsiCo, Inc.",141.07,192545251009.0,18.501711542749224,8.720319264938963,51.589495507947504,9.60861290648818,9282000000.0,,53214000000.0,5.624284702163606,38.42384105960265,39.01002734731084,4.07421847309846,7113260.4,Consumer Non-Durables,Food: Specialty/Candy,NASDAQ:PEP,US,1003467644.628,0.35863331014545363,47.13250038943794,0.39254678597308884,8.639346197566411,stable_or_general,True,0.1,0.4586333101454536,priority
SON,Sonoco Products Company,56.47,5583471371.0,8.706310417662385,1.5590721877755707,18.9251949473233,5.62248733433235,354831000.0,,4765630000.0,12.014490716462397,,,3.77191429077386,1034503.1,Process Industries,Containers/Packaging,NYSE:SON,US,58418390.057,0.4600380837236115,17.907381117639684,0.4861855768002963,5.378089010531273,cyclical,True,0.0,0.4600380837236115,priority
CNQ,Canadian Natural Resources Limited,48.99,100992884095.54712,12.376492758122254,3.0764717509283246,26.6851317910414,12.927066664467098,6917504000.0,,14208832000.0,12.69234155170864,35.39138264999797,36.93267598810558,3.55884942764896,6183870.133333334,Energy Minerals,Integrated Oil,NYSE:CNQ,US,302947797.832,0.4637973256057603,24.85737931619881,0.49790014468889987,6.849329016453254,cyclical,True,0.0,0.4637973256057603,priority
BR,"Broadridge Financial Solutions, Inc.",183.64,20938962765.0,19.081066478252737,7.369908907540632,40.9156249431374,12.856268903335,1278400000.0,,3517600000.0,8.529292225512396,33.9249553305539,35.666760642796724,1.91679372685689,1226803.6333333333,Technology Services,Information Technology Services,NYSE:BR,US,225290219.2253333,0.46635158340537874,38.62419805486416,0.49401845058760385,5.600371230936241,technology_strict,True,0.0,0.46635158340537874,priority
CON,"Concentra Group Holdings Parent, Inc.",34.26,4368757240.0,22.520212975744425,9.157000053455924,47.8922963752743,6.70877408358609,267418000.0,,2143819000.0,14.018879323063919,31.457732000187516,30.38224202948235,0.729713952130765,886590.9,Health Services,Medical/Nursing Services,NYSE:CON,US,30374604.233999997,0.47022620922748437,40.66124979954028,0.5538495025797028,15.098558897808967,stable_or_general,True,0.0,0.47022620922748437,priority
EBAY,eBay Inc.,105.62,47000901222.0,21.86613667888123,10.075215941773227,46.4414701508392,12.1803086866886,2624000000.0,,7130000000.0,15.17891130567187,1.73992673992674,6.7398846485316035,1.13614845673168,4313223.7666667085,Retail Trade,Internet Retail,NASDAQ:EBAY,US,455562694.2353378,0.47083213791168294,46.07679943528424,0.47455849683293744,0.785226467574196,stable_or_general,True,0.0,0.47083213791168294,priority
PEGA,Pegasystems Inc.,36.17,5946526297.0,20.433873792441105,10.60850029182908,54.693035683241,23.927693227886,492500000.0,,72016000.0,3.5996479766113274,47.15598163479398,53.10959259579623,0.331766657450926,2969504.2,Technology Services,Information Technology Services,NASDAQ:PEGA,US,107406966.914,0.3736101596332207,51.91624652078146,0.3935930496104272,5.0770434073938215,technology_strict,True,0.1,0.47361015963322073,priority
PROSY,Prosus NV,8.93,89797570167.55832,8.371613387081654,1.7822679309525853,22.2902579927771,15.406663949736203,1513272230.0,,17627000000.0,57.894137747310815,-5.492930555585379,3.9465991034885968,0.336777135231317,873643.5333333329,Technology Services,Packaged Software,OTC:PROSY,US,7801636.752666662,0.37557274526810674,21.289419954615035,0.39322881529550024,4.490024469372999,technology_strict,True,0.1,0.4755727452681068,priority
FSM,Fortuna Mining Corp.,12.26,3628437156.660411,10.925887902172487,2.055963638810669,22.9591595370397,16.1561978550087,390283667.84,,233885000.79999998,2.0535018684888495,114.24617316235314,105.61420546842004,0.0,5884229.7,Non-Energy Minerals,Precious Metals,NYSE:FSM,US,72140656.122,0.4758836178016839,18.817359808367286,0.5806281015742818,18.039857783080027,cyclical,True,0.0,0.4758836178016839,priority
BTG,B2Gold Corp,5.66,7479050119.3350315,10.63040159628815,1.8848106057054004,22.114772842523,14.5019979789215,159380622.72,,455538696.79999995,65.31154922572104,,,1.41082802547771,25873206.166666668,Non-Energy Minerals,Precious Metals,AMEX:BTG,US,146442346.90333334,0.4806923259843606,17.73038006732996,0.5995585856546726,19.825628806652652,cyclical,True,0.0,0.4806923259843606,priority
BSM,"Black Stone Minerals, L.P.",14.75,3137480927.0,12.31835643895106,3.8590643534955276,25.5934572818154,21.5343609993166,319881000.0,,196000000.0,0.6366497434463853,3.102311190934111,3.662020604276686,8.13559322033898,424787.5,Miscellaneous,Investment Trusts/Mutual Funds,NYSE:BSM,US,6265615.625,0.4813088088612189,31.327753605935897,0.3932090565413861,22.405321254486445,stable_or_general,True,0.0,0.4813088088612189,priority
ERIC,Ericsson,9.95,33797270861.594997,12.723785166240408,3.0607944530406455,26.3025672921734,8.98211265734865,3262946450.0,,4079085362.38848,2.7207728411592207,56.30405314588059,56.368726254749056,2.09497487437186,11055096.8,Electronic Technology,Telecommunications Equipment,NASDAQ:ERIC,US,109998213.16,0.4837468915069177,24.055691078168696,0.528930352692617,8.542421692323876,technology_strict,True,0.0,0.4837468915069177,priority
B,Barrick Mining Corporation,45.65,75134623916.11426,12.05610300269592,2.754884283707782,24.8696483889975,13.0123244848702,5496258915.84,,4676381600.0,42.40158829061854,124.52910776345001,132.02622249078243,1.98896600566572,10744099.133333333,Non-Energy Minerals,Precious Metals,NYSE:B,US,490468125.4366666,0.4847717512576342,22.8505370524103,0.5276069868749202,8.118777173707326,cyclical,True,0.0,0.4847717512576342,priority
CARG,"CarGurus, Inc.",36.56,3256526583.0,19.846913848325283,12.354857459549333,51.40540671846,28.078248707510202,291280000.0,,185142000.0,6.009115567949498,35.56480197256896,48.40087005558688,0.0,881842.5,Technology Services,Internet Software/Services,NASDAQ:CARG,US,32240161.8,0.3860861165251346,62.25077386825991,0.31882196180126077,21.097716839783853,technology_strict,True,0.1,0.48608611652513456,priority
DRI,"Darden Restaurants, Inc.",215.63,24483009331.0,20.755806678281626,11.143208549517333,53.7178011861556,8.3642591080283,1092700000.0,,8010600000.0,9.391638444276996,14.978561219628395,17.071219292314616,2.83819505634652,1120411.4333333333,Consumer Services,Restaurants,NYSE:DRI,US,241594317.36966667,0.3863860065000373,53.68718605949108,0.3866063431836788,0.05699251642563574,stable_or_general,True,0.1,0.48638600650003727,priority
UGP,Ultrapar Participacoes S.A. (New),6.45,7092957580.773899,10.65939514129896,1.9899300285069046,21.7461061930437,7.45652311207391,1116068500.0,,3779666727.84706,20.259257812835962,29.877434244013862,32.08906352324819,3.24280620155039,3171486.3666666667,Retail Trade,Specialty Stores,NYSE:UGP,US,20456087.065,0.4901748867900205,18.668320313946168,0.57098844256148,14.153273472388717,stable_or_general,True,0.0,0.4901748867900205,priority
DINO,HF Sinclair Corporation,99.71,17726826922.0,9.516129032258064,1.7235612429484979,19.41023151224,10.5979853224321,2310000000.0,,3244000000.0,16.25539972603217,,,2.00581686891987,2742240.533333333,Energy Minerals,Oil Refining/Marketing,NYSE:DINO,US,273428803.5786666,0.49026355127486443,18.111999502170658,0.5254046650739799,6.688390137184519,cyclical,True,0.0,0.49026355127486443,priority
EOG,"EOG Resources, Inc.",143.35,75191260410.0,11.151389742432846,2.3641145389168545,22.5066282609407,13.606815280952201,6621000000.0,,8250000000.0,17.12869549960523,19.958129797627354,24.99538130937449,2.8461806766655,2824915.966666667,Energy Minerals,Integrated Oil,NYSE:EOG,US,404951703.82166666,0.4954713612871818,21.200178574344104,0.5260045194113583,5.8047330388616425,cyclical,True,0.0,0.4954713612871818,priority
QBCRF,Quebecor Inc.,44.16,9930268325.584488,15.360025644564553,5.1215761984766655,36.880457928771,7.390992839217131,1104857600.0,,5045075200.0,-1.163760977889037,16.721029166925387,17.628946703237673,2.44419097278801,119193.46666666666,Communications,Major Telecommunications,OTC:QBCRF,US,5263583.487999999,0.4164814242336716,33.34353937285929,0.4606597239964029,9.590224076779997,stable_or_general,True,0.08,0.49648142423367164,priority
VLO,Valero Energy Corporation,352.36,101454115488.0,14.616380168580342,4.058051932377165,29.303775545549005,11.5894146467251,10120000000.0,,11349000000.0,12.921579878930906,847.4308300395257,899.6350970310168,1.34237711431491,2462632.333333338,Energy Minerals,Oil Refining/Marketing,NYSE:VLO,US,867733128.973335,0.49878829251408346,27.763727308492104,0.5264559763958503,5.255460118656352,cyclical,True,0.0,0.49878829251408346,priority
AGI,Alamos Gold Inc.,36.75,15383714149.760323,13.570868961018704,3.205402126392772,27.203874936437,19.0127212762954,308992154.24,,216040440.0,40.40638795794529,224.0400747532038,223.4948253194788,0.352158090393269,4782936.466666667,Non-Energy Minerals,Precious Metals,NYSE:AGI,US,175772915.15,0.4988579381697501,23.619726456721732,0.5745565676166706,13.175139527327573,cyclical,True,0.0,0.4988579381697501,priority
TJX,"TJX Companies, Inc. (The)",135.12,149267662291.0,24.991214604102318,13.969558933301354,62.17144028283029,17.3342857142857,5876000000.0,,14317000000.0,7.661631419939577,21.97426618415762,23.37585286265203,1.29884547069272,6120488.5,Retail Trade,Apparel/Footwear Retail,NYSE:TJX,US,827000406.12,0.40197258565045774,55.89787913312642,0.44708699134332497,10.090744433721,stable_or_general,True,0.1,0.5019725856504578,priority
KBR,"KBR, Inc.",38.03,4794356632.0,11.469328668797878,2.9305355952578185,27.0893371757925,6.2852897473997,347000000.0,,2798000000.0,-4.370975730559683,9.32642487046632,13.13634502524907,1.7354719957928,1513629.3666666667,Technology Services,Information Technology Services,NYSE:KBR,US,57563324.814333335,0.42338904766732605,25.551064756129037,0.4488786975519947,5.678516272587464,technology_strict,True,0.08,0.5033890476673261,priority
