序号,代码,名称,研报数,机构投资评级(近六个月)-买入,机构投资评级(近六个月)-增持,机构投资评级(近六个月)-中性,机构投资评级(近六个月)-减持,机构投资评级(近六个月)-卖出,2025预测每股收益,2026预测每股收益,2027预测每股收益,2028预测每股收益
1,600519,贵州茅台,45,36.0,9.0,0.0,0.0,0.0,65.851754826108,67.656739130435,71.522173913044,75.208837209302
2,605499,东鹏饮料,42,28.0,14.0,0.0,0.0,0.0,6.01371192761,7.630095238095,8.807952380952,9.94715
3,603345,安井食品,40,32.0,8.0,0.0,0.0,0.0,4.078254658694,5.193225,5.96515,6.643921052632
4,300750,宁德时代,40,33.0,7.0,0.0,0.0,0.0,15.605504033485,20.764076923077,25.874641025641,31.044894736842
5,603288,海天味业,36,24.0,12.0,0.0,0.0,0.0,1.202941549966,1.330055555556,1.471666666667,1.614714285714
6,600600,青岛啤酒,36,24.0,12.0,0.0,0.0,0.0,3.363229399059,3.482777777778,3.663888888889,3.851142857143
7,603605,珀莱雅,34,24.0,10.0,0.0,0.0,0.0,3.782429320896,4.434617647059,4.533264705882,4.977470588235
8,603259,药明康德,34,30.0,4.0,0.0,0.0,0.0,6.389088557263,7.347212121212,8.955121212121,10.65703125
9,600989,宝丰能源,34,29.0,5.0,0.0,0.0,0.0,1.547761941272,2.245117647059,2.371382352941,2.512242424242
10,600809,山西汾酒,34,30.0,4.0,0.0,0.0,0.0,10.038269251186,9.649382352941,10.316970588235,11.279454545455
11,600887,伊利股份,33,26.0,7.0,0.0,0.0,0.0,1.828380563048,1.801,2.085909090909,2.24884375
12,002594,比亚迪,33,25.0,8.0,0.0,0.0,0.0,3.577746535319,4.467757575758,5.679484848485,6.76090625
13,002847,盐津铺子,32,28.0,4.0,0.0,0.0,0.0,2.769979264802,3.17603125,3.7914375,4.437483870968
14,300979,华利集团,32,25.0,7.0,0.0,0.0,0.0,2.747789410557,2.29684375,2.7646875,3.116
15,603369,今世缘,32,24.0,8.0,0.0,0.0,0.0,2.088298515017,2.082875,2.21675,2.402806451613
16,002648,卫星化学,32,28.0,4.0,0.0,0.0,0.0,1.576505084677,3.0125,3.2203125,3.518387096774
17,002946,新乳业,32,22.0,10.0,0.0,0.0,0.0,0.849496184407,1.0096875,1.1771875,1.33935483871
18,600176,中国巨石,31,21.0,10.0,0.0,0.0,0.0,0.820721659518,1.765516129032,2.484935483871,2.776833333333
19,601888,中国中免,31,22.0,8.0,1.0,0.0,0.0,1.725952153554,2.33,2.734483870968,3.131103448276
20,603919,金徽酒,31,17.0,14.0,0.0,0.0,0.0,0.698629382774,0.609032258065,0.787419354839,0.903793103448
21,000729,燕京啤酒,31,20.0,11.0,0.0,0.0,0.0,0.595740163767,0.723548387097,0.832580645161,0.928
22,688111,金山办公,31,23.0,8.0,0.0,0.0,0.0,3.957792144122,6.016774193548,5.717096774194,6.867666666667
23,000333,美的集团,31,25.0,6.0,0.0,0.0,0.0,5.760463243363,6.183741935484,6.692419354839,7.225766666667
24,002714,牧原股份,30,21.0,9.0,0.0,0.0,0.0,2.682643616545,0.226966666667,4.5922,4.314965517241
25,002624,完美世界,30,24.0,6.0,0.0,0.0,0.0,0.376737588825,0.775333333333,1.070666666667,1.153703703704
26,600426,华鲁恒升,30,27.0,3.0,0.0,0.0,0.0,1.205659336195,1.96,2.244733333333,2.512379310345
27,002568,百润股份,30,15.0,15.0,0.0,0.0,0.0,0.611953015526,0.730129032258,0.832741935484,0.943833333333
28,000568,泸州老窖,30,23.0,7.0,0.0,0.0,0.0,7.35831453966,5.7362,6.1214,6.687724137931
29,600132,重庆啤酒,30,15.0,15.0,0.0,0.0,0.0,2.543327145286,2.528333333333,2.627586206897,2.744642857143
30,300308,中际旭创,29,25.0,4.0,0.0,0.0,0.0,9.166453796306,28.225964285714,50.064821428571,71.079107142857
31,603444,吉比特,29,21.0,8.0,0.0,0.0,0.0,24.897815995344,27.167586206897,29.815172413793,32.158148148148
32,600486,扬农化工,29,23.0,6.0,0.0,0.0,0.0,3.182171834354,3.825034482759,4.475068965517,5.083964285714
33,600060,海信视像,29,18.0,11.0,0.0,0.0,0.0,1.880508491968,2.136551724138,2.393103448276,2.650464285714
34,002142,宁波银行,28,20.0,8.0,0.0,0.0,0.0,4.441977239949,4.87,5.44962962963,6.133846153846
35,688012,中微公司,28,22.0,6.0,0.0,0.0,0.0,2.204405552583,4.78825,6.044571428571,7.708692307692
36,600298,安琪酵母,28,23.0,5.0,0.0,0.0,0.0,1.779651048661,2.109428571429,2.497714285714,2.849888888889
37,601318,中国平安,28,24.0,4.0,0.0,0.0,0.0,7.443155770211,8.2904,9.0352,9.937916666667
38,600031,三一重工,28,23.0,5.0,0.0,0.0,0.0,0.914415763212,1.170851851852,1.461407407407,1.761461538462
39,002891,中宠股份,28,18.0,10.0,0.0,0.0,0.0,1.134284561843,1.179172413793,1.592689655172,2.028703703704
40,600872,中炬高新,28,22.0,6.0,0.0,0.0,0.0,0.693620785423,0.901310344828,1.037724137931,1.177821428571
41,601898,中煤能源,28,22.0,6.0,0.0,0.0,0.0,1.34882200871,1.496428571429,1.5875,1.677777777778
42,002345,潮宏基,28,22.0,6.0,0.0,0.0,0.0,0.559375206448,0.831851851852,0.988814814815,1.163076923077
43,000157,中联重科,28,24.0,4.0,0.0,0.0,0.0,0.561769928112,0.683259259259,0.823111111111,0.99028
44,002821,凯莱英,28,20.0,8.0,0.0,0.0,0.0,3.140239779842,3.900379310345,4.985586206897,6.311214285714
45,300274,阳光电源,28,18.0,9.0,1.0,0.0,0.0,6.492960534338,7.296259259259,9.008222222222,10.689153846154
46,003006,百亚股份,28,20.0,8.0,0.0,0.0,0.0,0.484059387341,0.806857142857,1.015892857143,1.242518518519
47,689009,九号公司,27,20.0,7.0,0.0,0.0,0.0,2.389311849679,2.808111111111,3.737444444444,4.63552
48,600702,舍得酒业,27,14.0,12.0,1.0,0.0,0.0,0.671522958995,0.7375,0.946785714286,1.223333333333
49,600690,海尔智家,27,23.0,4.0,0.0,0.0,0.0,2.085046963104,2.146,2.324259259259,2.5225
50,688041,海光信息,27,22.0,5.0,0.0,0.0,0.0,1.094888439627,1.918571428571,2.930357142857,4.186296296296
51,300972,万辰集团,27,20.0,7.0,0.0,0.0,0.0,6.813837241062,12.274037037037,15.687037037037,18.336037037037
52,600276,恒瑞医药,27,21.0,5.0,1.0,0.0,0.0,1.161793370452,1.402444444444,1.640666666667,1.965153846154
53,301498,乖宝宠物,27,17.0,10.0,0.0,0.0,0.0,1.680873156567,1.587357142857,1.999785714286,2.436576923077
54,600415,小商品城,27,22.0,4.0,1.0,0.0,0.0,0.766572726531,0.94864,1.10828,1.253958333333
55,601100,恒立液压,27,20.0,7.0,0.0,0.0,0.0,2.039139514994,2.54962962963,3.186653846154,3.839
56,002956,西麦食品,26,18.0,8.0,0.0,0.0,0.0,0.5494037195,0.904615384615,1.130384615385,1.3556
57,601628,中国人寿,26,20.0,6.0,0.0,0.0,0.0,5.451250950611,5.562608695652,5.77347826087,6.253181818182
58,603317,天味食品,26,18.0,8.0,0.0,0.0,0.0,0.536412099834,0.671192307692,0.770230769231,0.856615384615
59,300866,安克创新,26,21.0,5.0,0.0,0.0,0.0,4.328055763719,5.860230769231,7.197269230769,8.66452
60,002557,洽洽食品,26,19.0,7.0,0.0,0.0,0.0,0.629520283091,1.252461538462,1.476461538462,1.67388
61,600030,中信证券,26,19.0,7.0,0.0,0.0,0.0,1.92496012252,2.5632,2.7832,3.078260869565
62,600882,妙可蓝多,26,16.0,10.0,0.0,0.0,0.0,0.233047268122,0.670384615385,0.908461538462,1.142
63,002850,科达利,26,21.0,5.0,0.0,0.0,0.0,6.160781563715,8.054416666667,10.621666666667,13.238818181818
64,600309,万华化学,26,22.0,4.0,0.0,0.0,0.0,4.001697696317,6.026153846154,6.895,7.8272
65,300896,爱美客,26,18.0,7.0,1.0,0.0,0.0,4.266528599506,4.380518518519,4.917962962963,5.522
66,001979,招商蛇口,26,19.0,7.0,0.0,0.0,0.0,0.113551538105,0.168461538462,0.239230769231,0.3128
67,002126,银轮股份,26,21.0,5.0,0.0,0.0,0.0,1.130396343376,1.4255,1.881807692308,2.386181818182
68,603198,迎驾贡酒,26,20.0,6.0,0.0,0.0,0.0,2.4820567401,2.602307692308,2.865961538462,3.1938
69,603983,丸美生物,25,11.0,14.0,0.0,0.0,0.0,0.616556461322,0.82,1.01,1.1784
70,002372,伟星新材,25,17.0,8.0,0.0,0.0,0.0,0.465301389052,0.5064,0.55,0.609583333333
71,000001,平安银行,25,13.0,11.0,1.0,0.0,0.0,2.196907127249,2.1776,2.2564,2.351304347826
72,600096,云天化,25,20.0,5.0,0.0,0.0,0.0,2.828343313162,2.8832,3.0712,3.235833333333
73,600315,上海家化,25,17.0,8.0,0.0,0.0,0.0,0.398052082456,0.6422,0.79112,0.950913043478
74,601601,中国太保,25,21.0,4.0,0.0,0.0,0.0,5.56165290497,5.915695652174,6.431652173913,7.013272727273
75,002371,北方华创,25,22.0,3.0,0.0,0.0,0.0,7.609308509566,10.050833333333,14.253333333333,19.20347826087
76,605117,德业股份,25,17.0,8.0,0.0,0.0,0.0,2.490233527312,5.296208333333,6.581130434783,7.873956521739
77,002353,杰瑞股份,25,19.0,6.0,0.0,0.0,0.0,2.618019640369,3.5178,6.90144,9.575476190476
78,601336,新华保险,25,20.0,5.0,0.0,0.0,0.0,11.631177428156,12.016363636364,12.812272727273,14.057142857143
79,300498,温氏股份,25,17.0,8.0,0.0,0.0,0.0,0.791474567345,-0.04532,1.65968,1.766583333333
80,002001,新和成,24,18.0,6.0,0.0,0.0,0.0,2.20086923617,2.682083333333,2.90625,3.163181818182
81,603486,科沃斯,24,19.0,5.0,0.0,0.0,0.0,3.034816491841,3.698333333333,4.35875,5.179130434783
82,003000,劲仔食品,24,19.0,5.0,0.0,0.0,0.0,0.538344961883,0.58428,0.70668,0.836
83,002078,太阳纸业,24,20.0,4.0,0.0,0.0,0.0,1.138894798554,1.32225,1.463291666667,1.600826086957
84,000786,北新建材,24,14.0,10.0,0.0,0.0,0.0,1.707389703866,1.908958333333,2.187125,2.484434782609
85,300759,康龙化成,24,18.0,6.0,0.0,0.0,0.0,0.905629840751,1.094583333333,1.39125,1.72
86,600258,首旅酒店,24,13.0,11.0,0.0,0.0,0.0,0.726432090528,0.838666666667,0.943666666667,1.041318181818
87,600346,恒力石化,24,20.0,4.0,0.0,0.0,0.0,1.005040786835,1.796666666667,2.0125,2.262173913043
88,300285,国瓷材料,24,16.0,7.0,1.0,0.0,0.0,0.61212594034,0.84272,1.06596,1.293166666667
89,688271,联影医疗,24,16.0,8.0,0.0,0.0,0.0,2.268134062725,2.7972,3.486,4.321666666667
90,600398,海澜之家,24,21.0,3.0,0.0,0.0,0.0,0.450987827293,0.479875,0.521,0.564045454545
91,002832,比音勒芬,24,19.0,5.0,0.0,0.0,0.0,0.964930211678,1.277041666667,1.523208333333,1.737578947368
92,300760,迈瑞医疗,24,19.0,5.0,0.0,0.0,0.0,6.71379702026,7.12388,8.09132,9.252791666667
93,000596,古井贡酒,24,18.0,6.0,0.0,0.0,0.0,6.714166724064,6.74116,7.31316,8.21925
94,601689,拓普集团,24,19.0,5.0,0.0,0.0,0.0,1.599156522817,1.884125,2.296916666667,2.763217391304
95,002517,恺英网络,24,20.0,4.0,0.0,0.0,0.0,0.891026067112,1.262083333333,1.425416666667,1.587391304348
96,603606,东方电缆,24,17.0,7.0,0.0,0.0,0.0,1.541459523862,2.39219047619,2.964318181818,3.52355
97,603816,顾家家居,23,17.0,6.0,0.0,0.0,0.0,1.93365140862,2.387130434783,2.62347826087,2.864238095238
98,300888,稳健医疗,23,19.0,4.0,0.0,0.0,0.0,1.317334064161,1.641043478261,1.894782608696,2.137181818182
99,600036,招商银行,23,16.0,7.0,0.0,0.0,0.0,5.954873886859,5.993636363636,6.255454545455,6.614285714286
100,600048,保利发展,23,17.0,6.0,0.0,0.0,0.0,0.086437740014,0.131304347826,0.182173913043,0.235652173913
101,600188,兖矿能源,23,19.0,4.0,0.0,0.0,0.0,0.835017591502,1.718260869565,1.823043478261,1.996818181818
102,601211,国泰海通,23,17.0,6.0,0.0,0.0,0.0,1.581770890139,1.881363636364,2.000454545455,2.201
103,603195,公牛集团,23,15.0,8.0,0.0,0.0,0.0,2.257141454447,2.36025,2.500458333333,2.642173913043
104,601088,中国神华,23,18.0,5.0,0.0,0.0,0.0,2.436624176512,2.733043478261,2.848695652174,2.961304347826
105,300054,鼎龙股份,23,16.0,7.0,0.0,0.0,0.0,0.754436370954,1.139086956522,1.500173913043,1.931095238095
106,002920,德赛西威,23,16.0,7.0,0.0,0.0,0.0,4.111170506922,4.752173913043,5.597727272727,6.601428571429
107,605338,巴比食品,23,19.0,4.0,0.0,0.0,0.0,1.139720834237,1.248695652174,1.431304347826,1.62
108,000921,海信家电,23,16.0,7.0,0.0,0.0,0.0,2.301006039168,2.199130434783,2.42652173913,2.670909090909
109,002293,罗莱生活,23,19.0,4.0,0.0,0.0,0.0,0.620762257567,0.736818181818,0.823636363636,0.914761904762
110,002558,巨人网络,23,19.0,4.0,0.0,0.0,0.0,0.923155472508,2.341304347826,2.660434782609,2.897619047619
111,003010,若羽臣,23,16.0,7.0,0.0,0.0,0.0,0.62496520106,1.248043478261,1.805652173913,2.432863636364
112,002463,沪电股份,23,18.0,5.0,0.0,0.0,0.0,1.986270368622,3.103043478261,4.799565217391,7.143333333333
113,600970,中材国际,23,18.0,5.0,0.0,0.0,0.0,1.091665057888,1.122173913043,1.223869565217,1.327545454545
114,600919,江苏银行,22,15.0,7.0,0.0,0.0,0.0,1.880028009399,1.985909090909,2.182272727273,2.399047619048
115,002555,三七互娱,22,17.0,5.0,0.0,0.0,0.0,1.310992994663,1.391818181818,1.534545454545,1.667619047619
116,000423,东阿阿胶,22,16.0,6.0,0.0,0.0,0.0,2.717518280728,3.077173913043,3.500869565217,3.955772727273
117,001215,千味央厨,22,13.0,9.0,0.0,0.0,0.0,0.65428544801,0.89,1.060434782609,1.247391304348
118,300059,东方财富,22,16.0,6.0,0.0,0.0,0.0,0.763774635809,0.962272727273,1.075909090909,1.170476190476
119,000651,格力电器,22,17.0,5.0,0.0,0.0,0.0,5.177825844568,5.238695652174,5.522608695652,5.814545454545
120,002064,华峰化学,22,16.0,6.0,0.0,0.0,0.0,0.374314656685,0.717,0.836454545455,0.934952380952
121,600585,海螺水泥,22,13.0,9.0,0.0,0.0,0.0,1.537422049845,1.459090909091,1.686818181818,1.93380952381
122,002867,周大生,22,15.0,7.0,0.0,0.0,0.0,1.016353306961,1.149523809524,1.283333333333,1.429
123,688169,石头科技,22,16.0,6.0,0.0,0.0,0.0,5.252615698615,7.53,9.625818181818,11.623571428571
124,300832,新产业,22,13.0,9.0,0.0,0.0,0.0,2.062127358989,2.360434782609,2.761304347826,3.238636363636
125,300957,贝泰妮,22,14.0,7.0,1.0,0.0,0.0,1.193861340534,1.522727272727,1.770454545455,2.001428571429
126,601688,华泰证券,22,15.0,7.0,0.0,0.0,0.0,1.81497112469,2.124761904762,2.348095238095,2.541578947368
127,002244,滨江集团,22,16.0,6.0,0.0,0.0,0.0,0.680172226223,0.775909090909,0.824090909091,0.8565
128,300014,亿纬锂能,22,17.0,5.0,0.0,0.0,0.0,1.902318824597,3.327954545455,4.534136363636,5.647857142857
129,603193,润本股份,22,16.0,6.0,0.0,0.0,0.0,0.777327805966,0.93625,1.10375,1.287826086957
130,605098,行动教育,22,18.0,4.0,0.0,0.0,0.0,2.682772598911,3.389523809524,4.007619047619,4.686666666667
131,603806,福斯特,22,16.0,6.0,0.0,0.0,0.0,0.295036908979,0.607571428571,0.785380952381,0.98815
132,002938,鹏鼎控股,22,19.0,3.0,0.0,0.0,0.0,1.612851924261,2.288590909091,3.392227272727,4.6165
133,002831,裕同科技,22,16.0,6.0,0.0,0.0,0.0,1.235981998731,1.719272727273,1.996227272727,2.266428571429
134,603889,新澳股份,22,20.0,2.0,0.0,0.0,0.0,0.505809100386,0.714285714286,0.807380952381,0.897523809524
135,002563,森马服饰,22,15.0,7.0,0.0,0.0,0.0,0.3312493991,0.408636363636,0.45,0.49619047619
136,002003,伟星股份,22,18.0,4.0,0.0,0.0,0.0,0.542184974899,0.586818181818,0.671818181818,0.754285714286
137,600160,巨化股份,21,15.0,6.0,0.0,0.0,0.0,1.401327667096,2.132380952381,2.558571428571,2.968947368421
138,000526,学大教育,21,19.0,2.0,0.0,0.0,0.0,1.600988429541,2.658095238095,3.201904761905,3.755238095238
139,002493,荣盛石化,21,17.0,3.0,1.0,0.0,0.0,0.084921085002,0.855571428571,0.97819047619,1.10815
140,000425,徐工机械,21,17.0,4.0,0.0,0.0,0.0,0.561190636347,0.710666666667,0.894952380952,1.076944444444
141,601838,成都银行,21,13.0,7.0,1.0,0.0,0.0,3.134055585204,3.283333333333,3.497142857143,3.7445
142,002223,鱼跃医疗,21,12.0,8.0,1.0,0.0,0.0,1.478133648031,1.549818181818,1.795590909091,2.066761904762
143,000776,广发证券,21,15.0,6.0,0.0,0.0,0.0,1.751031154312,2.159,2.3985,2.623333333333
144,601899,紫金矿业,21,15.0,6.0,0.0,0.0,0.0,1.947195798272,3.117619047619,3.652380952381,4.2795
145,603019,中科曙光,21,16.0,5.0,0.0,0.0,0.0,1.487437213821,2.03380952381,2.575238095238,3.238421052632
146,600141,兴发集团,21,14.0,7.0,0.0,0.0,0.0,1.241576091314,1.742857142857,2.092857142857,2.41
147,688531,日联科技,21,15.0,6.0,0.0,0.0,0.0,1.063092545978,1.946666666667,2.895714285714,4.095555555556
148,601658,邮储银行,21,14.0,7.0,0.0,0.0,0.0,0.72779017502,0.73,0.7535,0.781578947368
149,002487,大金重工,21,18.0,3.0,0.0,0.0,0.0,1.490769518483,2.495052631579,3.729210526316,5.121894736842
150,301162,国能日新,21,15.0,6.0,0.0,0.0,0.0,0.697561734531,1.064238095238,1.415761904762,1.892263157895
151,001328,登康口腔,21,13.0,8.0,0.0,0.0,0.0,1.051716230809,1.2715,1.514181818182,1.805761904762
152,601009,南京银行,21,15.0,4.0,2.0,0.0,0.0,1.763818529706,1.864761904762,2.034761904762,2.233
153,002271,东方雨虹,21,14.0,7.0,0.0,0.0,0.0,0.047417874787,0.714761904762,0.99380952381,1.232105263158
154,601138,工业富联,21,14.0,7.0,0.0,0.0,0.0,1.7781393321,3.0947,4.20985,5.332157894737
155,601233,桐昆股份,20,15.0,5.0,0.0,0.0,0.0,0.854476994468,2.6345,2.958,3.314736842105
156,000975,山金国际,20,14.0,6.0,0.0,0.0,0.0,1.071823001534,1.8776,2.6485,3.19015
157,000893,亚钾国际,20,17.0,3.0,0.0,0.0,0.0,1.810049570079,3.4275,4.607,5.5035
158,688617,惠泰医疗,20,11.0,9.0,0.0,0.0,0.0,5.798356825076,7.3331,9.20535,11.530789473684
159,603986,兆易创新,20,16.0,4.0,0.0,0.0,0.0,2.341036281434,13.5015,16.8345,18.6215
160,000977,浪潮信息,20,15.0,5.0,0.0,0.0,0.0,1.643108387556,2.742105263158,3.718947368421,4.918333333333
161,601077,渝农商行,20,13.0,7.0,0.0,0.0,0.0,1.067924716034,1.143157894737,1.245263157895,1.354444444444
162,000933,神火股份,20,15.0,5.0,0.0,0.0,0.0,1.780947688155,3.9321,3.99725,4.0508
163,300033,同花顺,20,15.0,5.0,0.0,0.0,0.0,4.258452915989,6.5295,7.7485,8.842105263158
164,002991,甘源食品,20,13.0,7.0,0.0,0.0,0.0,2.236046012935,2.6848,3.191,3.661263157895
165,002709,天赐材料,20,13.0,7.0,0.0,0.0,0.0,0.668077825226,3.210052631579,3.689052631579,4.255578947368
166,002812,恩捷股份,20,16.0,4.0,0.0,0.0,0.0,0.145262050288,2.308333333333,4.042166666667,5.225
167,603993,洛阳钼业,20,14.0,6.0,0.0,0.0,0.0,0.950661677344,1.5585,1.7625,1.974705882353
168,600958,东方证券,20,14.0,6.0,0.0,0.0,0.0,0.663033391157,0.761666666667,0.828888888889,0.916875
169,601128,常熟银行,20,16.0,4.0,0.0,0.0,0.0,1.156568446284,1.345263157895,1.491578947368,1.662777777778
170,600233,圆通速递,20,11.0,9.0,0.0,0.0,0.0,1.262362682629,1.7845,2.0655,2.328947368421
171,603899,晨光股份,20,14.0,6.0,0.0,0.0,0.0,1.430940824634,1.603904761905,1.789428571429,1.980285714286
172,601127,赛力斯,20,15.0,4.0,1.0,0.0,0.0,3.419539867352,3.041047619048,4.837857142857,6.2702
173,600655,豫园股份,20,6.0,14.0,0.0,0.0,0.0,-1.258390547706,0.06545,0.15535,0.229526315789
174,002415,海康威视,20,15.0,5.0,0.0,0.0,0.0,1.548889345254,1.89175,2.15725,2.422894736842
175,000338,潍柴动力,20,16.0,4.0,0.0,0.0,0.0,1.265072378413,1.668,2.033,2.455
176,300413,芒果超媒,20,13.0,7.0,0.0,0.0,0.0,0.655975117447,0.616,0.8,0.872352941176
177,600011,华能国际,20,16.0,4.0,0.0,0.0,0.0,0.91791744892,0.7543,0.83965,0.907315789474
178,600938,中国海油,20,18.0,2.0,0.0,0.0,0.0,2.568527628726,3.4133,3.37495,3.464210526316
179,300454,深信服,20,14.0,6.0,0.0,0.0,0.0,0.910169650918,1.4275,1.8455,2.268947368421
180,002027,分众传媒,20,15.0,5.0,0.0,0.0,0.0,0.204008569108,0.409,0.417,0.443684210526
181,601155,新城控股,20,13.0,7.0,0.0,0.0,0.0,0.301516109039,0.4005,0.541,0.663684210526
182,600754,锦江酒店,20,11.0,9.0,0.0,0.0,0.0,0.869729886582,1.09675,1.2907,1.480421052632
183,603225,新凤鸣,20,16.0,4.0,0.0,0.0,0.0,0.607076534633,1.3845,1.7005,1.985789473684
184,600801,华新建材,20,14.0,5.0,1.0,0.0,0.0,1.372456956017,1.786,2.10145,2.39765
185,603939,益丰药房,19,12.0,7.0,0.0,0.0,0.0,1.384437700161,1.5938,1.81915,2.059578947368
186,002043,兔宝宝,19,11.0,8.0,0.0,0.0,0.0,0.846377292823,0.9515,1.109611111111,1.256117647059
187,300394,天孚通信,19,17.0,2.0,0.0,0.0,0.0,1.849302924021,3.595666666667,5.516666666667,8.165388888889
188,601633,长城汽车,19,14.0,5.0,0.0,0.0,0.0,1.150004664924,1.211526315789,1.551842105263,1.870333333333
189,600926,杭州银行,19,12.0,7.0,0.0,0.0,0.0,2.62508529608,2.835555555556,3.156666666667,3.509444444444
190,603501,豪威集团,19,16.0,3.0,0.0,0.0,0.0,3.216508137406,3.338947368421,4.231052631579,5.093684210526
191,603298,杭叉集团,19,11.0,8.0,0.0,0.0,0.0,1.6730001053,1.846315789474,2.093684210526,2.367222222222
192,300037,新宙邦,19,17.0,2.0,0.0,0.0,0.0,1.455519689614,2.85,3.546111111111,4.263333333333
193,600985,淮北矿业,19,14.0,5.0,0.0,0.0,0.0,0.559170816794,1.163157894737,1.449473684211,1.587368421053
194,301376,致欧科技,19,12.0,7.0,0.0,0.0,0.0,0.834365175179,1.180555555556,1.469666666667,1.746647058824
195,300633,开立医疗,19,13.0,6.0,0.0,0.0,0.0,0.464365963405,0.7295,0.9755,1.245
196,002352,顺丰控股,19,12.0,7.0,0.0,0.0,0.0,2.111408456126,2.405894736842,2.703526315789,3.0365
197,002304,洋河股份,19,11.0,6.0,1.0,1.0,0.0,1.464413780997,1.533,1.722,1.994736842105
198,603893,瑞芯微,19,16.0,3.0,0.0,0.0,0.0,2.457681618921,3.683333333333,4.731666666667,6.051176470588
199,600312,平高电气,19,13.0,6.0,0.0,0.0,0.0,0.825274850894,1.037611111111,1.271277777778,1.4758125
200,603296,华勤技术,19,15.0,4.0,0.0,0.0,0.0,2.674682907317,4.237421052632,5.253526315789,6.482777777778
201,000725,京东方A,19,15.0,4.0,0.0,0.0,0.0,0.158106977778,0.225789473684,0.32,0.436842105263
202,002916,深南电路,19,16.0,3.0,0.0,0.0,0.0,4.80901173856,8.296842105263,11.999473684211,16.053333333333
203,002541,鸿路钢构,19,16.0,3.0,0.0,0.0,0.0,0.914716764691,1.263888888889,1.515555555556,1.796470588235
204,688676,金盘科技,19,13.0,6.0,0.0,0.0,0.0,1.434448555182,1.950944444444,2.751666666667,3.573875
205,603129,春风动力,19,15.0,4.0,0.0,0.0,0.0,10.915696385007,14.880736842105,19.207894736842,23.996777777778
206,000807,云铝股份,19,14.0,5.0,0.0,0.0,0.0,1.745894151947,3.794,4.186052631579,4.374894736842
207,601058,赛轮轮胎,19,17.0,2.0,0.0,0.0,0.0,1.07128518173,1.374263157895,1.644105263158,1.922944444444
208,601168,西部矿业,19,10.0,9.0,0.0,0.0,0.0,1.528613836341,2.886842105263,3.310526315789,3.555
209,002028,思源电气,19,14.0,5.0,0.0,0.0,0.0,4.02536444509,5.393111111111,7.398388888889,9.8665625
210,603170,宝立食品,19,12.0,7.0,0.0,0.0,0.0,0.656485327767,0.758842105263,0.868842105263,0.985166666667
211,001914,招商积余,19,13.0,6.0,0.0,0.0,0.0,0.621207967621,0.909473684211,0.986315789474,1.072222222222
212,600795,国电电力,18,15.0,3.0,0.0,0.0,0.0,0.401523436311,0.348611111111,0.411444444444,0.448117647059
213,300012,华测检测,18,13.0,5.0,0.0,0.0,0.0,0.603993969922,0.702631578947,0.803157894737,0.910555555556
214,601339,百隆东方,18,12.0,6.0,0.0,0.0,0.0,0.437547007047,0.652222222222,0.696666666667,0.755294117647
215,301606,绿联科技,18,13.0,5.0,0.0,0.0,0.0,1.698186955697,2.403166666667,3.168333333333,4.115941176471
216,603766,隆鑫通用,18,16.0,2.0,0.0,0.0,0.0,0.802394346509,1.057166666667,1.263611111111,1.510588235294
217,601985,中国核电,18,13.0,5.0,0.0,0.0,0.0,0.452363409108,0.423333333333,0.481111111111,0.546875
218,000792,盐湖股份,18,12.0,6.0,0.0,0.0,0.0,1.601704445516,2.203333333333,2.471111111111,2.695882352941
219,603697,有友食品,18,14.0,4.0,0.0,0.0,0.0,0.433855902079,0.551111111111,0.665,0.771176470588
220,601390,中国中铁,18,12.0,6.0,0.0,0.0,0.0,0.933162668157,0.904444444444,0.91,0.935555555556
221,688777,中控技术,18,14.0,4.0,0.0,0.0,0.0,0.557993876251,0.938421052632,1.278947368421,1.661111111111
222,301345,涛涛车业,18,13.0,5.0,0.0,0.0,0.0,7.485827309157,11.204888888889,15.091666666667,19.623411764706
223,002050,三花智控,18,12.0,6.0,0.0,0.0,0.0,0.965512822642,1.119705882353,1.315764705882,1.547625
224,002738,中矿资源,18,9.0,9.0,0.0,0.0,0.0,0.627432519471,3.896111111111,5.875,7.43625
225,300015,爱尔眼科,18,12.0,6.0,0.0,0.0,0.0,0.348431303805,0.398315789474,0.459578947368,0.516
226,300502,新易盛,18,16.0,2.0,0.0,0.0,0.0,6.836562334293,16.981529411765,29.033411764706,42.7599375
227,603596,伯特利,18,16.0,2.0,0.0,0.0,0.0,1.458753449455,2.336722222222,2.925055555556,3.511235294118
228,002532,天山铝业,18,13.0,5.0,0.0,0.0,0.0,1.040855652452,1.935333333333,2.072944444444,2.128294117647
229,000811,冰轮环境,18,14.0,4.0,0.0,0.0,0.0,0.568662522021,0.837894736842,1.288947368421,1.721666666667
230,688375,国博电子,18,10.0,8.0,0.0,0.0,0.0,0.851532950116,0.988888888889,1.28,1.659411764706
231,688630,芯碁微装,18,13.0,5.0,0.0,0.0,0.0,1.978995861824,3.999666666667,5.924222222222,8.084555555556
232,300662,科锐国际,18,13.0,5.0,0.0,0.0,0.0,1.593059087893,1.831111111111,2.150555555556,2.522352941176
233,600660,福耀玻璃,18,14.0,4.0,0.0,0.0,0.0,3.568283256885,3.837222222222,4.492222222222,5.182352941176
234,600584,长电科技,18,15.0,3.0,0.0,0.0,0.0,0.874720739784,1.170555555556,1.512777777778,1.849444444444
235,601668,中国建筑,18,15.0,3.0,0.0,0.0,0.0,0.945513863257,0.936666666667,0.957777777778,0.991764705882
236,600901,江苏金租,17,10.0,7.0,0.0,0.0,0.0,0.559499109999,0.619333333333,0.685333333333,0.733571428571
237,600761,安徽合力,17,15.0,2.0,0.0,0.0,0.0,1.374940186204,1.504588235294,1.721588235294,1.9575
238,002967,广电计量,17,13.0,4.0,0.0,0.0,0.0,0.663732098403,0.780588235294,0.918235294118,1.06625
239,000400,许继电气,17,11.0,6.0,0.0,0.0,0.0,1.145871308894,1.285625,1.59,1.828571428571
240,300433,蓝思科技,17,13.0,4.0,0.0,0.0,0.0,0.761133669515,0.952352941176,1.269411764706,1.59125
241,600900,长江电力,17,14.0,3.0,0.0,0.0,0.0,1.410107167464,1.461176470588,1.514117647059,1.550666666667
242,002701,奥瑞金,17,14.0,3.0,0.0,0.0,0.0,0.393277723518,0.489882352941,0.541235294118,0.59
243,601117,中国化学,17,14.0,3.0,0.0,0.0,0.0,1.05414494682,1.155882352941,1.254117647059,1.352941176471
244,603997,继峰股份,17,12.0,5.0,0.0,0.0,0.0,0.356521126752,0.658764705882,0.895235294118,1.1165
245,601872,招商轮船,17,12.0,5.0,0.0,0.0,0.0,0.744574599091,1.814111111111,1.850777777778,1.896
246,000938,紫光股份,17,9.0,8.0,0.0,0.0,0.0,0.589326812213,1.023058823529,1.340058823529,1.7076875
247,688008,澜起科技,17,12.0,5.0,0.0,0.0,0.0,1.831626652932,2.697058823529,3.615294117647,4.731875
248,300378,鼎捷数智,17,15.0,2.0,0.0,0.0,0.0,0.602035432667,0.804117647059,0.955882352941,1.141875
249,688301,奕瑞科技,17,12.0,5.0,0.0,0.0,0.0,2.074001313936,3.095294117647,4.021764705882,5.08375
250,603179,新泉股份,17,14.0,3.0,0.0,0.0,0.0,1.108700575937,1.698235294118,2.200588235294,2.790625
251,600027,华电国际,17,11.0,6.0,0.0,0.0,0.0,0.522772394968,0.471764705882,0.521941176471,0.56525
252,300740,水羊股份,17,9.0,8.0,0.0,0.0,0.0,0.337232196305,0.543125,0.703125,0.838666666667
253,688097,博众精工,17,10.0,7.0,0.0,0.0,0.0,1.328257974917,1.779705882353,2.333705882353,2.98175
254,601166,兴业银行,17,10.0,6.0,1.0,0.0,0.0,3.660611173665,3.56375,3.69,3.879333333333
255,601963,重庆银行,17,10.0,7.0,0.0,0.0,0.0,1.559449639479,1.705294117647,1.882352941176,2.085882352941
256,688615,合合信息,17,13.0,4.0,0.0,0.0,0.0,2.317053924133,3.670588235294,4.662352941176,5.951176470588
257,601225,陕西煤业,17,14.0,3.0,0.0,0.0,0.0,1.729217449031,2.135882352941,2.292941176471,2.431875
258,600988,赤峰黄金,17,9.0,8.0,0.0,0.0,0.0,1.621947832849,2.721764705882,3.241176470588,3.986875
259,601918,新集能源,17,13.0,4.0,0.0,0.0,0.0,0.824573690708,0.947647058824,1.034705882353,1.081176470588
260,920982,锦波生物,17,12.0,5.0,0.0,0.0,0.0,5.667466572471,6.473117647059,7.742823529412,9.30175
261,603799,华友钴业,16,9.0,7.0,0.0,0.0,0.0,3.226981759167,4.29375,5.585625,6.555625
262,688411,海博思创,16,12.0,4.0,0.0,0.0,0.0,5.213342887935,11.214,17.866666666667,22.937857142857
263,002601,龙佰集团,16,10.0,6.0,0.0,0.0,0.0,0.521995137103,0.709375,1.103125,1.357857142857
264,002202,金风科技,16,10.0,6.0,0.0,0.0,0.0,0.656840788057,1.068428571429,1.362714285714,1.626230769231
265,603529,爱玛科技,16,13.0,3.0,0.0,0.0,0.0,2.354069543941,2.024,2.473176470588,2.7374
266,000858,五粮液,16,14.0,1.0,0.0,1.0,0.0,2.306842213582,4.249411764706,4.709411764706,5.085
267,601886,江河集团,16,14.0,2.0,0.0,0.0,0.0,0.538607169902,0.737333333333,0.85,0.959333333333
268,002865,钧达股份,16,10.0,6.0,0.0,0.0,0.0,-4.548482959009,0.990466666667,2.954466666667,4.405285714286
269,603833,欧派家居,16,11.0,4.0,1.0,0.0,0.0,3.296470962976,3.402222222222,3.636666666667,3.844375
270,601319,中国人保,16,10.0,6.0,0.0,0.0,0.0,1.054766867148,1.148461538462,1.276153846154,1.410833333333
271,603786,科博达,16,12.0,4.0,0.0,0.0,0.0,2.053675456641,2.2938125,2.8865625,3.564466666667
272,601021,春秋航空,16,12.0,4.0,0.0,0.0,0.0,2.368723809817,2.1679375,3.069375,3.8696
273,001221,悍高集团,16,10.0,6.0,0.0,0.0,0.0,1.758725524862,2.1078,2.58,2.995692307692
274,688256,寒武纪,16,12.0,4.0,0.0,0.0,0.0,3.274573291215,9.97875,20.383125,33.980625
275,002595,豪迈科技,16,7.0,9.0,0.0,0.0,0.0,2.063214545431,3.48125,4.16875,4.915333333333
276,300666,江丰电子,16,14.0,2.0,0.0,0.0,0.0,1.809983260674,3.1715,4.3105625,5.789866666667
277,605090,九丰能源,16,12.0,4.0,0.0,0.0,0.0,2.09437753179,2.3791875,2.5745625,3.2700625
278,600999,招商证券,16,9.0,7.0,0.0,0.0,0.0,1.420052275401,2.200625,2.0275,2.165714285714
279,601988,中国银行,16,5.0,10.0,1.0,0.0,0.0,0.754226066686,0.7575,0.790625,0.828
280,601636,旗滨集团,16,7.0,9.0,0.0,0.0,0.0,0.209233014006,0.213125,0.351875,0.47
281,002966,苏州银行,16,14.0,2.0,0.0,0.0,0.0,1.196311244474,1.284,1.396,1.523571428571
282,601126,四方股份,16,11.0,5.0,0.0,0.0,0.0,0.995036549609,1.176,1.38,1.674615384615
283,002311,海大集团,16,11.0,5.0,0.0,0.0,0.0,2.584014615608,2.6575,3.6225,4.196
284,600223,福瑞达,16,10.0,6.0,0.0,0.0,0.0,0.184691414341,0.224375,0.274375,0.335
285,002959,小熊电器,16,8.0,8.0,0.0,0.0,0.0,2.518975394476,2.378125,2.666875,2.917333333333
286,300144,宋城演艺,16,8.0,8.0,0.0,0.0,0.0,0.31341882521,0.331875,0.360625,0.384666666667
287,688696,极米科技,16,9.0,7.0,0.0,0.0,0.0,2.048648194373,4.401176470588,5.738235294118,6.945294117647
288,000739,普洛药业,16,10.0,6.0,0.0,0.0,0.0,0.768857470154,0.908823529412,1.084117647059,1.324375
289,601156,东航物流,16,10.0,6.0,0.0,0.0,0.0,1.693197490992,1.7691875,2.0615625,2.272466666667
290,002508,老板电器,15,10.0,4.0,1.0,0.0,0.0,1.328983302368,1.410625,1.495,1.586
291,300487,蓝晓科技,15,11.0,4.0,0.0,0.0,0.0,1.762002994295,2.156,2.663333333333,3.267142857143
292,600699,均胜电子,15,11.0,4.0,0.0,0.0,0.0,0.861391087619,1.129333333333,1.340666666667,1.555384615385
293,300073,当升科技,15,9.0,6.0,0.0,0.0,0.0,1.161744189499,2.050769230769,2.597692307692,3.216666666667
294,300408,三环集团,15,8.0,7.0,0.0,0.0,0.0,1.311343692531,1.882,2.447333333333,3.039285714286
295,002299,圣农发展,15,11.0,4.0,0.0,0.0,0.0,1.11046943897,0.974,1.324,1.542142857143
296,688503,聚和材料,15,11.0,4.0,0.0,0.0,0.0,1.73397711024,2.422357142857,3.0765,4.050923076923
297,601998,中信银行,15,7.0,8.0,0.0,0.0,0.0,1.269077079243,1.277857142857,1.337142857143,1.405714285714
298,002572,索菲亚,15,9.0,6.0,0.0,0.0,0.0,0.935865217438,1.005875,1.0921875,1.235133333333
299,601800,中国交建,15,12.0,3.0,0.0,0.0,0.0,0.909804442045,0.954,0.98,1.021333333333
300,688692,达梦数据,15,11.0,4.0,0.0,0.0,0.0,4.562167480749,5.85,7.493333333333,9.434285714286
301,000100,TCL科技,15,14.0,1.0,0.0,0.0,0.0,0.205809548535,0.337857142857,0.5,0.657142857143
302,300298,三诺生物,15,10.0,5.0,0.0,0.0,0.0,0.166381506723,0.706533333333,0.871066666667,1.043071428571
303,688536,思瑞浦,15,9.0,6.0,0.0,0.0,0.0,1.25287867941,3.308,4.936666666667,6.714615384615
304,000625,长安汽车,15,14.0,1.0,0.0,0.0,0.0,0.411102795422,0.530666666667,0.691333333333,0.789230769231
305,688208,道通科技,15,13.0,2.0,0.0,0.0,0.0,1.396440015717,1.719285714286,2.197857142857,2.59
306,688778,厦钨新能,15,12.0,3.0,0.0,0.0,0.0,1.495631139554,2.109142857143,2.600571428571,3.08225
307,300751,迈为股份,15,9.0,5.0,1.0,0.0,0.0,2.587346243813,2.972933333333,4.347466666667,6.221416666667
308,300450,先导智能,15,12.0,3.0,0.0,0.0,0.0,0.934032874274,1.533333333333,2.006666666667,2.5
309,605016,百龙创园,15,13.0,2.0,0.0,0.0,0.0,0.877474819643,1.169333333333,1.519333333333,1.936
310,002468,申通快递,15,9.0,6.0,0.0,0.0,0.0,0.894061327857,1.408666666667,1.644,1.904615384615
311,003816,中国广核,15,10.0,5.0,0.0,0.0,0.0,0.193377971453,0.209333333333,0.232533333333,0.250071428571
312,002539,云图控股,15,11.0,4.0,0.0,0.0,0.0,0.684824942519,1.061333333333,1.341333333333,1.601333333333
313,600143,金发科技,15,9.0,6.0,0.0,0.0,0.0,0.430133502607,0.664,0.875333333333,1.055333333333
314,002273,水晶光电,15,11.0,4.0,0.0,0.0,0.0,0.843083874209,1.034666666667,1.256,1.55
315,605599,菜百股份,15,13.0,2.0,0.0,0.0,0.0,1.456799569286,1.557142857143,1.766428571429,1.926153846154
316,603365,水星家纺,15,13.0,2.0,0.0,0.0,0.0,1.549852015743,1.735,1.93875,2.1575
317,605060,联德股份,15,11.0,4.0,0.0,0.0,0.0,0.946435477841,1.369333333333,1.899333333333,2.645384615385
318,600000,浦发银行,15,7.0,7.0,1.0,0.0,0.0,1.501748718933,1.523333333333,1.626666666667,1.741428571429
319,603737,三棵树,15,6.0,9.0,0.0,0.0,0.0,0.875227181052,1.4588,1.828,2.186769230769
320,600026,中远海能,15,11.0,4.0,0.0,0.0,0.0,0.737918639152,2.246466666667,2.372266666667,2.359428571429
321,300776,帝尔激光,15,15.0,0.0,0.0,0.0,0.0,1.820338728958,2.341333333333,2.871266666667,3.483133333333
322,601825,沪农商行,15,8.0,6.0,1.0,0.0,0.0,1.276675403152,1.298,1.325333333333,1.364666666667
323,301078,孩子王,15,5.0,10.0,0.0,0.0,0.0,0.235373184335,0.33625,0.418125,0.512666666667
324,002154,报喜鸟,15,10.0,5.0,0.0,0.0,0.0,0.234180678442,0.32375,0.370625,0.42
325,688475,萤石网络,15,11.0,4.0,0.0,0.0,0.0,0.719462791086,0.931333333333,1.114,1.304285714286
326,600941,中国移动,15,12.0,3.0,0.0,0.0,0.0,6.321466598079,6.108133333333,6.275133333333,6.541785714286
327,688608,恒玄科技,15,11.0,3.0,1.0,0.0,0.0,2.507529712883,3.586666666667,5.1766,7.061533333333
328,000528,柳工,15,14.0,1.0,0.0,0.0,0.0,0.788613738428,0.948333333333,1.188666666667,1.421285714286
329,603883,老百姓,14,8.0,6.0,0.0,0.0,0.0,0.503164456315,0.724285714286,0.827142857143,0.946923076923
330,601398,工商银行,14,7.0,7.0,0.0,0.0,0.0,1.034106423973,1.043076923077,1.076923076923,1.120833333333
331,000902,新洋丰,14,12.0,2.0,0.0,0.0,0.0,1.284976124283,1.345714285714,1.563571428571,1.82
332,688313,仕佳光子,14,12.0,2.0,0.0,0.0,0.0,0.823539320065,1.6895,2.994214285714,4.784923076923
333,002597,金禾实业,14,10.0,4.0,0.0,0.0,0.0,0.610678725054,1.197692307692,1.478461538462,1.7
334,601933,永辉超市,14,4.0,10.0,0.0,0.0,0.0,-0.285975496759,0.010714285714,0.061428571429,0.104615384615
335,000768,中航西飞,14,9.0,5.0,0.0,0.0,0.0,0.414024388575,0.445,0.510714285714,0.596428571429
336,301363,美好医疗,14,12.0,2.0,0.0,0.0,0.0,0.355644180787,0.555714285714,0.701428571429,0.849285714286
337,002475,立讯精密,14,10.0,4.0,0.0,0.0,0.0,2.145276688037,2.881428571429,3.781428571429,4.698333333333
338,300416,苏试试验,14,10.0,4.0,0.0,0.0,0.0,0.506231220532,0.61,0.733846153846,0.894166666667
339,000960,锡业股份,14,8.0,6.0,0.0,0.0,0.0,1.194932143113,2.255,2.475714285714,2.59
340,300418,昆仑万维,14,8.0,6.0,0.0,0.0,0.0,-1.239443993176,-0.301428571429,0.001428571429,0.519285714286
341,000408,藏格矿业,14,11.0,3.0,0.0,0.0,0.0,2.455425466016,5.185714285714,6.328142857143,7.413071428571
342,000683,博源化工,14,11.0,3.0,0.0,0.0,0.0,0.253487276378,0.486428571429,0.604285714286,0.690769230769
343,002032,苏泊尔,14,12.0,1.0,1.0,0.0,0.0,2.621207858654,2.675714285714,2.847857142857,3.006923076923
344,600028,中国石化,14,13.0,1.0,0.0,0.0,0.0,0.263046224816,0.362857142857,0.413571428571,0.458571428571
345,600418,江淮汽车,14,12.0,2.0,0.0,0.0,0.0,-0.75529677209,0.556,2.452666666667,3.796153846154
346,600487,亨通光电,14,11.0,3.0,0.0,0.0,0.0,1.086716571877,2.979166666667,3.549166666667,4.207
347,600183,生益科技,14,11.0,3.0,0.0,0.0,0.0,1.372560453118,2.774285714286,4.314285714286,5.785714285714
348,002507,涪陵榨菜,14,9.0,5.0,0.0,0.0,0.0,0.665587463543,0.69,0.725,0.760769230769
349,000951,中国重汽,14,12.0,2.0,0.0,0.0,0.0,1.424984969101,1.721428571429,2.056428571429,2.403846153846
350,601108,财通证券,14,11.0,3.0,0.0,0.0,0.0,0.566836335513,0.654615384615,0.714615384615,0.781666666667
351,600570,恒生电子,14,12.0,2.0,0.0,0.0,0.0,0.650164588529,0.732857142857,0.855714285714,1.0075
352,002008,大族激光,14,11.0,3.0,0.0,0.0,0.0,1.155478247261,2.634285714286,4.074285714286,5.474615384615
353,688017,绿的谐波,14,3.0,11.0,0.0,0.0,0.0,0.678376854704,1.048866666667,1.544733333333,2.141857142857
354,002602,世纪华通,14,12.0,2.0,0.0,0.0,0.0,0.760468400289,1.215714285714,1.461428571429,1.636923076923
355,300973,立高食品,14,11.0,3.0,0.0,0.0,0.0,1.799366513164,1.843571428571,2.226428571429,2.549230769231
356,600933,爱柯迪,14,11.0,3.0,0.0,0.0,0.0,1.137327736962,1.308571428571,1.575,1.8625
357,603233,大参林,14,8.0,6.0,0.0,0.0,0.0,1.08463916436,1.294133333333,1.472866666667,1.667214285714
358,688775,影石创新,14,8.0,6.0,0.0,0.0,0.0,2.316456410923,2.4494,4.1528,6.3642
359,300855,图南股份,14,11.0,3.0,0.0,0.0,0.0,0.39260117844,1.092857142857,1.41,1.767857142857
360,603338,浙江鼎力,14,9.0,5.0,0.0,0.0,0.0,3.750789281552,4.217142857143,4.95,5.653846153846
361,603199,九华旅游,14,7.0,7.0,0.0,0.0,0.0,1.922887054301,2.112857142857,2.442857142857,2.795
362,603713,密尔克卫,14,10.0,4.0,0.0,0.0,0.0,3.599876406376,4.462857142857,5.333571428571,6.27
363,688521,芯原股份,14,12.0,2.0,0.0,0.0,0.0,-1.00360904957,0.378666666667,1.353466666667,2.787230769231
364,002315,焦点科技,14,11.0,3.0,0.0,0.0,0.0,1.22106638184,1.672142857143,2.058571428571,2.433846153846
365,002627,三峡旅游,14,10.0,4.0,0.0,0.0,0.0,0.090587564146,0.236428571429,0.315,0.398461538462
366,300673,佩蒂股份,14,8.0,6.0,0.0,0.0,0.0,0.467715139134,0.515714285714,0.689285714286,0.81
367,300347,泰格医药,14,10.0,4.0,0.0,0.0,0.0,1.031200015737,1.247142857143,1.54,2.025
368,603659,璞泰来,14,11.0,3.0,0.0,0.0,0.0,1.100210501437,1.519230769231,1.990769230769,2.505833333333
369,002948,青岛银行,14,10.0,4.0,0.0,0.0,0.0,0.891310108404,1.022307692308,1.194615384615,1.385384615385
370,600066,宇通客车,14,10.0,4.0,0.0,0.0,0.0,2.508868316346,2.748571428571,3.086428571429,3.474615384615
371,300677,英科医疗,14,11.0,3.0,0.0,0.0,0.0,1.54363487447,3.3766,4.102266666667,4.95
372,300395,菲利华,14,11.0,3.0,0.0,0.0,0.0,0.842988662015,1.570769230769,2.37,2.9775
373,300693,盛弘股份,14,9.0,5.0,0.0,0.0,0.0,1.522118339541,1.948571428571,2.491428571429,3.061538461538
374,688266,泽璟制药,14,10.0,4.0,0.0,0.0,0.0,-0.615569053728,2.010666666667,1.435333333333,2.176
375,001301,尚太科技,14,11.0,3.0,0.0,0.0,0.0,2.594013177147,3.606923076923,5.738461538462,7.31
376,688278,特宝生物,14,11.0,3.0,0.0,0.0,0.0,2.526366560402,3.090076923077,3.921,4.808076923077
377,002384,东山精密,13,12.0,1.0,0.0,0.0,0.0,0.756748747395,4.0,8.396153846154,14.155555555556
378,603197,保隆科技,13,9.0,4.0,0.0,0.0,0.0,0.993685692508,1.85,2.266153846154,2.71
379,002025,航天电器,13,9.0,4.0,0.0,0.0,0.0,0.402728705789,0.845384615385,1.29,1.509166666667
380,600483,福能股份,13,9.0,4.0,0.0,0.0,0.0,1.063678687576,1.022307692308,1.133076923077,1.306666666667
381,600763,通策医疗,13,8.0,5.0,0.0,0.0,0.0,1.122195432915,1.345642857143,1.5155,1.714538461538
382,601808,中海油服,13,10.0,3.0,0.0,0.0,0.0,0.805127715236,0.937615384615,1.035307692308,1.133416666667
383,300119,瑞普生物,13,10.0,3.0,0.0,0.0,0.0,0.861773917444,0.974166666667,1.198333333333,1.485454545455
384,601857,中国石油,13,10.0,3.0,0.0,0.0,0.0,0.859475246365,0.998461538462,1.003076923077,1.030769230769
385,000983,山西焦煤,13,8.0,5.0,0.0,0.0,0.0,0.211511998168,0.508461538462,0.56,0.603076923077
386,600563,法拉电子,13,9.0,4.0,0.0,0.0,0.0,5.298579289911,5.990833333333,7.041818181818,8.363
387,601799,星宇股份,13,11.0,2.0,0.0,0.0,0.0,5.685010865588,6.646153846154,8.304166666667,9.996666666667
388,300124,汇川技术,13,10.0,3.0,0.0,0.0,0.0,1.864954463597,2.216076923077,2.664153846154,3.186692307692
389,688212,澳华内镜,13,8.0,5.0,0.0,0.0,0.0,0.085039876063,0.321428571429,0.712857142857,1.11
390,688099,晶晨股份,13,11.0,2.0,0.0,0.0,0.0,2.062232678969,3.417692307692,4.575384615385,5.960769230769
391,605377,华旺科技,13,10.0,3.0,0.0,0.0,0.0,0.486617271447,0.601,0.675615384615,0.723333333333
392,605099,共创草坪,13,9.0,4.0,0.0,0.0,0.0,1.658147512215,1.920833333333,2.236666666667,2.603
393,001323,慕思股份,13,8.0,4.0,1.0,0.0,0.0,1.23087361079,1.155428571429,1.301357142857,1.491615384615
394,600256,广汇能源,13,9.0,4.0,0.0,0.0,0.0,0.210460878381,0.499230769231,0.602307692308,0.72
395,688351,微电生理,13,9.0,3.0,1.0,0.0,0.0,0.108547174331,0.138571428571,0.198571428571,0.276153846154
396,603885,吉祥航空,13,9.0,4.0,0.0,0.0,0.0,0.479315747955,0.410846153846,0.821615384615,1.16875
397,603379,三美股份,13,10.0,3.0,0.0,0.0,0.0,3.376268490363,4.320769230769,5.246923076923,6.074615384615
398,688686,奥普特,13,6.0,7.0,0.0,0.0,0.0,1.523120636316,2.087307692308,2.883538461538,3.681583333333
399,688213,思特威,13,11.0,2.0,0.0,0.0,0.0,2.488764426972,3.4975,4.564166666667,5.955833333333
400,688981,中芯国际,13,11.0,2.0,0.0,0.0,0.0,0.588797915999,0.892727272727,1.116363636364,1.357272727273
401,002653,海思科,13,8.0,5.0,0.0,0.0,0.0,0.2275234383,0.888461538462,0.753846153846,0.926923076923
402,600612,老凤祥,13,9.0,4.0,0.0,0.0,0.0,3.354816022612,2.997692307692,3.213846153846,3.353
403,601699,潞安环能,13,7.0,6.0,0.0,0.0,0.0,0.372785731003,1.203076923077,1.395384615385,1.535384615385
404,002074,国轩高科,13,7.0,6.0,0.0,0.0,0.0,1.313296223429,1.090916666667,1.624583333333,2.251
405,600893,航发动力,13,8.0,5.0,0.0,0.0,0.0,0.237968760495,0.226153846154,0.293076923077,0.366153846154
406,600674,川投能源,13,10.0,3.0,0.0,0.0,0.0,0.975288569366,1.041384615385,1.108,1.156083333333
407,002216,三全食品,13,9.0,4.0,0.0,0.0,0.0,0.619697515633,0.684615384615,0.733076923077,0.7825
408,601229,上海银行,13,7.0,6.0,0.0,0.0,0.0,1.702677742513,1.719230769231,1.769230769231,1.832307692308
409,601186,中国铁建,13,7.0,6.0,0.0,0.0,0.0,1.352226656548,1.305384615385,1.363076923077,1.423076923077
410,002327,富安娜,13,8.0,4.0,1.0,0.0,0.0,0.403494595431,0.458571428571,0.515714285714,0.573076923077
411,688599,天合光能,13,8.0,5.0,0.0,0.0,0.0,-3.001213062161,-0.031333333333,0.939083333333,1.861454545455
412,601288,农业银行,13,7.0,6.0,0.0,0.0,0.0,0.831586025126,0.8425,0.880833333333,0.937272727273
413,002841,视源股份,13,7.0,6.0,0.0,0.0,0.0,1.449463606225,2.108461538462,2.434615384615,2.834615384615
414,600535,天士力,13,11.0,2.0,0.0,0.0,0.0,0.739624433235,0.855,0.968571428571,1.118571428571
415,601666,平煤股份,13,7.0,6.0,0.0,0.0,0.0,0.093672726312,0.572307692308,0.696923076923,0.775
416,002230,科大讯飞,13,9.0,4.0,0.0,0.0,0.0,0.349443364468,0.463076923077,0.616153846154,0.786666666667
417,300146,汤臣倍健,13,5.0,7.0,1.0,0.0,0.0,0.462352168486,0.420769230769,0.471538461538,0.520833333333
418,300476,胜宏科技,13,10.0,3.0,0.0,0.0,0.0,4.387520256075,9.609230769231,16.441538461539,24.285384615385
419,002484,江海股份,13,9.0,4.0,0.0,0.0,0.0,0.793151372549,1.064615384615,1.362307692308,1.781666666667
420,601579,会稽山,13,8.0,5.0,0.0,0.0,0.0,0.510239955663,0.625384615385,0.761538461538,0.896153846154
421,688498,源杰科技,13,8.0,5.0,0.0,0.0,0.0,1.533521715762,9.2125,15.0375,22.060909090909
422,603171,税友股份,13,8.0,5.0,0.0,0.0,0.0,0.33528657712,0.609230769231,0.876153846154,1.204166666667
423,688331,荣昌生物,13,11.0,2.0,0.0,0.0,0.0,1.257179991252,6.468214285714,1.6335,2.135846153846
424,603558,健盛集团,13,10.0,3.0,0.0,0.0,0.0,1.1817765182,1.139230769231,1.269230769231,1.4075
425,000538,云南白药,13,7.0,6.0,0.0,0.0,0.0,2.888300651622,3.116666666667,3.367333333333,3.642142857143
426,600435,北方导航,13,10.0,3.0,0.0,0.0,0.0,0.079750280031,0.1025,0.136666666667,0.178333333333
427,603477,巨星农牧,13,6.0,7.0,0.0,0.0,0.0,0.058020054888,-0.257692307692,1.340769230769,1.816666666667
428,002895,川恒股份,13,10.0,3.0,0.0,0.0,0.0,2.080055659828,2.493846153846,2.958461538462,3.49
429,688235,百济神州,13,11.0,2.0,0.0,0.0,0.0,0.947107589436,3.228052785714,5.3279605,6.983257230769
430,002245,蔚蓝锂芯,13,7.0,6.0,0.0,0.0,0.0,0.415519221684,0.795083333333,1.155083333333,1.5131
431,300596,利安隆,13,9.0,4.0,0.0,0.0,0.0,2.162543297522,2.697692307692,3.179230769231,3.679166666667
432,300953,震裕科技,13,9.0,4.0,0.0,0.0,0.0,2.106180568351,5.481538461538,7.803076923077,10.073
433,002258,利尔化学,13,9.0,4.0,0.0,0.0,0.0,0.598132030548,0.766153846154,0.943076923077,1.091666666667
434,688114,华大智造,13,9.0,4.0,0.0,0.0,0.0,-0.533330540204,-0.023571428571,0.241428571429,0.526923076923
435,688392,骄成超声,13,9.0,4.0,0.0,0.0,0.0,1.015671817357,2.151230769231,3.252692307692,4.587166666667
436,300761,立华股份,13,9.0,4.0,0.0,0.0,0.0,0.682691830873,0.853076923077,2.064615384615,2.275384615385
437,002461,珠江啤酒,13,8.0,5.0,0.0,0.0,0.0,0.408345501342,0.444285714286,0.479285714286,0.512307692308
438,002984,森麒麟,13,11.0,2.0,0.0,0.0,0.0,1.085431642827,1.230769230769,1.660769230769,2.058333333333
439,000999,华润三九,13,9.0,4.0,0.0,0.0,0.0,2.055621021836,2.191923076923,2.424384615385,2.64375
440,603871,嘉友国际,13,8.0,5.0,0.0,0.0,0.0,0.834114923175,1.043615384615,1.173153846154,1.314583333333
441,000799,酒鬼酒,13,6.0,6.0,1.0,0.0,0.0,-0.104489983473,0.131538461538,0.230769230769,0.3725
442,603127,昭衍新药,13,9.0,4.0,0.0,0.0,0.0,0.397466811251,0.682307692308,0.790769230769,1.099166666667
443,603590,康辰药业,13,11.0,2.0,0.0,0.0,0.0,1.04374843508,1.162857142857,1.352857142857,1.618571428571
444,603658,安图生物,13,10.0,3.0,0.0,0.0,0.0,1.869041259741,1.980571428571,2.260785714286,2.598538461538
445,600150,中国船舶,13,11.0,2.0,0.0,0.0,0.0,1.042887742816,2.516846153846,3.415923076923,4.226076923077
446,603308,应流股份,13,10.0,3.0,0.0,0.0,0.0,0.478617873947,0.885,1.308857142857,1.95925
447,600406,国电南瑞,12,10.0,2.0,0.0,0.0,0.0,1.030779765037,1.140909090909,1.278181818182,1.442222222222
448,002317,众生药业,12,10.0,2.0,0.0,0.0,0.0,0.324444088466,0.35,0.415,0.530909090909
449,300438,鹏辉能源,12,9.0,3.0,0.0,0.0,0.0,0.409308115736,3.782727272727,5.918181818182,7.826363636364
450,300001,特锐德,12,6.0,6.0,0.0,0.0,0.0,1.177894658822,1.435454545455,1.772727272727,2.108888888889
451,002705,新宝股份,12,9.0,3.0,0.0,0.0,0.0,1.230937984589,0.994615384615,1.239230769231,1.443333333333
452,002706,良信股份,12,8.0,4.0,0.0,0.0,0.0,0.236138687624,0.289818181818,0.391636363636,0.5404
453,600378,昊华科技,12,5.0,7.0,0.0,0.0,0.0,1.119742221668,1.621666666667,1.919166666667,2.206363636364
454,600104,上汽集团,12,9.0,3.0,0.0,0.0,0.0,0.879126255701,1.040833333333,1.173333333333,1.29
455,301371,敷尔佳,12,6.0,6.0,0.0,0.0,0.0,0.8318965957,0.971666666667,1.125833333333,1.269
456,600732,爱旭股份,12,8.0,4.0,0.0,0.0,0.0,-0.861362564686,0.133545454545,0.595545454545,1.0364
457,600285,羚锐制药,12,7.0,5.0,0.0,0.0,0.0,1.339238746392,1.492769230769,1.675076923077,1.863692307692
458,603456,九洲药业,12,7.0,5.0,0.0,0.0,0.0,0.828019810647,0.929090909091,1.045454545455,1.217
459,600729,重百集团,12,9.0,3.0,0.0,0.0,0.0,2.37357732254,2.034166666667,2.2325,2.477272727273
460,688223,晶科能源,12,7.0,5.0,0.0,0.0,0.0,-0.670097969214,-0.050454545455,0.216272727273,0.3908
461,600323,瀚蓝环境,12,9.0,3.0,0.0,0.0,0.0,2.419908491984,2.8075,3.116666666667,3.285454545455
462,601006,大秦铁路,12,4.0,8.0,0.0,0.0,0.0,0.29704376623,0.359333333333,0.387416666667,0.416909090909
463,600012,皖通高速,12,6.0,6.0,0.0,0.0,0.0,1.098825244874,1.217,1.191416666667,1.232454545455
464,688036,传音控股,12,12.0,0.0,0.0,0.0,0.0,2.241723096621,3.11,4.236666666667,5.43
465,688100,威胜信息,12,9.0,3.0,0.0,0.0,0.0,1.355068158238,1.495545454545,1.788454545455,2.1749
466,301061,匠心家居,12,8.0,4.0,0.0,0.0,0.0,3.015073080094,4.603333333333,5.549583333333,6.4488
467,002906,华阳集团,12,8.0,4.0,0.0,0.0,0.0,1.489003933332,1.815,2.224166666667,2.665454545455
468,688131,皓元医药,12,8.0,4.0,0.0,0.0,0.0,1.124617570112,1.582727272727,2.228181818182,3.045
469,301035,润丰股份,12,10.0,2.0,0.0,0.0,0.0,2.865587960257,3.968333333333,4.940833333333,6.052727272727
470,601208,东材科技,12,9.0,3.0,0.0,0.0,0.0,0.282562490198,0.729166666667,1.2225,1.7825
471,601965,中国汽研,12,9.0,3.0,0.0,0.0,0.0,1.054883683087,1.145,1.3675,1.650909090909
472,000963,华东医药,12,11.0,1.0,0.0,0.0,0.0,1.94689147936,2.15025,2.326416666667,2.606909090909
473,600115,中国东航,12,6.0,6.0,0.0,0.0,0.0,-0.073932427953,0.02,0.275833333333,0.427272727273
474,600875,东方电气,12,11.0,1.0,0.0,0.0,0.0,1.107837489728,1.355454545455,1.633636363636,1.911
475,688072,拓荆科技,12,9.0,3.0,0.0,0.0,0.0,3.1880666217,6.8875,9.621666666667,13.242727272727
476,601001,晋控煤业,12,8.0,4.0,0.0,0.0,0.0,1.09426857009,1.401916666667,1.549083333333,1.669083333333
477,603268,松发股份,12,9.0,3.0,0.0,0.0,0.0,2.605834493637,7.71,14.5325,20.001818181818
478,605589,圣泉集团,12,7.0,5.0,0.0,0.0,0.0,1.189230339791,1.536666666667,1.955833333333,2.427272727273
479,600422,昆药集团,12,7.0,5.0,0.0,0.0,0.0,0.46228792335,0.294846153846,0.481769230769,0.577083333333
480,300415,伊之密,12,9.0,3.0,0.0,0.0,0.0,1.51240719757,1.729166666667,2.085833333333,2.425454545455
481,688563,航材股份,12,8.0,4.0,0.0,0.0,0.0,1.193261904496,1.305454545455,1.482727272727,1.693636363636
482,688628,优利德,12,8.0,4.0,0.0,0.0,0.0,1.353039780191,2.145,2.84,3.555
483,301200,大族数控,12,6.0,6.0,0.0,0.0,0.0,1.685592782344,4.033636363636,6.270909090909,8.713636363636
484,002928,华夏航空,12,9.0,3.0,0.0,0.0,0.0,0.489665165586,0.289166666667,0.65,0.885
485,688037,芯源微,12,8.0,4.0,0.0,0.0,0.0,0.355386794148,1.084166666667,2.080833333333,3.401666666667
486,688188,柏楚电子,12,8.0,4.0,0.0,0.0,0.0,2.743255983285,3.989166666667,5.006666666667,6.378181818182
487,002422,科伦药业,12,9.0,3.0,0.0,0.0,0.0,1.069874024436,1.271818181818,1.538181818182,1.843
488,603027,千禾味业,12,6.0,6.0,0.0,0.0,0.0,0.261190345261,0.360083333333,0.41525,0.467818181818
489,688150,莱特光电,12,9.0,3.0,0.0,0.0,0.0,0.544574919462,0.825833333333,1.2125,1.71625
490,002179,中航光电,12,11.0,1.0,0.0,0.0,0.0,1.029175460677,1.174166666667,1.4075,1.678333333333
491,300824,北鼎股份,12,6.0,6.0,0.0,0.0,0.0,0.347917723854,0.381666666667,0.445,0.511818181818
492,601816,京沪高铁,12,8.0,4.0,0.0,0.0,0.0,0.269222881048,0.284166666667,0.3075,0.327272727273
493,601377,兴业证券,12,7.0,5.0,0.0,0.0,0.0,0.33237196418,0.434545454545,0.484545454545,0.539090909091
494,001339,智微智能,12,8.0,4.0,0.0,0.0,0.0,0.522714688528,2.19,2.9975,4.12
495,600547,山东黄金,12,9.0,3.0,0.0,0.0,0.0,1.02808363881,2.0225,2.513333333333,2.823636363636
496,601995,中金公司,12,8.0,4.0,0.0,0.0,0.0,2.028177235378,2.569166666667,2.845833333333,3.1175
497,688702,盛科通信,12,5.0,7.0,0.0,0.0,0.0,-0.365718035634,0.131,0.95025,2.708888888889
498,300791,仙乐健康,12,7.0,5.0,0.0,0.0,0.0,0.442958965242,1.121666666667,1.438333333333,1.764545454545
499,002430,杭氧股份,11,9.0,2.0,0.0,0.0,0.0,0.969841351597,1.172636363636,1.355090909091,1.540444444444
500,601939,建设银行,11,5.0,6.0,0.0,0.0,0.0,1.295510343333,1.321818181818,1.370909090909,1.431818181818
501,688428,诺诚健华,11,9.0,2.0,0.0,0.0,0.0,0.363159087581,0.166,0.124363636364,0.2815
502,688363,华熙生物,11,6.0,5.0,0.0,0.0,0.0,0.606335391832,0.804545454545,0.977272727273,1.129
503,688388,嘉元科技,11,10.0,1.0,0.0,0.0,0.0,0.086413221153,1.574545454545,2.580909090909,3.312
504,002518,科士达,11,6.0,5.0,0.0,0.0,0.0,1.049229637618,1.459,1.979,2.526666666667
505,601528,瑞丰银行,11,8.0,3.0,0.0,0.0,0.0,1.00187324295,1.021818181818,1.055454545455,1.100909090909
506,600862,中航高科,11,8.0,3.0,0.0,0.0,0.0,0.739975839875,0.740909090909,0.844545454545,0.971818181818
507,601111,中国国航,11,6.0,5.0,0.0,0.0,0.0,-0.086391983774,0.006363636364,0.340545454545,0.562818181818
508,002294,信立泰,11,8.0,3.0,0.0,0.0,0.0,0.584405347011,0.710909090909,0.881818181818,1.12475
509,603848,好太太,11,7.0,4.0,0.0,0.0,0.0,0.505018271387,0.585833333333,0.670833333333,0.771
510,300910,瑞丰新材,11,7.0,4.0,0.0,0.0,0.0,1.922485225932,2.573636363636,3.097272727273,3.771
511,601665,齐鲁银行,11,8.0,3.0,0.0,0.0,0.0,0.928442997491,1.022727272727,1.160909090909,1.312727272727
512,688083,中望软件,11,9.0,2.0,0.0,0.0,0.0,0.122286409096,0.538333333333,0.830833333333,1.086363636364
513,601012,隆基绿能,11,8.0,3.0,0.0,0.0,0.0,-0.847123022828,-0.048,0.396,0.743
514,605020,永和股份,11,8.0,3.0,0.0,0.0,0.0,1.099473659347,1.873636363636,2.268181818182,2.660909090909
515,600750,华润江中,11,8.0,3.0,0.0,0.0,0.0,1.42653031727,1.539166666667,1.701666666667,1.871818181818
516,688120,华海清科,11,7.0,4.0,0.0,0.0,0.0,2.183689784384,3.426363636364,4.488181818182,5.847272727273
517,600733,北汽蓝谷,11,9.0,2.0,0.0,0.0,0.0,-0.716699073585,-0.350909090909,0.100909090909,0.325
518,300003,乐普医疗,11,6.0,5.0,0.0,0.0,0.0,0.521858215408,0.590454545455,0.689090909091,0.785
519,688636,智明达,11,11.0,0.0,0.0,0.0,0.0,0.587616743544,0.867272727273,1.129090909091,1.419090909091
520,600482,中国动力,11,8.0,3.0,0.0,0.0,0.0,0.573520493978,1.334272727273,1.926090909091,2.469090909091
521,002138,顺络电子,11,7.0,4.0,0.0,0.0,0.0,1.266269442975,1.5818,2.0287,2.512888888889
522,601179,中国西电,11,7.0,4.0,0.0,0.0,0.0,0.247699714693,0.3027,0.3744,0.445125
523,688029,南微医学,11,8.0,3.0,0.0,0.0,0.0,3.036120298739,3.320916666667,3.918916666667,4.671363636364
524,688698,伟创电气,11,8.0,2.0,1.0,0.0,0.0,1.222016743379,1.4215,1.7462,1.998428571429
525,002409,雅克科技,11,9.0,2.0,0.0,0.0,0.0,2.101824675261,2.818181818182,3.458181818182,4.194444444444
526,000962,东方钽业,11,11.0,0.0,0.0,0.0,0.0,0.489691638384,0.776363636364,1.060909090909,1.367272727273
527,002436,兴森科技,11,10.0,1.0,0.0,0.0,0.0,0.079395258947,0.248,0.473,0.711
528,600153,建发股份,11,9.0,2.0,0.0,0.0,0.0,-3.729811478261,0.787272727273,1.152727272727,1.371
529,600050,中国联通,11,6.0,5.0,0.0,0.0,0.0,0.291918449629,0.251454545455,0.267363636364,0.284636363636
530,603062,麦加芯彩,11,9.0,2.0,0.0,0.0,0.0,1.946301556667,1.913181818182,2.543636363636,3.373
531,600025,华能水电,11,10.0,1.0,0.0,0.0,0.0,0.45644867148,0.476636363636,0.497454545455,0.5207
532,600039,四川路桥,11,9.0,2.0,0.0,0.0,0.0,0.839145541914,0.888272727273,0.943636363636,0.9955
533,000703,恒逸石化,11,8.0,3.0,0.0,0.0,0.0,0.067598426071,2.357272727273,2.202727272727,2.505
534,002410,广联达,11,7.0,4.0,0.0,0.0,0.0,0.245234678875,0.34,0.419090909091,0.478181818182
535,603031,安孚科技,11,8.0,3.0,0.0,0.0,0.0,0.60451453041,1.211272727273,1.467181818182,1.658545454545
536,600348,华阳股份,11,8.0,3.0,0.0,0.0,0.0,0.472080690093,0.677272727273,0.74,0.798181818182
537,688795,摩尔线程,11,5.0,6.0,0.0,0.0,0.0,-2.12920514855,-0.428083333333,1.055166666667,3.397636363636
538,603119,浙江荣泰,11,7.0,4.0,0.0,0.0,0.0,0.588715649619,0.853727272727,1.236363636364,1.708090909091
539,601881,中国银河,11,6.0,5.0,0.0,0.0,0.0,1.144984288937,1.235,1.361,1.5
540,300567,精测电子,11,7.0,4.0,0.0,0.0,0.0,0.293196317995,1.204545454545,2.036363636364,3.166666666667
541,688516,奥特维,11,10.0,1.0,0.0,0.0,0.0,1.412234713866,1.981363636364,2.436909090909,3.154
542,600873,梅花生物,11,7.0,4.0,0.0,0.0,0.0,1.169970466739,0.675454545455,0.876363636364,1.041
543,688808,联讯仪器,11,5.0,6.0,0.0,0.0,0.0,1.691411272658,10.841545454546,22.622454545455,34.834636363636
544,301087,可孚医疗,11,9.0,2.0,0.0,0.0,0.0,1.5753002652,2.123636363636,2.635454545455,3.232727272727
545,603588,高能环境,11,10.0,1.0,0.0,0.0,0.0,0.550207737495,1.128181818182,1.326363636364,1.56
546,300870,欧陆通,11,5.0,5.0,1.0,0.0,0.0,1.598511723477,3.432727272727,5.131818181818,6.81
547,002460,赣锋锂业,11,6.0,5.0,0.0,0.0,0.0,0.769297132793,3.51,4.230909090909,5.003
548,603055,台华新材,11,9.0,2.0,0.0,0.0,0.0,0.596731675109,0.825454545455,0.95,1.068
549,600352,浙江龙盛,11,5.0,6.0,0.0,0.0,0.0,0.562198872832,0.931,1.031,1.078888888889
550,000680,山推股份,11,11.0,0.0,0.0,0.0,0.0,0.807240040996,0.983636363636,1.188181818182,1.410909090909
551,000932,华菱钢铁,11,7.0,4.0,0.0,0.0,0.0,0.38096657331,0.446,0.535,0.57
552,002128,电投能源,11,9.0,2.0,0.0,0.0,0.0,1.733289284359,3.386363636364,3.634545454545,3.763636363636
553,603979,金诚信,11,6.0,5.0,0.0,0.0,0.0,3.749168155607,5.333636363636,6.230909090909,7.638888888889
554,603087,甘李药业,11,9.0,2.0,0.0,0.0,0.0,1.914164758142,2.355333333333,2.810666666667,3.434090909091
555,601179,中国西电,11,7.0,4.0,0.0,0.0,0.0,0.247699714693,0.3027,0.3744,0.445125
556,601669,中国电建,11,9.0,2.0,0.0,0.0,0.0,0.580927146175,0.601818181818,0.638181818182,0.668
557,688390,固德威,11,8.0,3.0,0.0,0.0,0.0,0.554917979112,3.8992,5.4325,6.7447
558,688526,科前生物,11,8.0,3.0,0.0,0.0,0.0,0.898300693147,0.903636363636,1.049090909091,1.206
559,000657,中钨高新,11,9.0,2.0,0.0,0.0,0.0,0.562040211122,2.138090909091,2.394090909091,2.635125
560,001965,招商公路,11,8.0,3.0,0.0,0.0,0.0,0.678455844103,0.735363636364,0.759090909091,0.7982
561,605507,国邦医药,11,10.0,1.0,0.0,0.0,0.0,1.049169030306,1.402727272727,1.692727272727,1.993636363636
562,688239,航宇科技,11,8.0,3.0,0.0,0.0,0.0,0.974114944289,1.589090909091,2.200909090909,2.929
563,600029,南方航空,11,6.0,5.0,0.0,0.0,0.0,0.047293274443,0.039090909091,0.356363636364,0.543636363636
564,600388,紫金龙净,11,8.0,3.0,0.0,0.0,0.0,0.875788090403,1.131818181818,1.37,1.63
565,601456,国联民生,11,7.0,4.0,0.0,0.0,0.0,0.353645586474,0.400909090909,0.452727272727,0.49
566,301101,明月镜片,11,5.0,6.0,0.0,0.0,0.0,0.957374880466,1.105,1.284166666667,1.529
567,300482,万孚生物,11,9.0,2.0,0.0,0.0,0.0,-0.134643030316,0.835454545455,0.987272727273,1.162727272727
568,603678,火炬电子,11,9.0,2.0,0.0,0.0,0.0,0.672391996717,1.186363636364,1.562727272727,2.024545454545
569,600489,中金黄金,11,9.0,2.0,0.0,0.0,0.0,1.01779752684,1.916363636364,2.360909090909,2.723333333333
570,688147,微导纳米,11,7.0,4.0,0.0,0.0,0.0,0.472317798636,0.774181818182,1.131909090909,1.5843
571,300661,圣邦股份,11,6.0,5.0,0.0,0.0,0.0,0.797968275351,1.324545454545,1.835454545455,2.382727272727
572,603099,长白山,11,4.0,6.0,1.0,0.0,0.0,0.474921589203,0.585,0.6925,0.7825
573,000998,隆平高科,11,6.0,5.0,0.0,0.0,0.0,0.112846648446,0.234545454545,0.31,0.382
574,688052,纳芯微,11,8.0,3.0,0.0,0.0,0.0,-1.399799685572,0.473636363636,1.908181818182,3.547272727273
575,301358,湖南裕能,11,8.0,3.0,0.0,0.0,0.0,1.506589296739,6.365454545455,7.287272727273,8.276363636364
576,002262,恩华药业,11,8.0,3.0,0.0,0.0,0.0,1.043794848998,1.169333333333,1.328416666667,1.51825
577,601328,交通银行,11,5.0,6.0,0.0,0.0,0.0,1.082140164557,1.065454545455,1.103636363636,1.155
578,601766,中国中车,10,9.0,1.0,0.0,0.0,0.0,0.459286993366,0.4961,0.5381,0.5795
579,301080,百普赛斯,10,9.0,1.0,0.0,0.0,0.0,0.987407531297,1.379090909091,1.836363636364,2.366363636364
580,603341,龙旗科技,10,9.0,1.0,0.0,0.0,0.0,1.119646925156,1.427777777778,2.102222222222,2.895555555556
581,002837,英维克,10,7.0,3.0,0.0,0.0,0.0,0.408661689899,0.987545454545,1.700090909091,2.5599
582,300592,华凯易佰,10,5.0,5.0,0.0,0.0,0.0,0.374997758591,0.884,1.116,1.34
583,600429,三元股份,10,8.0,2.0,0.0,0.0,0.0,-0.150632920744,0.206,0.265,0.324444444444
584,002851,麦格米特,10,5.0,5.0,0.0,0.0,0.0,0.249144879753,1.461,2.736,4.077142857143
585,603091,众鑫股份,10,10.0,0.0,0.0,0.0,0.0,1.860002794368,4.591555555556,6.144555555556,7.461333333333
586,688548,广钢气体,10,5.0,5.0,0.0,0.0,0.0,0.216516401658,0.354545454545,0.445363636364,0.565222222222
587,688472,阿特斯,10,8.0,2.0,0.0,0.0,0.0,0.278817554703,0.6122,0.9703,1.274
588,300443,金雷股份,10,9.0,1.0,0.0,0.0,0.0,0.982357198393,1.651888888889,2.018111111111,2.3845
589,300442,润泽科技,10,9.0,1.0,0.0,0.0,0.0,3.077275747364,2.006,2.541,3.195
590,002429,兆驰股份,10,9.0,1.0,0.0,0.0,0.0,0.287898782289,0.338888888889,0.451111111111,0.555555555556
591,002472,双环传动,10,7.0,3.0,0.0,0.0,0.0,1.484142757308,1.681,1.957,2.265555555556
592,688349,三一重能,10,6.0,4.0,0.0,0.0,0.0,0.446994159434,1.252222222222,1.878888888889,2.32125
593,600779,水井坊,10,6.0,4.0,0.0,0.0,0.0,0.832585347881,0.894727272727,1.043727272727,1.2399
594,300496,中科创达,10,9.0,1.0,0.0,0.0,0.0,0.974922571346,1.371,1.725,2.125555555556
595,002600,领益智造,10,8.0,2.0,0.0,0.0,0.0,0.281729454567,0.423,0.589,0.777777777778
596,600496,精工钢构,10,6.0,4.0,0.0,0.0,0.0,0.303981887889,0.352,0.4,0.461111111111
597,688281,华秦科技,10,8.0,2.0,0.0,0.0,0.0,0.80510723933,1.521,1.983,2.49
598,601728,中国电信,10,6.0,4.0,0.0,0.0,0.0,0.362646389124,0.33,0.337,0.352222222222
599,002531,天顺风能,10,7.0,3.0,0.0,0.0,0.0,-0.131076158672,0.384,0.614,0.908888888889
600,001308,康冠科技,10,7.0,3.0,0.0,0.0,0.0,0.71789155327,1.061,1.294,1.465555555556
601,300577,开润股份,10,8.0,2.0,0.0,0.0,0.0,1.38044908091,1.652727272727,1.918181818182,2.199090909091
602,688025,杰普特,10,5.0,5.0,0.0,0.0,0.0,2.933091413822,5.269,8.728,12.361
603,603337,杰克科技,10,8.0,2.0,0.0,0.0,0.0,1.796728220668,2.0977,2.5053,3.054
604,603093,南华期货,10,4.0,6.0,0.0,0.0,0.0,0.468396353228,0.825,0.976,1.15
605,600886,国投电力,10,9.0,1.0,0.0,0.0,0.0,0.923653772494,0.9399,0.9967,1.0405
606,600559,老白干酒,10,7.0,3.0,0.0,0.0,0.0,0.469836057733,0.52,0.589,0.675555555556
607,600161,天坛生物,10,5.0,5.0,0.0,0.0,0.0,0.551660631798,0.58,0.657,0.75125
608,002444,巨星科技,10,9.0,1.0,0.0,0.0,0.0,2.101099221367,2.486,2.951,3.471111111111
609,002014,永新股份,10,9.0,1.0,0.0,0.0,0.0,0.715329534107,0.764,0.856636363636,0.952727272727
610,002458,益生股份,10,5.0,5.0,0.0,0.0,0.0,0.115581901744,0.544,0.643,0.64
611,300737,科顺股份,10,4.0,6.0,0.0,0.0,0.0,-0.482179433607,0.278,0.395,0.508
612,002922,伊戈尔,10,7.0,3.0,0.0,0.0,0.0,0.473852386686,0.973333333333,1.514444444444,2.084285714286
613,300842,帝科股份,10,7.0,3.0,0.0,0.0,0.0,-1.902894543185,2.517777777778,3.814444444444,4.75
614,600885,宏发股份,10,7.0,3.0,0.0,0.0,0.0,1.135651443008,1.439666666667,1.780111111111,2.1095
615,603305,旭升集团,10,6.0,3.0,1.0,0.0,0.0,0.315931018373,0.435,0.522,0.608888888889
616,688016,心脉医疗,10,7.0,3.0,0.0,0.0,0.0,4.570144246508,5.158636363636,5.894545454545,6.7644
617,688234,天岳先进,10,5.0,5.0,0.0,0.0,0.0,-0.429862044714,0.146363636364,0.527272727273,0.836363636364
618,601865,福莱特,10,5.0,5.0,0.0,0.0,0.0,0.418533558307,0.129,0.549,0.85
619,605376,博迁新材,10,8.0,2.0,0.0,0.0,0.0,0.837873209862,2.502,4.648,7.225
620,920037,广信科技,10,4.0,6.0,0.0,0.0,0.0,1.54503370082,2.693,3.515,4.522222222222
621,603565,中谷物流,10,5.0,5.0,0.0,0.0,0.0,0.952854256708,1.0788,1.1368,1.175888888889
622,688192,迪哲医药,10,7.0,3.0,0.0,0.0,0.0,-1.64253138069,4.59,0.485,1.146666666667
623,688106,金宏气体,10,7.0,3.0,0.0,0.0,0.0,0.245978573117,0.4,0.521,0.643
624,920599,同力股份,10,7.0,3.0,0.0,0.0,0.0,1.814715934987,2.05,2.305,2.609
625,920394,民士达,10,7.0,3.0,0.0,0.0,0.0,0.870880867624,1.041,1.367,1.783
626,000830,鲁西化工,10,7.0,3.0,0.0,0.0,0.0,0.476132397751,1.005,1.215,1.3425
627,600710,苏美达,10,6.0,4.0,0.0,0.0,0.0,1.037401729519,1.122222222222,1.236666666667,1.367142857143
628,300699,光威复材,10,8.0,2.0,0.0,0.0,0.0,0.725809346763,0.898,1.05,1.198
629,301095,广立微,10,7.0,3.0,0.0,0.0,0.0,0.442817469066,0.756,1.1582,1.740222222222
630,600741,华域汽车,10,8.0,1.0,1.0,0.0,0.0,2.286044758814,2.415,2.594444444444,2.75125
631,001203,大中矿业,10,8.0,2.0,0.0,0.0,0.0,0.480101879149,0.952,1.985,3.053
632,600438,通威股份,10,7.0,3.0,0.0,0.0,0.0,-2.122044671209,-1.169555555556,0.287111111111,0.974375
633,000672,上峰材料,10,7.0,3.0,0.0,0.0,0.0,0.657775284472,1.6493,1.0025,1.003857142857
634,603882,金域医学,10,7.0,3.0,0.0,0.0,0.0,-0.373967535108,0.875818181818,1.064090909091,1.278
635,688578,艾力斯,10,9.0,1.0,0.0,0.0,0.0,4.864677682756,6.357,7.342,8.343
636,600054,黄山旅游,10,6.0,4.0,0.0,0.0,0.0,0.400999688996,0.466,0.529,0.579
637,301381,赛维时代,10,6.0,4.0,0.0,0.0,0.0,0.696158048961,1.146363636364,1.480909090909,1.743
638,600057,厦门象屿,10,7.0,3.0,0.0,0.0,0.0,0.455437493158,0.704,0.822,0.918888888889
639,688046,药康生物,10,5.0,4.0,0.0,1.0,0.0,0.347736726175,0.472727272727,0.594545454545,0.766666666667
640,601600,中国铝业,10,6.0,4.0,0.0,0.0,0.0,0.738789809579,1.2972,1.3624,1.353777777778
641,002011,盾安环境,9,6.0,3.0,0.0,0.0,0.0,1.00321314179,1.035555555556,1.17,1.3
642,002007,华兰生物,9,5.0,4.0,0.0,0.0,0.0,0.515093010307,0.542222222222,0.601111111111,0.672222222222
643,600428,中远海特,9,5.0,4.0,0.0,0.0,0.0,0.648696667456,0.914444444444,1.023333333333,1.0425
644,600522,中天科技,9,7.0,2.0,0.0,0.0,0.0,0.850377114057,1.882222222222,2.292222222222,2.717142857143
645,300827,上能电气,9,6.0,3.0,0.0,0.0,0.0,0.831069315906,1.24625,1.6425,2.011666666667
646,688127,蓝特光学,9,6.0,3.0,0.0,0.0,0.0,0.957928380131,1.543333333333,2.122222222222,2.94375
647,605167,利柏特,9,8.0,1.0,0.0,0.0,0.0,0.428596548829,0.497777777778,0.726666666667,1.043333333333
648,300628,亿联网络,9,7.0,2.0,0.0,0.0,0.0,2.052703975941,2.483333333333,2.947777777778,3.48375
649,688180,君实生物,9,8.0,1.0,0.0,0.0,0.0,-0.852423265711,-0.426,0.061666666667,0.502111111111
650,600219,南山铝业,9,5.0,4.0,0.0,0.0,0.0,0.412367833812,0.461111111111,0.557777777778,0.6375
651,300373,扬杰科技,9,7.0,2.0,0.0,0.0,0.0,2.316349358095,3.117666666667,3.924777777778,4.821444444444
652,688506,百利天恒,9,8.0,1.0,0.0,0.0,0.0,-2.551912498171,-2.495555555556,-3.495555555556,-2.442222222222
653,301216,万凯新材,9,8.0,1.0,0.0,0.0,0.0,0.291457187053,2.085555555556,2.361111111111,2.807777777778
654,600861,北京人力,9,4.0,5.0,0.0,0.0,0.0,2.066447971745,1.658888888889,1.827777777778,1.9825
655,000415,渤海租赁,9,9.0,0.0,0.0,0.0,0.0,-0.065635637989,0.745555555556,0.693333333333,0.778888888889
656,688469,芯联集成,9,6.0,3.0,0.0,0.0,0.0,-0.070966862517,0.052222222222,0.092222222222,0.152222222222
657,603808,歌力思,9,5.0,3.0,1.0,0.0,0.0,0.453305276535,0.57,0.684,0.765555555556
658,601900,南方传媒,9,7.0,2.0,0.0,0.0,0.0,1.182548182138,1.281111111111,1.358888888889,1.43375
659,688003,天准科技,9,5.0,4.0,0.0,0.0,0.0,0.390837874933,0.91,1.274444444444,1.722222222222
660,688139,海尔生物,9,5.0,4.0,0.0,0.0,0.0,0.792216126084,0.906666666667,1.037777777778,1.203333333333
661,688200,华峰测控,9,7.0,2.0,0.0,0.0,0.0,2.669824201722,4.846888888889,6.220666666667,7.74025
662,002960,青鸟智控,9,6.0,3.0,0.0,0.0,0.0,0.303320028766,0.426666666667,0.523333333333,0.622222222222
663,688112,鼎阳科技,9,5.0,4.0,0.0,0.0,0.0,0.893440422893,1.218888888889,1.628888888889,2.13
664,688248,南网科技,9,5.0,4.0,0.0,0.0,0.0,0.745244221498,0.984444444444,1.225555555556,1.475555555556
665,603136,天目湖,9,6.0,3.0,0.0,0.0,0.0,0.352875469331,0.41,0.45,0.496666666667
666,002668,TCL智家,9,4.0,5.0,0.0,0.0,0.0,1.036223620788,1.073333333333,1.18,1.286666666667
667,601311,骆驼股份,9,4.0,5.0,0.0,0.0,0.0,0.714178109977,0.798888888889,0.925555555556,1.09875
668,002156,通富微电,9,5.0,4.0,0.0,0.0,0.0,0.803051280444,1.02,1.247777777778,1.485
669,600301,华锡有色,9,8.0,1.0,0.0,0.0,0.0,1.265910916581,2.039222222222,2.588555555556,2.97875
670,603505,金石资源,9,6.0,3.0,0.0,0.0,0.0,0.387043842184,0.447555555556,0.676555555556,0.826111111111
671,002466,天齐锂业,9,4.0,5.0,0.0,0.0,0.0,0.270050811941,3.758888888889,4.296666666667,4.774444444444
672,688059,华锐精密,9,6.0,3.0,0.0,0.0,0.0,1.333356315184,3.687777777778,4.320333333333,5.325125
673,920015,锦华新材,9,3.0,6.0,0.0,0.0,0.0,1.434817711495,1.242222222222,2.104444444444,3.128888888889
674,688187,时代电气,9,7.0,2.0,0.0,0.0,0.0,3.078477430852,3.316666666667,3.703333333333,4.142222222222
675,300679,电连技术,9,6.0,3.0,0.0,0.0,0.0,0.634653013653,1.30125,1.775,2.34
676,301171,易点天下,9,8.0,1.0,0.0,0.0,0.0,0.255620207228,0.418,0.591,0.786
677,301291,明阳电气,9,7.0,2.0,0.0,0.0,0.0,1.870319365999,2.1625,2.940875,3.695428571429
678,601133,柏诚股份,9,7.0,2.0,0.0,0.0,0.0,0.389896975838,0.696666666667,0.926666666667,1.164444444444
679,605080,浙江自然,9,6.0,3.0,0.0,0.0,0.0,1.358460287907,1.503888888889,1.786,1.978
680,688556,高测股份,9,7.0,2.0,0.0,0.0,0.0,-0.04885169676,0.12575,0.337625,0.526714285714
681,000063,中兴通讯,9,7.0,2.0,0.0,0.0,0.0,1.174391978465,1.287,1.495111111111,1.688
682,600372,中航机载,9,5.0,4.0,0.0,0.0,0.0,0.220571665297,0.247777777778,0.293333333333,0.344444444444
683,000738,航发控制,9,5.0,4.0,0.0,0.0,0.0,0.254279353258,0.322222222222,0.373333333333,0.426666666667
684,688220,翱捷科技,9,8.0,1.0,0.0,0.0,0.0,-0.93302497557,0.045,0.8025,1.7025
685,000988,华工科技,9,8.0,1.0,0.0,0.0,0.0,1.462745643468,2.336,3.059111111111,3.752333333333
686,603708,家家悦,9,5.0,4.0,0.0,0.0,0.0,0.314390718203,0.377777777778,0.447777777778,0.511111111111
687,603568,伟明环保,9,7.0,2.0,0.0,0.0,0.0,1.080565808378,1.308888888889,1.482222222222,1.694444444444
688,603929,亚翔集成,9,7.0,2.0,0.0,0.0,0.0,4.181502058258,7.073333333333,10.714444444444,13.267777777778
689,600867,通化东宝,9,5.0,4.0,0.0,0.0,0.0,0.622428500005,0.3297,0.3904,0.443666666667
690,000065,北方国际,9,7.0,2.0,0.0,0.0,0.0,0.622769642057,0.773333333333,0.895555555556,0.975555555556
691,601868,中国能建,9,7.0,2.0,0.0,0.0,0.0,0.132013332041,0.154444444444,0.167777777778,0.184444444444
692,603515,欧普照明,9,6.0,3.0,0.0,0.0,0.0,1.240094059511,1.274,1.363,1.455
693,301187,欧圣电气,9,6.0,3.0,0.0,0.0,0.0,0.409945314254,0.725666666667,1.149444444444,1.510125
694,002120,韵达股份,9,2.0,7.0,0.0,0.0,0.0,0.404058654804,0.726666666667,0.835555555556,0.93375
695,688361,中科飞测,9,5.0,3.0,1.0,0.0,0.0,0.166602112705,1.005555555556,1.911111111111,3.12
696,301033,迈普医学,9,5.0,4.0,0.0,0.0,0.0,1.686402356232,2.192222222222,2.967777777778,3.96125
697,603059,倍加洁,9,7.0,2.0,0.0,0.0,0.0,1.140890262151,1.477625,1.88925,2.319857142857
698,688513,苑东生物,9,7.0,2.0,0.0,0.0,0.0,1.609107539984,1.66125,1.8475,2.038571428571
699,688019,安集科技,9,5.0,4.0,0.0,0.0,0.0,3.431687691384,5.730444444444,7.613222222222,10.085375
700,688543,国科军工,9,8.0,1.0,0.0,0.0,0.0,0.983970851764,1.445,1.82875,2.28625
701,603162,海通发展,9,5.0,4.0,0.0,0.0,0.0,0.338207754783,0.852888888889,1.069333333333,1.324777777778
702,601231,环旭电子,9,7.0,2.0,0.0,0.0,0.0,0.775843106346,1.024444444444,1.507777777778,2.0625
703,600377,宁沪高速,9,3.0,6.0,0.0,0.0,0.0,0.911889808949,0.96,0.988888888889,1.025
704,688525,佰维存储,9,7.0,2.0,0.0,0.0,0.0,1.808938830251,18.411222222222,20.373888888889,21.893777777778
705,688700,东威科技,9,5.0,4.0,0.0,0.0,0.0,0.405282720829,1.05,1.75,2.727142857143
706,002242,九阳股份,9,2.0,6.0,1.0,0.0,0.0,0.154185024672,0.277,0.313,0.348
707,000895,双汇发展,9,5.0,4.0,0.0,0.0,0.0,1.473335969147,1.561111111111,1.621111111111,1.68375
708,002281,光迅科技,9,7.0,2.0,0.0,0.0,0.0,1.143108183248,2.0125,3.74875,5.02
709,688610,埃科光电,9,6.0,3.0,0.0,0.0,0.0,0.9406989175,2.004444444444,3.314444444444,4.865555555556
710,300634,彩讯股份,9,7.0,2.0,0.0,0.0,0.0,0.644157913251,0.765555555556,0.925555555556,1.126666666667
711,301338,凯格精机,9,3.0,6.0,0.0,0.0,0.0,1.253526694952,3.07,4.687777777778,6.1775
712,600063,皖维高新,9,7.0,2.0,0.0,0.0,0.0,0.209749549488,0.338888888889,0.435555555556,0.548888888889
713,300138,晨光生物,9,6.0,3.0,0.0,0.0,0.0,0.763550009666,0.864,1.076,1.276
714,300294,博雅生物,9,6.0,3.0,0.0,0.0,0.0,0.223497532204,0.607777777778,0.7,0.804444444444
715,600282,南钢股份,9,4.0,5.0,0.0,0.0,0.0,0.4651083015,0.48875,0.54125,0.595
716,603209,兴通股份,9,2.0,7.0,0.0,0.0,0.0,0.830735008523,1.1672,1.2845,1.463555555556
717,301031,中熔电气,9,6.0,3.0,0.0,0.0,0.0,2.771598214594,4.495,5.9025,7.55
718,301236,软通动力,9,6.0,3.0,0.0,0.0,0.0,0.199106893321,0.33,0.464333333333,0.636222222222
719,688300,联瑞新材,9,6.0,3.0,0.0,0.0,0.0,1.211934055521,1.624444444444,2.211111111111,2.941428571429
720,002049,紫光国微,9,7.0,2.0,0.0,0.0,0.0,1.704301941376,2.151111111111,2.665555555556,3.20375
721,600236,桂冠电力,9,7.0,2.0,0.0,0.0,0.0,0.416067147059,0.446666666667,0.464444444444,0.492222222222
722,688582,芯动联科,9,7.0,2.0,0.0,0.0,0.0,0.755243574799,1.028888888889,1.413333333333,1.874444444444
723,600549,厦门钨业,9,7.0,2.0,0.0,0.0,0.0,1.45464527092,3.045555555556,3.653888888889,4.354285714286
724,300782,卓胜微,9,4.0,3.0,2.0,0.0,0.0,-0.509366261187,-0.4975,0.1025,0.49375
725,920403,康农种业,9,4.0,5.0,0.0,0.0,0.0,0.694749165093,1.0225,1.2225,1.426666666667
726,002035,华帝股份,9,5.0,4.0,0.0,0.0,0.0,0.355080985545,0.422222222222,0.464444444444,0.515
727,601991,大唐发电,9,7.0,2.0,0.0,0.0,0.0,0.399112311094,0.355555555556,0.383333333333,0.417777777778
728,300483,首华燃气,9,7.0,2.0,0.0,0.0,0.0,0.43966638227,1.333333333333,1.958888888889,2.433333333333
729,603600,永艺股份,9,5.0,4.0,0.0,0.0,0.0,0.704457018555,1.024,1.254,1.511
730,600596,新安股份,9,4.0,5.0,0.0,0.0,0.0,0.108814200727,0.49,0.733333333333,0.92125
731,300638,广和通,9,7.0,2.0,0.0,0.0,0.0,0.385915514111,0.483444444444,0.682111111111,0.886375
732,600089,特变电工,9,6.0,3.0,0.0,0.0,0.0,1.178416662585,1.431111111111,1.794444444444,2.362857142857
733,002283,天润工业,9,4.0,5.0,0.0,0.0,0.0,0.322797355786,0.426666666667,0.53,0.67
734,920418,苏轴股份,9,7.0,2.0,0.0,0.0,0.0,0.927598099078,1.007777777778,1.197777777778,1.401111111111
735,688308,欧科亿,9,6.0,3.0,0.0,0.0,0.0,0.652534635854,3.741,4.288111111111,5.492125
736,300748,金力永磁,9,7.0,2.0,0.0,0.0,0.0,0.510580112313,0.699444444444,0.895666666667,1.074111111111
737,603260,合盛硅业,9,4.0,5.0,0.0,0.0,0.0,-2.529889602687,0.908888888889,1.612222222222,2.251428571429
738,603733,仙鹤股份,9,7.0,2.0,0.0,0.0,0.0,1.23905121453,1.715222222222,2.111444444444,2.55375
739,002536,飞龙股份,8,7.0,1.0,0.0,0.0,0.0,0.55137605473,0.821111111111,1.146666666667,1.5
740,603877,太平鸟,8,4.0,4.0,0.0,0.0,0.0,0.370863149232,0.51875,0.62875,0.711428571429
741,003022,联泓新科,8,6.0,2.0,0.0,0.0,0.0,0.228899485859,0.51325,0.61875,0.728375
742,688088,虹软科技,8,6.0,2.0,0.0,0.0,0.0,0.644132718266,0.7775,1.0,1.305
743,301110,青木科技,8,5.0,3.0,0.0,0.0,0.0,0.949786127331,2.08375,2.815,3.421428571429
744,002056,横店东磁,8,6.0,2.0,0.0,0.0,0.0,1.137988395579,1.221428571429,1.407142857143,1.631166666667
745,301165,锐捷网络,8,5.0,3.0,0.0,0.0,0.0,0.625293921558,1.6575,2.7825,4.024285714286
746,600529,山东药玻,8,6.0,2.0,0.0,0.0,0.0,1.039197369601,1.203333333333,1.335555555556,1.478888888889
747,688289,圣湘生物,8,5.0,3.0,0.0,0.0,0.0,0.346015534265,0.44625,0.54,0.605714285714
748,002838,道恩股份,8,6.0,2.0,0.0,0.0,0.0,0.394866586594,1.041428571429,1.411428571429,1.662857142857
749,300568,星源材质,8,6.0,2.0,0.0,0.0,0.0,0.024322456638,0.485714285714,0.864285714286,1.13
750,600968,海油发展,8,6.0,2.0,0.0,0.0,0.0,0.382124143542,0.43,0.4675,0.51
751,688268,华特气体,8,4.0,4.0,0.0,0.0,0.0,1.060079708158,1.9425,2.415,2.9
752,002152,广电运通,8,8.0,0.0,0.0,0.0,0.0,0.346645979894,0.39,0.46375,0.53625
753,002675,东诚药业,8,7.0,1.0,0.0,0.0,0.0,0.237242202444,0.3225,0.405,0.48375
754,300316,晶盛机电,8,8.0,0.0,0.0,0.0,0.0,0.675610411367,0.72375,0.9175,1.1575
755,002155,湖南黄金,8,5.0,3.0,0.0,0.0,0.0,0.952224539623,1.44975,1.64675,1.980625
756,688002,睿创微纳,8,6.0,2.0,0.0,0.0,0.0,2.415693296507,5.3425,7.19375,9.29375
757,002203,海亮股份,8,7.0,1.0,0.0,0.0,0.0,0.41154521728,0.85125,1.20375,1.53125
758,000949,新乡化纤,8,5.0,3.0,0.0,0.0,0.0,0.119501785136,0.384285714286,0.492857142857,0.645
759,600820,隧道股份,8,6.0,2.0,0.0,0.0,0.0,0.704164596869,0.7175,0.765,0.82125
760,002603,以岭药业,8,6.0,2.0,0.0,0.0,0.0,0.770021262366,0.90375,1.045,1.21
761,002615,哈尔斯,8,6.0,2.0,0.0,0.0,0.0,0.125404411414,0.395875,0.627375,0.810375
762,603650,彤程新材,8,6.0,2.0,0.0,0.0,0.0,0.913126856215,1.17125,1.45875,1.681666666667
763,600633,浙数文化,8,6.0,2.0,0.0,0.0,0.0,0.451553209558,0.5425,0.58875,0.62875
764,688378,奥来德,8,7.0,1.0,0.0,0.0,0.0,0.276545926466,1.292857142857,1.664285714286,2.184285714286
765,000426,兴业银锡,8,7.0,1.0,0.0,0.0,0.0,0.959791044665,2.1725,2.36625,2.964285714286
766,603920,世运电路,8,6.0,2.0,0.0,0.0,0.0,0.949160259323,1.4275,2.23125,3.25
767,300999,金龙鱼,8,1.0,7.0,0.0,0.0,0.0,0.581543994796,0.79,0.9325,1.11
768,605009,豪悦护理,8,6.0,2.0,0.0,0.0,0.0,1.079179083919,1.37125,1.60875,1.892857142857
769,601577,长沙银行,8,5.0,3.0,0.0,0.0,0.0,2.01602850439,2.09125,2.2175,2.36
770,000791,甘肃能源,8,6.0,2.0,0.0,0.0,0.0,0.632415679957,0.704285714286,0.745714285714,0.767142857143
771,603228,景旺电子,8,7.0,1.0,0.0,0.0,0.0,1.229379958239,2.235,4.04625,5.64
772,300558,贝达药业,8,7.0,1.0,0.0,0.0,0.0,0.721252795595,1.358,1.811375,2.358625
773,688502,茂莱光学,8,4.0,4.0,0.0,0.0,0.0,0.877453282572,1.622875,2.313625,3.29275
774,301193,家联科技,8,4.0,4.0,0.0,0.0,0.0,-0.31429133552,0.448,1.22675,1.973571428571
775,688018,乐鑫科技,8,6.0,2.0,0.0,0.0,0.0,2.124033559268,3.73875,4.9575,6.58625
776,601000,唐山港,8,3.0,5.0,0.0,0.0,0.0,0.337222913533,0.350875,0.363875,0.390857142857
777,300432,富临精工,8,7.0,1.0,0.0,0.0,0.0,0.250070002388,0.9055,1.88225,2.60575
778,601916,浙商银行,8,2.0,5.0,1.0,0.0,0.0,0.470823644538,0.4425,0.44875,0.465714285714
779,002690,美亚光电,8,3.0,5.0,0.0,0.0,0.0,0.815114593616,0.928125,1.033875,1.160857142857
780,688337,普源精电,8,3.0,5.0,0.0,0.0,0.0,0.39365781651,0.68,0.99125,1.36125
781,002270,华明装备,8,6.0,2.0,0.0,0.0,0.0,0.791918345229,0.95,1.15625,1.402857142857
782,301377,鼎泰高科,8,6.0,2.0,0.0,0.0,0.0,1.022614144849,3.105,5.38625,7.95625
783,603859,能科科技,8,8.0,0.0,0.0,0.0,0.0,0.846874287772,1.0975,1.37,1.70375
784,002545,东方铁塔,8,7.0,1.0,0.0,0.0,0.0,0.969603787072,1.40625,1.64,2.01
785,002756,永兴材料,8,5.0,3.0,0.0,0.0,0.0,1.226972711616,3.906,4.6015,6.3545
786,601101,昊华能源,8,7.0,1.0,0.0,0.0,0.0,0.355844590633,0.96625,1.1,1.21125
787,600507,方大特钢,8,4.0,4.0,0.0,0.0,0.0,0.407345919492,0.414285714286,0.481428571429,0.538571428571
788,600995,南网储能,8,5.0,3.0,0.0,0.0,0.0,0.528315952017,0.59,0.63875,0.70375
789,000708,中信特钢,8,6.0,2.0,0.0,0.0,0.0,1.174654591413,1.261428571429,1.371428571429,1.468571428571
790,000301,东方盛虹,8,6.0,2.0,0.0,0.0,0.0,0.020230164106,0.66,0.74125,0.883333333333
791,688196,卓越新能,8,4.0,4.0,0.0,0.0,0.0,1.215131319369,2.6875,4.18875,5.17875
792,601038,一拖股份,8,5.0,3.0,0.0,0.0,0.0,0.722606571981,0.796888888889,0.985777777778,1.151
793,601919,中远海控,8,2.0,6.0,0.0,0.0,0.0,2.021738224937,1.570375,1.21525,1.117
794,002080,中材科技,8,5.0,3.0,0.0,0.0,0.0,1.083219849802,1.758625,2.389375,3.08
795,300364,中文在线,8,4.0,4.0,0.0,0.0,0.0,-0.921004925012,0.03,0.1775,0.325
796,688639,华恒生物,8,2.0,5.0,1.0,0.0,0.0,0.529403561535,1.07,1.4075,1.701428571429
797,000066,中国长城,8,6.0,2.0,0.0,0.0,0.0,-0.017274725939,0.045714285714,0.1,0.246666666667
798,600325,华发股份,8,4.0,3.0,1.0,0.0,0.0,-3.450349727039,-1.2025,0.03,0.1625
799,603181,皇马科技,8,6.0,2.0,0.0,0.0,0.0,0.741642926312,0.9375,1.1175,1.25
800,603043,广州酒家,8,3.0,5.0,0.0,0.0,0.0,0.86270800791,0.915,0.97375,1.03125
801,688326,经纬恒润,8,7.0,1.0,0.0,0.0,0.0,0.835801773951,1.97625,3.56875,5.207142857143
802,601169,北京银行,8,3.0,5.0,0.0,0.0,0.0,0.950007801245,0.925,0.985,1.051428571429
803,300133,华策影视,8,6.0,2.0,0.0,0.0,0.0,0.101952031001,0.1825,0.21875,0.258571428571
804,603699,纽威股份,8,6.0,2.0,0.0,0.0,0.0,2.06492886307,2.4625,3.02125,3.635714285714
805,600015,华夏银行,8,2.0,6.0,0.0,0.0,0.0,1.709087166473,1.615,1.65,1.752857142857
806,600760,中航沈飞,8,6.0,2.0,0.0,0.0,0.0,1.240863377865,1.24,1.45,1.7275
807,688322,奥比中光,8,5.0,3.0,0.0,0.0,0.0,0.309833364045,0.723625,1.241375,1.836333333333
808,301367,瑞迈特,8,6.0,2.0,0.0,0.0,0.0,1.801143126849,2.94125,3.65625,4.55
809,300680,隆盛科技,8,7.0,1.0,0.0,0.0,0.0,0.817024563764,1.2475,1.455,1.704285714286
810,000513,丽珠集团,8,5.0,3.0,0.0,0.0,0.0,2.27867213361,2.328888888889,2.611111111111,2.975714285714
811,002881,美格智能,8,6.0,2.0,0.0,0.0,0.0,0.472472753212,0.68175,1.026625,1.405375
812,002739,儒意电影,8,6.0,2.0,0.0,0.0,0.0,0.243406631217,0.44625,0.58625,0.692857142857
813,601615,明阳智能,8,5.0,3.0,0.0,0.0,0.0,0.291786289575,0.709125,1.004125,1.337666666667
814,688167,炬光科技,8,6.0,2.0,0.0,0.0,0.0,-0.295142753741,0.642857142857,1.965714285714,3.638571428571
815,603256,宏和科技,8,3.0,5.0,0.0,0.0,0.0,0.223210659574,1.015,1.8775,3.591666666667
816,002379,宏桥控股,8,5.0,3.0,0.0,0.0,0.0,1.370837072604,2.404285714286,2.455714285714,2.518571428571
817,605598,上海港湾,8,6.0,2.0,0.0,0.0,0.0,0.272397740646,0.417142857143,0.527142857143,0.606666666667
818,688102,斯瑞新材,8,4.0,4.0,0.0,0.0,0.0,0.188967803908,0.26375,0.35,0.46
819,600562,国睿科技,8,6.0,2.0,0.0,0.0,0.0,0.506104247866,0.60375,0.745,0.97375
820,601618,中国中冶,8,4.0,4.0,0.0,0.0,0.0,0.063879389483,0.27125,0.2875,0.30125
821,600863,华能蒙电,8,6.0,2.0,0.0,0.0,0.0,0.318235959296,0.324125,0.367625,0.384142857143
822,002697,红旗连锁,8,5.0,3.0,0.0,0.0,0.0,0.353383454618,0.37,0.38875,0.4075
823,300763,锦浪科技,8,4.0,3.0,1.0,0.0,0.0,1.873528370997,3.55125,4.9625,6.405714285714
824,002683,广东宏大,8,6.0,2.0,0.0,0.0,0.0,1.259643285987,1.68,1.96125,2.2675
825,000688,国城矿业,8,8.0,0.0,0.0,0.0,0.0,0.908371754829,1.749375,2.386375,3.457875
826,601869,长飞光纤,8,3.0,5.0,0.0,0.0,0.0,0.982887118508,8.859375,12.486875,15.91675
827,000422,湖北宜化,8,4.0,4.0,0.0,0.0,0.0,0.743471165886,0.81125,1.00875,1.197142857143
828,301308,江波龙,8,5.0,3.0,0.0,0.0,0.0,3.312552178216,33.9125,27.60625,26.45625
829,002236,大华股份,8,5.0,3.0,0.0,0.0,0.0,1.180059452114,1.2175,1.3475,1.50375
830,301011,华立科技,8,8.0,0.0,0.0,0.0,0.0,0.447023165315,0.591428571429,0.752857142857,0.896
831,603416,信捷电气,8,7.0,1.0,0.0,0.0,0.0,1.619143581175,2.01325,2.446875,2.918
832,605007,五洲特纸,8,6.0,2.0,0.0,0.0,0.0,0.514470160084,1.01625,1.28875,1.5175
833,300682,朗新科技,8,5.0,3.0,0.0,0.0,0.0,0.097345252667,0.3475,0.53,0.668571428571
834,300593,新雷能,8,5.0,3.0,0.0,0.0,0.0,-0.360270982258,0.124285714286,0.628571428571,1.062857142857
835,603801,志邦家居,8,5.0,3.0,0.0,0.0,0.0,0.471302105097,0.440444444444,0.553777777778,0.653
836,300570,太辰光,8,5.0,3.0,0.0,0.0,0.0,1.31628467261,2.344625,3.96,5.568125
837,000534,万泽股份,8,6.0,2.0,0.0,0.0,0.0,0.386653067222,0.645714285714,0.92,1.28
838,300747,锐科激光,8,5.0,3.0,0.0,0.0,0.0,0.288161205199,0.47125,0.665,0.834285714286
839,688050,爱博医疗,8,3.0,4.0,1.0,0.0,0.0,1.386338154962,2.11125,2.51875,2.987142857143
840,688545,兴福电子,8,7.0,1.0,0.0,0.0,0.0,0.57449321975,0.86125,1.315,1.84
841,688677,海泰新光,8,6.0,2.0,0.0,0.0,0.0,1.424328178299,1.804444444444,2.324444444444,2.898888888889
842,002997,瑞鹄模具,8,4.0,4.0,0.0,0.0,0.0,1.871863119441,2.4125,2.925,3.388333333333
843,002170,芭田股份,8,7.0,1.0,0.0,0.0,0.0,0.937943910273,1.32,1.5425,1.75875
844,000661,长春高新,8,5.0,3.0,0.0,0.0,0.0,0.379890159113,2.761111111111,3.347777777778,4.278888888889
845,002979,雷赛智能,8,5.0,3.0,0.0,0.0,0.0,0.713117422963,1.1395,1.51325,1.870714285714
846,300207,欣旺达,8,6.0,2.0,0.0,0.0,0.0,0.572263060052,1.294285714286,1.858571428571,2.508333333333
847,600350,山东高速,8,3.0,5.0,0.0,0.0,0.0,0.663051471707,0.66375,0.6975,0.734285714286
848,688508,芯朋微,8,5.0,3.0,0.0,0.0,0.0,1.406886582822,1.5075,1.97125,2.50625
849,601975,招商南油,8,3.0,5.0,0.0,0.0,0.0,0.280211668142,0.40875,0.425,0.452857142857
850,605333,沪光股份,8,6.0,2.0,0.0,0.0,0.0,1.037006639374,1.08625,1.37375,1.661428571429
851,603809,豪能股份,8,7.0,1.0,0.0,0.0,0.0,0.301148293027,0.45625,0.55625,0.678571428571
852,688772,珠海冠宇,8,5.0,3.0,0.0,0.0,0.0,0.414358718425,0.58,1.0425,1.366666666667
853,002859,洁美科技,8,7.0,0.0,1.0,0.0,0.0,0.484569279474,1.0,1.4175,1.52
854,605296,神农集团,8,4.0,4.0,0.0,0.0,0.0,0.64413524188,-0.1225,1.53125,1.96875
855,600305,恒顺醋业,8,2.0,6.0,0.0,0.0,0.0,0.130028270623,0.14875,0.16875,0.181428571429
856,000498,山东路桥,8,6.0,2.0,0.0,0.0,0.0,1.434639246947,1.35875,1.4,1.4525
857,300725,药石科技,8,5.0,3.0,0.0,0.0,0.0,0.785841512093,1.035714285714,1.392857142857,1.812857142857
858,001286,陕西能源,8,7.0,1.0,0.0,0.0,0.0,0.802533016544,0.86125,0.93875,0.96875
859,600583,海油工程,8,5.0,3.0,0.0,0.0,0.0,0.471447371742,0.5325,0.61375,0.668571428571
860,300223,君正股份,8,6.0,2.0,0.0,0.0,0.0,0.730604534697,2.375,2.99,3.49875
861,600879,航天电子,7,3.0,4.0,0.0,0.0,0.0,0.068795068199,0.114285714286,0.148571428571,0.194285714286
862,600167,联美控股,7,4.0,3.0,0.0,0.0,0.0,0.303149054525,0.335,0.35625,0.375
863,603067,振华股份,7,6.0,1.0,0.0,0.0,0.0,0.872288662553,1.018428571429,1.294714285714,1.619285714286
864,600195,中牧股份,7,3.0,4.0,0.0,0.0,0.0,0.167768090816,0.241428571429,0.327142857143,0.38
865,000039,中集集团,7,7.0,0.0,0.0,0.0,0.0,0.040949312053,0.647142857143,0.862714285714,1.089142857143
866,600383,金地集团,7,1.0,5.0,1.0,0.0,0.0,-2.941875786596,-1.23,-0.758571428571,-0.355714285714
867,600111,北方稀土,7,6.0,1.0,0.0,0.0,0.0,0.622747184166,1.242571428571,1.555857142857,1.853714285714
868,688221,前沿生物,7,5.0,2.0,0.0,0.0,0.0,-0.715612141491,-0.055714285714,-0.387142857143,-0.502
869,600461,洪城环境,7,6.0,1.0,0.0,0.0,0.0,0.929182158214,0.97,1.004285714286,1.037142857143
870,688796,百奥赛图,7,4.0,3.0,0.0,0.0,0.0,0.387559695467,0.835714285714,1.321428571429,1.95
871,600085,同仁堂,7,3.0,4.0,0.0,0.0,0.0,0.867225772104,0.98375,1.11375,1.272857142857
872,600642,申能股份,7,4.0,3.0,0.0,0.0,0.0,0.820050114929,0.751714285714,0.788428571429,0.818857142857
873,600389,江山股份,7,4.0,3.0,0.0,0.0,0.0,1.236737102636,1.64,2.077142857143,2.568333333333
874,688396,华润微,7,3.0,4.0,0.0,0.0,0.0,0.49731806442,0.885714285714,1.177142857143,1.478571428571
875,002752,昇兴股份,7,4.0,3.0,0.0,0.0,0.0,0.314403275412,0.45625,0.55375,0.64625
876,600019,宝钢股份,7,5.0,2.0,0.0,0.0,0.0,0.474960126842,0.476666666667,0.52,0.561666666667
877,600993,马应龙,7,6.0,1.0,0.0,0.0,0.0,1.349001562986,1.567142857143,1.78,2.031428571429
878,601777,千里科技,7,6.0,1.0,0.0,0.0,0.0,0.018669839841,0.03,0.09,0.116666666667
879,300041,回天新材,7,6.0,1.0,0.0,0.0,0.0,0.394309767777,0.514285714286,0.63,0.771428571429
880,300251,光线传媒,7,4.0,3.0,0.0,0.0,0.0,0.570001340212,0.25,0.364285714286,0.424
881,603383,顶点软件,7,3.0,4.0,0.0,0.0,0.0,0.86769014422,1.01,1.245714285714,1.45
882,002335,科华数据,7,6.0,1.0,0.0,0.0,0.0,0.554059202463,1.318571428571,1.861428571429,2.36
883,000928,中钢国际,7,5.0,2.0,0.0,0.0,0.0,0.338232313429,0.44,0.477142857143,0.512857142857
884,600966,博汇纸业,7,5.0,2.0,0.0,0.0,0.0,0.116310544531,0.246666666667,0.363333333333,0.443333333333
885,688612,威迈斯,7,5.0,2.0,0.0,0.0,0.0,1.331911437985,1.548571428571,1.957142857143,2.417142857143
886,601877,正泰电器,7,4.0,3.0,0.0,0.0,0.0,2.094682203583,2.513333333333,2.893333333333,3.408
887,601958,金钼股份,7,5.0,2.0,0.0,0.0,0.0,0.977747821667,1.243857142857,1.429571428571,1.557285714286
888,002612,朗姿股份,7,6.0,1.0,0.0,0.0,0.0,2.258550737817,0.752857142857,1.007142857143,1.221428571429
889,688581,安杰思,7,4.0,3.0,0.0,0.0,0.0,2.745978795614,3.008571428571,3.46,4.035714285714
890,002246,北化股份,7,5.0,2.0,0.0,0.0,0.0,0.47906503594,0.802857142857,1.07,1.377142857143
891,920116,星图测控,7,2.0,5.0,0.0,0.0,0.0,0.45077516673,0.8,0.984285714286,1.193333333333
892,000543,皖能电力,7,5.0,2.0,0.0,0.0,0.0,0.94806643941,0.804714285714,0.898714285714,0.981571428571
893,600123,兰花科创,7,3.0,4.0,0.0,0.0,0.0,-0.366487961957,0.23,0.332857142857,0.427142857143
894,688258,卓易信息,7,6.0,1.0,0.0,0.0,0.0,0.658211666506,1.507142857143,2.402857142857,3.442857142857
895,002961,瑞达期货,7,4.0,3.0,0.0,0.0,0.0,1.146810471788,1.667142857143,1.918571428571,2.225714285714
896,601966,玲珑轮胎,7,4.0,3.0,0.0,0.0,0.0,0.935338879731,0.891666666667,1.226666666667,1.464
897,920522,纳科诺尔,7,4.0,3.0,0.0,0.0,0.0,0.300381154185,0.872857142857,1.27,1.522
898,002797,第一创业,7,2.0,4.0,1.0,0.0,0.0,0.200221031846,0.23875,0.26,0.2775
899,688818,电科蓝天,7,4.0,3.0,0.0,0.0,0.0,0.188295709618,0.28,0.438571428571,0.606666666667
900,920242,建邦科技,7,6.0,1.0,0.0,0.0,0.0,0.908515227085,1.555714285714,1.728571428571,1.968571428571
901,603916,苏博特,7,4.0,3.0,0.0,0.0,0.0,0.287855124217,0.414285714286,0.522857142857,0.608571428571
902,603187,海容冷链,7,6.0,1.0,0.0,0.0,0.0,1.005609445066,1.018333333333,1.243333333333,1.421666666667
903,920438,戈碧迦,7,1.0,6.0,0.0,0.0,0.0,0.204794285724,0.64,1.138571428571,1.466666666667
904,688032,禾迈股份,7,4.0,3.0,0.0,0.0,0.0,-1.298610865515,1.258333333333,2.645,3.892
905,000700,模塑科技,7,6.0,1.0,0.0,0.0,0.0,0.526107073974,0.657142857143,0.784285714286,0.905714285714
906,688116,天奈科技,7,4.0,3.0,0.0,0.0,0.0,0.621511073639,1.118571428571,1.668571428571,2.296666666667
907,300803,指南针,7,4.0,3.0,0.0,0.0,0.0,0.369693461577,0.554285714286,0.744285714286,0.932857142857
908,603214,爱婴室,7,5.0,2.0,0.0,0.0,0.0,0.587966030195,0.8675,1.03,1.18375
909,920491,奥迪威,7,4.0,3.0,0.0,0.0,0.0,0.666196540137,0.73,0.934285714286,1.137142857143
910,600498,烽火通信,7,6.0,1.0,0.0,0.0,0.0,0.320898959706,1.06,1.353333333333,1.656
911,601555,东吴证券,7,1.0,6.0,0.0,0.0,0.0,0.714904899011,0.704285714286,0.774285714286,0.84
912,301332,德尔玛,7,3.0,4.0,0.0,0.0,0.0,0.280873418919,0.294285714286,0.328571428571,0.36
913,600299,安迪苏,7,6.0,1.0,0.0,0.0,0.0,0.374874927927,0.511666666667,0.581666666667,0.64
914,688410,山外山,7,6.0,1.0,0.0,0.0,0.0,0.326044210132,0.6525,0.8625,1.114285714286
915,001289,龙源电力,7,5.0,2.0,0.0,0.0,0.0,0.541425400427,0.532857142857,0.597142857143,0.661428571429
916,688629,华丰科技,7,4.0,3.0,0.0,0.0,0.0,0.765761342956,1.7725,2.91,4.542857142857
917,002100,天康生物,7,5.0,2.0,0.0,0.0,0.0,0.154282835716,0.02,0.632857142857,0.676666666667
918,300783,三只松鼠,7,3.0,4.0,0.0,0.0,0.0,0.386761223581,0.77,0.895,1.03
919,002993,奥海科技,7,6.0,1.0,0.0,0.0,0.0,1.530168394979,2.155,2.715,3.38
920,300035,中科电气,7,4.0,3.0,0.0,0.0,0.0,0.685654213914,0.746666666667,1.34,1.775
921,600845,宝信软件,7,5.0,2.0,0.0,0.0,0.0,0.456632178394,0.615714285714,0.724285714286,0.838333333333
922,002911,佛燃能源,7,5.0,2.0,0.0,0.0,0.0,0.793626601021,0.852857142857,0.937142857143,1.021428571429
923,688510,航亚科技,7,6.0,1.0,0.0,0.0,0.0,0.392157254247,0.632857142857,0.905714285714,1.221428571429
924,002416,爱施德,7,6.0,1.0,0.0,0.0,0.0,0.302098874039,0.337142857143,0.447142857143,0.497142857143
925,600166,福田汽车,7,5.0,2.0,0.0,0.0,0.0,0.172256894717,0.262857142857,0.331428571429,0.408571428571
926,002459,晶澳科技,7,6.0,1.0,0.0,0.0,0.0,-1.392342348579,-0.352833333333,0.443333333333,0.9045
927,002643,万润股份,7,5.0,2.0,0.0,0.0,0.0,0.310602092068,0.45,0.542857142857,0.645
928,688550,瑞联新材,7,6.0,1.0,0.0,0.0,0.0,1.756595284123,2.115714285714,2.635714285714,3.2
929,603014,威高血净,7,5.0,2.0,0.0,0.0,0.0,1.154499050477,1.309142857143,1.459285714286,1.670166666667
930,603868,飞科电器,7,1.0,6.0,0.0,0.0,0.0,1.175584650321,1.405,1.55,1.705714285714
931,002957,科瑞技术,7,4.0,3.0,0.0,0.0,0.0,0.650227687482,0.884285714286,1.167142857143,1.504285714286
932,003018,金富科技,7,6.0,1.0,0.0,0.0,0.0,0.321335273146,0.842857142857,1.511428571429,2.042857142857
933,603612,索通发展,7,4.0,3.0,0.0,0.0,0.0,1.499009332619,2.034285714286,2.518571428571,2.85
934,600391,航发科技,7,5.0,2.0,0.0,0.0,0.0,0.184403418191,0.321428571429,0.47,0.651666666667
935,301275,汉朔科技,7,4.0,3.0,0.0,0.0,0.0,1.06946189858,1.43,1.95,2.724
936,688143,长盈通,7,4.0,3.0,0.0,0.0,0.0,0.185810142804,0.668571428571,1.085714285714,1.58
937,600009,上海机场,7,2.0,5.0,0.0,0.0,0.0,0.85068683169,1.020857142857,1.174285714286,1.293666666667
938,000719,中原传媒,7,6.0,1.0,0.0,0.0,0.0,1.344451739836,1.401428571429,1.481428571429,1.542857142857
939,688062,迈威生物,7,3.0,4.0,0.0,0.0,0.0,-2.16984135711,-1.424285714286,-0.757142857143,-0.092857142857
940,000598,兴蓉环境,7,5.0,2.0,0.0,0.0,0.0,0.671918870799,0.714285714286,0.774285714286,0.824285714286
941,300724,捷佳伟创,7,4.0,3.0,0.0,0.0,0.0,7.513935451278,3.011857142857,3.208428571429,3.795
942,601222,林洋能源,7,6.0,1.0,0.0,0.0,0.0,0.119661228517,0.362857142857,0.447142857143,0.508333333333
943,603063,禾望电气,7,5.0,2.0,0.0,0.0,0.0,1.1440931017,1.412857142857,1.695714285714,2.001428571429
944,688006,杭可科技,7,6.0,1.0,0.0,0.0,0.0,0.610218762667,0.817142857143,1.147142857143,1.45
945,688348,昱能科技,7,3.0,3.0,1.0,0.0,0.0,-0.859751590049,0.835,1.416666666667,2.138
946,605077,华康股份,7,5.0,2.0,0.0,0.0,0.0,0.661700946626,0.798571428571,1.122857142857,1.542857142857
947,688249,晶合集成,7,5.0,2.0,0.0,0.0,0.0,0.315130259226,0.441428571429,0.634285714286,0.915714285714
948,688552,航天南湖,7,5.0,2.0,0.0,0.0,0.0,0.09474128579,0.194285714286,0.448571428571,0.641428571429
949,601330,绿色动力,7,5.0,2.0,0.0,0.0,0.0,0.43169634733,0.525714285714,0.557142857143,0.584285714286
950,601607,上海医药,7,6.0,1.0,0.0,0.0,0.0,1.543689047416,1.473333333333,1.58,1.71375
951,002511,中顺洁柔,7,2.0,5.0,0.0,0.0,0.0,0.248690384816,0.354285714286,0.422857142857,0.495
952,600157,永泰能源,7,3.0,4.0,0.0,0.0,0.0,0.009561918697,0.027571428571,0.053714285714,0.075
953,600998,九州通,7,5.0,2.0,0.0,0.0,0.0,0.447174451928,0.444285714286,0.49,0.548333333333
954,688122,西部超导,7,6.0,1.0,0.0,0.0,0.0,1.291853459648,1.37,1.611428571429,1.891428571429
955,300624,万兴科技,7,3.0,4.0,0.0,0.0,0.0,-0.471883346763,0.14,0.41,0.617142857143
956,688293,奥浦迈,7,5.0,2.0,0.0,0.0,0.0,0.293250540833,1.015,1.43125,1.89375
957,601818,光大银行,7,3.0,3.0,1.0,0.0,0.0,0.65711496809,0.582857142857,0.59,0.621666666667
958,603049,中策橡胶,7,5.0,2.0,0.0,0.0,0.0,4.742749860759,5.212857142857,5.868571428571,6.561666666667
959,000028,国药一致,7,4.0,3.0,0.0,0.0,0.0,1.855417816893,2.18625,2.34125,2.591428571429
960,300627,华测导航,7,7.0,0.0,0.0,0.0,0.0,0.86328200312,1.008333333333,1.328333333333,1.646666666667
961,603711,香飘飘,7,3.0,4.0,0.0,0.0,0.0,0.230679487379,0.515714285714,0.582857142857,0.677142857143
962,605555,德昌股份,7,3.0,4.0,0.0,0.0,0.0,0.336076065803,0.445714285714,0.662857142857,0.816666666667
963,002949,华阳国际,7,6.0,1.0,0.0,0.0,0.0,0.461988411615,0.544285714286,0.595714285714,0.642857142857
964,301039,中集车辆,7,3.0,4.0,0.0,0.0,0.0,0.482101209385,0.505714285714,0.638571428571,0.81
965,600566,济川药业,7,7.0,0.0,0.0,0.0,0.0,1.929404218085,1.972142857143,2.122428571429,2.339714285714
966,603402,陕西旅游,7,4.0,3.0,0.0,0.0,0.0,3.821992251645,4.056666666667,4.731666666667,5.548
967,688480,赛恩斯,7,6.0,1.0,0.0,0.0,0.0,1.11345649908,1.678571428571,3.008571428571,4.157142857143
968,600499,科达制造,7,5.0,2.0,0.0,0.0,0.0,0.682461630674,1.386,1.564142857143,1.714
969,920429,康比特,7,1.0,6.0,0.0,0.0,0.0,0.316798294049,0.374285714286,0.557142857143,0.911666666667
970,920509,同惠电子,7,2.0,5.0,0.0,0.0,0.0,0.430587987529,0.521428571429,0.635714285714,0.772857142857
971,002140,东华科技,7,6.0,1.0,0.0,0.0,0.0,0.752612675984,0.842857142857,0.96,1.085714285714
972,002096,易普力,7,4.0,3.0,0.0,0.0,0.0,0.638986216698,0.733857142857,0.829142857143,0.937714285714
973,920640,富士达,7,4.0,3.0,0.0,0.0,0.0,0.414033222215,0.574285714286,0.735714285714,0.911428571429
974,002534,西子洁能,7,4.0,3.0,0.0,0.0,0.0,0.522262563357,0.558888888889,0.724555555556,0.854555555556
975,300788,中信出版,7,4.0,3.0,0.0,0.0,0.0,0.684162224845,0.868571428571,0.96,1.088
976,688065,凯赛生物,7,6.0,1.0,0.0,0.0,0.0,0.777385236273,1.066666666667,1.233333333333,1.435
977,688336,三生国健,7,5.0,2.0,0.0,0.0,0.0,3.235017098315,0.753857142857,0.914571428571,1.196857142857
978,605337,李子园,6,3.0,3.0,0.0,0.0,0.0,0.506397936385,0.42,0.473333333333,0.521666666667
979,600186,莲花控股,6,6.0,0.0,0.0,0.0,0.0,0.172426107616,0.248333333333,0.338333333333,0.451666666667
980,300919,中伟新材,6,6.0,0.0,0.0,0.0,0.0,1.500538464331,2.58,3.15,3.765
981,000600,建投能源,6,3.0,3.0,0.0,0.0,0.0,1.041753250327,0.99,1.083333333333,1.145
982,600395,盘江股份,6,3.0,2.0,1.0,0.0,0.0,0.153496365798,0.270333333333,0.312,0.413833333333
983,002970,锐明技术,6,5.0,1.0,0.0,0.0,0.0,2.073740433851,2.773333333333,3.723333333333,5.1775
984,603100,川仪股份,6,6.0,0.0,0.0,0.0,0.0,1.252104962965,1.300166666667,1.476166666667,1.726166666667
985,000089,深圳机场,6,2.0,3.0,1.0,0.0,0.0,0.256101604215,0.443333333333,0.381666666667,0.466
986,920179,凯德石英,6,3.0,3.0,0.0,0.0,0.0,0.324314135039,0.426666666667,0.783333333333,1.28
987,920357,雅葆轩,6,2.0,4.0,0.0,0.0,0.0,0.632359065838,1.038333333333,1.233333333333,1.47
988,000521,长虹美菱,6,2.0,4.0,0.0,0.0,0.0,0.398485761725,0.378571428571,0.43,0.485714285714
989,601098,中南传媒,6,5.0,1.0,0.0,0.0,0.0,0.887583060885,0.905,0.93,0.946
990,603218,日月股份,6,1.0,4.0,1.0,0.0,0.0,0.537308589727,0.631666666667,0.78,0.948
991,603297,永新光学,6,4.0,2.0,0.0,0.0,0.0,1.98555957359,2.815,3.743333333333,4.766
992,688291,金橙子,6,5.0,1.0,0.0,0.0,0.0,0.359192889808,0.858571428571,0.914285714286,1.195714285714
993,688233,神工股份,6,3.0,3.0,0.0,0.0,0.0,0.599140557485,1.405,2.236666666667,3.041666666667
994,301301,川宁生物,6,4.0,2.0,0.0,0.0,0.0,0.344492818488,0.403333333333,0.468333333333,0.523333333333
995,301603,乔锋智能,6,4.0,2.0,0.0,0.0,0.0,2.908428714972,4.805,7.213333333333,9.131666666667
996,000997,新大陆,6,5.0,1.0,0.0,0.0,0.0,0.99786128706,1.13,1.47,1.813333333333
997,603323,苏农银行,6,4.0,1.0,1.0,0.0,0.0,0.920233771624,1.022,1.078,1.148
998,603101,汇嘉时代,6,4.0,2.0,0.0,0.0,0.0,0.163469028359,0.271666666667,0.336666666667,0.405
999,300244,迪安诊断,6,5.0,1.0,0.0,0.0,0.0,0.070486581738,0.725,0.893333333333,1.0825
1000,300132,诺斯贝尔,6,4.0,2.0,0.0,0.0,0.0,0.296618912687,0.348571428571,0.431428571429,0.514285714286
1001,301349,信德新材,6,6.0,0.0,0.0,0.0,0.0,0.271011464684,1.466,2.052,1.7975
1002,300201,海伦哲,6,6.0,0.0,0.0,0.0,0.0,0.306269511988,0.498333333333,0.718333333333,0.938333333333
1003,000887,中鼎股份,6,5.0,1.0,0.0,0.0,0.0,1.207298462249,1.28,1.466,1.7075
1004,000778,新兴铸管,6,2.0,4.0,0.0,0.0,0.0,0.238990579902,0.266,0.302,0.344
1005,600595,中孚实业,6,3.0,3.0,0.0,0.0,0.0,0.403525842089,0.948333333333,0.985,1.016666666667
1006,000959,首钢股份,6,2.0,4.0,0.0,0.0,0.0,0.128386867647,0.154,0.2,0.264
1007,300926,博俊科技,6,6.0,0.0,0.0,0.0,0.0,1.943603401421,2.441666666667,3.04,3.736666666667
1008,301029,怡合达,6,3.0,3.0,0.0,0.0,0.0,0.805275031291,1.01,1.213333333333,1.46
1009,920839,万通液压,6,4.0,2.0,0.0,0.0,0.0,1.061944561682,1.226666666667,1.451666666667,1.704
1010,002588,史丹利,6,3.0,3.0,0.0,0.0,0.0,0.896928189473,0.94,1.121666666667,1.288333333333
1011,300818,耐普矿机,6,4.0,2.0,0.0,0.0,0.0,0.354477618622,0.734833333333,1.184,1.59425
1012,600502,安徽建工,6,4.0,2.0,0.0,0.0,0.0,0.888874609131,0.968333333333,1.05,1.143333333333
1013,300811,铂科新材,6,4.0,2.0,0.0,0.0,0.0,1.025278013029,1.744333333333,2.282166666667,2.921666666667
1014,601598,中国外运,6,4.0,2.0,0.0,0.0,0.0,0.560626842014,0.495,0.523666666667,0.5462
1015,300990,同飞股份,6,5.0,1.0,0.0,0.0,0.0,1.47709508915,2.689166666667,3.820166666667,5.3684
1016,300976,达瑞电子,6,4.0,2.0,0.0,0.0,0.0,1.507781497328,2.546666666667,3.36,4.15
1017,300607,拓斯达,6,1.0,5.0,0.0,0.0,0.0,0.154877928202,0.348333333333,0.468333333333,0.59
1018,300856,科思股份,6,4.0,2.0,0.0,0.0,0.0,0.227111417075,0.363333333333,0.451666666667,0.556
1019,605319,无锡振华,6,4.0,2.0,0.0,0.0,0.0,1.328744682088,1.489333333333,1.759166666667,1.9246
1020,300772,运达股份,6,4.0,2.0,0.0,0.0,0.0,0.432019063511,1.0428,1.8682,2.35575
1021,300918,南山智尚,6,4.0,2.0,0.0,0.0,0.0,0.253062292441,0.333333333333,0.41,0.496
1022,300357,我武生物,6,4.0,2.0,0.0,0.0,0.0,0.727564219571,0.853333333333,1.0,1.186666666667
1023,600869,远东股份,6,6.0,0.0,0.0,0.0,0.0,0.026528340872,0.36,0.578333333333,0.816666666667
1024,000524,岭南控股,6,0.0,6.0,0.0,0.0,0.0,0.104536153376,0.15,0.171666666667,0.198333333333
1025,603279,景津装备,6,5.0,1.0,0.0,0.0,0.0,0.903170467996,1.158333333333,1.385,1.625
1026,600007,中国国贸,6,2.0,4.0,0.0,0.0,0.0,1.19360328152,1.158333333333,1.146666666667,1.168
1027,600356,恒丰纸业,6,6.0,0.0,0.0,0.0,0.0,0.600003653465,0.706666666667,0.806666666667,0.905
1028,688376,美埃科技,6,6.0,0.0,0.0,0.0,0.0,0.895320760343,2.17,2.915,3.798333333333
1029,300685,艾德生物,6,4.0,2.0,0.0,0.0,0.0,0.926045973644,1.071428571429,1.24,1.426666666667
1030,920476,海能技术,6,3.0,3.0,0.0,0.0,0.0,0.470272789397,0.64,0.783333333333,0.955
1031,600201,生物股份,6,3.0,3.0,0.0,0.0,0.0,0.091016551581,0.215,0.301666666667,0.42
1032,688049,炬芯科技,6,6.0,0.0,0.0,0.0,0.0,1.162315184832,1.638333333333,2.21,2.975
1033,603071,物产环能,6,6.0,0.0,0.0,0.0,0.0,1.143983001447,1.535,1.62,1.733333333333
1034,688389,普门科技,6,5.0,1.0,0.0,0.0,0.0,0.429934779392,0.511428571429,0.615714285714,0.748571428571
1035,002158,汉钟精机,6,4.0,2.0,0.0,0.0,0.0,0.876601601242,1.113333333333,1.361666666667,1.591666666667
1036,601298,青岛港,6,4.0,2.0,0.0,0.0,0.0,0.812112907365,0.846666666667,0.898333333333,0.936666666667
1037,603009,北特科技,6,4.0,2.0,0.0,0.0,0.0,0.345127985648,0.456666666667,0.795,1.473333333333
1038,300363,博腾股份,6,4.0,2.0,0.0,0.0,0.0,0.177277166062,0.093333333333,0.658333333333,1.068
1039,688802,沐曦股份,6,4.0,2.0,0.0,0.0,0.0,-1.973122461435,0.211666666667,2.86,4.498
1040,601882,海天精工,6,3.0,3.0,0.0,0.0,0.0,0.821817488582,0.971666666667,1.126666666667,1.29
1041,001316,润贝航科,6,6.0,0.0,0.0,0.0,0.0,1.140960576847,1.931666666667,2.476666666667,3.148333333333
1042,688382,益方生物,6,5.0,1.0,0.0,0.0,0.0,-0.546704920864,-0.393333333333,-0.218333333333,-0.05
1043,688729,屹唐股份,6,4.0,2.0,0.0,0.0,0.0,0.226955063294,0.29,0.415,0.603333333333
1044,688295,中复神鹰,6,3.0,3.0,0.0,0.0,0.0,0.106871218789,0.251666666667,0.411666666667,0.61
1045,301155,海力风电,6,4.0,2.0,0.0,0.0,0.0,1.59581380375,2.528333333333,4.306666666667,6.154
1046,002139,拓邦股份,6,3.0,3.0,0.0,0.0,0.0,0.291837341238,0.403333333333,0.52,0.602
1047,002212,天融信,6,4.0,2.0,0.0,0.0,0.0,0.062929587966,0.1,0.131428571429,0.164285714286
1048,002034,旺能环境,6,5.0,1.0,0.0,0.0,0.0,1.395754655404,1.535,1.643333333333,1.766666666667
1049,002129,TCL中环,6,5.0,1.0,0.0,0.0,0.0,-2.291256692275,-0.8616,0.4832,1.0316
1050,300818,耐普矿机,6,4.0,2.0,0.0,0.0,0.0,0.354477618622,0.734833333333,1.184,1.59425
1051,300357,我武生物,6,4.0,2.0,0.0,0.0,0.0,0.727564219571,0.853333333333,1.0,1.186666666667
1052,600869,远东股份,6,6.0,0.0,0.0,0.0,0.0,0.026528340872,0.36,0.578333333333,0.816666666667
1053,000524,岭南控股,6,0.0,6.0,0.0,0.0,0.0,0.104536153376,0.15,0.171666666667,0.198333333333
1054,603279,景津装备,6,5.0,1.0,0.0,0.0,0.0,0.903170467996,1.158333333333,1.385,1.625
1055,600673,东阳光,6,5.0,1.0,0.0,0.0,0.0,0.091531792271,0.586166666667,0.754166666667,0.846666666667
1056,300580,贝斯特,6,5.0,1.0,0.0,0.0,0.0,0.55344344147,0.640666666667,0.750333333333,0.859
1057,300811,铂科新材,6,4.0,2.0,0.0,0.0,0.0,1.025278013029,1.744333333333,2.282166666667,2.921666666667
1058,000783,长江证券,6,2.0,3.0,1.0,0.0,0.0,0.668419893515,0.9,0.89,0.943333333333
1059,601033,永兴股份,6,5.0,1.0,0.0,0.0,0.0,0.956161491244,1.088333333333,1.193333333333,1.291666666667
1060,688717,艾罗能源,6,4.0,2.0,0.0,0.0,0.0,0.75575338525,5.086666666667,7.105,8.446
1061,301580,爱迪特,6,5.0,1.0,0.0,0.0,0.0,1.31523081972,1.87,2.7725,3.465
1062,688625,呈和科技,6,4.0,2.0,0.0,0.0,0.0,1.062079235116,1.526666666667,1.983,2.4142
1063,688533,上声电子,6,4.0,2.0,0.0,0.0,0.0,1.106788328717,1.293333333333,1.618333333333,1.895
1064,300772,运达股份,6,4.0,2.0,0.0,0.0,0.0,0.432019063511,1.0428,1.8682,2.35575
1065,605319,无锡振华,6,4.0,2.0,0.0,0.0,0.0,1.328744682088,1.489333333333,1.759166666667,1.9246
1066,301327,华宝新能,6,4.0,2.0,0.0,0.0,0.0,0.098369926714,1.303833333333,2.176666666667,3.0812
1067,301155,海力风电,6,4.0,2.0,0.0,0.0,0.0,1.59581380375,2.528333333333,4.306666666667,6.154
1068,002727,一心堂,6,4.0,2.0,0.0,0.0,0.0,0.449847330225,0.735,0.851666666667,0.983333333333
1069,000603,盛达资源,6,5.0,1.0,0.0,0.0,0.0,0.77170850425,1.801333333333,2.424833333333,2.953666666667
1070,001316,润贝航科,6,6.0,0.0,0.0,0.0,0.0,1.140960576847,1.931666666667,2.476666666667,3.148333333333
1071,688382,益方生物,6,5.0,1.0,0.0,0.0,0.0,-0.546704920864,-0.393333333333,-0.218333333333,-0.05
1072,688729,屹唐股份,6,4.0,2.0,0.0,0.0,0.0,0.226955063294,0.29,0.415,0.603333333333
1073,688295,中复神鹰,6,3.0,3.0,0.0,0.0,0.0,0.106871218789,0.251666666667,0.411666666667,0.61
1074,688802,沐曦股份,6,4.0,2.0,0.0,0.0,0.0,-1.973122461435,0.211666666667,2.86,4.498
1075,300856,科思股份,6,4.0,2.0,0.0,0.0,0.0,0.227111417075,0.363333333333,0.451666666667,0.556
1076,300685,艾德生物,6,4.0,2.0,0.0,0.0,0.0,0.926045973644,1.071428571429,1.24,1.426666666667
1077,300918,南山智尚,6,4.0,2.0,0.0,0.0,0.0,0.253062292441,0.333333333333,0.41,0.496
1078,688376,美埃科技,6,6.0,0.0,0.0,0.0,0.0,0.895320760343,2.17,2.915,3.798333333333
1079,601598,中国外运,6,4.0,2.0,0.0,0.0,0.0,0.560626842014,0.495,0.523666666667,0.5462
1080,300976,达瑞电子,6,4.0,2.0,0.0,0.0,0.0,1.507781497328,2.546666666667,3.36,4.15
1081,300607,拓斯达,6,1.0,5.0,0.0,0.0,0.0,0.154877928202,0.348333333333,0.468333333333,0.59
1082,001322,箭牌家居,6,2.0,4.0,0.0,0.0,0.0,0.047414696108,0.135,0.216666666667,0.306666666667
1083,300990,同飞股份,6,5.0,1.0,0.0,0.0,0.0,1.47709508915,2.689166666667,3.820166666667,5.3684
1084,920029,开发科技,6,2.0,4.0,0.0,0.0,0.0,3.414620077488,3.918333333333,4.65,4.485
1085,301267,华厦眼科,6,5.0,1.0,0.0,0.0,0.0,0.524588644012,0.606666666667,0.703333333333,0.806666666667
1086,603393,新天然气,6,6.0,0.0,0.0,0.0,0.0,1.903376578763,2.443333333333,2.886666666667,3.24
1087,688627,精智达,6,3.0,3.0,0.0,0.0,0.0,0.695022626493,3.053333333333,4.748333333333,6.751666666667
1088,002736,国信证券,6,3.0,3.0,0.0,0.0,0.0,1.081140287997,1.142,1.248,1.336
1089,600419,天润乳业,6,4.0,2.0,0.0,0.0,0.0,0.131476385538,0.388571428571,0.53,0.66
1090,688161,威高骨科,6,2.0,4.0,0.0,0.0,0.0,0.67160878655,0.805,0.966666666667,1.13
1091,605305,中际联合,6,6.0,0.0,0.0,0.0,0.0,2.495465746471,3.051666666667,3.723333333333,4.601666666667
1092,688123,聚辰股份,6,6.0,0.0,0.0,0.0,0.0,2.288043825899,4.186666666667,4.901666666667,7.13
1093,600977,中国电影,6,2.0,4.0,0.0,0.0,0.0,0.062422717997,0.138571428571,0.267142857143,0.305
1094,002839,张家港行,6,2.0,3.0,1.0,0.0,0.0,0.809613243126,0.836666666667,0.878333333333,0.928333333333
1095,300428,立中集团,6,5.0,1.0,0.0,0.0,0.0,1.292156303001,1.576,1.84,2.13
1096,688035,德邦科技,6,5.0,1.0,0.0,0.0,0.0,0.756521857073,1.21,2.065,3.156
1097,603579,荣泰健康,6,5.0,1.0,0.0,0.0,0.0,0.749568640834,0.924285714286,1.087142857143,1.231428571429
1098,688087,英科再生,6,6.0,0.0,0.0,0.0,0.0,1.479382132879,2.037142857143,2.448571428571,2.91
1099,002947,恒铭达,6,6.0,0.0,0.0,0.0,0.0,2.079687094683,2.888333333333,3.781666666667,4.703333333333
1100,300687,赛意信息,6,4.0,2.0,0.0,0.0,0.0,-0.262432452741,0.323333333333,0.635,0.912
1101,600803,新奥股份,6,4.0,2.0,0.0,0.0,0.0,1.512452353629,1.791666666667,1.99,2.236666666667
1102,001872,招商港口,6,3.0,3.0,0.0,0.0,0.0,1.857806915021,1.941666666667,2.05,2.156666666667
1103,000429,粤高速A,6,0.0,6.0,0.0,0.0,0.0,0.861551720425,0.756666666667,0.768333333333,0.756
1104,002930,宏川智慧,6,2.0,4.0,0.0,0.0,0.0,-0.938090313321,0.33,0.631666666667,0.768
1105,002241,歌尔股份,6,5.0,1.0,0.0,0.0,0.0,1.109237798607,0.98,1.295,1.635
1106,000034,神州数码,6,4.0,2.0,0.0,0.0,0.0,0.514334064314,1.103333333333,1.425,1.883333333333
1107,002791,坚朗五金,6,4.0,2.0,0.0,0.0,0.0,-0.283815434931,0.301666666667,0.503333333333,0.676666666667
1108,002749,国光股份,6,4.0,2.0,0.0,0.0,0.0,0.561049471194,0.741666666667,0.828333333333,0.834
1109,601107,四川成渝,6,4.0,2.0,0.0,0.0,0.0,0.49480878799,0.541666666667,0.563333333333,0.568
1110,002033,丽江股份,6,1.0,5.0,0.0,0.0,0.0,0.388499217305,0.435,0.47,0.535
1111,600129,太极集团,6,4.0,2.0,0.0,0.0,0.0,0.218654900708,0.566285714286,0.851571428571,1.107285714286
1112,002159,三特索道,6,4.0,2.0,0.0,0.0,0.0,0.808489160981,1.022,1.22,1.448
1113,000031,大悦城,6,3.0,3.0,0.0,0.0,0.0,-0.548319847776,-0.116666666667,0.065,0.135
1114,601567,三星电气,6,3.0,3.0,0.0,0.0,0.0,0.906598447021,1.1525,1.4265,1.7466
1115,688303,大全能源,6,3.0,3.0,0.0,0.0,0.0,-0.529518470923,-0.47,0.554,1.0225
1116,002803,吉宏股份,6,4.0,2.0,0.0,0.0,0.0,0.604546452226,0.795,1.008333333333,1.238
1117,920045,蘅东光,6,3.0,3.0,0.0,0.0,0.0,3.197417003897,6.676666666667,10.246666666667,13.681666666667
1118,600521,华海药业,5,4.0,1.0,0.0,0.0,0.0,0.177925573809,0.558,0.544,0.695
1119,300121,阳谷华泰,5,4.0,1.0,0.0,0.0,0.0,0.443232239889,0.608,0.738,0.868
1120,688710,益诺思,5,4.0,1.0,0.0,0.0,0.0,-0.216455844698,0.934,1.878,2.86
1121,000002,万科A,5,0.0,2.0,3.0,0.0,0.0,-7.422565331164,-2.626,-1.658,-0.898
1122,603688,石英股份,5,4.0,1.0,0.0,0.0,0.0,0.283068636465,0.615,1.1994,1.661
1123,600038,中直股份,5,3.0,2.0,0.0,0.0,0.0,0.795060946163,0.902,1.024,1.198
1124,920018,宏远股份,5,0.0,5.0,0.0,0.0,0.0,0.642592167655,1.048,1.336,1.704
1125,920060,万源通,5,2.0,3.0,0.0,0.0,0.0,0.820248719878,0.966,1.188,1.48
1126,920106,林泰新材,5,3.0,2.0,0.0,0.0,0.0,2.494916707219,2.71,3.566,4.46
1127,300286,安科瑞,5,4.0,1.0,0.0,0.0,0.0,0.81811829727,1.102,1.398,1.7925
1128,000803,山高环能,5,2.0,3.0,0.0,0.0,0.0,0.064977178034,0.318333333333,0.52,0.693333333333
1129,600353,旭光电子,5,4.0,1.0,0.0,0.0,0.0,0.194942069536,0.256,0.352,0.494
1130,300100,双林股份,5,4.0,1.0,0.0,0.0,0.0,0.869140922696,0.9,1.088,1.325
1131,601619,嘉泽新能,5,4.0,1.0,0.0,0.0,0.0,0.237180851815,0.2498,0.283,0.4592
1132,688626,翔宇医疗,5,2.0,3.0,0.0,0.0,0.0,0.488477762313,0.612,0.77,0.926
1133,688222,成都先导,5,1.0,4.0,0.0,0.0,0.0,0.273299001223,0.348,0.448,0.555
1134,600266,城建发展,5,4.0,1.0,0.0,0.0,0.0,-0.199062872535,0.088,0.194,0.2825
1135,600826,兰生股份,5,3.0,2.0,0.0,0.0,0.0,0.449802793413,0.478,0.512,0.562
1136,605108,同庆楼,5,2.0,3.0,0.0,0.0,0.0,0.3928024905,0.43,0.532,0.654
1137,601878,浙商证券,5,3.0,2.0,0.0,0.0,0.0,0.52744451253,0.672,0.718,0.77
1138,601609,金田股份,5,4.0,1.0,0.0,0.0,0.0,0.435286244159,0.614,0.78,0.95
1139,300115,长盈精密,5,4.0,1.0,0.0,0.0,0.0,0.439024888712,0.6825,0.9675,1.145
1140,688652,京仪装备,5,4.0,1.0,0.0,0.0,0.0,0.880508325298,1.8045,2.788,4.06875
1141,600460,士兰微,5,2.0,3.0,0.0,0.0,0.0,0.239503385162,0.5175,0.7225,0.925
1142,600895,张江高科,5,5.0,0.0,0.0,0.0,0.0,0.636745552813,0.65,0.72,0.768
1143,603556,海兴电力,5,3.0,2.0,0.0,0.0,0.0,1.499383141884,1.6016,1.9738,2.36375
1144,002768,国恩股份,5,3.0,2.0,0.0,0.0,0.0,1.926909767132,3.4,4.066,5.005
1145,601828,美凯龙,5,1.0,4.0,0.0,0.0,0.0,-5.448773168634,-0.008,0.048,0.092
1146,301550,斯菱智驱,5,3.0,2.0,0.0,0.0,0.0,0.51469316513,0.7322,0.8798,0.87
1147,603281,江瀚新材,5,5.0,0.0,0.0,0.0,0.0,0.806443268463,1.6136,1.9198,2.2425
1148,002918,蒙娜丽莎,5,3.0,2.0,0.0,0.0,0.0,0.128240601749,0.328,0.396,0.4775
1149,600331,宏达股份,5,3.0,2.0,0.0,0.0,0.0,-0.028130169749,0.016,0.03,0.03
1150,920068,天工股份,5,0.0,5.0,0.0,0.0,0.0,0.213460907669,0.324,0.414,0.498
1151,603638,艾迪精密,5,1.0,4.0,0.0,0.0,0.0,0.447005640094,0.656,0.84,1.065
1152,002354,天娱数科,5,1.0,4.0,0.0,0.0,0.0,-0.029524782831,0.056,0.066,0.076
1153,300196,长海股份,5,3.0,2.0,0.0,0.0,0.0,0.79822335814,0.934,1.11,1.322
1154,603599,广信股份,5,2.0,3.0,0.0,0.0,0.0,0.721662809781,0.974,1.098,1.225
1155,688347,华虹宏力,5,2.0,3.0,0.0,0.0,0.0,0.216726535389,0.6,0.864,1.114
1156,600458,时代新材,5,3.0,2.0,0.0,0.0,0.0,0.539447066543,0.6916,0.8644,1.0434
1157,300893,松原安全,5,3.0,2.0,0.0,0.0,0.0,0.774571074679,1.052,1.376,1.84
1158,605123,派克新材,5,5.0,0.0,0.0,0.0,0.0,2.082797225591,3.21,4.022,4.922
1159,301526,国际复材,5,3.0,2.0,0.0,0.0,0.0,0.072256664597,0.422,0.64,0.814
1160,002284,亚太股份,5,2.0,3.0,0.0,0.0,0.0,0.663143763788,0.884,1.066,1.278
1161,605116,奥锐特,5,5.0,0.0,0.0,0.0,0.0,1.105929616041,1.16,1.382,1.66
1162,920190,雷神科技,5,0.0,5.0,0.0,0.0,0.0,0.228943414611,0.298,0.374,0.438
1163,002051,中工国际,5,4.0,1.0,0.0,0.0,0.0,0.256197815544,0.255,0.2825,0.305
1164,300601,康泰生物,5,4.0,1.0,0.0,0.0,0.0,0.062967640423,0.148333333333,0.215,0.29
1165,300339,润和软件,5,2.0,3.0,0.0,0.0,0.0,0.121761620018,0.258,0.33,0.424
1166,688519,南亚新材,5,4.0,1.0,0.0,0.0,0.0,1.021886082177,2.506,4.206,6.2
1167,603866,桃李面包,5,2.0,3.0,0.0,0.0,0.0,0.177439751498,0.174,0.192,0.21
1168,688401,路维光电,5,4.0,1.0,0.0,0.0,0.0,1.226978785306,1.844,2.616,3.685
1169,688105,诺唯赞,5,2.0,3.0,0.0,0.0,0.0,-0.032135040424,0.25,0.371666666667,0.522
1170,002402,和而泰,5,4.0,1.0,0.0,0.0,0.0,0.718474204328,0.798,1.034,1.3075
1171,301269,华大九天,5,2.0,3.0,0.0,0.0,0.0,0.111309266623,0.2416,0.3194,0.37325
1172,002734,利民股份,5,3.0,2.0,0.0,0.0,0.0,1.008246183971,1.234,1.38,1.508
1173,300181,佐力药业,5,5.0,0.0,0.0,0.0,0.0,0.900976789095,1.132,1.396,1.662
1174,920808,曙光数创,5,2.0,3.0,0.0,0.0,0.0,0.184488325828,0.33,0.534,0.7575
1175,603661,恒林股份,5,5.0,0.0,0.0,0.0,0.0,1.178158878577,2.6072,3.6308,4.2376
1176,688800,瑞可达,5,2.0,2.0,1.0,0.0,0.0,1.037035957603,1.904,2.566,3.27
1177,002858,力盛体育,5,2.0,3.0,0.0,0.0,0.0,-0.035614836073,0.292,0.464,0.614
1178,603909,建发合诚,5,5.0,0.0,0.0,0.0,0.0,0.418892824708,0.49,0.556,0.62
1179,300002,神州泰岳,5,5.0,0.0,0.0,0.0,0.0,0.407441613979,0.502,0.57,0.648
1180,601238,广汽集团,5,3.0,2.0,0.0,0.0,0.0,-0.861387121466,-0.34098,-0.14208,-0.0145
1181,603707,健友股份,5,3.0,2.0,0.0,0.0,0.0,0.359939211278,0.433333333333,0.533333333333,0.676666666667
1182,300674,宇信科技,5,4.0,1.0,0.0,0.0,0.0,0.613364483597,0.716666666667,0.841666666667,0.988
1183,000636,风华高科,5,3.0,2.0,0.0,0.0,0.0,0.246901161307,0.5775,0.7,0.87
1184,301015,百洋医药,5,4.0,1.0,0.0,0.0,0.0,0.903088435882,1.178333333333,1.32,1.398
1185,000682,东方电子,5,5.0,0.0,0.0,0.0,0.0,0.680222316056,0.772,0.904,1.032
1186,605111,新洁能,5,3.0,2.0,0.0,0.0,0.0,0.947751066412,1.356,1.7,2.056
1187,002266,浙富控股,5,2.0,3.0,0.0,0.0,0.0,0.214160217683,0.33,0.35,0.378
1188,688009,中国通号,5,4.0,1.0,0.0,0.0,0.0,0.34810893103,0.368,0.4,0.435
1189,000519,中兵红箭,5,4.0,1.0,0.0,0.0,0.0,0.029942030247,0.335,0.485,0.6425
1190,920879,基康技术,5,2.0,3.0,0.0,0.0,0.0,0.411271667438,0.554,0.646,0.748
1191,002364,中恒电气,5,2.0,3.0,0.0,0.0,0.0,0.224241374322,0.435,0.671666666667,0.924
1192,688385,复旦微电,5,4.0,1.0,0.0,0.0,0.0,0.282059166445,4.74,4.935,6.5275
1193,603018,华设集团,5,2.0,3.0,0.0,0.0,0.0,0.334823795415,0.396,0.43,0.4325
1194,688631,莱斯信息,5,1.0,4.0,0.0,0.0,0.0,0.338053908974,0.654,0.978,1.252
1195,601595,上海电影,5,3.0,1.0,1.0,0.0,0.0,0.251889392637,0.246666666667,0.356666666667,0.422
1196,603355,莱克电气,5,4.0,1.0,0.0,0.0,0.0,1.394040072475,1.464,1.778,1.978
1197,002626,金达威,5,4.0,1.0,0.0,0.0,0.0,0.557283653165,0.738,0.988,1.248
1198,300820,英杰电气,5,3.0,2.0,0.0,0.0,0.0,1.003080072973,1.49,1.79,2.0675
1199,601369,陕鼓动力,5,4.0,1.0,0.0,0.0,0.0,0.433983032828,0.5382,0.5998,0.615
1200,601677,明泰铝业,5,3.0,2.0,0.0,0.0,0.0,1.576428440983,2.016,2.184,2.382
1201,600436,片仔癀,5,1.0,4.0,0.0,0.0,0.0,3.577940447646,3.748,4.372,5.16
1202,002772,众兴菌业,5,3.0,2.0,0.0,0.0,0.0,0.893849825021,1.082,1.162,1.26
1203,920026,卓兆点胶,5,2.0,3.0,0.0,0.0,0.0,0.449993178464,0.528,0.656,0.792
1204,600131,国网信通,5,4.0,1.0,0.0,0.0,0.0,0.549177724917,0.688,0.804,0.9475
1205,000510,新金路,5,3.0,2.0,0.0,0.0,0.0,-0.355180538266,-0.045,0.585,0.875
1206,603057,紫燕食品,5,2.0,3.0,0.0,0.0,0.0,0.568863617118,0.692,0.794,0.9
1207,300850,新强联,5,1.0,4.0,0.0,0.0,0.0,1.975820226186,2.666,3.282,3.788
1208,600971,恒源煤电,5,5.0,0.0,0.0,0.0,0.0,-0.159796013055,0.43,0.588,0.808
1209,300129,泰胜风能,5,4.0,1.0,0.0,0.0,0.0,0.193519894186,0.266,0.33,0.42
1210,301548,崇德科技,5,3.0,2.0,0.0,0.0,0.0,1.546463692184,2.164,2.932,3.756
1211,300792,壹网壹创,5,1.0,4.0,0.0,0.0,0.0,0.452587753837,0.638333333333,0.791666666667,0.97
1212,002605,姚记科技,5,4.0,1.0,0.0,0.0,0.0,1.118179622335,1.296,1.46,1.59
1213,002019,亿帆医药,5,4.0,1.0,0.0,0.0,0.0,0.330503502591,0.372,0.462,0.544
1214,688136,科兴制药,5,3.0,2.0,0.0,0.0,0.0,0.770194581627,0.85,1.068,1.18
1215,600497,驰宏锌锗,5,3.0,2.0,0.0,0.0,0.0,0.205405945857,0.446,0.516,0.59
1216,600927,永安期货,5,1.0,4.0,0.0,0.0,0.0,0.449379923152,0.492,0.544,0.59
1217,603998,方盛制药,5,4.0,1.0,0.0,0.0,0.0,0.697791083206,0.83,1.0,1.203333333333
1218,600548,深高速,5,0.0,5.0,0.0,0.0,0.0,0.452882931161,0.59,0.6,0.632
1219,300017,网宿科技,5,3.0,2.0,0.0,0.0,0.0,0.32036385816,0.348,0.436,0.5625
1220,301188,力诺药包,5,5.0,0.0,0.0,0.0,0.0,0.148242996122,0.478333333333,0.623333333333,0.776
1221,601827,三峰环境,5,4.0,1.0,0.0,0.0,0.0,0.736247559774,0.778,0.82,0.862
1222,603061,金海通,5,4.0,1.0,0.0,0.0,0.0,2.029026168736,5.5928,9.1412,14.0404
1223,600163,中闽能源,5,3.0,2.0,0.0,0.0,0.0,0.274105795374,0.336,0.378,0.425
1224,301396,宏景科技,5,3.0,2.0,0.0,0.0,0.0,0.12305590159,3.108,6.464,13.926666666667
1225,002747,埃斯顿,5,2.0,3.0,0.0,0.0,0.0,0.046468561662,0.22,0.302,0.398
1226,688108,赛诺医疗,5,5.0,0.0,0.0,0.0,0.0,0.113138159382,0.202,0.27,0.372
1227,002780,三夫户外,5,4.0,1.0,0.0,0.0,0.0,0.322633278781,0.55,0.744,0.974
1228,603039,泛微网络,5,3.0,2.0,0.0,0.0,0.0,0.938410448064,1.372,1.63,1.8475
1229,600515,海南机场,5,0.0,5.0,0.0,0.0,0.0,0.019129844717,0.016,0.02,0.024
1230,002041,登海种业,5,2.0,3.0,0.0,0.0,0.0,0.10415153617,0.17,0.21,0.23
1231,603566,普莱柯,5,1.0,4.0,0.0,0.0,0.0,0.534567278069,0.528,0.62,0.695
1232,601083,锦江航运,5,2.0,3.0,0.0,0.0,0.0,1.159333928546,1.058,1.082,1.102
1233,300277,汽轮科技,5,3.0,2.0,0.0,0.0,0.0,0.001479848936,0.314,0.384,0.48
1234,300218,安利股份,5,3.0,2.0,0.0,0.0,0.0,0.60533363183,0.73,0.87,1.02
1235,300729,乐歌股份,5,3.0,2.0,0.0,0.0,0.0,0.759542111879,0.8664,1.0178,1.12625
1236,688236,春立医疗,5,4.0,1.0,0.0,0.0,0.0,0.710544133812,0.884,1.074,1.294
1237,920914,远航精密,5,3.0,2.0,0.0,0.0,0.0,0.536524809245,0.716,1.04,1.0275
1238,002985,北摩高科,5,3.0,2.0,0.0,0.0,0.0,0.602780798521,0.774,0.99,1.266
1239,688068,热景生物,5,3.0,2.0,0.0,0.0,0.0,-2.329224041874,-1.1,-0.404,0.226
1240,600827,百联股份,5,2.0,3.0,0.0,0.0,0.0,0.353710146363,0.444,0.338,0.345
1241,600859,王府井,5,2.0,3.0,0.0,0.0,0.0,-0.035476080105,0.142,0.172,0.2225
1242,920125,鸿仕达,5,3.0,2.0,0.0,0.0,0.0,1.242011487892,2.6,6.488,9.28
1243,301217,铜冠铜箔,5,3.0,2.0,0.0,0.0,0.0,0.075571407814,0.563,0.9274,1.68
1244,600109,国金证券,5,3.0,2.0,0.0,0.0,0.0,0.618172406065,0.686,0.758,0.8525
1245,600905,三峡能源,5,4.0,1.0,0.0,0.0,0.0,0.129930113204,0.136,0.152,0.17
1246,001283,豪鹏科技,5,4.0,1.0,0.0,0.0,0.0,1.565967482294,3.4375,4.975,7.1
1247,600556,天下秀,5,3.0,2.0,0.0,0.0,0.0,0.017074470143,0.042,0.068,0.088
1248,002387,维信诺,5,0.0,4.0,1.0,0.0,0.0,-1.710308391552,-1.404,-1.214,-1.08
1249,920119,美德乐,5,3.0,2.0,0.0,0.0,0.0,2.68723256562,3.45,4.352,4.9725
1250,002254,泰和新材,5,2.0,3.0,0.0,0.0,0.0,0.04869468298,0.178,0.25,0.3025
1251,605189,富春染织,5,5.0,0.0,0.0,0.0,0.0,0.322051411443,1.146,1.16,1.324
1252,603215,比依股份,5,3.0,2.0,0.0,0.0,0.0,0.379661931575,0.656,0.864,1.062
1253,300672,国科微,5,4.0,1.0,0.0,0.0,0.0,-1.074535246843,1.918,2.878,
1254,688433,华曙高科,5,2.0,3.0,0.0,0.0,0.0,0.166047045102,0.312,0.572,0.7675
1255,605166,聚合顺,5,4.0,1.0,0.0,0.0,0.0,0.460211885958,0.65,0.86,1.045
1256,002990,盛视科技,5,4.0,1.0,0.0,0.0,0.0,0.325811959229,1.46,2.38,3.316
1257,688205,德科立,5,3.0,2.0,0.0,0.0,0.0,0.449365980955,1.28,2.242,3.372
1258,603115,海星股份,5,5.0,0.0,0.0,0.0,0.0,0.843207633086,1.358,2.43525,3.65775
1259,002318,久立特材,5,3.0,2.0,0.0,0.0,0.0,1.54463586107,1.18,1.4325,1.7175
1260,603518,锦泓集团,5,2.0,3.0,0.0,0.0,0.0,0.655593443529,0.89,1.02,1.2125
1261,001389,广合科技,5,4.0,1.0,0.0,0.0,0.0,2.148866821313,4.441666666667,7.675,11.665
1262,688085,三友医疗,5,3.0,2.0,0.0,0.0,0.0,0.172024721422,0.306,0.468,0.646
1263,920571,国航远洋,5,2.0,3.0,0.0,0.0,0.0,0.049897430148,0.318,0.378,0.424
1264,601901,方正证券,5,2.0,3.0,0.0,0.0,0.0,0.482265565818,0.566,0.608,0.65
1265,688372,伟测科技,5,4.0,1.0,0.0,0.0,0.0,1.794111606374,2.612,3.708,5.0875
1266,688279,峰岹科技,5,5.0,0.0,0.0,0.0,0.0,1.901900428167,3.334,4.848,6.432
1267,600409,三友化工,5,4.0,1.0,0.0,0.0,0.0,0.043368813171,0.304,0.48,0.6625
1268,920694,中裕科技,5,2.0,3.0,0.0,0.0,0.0,0.683506819607,1.026,1.254,1.518
1269,301179,泽宇智能,5,4.0,1.0,0.0,0.0,0.0,0.369573495668,0.62,0.814,1.0275
1270,688621,阳光诺和,5,4.0,1.0,0.0,0.0,0.0,1.820243897054,2.096,2.406,2.74
1271,301536,星宸科技,5,5.0,0.0,0.0,0.0,0.0,0.731222820972,2.036,2.492,2.97
1272,920493,并行科技,5,4.0,1.0,0.0,0.0,0.0,0.201676652231,0.69,1.212,1.93
1273,002250,联化科技,5,3.0,2.0,0.0,0.0,0.0,0.402216984129,0.694,0.886,1.1575
1274,300738,奥飞数据,5,4.0,1.0,0.0,0.0,0.0,0.13432778063,0.396,0.528,0.612
1275,605133,嵘泰股份,5,5.0,0.0,0.0,0.0,0.0,0.668884949012,0.942,1.2,1.49
1276,688603,天承科技,5,4.0,1.0,0.0,0.0,0.0,0.694964668135,1.2975,2.32,3.66
1277,688063,派能科技,5,2.0,3.0,0.0,0.0,0.0,0.34532531264,1.608,2.368,3.125
1278,920809,安达科技,5,1.0,4.0,0.0,0.0,0.0,-0.428692372306,0.432,0.76,1.1025
1279,603203,快克智能,5,3.0,2.0,0.0,0.0,0.0,0.419355629966,1.084,1.31,1.572
1280,600580,卧龙电驱,5,3.0,2.0,0.0,0.0,0.0,0.720915950945,0.792,0.892,0.988
1281,000582,北部湾港,5,3.0,2.0,0.0,0.0,0.0,0.412391595772,0.472,0.588,0.722
1282,688328,深科达,5,4.0,1.0,0.0,0.0,0.0,0.258516122403,1.228,2.622,4.4025
1283,603867,新化股份,5,3.0,2.0,0.0,0.0,0.0,1.197501105665,1.512,1.826,2.148
1284,688232,新点软件,5,2.0,3.0,0.0,0.0,0.0,0.112238571833,0.374,0.49,0.585
1285,688583,思看科技,5,3.0,2.0,0.0,0.0,0.0,0.774843514059,1.384,2.192,2.925
1286,301175,中科环保,5,4.0,1.0,0.0,0.0,0.0,0.259372174294,0.32,0.376,0.436
1287,002438,江苏神通,5,2.0,3.0,0.0,0.0,0.0,0.562340875997,0.674,0.788,0.93
1288,688305,科德数控,5,3.0,2.0,0.0,0.0,0.0,0.668421068454,1.026,1.2998,1.56925
1289,688226,威腾电气,5,3.0,1.0,1.0,0.0,0.0,0.155147809625,0.725,1.4925,2.5075
1290,002153,石基信息,5,2.0,3.0,0.0,0.0,0.0,-0.060862858132,0.02,0.044,0.0775
1291,603530,神马电力,5,4.0,1.0,0.0,0.0,0.0,1.000632705518,1.396,1.868,2.434
1292,920185,贝特瑞,5,2.0,3.0,0.0,0.0,0.0,0.768831917127,1.198,1.62,1.833333333333
1293,603163,圣晖集成,5,4.0,1.0,0.0,0.0,0.0,1.5454614311,2.39,3.336,4.256
1294,688383,新益昌,5,4.0,1.0,0.0,0.0,0.0,-1.251354644184,1.212,2.158,3.2425
1295,603236,移远通信,5,4.0,1.0,0.0,0.0,0.0,2.064980323445,3.246,4.168,5.3075
1296,603290,斯达半导,5,4.0,1.0,0.0,0.0,0.0,1.692185997592,1.8275,2.605,3.5275
1297,002103,广博股份,5,4.0,1.0,0.0,0.0,0.0,0.308003181999,0.3625,0.4325,0.466666666667
1298,600023,浙能电力,5,4.0,1.0,0.0,0.0,0.0,0.561428272292,0.4328,0.4906,0.56
1299,601702,华峰铝业,5,4.0,1.0,0.0,0.0,0.0,1.203628619944,1.446,1.702,2.0225
1300,601066,中信建投,5,4.0,1.0,0.0,0.0,0.0,1.216938924181,1.608,1.664,1.776
1301,688005,容百科技,5,3.0,1.0,1.0,0.0,0.0,-0.262297721625,0.54,1.098,1.51
1302,603992,松霖科技,5,4.0,1.0,0.0,0.0,0.0,0.46364053978,1.065,1.275,1.393333333333
1303,002020,京新药业,5,3.0,2.0,0.0,0.0,0.0,0.88031798695,0.964,1.132,1.264
1304,688507,索辰科技,5,4.0,1.0,0.0,0.0,0.0,0.35352535952,0.858,1.146,1.25
1305,688726,拉普拉斯,5,2.0,2.0,1.0,0.0,0.0,1.536701282038,1.6574,1.9296,2.1748
1306,605056,咸亨国际,5,2.0,3.0,0.0,0.0,0.0,0.634092995121,0.74,0.862,0.9725
1307,002925,盈趣科技,5,4.0,1.0,0.0,0.0,0.0,0.74781472027,0.6524,0.7754,0.96125
1308,688126,沪硅产业,4,1.0,3.0,0.0,0.0,0.0,-0.456125848541,-0.1675,-0.0825,0.005
1309,688720,艾森股份,4,3.0,1.0,0.0,0.0,0.0,0.417797376736,0.9025,1.4275,2.17
1310,688697,纽威数控,4,2.0,2.0,0.0,0.0,0.0,0.475189180609,0.7025,0.895,1.0775
1311,688362,甬矽电子,4,3.0,1.0,0.0,0.0,0.0,0.180327304812,0.4775,0.74,1.0775
1312,688176,亚虹医药,4,3.0,1.0,0.0,0.0,0.0,-0.727692722911,-0.5875,-0.2575,
1313,600316,洪都航空,4,2.0,2.0,0.0,0.0,0.0,0.055444201218,0.21925,0.36025,0.462
1314,300755,华致酒行,4,3.0,1.0,0.0,0.0,0.0,-0.884809004425,0.0475,0.1675,0.2725
1315,600711,盛屯矿业,4,3.0,1.0,0.0,0.0,0.0,0.634638397881,1.13,1.475,1.8725
1316,688758,赛分科技,4,1.0,3.0,0.0,0.0,0.0,0.303836451933,0.3925,0.5275,0.71
1317,600446,金证股份,4,2.0,2.0,0.0,0.0,0.0,-0.17885871867,0.068,0.136,0.208
1318,301525,儒竞科技,4,2.0,2.0,0.0,0.0,0.0,0.950010699089,2.2125,3.1025,3.275
1319,601333,广深铁路,4,1.0,2.0,1.0,0.0,0.0,0.201282073913,0.2,0.21,0.2175
1320,000848,承德露露,4,3.0,1.0,0.0,0.0,0.0,0.614808089504,0.69,0.7275,0.7925
1321,002465,海格通信,4,3.0,1.0,0.0,0.0,0.0,-0.316849353759,0.1,0.2275,0.28
1322,001206,依依股份,4,2.0,2.0,0.0,0.0,0.0,0.989861707105,1.08,1.3,1.51
1323,600480,凌云股份,4,2.0,2.0,0.0,0.0,0.0,0.683240263468,0.6425,0.7225,0.806666666667
1324,600189,泉阳泉,4,4.0,0.0,0.0,0.0,0.0,0.021083363046,0.0875,0.2125,0.33
1325,688668,鼎通科技,4,3.0,1.0,0.0,0.0,0.0,1.727033056925,4.81,10.646666666667,14.383333333333
1326,002998,优彩资源,4,3.0,1.0,0.0,0.0,0.0,0.146713466225,0.4775,0.665,0.8125
1327,300867,圣元环保,4,2.0,2.0,0.0,0.0,0.0,0.913461985518,1.48,1.76,2.0725
1328,688488,艾迪药业,4,4.0,0.0,0.0,0.0,0.0,-0.046418971566,0.11,0.25,0.41
1329,920699,海达尔,4,0.0,4.0,0.0,0.0,0.0,0.992728869728,1.135,1.57,2.37
1330,600170,上海建工,4,2.0,2.0,0.0,0.0,0.0,0.139224380501,0.1375,0.1375,0.145
1331,601611,中国核建,4,3.0,1.0,0.0,0.0,0.0,0.437664165128,0.515,0.555,0.5975
1332,002533,金杯电工,4,2.0,2.0,0.0,0.0,0.0,0.817387227423,0.9245,1.052,1.215
1333,000099,中信海直,4,0.0,3.0,1.0,0.0,0.0,0.397887406447,0.395,0.4975,0.573333333333
1334,920047,诺思兰德,4,0.0,4.0,0.0,0.0,0.0,-0.195873363933,-0.145,-0.0325,0.7125
1335,920976,视声智能,4,1.0,3.0,0.0,0.0,0.0,0.948874351617,1.1275,1.3975,1.7
1336,920262,太湖雪,4,0.0,4.0,0.0,0.0,0.0,0.466146684649,0.6675,0.855,1.095
1337,600329,达仁堂,4,2.0,2.0,0.0,0.0,0.0,2.767221341368,1.412,1.656,1.882
1338,600662,外服控股,4,3.0,1.0,0.0,0.0,0.0,0.285667563276,0.31,0.3275,0.36
1339,002896,中大力德,4,1.0,3.0,0.0,0.0,0.0,0.319077678621,0.4625,0.5375,0.6425
1340,002405,四维图新,4,3.0,1.0,0.0,0.0,0.0,0.04368332671,-0.1475,-0.0675,0.2
1341,002290,禾盛新材,4,3.0,1.0,0.0,0.0,0.0,0.658463313653,0.9425,1.3725,1.85
1342,688381,帝奥微,4,2.0,2.0,0.0,0.0,0.0,-0.266575364646,0.0525,0.27,0.536666666667
1343,000860,顺鑫农业,4,0.0,4.0,0.0,0.0,0.0,-0.205399501312,0.03,0.085,0.1825
1344,600062,华润双鹤,4,3.0,1.0,0.0,0.0,0.0,1.585782049493,1.73,1.873333333333,2.11
1345,002439,启明星辰,4,3.0,1.0,0.0,0.0,0.0,-0.472444918028,0.0225,0.0925,0.1925
1346,000885,城发环境,4,2.0,2.0,0.0,0.0,0.0,1.92519573604,1.958,2.084,2.25
1347,002301,齐心集团,4,3.0,1.0,0.0,0.0,0.0,0.111403152015,0.205,0.255,0.2925
1348,002389,航天彩虹,4,3.0,1.0,0.0,0.0,0.0,0.027346875699,0.195,0.2475,0.3125
1349,000516,国际医学,4,3.0,1.0,0.0,0.0,0.0,-0.13983467314,-0.068,-0.026,0.014
1350,688368,晶丰明源,4,2.0,1.0,1.0,0.0,0.0,0.174687837102,1.5725,2.66,3.795
1351,688366,昊海生科,4,2.0,1.0,1.0,0.0,0.0,1.096911269631,1.4425,1.6725,1.805
1352,002251,步步高,4,2.0,2.0,0.0,0.0,0.0,0.041958943586,0.0825,0.1175,0.155
1353,301397,溯联股份,4,1.0,3.0,0.0,0.0,0.0,0.699505859778,1.025,1.2075,1.435
1354,603238,诺邦股份,4,4.0,0.0,0.0,0.0,0.0,0.660902208958,0.835,0.9975,1.21
1355,688321,微芯生物,4,3.0,1.0,0.0,0.0,0.0,0.115047125237,0.315,0.5375,0.74
1356,002968,新大正,4,3.0,1.0,0.0,0.0,0.0,0.419272217724,0.47,0.515,0.5625
1357,300474,景嘉微,4,3.0,1.0,0.0,0.0,0.0,-0.314995401863,0.013333333333,0.086666666667,0.273333333333
1358,002807,江阴银行,4,3.0,1.0,0.0,0.0,0.0,0.75694800626,0.81,0.83,0.8525
1359,301362,民爆光电,4,1.0,3.0,0.0,0.0,0.0,1.26390541139,2.2525,4.285,6.436666666667
1360,920971,天马新材,4,1.0,2.0,1.0,0.0,0.0,0.367076140215,0.3975,0.5375,0.715
1361,301086,鸿富瀚,4,3.0,1.0,0.0,0.0,0.0,0.806138862997,4.2925,8.8475,12.805
1362,603466,风语筑,4,3.0,1.0,0.0,0.0,0.0,-0.030891033579,0.2425,0.2825,0.345
1363,003013,地铁设计,4,4.0,0.0,0.0,0.0,0.0,1.010616239919,1.04,1.1375,1.2175
1364,688082,盛美上海,4,2.0,2.0,0.0,0.0,0.0,2.89253842587,3.5525,4.575,5.4125
1365,603217,元利科技,4,1.0,3.0,0.0,0.0,0.0,0.928076445545,1.2775,1.6,1.9875
1366,301362,民爆光电,4,1.0,3.0,0.0,0.0,0.0,1.26390541139,2.2525,4.285,6.436666666667
1367,300703,创源股份,4,4.0,0.0,0.0,0.0,0.0,0.336667328522,0.6115,0.8445,0.853
1368,603239,浙江仙通,4,2.0,2.0,0.0,0.0,0.0,0.819684522089,1.015,1.235,1.445
1369,688798,艾为电子,4,2.0,2.0,0.0,0.0,0.0,1.359804916549,1.646666666667,2.093333333333,2.49
1370,300616,尚品宅配,4,2.0,2.0,0.0,0.0,0.0,-1.106416794252,0.065,0.41,0.83
1371,301235,华康洁净,4,4.0,0.0,0.0,0.0,0.0,0.846293192283,1.93,2.816,3.692
1372,300908,仲景食品,4,2.0,2.0,0.0,0.0,0.0,1.313684542808,1.375,1.46,1.55
1373,301177,迪阿股份,4,1.0,2.0,1.0,0.0,0.0,0.347523749287,0.485,0.615,0.773333333333
1374,301177,迪阿股份,4,1.0,2.0,1.0,0.0,0.0,0.347523749287,0.485,0.615,0.773333333333
1375,300769,德方纳米,4,4.0,0.0,0.0,0.0,0.0,-2.929991505669,3.355,4.4575,5.4275
1376,603466,风语筑,4,3.0,1.0,0.0,0.0,0.0,-0.030891033579,0.2425,0.2825,0.345
1377,003013,地铁设计,4,4.0,0.0,0.0,0.0,0.0,1.010616239919,1.04,1.1375,1.2175
1378,688082,盛美上海,4,2.0,2.0,0.0,0.0,0.0,2.89253842587,3.5525,4.575,5.4125
1379,603217,元利科技,4,1.0,3.0,0.0,0.0,0.0,0.928076445545,1.2775,1.6,1.9875
1380,300703,创源股份,4,4.0,0.0,0.0,0.0,0.0,0.336667328522,0.6115,0.8445,0.853
1381,603239,浙江仙通,4,2.0,2.0,0.0,0.0,0.0,0.819684522089,1.015,1.235,1.445
1382,688798,艾为电子,4,2.0,2.0,0.0,0.0,0.0,1.359804916549,1.646666666667,2.093333333333,2.49
1383,002340,格林美,4,2.0,2.0,0.0,0.0,0.0,0.309725442777,0.4135,0.564,0.770666666667
1384,300769,德方纳米,4,4.0,0.0,0.0,0.0,0.0,-2.929991505669,3.355,4.4575,5.4275
1385,300908,仲景食品,4,2.0,2.0,0.0,0.0,0.0,1.313684542808,1.375,1.46,1.55
1386,601512,中新集团,4,3.0,1.0,0.0,0.0,0.0,0.704526507909,0.725,0.7625,0.8025
1387,002166,莱茵生物,4,4.0,0.0,0.0,0.0,0.0,0.192991906137,0.2625,0.3425,0.4225
1388,300861,美畅股份,4,2.0,2.0,0.0,0.0,0.0,0.363021558244,0.73,0.6965,0.7775
1389,002478,常宝股份,4,1.0,3.0,0.0,0.0,0.0,0.535381314429,0.5,0.62,0.736666666667
1390,300938,信测标准,4,3.0,1.0,0.0,0.0,0.0,0.57604560529,0.9725,1.14,1.325
1391,300573,兴齐眼药,4,3.0,1.0,0.0,0.0,0.0,1.960610730783,3.6075,4.78,6.35
1392,600720,中交设计,4,3.0,1.0,0.0,0.0,0.0,0.634128690744,0.6375,0.6625,0.69
1393,600755,厦门国贸,4,3.0,1.0,0.0,0.0,0.0,0.238752366043,0.415,0.595,0.72
1394,600339,中油工程,4,1.0,3.0,0.0,0.0,0.0,0.063805900836,0.116666666667,0.13,0.143333333333
1395,600125,铁龙物流,4,3.0,1.0,0.0,0.0,0.0,0.402177833138,0.4975,0.57,0.563333333333
1396,603901,永创智能,4,0.0,4.0,0.0,0.0,0.0,0.237977236258,0.475,0.5675,0.693333333333
1397,688722,同益中,4,4.0,0.0,0.0,0.0,0.0,0.488495293639,0.69,0.8875,1.1075
1398,002044,美年健康,4,2.0,2.0,0.0,0.0,0.0,0.072894356545,0.1075,0.1325,0.16
1399,301086,鸿富瀚,4,3.0,1.0,0.0,0.0,0.0,0.806138862997,4.2925,8.8475,12.805
1400,300762,上海瀚讯,4,2.0,2.0,0.0,0.0,0.0,-0.187482174816,0.0425,0.2325,0.4375
1401,600588,用友网络,4,3.0,1.0,0.0,0.0,0.0,-0.406562386714,-0.0225,0.0775,0.116666666667
1402,000537,绿发电力,4,3.0,1.0,0.0,0.0,0.0,0.389503332621,0.3325,0.45,0.5375
1403,001238,浙江正特,4,2.0,1.0,1.0,0.0,0.0,0.233444061928,0.8875,1.19,1.4
1404,001233,海安集团,4,1.0,3.0,0.0,0.0,0.0,3.009186356685,3.4975,4.465,5.7925
1405,603489,八方股份,4,1.0,3.0,0.0,0.0,0.0,0.438241446577,0.763333333333,0.966666666667,1.275
1406,920689,克莱特,4,1.0,3.0,0.0,0.0,0.0,0.75059012752,0.835,0.9675,1.14
1407,002488,金固股份,4,3.0,1.0,0.0,0.0,0.0,0.041754325866,0.21,0.6025,0.975
1408,300616,尚品宅配,4,2.0,2.0,0.0,0.0,0.0,-1.106416794252,0.065,0.41,0.83
1409,301235,华康洁净,4,4.0,0.0,0.0,0.0,0.0,0.846293192283,1.93,2.816,3.692
1410,600098,广州发展,4,4.0,0.0,0.0,0.0,0.0,0.661587677609,0.5275,0.585,0.6575
1411,300857,协创数据,4,4.0,0.0,0.0,0.0,0.0,2.379386714861,7.7575,13.1725,18.4275
1412,603507,振江股份,4,3.0,1.0,0.0,0.0,0.0,0.466265592036,1.6575,2.8,3.61
1413,688179,阿拉丁,4,2.0,2.0,0.0,0.0,0.0,0.281338145088,0.475,0.645,0.84
1414,688789,宏华数科,4,3.0,1.0,0.0,0.0,0.0,2.930749594132,2.8,3.793333333333,5.005
1415,000831,中国稀土,4,2.0,2.0,0.0,0.0,0.0,0.162620584596,0.4,0.47,0.5275
1416,601678,滨化股份,4,3.0,1.0,0.0,0.0,0.0,0.093517860485,0.35,0.4575,0.6425
1417,688820,盛合晶微,4,2.0,2.0,0.0,0.0,0.0,0.494156551067,0.6025,0.94,1.275
1418,301511,德福科技,4,3.0,1.0,0.0,0.0,0.0,0.178515936791,1.2825,3.3925,5.595
1419,002497,雅化集团,4,2.0,2.0,0.0,0.0,0.0,0.548673196375,2.3025,2.6725,2.9425
1420,603662,柯力传感,4,3.0,1.0,0.0,0.0,0.0,1.212660438455,1.20475,1.42725,1.641
1421,688593,新相微,4,2.0,2.0,0.0,0.0,0.0,0.019775786038,0.03025,0.07075,0.129
1422,300806,斯迪克,4,3.0,1.0,0.0,0.0,0.0,0.095230438347,0.488,1.102,1.718
1423,300815,玉禾田,4,3.0,1.0,0.0,0.0,0.0,1.400033074874,1.5075,1.645,1.8125
1424,605168,三人行,4,3.0,1.0,0.0,0.0,0.0,0.900953393006,1.28,1.6225,1.97
1425,301556,托普云农,4,2.0,2.0,0.0,0.0,0.0,1.247723685976,1.7475,2.2575,2.445
1426,688345,博力威,4,4.0,0.0,0.0,0.0,0.0,0.5485227576,1.61,3.0475,4.77
1427,600817,宇通重工,4,1.0,3.0,0.0,0.0,0.0,0.581501278958,0.605,0.68,0.7525
1428,300113,顺网科技,4,3.0,0.0,1.0,0.0,0.0,0.619484211392,0.6775,0.8625,0.975
1429,002085,万丰奥威,4,2.0,2.0,0.0,0.0,0.0,0.464944237033,0.5025,0.605,0.71
1430,301373,凌玮科技,4,3.0,1.0,0.0,0.0,0.0,1.265255563848,1.463333333333,2.08,2.796666666667
1431,300708,聚灿光电,4,3.0,1.0,0.0,0.0,0.0,0.217336068642,0.2575,0.35,0.4275
1432,603166,福达股份,4,3.0,1.0,0.0,0.0,0.0,0.490342293529,0.58,0.7325,0.873333333333
1433,300602,飞荣达,4,3.0,1.0,0.0,0.0,0.0,0.621645809246,1.1675,2.0125,2.745
1434,605488,福莱新材,4,3.0,1.0,0.0,0.0,0.0,0.2576110845,0.38,0.5725,0.7975
1435,002222,福晶科技,4,3.0,1.0,0.0,0.0,0.0,0.592396522105,0.905,1.255,1.67
1436,300945,曼卡龙,4,2.0,2.0,0.0,0.0,0.0,0.437192055039,0.6125,0.7425,0.843333333333
1437,600821,金开新能,4,3.0,1.0,0.0,0.0,0.0,0.051470201278,0.2975,0.345,0.39
1438,603727,博迈科,4,3.0,1.0,0.0,0.0,0.0,0.218117299868,0.42,1.24,1.7
1439,300529,健帆生物,4,4.0,0.0,0.0,0.0,0.0,0.667189823233,0.8046,0.8868,1.0004
1440,688807,优迅股份,4,3.0,1.0,0.0,0.0,0.0,1.101575738875,1.386,1.774,2.1625
1441,001222,源飞宠物,4,2.0,2.0,0.0,0.0,0.0,0.607020627063,0.866,1.128,1.378
1442,002046,国机精工,4,2.0,2.0,0.0,0.0,0.0,0.485541334318,0.595,0.76,0.923333333333
1443,002658,雪迪龙,4,4.0,0.0,0.0,0.0,0.0,0.23741078099,0.28,0.326,0.37
1444,001270,铖昌科技,4,1.0,3.0,0.0,0.0,0.0,0.568177490719,0.8175,1.14,1.56
1445,301369,联动科技,4,4.0,0.0,0.0,0.0,0.0,0.327955879191,1.33975,3.408,6.30525
1446,688333,铂力特,4,3.0,1.0,0.0,0.0,0.0,0.742904797918,1.083333333333,1.463333333333,1.953333333333
1447,920690,捷众科技,4,1.0,3.0,0.0,0.0,0.0,0.836328353753,1.2225,1.4225,1.486666666667
1448,688605,先锋精科,4,4.0,0.0,0.0,0.0,0.0,0.933372385145,1.2475,1.685,2.2025
1449,600956,新天绿能,4,2.0,2.0,0.0,0.0,0.0,0.405827777846,0.48,0.535,0.613333333333
1450,605299,舒华体育,4,1.0,3.0,0.0,0.0,0.0,0.218835149963,0.365,0.445,0.543333333333
1451,301413,安培龙,4,2.0,2.0,0.0,0.0,0.0,0.660483412243,1.12,1.55,1.883333333333
1452,603551,奥普科技,4,1.0,3.0,0.0,0.0,0.0,0.772763113119,0.715,0.8275,0.936666666667
1453,300435,中泰股份,4,4.0,0.0,0.0,0.0,0.0,1.167602053625,1.4212,1.7706,2.1656
1454,688680,海优新材,4,2.0,2.0,0.0,0.0,0.0,-5.052699149064,-0.925,0.565,2.246666666667
1455,601928,凤凰传媒,4,3.0,1.0,0.0,0.0,0.0,0.705386818783,0.645,0.695,0.73
1456,688518,联赢激光,4,1.0,3.0,0.0,0.0,0.0,0.49004554063,1.056666666667,1.51,2.065
1457,300795,米奥会展,4,0.0,4.0,0.0,0.0,0.0,0.457399529171,0.515,0.6075,0.736666666667
1458,600590,泰豪科技,4,2.0,2.0,0.0,0.0,0.0,0.07098044413,0.4425,0.635,0.713333333333
1459,920735,德源药业,4,1.0,3.0,0.0,0.0,0.0,1.83598219398,2.0225,2.145,2.123333333333
1460,002469,三维化学,4,3.0,1.0,0.0,0.0,0.0,0.287383194652,0.34,0.4575,0.585
1461,603508,思维列控,4,4.0,0.0,0.0,0.0,0.0,1.458652622256,1.74,1.9425,2.1625
1462,000785,居然智家,4,2.0,2.0,0.0,0.0,0.0,-0.160425165493,0.086,0.098,0.11
1463,688267,中触媒,4,4.0,0.0,0.0,0.0,0.0,0.897918052793,1.4225,1.725,1.936666666667
1464,002443,金洲管道,4,3.0,1.0,0.0,0.0,0.0,0.264610648069,0.3875,0.545,0.65
1465,920123,芭薇股份,4,1.0,3.0,0.0,0.0,0.0,0.346590862829,0.465,0.5675,0.543333333333
1466,002392,北京利尔,4,4.0,0.0,0.0,0.0,0.0,0.336813972711,0.4125,0.4325,0.495
1467,688202,美迪西,4,2.0,2.0,0.0,0.0,0.0,-1.24916630637,0.4775,1.1425,2.0625
1468,603309,维力医疗,4,1.0,3.0,0.0,0.0,0.0,0.261511393521,0.91,1.082,1.296
1469,601163,三角轮胎,4,2.0,2.0,0.0,0.0,0.0,1.153611027538,1.2175,1.4175,1.6475
1470,300969,恒帅股份,4,1.0,3.0,0.0,0.0,0.0,1.015447348979,1.6425,1.985,2.325
1471,688690,纳微科技,4,4.0,0.0,0.0,0.0,0.0,0.336810715651,0.5625,0.7625,1.0225
1472,603013,亚普股份,4,3.0,1.0,0.0,0.0,0.0,1.039338061984,1.1825,1.34,1.51
1473,300398,飞凯材料,4,2.0,2.0,0.0,0.0,0.0,0.684866265012,0.9425,1.12,1.3175
1474,002810,山东赫达,4,3.0,1.0,0.0,0.0,0.0,0.407193991006,1.176666666667,1.636666666667,2.126666666667
1475,920682,球冠电缆,4,1.0,3.0,0.0,0.0,0.0,0.24814693995,0.2625,0.3075,0.3475
1476,603619,中曼石油,4,3.0,1.0,0.0,0.0,0.0,1.102037947347,1.7525,1.95,2.54
1477,920221,易实精密,4,2.0,2.0,0.0,0.0,0.0,0.488843934176,0.53,0.6025,0.6775
1478,920547,无锡晶海,4,0.0,4.0,0.0,0.0,0.0,0.811553290598,0.965,1.1925,1.5
1479,301153,中科江南,4,3.0,1.0,0.0,0.0,0.0,0.283609432816,0.418,0.536,0.7025
1480,605128,上海沿浦,4,4.0,0.0,0.0,0.0,0.0,0.597673965426,0.8525,1.115,1.415
1481,300773,拉卡拉,4,2.0,1.0,1.0,0.0,0.0,1.076614723872,1.1575,0.7125,0.826666666667
1482,605358,立昂微,4,3.0,1.0,0.0,0.0,0.0,-0.184465623271,0.38,0.7725,1.0825
1483,688156,路德科技,4,2.0,2.0,0.0,0.0,0.0,-0.696047312792,0.38,0.6325,0.8125
1484,600380,健康元,4,2.0,2.0,0.0,0.0,0.0,0.730025558984,0.7875,0.84,0.92
1485,600197,伊力特,4,0.0,4.0,0.0,0.0,0.0,0.457280815175,0.4112,0.4768,0.549
1486,300790,宇瞳光学,4,3.0,1.0,0.0,0.0,0.0,0.473015150089,0.91,1.265,1.695
1487,300446,航天智造,4,3.0,1.0,0.0,0.0,0.0,1.042198601703,1.14,1.295,1.475
1488,300049,福瑞医科,4,3.0,1.0,0.0,0.0,0.0,0.583690390509,0.93,1.248,1.626
1489,002452,长高电气,4,3.0,1.0,0.0,0.0,0.0,0.552335482373,0.8975,0.783,0.96
1490,603112,华翔股份,4,4.0,0.0,0.0,0.0,0.0,1.033160643811,1.2825,1.5525,1.7475
1491,600649,城投控股,4,2.0,2.0,0.0,0.0,0.0,0.116099944504,0.13,0.1725,0.215
1492,000507,珠海港,4,0.0,4.0,0.0,0.0,0.0,0.262246050847,0.2725,0.2925,0.3125
1493,603587,地素时尚,4,2.0,2.0,0.0,0.0,0.0,0.55092504443,0.614,0.684,0.758
1494,920663,明阳科技,4,2.0,2.0,0.0,0.0,0.0,0.639190775299,0.7325,0.8775,1.07
1495,300503,昊志机电,4,3.0,1.0,0.0,0.0,0.0,0.383834136657,1.3175,2.0,2.6175
1496,002039,黔源电力,4,4.0,0.0,0.0,0.0,0.0,1.403619122421,1.4075,1.4975,1.545
1497,603306,华懋科技,4,4.0,0.0,0.0,0.0,0.0,0.660903341751,1.1875,2.055,2.8425
1498,688297,中无人机,4,3.0,1.0,0.0,0.0,0.0,0.131222031348,0.2125,0.3125,0.4575
1499,000553,安道麦A,4,3.0,1.0,0.0,0.0,0.0,-0.448842698479,0.2325,0.28,0.34
1500,300731,科创新源,4,3.0,1.0,0.0,0.0,0.0,0.200861558616,0.8345,1.92175,3.2555
1501,920346,威贸电子,4,2.0,2.0,0.0,0.0,0.0,0.60096767151,0.6575,0.7575,0.8675
1502,000589,贵州轮胎,4,3.0,1.0,0.0,0.0,0.0,0.398881904796,0.48775,0.5975,0.682
1503,688231,隆达股份,4,3.0,1.0,0.0,0.0,0.0,0.231649481015,0.58,0.9175,1.3875
1504,300083,创世纪,4,2.0,2.0,0.0,0.0,0.0,0.084241478701,0.3975,0.5975,0.86
1505,600059,古越龙山,4,2.0,2.0,0.0,0.0,0.0,0.243872622195,0.25,0.275,0.305
1506,300785,值得买,4,2.0,2.0,0.0,0.0,0.0,0.43507297884,0.5625,0.79,1.045
1507,920273,一致魔芋,4,0.0,4.0,0.0,0.0,0.0,0.647573420069,0.7675,0.97,1.1825
1508,920118,太湖远大,4,2.0,2.0,0.0,0.0,0.0,0.497457895032,1.135,1.4775,1.795
1509,300236,上海新阳,4,2.0,2.0,0.0,0.0,0.0,0.959445024618,1.385,1.995,2.48
1510,300170,汉得信息,4,3.0,1.0,0.0,0.0,0.0,0.217795550867,0.2925,0.3625,0.4375
1511,605183,确成股份,4,3.0,1.0,0.0,0.0,0.0,1.197038368096,1.4425,1.66,1.8725
1512,300346,南大光电,4,1.0,3.0,0.0,0.0,0.0,0.462637966433,0.6425,0.785,0.9425
1513,603969,银龙股份,4,3.0,1.0,0.0,0.0,0.0,0.419548717663,0.6225,0.7825,0.9375
1514,301607,富特科技,4,4.0,0.0,0.0,0.0,0.0,0.91830636658,2.17,2.99,3.965
1515,603755,日辰股份,4,2.0,2.0,0.0,0.0,0.0,0.853942369619,0.9625,1.1025,1.27
1516,301486,致尚科技,3,2.0,1.0,0.0,0.0,0.0,0.73078146089,1.106666666667,1.65,2.523333333333
1517,688183,生益电子,3,1.0,2.0,0.0,0.0,0.0,1.758792117863,3.393333333333,5.296666666667,7.186666666667
1518,688377,迪威尔,3,2.0,1.0,0.0,0.0,0.0,0.511019751586,0.81,1.223333333333,1.726666666667
1519,920195,三祥科技,3,1.0,2.0,0.0,0.0,0.0,1.140630549322,1.26,1.473333333333,1.835
1520,300130,新国都,3,3.0,0.0,0.0,0.0,0.0,0.826388648571,0.973333333333,1.253333333333,1.53
1521,002091,江苏国泰,3,1.0,2.0,0.0,0.0,0.0,0.794923042099,0.79,0.87,0.93
1522,002637,赞宇科技,3,0.0,3.0,0.0,0.0,0.0,0.387704642869,0.936666666667,1.246666666667,1.59
1523,300354,东华测试,3,3.0,0.0,0.0,0.0,0.0,0.989894218343,1.14,1.323333333333,1.556666666667
1524,920419,路斯股份,3,1.0,2.0,0.0,0.0,0.0,0.585245601531,0.636666666667,0.746666666667,0.896666666667
1525,002448,中原内配,3,1.0,2.0,0.0,0.0,0.0,0.695678263252,0.923333333333,1.086666666667,1.303333333333
1526,603160,汇顶科技,3,2.0,1.0,0.0,0.0,0.0,1.796416818579,1.905,2.345,2.965
1527,603040,新坐标,3,1.0,2.0,0.0,0.0,0.0,1.35213564739,2.106666666667,2.443333333333,2.843333333333
1528,603092,德力佳,3,2.0,1.0,0.0,0.0,0.0,2.068430157817,2.543333333333,3.05,3.335
1529,300034,钢研高纳,3,3.0,0.0,0.0,0.0,0.0,0.109725875048,0.313333333333,0.406666666667,0.526666666667
1530,603601,再升科技,3,1.0,2.0,0.0,0.0,0.0,0.049125245618,0.063333333333,0.083333333333,0.106666666667
1531,603319,美湖股份,3,2.0,1.0,0.0,0.0,0.0,0.306273506413,0.57,0.686666666667,0.826666666667
1532,920225,利通科技,3,0.0,3.0,0.0,0.0,0.0,0.655814831084,0.78,0.925,1.1425
1533,002899,英派斯,3,2.0,1.0,0.0,0.0,0.0,0.426183207632,0.51,0.7125,0.8975
1534,688146,中船特气,3,2.0,1.0,0.0,0.0,0.0,0.652649049781,1.06,1.413333333333,1.96
1535,000733,振华科技,3,2.0,1.0,0.0,0.0,0.0,1.850367007757,1.833333333333,2.203333333333,2.533333333333
1536,300903,科翔股份,3,1.0,2.0,0.0,0.0,0.0,-0.565771879552,0.256666666667,0.886666666667,1.366666666667
1537,002773,康弘药业,3,2.0,1.0,0.0,0.0,0.0,1.26227461087,1.2675,1.38,1.55
1538,001285,瑞立科密,3,2.0,1.0,0.0,0.0,0.0,1.844736037018,2.43,3.303333333333,4.143333333333
1539,000875,电投绿能,3,1.0,2.0,0.0,0.0,0.0,0.141932361738,0.15,0.166666666667,0.193333333333
1540,000550,江铃汽车,3,1.0,2.0,0.0,0.0,0.0,1.37563306318,1.956666666667,2.31,2.77
1541,300263,隆华科技,3,2.0,1.0,0.0,0.0,0.0,0.183622874569,0.28,0.36,0.45
1542,002440,闰土股份,3,1.0,2.0,0.0,0.0,0.0,0.595516996027,0.94,1.106666666667,1.345
1543,301529,福赛科技,3,3.0,0.0,0.0,0.0,0.0,1.121099578696,1.976666666667,2.5,3.04
1544,688307,中润光学,3,3.0,0.0,0.0,0.0,0.0,0.50727725082,1.57,2.22,2.936666666667
1545,300217,东方电热,3,0.0,3.0,0.0,0.0,0.0,0.105431910893,0.161333333333,0.208666666667,0.2585
1546,002556,辉隆股份,3,1.0,2.0,0.0,0.0,0.0,0.207141312283,0.23,0.286666666667,0.36
1547,600016,民生银行,3,2.0,1.0,0.0,0.0,0.0,0.698065594494,0.676666666667,0.693333333333,0.685
1548,300136,信维通信,3,3.0,0.0,0.0,0.0,0.0,0.732440305759,1.16,1.72,2.403333333333
1549,301205,联特科技,3,2.0,1.0,0.0,0.0,0.0,0.792458219696,1.923333333333,3.736666666667,4.895
1550,688499,利元亨,3,1.0,2.0,0.0,0.0,0.0,0.305260279072,0.893333333333,1.656666666667,2.366666666667
1551,688198,佰仁医疗,3,2.0,1.0,0.0,0.0,0.0,1.405245287644,2.12,2.91,3.856666666667
1552,920541,铁大科技,3,0.0,3.0,0.0,0.0,0.0,0.516566568983,0.633333333333,0.736666666667,0.865
1553,600598,北大荒,3,2.0,1.0,0.0,0.0,0.0,0.656013812777,0.7,0.75,0.79
1554,601788,光大证券,3,2.0,1.0,0.0,0.0,0.0,0.807712438632,0.966666666667,1.013333333333,1.05
1555,920227,美登科技,3,1.0,2.0,0.0,0.0,0.0,1.112512351348,1.286666666667,1.463333333333,1.565
1556,300894,火星人,3,1.0,2.0,0.0,0.0,0.0,-0.731097490959,-0.083333333333,-0.003333333333,0.053333333333
1557,920208,青矩技术,3,2.0,1.0,0.0,0.0,0.0,1.013318755327,1.53,1.68,1.853333333333
1558,688103,国力电子,3,1.0,2.0,0.0,0.0,0.0,0.73900121403,1.74,2.756666666667,4.335
1559,920009,丹娜生物,3,0.0,3.0,0.0,0.0,0.0,1.26045177327,1.583333333333,1.866666666667,2.196666666667
1560,600582,天地科技,3,2.0,1.0,0.0,0.0,0.0,0.591241119851,0.585,0.61,0.645
1561,600196,复星医药,3,3.0,0.0,0.0,0.0,0.0,1.262179654431,1.443333333333,1.716666666667,1.87
1562,600221,海航控股,3,1.0,2.0,0.0,0.0,0.0,0.045807220302,0.03,0.063333333333,0.106666666667
1563,688733,壹石通,3,1.0,2.0,0.0,0.0,0.0,-0.110736582055,0.503333333333,0.786666666667,1.206666666667
1564,601997,贵阳银行,3,1.0,1.0,1.0,0.0,0.0,1.435705038646,1.403333333333,1.43,1.475
1565,002746,仙坛股份,3,2.0,1.0,0.0,0.0,0.0,0.282404063495,0.403333333333,0.45,0.476666666667
1566,600894,广日股份,3,2.0,1.0,0.0,0.0,0.0,0.813627698103,0.826666666667,0.876666666667,0.98
1567,600075,新疆天业,3,1.0,2.0,0.0,0.0,0.0,-0.033420088,0.404666666667,0.57,0.771333333333
1568,600808,马钢股份,3,1.0,2.0,0.0,0.0,0.0,-0.027115304342,0.083333333333,0.19,0.226666666667
1569,301538,骏鼎达,3,3.0,0.0,0.0,0.0,0.0,1.777491871447,3.196666666667,3.893333333333,4.48
1570,001380,华纬科技,3,3.0,0.0,0.0,0.0,0.0,1.015613083442,1.12,1.296666666667,1.513333333333
1571,301321,翰博高新,3,3.0,0.0,0.0,0.0,0.0,-0.519194403036,0.62,1.313333333333,1.83
1572,600557,康缘药业,3,3.0,0.0,0.0,0.0,0.0,0.536829621917,0.606666666667,0.68,0.766666666667
1573,600694,大商股份,3,2.0,1.0,0.0,0.0,0.0,1.29516482906,1.536666666667,1.673333333333,1.84
1574,600661,昂立教育,3,3.0,0.0,0.0,0.0,0.0,0.302113360156,0.505,0.695,0.765
1575,301687,新广益,3,2.0,1.0,0.0,0.0,0.0,0.839472584159,0.95,1.18,1.396666666667
1576,301571,国科天成,3,2.0,1.0,0.0,0.0,0.0,1.137639366161,1.726666666667,2.35,3.055
1577,603128,华贸物流,3,2.0,1.0,0.0,0.0,0.0,0.373059984652,0.355,0.425,0.495
1578,600782,新钢股份,3,1.0,2.0,0.0,0.0,0.0,0.01396037452,0.08,0.135,0.085
1579,000969,安泰科技,3,2.0,1.0,0.0,0.0,0.0,0.347328919392,0.383333333333,0.443333333333,0.493333333333
1580,002006,精工科技,3,0.0,3.0,0.0,0.0,0.0,0.356948706649,0.59,0.84,1.14
1581,300005,探路者,3,1.0,1.0,1.0,0.0,0.0,0.089383026603,0.16,0.212666666667,0.298
1582,300118,东方日升,3,2.0,1.0,0.0,0.0,0.0,-2.479491846495,-0.43,0.733333333333,1.513333333333
1583,600508,上海能源,3,3.0,0.0,0.0,0.0,0.0,0.217858538709,0.706666666667,0.793333333333,0.93
1584,600459,贵研铂业,3,1.0,2.0,0.0,0.0,0.0,0.778133083867,0.96,1.103333333333,1.115
1585,688501,青达环保,3,3.0,0.0,0.0,0.0,0.0,1.005859779526,1.396666666667,1.59,1.776666666667
1586,300684,中石科技,3,2.0,1.0,0.0,0.0,0.0,1.130424197722,1.55,2.553333333333,4.465
1587,300258,精锻科技,3,3.0,0.0,0.0,0.0,0.0,0.219716858541,0.133333333333,0.253333333333,0.323333333333
1588,920261,一诺威,3,1.0,2.0,0.0,0.0,0.0,0.641229051429,0.873333333333,1.07,1.43
1589,920371,欧福蛋业,3,0.0,3.0,0.0,0.0,0.0,0.42125074998,0.326666666667,0.43,0.49
1590,688486,龙迅股份,3,2.0,1.0,0.0,0.0,0.0,0.919968328294,2.19,3.126666666667,4.22
1591,920247,华密新材,3,1.0,2.0,0.0,0.0,0.0,0.229892778427,0.266666666667,0.32,0.393333333333
1592,688719,爱科赛博,3,2.0,1.0,0.0,0.0,0.0,-0.38945177518,0.726666666667,1.25,1.78
1593,688551,科威尔,3,1.0,2.0,0.0,0.0,0.0,0.586722949297,0.856666666667,1.333333333333,1.92
1594,002414,高德红外,3,3.0,0.0,0.0,0.0,0.0,0.160673128233,0.296666666667,0.363333333333,0.453333333333
1595,603680,今创集团,3,2.0,1.0,0.0,0.0,0.0,0.742543611719,0.836666666667,0.92,0.993333333333
1596,688261,东微半导,3,2.0,1.0,0.0,0.0,0.0,0.376780454016,1.08,1.76,2.69
1597,301305,朗坤科技,3,1.0,2.0,0.0,0.0,0.0,1.096671602687,1.54,1.913333333333,2.456666666667
1598,300814,中富电路,3,1.0,2.0,0.0,0.0,0.0,0.1522457102,0.81,1.866666666667,3.023333333333
1599,688379,华光新材,3,2.0,1.0,0.0,0.0,0.0,1.980187240992,2.323333333333,3.38,4.5
1600,603408,建霖家居,3,3.0,0.0,0.0,0.0,0.0,0.984673162233,1.06,1.2825,1.4825
1601,301073,君亭酒店,3,2.0,1.0,0.0,0.0,0.0,0.118717583756,0.313333333333,0.45,0.596666666667
1602,600704,物产中大,3,2.0,1.0,0.0,0.0,0.0,0.700664455759,0.736666666667,0.8,0.873333333333
1603,920662,方盛股份,3,0.0,3.0,0.0,0.0,0.0,0.226536105162,0.36,0.456666666667,0.56
1604,300058,蓝色光标,3,1.0,2.0,0.0,0.0,0.0,0.062577140439,0.07,0.08,0.093333333333
1605,000630,铜陵有色,3,1.0,2.0,0.0,0.0,0.0,0.180097113388,0.456666666667,0.72,0.89
1606,688586,江航装备,3,1.0,2.0,0.0,0.0,0.0,0.069520414607,0.076666666667,0.096666666667,0.133333333333
1607,000876,新希望,3,1.0,1.0,1.0,0.0,0.0,-0.359593199957,0.093333333333,0.526666666667,0.5
1608,000877,天山股份,3,2.0,1.0,0.0,0.0,0.0,-1.025366781945,0.07,0.17,0.226666666667
1609,920020,泰凯英,3,2.0,1.0,0.0,0.0,0.0,0.773302351553,0.936666666667,1.116666666667,1.3
1610,600251,冠农股份,3,1.0,2.0,0.0,0.0,0.0,0.448450774722,0.926666666667,1.123333333333,1.263333333333
1611,920174,五新智能,3,2.0,1.0,0.0,0.0,0.0,0.917253471707,1.943333333333,2.18,2.33
1612,600114,东睦股份,3,2.0,1.0,0.0,0.0,0.0,0.80263484461,0.9,1.17,1.393333333333
1613,001288,运机集团,3,3.0,0.0,0.0,0.0,0.0,0.837356392308,1.653333333333,2.426666666667,3.026666666667
1614,603299,苏盐井神,3,2.0,1.0,0.0,0.0,0.0,0.546857904809,0.546666666667,0.736666666667,0.92
1615,300636,同和药业,3,3.0,0.0,0.0,0.0,0.0,0.17404732256,0.21,0.253333333333,0.32
1616,002351,漫步者,3,2.0,1.0,0.0,0.0,0.0,0.484749379231,0.535,0.58,0.635
1617,002380,科远智慧,3,1.0,2.0,0.0,0.0,0.0,0.578752623888,1.76,2.206666666667,2.575
1618,601016,节能风电,3,1.0,2.0,0.0,0.0,0.0,0.104775606929,0.1,0.123333333333,0.15
1619,601811,新华文轩,3,2.0,1.0,0.0,0.0,0.0,1.271193369048,1.306666666667,1.363333333333,1.443333333333
1620,000069,华侨城A,3,1.0,2.0,0.0,0.0,0.0,-1.803501376843,-0.95,-0.48,0.03
1621,003012,东鹏控股,3,2.0,1.0,0.0,0.0,0.0,0.304190496843,0.333333333333,0.393333333333,0.505
1622,000957,中通客车,3,2.0,1.0,0.0,0.0,0.0,0.606591938681,0.826666666667,1.066666666667,1.333333333333
1623,688153,唯捷创芯,3,2.0,1.0,0.0,0.0,0.0,0.101396670816,0.165,0.52,0.81
1624,000617,中油资本,3,1.0,2.0,0.0,0.0,0.0,0.340129268336,0.393333333333,0.413333333333,0.426666666667
1625,603722,阿科力,3,2.0,1.0,0.0,0.0,0.0,-0.360236466961,0.523333333333,1.613333333333,2.676666666667
1626,300480,光力科技,3,2.0,1.0,0.0,0.0,0.0,0.108804090863,0.29,0.48,0.87
1627,920089,禾昌聚合,3,1.0,2.0,0.0,0.0,0.0,0.848967855203,1.03,1.226666666667,1.506666666667
1628,688398,赛特新材,3,3.0,0.0,0.0,0.0,0.0,0.144123235753,0.643333333333,1.073333333333,0.89
1629,603088,宁波精达,3,3.0,0.0,0.0,0.0,0.0,0.239089300917,0.326666666667,0.416666666667,0.483333333333
1630,002929,润建股份,3,1.0,2.0,0.0,0.0,0.0,0.132399081802,1.353333333333,2.2,3.305
1631,000828,东莞控股,3,1.0,2.0,0.0,0.0,0.0,0.792200580258,0.903333333333,0.91,0.926666666667
1632,603995,甬金股份,3,1.0,2.0,0.0,0.0,0.0,1.50901591502,1.995,2.25,2.535
1633,688312,燕麦科技,3,2.0,1.0,0.0,0.0,0.0,0.930002418226,1.243333333333,1.466666666667,1.77
1634,300952,恒辉安防,3,3.0,0.0,0.0,0.0,0.0,0.421715777831,0.79,0.96,0.95
1635,300881,盛德鑫泰,3,0.0,3.0,0.0,0.0,0.0,2.254903398818,2.205,2.425,2.655
1636,688580,伟思医疗,3,2.0,1.0,0.0,0.0,0.0,1.441691433658,1.8075,1.9725,2.353333333333
1637,600983,惠而浦,3,2.0,1.0,0.0,0.0,0.0,0.678095568245,0.676666666667,0.826666666667,1.006666666667
1638,002674,兴业科技,3,2.0,1.0,0.0,0.0,0.0,0.343116680216,0.596666666667,0.743333333333,0.89
1639,600105,永鼎股份,3,1.0,2.0,0.0,0.0,0.0,0.159809499808,0.776666666667,1.986666666667,2.533333333333
1640,002332,仙琚制药,3,2.0,1.0,0.0,0.0,0.0,0.454547294322,0.473333333333,0.536666666667,0.605
1641,300681,英搏尔,3,1.0,2.0,0.0,0.0,0.0,0.606943742266,0.843333333333,1.053333333333,1.346666666667
1642,688160,步科股份,3,2.0,1.0,0.0,0.0,0.0,0.794615074267,1.113333333333,1.563333333333,1.95
1643,002755,奥赛康,3,2.0,1.0,0.0,0.0,0.0,0.25491392726,0.486666666667,0.683333333333,1.125
1644,301595,太力科技,3,2.0,1.0,0.0,0.0,0.0,0.567492185999,0.773333333333,1.096666666667,1.55
1645,301608,博实结,3,3.0,0.0,0.0,0.0,0.0,1.770220919627,3.583333333333,4.73,6.156666666667
1646,600332,白云山,3,1.0,2.0,0.0,0.0,0.0,1.834869111945,1.903333333333,2.013333333333,2.21
1647,600764,中国海防,3,2.0,1.0,0.0,0.0,0.0,0.169645646416,0.303333333333,0.39,0.486666666667
1648,300036,超图软件,3,2.0,1.0,0.0,0.0,0.0,0.095065598468,0.226666666667,0.366666666667,0.58
1649,688047,龙芯中科,3,2.0,1.0,0.0,0.0,0.0,-1.135013107656,-0.46,0.106666666667,0.475
1650,920593,鼎智科技,3,1.0,2.0,0.0,0.0,0.0,0.157295009271,0.18,0.223333333333,0.293333333333
1651,301172,君逸数码,3,2.0,1.0,0.0,0.0,0.0,0.15479808504,0.39,0.536666666667,
1652,002233,塔牌集团,3,2.0,1.0,0.0,0.0,0.0,0.540000772346,0.516666666667,0.56,0.565
1653,300654,世纪天鸿,3,2.0,1.0,0.0,0.0,0.0,0.068233507732,0.0775,0.1,0.115
1654,688318,财富趋势,3,2.0,1.0,0.0,0.0,0.0,0.879620773073,1.423333333333,1.626666666667,1.65
1655,920284,灵鸽科技,3,0.0,3.0,0.0,0.0,0.0,-0.081808161318,0.3,0.593333333333,1.006666666667
1656,601216,君正集团,3,3.0,0.0,0.0,0.0,0.0,0.393156385053,0.436666666667,0.493333333333,0.553333333333
1657,600004,白云机场,3,2.0,1.0,0.0,0.0,0.0,0.569735887125,0.339666666667,0.419333333333,0.507666666667
1658,603212,赛伍技术,3,1.0,2.0,0.0,0.0,0.0,-0.6124403515,0.223333333333,0.303333333333,0.39
1659,688227,品高股份,3,2.0,1.0,0.0,0.0,0.0,-0.464511581083,0.18,0.713333333333,1.71
1660,002926,华西证券,3,0.0,2.0,1.0,0.0,0.0,0.560125019276,0.67,0.735,0.81
1661,603277,银都股份,3,2.0,1.0,0.0,0.0,0.0,0.795632663724,0.893333333333,1.126666666667,1.296666666667
1662,920188,悦龙科技,3,1.0,2.0,0.0,0.0,0.0,1.087769886154,1.24,1.46,1.68
1663,688683,莱尔科技,3,1.0,2.0,0.0,0.0,0.0,0.258233173017,0.456666666667,0.743333333333,1.05
1664,688327,云从科技,3,2.0,1.0,0.0,0.0,0.0,-0.534252873647,-0.266666666667,-0.046666666667,0.07
1665,920050,爱伦医疗,3,1.0,2.0,0.0,0.0,0.0,1.390183798794,1.69,2.08,2.55
1666,002975,博杰股份,3,2.0,1.0,0.0,0.0,0.0,0.703037582397,1.903333333333,2.513333333333,2.725
1667,300617,安靠智电,3,2.0,1.0,0.0,0.0,0.0,0.444131761522,1.033666666667,1.691,2.524
1668,000878,云南铜业,3,1.0,2.0,0.0,0.0,0.0,0.536642907525,1.186666666667,1.316666666667,1.383333333333
1669,300253,卫宁健康,3,0.0,3.0,0.0,0.0,0.0,-0.169848053075,0.025,0.08,0.135
1670,000420,吉林化纤,3,1.0,2.0,0.0,0.0,0.0,0.00924424708,0.055,0.0975,0.1275
1671,603890,春秋电子,3,3.0,0.0,0.0,0.0,0.0,0.565986881194,0.896666666667,1.12,1.38
1672,600511,国药股份,3,2.0,1.0,0.0,0.0,0.0,2.646236157779,2.736666666667,2.903333333333,2.91
1673,600960,渤海汽车,3,1.0,2.0,0.0,0.0,0.0,0.103301076531,0.25,0.333333333333,0.4
1674,600848,上海临港,3,3.0,0.0,0.0,0.0,0.0,0.384169669034,0.393333333333,0.43,0.47
1675,001280,中国铀业,3,3.0,0.0,0.0,0.0,0.0,0.795597431246,1.22,1.88,2.15
1676,603728,鸣志电器,3,2.0,1.0,0.0,0.0,0.0,0.145931112973,0.27,0.363333333333,0.503333333333
1677,688275,万润新能,3,3.0,0.0,0.0,0.0,0.0,-3.634357402135,9.81,13.443333333333,18.075
1678,688489,三未信安,3,1.0,2.0,0.0,0.0,0.0,-0.257383140066,0.2325,0.4675,0.6975
1679,600909,华安证券,3,1.0,2.0,0.0,0.0,0.0,0.419634895438,0.79,0.656666666667,0.865
1680,600552,凯盛科技,3,3.0,0.0,0.0,0.0,0.0,0.136213796646,0.206666666667,0.306666666667,0.43
1681,600663,陆家嘴,3,1.0,2.0,0.0,0.0,0.0,0.243445081335,0.41,0.473333333333,0.385
1682,603739,蔚蓝生物,3,1.0,2.0,0.0,0.0,0.0,0.27589608539,0.3325,0.3575,0.405
1683,920178,锐翔智能,3,1.0,2.0,0.0,0.0,0.0,1.98182553515,2.416666666667,3.5,4.54
1684,300622,博士眼镜,3,2.0,1.0,0.0,0.0,0.0,0.465855479099,0.72,0.843333333333,1.02
1685,600118,中国卫星,3,2.0,1.0,0.0,0.0,0.0,0.030069356916,0.063333333333,0.116666666667,0.17
1686,688809,强一股份,3,3.0,0.0,0.0,0.0,0.0,3.048217470764,4.83,6.91,10.985
1687,301232,飞沃科技,3,3.0,0.0,0.0,0.0,0.0,0.358923818826,1.066333333333,1.914,4.554
1688,601360,三六零,3,2.0,1.0,0.0,0.0,0.0,0.037575658998,0.063333333333,0.076666666667,0.125
1689,002428,云南锗业,3,1.0,2.0,0.0,0.0,0.0,0.03084577978,0.403333333333,0.936666666667,1.395
1690,001313,粤海饲料,3,1.0,2.0,0.0,0.0,0.0,0.0254212304,0.273333333333,0.356666666667,0.453333333333
1691,301296,新巨丰,3,2.0,1.0,0.0,0.0,0.0,0.102202035473,0.216666666667,0.356666666667,0.496666666667
1692,688299,长阳科技,3,2.0,1.0,0.0,0.0,0.0,-0.49958372311,0.57,0.683333333333,0.75
1693,688286,敏芯股份,3,3.0,0.0,0.0,0.0,0.0,0.459555242702,0.73,1.496666666667,2.073333333333
1694,000990,诚志股份,3,3.0,0.0,0.0,0.0,0.0,-0.045930277685,0.626666666667,0.736666666667,0.84
1695,000555,神州信息,3,3.0,0.0,0.0,0.0,0.0,0.057829281359,0.146666666667,0.26,0.416666666667
1696,688314,康拓医疗,3,2.0,1.0,0.0,0.0,0.0,1.209183190598,1.46,1.766666666667,2.15
1697,600330,天通股份,3,3.0,0.0,0.0,0.0,0.0,-0.133915495317,0.016666666667,0.24,0.66
1698,601061,中信金属,3,1.0,2.0,0.0,0.0,0.0,0.548865207516,0.85,1.036666666667,1.16
1699,688515,裕太微,3,3.0,0.0,0.0,0.0,0.0,-1.671644434,-0.84,0.3,1.47
1700,300871,回盛生物,3,3.0,0.0,0.0,0.0,0.0,1.254586724728,1.676666666667,2.02,2.493333333333
1701,001359,平安电工,3,3.0,0.0,0.0,0.0,0.0,1.001980760071,1.633333333333,2.04,2.095
1702,600328,中盐化工,3,2.0,1.0,0.0,0.0,0.0,0.050432322662,-0.006666666667,0.133333333333,0.403333333333
1703,000403,派林生物,3,2.0,1.0,0.0,0.0,0.0,0.441148496067,0.45,0.486666666667,0.533333333333
1704,300304,云意电气,3,2.0,1.0,0.0,0.0,0.0,0.531466260276,0.653333333333,0.833333333333,1.075
1705,603520,司太立,3,2.0,1.0,0.0,0.0,0.0,0.023330717037,0.296666666667,0.53,0.743333333333
1706,688561,奇安信,3,2.0,1.0,0.0,0.0,0.0,-1.886726547791,-0.96,-0.413333333333,0.2
1707,002765,蓝黛科技,3,2.0,1.0,0.0,0.0,0.0,0.283382845401,0.345,0.4,0.476666666667
1708,002182,宝武镁业,3,2.0,1.0,0.0,0.0,0.0,-0.018702465043,0.176666666667,0.44,0.716666666667
1709,000552,甘肃能化,3,2.0,1.0,0.0,0.0,0.0,-0.039472923097,0.1,0.18,0.246666666667
1710,001314,亿道信息,3,3.0,0.0,0.0,0.0,0.0,0.458358026565,1.995,2.3,3.39
1711,600916,中国黄金,3,3.0,0.0,0.0,0.0,0.0,0.163948897137,0.376666666667,0.423333333333,0.466666666667
1712,000050,深天马A,3,3.0,0.0,0.0,0.0,0.0,0.068715659562,0.11,0.223333333333,0.34
1713,688031,星环科技,3,0.0,3.0,0.0,0.0,0.0,-2.023926334944,-1.003333333333,-0.453333333333,0.233333333333
1714,002150,正泰电源,3,2.0,1.0,0.0,0.0,0.0,0.779645307605,1.166666666667,1.62,1.985
1715,920510,丰光精密,3,0.0,3.0,0.0,0.0,0.0,-0.084503900595,0.073333333333,0.126666666667,0.17
1716,300656,民德电子,3,0.0,3.0,0.0,0.0,0.0,-0.594815142342,-0.06,0.463333333333,0.625
1717,002647,仁东控股,3,2.0,1.0,0.0,0.0,0.0,0.318118986372,0.35,0.386666666667,0.493333333333
1718,603113,金能科技,3,3.0,0.0,0.0,0.0,0.0,0.025974287393,0.193333333333,0.24,0.403333333333
1719,920183,海菲曼,3,0.0,3.0,0.0,0.0,0.0,1.528446627308,1.623333333333,1.876666666667,2.12
1720,301326,捷邦科技,3,2.0,1.0,0.0,0.0,0.0,-0.641986687531,2.24,5.446666666667,9.95
1721,002063,远光软件,3,1.0,2.0,0.0,0.0,0.0,0.156651188285,0.186666666667,0.22,0.25
1722,300390,天华新能,3,3.0,0.0,0.0,0.0,0.0,0.484127416958,5.82,7.826666666667,8.94
1723,300249,依米康,3,2.0,1.0,0.0,0.0,0.0,0.066739848639,0.146666666667,0.27,0.466666666667
1724,300655,晶瑞电材,3,2.0,1.0,0.0,0.0,0.0,0.132567209163,0.133333333333,0.163333333333,0.22
1725,002695,煌上煌,3,2.0,1.0,0.0,0.0,0.0,0.145816158119,0.246666666667,0.29,0.333333333333
1726,002978,安宁股份,3,2.0,1.0,0.0,0.0,0.0,1.525371005902,1.583333333333,1.766666666667,1.97
1727,600110,诺德股份,3,2.0,1.0,0.0,0.0,0.0,-0.172031463005,0.253333333333,0.726666666667,0.986666666667
1728,300387,富邦科技,3,3.0,0.0,0.0,0.0,0.0,0.204925666707,0.316666666667,0.363333333333,0.413333333333
1729,688252,天德钰,3,2.0,1.0,0.0,0.0,0.0,0.570908092739,0.8,1.05,1.326666666667
1730,600686,金龙汽车,3,3.0,0.0,0.0,0.0,0.0,0.653145046027,1.03,1.416666666667,1.726666666667
1731,301629,矽电股份,3,2.0,1.0,0.0,0.0,0.0,1.266026005677,2.203333333333,3.303333333333,4.75
1732,603124,江南新材,3,3.0,0.0,0.0,0.0,0.0,1.50341418965,3.823333333333,6.476666666667,8.636666666667
1733,600567,山鹰国际,3,1.0,2.0,0.0,0.0,0.0,-0.183000631048,-0.04,0.046666666667,0.086666666667
1734,600918,中泰证券,3,0.0,3.0,0.0,0.0,0.0,0.181190029229,0.265,0.28,0.295
1735,920239,长虹能源,3,1.0,2.0,0.0,0.0,0.0,1.370374742377,1.62,1.973333333333,2.34
1736,601226,华电科工,3,3.0,0.0,0.0,0.0,0.0,0.134839742392,0.198,0.26025,0.31575
1737,002219,新里程,3,2.0,1.0,0.0,0.0,0.0,0.008963947729,0.023333333333,0.033333333333,0.036666666667
1738,600623,华谊集团,3,2.0,1.0,0.0,0.0,0.0,0.261719710534,0.583333333333,0.613333333333,0.66
1739,301091,深城交,3,0.0,3.0,0.0,0.0,0.0,0.116003795005,0.206666666667,0.29,0.363333333333
1740,688319,欧林生物,3,2.0,1.0,0.0,0.0,0.0,0.05490781916,0.026666666667,0.133333333333,0.205
1741,300984,金沃股份,3,1.0,2.0,0.0,0.0,0.0,0.250445144711,0.7275,1.1825,1.423333333333
1742,688553,汇宇制药,3,2.0,1.0,0.0,0.0,0.0,-0.039880911491,0.01,0.1225,0.2
1743,301195,北路智控,3,2.0,1.0,0.0,0.0,0.0,1.146283278226,1.31,1.54,1.753333333333
1744,300986,志特新材,3,1.0,2.0,0.0,0.0,0.0,0.284144433363,0.543333333333,0.66,0.77
1745,600020,中原高速,3,2.0,1.0,0.0,0.0,0.0,0.279653792141,0.4,0.44,0.465
1746,600967,内蒙一机,3,0.0,3.0,0.0,0.0,0.0,0.196745832522,0.255,0.31,0.36
1747,300770,新媒股份,3,2.0,1.0,0.0,0.0,0.0,2.898694228099,2.93,2.996666666667,3.065
1748,301590,优优绿能,3,1.0,2.0,0.0,0.0,0.0,1.821197877773,5.296666666667,8.486666666667,13.225
1749,301631,壹连科技,3,1.0,2.0,0.0,0.0,0.0,2.293048207877,3.546666666667,4.92,5.565
1750,688070,纵横股份,3,2.0,1.0,0.0,0.0,0.0,0.120786543392,0.57,1.0,1.326666666667
1751,688141,杰华特,3,2.0,1.0,0.0,0.0,0.0,-1.592471238084,-0.836666666667,0.583333333333,2.233333333333
1752,300702,天宇股份,3,2.0,1.0,0.0,0.0,0.0,0.401499934713,0.883333333333,1.18,1.466666666667
1753,600095,湘财股份,3,1.0,2.0,0.0,0.0,0.0,0.162327813326,0.24,0.26,0.27
1754,002419,天虹股份,3,2.0,1.0,0.0,0.0,0.0,0.072890805995,0.086666666667,0.11,0.136666666667
1755,688449,联芸科技,3,2.0,1.0,0.0,0.0,0.0,0.309040142152,0.336666666667,0.536666666667,0.713333333333
1756,688027,国盾量子,3,2.0,1.0,0.0,0.0,0.0,0.052419367861,0.265,0.76,1.543333333333
1757,002357,富临运业,3,1.0,2.0,0.0,0.0,0.0,0.546575280866,0.633333333333,0.71,0.8
1758,920099,瑞华技术,3,1.0,2.0,0.0,0.0,0.0,1.135134666299,0.866666666667,1.393333333333,1.963333333333
1759,002787,华源控股,3,2.0,1.0,0.0,0.0,0.0,0.34138651026,0.503333333333,0.663333333333,0.94
1760,600597,光明乳业,3,0.0,3.0,0.0,0.0,0.0,-0.108245456682,0.275,0.35,0.4
1761,600216,浙江医药,3,2.0,1.0,0.0,0.0,0.0,0.9082216554,1.15,1.27,1.45
1762,002886,沃特股份,3,3.0,0.0,0.0,0.0,0.0,0.244666793096,0.373333333333,0.596666666667,0.793333333333
1763,920077,吉林碳谷,3,1.0,2.0,0.0,0.0,0.0,0.304625493313,0.475,0.6125,0.735
1764,688767,博拓生物,3,3.0,0.0,0.0,0.0,0.0,0.329821928706,0.713333333333,0.85,1.086666666667
1765,300816,艾可蓝,3,2.0,1.0,0.0,0.0,0.0,1.18804552125,1.986666666667,3.016666666667,3.575
1766,600259,中稀有色,3,3.0,0.0,0.0,0.0,0.0,0.379138845999,2.187333333333,2.736,3.154
1767,301004,嘉益股份,3,1.0,2.0,0.0,0.0,0.0,2.998220780463,2.76,3.345,3.815
1768,920703,广厦环能,3,1.0,2.0,0.0,0.0,0.0,0.601233146015,0.403333333333,0.516666666667,0.626666666667
1769,603078,江化微,3,1.0,2.0,0.0,0.0,0.0,0.271790193073,0.336666666667,0.41,0.5
1770,300491,通合科技,3,2.0,1.0,0.0,0.0,0.0,0.226003308306,0.506666666667,0.79,1.153333333333
1771,601500,通用股份,3,3.0,0.0,0.0,0.0,0.0,0.127219131746,0.235,0.311,0.374666666667
1772,002567,唐人神,3,1.0,2.0,0.0,0.0,0.0,-0.828328743246,-0.36,0.42,0.495
1773,600376,首开股份,3,1.0,1.0,1.0,0.0,0.0,-2.568144454317,-1.35,-0.49,0.055
1774,000967,盈峰环境,3,1.0,2.0,0.0,0.0,0.0,0.163670249348,0.24,0.273333333333,0.31
1775,002048,宁波华翔,3,2.0,1.0,0.0,0.0,0.0,0.514869041668,1.743333333333,2.066666666667,2.36
1776,688048,长光华芯,3,2.0,1.0,0.0,0.0,0.0,0.123463146797,0.433333333333,0.866666666667,1.503333333333
1777,603081,大丰实业,3,0.0,3.0,0.0,0.0,0.0,0.207798887543,0.31,0.363333333333,0.406666666667
1778,920058,华洋赛车,3,0.0,3.0,0.0,0.0,0.0,0.92172812152,1.106666666667,1.266666666667,1.513333333333
1779,000560,我爱我家,3,1.0,2.0,0.0,0.0,0.0,-0.041023553835,0.056666666667,0.07,0.08
1780,600452,涪陵电力,3,2.0,1.0,0.0,0.0,0.0,0.25594731029,0.393333333333,0.45,0.52
1781,688309,恒誉科技,3,3.0,0.0,0.0,0.0,0.0,0.421081019121,1.936666666667,3.696666666667,7.913333333333
1782,300383,光环新网,3,2.0,1.0,0.0,0.0,0.0,-0.422346874542,0.163333333333,0.223333333333,0.33
1783,603262,技源集团,3,2.0,1.0,0.0,0.0,0.0,0.334218196895,0.34,0.486666666667,0.696666666667
1784,002897,意华股份,3,3.0,0.0,0.0,0.0,0.0,1.641705635975,2.36,3.411666666667,4.101
1785,301225,恒勃股份,3,0.0,3.0,0.0,0.0,0.0,0.94645144333,1.56,1.983333333333,2.185
1786,002068,黑猫股份,3,2.0,1.0,0.0,0.0,0.0,-0.630101139085,0.186666666667,0.336666666667,0.55
1787,603856,东宏股份,3,3.0,0.0,0.0,0.0,0.0,0.884148379297,0.726666666667,0.866666666667,1.006666666667
1788,301662,宏工科技,3,2.0,1.0,0.0,0.0,0.0,0.516172002241,2.34,3.663333333333,3.91
1789,002876,三利谱,3,3.0,0.0,0.0,0.0,0.0,0.270793475883,0.695,1.0,1.38
1790,688195,腾景科技,3,3.0,0.0,0.0,0.0,0.0,0.389951741399,1.035,1.76,2.26
1791,601952,苏垦农发,3,2.0,1.0,0.0,0.0,0.0,0.397573753135,0.396666666667,0.51,0.625
1792,300726,宏达电子,3,2.0,1.0,0.0,0.0,0.0,0.974102386378,1.12,1.373333333333,1.716666666667
1793,002707,众信旅游,3,1.0,2.0,0.0,0.0,0.0,0.00718286067,0.0525,0.08,0.1125
1794,920076,国亮新材,3,1.0,2.0,0.0,0.0,0.0,0.677513698616,0.873333333333,1.04,0.91
1795,600641,先导基电,3,1.0,2.0,0.0,0.0,0.0,-0.133700534749,0.186666666667,0.313333333333,0.566666666667
1796,920533,骏创科技,3,1.0,2.0,0.0,0.0,0.0,0.278075193231,0.506666666667,0.66,0.826666666667
1797,603194,中力股份,2,0.0,2.0,0.0,0.0,0.0,2.141163942693,2.275,2.64,3.0
1798,600765,中航重机,2,2.0,0.0,0.0,0.0,0.0,0.392157099467,0.48,0.59,0.72
1799,002646,天佑德酒,2,0.0,2.0,0.0,0.0,0.0,0.0090231738,0.046666666667,0.076666666667,0.11
1800,300145,南方泵业,2,1.0,1.0,0.0,0.0,0.0,0.123082433969,0.17,0.23,0.295
1801,600578,京能电力,2,1.0,1.0,0.0,0.0,0.0,0.527220202112,0.545,0.565,0.585
1802,688028,沃尔德,2,1.0,1.0,0.0,0.0,0.0,0.626099627291,0.95,1.18,1.625
1803,600987,航民股份,2,2.0,0.0,0.0,0.0,0.0,0.719835305954,0.82,0.87,0.91
1804,688186,广大特材,2,1.0,1.0,0.0,0.0,0.0,0.734039951662,1.195,1.56,1.57
1805,002550,千红制药,2,1.0,1.0,0.0,0.0,0.0,0.311607704008,0.32,0.395,0.455
1806,302132,中航成飞,2,0.0,0.0,0.0,0.0,0.0,1.284495688579,1.395,1.57,1.775
1807,600976,健民集团,2,2.0,0.0,0.0,0.0,0.0,2.345791563091,2.543333333333,2.996666666667,3.496666666667
1808,603898,好莱客,2,2.0,0.0,0.0,0.0,0.0,0.04887069122,0.125,0.22,0.31
1809,301151,冠龙节能,2,1.0,1.0,0.0,0.0,0.0,0.358743876095,0.455,0.665,0.925
1810,301071,力量钻石,2,0.0,2.0,0.0,0.0,0.0,0.429559401254,0.92,1.65,2.685
1811,920186,中科仪,2,0.0,2.0,0.0,0.0,0.0,3.769964362258,1.015,1.215,1.49
1812,000539,粤电力A,2,1.0,1.0,0.0,0.0,0.0,0.114268550158,-0.013333333333,0.146666666667,0.243333333333
1813,603569,长久物流,2,1.0,1.0,0.0,0.0,0.0,-0.144773064657,0.195,0.315,0.4
1814,002609,捷顺科技,2,1.0,1.0,0.0,0.0,0.0,0.098803706505,0.2,0.255,0.345
1815,688570,天玛智控,2,1.0,1.0,0.0,0.0,0.0,0.225947587113,0.275,0.345,0.46
1816,688458,美芯晟,2,2.0,0.0,0.0,0.0,0.0,-0.126141590042,0.405,1.07,1.7
1817,002777,久远银海,2,0.0,2.0,0.0,0.0,0.0,0.188294864414,0.29,0.395,0.52
1818,301282,金禄电子,2,2.0,0.0,0.0,0.0,0.0,0.428554796047,1.315,2.34,3.7
1819,300768,迪普科技,2,2.0,0.0,0.0,0.0,0.0,0.2814933857,0.335,0.385,0.44
1820,688607,康众医疗,2,2.0,0.0,0.0,0.0,0.0,-0.075648713562,0.2165,0.4065,0.321
1821,000655,金岭矿业,2,1.0,1.0,0.0,0.0,0.0,0.450307258154,0.42,0.455,0.51
1822,605368,蓝天燃气,2,1.0,1.0,0.0,0.0,0.0,0.394629281359,0.41,0.43,0.45
1823,300859,西域旅游,2,1.0,1.0,0.0,0.0,0.0,0.481815901161,0.655,0.775,0.885
1824,002649,博彦科技,2,2.0,0.0,0.0,0.0,0.0,0.176080439686,0.33,0.4,0.51
1825,600575,淮河能源,2,2.0,0.0,0.0,0.0,0.0,0.236863519472,0.225,0.265,0.29
1826,603906,龙蟠科技,2,2.0,0.0,0.0,0.0,0.0,-0.218085578072,1.15,1.95,2.19
1827,000800,一汽解放,2,1.0,1.0,0.0,0.0,0.0,0.147226944282,0.265,0.475,0.82
1828,600481,双良节能,2,2.0,0.0,0.0,0.0,0.0,-0.540481699442,-0.03,0.33,0.515
1829,300009,安科生物,2,0.0,2.0,0.0,0.0,0.0,0.44005051423,0.495,0.565,0.65
1830,603227,雪峰科技,2,1.0,1.0,0.0,0.0,0.0,0.469977407423,0.74,0.87,1.055
1831,600475,华光环能,2,2.0,0.0,0.0,0.0,0.0,0.405376244591,0.543333333333,0.616666666667,0.716666666667
1832,603186,华正新材,2,2.0,0.0,0.0,0.0,0.0,1.764860679075,3.335,5.02,6.45
1833,688359,三孚新科,2,2.0,0.0,0.0,0.0,0.0,-0.484706045227,1.29,2.015,2.95
1834,300846,首都在线,2,1.0,1.0,0.0,0.0,0.0,-0.337186208638,-0.11,0.06,0.11
1835,002901,大博医疗,2,2.0,0.0,0.0,0.0,0.0,1.448317533667,,,
1836,002396,星网锐捷,2,2.0,0.0,0.0,0.0,0.0,0.539811606939,1.095,1.705,2.275
1837,600361,创新新材,2,2.0,0.0,0.0,0.0,0.0,0.210445136601,0.295,0.405,0.56
1838,600874,创业环保,2,2.0,0.0,0.0,0.0,0.0,0.54912589507,0.59,0.625,0.655
1839,688357,建龙微纳,2,1.0,1.0,0.0,0.0,0.0,0.984646935847,1.135,1.47,1.985
1840,301293,三博脑科,2,2.0,0.0,0.0,0.0,0.0,0.408680038026,0.36,0.58,0.81
1841,920152,昆工科技,2,0.0,2.0,0.0,0.0,0.0,-1.936654892161,-0.195,1.44,2.625
1842,301042,安联锐视,2,2.0,0.0,0.0,0.0,0.0,0.278450056508,0.846666666667,1.403333333333,1.695
1843,000899,赣能股份,2,2.0,0.0,0.0,0.0,0.0,1.031704647014,1.23,1.3,1.335
1844,603610,麒盛科技,2,1.0,1.0,0.0,0.0,0.0,0.297289746291,0.58,0.755,1.065
1845,000060,中金岭南,2,1.0,1.0,0.0,0.0,0.0,0.180528022073,0.4,0.42,0.5
1846,603219,富佳股份,2,0.0,2.0,0.0,0.0,0.0,0.190752810118,0.285,0.38,0.495
1847,300303,聚飞光电,2,1.0,1.0,0.0,0.0,0.0,0.215254461356,0.225,0.29,0.365
1848,002988,豪美新材,2,0.0,2.0,0.0,0.0,0.0,0.473859864316,0.96,1.1,1.26
1849,301002,崧盛股份,2,2.0,0.0,0.0,0.0,0.0,-0.029349066234,1.085,1.755,2.38
1850,300547,川环科技,2,1.0,1.0,0.0,0.0,0.0,0.940677555541,1.2,1.44,1.7
1851,000888,峨眉山A,2,2.0,0.0,0.0,0.0,0.0,0.417576779899,0.52,0.58,0.71
1852,002659,凯文教育,2,1.0,1.0,0.0,0.0,0.0,-0.028480082844,0.065,0.085,0.105
1853,688596,正帆科技,2,2.0,0.0,0.0,0.0,0.0,0.429062350388,0.875,1.835,2.495
1854,001309,德明利,2,1.0,1.0,0.0,0.0,0.0,3.034386891816,51.12,41.71,43.805
1855,603668,天马科技,2,1.0,1.0,0.0,0.0,0.0,-0.354746924264,0.055,0.085,0.13
1856,301333,诺思格,2,1.0,1.0,0.0,0.0,0.0,1.417455047799,1.58,1.835,1.85
1857,600268,国电南自,2,2.0,0.0,0.0,0.0,0.0,0.472735346403,0.59,0.725,0.89
1858,000923,河钢资源,2,2.0,0.0,0.0,0.0,0.0,0.868998431586,0.03,1.15,1.57
1859,920344,三元基因,2,0.0,2.0,0.0,0.0,0.0,0.042176049339,0.185,0.29,0.395
1860,920720,吉冈精密,2,0.0,2.0,0.0,0.0,0.0,0.237923374845,0.265,0.3,0.35
1861,688138,清溢光电,2,2.0,0.0,0.0,0.0,0.0,0.594998705273,0.82,1.065,1.335
1862,301219,腾远钴业,2,2.0,0.0,0.0,0.0,0.0,2.901535768439,6.19,6.32,6.12
1863,688170,德龙激光,2,2.0,0.0,0.0,0.0,0.0,0.250076727264,1.105,2.01,2.46
1864,920304,迪尔化工,2,0.0,2.0,0.0,0.0,0.0,0.344512172728,0.3,0.53,0.72
1865,000905,厦门港务,2,0.0,2.0,0.0,0.0,0.0,0.13339281306,0.3,0.355,0.38
1866,301272,英华特,2,1.0,1.0,0.0,0.0,0.0,0.621322757694,1.32,1.57,1.735
1867,600138,中青旅,2,1.0,1.0,0.0,0.0,0.0,0.115373914995,0.15,0.2,0.24
1868,300858,科拓生物,2,2.0,0.0,0.0,0.0,0.0,0.358714055681,0.41,0.555,0.805
1869,600456,宝钛股份,2,2.0,0.0,0.0,0.0,0.0,0.839097128381,0.94,1.13,1.4
1870,301239,普瑞眼科,2,2.0,0.0,0.0,0.0,0.0,-0.407184920064,0.945,1.685,2.405
1871,603712,七一二,2,2.0,0.0,0.0,0.0,0.0,-0.637457677837,-0.21,0.06,0.24
1872,603598,引力传媒,2,1.0,1.0,0.0,0.0,0.0,0.063421971442,0.285,0.375,0.43
1873,688786,悦安新材,2,1.0,1.0,0.0,0.0,0.0,0.477859297685,0.745,1.01,1.305
1874,920819,颖泰生物,2,0.0,2.0,0.0,0.0,0.0,-0.20961305682,0.05,0.12,0.185
1875,301285,鸿日达,2,2.0,0.0,0.0,0.0,0.0,-0.32528524827,0.175,2.355,4.265
1876,002407,多氟多,2,1.0,1.0,0.0,0.0,0.0,0.178745823108,1.955,2.39,3.095
1877,300705,九典制药,2,1.0,1.0,0.0,0.0,0.0,0.945085690455,0.6,0.725,0.885
1878,603011,合锻智能,2,0.0,2.0,0.0,0.0,0.0,-0.502941900926,0.05,0.1,0.14
1879,603915,国茂股份,2,1.0,1.0,0.0,0.0,0.0,0.351907236719,0.48,0.54,0.62
1880,300458,全志科技,2,0.0,1.0,1.0,0.0,0.0,0.263811185071,0.545,0.675,0.765
1881,300836,佰奥智能,2,2.0,0.0,0.0,0.0,0.0,1.077012822595,1.83,2.575,3.385
1882,688110,东芯股份,2,0.0,1.0,1.0,0.0,0.0,-0.440333672545,1.38,1.415,1.585
1883,600517,国网英大,2,0.0,2.0,0.0,0.0,0.0,0.442518969315,0.46,0.47,0.49
1884,603989,艾华集团,2,1.0,1.0,0.0,0.0,0.0,0.66458177271,0.86,1.05,1.21
1885,001696,宗申动力,2,0.0,2.0,0.0,0.0,0.0,0.58122193335,0.77,1.0,1.21
1886,300611,美力科技,2,1.0,1.0,0.0,0.0,0.0,0.69122901411,1.286666666667,1.49,1.753333333333
1887,920368,连城数控,2,1.0,1.0,0.0,0.0,0.0,0.360915582533,0.735,2.035,1.16
1888,000801,四川九洲,2,1.0,1.0,0.0,0.0,0.0,0.176273268907,0.23,0.295,0.41
1889,688448,磁谷科技,2,0.0,2.0,0.0,0.0,0.0,0.102055816542,0.38,1.94,4.07
1890,301398,星源卓镁,2,1.0,1.0,0.0,0.0,0.0,0.410788440885,0.85,1.56,2.485
1891,688793,倍轻松,2,0.0,2.0,0.0,0.0,0.0,-1.144218775431,0.265,0.455,0.565
1892,600908,无锡银行,2,0.0,2.0,0.0,0.0,0.0,1.052148931328,1.06,1.1,1.155
1893,300497,富祥股份,2,2.0,0.0,0.0,0.0,0.0,-0.102154747418,1.2,1.46,
1894,300863,卡倍亿,2,1.0,1.0,0.0,0.0,0.0,0.456717202935,1.505,1.55,
1895,002026,山东威达,2,1.0,1.0,0.0,0.0,0.0,0.572401446198,0.655,0.755,0.84
1896,600742,富维股份,2,2.0,0.0,0.0,0.0,0.0,0.625914118346,0.755,0.845,0.76
1897,603876,鼎胜新材,2,2.0,0.0,0.0,0.0,0.0,0.5519109271,1.22,1.71,2.17
1898,603698,航天工程,2,1.0,1.0,0.0,0.0,0.0,0.403935522454,0.66,0.88,1.06
1899,688387,信科移动,2,0.0,2.0,0.0,0.0,0.0,-0.078844449641,-0.005,0.06,0.14
1900,688073,毕得医药,2,2.0,0.0,0.0,0.0,0.0,1.669616302389,2.415,2.96,3.63
1901,601096,宏盛华源,2,1.0,1.0,0.0,0.0,0.0,0.138738041538,0.16,0.185,0.23
1902,300389,艾比森,2,2.0,0.0,0.0,0.0,0.0,0.68239436741,1.0,1.295,1.675
1903,301448,开创电气,2,1.0,1.0,0.0,0.0,0.0,-0.021022732696,-0.06,0.37,0.84
1904,301488,豪恩汽电,2,1.0,1.0,0.0,0.0,0.0,0.739042518226,1.19,1.48,1.815
1905,603237,五芳斋,2,2.0,0.0,0.0,0.0,0.0,0.62046612696,0.685,0.775,0.865
1906,001218,丽臣实业,2,2.0,0.0,0.0,0.0,0.0,1.202787519889,2.225,2.56,2.89
1907,000987,越秀资本,2,2.0,0.0,0.0,0.0,0.0,0.701470824975,0.76,0.86,0.99
1908,920943,优机股份,2,0.0,2.0,0.0,0.0,0.0,0.716530488977,0.81,0.935,1.09
1909,600469,风神股份,2,2.0,0.0,0.0,0.0,0.0,0.264717250194,0.37,0.595,0.83
1910,601608,中信重工,2,0.0,2.0,0.0,0.0,0.0,0.081986564108,0.1,0.13,0.16
1911,603005,晶方科技,2,2.0,0.0,0.0,0.0,0.0,0.566749050165,0.82,1.12,1.45
1912,603990,麦迪科技,2,1.0,1.0,0.0,0.0,0.0,0.12828474933,0.225,0.32,0.4
1913,603896,寿仙谷,2,1.0,1.0,0.0,0.0,0.0,0.091676318042,0.56,0.675,0.785
1914,300841,康华生物,2,2.0,0.0,0.0,0.0,0.0,1.692213794498,2.083333333333,2.433333333333,2.753333333333
1915,301665,泰禾股份,2,1.0,1.0,0.0,0.0,0.0,1.035004052467,1.245,1.515,1.805
1916,605286,同力天启,2,2.0,0.0,0.0,0.0,0.0,1.182660216369,1.61,3.2,4.18
1917,920016,中草香料,2,0.0,2.0,0.0,0.0,0.0,0.248702096826,0.33,0.415,0.515
1918,300260,新莱应材,2,1.0,1.0,0.0,0.0,0.0,0.429278921968,0.595,0.8685,1.2415
1919,300872,天阳科技,2,2.0,0.0,0.0,0.0,0.0,-0.282994829154,0.185,0.305,0.455
1920,688353,华盛锂电,2,1.0,1.0,0.0,0.0,0.0,0.083113293292,5.865,6.95,7.28
1921,603926,铁流股份,2,2.0,0.0,0.0,0.0,0.0,0.332530156336,0.64,0.795,0.995
1922,300698,万马科技,2,1.0,1.0,0.0,0.0,0.0,0.351065168433,0.755,1.09,1.46
1923,300088,长信科技,2,2.0,0.0,0.0,0.0,0.0,0.081512043367,0.155,0.24,0.335
1924,002373,千方科技,2,2.0,0.0,0.0,0.0,0.0,0.169876739266,0.25,0.34,0.54
1925,301290,东星医疗,2,2.0,0.0,0.0,0.0,0.0,-0.378746089353,1.185,1.985,2.42
1926,920101,志高机械,2,1.0,1.0,0.0,0.0,0.0,0.899562721111,1.575,1.955,1.6
1927,688158,优刻得,2,0.0,2.0,0.0,0.0,0.0,-0.159653892465,0.205,0.41,0.615
1928,000059,华锦股份,2,2.0,0.0,0.0,0.0,0.0,-1.102443412776,0.33,0.415,0.52
1929,600572,康恩贝,2,2.0,0.0,0.0,0.0,0.0,0.186865123976,0.24,0.29,0.34
1930,600320,振华重工,2,0.0,2.0,0.0,0.0,0.0,0.13922442641,0.254,0.3125,0.3895
1931,600379,宝光股份,2,2.0,0.0,0.0,0.0,0.0,0.155356620782,0.243333333333,0.4,0.546666666667
1932,605196,华通线缆,2,1.0,1.0,0.0,0.0,0.0,0.559118529077,1.32,2.8,6.03
1933,300540,蜀道装备,2,1.0,1.0,0.0,0.0,0.0,0.263986148009,0.415,0.505,0.66
1934,301317,鑫磊股份,2,1.0,1.0,0.0,0.0,0.0,1.788740375215,0.605,1.395,3.315
1935,688418,震有科技,2,0.0,2.0,0.0,0.0,0.0,-0.344572992775,0.505,0.99,1.95
1936,301487,盟固利,2,0.0,1.0,1.0,0.0,0.0,0.059166901576,0.16,0.26,0.333333333333
1937,300284,苏交科,2,0.0,2.0,0.0,0.0,0.0,0.018620654696,0.13,0.14,0.15
1938,002840,华统股份,2,2.0,0.0,0.0,0.0,0.0,-0.169562899801,-0.295,0.865,0.8
1939,603348,文灿股份,2,1.0,0.0,1.0,0.0,0.0,-1.106443006875,-0.05,0.335,0.5
1940,301276,嘉曼服饰,2,2.0,0.0,0.0,0.0,0.0,0.814322770293,1.165,1.33,1.515
1941,601200,上海环境,2,1.0,1.0,0.0,0.0,0.0,0.44802242872,0.465,0.48,0.49
1942,688257,新锐股份,2,0.0,2.0,0.0,0.0,0.0,0.636593465603,2.6,3.095,3.925
1943,301021,英诺激光,2,1.0,1.0,0.0,0.0,0.0,0.316109917842,0.485,0.785,1.505
1944,603102,百合股份,2,1.0,1.0,0.0,0.0,0.0,2.006795692969,1.895,2.145,2.445
1945,688665,四方光电,2,2.0,0.0,0.0,0.0,0.0,1.309175615672,1.7,2.04,2.52
1946,300470,中密控股,2,2.0,0.0,0.0,0.0,0.0,1.853459872075,1.925,2.14,2.4
1947,002180,奔图科技,2,2.0,0.0,0.0,0.0,0.0,-0.505116535482,0.47,0.685,0.935
1948,002221,东华能源,2,2.0,0.0,0.0,0.0,0.0,-0.584086132581,0.215,0.52,0.715
1949,002793,罗欣药业,2,1.0,1.0,0.0,0.0,0.0,-0.265339516467,0.11,0.235,0.425
1950,688269,凯立新材,2,1.0,1.0,0.0,0.0,0.0,0.83438013083,1.595,2.075,2.755
1951,300406,九强生物,2,2.0,0.0,0.0,0.0,0.0,0.323939715945,0.695,0.845,0.975
1952,300994,久祺股份,2,1.0,1.0,0.0,0.0,0.0,0.635063580236,0.77,0.95,
1953,300351,永贵电器,2,2.0,0.0,0.0,0.0,0.0,0.160701408624,0.335,0.44,0.545
1954,605198,安德利,2,1.0,1.0,0.0,0.0,0.0,0.988500717022,0.92,1.08,1.235
1955,920556,雅达股份,2,0.0,2.0,0.0,0.0,0.0,0.145058003282,0.205,0.245,0.305
1956,603757,大元泵业,2,2.0,0.0,0.0,0.0,0.0,0.775741786804,1.073333333333,1.756666666667,2.626666666667
1957,688598,金博股份,2,1.0,1.0,0.0,0.0,0.0,-6.173595087333,-0.355,0.18,0.94
1958,920036,觅睿科技,2,1.0,1.0,0.0,0.0,0.0,1.454258666105,1.82,2.33,2.865
1959,688799,华纳药厂,2,1.0,1.0,0.0,0.0,0.0,1.783034081504,1.345,1.555,1.8
1960,002913,奥士康,2,2.0,0.0,0.0,0.0,0.0,0.970213246668,1.43,1.87,2.56
1961,002130,沃尔核材,2,2.0,0.0,0.0,0.0,0.0,0.817114586645,1.13,1.49,1.815
1962,300143,盈康生命,2,1.0,1.0,0.0,0.0,0.0,0.070447619252,0.18,0.205,0.23
1963,920163,方大新材,2,0.0,2.0,0.0,0.0,0.0,0.345025341542,0.42,0.485,0.56
1964,003033,征和工业,2,2.0,0.0,0.0,0.0,0.0,2.142432944709,2.445,2.92,3.48
1965,920075,柏星龙,2,0.0,2.0,0.0,0.0,0.0,0.334503892463,0.42,0.53,0.87
1966,603496,恒为科技,2,2.0,0.0,0.0,0.0,0.0,0.109110015447,0.195,0.29,0.22
1967,301220,亚香股份,2,1.0,1.0,0.0,0.0,0.0,1.023285489291,1.605,2.37,3.45
1968,688311,盟升电子,2,2.0,0.0,0.0,0.0,0.0,-0.09354713028,0.305,0.735,1.105
1969,600211,西藏药业,2,2.0,0.0,0.0,0.0,0.0,2.90994593856,3.1225,3.2275,3.4175
1970,920656,海昇药业,2,0.0,2.0,0.0,0.0,0.0,0.6945698352,0.75,0.85,1.01
1971,300873,海晨股份,2,2.0,0.0,0.0,0.0,0.0,0.821333633134,1.425,1.635,1.85
1972,601890,亚星锚链,2,1.0,1.0,0.0,0.0,0.0,0.33086248473,0.385,0.44,0.515
1973,600740,山西焦化,2,0.0,2.0,0.0,0.0,0.0,0.032447578941,0.24,0.255,0.315
1974,603966,法兰泰克,2,2.0,0.0,0.0,0.0,0.0,0.450845637617,0.78,0.99,1.18
1975,000913,钱江摩托,2,1.0,1.0,0.0,0.0,0.0,1.856229557912,0.58,0.77,0.81
1976,600688,上海石化,2,0.0,2.0,0.0,0.0,0.0,-0.135886083318,0.045,0.065,0.07
1977,600230,沧州大化,2,2.0,0.0,0.0,0.0,0.0,0.074532461638,0.9,1.02,1.175
1978,001330,博纳影业,2,0.0,1.0,1.0,0.0,0.0,-1.065450158977,0.14,0.205,0.2
1979,301257,普蕊斯,2,1.0,1.0,0.0,0.0,0.0,1.387739947854,1.756666666667,2.093333333333,2.476666666667
1980,600841,动力新科,2,0.0,2.0,0.0,0.0,0.0,2.069433322809,0.24,0.445,0.635
1981,600602,云赛智联,2,1.0,1.0,0.0,0.0,0.0,0.141647041779,0.215,0.27,0.33
1982,300349,金卡智能,2,1.0,1.0,0.0,0.0,0.0,0.637337078743,0.605,0.72,0.835
1983,300166,东方国信,2,2.0,0.0,0.0,0.0,0.0,-0.192637248609,0.105,0.23,0.44
1984,002286,保龄宝,2,2.0,0.0,0.0,0.0,0.0,0.396409323839,0.485,0.585,0.73
1985,301626,苏州天脉,2,1.0,1.0,0.0,0.0,0.0,1.337286123876,4.28,7.735,9.2
1986,300457,赢合科技,2,2.0,0.0,0.0,0.0,0.0,0.834131565119,1.195,1.39,1.655
1987,920271,邦德股份,2,1.0,1.0,0.0,0.0,0.0,0.764998919609,0.825,0.92,1.07
1988,600362,江西铜业,2,1.0,1.0,0.0,0.0,0.0,2.059124762595,4.29,4.645,4.825
1989,002779,中坚科技,2,2.0,0.0,0.0,0.0,0.0,0.933813810498,0.575,0.96,1.43
1990,600064,南京高科,2,2.0,0.0,0.0,0.0,0.0,1.057726179948,1.255,1.415,1.58
1991,600037,歌华有线,2,1.0,0.0,1.0,0.0,0.0,0.024654163329,0.13,0.14,
1992,920100,三协电机,2,0.0,2.0,0.0,0.0,0.0,0.58450697657,0.88,1.15,1.45
1993,301196,唯科科技,2,1.0,1.0,0.0,0.0,0.0,1.564636536836,2.25,3.0,4.86
1994,688737,中自科技,2,1.0,1.0,0.0,0.0,0.0,-0.472206447233,0.7,1.125,1.75
1995,002673,西部证券,2,0.0,1.0,1.0,0.0,0.0,0.392352760671,0.44,0.51,0.55
1996,300657,弘信电子,2,1.0,1.0,0.0,0.0,0.0,0.305372459216,0.705,1.235,1.735
1997,002515,金字火腿,2,1.0,1.0,0.0,0.0,0.0,0.020900923921,0.02,0.025,0.04
1998,000685,中山公用,2,0.0,2.0,0.0,0.0,0.0,1.280451163368,1.365,1.47,1.615
1999,600397,江钨装备,2,2.0,0.0,0.0,0.0,0.0,-0.294291592091,0.075,0.09,0.1
2000,688206,概伦电子,2,2.0,0.0,0.0,0.0,0.0,0.067938054153,0.11,0.185,0.255
2001,301507,民生健康,2,1.0,1.0,0.0,0.0,0.0,0.333165755468,0.37,0.53,0.78
2002,301559,中集环科,2,0.0,2.0,0.0,0.0,0.0,0.187867245283,0.435,0.565,0.705
2003,301479,弘景光电,2,2.0,0.0,0.0,0.0,0.0,1.547967621674,2.45,3.395,4.65
2004,002614,奥佳华,2,1.0,1.0,0.0,0.0,0.0,0.019678987758,0.14,0.17,0.2
2005,000883,湖北能源,2,2.0,0.0,0.0,0.0,0.0,0.269724077767,0.27,0.28,0.285
2006,300451,创业慧康,2,1.0,1.0,0.0,0.0,0.0,-0.259277766079,-0.05,0.006666666667,0.056666666667
2007,002824,和胜股份,2,1.0,1.0,0.0,0.0,0.0,0.497694519436,0.82,1.03,1.245
2008,002792,通宇通讯,2,2.0,0.0,0.0,0.0,0.0,0.07851068488,0.095,0.14,0.32
2009,300322,硕贝德,2,1.0,1.0,0.0,0.0,0.0,0.140606425789,0.285,0.4,0.46
2010,300131,英唐智控,2,0.0,2.0,0.0,0.0,0.0,0.023272102241,0.04,0.07,
2011,002116,中国海诚,2,2.0,0.0,0.0,0.0,0.0,0.609193026042,0.735,0.77,0.805
2012,002083,孚日股份,2,2.0,0.0,0.0,0.0,0.0,0.452578692151,0.71,0.885,1.04
2013,002368,太极股份,2,1.0,1.0,0.0,0.0,0.0,-1.224166397866,-0.055,0.245,0.545
2014,600587,新华医疗,2,1.0,1.0,0.0,0.0,0.0,0.867617900297,1.053333333333,1.156666666667,1.296666666667
2015,600022,山东钢铁,2,2.0,0.0,0.0,0.0,0.0,0.009902462681,0.075,0.16,0.2
2016,000655,金岭矿业,2,1.0,1.0,0.0,0.0,0.0,0.450307258154,0.42,0.455,0.51
2017,920152,昆工科技,2,0.0,2.0,0.0,0.0,0.0,-1.936654892161,-0.195,1.44,2.625
2018,301042,安联锐视,2,2.0,0.0,0.0,0.0,0.0,0.278450056508,0.846666666667,1.403333333333,1.695
2019,000899,赣能股份,2,2.0,0.0,0.0,0.0,0.0,1.031704647014,1.23,1.3,1.335
2020,603610,麒盛科技,2,1.0,1.0,0.0,0.0,0.0,0.297289746291,0.58,0.755,1.065
2021,000060,中金岭南,2,1.0,1.0,0.0,0.0,0.0,0.180528022073,0.4,0.42,0.5
2022,603219,富佳股份,2,0.0,2.0,0.0,0.0,0.0,0.190752810118,0.285,0.38,0.495
2023,300303,聚飞光电,2,1.0,1.0,0.0,0.0,0.0,0.215254461356,0.225,0.29,0.365
2024,002988,豪美新材,2,0.0,2.0,0.0,0.0,0.0,0.473859864316,0.96,1.1,1.26
2025,600361,创新新材,2,2.0,0.0,0.0,0.0,0.0,0.210445136601,0.295,0.405,0.56
2026,300859,西域旅游,2,1.0,1.0,0.0,0.0,0.0,0.481815901161,0.655,0.775,0.885
2027,301282,金禄电子,2,2.0,0.0,0.0,0.0,0.0,0.428554796047,1.315,2.34,3.7
2028,600987,航民股份,2,2.0,0.0,0.0,0.0,0.0,0.719835305954,0.82,0.87,0.91
2029,000539,粤电力A,2,1.0,1.0,0.0,0.0,0.0,0.114268550158,-0.013333333333,0.146666666667,0.243333333333
2030,600765,中航重机,2,2.0,0.0,0.0,0.0,0.0,0.392157099467,0.48,0.59,0.72
2031,603194,中力股份,2,0.0,2.0,0.0,0.0,0.0,2.141163942693,2.275,2.64,3.0
2032,002646,天佑德酒,2,0.0,2.0,0.0,0.0,0.0,0.0090231738,0.046666666667,0.076666666667,0.11
2033,300145,南方泵业,2,1.0,1.0,0.0,0.0,0.0,0.123082433969,0.17,0.23,0.295
2034,600578,京能电力,2,1.0,1.0,0.0,0.0,0.0,0.527220202112,0.545,0.565,0.585
2035,688028,沃尔德,2,1.0,1.0,0.0,0.0,0.0,0.626099627291,0.95,1.18,1.625
2036,688186,广大特材,2,1.0,1.0,0.0,0.0,0.0,0.734039951662,1.195,1.56,1.57
2037,002550,千红制药,2,1.0,1.0,0.0,0.0,0.0,0.311607704008,0.32,0.395,0.455
2038,302132,中航成飞,2,0.0,0.0,0.0,0.0,0.0,1.284495688579,1.395,1.57,1.775
2039,301151,冠龙节能,2,1.0,1.0,0.0,0.0,0.0,0.358743876095,0.455,0.665,0.925
2040,301071,力量钻石,2,0.0,2.0,0.0,0.0,0.0,0.429559401254,0.92,1.65,2.685
2041,301293,三博脑科,2,2.0,0.0,0.0,0.0,0.0,0.408680038026,0.36,0.58,0.81
2042,688357,建龙微纳,2,1.0,1.0,0.0,0.0,0.0,0.984646935847,1.135,1.47,1.985
2043,600874,创业环保,2,2.0,0.0,0.0,0.0,0.0,0.54912589507,0.59,0.625,0.655
2044,002396,星网锐捷,2,2.0,0.0,0.0,0.0,0.0,0.539811606939,1.095,1.705,2.275
2045,301257,普蕊斯,2,1.0,1.0,0.0,0.0,0.0,1.387739947854,1.756666666667,2.093333333333,2.476666666667
2046,600841,动力新科,2,0.0,2.0,0.0,0.0,0.0,2.069433322809,0.24,0.445,0.635
2047,600602,云赛智联,2,1.0,1.0,0.0,0.0,0.0,0.141647041779,0.215,0.27,0.33
2048,300349,金卡智能,2,1.0,1.0,0.0,0.0,0.0,0.637337078743,0.605,0.72,0.835
2049,300166,东方国信,2,2.0,0.0,0.0,0.0,0.0,-0.192637248609,0.105,0.23,0.44
2050,002286,保龄宝,2,2.0,0.0,0.0,0.0,0.0,0.396409323839,0.485,0.585,0.73
2051,301626,苏州天脉,2,1.0,1.0,0.0,0.0,0.0,1.337286123876,4.28,7.735,9.2
2052,688353,华盛锂电,2,1.0,1.0,0.0,0.0,0.0,0.083113293292,5.865,6.95,7.28
2053,001218,丽臣实业,2,2.0,0.0,0.0,0.0,0.0,1.202787519889,2.225,2.56,2.89
2054,301285,鸿日达,2,2.0,0.0,0.0,0.0,0.0,-0.32528524827,0.175,2.355,4.265
2055,301488,豪恩汽电,2,1.0,1.0,0.0,0.0,0.0,0.739042518226,1.19,1.48,1.815
2056,603906,龙蟠科技,2,2.0,0.0,0.0,0.0,0.0,-0.218085578072,1.15,1.95,2.19
2057,600575,淮河能源,2,2.0,0.0,0.0,0.0,0.0,0.236863519472,0.225,0.265,0.29
2058,600481,双良节能,2,2.0,0.0,0.0,0.0,0.0,-0.540481699442,-0.03,0.33,0.515
2059,300009,安科生物,2,0.0,2.0,0.0,0.0,0.0,0.44005051423,0.495,0.565,0.65
2060,603227,雪峰科技,2,1.0,1.0,0.0,0.0,0.0,0.469977407423,0.74,0.87,1.055
2061,600475,华光环能,2,2.0,0.0,0.0,0.0,0.0,0.405376244591,0.543333333333,0.616666666667,0.716666666667
2062,603186,华正新材,2,2.0,0.0,0.0,0.0,0.0,1.764860679075,3.335,5.02,6.45
2063,688359,三孚新科,2,2.0,0.0,0.0,0.0,0.0,-0.484706045227,1.29,2.015,2.95
2064,300846,首都在线,2,1.0,1.0,0.0,0.0,0.0,-0.337186208638,-0.11,0.06,0.11
2065,002901,大博医疗,2,2.0,0.0,0.0,0.0,0.0,1.448317533667,,,
2066,002649,博彦科技,2,2.0,0.0,0.0,0.0,0.0,0.176080439686,0.33,0.4,0.51
2067,605368,蓝天燃气,2,1.0,1.0,0.0,0.0,0.0,0.394629281359,0.41,0.43,0.45
2068,920186,中科仪,2,0.0,2.0,0.0,0.0,0.0,3.769964362258,1.015,1.215,1.49
2069,603898,好莱客,2,2.0,0.0,0.0,0.0,0.0,0.04887069122,0.125,0.22,0.31
2070,600230,沧州大化,2,2.0,0.0,0.0,0.0,0.0,0.074532461638,0.9,1.02,1.175
2071,001309,德明利,2,1.0,1.0,0.0,0.0,0.0,3.034386891816,51.12,41.71,43.805
2072,603698,航天工程,2,1.0,1.0,0.0,0.0,0.0,0.403935522454,0.66,0.88,1.06
2073,688387,信科移动,2,0.0,2.0,0.0,0.0,0.0,-0.078844449641,-0.005,0.06,0.14
2074,688073,毕得医药,2,2.0,0.0,0.0,0.0,0.0,1.669616302389,2.415,2.96,3.63
2075,601096,宏盛华源,2,1.0,1.0,0.0,0.0,0.0,0.138738041538,0.16,0.185,0.23
2076,300389,艾比森,2,2.0,0.0,0.0,0.0,0.0,0.68239436741,1.0,1.295,1.675
2077,301448,开创电气,2,1.0,1.0,0.0,0.0,0.0,-0.021022732696,-0.06,0.37,0.84
2078,300458,全志科技,2,0.0,1.0,1.0,0.0,0.0,0.263811185071,0.545,0.675,0.765
2079,603915,国茂股份,2,1.0,1.0,0.0,0.0,0.0,0.351907236719,0.48,0.54,0.62
2080,603011,合锻智能,2,0.0,2.0,0.0,0.0,0.0,-0.502941900926,0.05,0.1,0.14
2081,300705,九典制药,2,1.0,1.0,0.0,0.0,0.0,0.945085690455,0.6,0.725,0.885
2082,688596,正帆科技,2,2.0,0.0,0.0,0.0,0.0,0.429062350388,0.875,1.835,2.495
2083,300547,川环科技,2,1.0,1.0,0.0,0.0,0.0,0.940677555541,1.2,1.44,1.7
2084,603569,长久物流,2,1.0,1.0,0.0,0.0,0.0,-0.144773064657,0.195,0.315,0.4
2085,603668,天马科技,2,1.0,1.0,0.0,0.0,0.0,-0.354746924264,0.055,0.085,0.13
2086,301333,诺思格,2,1.0,1.0,0.0,0.0,0.0,1.417455047799,1.58,1.835,1.85
2087,600268,国电南自,2,2.0,0.0,0.0,0.0,0.0,0.472735346403,0.59,0.725,0.89
2088,000923,河钢资源,2,2.0,0.0,0.0,0.0,0.0,0.868998431586,0.03,1.15,1.57
2089,920344,三元基因,2,0.0,2.0,0.0,0.0,0.0,0.042176049339,0.185,0.29,0.395
2090,920720,吉冈精密,2,0.0,2.0,0.0,0.0,0.0,0.237923374845,0.265,0.3,0.35
2091,688138,清溢光电,2,2.0,0.0,0.0,0.0,0.0,0.594998705273,0.82,1.065,1.335
2092,301219,腾远钴业,2,2.0,0.0,0.0,0.0,0.0,2.901535768439,6.19,6.32,6.12
2093,688170,德龙激光,2,2.0,0.0,0.0,0.0,0.0,0.250076727264,1.105,2.01,2.46
2094,002625,光启技术,2,1.0,1.0,0.0,0.0,0.0,0.318829860404,0.49,0.6,0.755
2095,000973,佛塑科技,2,2.0,0.0,0.0,0.0,0.0,0.043943964041,0.65,1.035,1.31
2096,603876,鼎胜新材,2,2.0,0.0,0.0,0.0,0.0,0.5519109271,1.22,1.71,2.17
2097,600742,富维股份,2,2.0,0.0,0.0,0.0,0.0,0.625914118346,0.755,0.845,0.76
2098,002026,山东威达,2,1.0,1.0,0.0,0.0,0.0,0.572401446198,0.655,0.755,0.84
2099,300863,卡倍亿,2,1.0,1.0,0.0,0.0,0.0,0.456717202935,1.505,1.55,
2100,002609,捷顺科技,2,1.0,1.0,0.0,0.0,0.0,0.098803706505,0.2,0.255,0.345
2101,688570,天玛智控,2,1.0,1.0,0.0,0.0,0.0,0.225947587113,0.275,0.345,0.46
2102,688458,美芯晟,2,2.0,0.0,0.0,0.0,0.0,-0.126141590042,0.405,1.07,1.7
2103,002777,久远银海,2,0.0,2.0,0.0,0.0,0.0,0.188294864414,0.29,0.395,0.52
2104,300768,迪普科技,2,2.0,0.0,0.0,0.0,0.0,0.2814933857,0.335,0.385,0.44
2105,688607,康众医疗,2,2.0,0.0,0.0,0.0,0.0,-0.075648713562,0.2165,0.4065,0.321
2106,600976,健民集团,2,2.0,0.0,0.0,0.0,0.0,2.345791563091,2.543333333333,2.996666666667,3.496666666667
2107,301002,崧盛股份,2,2.0,0.0,0.0,0.0,0.0,-0.029349066234,1.085,1.755,2.38
2108,000800,一汽解放,2,1.0,1.0,0.0,0.0,0.0,0.147226944282,0.265,0.475,0.82
2109,000888,峨眉山A,2,2.0,0.0,0.0,0.0,0.0,0.417576779899,0.52,0.58,0.71
2110,000905,厦门港务,2,0.0,2.0,0.0,0.0,0.0,0.13339281306,0.3,0.355,0.38
2111,300836,佰奥智能,2,2.0,0.0,0.0,0.0,0.0,1.077012822595,1.83,2.575,3.385
2112,688110,东芯股份,2,0.0,1.0,1.0,0.0,0.0,-0.440333672545,1.38,1.415,1.585
2113,600517,国网英大,2,0.0,2.0,0.0,0.0,0.0,0.442518969315,0.46,0.47,0.49
2114,603989,艾华集团,2,1.0,1.0,0.0,0.0,0.0,0.66458177271,0.86,1.05,1.21
2115,001696,宗申动力,2,0.0,2.0,0.0,0.0,0.0,0.58122193335,0.77,1.0,1.21
2116,300611,美力科技,2,1.0,1.0,0.0,0.0,0.0,0.69122901411,1.286666666667,1.49,1.753333333333
2117,920368,连城数控,2,1.0,1.0,0.0,0.0,0.0,0.360915582533,0.735,2.035,1.16
2118,000801,四川九洲,2,1.0,1.0,0.0,0.0,0.0,0.176273268907,0.23,0.295,0.41
2119,688448,磁谷科技,2,0.0,2.0,0.0,0.0,0.0,0.102055816542,0.38,1.94,4.07
2120,688793,倍轻松,2,0.0,2.0,0.0,0.0,0.0,-1.144218775431,0.265,0.455,0.565
2121,600908,无锡银行,2,0.0,2.0,0.0,0.0,0.0,1.052148931328,1.06,1.1,1.155
2122,300497,富祥股份,2,2.0,0.0,0.0,0.0,0.0,-0.102154747418,1.2,1.46,
2123,001330,博纳影业,2,0.0,1.0,1.0,0.0,0.0,-1.065450158977,0.14,0.205,0.2
2124,301398,星源卓镁,2,1.0,1.0,0.0,0.0,0.0,0.410788440885,0.85,1.56,2.485
2125,600688,上海石化,2,0.0,2.0,0.0,0.0,0.0,-0.135886083318,0.045,0.065,0.07
2126,601608,中信重工,2,0.0,2.0,0.0,0.0,0.0,0.081986564108,0.1,0.13,0.16
2127,605198,安德利,2,1.0,1.0,0.0,0.0,0.0,0.988500717022,0.92,1.08,1.235
2128,920556,雅达股份,2,0.0,2.0,0.0,0.0,0.0,0.145058003282,0.205,0.245,0.305
2129,603757,大元泵业,2,2.0,0.0,0.0,0.0,0.0,0.775741786804,1.073333333333,1.756666666667,2.626666666667
2130,688598,金博股份,2,1.0,1.0,0.0,0.0,0.0,-6.173595087333,-0.355,0.18,0.94
2131,920036,觅睿科技,2,1.0,1.0,0.0,0.0,0.0,1.454258666105,1.82,2.33,2.865
2132,688418,震有科技,2,0.0,2.0,0.0,0.0,0.0,-0.344572992775,0.505,0.99,1.95
2133,301317,鑫磊股份,2,1.0,1.0,0.0,0.0,0.0,1.788740375215,0.605,1.395,3.315
2134,300540,蜀道装备,2,1.0,1.0,0.0,0.0,0.0,0.263986148009,0.415,0.505,0.66
2135,605196,华通线缆,2,1.0,1.0,0.0,0.0,0.0,0.559118529077,1.32,2.8,6.03
2136,920943,优机股份,2,0.0,2.0,0.0,0.0,0.0,0.716530488977,0.81,0.935,1.09
2137,600469,风神股份,2,2.0,0.0,0.0,0.0,0.0,0.264717250194,0.37,0.595,0.83
2138,603005,晶方科技,2,2.0,0.0,0.0,0.0,0.0,0.566749050165,0.82,1.12,1.45
2139,300088,长信科技,2,2.0,0.0,0.0,0.0,0.0,0.081512043367,0.155,0.24,0.335
2140,603990,麦迪科技,2,1.0,1.0,0.0,0.0,0.0,0.12828474933,0.225,0.32,0.4
2141,603896,寿仙谷,2,1.0,1.0,0.0,0.0,0.0,0.091676318042,0.56,0.675,0.785
2142,300841,康华生物,2,2.0,0.0,0.0,0.0,0.0,1.692213794498,2.083333333333,2.433333333333,2.753333333333
2143,301665,泰禾股份,2,1.0,1.0,0.0,0.0,0.0,1.035004052467,1.245,1.515,1.805
2144,605286,同力天启,2,2.0,0.0,0.0,0.0,0.0,1.182660216369,1.61,3.2,4.18
2145,920016,中草香料,2,0.0,2.0,0.0,0.0,0.0,0.248702096826,0.33,0.415,0.515
2146,300260,新莱应材,2,1.0,1.0,0.0,0.0,0.0,0.429278921968,0.595,0.8685,1.2415
2147,000987,越秀资本,2,2.0,0.0,0.0,0.0,0.0,0.701470824975,0.76,0.86,0.99
2148,603237,五芳斋,2,2.0,0.0,0.0,0.0,0.0,0.62046612696,0.685,0.775,0.865
2149,300872,天阳科技,2,2.0,0.0,0.0,0.0,0.0,-0.282994829154,0.185,0.305,0.455
2150,603926,铁流股份,2,2.0,0.0,0.0,0.0,0.0,0.332530156336,0.64,0.795,0.995
2151,300351,永贵电器,2,2.0,0.0,0.0,0.0,0.0,0.160701408624,0.335,0.44,0.545
2152,300994,久祺股份,2,1.0,1.0,0.0,0.0,0.0,0.635063580236,0.77,0.95,
2153,300406,九强生物,2,2.0,0.0,0.0,0.0,0.0,0.323939715945,0.695,0.845,0.975
2154,688269,凯立新材,2,1.0,1.0,0.0,0.0,0.0,0.83438013083,1.595,2.075,2.755
2155,002937,兴瑞科技,2,2.0,0.0,0.0,0.0,0.0,0.457604926271,0.64,0.78,1.02
2156,600587,新华医疗,2,1.0,1.0,0.0,0.0,0.0,0.867617900297,1.053333333333,1.156666666667,1.296666666667
2157,603400,华之杰,2,2.0,0.0,0.0,0.0,0.0,0.957857114001,1.84,2.675,2.54
2158,300494,盛天网络,2,1.0,1.0,0.0,0.0,0.0,0.045923273592,0.26,0.385,0.31
2159,603506,南都物业,2,2.0,0.0,0.0,0.0,0.0,0.528548129435,0.545,0.58,0.61
2160,688568,中科星图,2,1.0,1.0,0.0,0.0,0.0,0.036382745303,0.53,0.775,1.05
2161,300757,罗博特科,2,0.0,2.0,0.0,0.0,0.0,-0.396403092032,0.3,0.595,1.19
2162,920270,天铭科技,2,1.0,1.0,0.0,0.0,0.0,0.344772531544,0.455,0.55,0.63
2163,605289,罗曼股份,2,1.0,1.0,0.0,0.0,0.0,0.35634411682,1.525,2.195,2.69
2164,002324,普利特,2,1.0,1.0,0.0,0.0,0.0,0.330369640934,0.405,0.595,0.86
2165,002292,奥飞娱乐,2,2.0,0.0,0.0,0.0,0.0,0.048606742739,0.105,0.14,0.16
2166,688190,云路股份,2,2.0,0.0,0.0,0.0,0.0,2.453247766167,3.06,3.485,3.98
2167,002840,华统股份,2,2.0,0.0,0.0,0.0,0.0,-0.169562899801,-0.295,0.865,0.8
2168,603348,文灿股份,2,1.0,0.0,1.0,0.0,0.0,-1.106443006875,-0.05,0.335,0.5
2169,301276,嘉曼服饰,2,2.0,0.0,0.0,0.0,0.0,0.814322770293,1.165,1.33,1.515
2170,601200,上海环境,2,1.0,1.0,0.0,0.0,0.0,0.44802242872,0.465,0.48,0.49
2171,301021,英诺激光,2,1.0,1.0,0.0,0.0,0.0,0.316109917842,0.485,0.785,1.505
2172,603102,百合股份,2,1.0,1.0,0.0,0.0,0.0,2.006795692969,1.895,2.145,2.445
2173,688665,四方光电,2,2.0,0.0,0.0,0.0,0.0,1.309175615672,1.7,2.04,2.52
2174,300470,中密控股,2,2.0,0.0,0.0,0.0,0.0,1.853459872075,1.925,2.14,2.4
2175,002180,奔图科技,2,2.0,0.0,0.0,0.0,0.0,-0.505116535482,0.47,0.685,0.935
2176,002221,东华能源,2,2.0,0.0,0.0,0.0,0.0,-0.584086132581,0.215,0.52,0.715
2177,002793,罗欣药业,2,1.0,1.0,0.0,0.0,0.0,-0.265339516467,0.11,0.235,0.425
2178,300698,万马科技,2,1.0,1.0,0.0,0.0,0.0,0.351065168433,0.755,1.09,1.46
2179,688257,新锐股份,2,0.0,2.0,0.0,0.0,0.0,0.636593465603,2.6,3.095,3.925
2180,002373,千方科技,2,2.0,0.0,0.0,0.0,0.0,0.169876739266,0.25,0.34,0.54
2181,920163,方大新材,2,0.0,2.0,0.0,0.0,0.0,0.345025341542,0.42,0.485,0.56
2182,300451,创业慧康,2,1.0,1.0,0.0,0.0,0.0,-0.259277766079,-0.05,0.006666666667,0.056666666667
2183,002824,和胜股份,2,1.0,1.0,0.0,0.0,0.0,0.497694519436,0.82,1.03,1.245
2184,002792,通宇通讯,2,2.0,0.0,0.0,0.0,0.0,0.07851068488,0.095,0.14,0.32
2185,300322,硕贝德,2,1.0,1.0,0.0,0.0,0.0,0.140606425789,0.285,0.4,0.46
2186,300131,英唐智控,2,0.0,2.0,0.0,0.0,0.0,0.023272102241,0.04,0.07,
2187,002116,中国海诚,2,2.0,0.0,0.0,0.0,0.0,0.609193026042,0.735,0.77,0.805
2188,002083,孚日股份,2,2.0,0.0,0.0,0.0,0.0,0.452578692151,0.71,0.885,1.04
2189,002779,中坚科技,2,2.0,0.0,0.0,0.0,0.0,0.933813810498,0.575,0.96,1.43
2190,920271,邦德股份,2,1.0,1.0,0.0,0.0,0.0,0.764998919609,0.825,0.92,1.07
2191,300143,盈康生命,2,1.0,1.0,0.0,0.0,0.0,0.070447619252,0.18,0.205,0.23
2192,300457,赢合科技,2,2.0,0.0,0.0,0.0,0.0,0.834131565119,1.195,1.39,1.655
2193,003033,征和工业,2,2.0,0.0,0.0,0.0,0.0,2.142432944709,2.445,2.92,3.48
2194,002614,奥佳华,2,1.0,1.0,0.0,0.0,0.0,0.019678987758,0.14,0.17,0.2
2195,920075,柏星龙,2,0.0,2.0,0.0,0.0,0.0,0.334503892463,0.42,0.53,0.87
2196,301220,亚香股份,2,1.0,1.0,0.0,0.0,0.0,1.023285489291,1.605,2.37,3.45
2197,688311,盟升电子,2,2.0,0.0,0.0,0.0,0.0,-0.09354713028,0.305,0.735,1.105
2198,600211,西藏药业,2,2.0,0.0,0.0,0.0,0.0,2.90994593856,3.1225,3.2275,3.4175
2199,920656,海昇药业,2,0.0,2.0,0.0,0.0,0.0,0.6945698352,0.75,0.85,1.01
2200,300873,海晨股份,2,2.0,0.0,0.0,0.0,0.0,0.821333633134,1.425,1.635,1.85
2201,601890,亚星锚链,2,1.0,1.0,0.0,0.0,0.0,0.33086248473,0.385,0.44,0.515
2202,600740,山西焦化,2,0.0,2.0,0.0,0.0,0.0,0.032447578941,0.24,0.255,0.315
2203,301290,东星医疗,2,2.0,0.0,0.0,0.0,0.0,-0.378746089353,1.185,1.985,2.42
2204,603966,法兰泰克,2,2.0,0.0,0.0,0.0,0.0,0.450845637617,0.78,0.99,1.18
2205,000913,钱江摩托,2,1.0,1.0,0.0,0.0,0.0,1.856229557912,0.58,0.77,0.81
2206,000883,湖北能源,2,2.0,0.0,0.0,0.0,0.0,0.269724077767,0.27,0.28,0.285
2207,603496,恒为科技,2,2.0,0.0,0.0,0.0,0.0,0.109110015447,0.195,0.29,0.22
2208,301479,弘景光电,2,2.0,0.0,0.0,0.0,0.0,1.547967621674,2.45,3.395,4.65
2209,600037,歌华有线,2,1.0,0.0,1.0,0.0,0.0,0.024654163329,0.13,0.14,
2210,000059,华锦股份,2,2.0,0.0,0.0,0.0,0.0,-1.102443412776,0.33,0.415,0.52
2211,688158,优刻得,2,0.0,2.0,0.0,0.0,0.0,-0.159653892465,0.205,0.41,0.615
2212,301559,中集环科,2,0.0,2.0,0.0,0.0,0.0,0.187867245283,0.435,0.565,0.705
2213,920101,志高机械,2,1.0,1.0,0.0,0.0,0.0,0.899562721111,1.575,1.955,1.6
2214,600572,康恩贝,2,2.0,0.0,0.0,0.0,0.0,0.186865123976,0.24,0.29,0.34
2215,600320,振华重工,2,0.0,2.0,0.0,0.0,0.0,0.13922442641,0.254,0.3125,0.3895
2216,600379,宝光股份,2,2.0,0.0,0.0,0.0,0.0,0.155356620782,0.243333333333,0.4,0.546666666667
2217,002913,奥士康,2,2.0,0.0,0.0,0.0,0.0,0.970213246668,1.43,1.87,2.56
2218,002130,沃尔核材,2,2.0,0.0,0.0,0.0,0.0,0.817114586645,1.13,1.49,1.815
2219,600362,江西铜业,2,1.0,1.0,0.0,0.0,0.0,2.059124762595,4.29,4.645,4.825
2220,600064,南京高科,2,2.0,0.0,0.0,0.0,0.0,1.057726179948,1.255,1.415,1.58
2221,688799,华纳药厂,2,1.0,1.0,0.0,0.0,0.0,1.783034081504,1.345,1.555,1.8
2222,920100,三协电机,2,0.0,2.0,0.0,0.0,0.0,0.58450697657,0.88,1.15,1.45
2223,300657,弘信电子,2,1.0,1.0,0.0,0.0,0.0,0.305372459216,0.705,1.235,1.735
2224,688206,概伦电子,2,2.0,0.0,0.0,0.0,0.0,0.067938054153,0.11,0.185,0.255
2225,301196,唯科科技,2,1.0,1.0,0.0,0.0,0.0,1.564636536836,2.25,3.0,4.86
2226,301507,民生健康,2,1.0,1.0,0.0,0.0,0.0,0.333165755468,0.37,0.53,0.78
2227,000685,中山公用,2,0.0,2.0,0.0,0.0,0.0,1.280451163368,1.365,1.47,1.615
2228,002515,金字火腿,2,1.0,1.0,0.0,0.0,0.0,0.020900923921,0.02,0.025,0.04
2229,002673,西部证券,2,0.0,1.0,1.0,0.0,0.0,0.392352760671,0.44,0.51,0.55
2230,688737,中自科技,2,1.0,1.0,0.0,0.0,0.0,-0.472206447233,0.7,1.125,1.75
2231,600397,江钨装备,2,2.0,0.0,0.0,0.0,0.0,-0.294291592091,0.075,0.09,0.1
2232,300993,玉马科技,1,0.0,1.0,0.0,0.0,0.0,0.482840466691,0.52,0.66,
2233,000036,华联控股,1,0.0,1.0,0.0,0.0,0.0,0.049967568961,0.07,0.13,0.14
2234,300712,永福股份,1,0.0,1.0,0.0,0.0,0.0,0.12564288128,0.46,0.62,
2235,301207,华兰疫苗,1,1.0,0.0,0.0,0.0,0.0,0.304344960655,0.36,0.43,0.52
2236,603132,金徽股份,1,1.0,0.0,0.0,0.0,0.0,0.55446418636,0.7,0.85,1.02
2237,301499,维科精密,1,1.0,0.0,0.0,0.0,0.0,0.389485594019,0.47,0.71,0.95
2238,001223,欧克科技,1,1.0,0.0,0.0,0.0,0.0,0.312611244843,0.99,1.65,
2239,002969,嘉美包装,1,1.0,0.0,0.0,0.0,0.0,0.078835246448,0.11,0.12,0.14
2240,920160,北矿检测,1,1.0,0.0,0.0,0.0,0.0,0.68169891852,0.79,0.94,
2241,000810,创维数字,1,0.0,1.0,0.0,0.0,0.0,0.156376228542,0.29,0.35,0.38
2242,003019,宸展光电,1,0.0,1.0,0.0,0.0,0.0,1.097371264375,1.22,1.7,2.02
2243,301555,惠柏新材,1,0.0,1.0,0.0,0.0,0.0,0.789776047155,1.1,1.61,2.19
2244,301489,思泉新材,1,0.0,1.0,0.0,0.0,0.0,0.518170273548,3.49,7.32,10.2
2245,002903,宇环数控,1,0.0,1.0,0.0,0.0,0.0,-0.126043810383,0.08,0.19,0.26
2246,002060,广东建工,1,1.0,0.0,0.0,0.0,0.0,0.295357826347,0.31,0.33,0.35
2247,301600,慧翰股份,1,1.0,0.0,0.0,0.0,0.0,1.523019934847,2.2,2.96,4.18
2248,688238,和元生物,1,0.0,1.0,0.0,0.0,0.0,-0.362171214571,-0.3,-0.2,
2249,605287,德才股份,1,1.0,0.0,0.0,0.0,0.0,0.499601055357,0.594,0.676,0.772
2250,600310,广西能源,1,1.0,0.0,0.0,0.0,0.0,-0.143928793522,0.17,0.21,0.24
2251,301183,东田微,1,1.0,0.0,0.0,0.0,0.0,1.256136661449,3.11,6.86,10.08
2252,002945,华林证券,1,0.0,1.0,0.0,0.0,0.0,0.187493042504,,,
2253,002117,东港股份,1,0.0,1.0,0.0,0.0,0.0,0.27527020539,0.31,0.34,
2254,688225,亚信安全,1,0.0,1.0,0.0,0.0,0.0,-1.114424880428,0.17,0.61,
2255,300200,高盟新材,1,1.0,0.0,0.0,0.0,0.0,0.24126801739,0.42,0.51,0.54
2256,300997,欢乐家,1,0.0,1.0,0.0,0.0,0.0,0.101557028943,0.1,0.13,0.15
2257,603878,武进不锈,1,0.0,1.0,0.0,0.0,0.0,0.141885270616,0.19,0.19,0.23
2258,600771,广誉远,1,0.0,1.0,0.0,0.0,0.0,0.128793960277,0.23,0.29,0.36
2259,001205,盛航股份,1,0.0,1.0,0.0,0.0,0.0,0.577773859045,0.61,0.67,0.76
2260,300608,思特奇,1,0.0,1.0,0.0,0.0,0.0,-0.517366614262,-0.14,0.01,0.22
2261,605318,法狮龙,1,0.0,1.0,0.0,0.0,0.0,-0.053035910609,0.025,0.065,0.09
2262,603409,汇通控股,1,0.0,1.0,0.0,0.0,0.0,0.784901562241,1.44,1.81,2.14
2263,002157,正邦科技,1,0.0,1.0,0.0,0.0,0.0,-0.059072717646,0.01,0.07,0.13
2264,001227,兰州银行,1,0.0,1.0,0.0,0.0,0.0,0.327408890042,0.33,0.34,0.36
2265,300004,南风股份,1,0.0,1.0,0.0,0.0,0.0,0.064589049915,0.24,0.41,0.6
2266,920425,乐创技术,1,0.0,1.0,0.0,0.0,0.0,0.318789284906,0.57,0.67,
2267,688566,吉贝尔,1,0.0,1.0,0.0,0.0,0.0,1.300865430053,1.23,1.5,1.94
2268,603936,博敏电子,1,1.0,0.0,0.0,0.0,0.0,0.010245204276,0.32,0.64,0.95
2269,688091,上海谊众,1,1.0,0.0,0.0,0.0,0.0,0.312310766032,0.17,0.53,1.3
2270,603196,璞源材料,1,0.0,0.0,1.0,0.0,0.0,0.042964815138,0.78,1.05,1.31
2271,603324,盛剑科技,1,0.0,1.0,0.0,0.0,0.0,-0.113321363446,0.48,1.38,2.44
2272,688172,燕东微,1,0.0,1.0,0.0,0.0,0.0,-0.285655891521,-0.92,-1.22,-0.98
2273,600369,西南证券,1,0.0,1.0,0.0,0.0,0.0,0.159873021947,0.19,0.21,0.22
2274,920177,恒道科技,1,0.0,1.0,0.0,0.0,0.0,1.513884272745,1.75,1.96,2.21
2275,301565,中仑新材,1,1.0,0.0,0.0,0.0,0.0,0.195577927727,0.29,0.56,0.86
2276,601686,友发集团,1,1.0,0.0,0.0,0.0,0.0,0.459511136731,0.48,0.53,0.59
2277,920056,能之光,1,0.0,1.0,0.0,0.0,0.0,0.673619261075,0.74,0.9,1.0
2278,688611,杭州柯林,1,1.0,0.0,0.0,0.0,0.0,-0.019867818809,0.45,0.73,0.93
2279,300057,万顺新材,1,1.0,0.0,0.0,0.0,0.0,-0.183808295643,0.08,0.16,0.26
2280,002862,实丰文化,1,1.0,0.0,0.0,0.0,0.0,-1.031123314355,0.18,0.21,
2281,300717,华信新材,1,1.0,0.0,0.0,0.0,0.0,0.535543405011,0.62,0.86,1.19
2282,300566,激智科技,1,1.0,0.0,0.0,0.0,0.0,0.777102912565,1.04,1.3,1.65
2283,600780,通宝能源,1,1.0,0.0,0.0,0.0,0.0,0.565342161258,0.583,0.613,0.641
2284,000989,九芝堂,1,1.0,0.0,0.0,0.0,0.0,0.260067222556,0.355,0.425,0.475
2285,300843,胜蓝股份,1,1.0,0.0,0.0,0.0,0.0,0.683490927744,1.26,2.09,3.48
2286,688667,菱电电控,1,1.0,0.0,0.0,0.0,0.0,2.573891906849,3.09,12.54,15.88
2287,600531,豫光金铅,1,1.0,0.0,0.0,0.0,0.0,0.711253389013,0.71,0.75,0.85
2288,601698,中国卫通,1,0.0,1.0,0.0,0.0,0.0,0.104449820993,0.13,0.17,0.23
2289,301287,康力源,1,0.0,0.0,1.0,0.0,0.0,1.041597224989,0.97,1.11,1.38
2290,000906,浙商中拓,1,0.0,1.0,0.0,0.0,0.0,0.313833697662,0.72,1.02,1.16
2291,603303,得邦照明,1,0.0,1.0,0.0,0.0,0.0,0.554111714364,0.62,0.67,0.72
2292,603150,万朗磁塑,1,0.0,1.0,0.0,0.0,0.0,1.302368028146,2.14,2.92,4.65
2293,000915,华特达因,1,0.0,1.0,0.0,0.0,0.0,2.283441171339,2.425,2.65,2.87
2294,601798,蓝科高新,1,0.0,1.0,0.0,0.0,0.0,0.137190049464,0.18,0.22,0.27
2295,300835,龙磁科技,1,1.0,0.0,0.0,0.0,0.0,1.412913070743,2.41,5.03,7.74
2296,600871,石化油服,1,0.0,1.0,0.0,0.0,0.0,0.034754412993,0.04,0.05,0.05
2297,300996,普联软件,1,0.0,1.0,0.0,0.0,0.0,0.186914283344,0.39,0.46,0.53
2298,002334,英威腾,1,0.0,1.0,0.0,0.0,0.0,0.254037550414,0.3,0.34,0.39
2299,002887,绿茵生态,1,1.0,0.0,0.0,0.0,0.0,0.396817772684,0.46,0.53,0.61
2300,002228,合兴包装,1,0.0,1.0,0.0,0.0,0.0,0.085286087141,0.19,0.19,
2301,605018,长华集团,1,1.0,0.0,0.0,0.0,0.0,0.202607245322,0.29,0.35,0.43
2302,688370,丛麟科技,1,0.0,1.0,0.0,0.0,0.0,0.168960041239,0.46,0.66,0.9
2303,600206,有研新材,1,1.0,0.0,0.0,0.0,0.0,0.312785470378,0.53,0.72,0.85
2304,000920,沃顿科技,1,0.0,1.0,0.0,0.0,0.0,0.466647458017,0.57,0.68,0.82
2305,601568,北元化工,1,1.0,0.0,0.0,0.0,0.0,0.027264982313,0.3,0.4,0.51
2306,600455,博通股份,1,0.0,1.0,0.0,0.0,0.0,0.711024748311,0.78,0.86,1.02
2307,301191,菲菱科思,1,1.0,0.0,0.0,0.0,0.0,0.670085585035,1.31,2.42,3.65
2308,688276,百克生物,1,1.0,0.0,0.0,0.0,0.0,-0.634777955148,-0.105,0.015,0.09
2309,605208,永茂泰,1,1.0,0.0,0.0,0.0,0.0,0.204593586986,,,
2310,000950,重药控股,1,1.0,0.0,0.0,0.0,0.0,0.225782405913,0.33,0.37,0.41
2311,603687,大胜达,1,1.0,0.0,0.0,0.0,0.0,0.140203840336,0.18,0.29,0.51
2312,301295,美硕科技,1,1.0,0.0,0.0,0.0,0.0,0.223735323313,0.57,0.9,1.26
2313,002753,永东股份,1,1.0,0.0,0.0,0.0,0.0,0.090831266477,0.22,0.43,0.6
2314,000620,盈新发展,1,1.0,0.0,0.0,0.0,0.0,-0.19978386779,0.04,0.07,0.11
2315,300065,海兰信,1,0.0,1.0,0.0,0.0,0.0,0.055835193075,0.06,0.07,0.09
2316,603538,美诺华,1,1.0,0.0,0.0,0.0,0.0,0.300738085804,0.44,0.57,0.71
2317,600980,北矿科技,1,1.0,0.0,0.0,0.0,0.0,0.644506053253,0.821,0.994,1.231
2318,600478,科力远,1,0.0,1.0,0.0,0.0,0.0,0.082870505373,0.14,0.18,0.27
2319,688813,泰金新能,1,1.0,0.0,0.0,0.0,0.0,1.275694675313,2.01,2.53,3.15
2320,002708,光洋股份,1,1.0,0.0,0.0,0.0,0.0,0.17964489989,0.52,0.74,0.86
2321,600601,方正科技,1,0.0,1.0,0.0,0.0,0.0,0.11048810774,0.29,0.41,0.43
2322,603685,晨丰科技,1,1.0,0.0,0.0,0.0,0.0,0.087140418518,0.4,0.79,1.06
2323,301189,奥尼电子,1,1.0,0.0,0.0,0.0,0.0,-0.958826526088,0.9,2.3,5.0
2324,601778,晶科科技,1,1.0,0.0,0.0,0.0,0.0,0.088596986396,0.04,0.11,0.19
2325,688783,西安奕材,1,0.0,1.0,0.0,0.0,0.0,-0.182815093865,-0.07,0.02,0.09
2326,003032,传智教育,1,1.0,0.0,0.0,0.0,0.0,-0.224745994943,0.15,0.25,0.48
2327,603788,宁波高发,1,0.0,1.0,0.0,0.0,0.0,0.969189603502,1.08,1.26,1.46
2328,920220,朗信电气,1,0.0,1.0,0.0,0.0,0.0,1.98802629138,2.2,2.68,3.27
2329,688107,安路科技,1,1.0,0.0,0.0,0.0,0.0,-0.679681690329,-0.45,-0.24,0.03
2330,688338,赛科希德,1,1.0,0.0,0.0,0.0,0.0,0.844120075484,0.87,1.0,1.18
2331,688026,洁特生物,1,1.0,0.0,0.0,0.0,0.0,0.34365049971,0.58,0.68,0.76
2332,301568,思泰克,1,0.0,1.0,0.0,0.0,0.0,1.082350761778,1.46,2.05,2.97
2333,603255,鼎际得,1,1.0,0.0,0.0,0.0,0.0,0.085214256909,1.91,2.96,4.27
2334,003030,祖名股份,1,1.0,0.0,0.0,0.0,0.0,0.202723127985,0.32,0.5,0.78
2335,600589,大位科技,1,1.0,0.0,0.0,0.0,0.0,-0.012946525337,0.04,0.09,0.12
2336,301092,争光股份,1,1.0,0.0,0.0,0.0,0.0,0.745320014636,1.1,1.83,2.27
2337,301123,奕东电子,1,1.0,0.0,0.0,0.0,0.0,-0.284904547093,1.19,1.89,2.5
2338,920786,骑士乳业,1,0.0,1.0,0.0,0.0,0.0,0.234460616494,0.28,0.41,0.56
2339,600516,方大炭素,1,1.0,0.0,0.0,0.0,0.0,0.023110510403,0.02,0.05,0.11
2340,301176,逸豪新材,1,0.0,1.0,0.0,0.0,0.0,-0.346738606375,0.38,0.79,1.33
2341,301149,隆华新材,1,1.0,0.0,0.0,0.0,0.0,0.254952940977,1.13,1.26,1.49
2342,002819,东方中科,1,1.0,0.0,0.0,0.0,0.0,-0.487208375118,-0.03,0.11,0.27
2343,688166,博瑞医药,1,1.0,0.0,0.0,0.0,0.0,0.12509249084,0.22,1.06,1.85
2344,920992,中科美菱,1,0.0,1.0,0.0,0.0,0.0,0.197528262055,0.23,0.26,0.3
2345,600509,天富能源,1,1.0,0.0,0.0,0.0,0.0,0.167408109829,0.46,0.58,0.69
2346,688576,西山科技,1,1.0,0.0,0.0,0.0,0.0,0.767380340835,1.92,2.48,3.09
2347,300959,线上线下,1,0.0,1.0,0.0,0.0,0.0,-0.136156764898,0.4,0.48,0.56
2348,002685,华东重机,1,1.0,0.0,0.0,0.0,0.0,0.066215441759,0.32,0.39,0.48
2349,300077,国民技术,1,1.0,0.0,0.0,0.0,0.0,-0.170201467705,0.02,0.44,0.81
2350,002687,乔治白,1,0.0,1.0,0.0,0.0,0.0,0.169214485222,0.18,0.21,0.23
2351,603033,三维股份,1,1.0,0.0,0.0,0.0,0.0,-0.36643918726,,,
2352,301158,德石股份,1,0.0,1.0,0.0,0.0,0.0,0.597937671339,0.83,1.05,1.37
2353,600420,国药现代,1,1.0,0.0,0.0,0.0,0.0,0.70207341061,0.63,0.69,0.76
2354,002406,远东传动,1,0.0,1.0,0.0,0.0,0.0,0.213929994081,0.29,0.33,0.38
2355,600746,江苏索普,1,1.0,0.0,0.0,0.0,0.0,0.075681319954,0.28,0.34,0.42
2356,000155,川能动力,1,0.0,1.0,0.0,0.0,0.0,0.272182349317,0.71,0.88,1.01
2357,688302,海创药业,1,1.0,0.0,0.0,0.0,0.0,-1.386171613588,-1.05,0.33,1.46
2358,002289,宇顺电子,1,1.0,0.0,0.0,0.0,0.0,-0.05205377325,1.6,2.14,2.87
2359,688635,长进光子,1,0.0,1.0,0.0,0.0,0.0,1.021035690082,1.54,2.16,2.83
2360,002029,七匹狼,1,0.0,1.0,0.0,0.0,0.0,0.471833715163,0.44,0.45,0.46
2361,300243,瑞丰高材,1,1.0,0.0,0.0,0.0,0.0,0.108499783594,0.45,0.72,1.13
2362,300179,四方达,1,0.0,1.0,0.0,0.0,0.0,0.191845383632,0.35,0.6,0.86
2363,600345,长江通信,1,1.0,0.0,0.0,0.0,0.0,0.66493775038,3.11,4.59,6.17
2364,002655,共达电声,1,1.0,0.0,0.0,0.0,0.0,0.203536392118,0.13,0.28,0.49
2365,001331,胜通能源,1,0.0,1.0,0.0,0.0,0.0,0.044981055204,0.03,0.06,0.08
2366,000048,京基智农,1,0.0,1.0,0.0,0.0,0.0,0.288207976703,0.47,1.15,1.91
2367,300676,华大基因,1,0.0,1.0,0.0,0.0,0.0,-1.474133343158,0.27,0.34,0.43
2368,600975,新五丰,1,1.0,0.0,0.0,0.0,0.0,-0.70134565312,-0.72,0.41,0.31
2369,688443,智翔金泰,1,0.0,1.0,0.0,0.0,0.0,-1.460809465665,-0.99,-0.06,0.36
2370,300248,新开普,1,1.0,0.0,0.0,0.0,0.0,0.164020598029,0.25,0.3,0.34
2371,301581,黄山谷捷,1,1.0,0.0,0.0,0.0,0.0,0.687870275,0.71,1.06,1.48
2372,301026,浩通科技,1,0.0,1.0,0.0,0.0,0.0,0.786140765637,2.03,2.28,2.5
2373,301459,丰茂股份,1,1.0,0.0,0.0,0.0,0.0,0.879134757921,1.36,1.86,2.47
2374,002110,三钢闽光,1,0.0,1.0,0.0,0.0,0.0,0.011154539878,0.1,0.3,0.41
2375,688371,菲沃泰,1,1.0,0.0,0.0,0.0,0.0,0.090053490786,0.19,0.3,0.45
2376,000581,威孚高科,1,1.0,0.0,0.0,0.0,0.0,1.104864817285,1.89,2.12,2.33
2377,920685,新芝生物,1,0.0,1.0,0.0,0.0,0.0,0.384683968337,0.49,0.54,0.61
2378,300623,捷捷微电,1,1.0,0.0,0.0,0.0,0.0,0.572888657694,0.867,1.156,1.492
2379,301666,大普微,1,0.0,1.0,0.0,0.0,0.0,-1.101911191731,6.25,12.51,20.5
2380,603275,众辰科技,1,1.0,0.0,0.0,0.0,0.0,1.207147868656,1.32,1.43,1.53
2381,301628,强达电路,1,1.0,0.0,0.0,0.0,0.0,1.603797019202,2.06,2.72,3.56
2382,600794,保税科技,1,0.0,1.0,0.0,0.0,0.0,-0.076494848753,0.13,0.15,0.17
2383,920167,同享科技,1,0.0,1.0,0.0,0.0,0.0,0.197213870295,1.19,1.46,1.78
2384,600586,金晶科技,1,1.0,0.0,0.0,0.0,0.0,-0.412573828122,0.08,0.28,0.55
2385,301000,肇民科技,1,1.0,0.0,0.0,0.0,0.0,0.613374070899,0.66,0.79,0.94
2386,688365,光云科技,1,1.0,0.0,0.0,0.0,0.0,-0.061183358326,0.05,0.09,0.24
2387,688125,安达智能,1,1.0,0.0,0.0,0.0,0.0,-1.311352532887,0.65,1.83,3.08
2388,603618,杭电股份,1,1.0,0.0,0.0,0.0,0.0,-0.432028946853,2.187,3.492,4.272
2389,002382,蓝帆医疗,1,0.0,1.0,0.0,0.0,0.0,-0.753223318889,0.48,0.55,
2390,688590,新致软件,1,1.0,0.0,0.0,0.0,0.0,-0.407094212844,0.08,0.27,0.47
2391,688352,颀中科技,1,1.0,0.0,0.0,0.0,0.0,0.223434008817,0.25,0.38,0.44
2392,600693,东百集团,1,0.0,1.0,0.0,0.0,0.0,0.052610518549,0.14,0.17,0.21
2393,301246,宏源药业,1,1.0,0.0,0.0,0.0,0.0,0.297628427167,1.94,3.26,5.76
2394,600392,盛和资源,1,1.0,0.0,0.0,0.0,0.0,0.47866350226,0.77,0.98,1.22
2395,001267,汇绿生态,1,1.0,0.0,0.0,0.0,0.0,0.112207459991,0.31,0.48,0.62
2396,688709,成都华微,1,0.0,1.0,0.0,0.0,0.0,0.241196826426,0.39,0.52,0.66
2397,603351,威尔药业,1,1.0,0.0,0.0,0.0,0.0,1.114662869295,1.27,1.43,1.59
2398,002134,天津普林,1,1.0,0.0,0.0,0.0,0.0,0.019226337926,0.4,0.69,0.88
2399,688251,井松智能,1,0.0,1.0,0.0,0.0,0.0,0.314069377823,0.42,0.6,0.81
2400,688785,恒运昌,1,1.0,0.0,0.0,0.0,0.0,1.681499277536,1.72,2.4,3.19
2401,300493,润欣科技,1,1.0,0.0,0.0,0.0,0.0,0.107756477053,0.23,0.35,0.47
2402,003043,华亚智能,1,1.0,0.0,0.0,0.0,0.0,0.587394061425,1.92,2.68,3.67
2403,688360,德马科技,1,0.0,1.0,0.0,0.0,0.0,0.360810117119,0.5,0.65,0.82
2404,601326,秦港股份,1,0.0,1.0,0.0,0.0,0.0,0.287476840373,0.3,0.31,0.32
2405,300272,开能健康,1,0.0,1.0,0.0,0.0,0.0,0.091597283552,0.18,0.23,0.26
2406,000789,万年青,1,0.0,1.0,0.0,0.0,0.0,0.036388405679,0.05,0.09,0.13
2407,001338,永顺泰,1,1.0,0.0,0.0,0.0,0.0,0.471774962011,0.51,0.6,0.67
2408,301127,武汉天源,1,1.0,0.0,0.0,0.0,0.0,0.325806482552,0.42,0.52,0.64
2409,600101,明星电力,1,0.0,1.0,0.0,0.0,0.0,0.336125726378,0.36,0.36,0.37
2410,300595,欧普康视,1,0.0,1.0,0.0,0.0,0.0,0.536167105024,0.62,0.68,0.74
2411,688500,慧辰股份,1,0.0,1.0,0.0,0.0,0.0,-0.524049233339,0.29,0.58,0.92
2412,688657,浩辰软件,1,1.0,0.0,0.0,0.0,0.0,0.53239768055,0.78,1.18,1.48
2413,002543,万和电气,1,0.0,1.0,0.0,0.0,0.0,0.290026439484,0.345,0.395,0.445
2414,600727,鲁北化工,1,0.0,1.0,0.0,0.0,0.0,0.072403280612,0.64,0.74,0.77
2415,605100,华丰股份,1,0.0,1.0,0.0,0.0,0.0,0.095330423434,0.3,0.5,0.79
2416,603077,和邦生物,1,1.0,0.0,0.0,0.0,0.0,-0.060736460717,0.13,0.17,0.27
2417,688466,金科环境,1,1.0,0.0,0.0,0.0,0.0,0.309332478768,0.63,0.82,1.02
2418,600664,哈药股份,1,1.0,0.0,0.0,0.0,0.0,0.143575786296,0.24,0.28,0.32
2419,002183,怡亚通,1,1.0,0.0,0.0,0.0,0.0,-0.122868315751,0.07,0.13,0.17
2420,003001,中岩大地,1,1.0,0.0,0.0,0.0,0.0,0.079227161412,0.23,0.48,0.86
2421,002391,长青股份,1,0.0,1.0,0.0,0.0,0.0,0.062406521288,0.2,0.29,
2422,600955,维远股份,1,1.0,0.0,0.0,0.0,0.0,-1.802829109745,1.75,1.81,1.97
2423,002344,海宁皮城,1,0.0,1.0,0.0,0.0,0.0,0.05505052089,0.068,0.075,0.082
2424,300709,精研科技,1,0.0,1.0,0.0,0.0,0.0,0.274951344079,1.25,1.8,2.22
2425,688260,昀冢科技,1,1.0,0.0,0.0,0.0,0.0,-1.583855122417,-0.365,0.47,1.46
2426,603223,恒通股份,1,0.0,1.0,0.0,0.0,0.0,0.377152989691,0.56,0.66,0.73
2427,688618,三旺通信,1,1.0,0.0,0.0,0.0,0.0,0.326867134012,0.47,0.69,1.02
2428,603185,弘元绿能,1,1.0,0.0,0.0,0.0,0.0,0.273524172747,0.28,0.66,1.63
2429,300758,七彩化学,1,1.0,0.0,0.0,0.0,0.0,0.153226482871,0.23,0.34,0.43
2430,688765,禾元生物,1,1.0,0.0,0.0,0.0,0.0,-0.439265308615,-0.69,0.22,0.41
2431,300382,斯莱克,1,1.0,0.0,0.0,0.0,0.0,-0.094941558945,0.12,0.21,0.49
2432,000930,中粮科技,1,1.0,0.0,0.0,0.0,0.0,0.020667268563,-0.1,0.08,0.24
2433,688716,中研股份,1,0.0,1.0,0.0,0.0,0.0,0.097524193294,0.17,0.25,0.33
2434,301682,宏明电子,1,1.0,0.0,0.0,0.0,0.0,2.622160831734,3.12,3.75,4.55
2435,688439,振华风光,1,0.0,1.0,0.0,0.0,0.0,0.8502038754,0.63,0.86,1.22
2436,300184,力源信息,1,0.0,1.0,0.0,0.0,0.0,0.149953132061,0.6,1.05,1.5
2437,920011,晨光电机,1,0.0,1.0,0.0,0.0,0.0,1.130904778706,1.16,1.28,1.42
2438,603385,惠达卫浴,1,1.0,0.0,0.0,0.0,0.0,-0.498675559029,0.06,0.18,0.21
2439,301169,零点有数,1,0.0,1.0,0.0,0.0,0.0,-0.542835587731,-0.23,-0.05,
2440,603125,常青科技,1,1.0,0.0,0.0,0.0,0.0,0.390610810577,0.66,1.19,1.64
2441,603315,福鞍股份,1,1.0,0.0,0.0,0.0,0.0,0.148753543257,0.3,0.48,0.8
2442,688369,致远互联,1,1.0,0.0,0.0,0.0,0.0,-2.012177315484,-0.9,-0.26,0.52
2443,301717,超纯应材,1,0.0,1.0,0.0,0.0,0.0,1.813983860402,3.39,7.04,11.26
2444,300560,中富通,1,1.0,0.0,0.0,0.0,0.0,-0.331714573125,0.57,0.89,1.31
2445,300213,佳讯飞鸿,1,1.0,0.0,0.0,0.0,0.0,-0.28133885768,0.07,0.15,0.25
2446,688757,胜科纳米,1,0.0,1.0,0.0,0.0,0.0,0.153427210799,0.19,0.31,0.47
2447,002195,岩山科技,1,1.0,0.0,0.0,0.0,0.0,0.016280238611,0.02,0.02,0.03
2448,002669,康达新材,1,1.0,0.0,0.0,0.0,0.0,0.413447094364,0.43,0.66,0.88
2449,688520,神州细胞,1,1.0,0.0,0.0,0.0,0.0,-1.200955572109,-1.095,-0.81,-0.56
2450,603085,天成自控,1,0.0,1.0,0.0,0.0,0.0,0.213794470184,0.32,0.4,0.47
2451,600366,宁波韵升,1,1.0,0.0,0.0,0.0,0.0,0.301012950917,0.52,0.7,0.83
2452,301335,天元宠物,1,0.0,1.0,0.0,0.0,0.0,0.460412778066,0.625,0.785,0.83
2453,601158,重庆水务,1,1.0,0.0,0.0,0.0,0.0,0.168497429814,0.18,0.19,0.2
2454,002664,信质集团,1,0.0,1.0,0.0,0.0,0.0,0.327476609187,0.8,1.14,
2455,301099,雅创电子,1,1.0,0.0,0.0,0.0,0.0,0.667394258231,2.61,4.33,6.0
2456,002127,南极电商,1,1.0,0.0,0.0,0.0,0.0,-0.11468466327,0.1,0.14,0.2
2457,600928,西安银行,1,1.0,0.0,0.0,0.0,0.0,0.596238074925,0.66,0.71,0.77
2458,603927,中科软,1,1.0,0.0,0.0,0.0,0.0,0.26947521366,0.32,0.41,0.5
2459,603790,雅运股份,1,0.0,1.0,0.0,0.0,0.0,0.376239312343,0.37,0.45,0.54
2460,300825,阿尔特,1,1.0,0.0,0.0,0.0,0.0,-0.505762339837,0.09,0.18,0.31
2461,688339,亿华通,1,0.0,1.0,0.0,0.0,0.0,-2.790478744164,-2.67,-2.7,-2.48
2462,688399,硕世生物,1,0.0,1.0,0.0,0.0,0.0,-0.33093052367,-0.05,0.27,0.9
2463,002061,浙江交科,1,1.0,0.0,0.0,0.0,0.0,0.364839773504,0.41,0.46,0.5
2464,003009,中天火箭,1,0.0,1.0,0.0,0.0,0.0,-0.618455079717,0.21,0.5,0.65
2465,002730,电光科技,1,1.0,0.0,0.0,0.0,0.0,0.185245702053,0.27,0.56,0.82
2466,688098,申联生物,1,0.0,1.0,0.0,0.0,0.0,-0.049909417841,0.04,0.15,0.2
2467,002741,光华科技,1,1.0,0.0,0.0,0.0,0.0,0.221735396866,0.54,0.76,1.0
2468,603096,新经典,1,1.0,0.0,0.0,0.0,0.0,0.499260444659,0.51,0.54,0.56
2469,000709,河钢股份,1,0.0,1.0,0.0,0.0,0.0,0.096931396946,0.16,0.2,
2470,300319,麦捷科技,1,0.0,1.0,0.0,0.0,0.0,0.356392037724,0.47,0.57,0.66
2471,300942,易瑞生物,1,0.0,1.0,0.0,0.0,0.0,0.033927632511,0.12,0.17,0.21
2472,603316,诚邦股份,1,1.0,0.0,0.0,0.0,0.0,-0.442957905511,0.39,0.52,0.68
2473,601112,振石股份,1,1.0,0.0,0.0,0.0,0.0,0.421721758997,0.51,0.6,
2474,000049,德赛电池,1,1.0,0.0,0.0,0.0,0.0,0.759856536241,,,
2475,603681,永冠新材,1,0.0,1.0,0.0,0.0,0.0,0.521633774334,0.76,1.21,1.56
2476,301122,采纳股份,1,0.0,1.0,0.0,0.0,0.0,0.045978834847,0.71,0.89,1.11
2477,300229,拓尔思,1,1.0,0.0,0.0,0.0,0.0,-0.336243543166,-0.11,-0.05,0.0
2478,000402,金融街,1,0.0,1.0,0.0,0.0,0.0,-1.801389243662,-0.99,-0.27,0.01
2479,000937,冀中能源,1,0.0,1.0,0.0,0.0,0.0,0.157618223138,0.24,0.29,0.34
2480,601003,柳钢股份,1,0.0,1.0,0.0,0.0,0.0,0.254730527607,0.15,0.18,0.22
2481,002268,电科网安,1,1.0,0.0,0.0,0.0,0.0,0.068167853476,0.11,0.17,0.23
2482,002982,湘佳股份,1,0.0,1.0,0.0,0.0,0.0,0.162144237565,0.2,0.43,0.42
2483,688373,盟科药业,1,1.0,0.0,0.0,0.0,0.0,-0.368183344174,-0.14,-0.13,-0.07
2484,002735,王子新材,1,1.0,0.0,0.0,0.0,0.0,-0.421936626942,0.12,0.29,0.54
2485,301231,荣信文化,1,1.0,0.0,0.0,0.0,0.0,-0.214882194431,0.03,0.23,0.46
2486,002965,祥鑫科技,1,1.0,0.0,0.0,0.0,0.0,0.584015448031,,,
2487,603826,坤彩科技,1,1.0,0.0,0.0,0.0,0.0,-0.108074681013,1.24,2.25,3.63
2488,002885,京泉华,1,0.0,1.0,0.0,0.0,0.0,0.310840424879,0.54,0.94,1.37
2489,603118,共进股份,1,0.0,1.0,0.0,0.0,0.0,0.098799839316,0.32,0.41,0.54
2490,605339,南侨食品,1,0.0,1.0,0.0,0.0,0.0,0.095850081657,0.14,0.17,0.18
2491,000862,银星能源,1,1.0,0.0,0.0,0.0,0.0,0.048439050569,0.25,0.3,0.35
2492,002066,瑞泰科技,1,0.0,1.0,0.0,0.0,0.0,-0.245927780356,0.34,0.43,0.6
2493,002053,云南能投,1,1.0,0.0,0.0,0.0,0.0,0.256641731474,0.76,0.9,0.99
2494,603285,键邦股份,1,1.0,0.0,0.0,0.0,0.0,0.849018600125,1.25,1.54,2.9
2495,300192,科德教育,1,0.0,1.0,0.0,0.0,0.0,0.268421129453,0.41,0.45,0.5
2496,688633,星球石墨,1,1.0,0.0,0.0,0.0,0.0,0.99197134682,1.66,2.27,2.98
2497,603311,金海高科,1,0.0,1.0,0.0,0.0,0.0,0.332758199778,0.39,0.49,0.62
2498,300436,广生堂,1,1.0,0.0,0.0,0.0,0.0,-1.367820553913,-0.54,-0.52,0.1
2499,300531,优博讯,1,1.0,0.0,0.0,0.0,0.0,0.259806438581,0.4,0.56,0.74
2500,301292,海科新源,1,1.0,0.0,0.0,0.0,0.0,-0.80994977903,4.56,5.69,6.72
2501,300689,澄天伟业,1,1.0,0.0,0.0,0.0,0.0,0.132972548097,0.43,1.48,2.27
2502,920946,森萱医药,1,0.0,1.0,0.0,0.0,0.0,0.307985265871,0.36,0.41,
2503,688182,灿勤科技,1,1.0,0.0,0.0,0.0,0.0,0.30090703195,0.6,0.95,1.2
2504,301389,隆扬电子,1,1.0,0.0,0.0,0.0,0.0,0.366057059965,0.61,0.895,1.05
2505,000417,合百集团,1,1.0,0.0,0.0,0.0,0.0,0.205434435587,0.24,0.28,0.31
2506,603738,泰晶科技,1,0.0,1.0,0.0,0.0,0.0,0.135335758097,0.2,0.26,0.38
2507,688826,频准激光,1,1.0,0.0,0.0,0.0,0.0,3.986072419,4.74,5.79,7.18
2508,603135,中重科技,1,1.0,0.0,0.0,0.0,0.0,-0.034729384353,0.33,0.64,0.95
2509,603158,腾龙股份,1,0.0,1.0,0.0,0.0,0.0,0.105745578152,0.52,0.73,0.95
2510,688655,迅捷兴,1,1.0,0.0,0.0,0.0,0.0,-0.167771283529,0.8,1.2,2.12
2511,920069,普昂医疗,1,1.0,0.0,0.0,0.0,0.0,1.696448930635,2.11,2.75,
2512,000062,深圳华强,1,1.0,0.0,0.0,0.0,0.0,0.44261857667,0.59,0.65,0.72
2513,688288,鸿泉技术,1,1.0,0.0,0.0,0.0,0.0,0.302846075625,0.53,0.73,
2514,600605,汇通能源,1,1.0,0.0,0.0,0.0,0.0,0.116914509961,0.28,0.81,1.56
2515,920035,精创电气,1,0.0,1.0,0.0,0.0,0.0,0.854857690867,1.07,1.35,1.72
2516,603050,科林电气,1,1.0,0.0,0.0,0.0,0.0,0.639632095936,0.76,0.99,1.24
2517,920576,天力复合,1,0.0,1.0,0.0,0.0,0.0,0.186409481413,0.07,0.12,0.18
2518,301280,珠城科技,1,1.0,0.0,0.0,0.0,0.0,1.091311946624,,,
2519,300093,金刚光伏,1,0.0,1.0,0.0,0.0,0.0,0.376049290611,-0.34,-0.27,-0.16
2520,688128,中国电研,1,0.0,1.0,0.0,0.0,0.0,1.321273631199,1.51,1.72,1.94
2521,002544,普天科技,1,1.0,0.0,0.0,0.0,0.0,0.036903484777,0.09,0.14,0.19
2522,300955,嘉亨家化,1,0.0,1.0,0.0,0.0,0.0,-0.36867983244,0.13,1.16,
2523,002980,华盛昌,1,0.0,1.0,0.0,0.0,0.0,0.47265981585,1.37,2.84,3.9
2524,300895,铜牛信息,1,1.0,0.0,0.0,0.0,0.0,-0.555193968307,-0.06,0.04,0.09
2525,603818,曲美家居,1,1.0,0.0,0.0,0.0,0.0,-0.216543266038,0.1,0.17,0.24
2526,300966,共同药业,1,1.0,0.0,0.0,0.0,0.0,-0.636349869644,0.18,0.37,0.6
2527,920180,爱得科技,1,0.0,1.0,0.0,0.0,0.0,0.658234951036,0.71,0.8,0.9
2528,301227,森鹰窗业,1,1.0,0.0,0.0,0.0,0.0,-0.36575289537,-0.17,0.19,0.39
2529,300618,寒锐钴业,1,0.0,1.0,0.0,0.0,0.0,0.821839120213,,,
2530,002275,桂林三金,1,1.0,0.0,0.0,0.0,0.0,0.737163538351,0.78,0.86,0.93
2531,000032,深桑达A,1,1.0,0.0,0.0,0.0,0.0,-0.104568461831,0.26,0.37,0.5
2532,300925,法本信息,1,1.0,0.0,0.0,0.0,0.0,0.243525454152,,,
2533,301173,毓恬冠佳,1,1.0,0.0,0.0,0.0,0.0,1.970058500066,2.62,3.41,
2534,920161,龙辰科技,1,0.0,1.0,0.0,0.0,0.0,0.629052091225,0.73,0.89,1.07
2535,603271,永杰新材,1,1.0,0.0,0.0,0.0,0.0,2.095900442173,3.61,5.57,7.53
2536,603823,百合花,1,0.0,1.0,0.0,0.0,0.0,0.400925628468,0.47,0.54,0.6
2537,002081,金螳螂,1,0.0,1.0,0.0,0.0,0.0,0.167086107991,0.15,0.14,0.14
2538,001396,誉帆科技,1,1.0,0.0,0.0,0.0,0.0,1.169379459207,1.93,2.71,
2539,920223,荣亿精密,1,0.0,1.0,0.0,0.0,0.0,-0.125307343675,0.25,0.56,0.79
2540,688484,南芯科技,1,0.0,1.0,0.0,0.0,0.0,0.555386981699,0.48,0.73,1.0
2541,603284,林平发展,1,1.0,0.0,0.0,0.0,0.0,2.456984050346,3.59,4.75,5.65
2542,301319,唯特偶,1,0.0,1.0,0.0,0.0,0.0,0.431834169102,0.99,1.26,1.45
2543,688069,德林海,1,1.0,0.0,0.0,0.0,0.0,0.630165469691,1.05,1.23,1.49
2544,002276,万马股份,1,0.0,1.0,0.0,0.0,0.0,0.343311211793,0.4,0.52,
2545,600184,光电股份,1,0.0,1.0,0.0,0.0,0.0,0.087657160671,0.15,0.19,0.23
2546,603196,璞源材料,1,0.0,0.0,1.0,0.0,0.0,0.042964815138,0.78,1.05,1.31
2547,000401,金隅冀东,1,1.0,0.0,0.0,0.0,0.0,0.08233886673,0.13,0.22,0.29
2548,688107,安路科技,1,1.0,0.0,0.0,0.0,0.0,-0.679681690329,-0.45,-0.24,0.03
2549,002819,东方中科,1,1.0,0.0,0.0,0.0,0.0,-0.487208375118,-0.03,0.11,0.27
2550,688166,博瑞医药,1,1.0,0.0,0.0,0.0,0.0,0.12509249084,0.22,1.06,1.85
2551,920992,中科美菱,1,0.0,1.0,0.0,0.0,0.0,0.197528262055,0.23,0.26,0.3
2552,600509,天富能源,1,1.0,0.0,0.0,0.0,0.0,0.167408109829,0.46,0.58,0.69
2553,688576,西山科技,1,1.0,0.0,0.0,0.0,0.0,0.767380340835,1.92,2.48,3.09
2554,300959,线上线下,1,0.0,1.0,0.0,0.0,0.0,-0.136156764898,0.4,0.48,0.56
2555,301176,逸豪新材,1,0.0,1.0,0.0,0.0,0.0,-0.346738606375,0.38,0.79,1.33
2556,002708,光洋股份,1,1.0,0.0,0.0,0.0,0.0,0.17964489989,0.52,0.74,0.86
2557,600516,方大炭素,1,1.0,0.0,0.0,0.0,0.0,0.023110510403,0.02,0.05,0.11
2558,920220,朗信电气,1,0.0,1.0,0.0,0.0,0.0,1.98802629138,2.2,2.68,3.27
2559,301295,美硕科技,1,1.0,0.0,0.0,0.0,0.0,0.223735323313,0.57,0.9,1.26
2560,002753,永东股份,1,1.0,0.0,0.0,0.0,0.0,0.090831266477,0.22,0.43,0.6
2561,000620,盈新发展,1,1.0,0.0,0.0,0.0,0.0,-0.19978386779,0.04,0.07,0.11
2562,300065,海兰信,1,0.0,1.0,0.0,0.0,0.0,0.055835193075,0.06,0.07,0.09
2563,603538,美诺华,1,1.0,0.0,0.0,0.0,0.0,0.300738085804,0.44,0.57,0.71
2564,605208,永茂泰,1,1.0,0.0,0.0,0.0,0.0,0.204593586986,,,
2565,301149,隆华新材,1,1.0,0.0,0.0,0.0,0.0,0.254952940977,1.13,1.26,1.49
2566,688026,洁特生物,1,1.0,0.0,0.0,0.0,0.0,0.34365049971,0.58,0.68,0.76
2567,688199,久日新材,1,0.0,1.0,0.0,0.0,0.0,0.171313392052,0.495,0.82,1.105
2568,002065,东华软件,1,1.0,0.0,0.0,0.0,0.0,0.148898426968,0.16,0.19,
2569,301251,威尔高,1,1.0,0.0,0.0,0.0,0.0,0.356955172789,1.48,3.0,4.65
2570,920580,科创新材,1,0.0,1.0,0.0,0.0,0.0,0.20577096814,0.35,0.38,0.43
2571,002583,海能达,1,0.0,1.0,0.0,0.0,0.0,-0.141758130461,0.12,0.19,0.27
2572,688177,百奥泰,1,0.0,1.0,0.0,0.0,0.0,-0.801634524126,-0.83,-0.68,
2573,301306,西测测试,1,1.0,0.0,0.0,0.0,0.0,-1.543183495379,-0.2,0.13,0.27
2574,301421,波长光电,1,0.0,1.0,0.0,0.0,0.0,0.306705706804,0.4,0.59,0.9
2575,601880,辽港股份,1,0.0,1.0,0.0,0.0,0.0,0.055438789447,0.06,0.06,0.06
2576,000401,金隅冀东,1,1.0,0.0,0.0,0.0,0.0,0.08233886673,0.13,0.22,0.29
2577,920786,骑士乳业,1,0.0,1.0,0.0,0.0,0.0,0.234460616494,0.28,0.41,0.56
2578,603351,威尔药业,1,1.0,0.0,0.0,0.0,0.0,1.114662869295,1.27,1.43,1.59
2579,600184,光电股份,1,0.0,1.0,0.0,0.0,0.0,0.087657160671,0.15,0.19,0.23
2580,603255,鼎际得,1,1.0,0.0,0.0,0.0,0.0,0.085214256909,1.91,2.96,4.27
2581,003030,祖名股份,1,1.0,0.0,0.0,0.0,0.0,0.202723127985,0.32,0.5,0.78
2582,600589,大位科技,1,1.0,0.0,0.0,0.0,0.0,-0.012946525337,0.04,0.09,0.12
2583,301092,争光股份,1,1.0,0.0,0.0,0.0,0.0,0.745320014636,1.1,1.83,2.27
2584,301123,奕东电子,1,1.0,0.0,0.0,0.0,0.0,-0.284904547093,1.19,1.89,2.5
2585,600980,北矿科技,1,1.0,0.0,0.0,0.0,0.0,0.644506053253,0.821,0.994,1.231
2586,600478,科力远,1,0.0,1.0,0.0,0.0,0.0,0.082870505373,0.14,0.18,0.27
2587,603687,大胜达,1,1.0,0.0,0.0,0.0,0.0,0.140203840336,0.18,0.29,0.51
2588,301581,黄山谷捷,1,1.0,0.0,0.0,0.0,0.0,0.687870275,0.71,1.06,1.48
2589,603275,众辰科技,1,1.0,0.0,0.0,0.0,0.0,1.207147868656,1.32,1.43,1.53
2590,301628,强达电路,1,1.0,0.0,0.0,0.0,0.0,1.603797019202,2.06,2.72,3.56
2591,600794,保税科技,1,0.0,1.0,0.0,0.0,0.0,-0.076494848753,0.13,0.15,0.17
2592,920167,同享科技,1,0.0,1.0,0.0,0.0,0.0,0.197213870295,1.19,1.46,1.78
2593,600586,金晶科技,1,1.0,0.0,0.0,0.0,0.0,-0.412573828122,0.08,0.28,0.55
2594,301000,肇民科技,1,1.0,0.0,0.0,0.0,0.0,0.613374070899,0.66,0.79,0.94
2595,688365,光云科技,1,1.0,0.0,0.0,0.0,0.0,-0.061183358326,0.05,0.09,0.24
2596,300248,新开普,1,1.0,0.0,0.0,0.0,0.0,0.164020598029,0.25,0.3,0.34
2597,688813,泰金新能,1,1.0,0.0,0.0,0.0,0.0,1.275694675313,2.01,2.53,3.15
2598,688443,智翔金泰,1,0.0,1.0,0.0,0.0,0.0,-1.460809465665,-0.99,-0.06,0.36
2599,600975,新五丰,1,1.0,0.0,0.0,0.0,0.0,-0.70134565312,-0.72,0.41,0.31
2600,301158,德石股份,1,0.0,1.0,0.0,0.0,0.0,0.597937671339,0.83,1.05,1.37
2601,600420,国药现代,1,1.0,0.0,0.0,0.0,0.0,0.70207341061,0.63,0.69,0.76
2602,002406,远东传动,1,0.0,1.0,0.0,0.0,0.0,0.213929994081,0.29,0.33,0.38
2603,600746,江苏索普,1,1.0,0.0,0.0,0.0,0.0,0.075681319954,0.28,0.34,0.42
2604,000155,川能动力,1,0.0,1.0,0.0,0.0,0.0,0.272182349317,0.71,0.88,1.01
2605,301666,大普微,1,0.0,1.0,0.0,0.0,0.0,-1.101911191731,6.25,12.51,20.5
2606,300623,捷捷微电,1,1.0,0.0,0.0,0.0,0.0,0.572888657694,0.867,1.156,1.492
2607,920685,新芝生物,1,0.0,1.0,0.0,0.0,0.0,0.384683968337,0.49,0.54,0.61
2608,000581,威孚高科,1,1.0,0.0,0.0,0.0,0.0,1.104864817285,1.89,2.12,2.33
2609,600601,方正科技,1,0.0,1.0,0.0,0.0,0.0,0.11048810774,0.29,0.41,0.43
2610,603685,晨丰科技,1,1.0,0.0,0.0,0.0,0.0,0.087140418518,0.4,0.79,1.06
2611,301189,奥尼电子,1,1.0,0.0,0.0,0.0,0.0,-0.958826526088,0.9,2.3,5.0
2612,601778,晶科科技,1,1.0,0.0,0.0,0.0,0.0,0.088596986396,0.04,0.11,0.19
2613,688783,西安奕材,1,0.0,1.0,0.0,0.0,0.0,-0.182815093865,-0.07,0.02,0.09
2614,003032,传智教育,1,1.0,0.0,0.0,0.0,0.0,-0.224745994943,0.15,0.25,0.48
2615,603788,宁波高发,1,0.0,1.0,0.0,0.0,0.0,0.969189603502,1.08,1.26,1.46
2616,002685,华东重机,1,1.0,0.0,0.0,0.0,0.0,0.066215441759,0.32,0.39,0.48
2617,300077,国民技术,1,1.0,0.0,0.0,0.0,0.0,-0.170201467705,0.02,0.44,0.81
2618,002687,乔治白,1,0.0,1.0,0.0,0.0,0.0,0.169214485222,0.18,0.21,0.23
2619,002029,七匹狼,1,0.0,1.0,0.0,0.0,0.0,0.471833715163,0.44,0.45,0.46
2620,301026,浩通科技,1,0.0,1.0,0.0,0.0,0.0,0.786140765637,2.03,2.28,2.5
2621,301459,丰茂股份,1,1.0,0.0,0.0,0.0,0.0,0.879134757921,1.36,1.86,2.47
2622,002110,三钢闽光,1,0.0,1.0,0.0,0.0,0.0,0.011154539878,0.1,0.3,0.41
2623,688371,菲沃泰,1,1.0,0.0,0.0,0.0,0.0,0.090053490786,0.19,0.3,0.45
2624,688685,迈信林,1,0.0,1.0,0.0,0.0,0.0,0.119695216943,0.27,0.51,0.85
2625,300082,奥克股份,1,1.0,0.0,0.0,0.0,0.0,0.009994493133,0.2,0.23,0.26
2626,002065,东华软件,1,1.0,0.0,0.0,0.0,0.0,0.148898426968,0.16,0.19,
2627,688619,罗普特,1,1.0,0.0,0.0,0.0,0.0,-1.226029382795,-0.29,0.28,0.52
2628,688768,容知日新,1,0.0,1.0,0.0,0.0,0.0,0.957516695352,1.49,1.93,
2629,300307,慈星股份,1,1.0,0.0,0.0,0.0,0.0,0.121649976079,0.38,0.53,0.72
2630,605300,佳禾食品,1,0.0,1.0,0.0,0.0,0.0,0.067773726819,0.17,0.19,0.22
2631,603002,宏昌电子,1,1.0,0.0,0.0,0.0,0.0,0.031189771898,0.19,0.57,1.29
2632,002206,海利得,1,0.0,1.0,0.0,0.0,0.0,0.442638033436,0.48,0.51,0.57
2633,300753,爱朋医疗,1,1.0,0.0,0.0,0.0,0.0,-0.190567707699,0.14,0.16,0.18
2634,002758,浙农股份,1,0.0,1.0,0.0,0.0,0.0,1.050963505748,0.83,0.89,0.96
2635,603611,诺力股份,1,1.0,0.0,0.0,0.0,0.0,1.666157475114,2.34,2.82,2.99
2636,300727,润禾材料,1,1.0,0.0,0.0,0.0,0.0,0.665996877743,0.91,1.04,1.24
2637,920718,合肥高科,1,0.0,1.0,0.0,0.0,0.0,0.430289685188,0.47,0.54,0.59
2638,601069,西部黄金,1,1.0,0.0,0.0,0.0,0.0,0.518066756328,1.31,1.78,2.75
2639,920885,星辰科技,1,0.0,1.0,0.0,0.0,0.0,0.198385028091,0.26,0.3,0.33
2640,605068,明新旭腾,1,0.0,1.0,0.0,0.0,0.0,0.091313514469,0.12,0.66,
2641,301052,果麦文化,1,1.0,0.0,0.0,0.0,0.0,-0.021030201404,1.05,1.29,1.66
2642,301552,科力装备,1,1.0,0.0,0.0,0.0,0.0,1.254294570782,2.05,2.35,2.49
2643,603950,长源东谷,1,1.0,0.0,0.0,0.0,0.0,1.200093397141,1.67,2.1,2.54
2644,920066,科拜尔,1,0.0,1.0,0.0,0.0,0.0,0.450078468401,0.56,0.72,0.88
2645,601019,山东出版,1,1.0,0.0,0.0,0.0,0.0,0.562528647832,0.63,0.71,0.78
2646,920132,泰鹏智能,1,1.0,0.0,0.0,0.0,0.0,0.170610693203,0.28,0.36,0.44
2647,920693,阿为特,1,0.0,1.0,0.0,0.0,0.0,0.051264334113,0.12,0.42,0.67
2648,300161,华中数控,1,0.0,1.0,0.0,0.0,0.0,0.082135407383,0.22,0.4,0.64
2649,301096,百诚医药,1,1.0,0.0,0.0,0.0,0.0,-0.827583541274,1.1,1.86,2.17
2650,301115,联检科技,1,0.0,1.0,0.0,0.0,0.0,0.118265635958,0.19,0.33,0.43
2651,688117,圣诺生物,1,1.0,0.0,0.0,0.0,0.0,0.716729186425,1.31,1.59,1.85
2652,300917,特发服务,1,0.0,1.0,0.0,0.0,0.0,0.732978218225,0.76,0.79,0.81
2653,600433,冠豪高新,1,0.0,1.0,0.0,0.0,0.0,-0.173494656518,0.2,0.1,0.14
2654,002252,上海莱士,1,1.0,0.0,0.0,0.0,0.0,0.239207054497,0.28,0.31,0.34
2655,301501,恒鑫生活,1,1.0,0.0,0.0,0.0,0.0,1.513466183908,1.59,1.89,2.18
2656,688689,银河微电,1,0.0,1.0,0.0,0.0,0.0,0.551416548986,0.79,1.0,
2657,603231,索宝蛋白,1,1.0,0.0,0.0,0.0,0.0,0.990897514537,1.16,1.43,1.66
2658,300174,元力股份,1,1.0,0.0,0.0,0.0,0.0,0.62654826447,0.79,0.94,1.09
2659,688403,汇成股份,1,1.0,0.0,0.0,0.0,0.0,0.155805934729,0.22,0.26,0.29
2660,000629,钒钛股份,1,0.0,1.0,0.0,0.0,0.0,-0.01004368145,0.06,0.08,
2661,002423,中粮资本,1,1.0,0.0,0.0,0.0,0.0,0.491630134856,0.54,0.58,0.62
2662,601968,宝钢包装,1,1.0,0.0,0.0,0.0,0.0,0.14712878896,0.24,0.3,0.35
2663,301263,泰恩康,1,0.0,1.0,0.0,0.0,0.0,0.056077289252,0.29,0.77,1.37
2664,688080,映翰通,1,1.0,0.0,0.0,0.0,0.0,2.023269172348,2.85,4.09,
2665,688805,健信超导,1,0.0,1.0,0.0,0.0,0.0,0.447782922114,0.47,0.58,0.71
2666,002237,恒邦股份,1,0.0,1.0,0.0,0.0,0.0,0.445920471223,1.02,1.37,2.38
2667,920471,美邦科技,1,0.0,1.0,0.0,0.0,0.0,-0.312023548197,0.32,0.43,0.51
2668,300735,光弘科技,1,0.0,1.0,0.0,0.0,0.0,0.356896500909,0.45,0.55,0.7
2669,600210,紫江企业,1,0.0,1.0,0.0,0.0,0.0,0.683891028159,0.6,0.66,
2670,603822,ST嘉澳,1,1.0,0.0,0.0,0.0,0.0,0.408041031118,6.48,10.58,18.96
2671,600577,精达股份,1,1.0,0.0,0.0,0.0,0.0,0.268455627867,0.35,0.4,0.44
2672,600449,宁夏建材,1,1.0,0.0,0.0,0.0,0.0,0.380842645159,0.6,0.77,0.83
2673,300642,透景生命,1,0.0,1.0,0.0,0.0,0.0,0.022110430274,0.08,0.21,0.27
2674,605399,晨光新材,1,0.0,1.0,0.0,0.0,0.0,-0.303586359968,0.08,0.17,0.22
2675,301209,联合化学,1,0.0,1.0,0.0,0.0,0.0,0.335731210077,0.16,0.18,0.22
2676,002204,大连重工,1,0.0,1.0,0.0,0.0,0.0,0.301899392607,0.47,0.53,0.61
2677,600997,开滦股份,1,0.0,1.0,0.0,0.0,0.0,-0.020389385016,0.2,0.33,0.42
2678,000551,创元科技,1,0.0,1.0,0.0,0.0,0.0,0.608510115318,0.76,0.88,1.0
2679,600100,同方股份,1,1.0,0.0,0.0,0.0,0.0,0.147749771848,0.16,0.17,0.23
2680,688678,福立旺,1,0.0,1.0,0.0,0.0,0.0,0.136965469902,0.61,0.74,0.89
2681,605186,健麾信息,1,1.0,0.0,0.0,0.0,0.0,0.226342253603,0.5,0.62,0.75
2682,301252,同星科技,1,0.0,1.0,0.0,0.0,0.0,0.641641436418,0.68,0.83,0.99
2683,300898,熊猫乳品,1,0.0,1.0,0.0,0.0,0.0,0.871063851935,1.02,1.2,1.38
2684,603232,格尔软件,1,1.0,0.0,0.0,0.0,0.0,-0.364514941081,0.27,0.33,0.44
2685,920961,创远信科,1,0.0,1.0,0.0,0.0,0.0,0.024373750897,0.08,0.1,0.13
2686,300767,震安科技,1,0.0,0.0,1.0,0.0,0.0,-0.424839353379,-0.2,0.02,0.08
2687,301510,固高科技,1,1.0,0.0,0.0,0.0,0.0,0.155668284799,0.3,0.38,
2688,002272,川润股份,1,0.0,1.0,0.0,0.0,0.0,-0.051382553401,0.14,0.26,
2689,002857,三晖电气,1,0.0,1.0,0.0,0.0,0.0,-0.321060269225,0.48,0.92,
2690,688420,美腾科技,1,1.0,0.0,0.0,0.0,0.0,-0.067233519281,0.41,0.65,0.93
2691,605050,福然德,1,1.0,0.0,0.0,0.0,0.0,0.761866502808,0.86,0.94,1.01
2692,002616,长青集团,1,0.0,1.0,0.0,0.0,0.0,0.326138868726,0.34,0.37,0.38
2693,301090,华润材料,1,1.0,0.0,0.0,0.0,0.0,-0.058532650266,0.34,0.33,0.3
2694,301307,美利信,1,1.0,0.0,0.0,0.0,0.0,-2.690854871795,0.14,1.39,2.68
2695,600676,久事动娱,1,0.0,1.0,0.0,0.0,0.0,-0.321201523955,0.11,0.13,0.15
2696,300553,集智股份,1,1.0,0.0,0.0,0.0,0.0,0.170644873224,0.62,1.48,2.72
2697,300718,长盛轴承,1,1.0,0.0,0.0,0.0,0.0,0.847934714193,1.06,1.28,1.54
2698,603407,长裕集团,1,1.0,0.0,0.0,0.0,0.0,0.611225633581,0.99,2.94,5.17
2699,603517,ST绝味,1,0.0,1.0,0.0,0.0,0.0,-0.315235543274,0.49,0.525,0.575
2700,301589,诺瓦星云,1,1.0,0.0,0.0,0.0,0.0,6.35864316459,7.29,8.37,9.5
2701,688209,英集芯,1,1.0,0.0,0.0,0.0,0.0,0.41028337492,0.59,0.82,1.12
2702,300224,正海磁材,1,1.0,0.0,0.0,0.0,0.0,0.330243558879,0.42,0.5,0.61
2703,688302,海创药业,1,1.0,0.0,0.0,0.0,0.0,-1.386171613588,-1.05,0.33,1.46
2704,002289,宇顺电子,1,1.0,0.0,0.0,0.0,0.0,-0.05205377325,1.6,2.14,2.87
2705,603033,三维股份,1,1.0,0.0,0.0,0.0,0.0,-0.36643918726,,,
2706,300436,广生堂,1,1.0,0.0,0.0,0.0,0.0,-1.367820553913,-0.54,-0.52,0.1
2707,300531,优博讯,1,1.0,0.0,0.0,0.0,0.0,0.259806438581,0.4,0.56,0.74
2708,301292,海科新源,1,1.0,0.0,0.0,0.0,0.0,-0.80994977903,4.56,5.69,6.72
2709,300689,澄天伟业,1,1.0,0.0,0.0,0.0,0.0,0.132972548097,0.43,1.48,2.27
2710,920946,森萱医药,1,0.0,1.0,0.0,0.0,0.0,0.307985265871,0.36,0.41,
2711,688182,灿勤科技,1,1.0,0.0,0.0,0.0,0.0,0.30090703195,0.6,0.95,1.2
2712,301389,隆扬电子,1,1.0,0.0,0.0,0.0,0.0,0.366057059965,0.61,0.895,1.05
2713,000417,合百集团,1,1.0,0.0,0.0,0.0,0.0,0.205434435587,0.24,0.28,0.31
2714,603826,坤彩科技,1,1.0,0.0,0.0,0.0,0.0,-0.108074681013,1.24,2.25,3.63
2715,603118,共进股份,1,0.0,1.0,0.0,0.0,0.0,0.098799839316,0.32,0.41,0.54
2716,000402,金融街,1,0.0,1.0,0.0,0.0,0.0,-1.801389243662,-0.99,-0.27,0.01
2717,002965,祥鑫科技,1,1.0,0.0,0.0,0.0,0.0,0.584015448031,,,
2718,300319,麦捷科技,1,0.0,1.0,0.0,0.0,0.0,0.356392037724,0.47,0.57,0.66
2719,605050,福然德,1,1.0,0.0,0.0,0.0,0.0,0.761866502808,0.86,0.94,1.01
2720,002616,长青集团,1,0.0,1.0,0.0,0.0,0.0,0.326138868726,0.34,0.37,0.38
2721,301090,华润材料,1,1.0,0.0,0.0,0.0,0.0,-0.058532650266,0.34,0.33,0.3
2722,301307,美利信,1,1.0,0.0,0.0,0.0,0.0,-2.690854871795,0.14,1.39,2.68
2723,603311,金海高科,1,0.0,1.0,0.0,0.0,0.0,0.332758199778,0.39,0.49,0.62
2724,688633,星球石墨,1,1.0,0.0,0.0,0.0,0.0,0.99197134682,1.66,2.27,2.98
2725,688635,长进光子,1,0.0,1.0,0.0,0.0,0.0,1.021035690082,1.54,2.16,2.83
2726,688125,安达智能,1,1.0,0.0,0.0,0.0,0.0,-1.311352532887,0.65,1.83,3.08
2727,300057,万顺新材,1,1.0,0.0,0.0,0.0,0.0,-0.183808295643,0.08,0.16,0.26
2728,300717,华信新材,1,1.0,0.0,0.0,0.0,0.0,0.535543405011,0.62,0.86,1.19
2729,300566,激智科技,1,1.0,0.0,0.0,0.0,0.0,0.777102912565,1.04,1.3,1.65
2730,600780,通宝能源,1,1.0,0.0,0.0,0.0,0.0,0.565342161258,0.583,0.613,0.641
2731,000989,九芝堂,1,1.0,0.0,0.0,0.0,0.0,0.260067222556,0.355,0.425,0.475
2732,300843,胜蓝股份,1,1.0,0.0,0.0,0.0,0.0,0.683490927744,1.26,2.09,3.48
2733,600531,豫光金铅,1,1.0,0.0,0.0,0.0,0.0,0.711253389013,0.71,0.75,0.85
2734,301568,思泰克,1,0.0,1.0,0.0,0.0,0.0,1.082350761778,1.46,2.05,2.97
2735,300192,科德教育,1,0.0,1.0,0.0,0.0,0.0,0.268421129453,0.41,0.45,0.5
2736,002382,蓝帆医疗,1,0.0,1.0,0.0,0.0,0.0,-0.753223318889,0.48,0.55,
2737,603096,新经典,1,1.0,0.0,0.0,0.0,0.0,0.499260444659,0.51,0.54,0.56
2738,605339,南侨食品,1,0.0,1.0,0.0,0.0,0.0,0.095850081657,0.14,0.17,0.18
2739,000862,银星能源,1,1.0,0.0,0.0,0.0,0.0,0.048439050569,0.25,0.3,0.35
2740,002066,瑞泰科技,1,0.0,1.0,0.0,0.0,0.0,-0.245927780356,0.34,0.43,0.6
2741,002053,云南能投,1,1.0,0.0,0.0,0.0,0.0,0.256641731474,0.76,0.9,0.99
2742,603285,键邦股份,1,1.0,0.0,0.0,0.0,0.0,0.849018600125,1.25,1.54,2.9
2743,600676,久事动娱,1,0.0,1.0,0.0,0.0,0.0,-0.321201523955,0.11,0.13,0.15
2744,300553,集智股份,1,1.0,0.0,0.0,0.0,0.0,0.170644873224,0.62,1.48,2.72
2745,300718,长盛轴承,1,1.0,0.0,0.0,0.0,0.0,0.847934714193,1.06,1.28,1.54
2746,688199,久日新材,1,0.0,1.0,0.0,0.0,0.0,0.171313392052,0.495,0.82,1.105
2747,600100,同方股份,1,1.0,0.0,0.0,0.0,0.0,0.147749771848,0.16,0.17,0.23
2748,688678,福立旺,1,0.0,1.0,0.0,0.0,0.0,0.136965469902,0.61,0.74,0.89
2749,605186,健麾信息,1,1.0,0.0,0.0,0.0,0.0,0.226342253603,0.5,0.62,0.75
2750,301252,同星科技,1,0.0,1.0,0.0,0.0,0.0,0.641641436418,0.68,0.83,0.99
2751,300898,熊猫乳品,1,0.0,1.0,0.0,0.0,0.0,0.871063851935,1.02,1.2,1.38
2752,920132,泰鹏智能,1,1.0,0.0,0.0,0.0,0.0,0.170610693203,0.28,0.36,0.44
2753,300082,奥克股份,1,1.0,0.0,0.0,0.0,0.0,0.009994493133,0.2,0.23,0.26
2754,688685,迈信林,1,0.0,1.0,0.0,0.0,0.0,0.119695216943,0.27,0.51,0.85
2755,603407,长裕集团,1,1.0,0.0,0.0,0.0,0.0,0.611225633581,0.99,2.94,5.17
2756,301251,威尔高,1,1.0,0.0,0.0,0.0,0.0,0.356955172789,1.48,3.0,4.65
2757,920580,科创新材,1,0.0,1.0,0.0,0.0,0.0,0.20577096814,0.35,0.38,0.43
2758,002583,海能达,1,0.0,1.0,0.0,0.0,0.0,-0.141758130461,0.12,0.19,0.27
2759,688177,百奥泰,1,0.0,1.0,0.0,0.0,0.0,-0.801634524126,-0.83,-0.68,
2760,301306,西测测试,1,1.0,0.0,0.0,0.0,0.0,-1.543183495379,-0.2,0.13,0.27
2761,301421,波长光电,1,0.0,1.0,0.0,0.0,0.0,0.306705706804,0.4,0.59,0.9
2762,601880,辽港股份,1,0.0,1.0,0.0,0.0,0.0,0.055438789447,0.06,0.06,0.06
2763,000551,创元科技,1,0.0,1.0,0.0,0.0,0.0,0.608510115318,0.76,0.88,1.0
2764,600997,开滦股份,1,0.0,1.0,0.0,0.0,0.0,-0.020389385016,0.2,0.33,0.42
2765,301209,联合化学,1,0.0,1.0,0.0,0.0,0.0,0.335731210077,0.16,0.18,0.22
2766,920471,美邦科技,1,0.0,1.0,0.0,0.0,0.0,-0.312023548197,0.32,0.43,0.51
2767,603517,ST绝味,1,0.0,1.0,0.0,0.0,0.0,-0.315235543274,0.49,0.525,0.575
2768,301589,诺瓦星云,1,1.0,0.0,0.0,0.0,0.0,6.35864316459,7.29,8.37,9.5
2769,688209,英集芯,1,1.0,0.0,0.0,0.0,0.0,0.41028337492,0.59,0.82,1.12
2770,300224,正海磁材,1,1.0,0.0,0.0,0.0,0.0,0.330243558879,0.42,0.5,0.61
2771,301510,固高科技,1,1.0,0.0,0.0,0.0,0.0,0.155668284799,0.3,0.38,
2772,300767,震安科技,1,0.0,0.0,1.0,0.0,0.0,-0.424839353379,-0.2,0.02,0.08
2773,920961,创远信科,1,0.0,1.0,0.0,0.0,0.0,0.024373750897,0.08,0.1,0.13
2774,603232,格尔软件,1,1.0,0.0,0.0,0.0,0.0,-0.364514941081,0.27,0.33,0.44
2775,300735,光弘科技,1,0.0,1.0,0.0,0.0,0.0,0.356896500909,0.45,0.55,0.7
2776,600210,紫江企业,1,0.0,1.0,0.0,0.0,0.0,0.683891028159,0.6,0.66,
2777,603822,ST嘉澳,1,1.0,0.0,0.0,0.0,0.0,0.408041031118,6.48,10.58,18.96
2778,600577,精达股份,1,1.0,0.0,0.0,0.0,0.0,0.268455627867,0.35,0.4,0.44
2779,600449,宁夏建材,1,1.0,0.0,0.0,0.0,0.0,0.380842645159,0.6,0.77,0.83
2780,300642,透景生命,1,0.0,1.0,0.0,0.0,0.0,0.022110430274,0.08,0.21,0.27
2781,605399,晨光新材,1,0.0,1.0,0.0,0.0,0.0,-0.303586359968,0.08,0.17,0.22
2782,603324,盛剑科技,1,0.0,1.0,0.0,0.0,0.0,-0.113321363446,0.48,1.38,2.44
2783,688611,杭州柯林,1,1.0,0.0,0.0,0.0,0.0,-0.019867818809,0.45,0.73,0.93
2784,920056,能之光,1,0.0,1.0,0.0,0.0,0.0,0.673619261075,0.74,0.9,1.0
2785,688566,吉贝尔,1,0.0,1.0,0.0,0.0,0.0,1.300865430053,1.23,1.5,1.94
2786,605287,德才股份,1,1.0,0.0,0.0,0.0,0.0,0.499601055357,0.594,0.676,0.772
2787,605318,法狮龙,1,0.0,1.0,0.0,0.0,0.0,-0.053035910609,0.025,0.065,0.09
2788,603409,汇通控股,1,0.0,1.0,0.0,0.0,0.0,0.784901562241,1.44,1.81,2.14
2789,002157,正邦科技,1,0.0,1.0,0.0,0.0,0.0,-0.059072717646,0.01,0.07,0.13
2790,001227,兰州银行,1,0.0,1.0,0.0,0.0,0.0,0.327408890042,0.33,0.34,0.36
2791,300004,南风股份,1,0.0,1.0,0.0,0.0,0.0,0.064589049915,0.24,0.41,0.6
2792,920425,乐创技术,1,0.0,1.0,0.0,0.0,0.0,0.318789284906,0.57,0.67,
2793,300608,思特奇,1,0.0,1.0,0.0,0.0,0.0,-0.517366614262,-0.14,0.01,0.22
2794,001223,欧克科技,1,1.0,0.0,0.0,0.0,0.0,0.312611244843,0.99,1.65,
2795,600310,广西能源,1,1.0,0.0,0.0,0.0,0.0,-0.143928793522,0.17,0.21,0.24
2796,002903,宇环数控,1,0.0,1.0,0.0,0.0,0.0,-0.126043810383,0.08,0.19,0.26
2797,688238,和元生物,1,0.0,1.0,0.0,0.0,0.0,-0.362171214571,-0.3,-0.2,
2798,301499,维科精密,1,1.0,0.0,0.0,0.0,0.0,0.389485594019,0.47,0.71,0.95
2799,300712,永福股份,1,0.0,1.0,0.0,0.0,0.0,0.12564288128,0.46,0.62,
2800,300993,玉马科技,1,0.0,1.0,0.0,0.0,0.0,0.482840466691,0.52,0.66,
2801,301207,华兰疫苗,1,1.0,0.0,0.0,0.0,0.0,0.304344960655,0.36,0.43,0.52
2802,001205,盛航股份,1,0.0,1.0,0.0,0.0,0.0,0.577773859045,0.61,0.67,0.76
2803,301183,东田微,1,1.0,0.0,0.0,0.0,0.0,1.256136661449,3.11,6.86,10.08
2804,600771,广誉远,1,0.0,1.0,0.0,0.0,0.0,0.128793960277,0.23,0.29,0.36
2805,603878,武进不锈,1,0.0,1.0,0.0,0.0,0.0,0.141885270616,0.19,0.19,0.23
2806,300243,瑞丰高材,1,1.0,0.0,0.0,0.0,0.0,0.108499783594,0.45,0.72,1.13
2807,300179,四方达,1,0.0,1.0,0.0,0.0,0.0,0.191845383632,0.35,0.6,0.86
2808,600345,长江通信,1,1.0,0.0,0.0,0.0,0.0,0.66493775038,3.11,4.59,6.17
2809,002655,共达电声,1,1.0,0.0,0.0,0.0,0.0,0.203536392118,0.13,0.28,0.49
2810,001331,胜通能源,1,0.0,1.0,0.0,0.0,0.0,0.044981055204,0.03,0.06,0.08
2811,000048,京基智农,1,0.0,1.0,0.0,0.0,0.0,0.288207976703,0.47,1.15,1.91
2812,300676,华大基因,1,0.0,1.0,0.0,0.0,0.0,-1.474133343158,0.27,0.34,0.43
2813,688338,赛科希德,1,1.0,0.0,0.0,0.0,0.0,0.844120075484,0.87,1.0,1.18
2814,000950,重药控股,1,1.0,0.0,0.0,0.0,0.0,0.225782405913,0.33,0.37,0.41
2815,688667,菱电电控,1,1.0,0.0,0.0,0.0,0.0,2.573891906849,3.09,12.54,15.88
2816,688276,百克生物,1,1.0,0.0,0.0,0.0,0.0,-0.634777955148,-0.105,0.015,0.09
2817,002945,华林证券,1,0.0,1.0,0.0,0.0,0.0,0.187493042504,,,
2818,002117,东港股份,1,0.0,1.0,0.0,0.0,0.0,0.27527020539,0.31,0.34,
2819,300200,高盟新材,1,1.0,0.0,0.0,0.0,0.0,0.24126801739,0.42,0.51,0.54
2820,300997,欢乐家,1,0.0,1.0,0.0,0.0,0.0,0.101557028943,0.1,0.13,0.15
2821,603132,金徽股份,1,1.0,0.0,0.0,0.0,0.0,0.55446418636,0.7,0.85,1.02
2822,000036,华联控股,1,0.0,1.0,0.0,0.0,0.0,0.049967568961,0.07,0.13,0.14
2823,601686,友发集团,1,1.0,0.0,0.0,0.0,0.0,0.459511136731,0.48,0.53,0.59
2824,002228,合兴包装,1,0.0,1.0,0.0,0.0,0.0,0.085286087141,0.19,0.19,
2825,605018,长华集团,1,1.0,0.0,0.0,0.0,0.0,0.202607245322,0.29,0.35,0.43
2826,688370,丛麟科技,1,0.0,1.0,0.0,0.0,0.0,0.168960041239,0.46,0.66,0.9
2827,600206,有研新材,1,1.0,0.0,0.0,0.0,0.0,0.312785470378,0.53,0.72,0.85
2828,000920,沃顿科技,1,0.0,1.0,0.0,0.0,0.0,0.466647458017,0.57,0.68,0.82
2829,601568,北元化工,1,1.0,0.0,0.0,0.0,0.0,0.027264982313,0.3,0.4,0.51
2830,600455,博通股份,1,0.0,1.0,0.0,0.0,0.0,0.711024748311,0.78,0.86,1.02
2831,301191,菲菱科思,1,1.0,0.0,0.0,0.0,0.0,0.670085585035,1.31,2.42,3.65
2832,301287,康力源,1,0.0,0.0,1.0,0.0,0.0,1.041597224989,0.97,1.11,1.38
2833,000810,创维数字,1,0.0,1.0,0.0,0.0,0.0,0.156376228542,0.29,0.35,0.38
2834,002862,实丰文化,1,1.0,0.0,0.0,0.0,0.0,-1.031123314355,0.18,0.21,
2835,601698,中国卫通,1,0.0,1.0,0.0,0.0,0.0,0.104449820993,0.13,0.17,0.23
2836,688172,燕东微,1,0.0,1.0,0.0,0.0,0.0,-0.285655891521,-0.92,-1.22,-0.98
2837,600369,西南证券,1,0.0,1.0,0.0,0.0,0.0,0.159873021947,0.19,0.21,0.22
2838,688091,上海谊众,1,1.0,0.0,0.0,0.0,0.0,0.312310766032,0.17,0.53,1.3
2839,920177,恒道科技,1,0.0,1.0,0.0,0.0,0.0,1.513884272745,1.75,1.96,2.21
2840,301565,中仑新材,1,1.0,0.0,0.0,0.0,0.0,0.195577927727,0.29,0.56,0.86
2841,002887,绿茵生态,1,1.0,0.0,0.0,0.0,0.0,0.396817772684,0.46,0.53,0.61
2842,603303,得邦照明,1,0.0,1.0,0.0,0.0,0.0,0.554111714364,0.62,0.67,0.72
2843,002334,英威腾,1,0.0,1.0,0.0,0.0,0.0,0.254037550414,0.3,0.34,0.39
2844,300996,普联软件,1,0.0,1.0,0.0,0.0,0.0,0.186914283344,0.39,0.46,0.53
2845,002969,嘉美包装,1,1.0,0.0,0.0,0.0,0.0,0.078835246448,0.11,0.12,0.14
2846,003019,宸展光电,1,0.0,1.0,0.0,0.0,0.0,1.097371264375,1.22,1.7,2.02
2847,301555,惠柏新材,1,0.0,1.0,0.0,0.0,0.0,0.789776047155,1.1,1.61,2.19
2848,301489,思泉新材,1,0.0,1.0,0.0,0.0,0.0,0.518170273548,3.49,7.32,10.2
2849,301600,慧翰股份,1,1.0,0.0,0.0,0.0,0.0,1.523019934847,2.2,2.96,4.18
2850,002060,广东建工,1,1.0,0.0,0.0,0.0,0.0,0.295357826347,0.31,0.33,0.35
2851,920160,北矿检测,1,1.0,0.0,0.0,0.0,0.0,0.68169891852,0.79,0.94,
2852,603936,博敏电子,1,1.0,0.0,0.0,0.0,0.0,0.010245204276,0.32,0.64,0.95
2853,688225,亚信安全,1,0.0,1.0,0.0,0.0,0.0,-1.114424880428,0.17,0.61,
2854,000906,浙商中拓,1,0.0,1.0,0.0,0.0,0.0,0.313833697662,0.72,1.02,1.16
2855,603150,万朗磁塑,1,0.0,1.0,0.0,0.0,0.0,1.302368028146,2.14,2.92,4.65
2856,000915,华特达因,1,0.0,1.0,0.0,0.0,0.0,2.283441171339,2.425,2.65,2.87
2857,601798,蓝科高新,1,0.0,1.0,0.0,0.0,0.0,0.137190049464,0.18,0.22,0.27
2858,300835,龙磁科技,1,1.0,0.0,0.0,0.0,0.0,1.412913070743,2.41,5.03,7.74
2859,600871,石化油服,1,0.0,1.0,0.0,0.0,0.0,0.034754412993,0.04,0.05,0.05
2860,301566,达利凯普,1,1.0,0.0,0.0,0.0,0.0,0.397841320567,0.49,0.59,0.72
