序号,代码,名称,研报数,机构投资评级(近六个月)-买入,机构投资评级(近六个月)-增持,机构投资评级(近六个月)-中性,机构投资评级(近六个月)-减持,机构投资评级(近六个月)-卖出,2025预测每股收益,2026预测每股收益,2027预测每股收益,2028预测每股收益
1,600519,贵州茅台,45,36.0,9.0,0.0,0.0,0.0,65.851754826108,67.656739130435,71.522173913044,75.208837209302
2,605499,东鹏饮料,41,28.0,13.0,0.0,0.0,0.0,6.01371192761,7.539853658537,8.690341463415,9.94715
3,603345,安井食品,40,32.0,8.0,0.0,0.0,0.0,4.078254658694,5.150475,5.95465,6.634710526316
4,300750,宁德时代,40,33.0,7.0,0.0,0.0,0.0,15.605114497134,20.764076923077,25.874641025641,31.044894736842
5,600600,青岛啤酒,37,25.0,12.0,0.0,0.0,0.0,3.363229399059,3.465675675676,3.645675675676,3.830555555556
6,603288,海天味业,36,24.0,12.0,0.0,0.0,0.0,1.202941549966,1.325333333333,1.465277777778,1.606714285714
7,600887,伊利股份,35,27.0,8.0,0.0,0.0,0.0,1.828380563048,1.682657142857,2.077857142857,2.240970588235
8,600809,山西汾酒,35,31.0,4.0,0.0,0.0,0.0,10.038269251186,8.762314285714,9.482171428571,10.450029411765
9,603259,药明康德,34,30.0,4.0,0.0,0.0,0.0,6.373849004517,7.387818181818,9.014212121212,10.73890625
10,600989,宝丰能源,34,29.0,5.0,0.0,0.0,0.0,1.547761941272,2.245117647059,2.371382352941,2.512242424242
11,603605,珀莱雅,34,24.0,10.0,0.0,0.0,0.0,3.782428833735,4.556382352941,4.537382352941,4.988941176471
12,002594,比亚迪,33,25.0,8.0,0.0,0.0,0.0,3.577746535319,4.383212121212,5.5991875,6.720322580645
13,603369,今世缘,33,25.0,8.0,0.0,0.0,0.0,2.088298515017,2.083393939394,2.216242424242,2.40271875
14,000568,泸州老窖,33,25.0,8.0,0.0,0.0,0.0,7.35831453966,5.521696969697,5.916121212121,6.4660625
15,002847,盐津铺子,32,28.0,4.0,0.0,0.0,0.0,2.769979264802,3.16634375,3.7839375,4.425870967742
16,300979,华利集团,32,25.0,7.0,0.0,0.0,0.0,2.747789410557,2.26059375,2.713125,3.049103448276
17,002648,卫星化学,32,28.0,4.0,0.0,0.0,0.0,1.576505084677,3.030625,3.220625,3.523870967742
18,002946,新乳业,32,22.0,10.0,0.0,0.0,0.0,0.849496184407,1.00125,1.1703125,1.328064516129
19,688111,金山办公,32,24.0,8.0,0.0,0.0,0.0,3.957792144122,5.9765625,5.7153125,6.863225806452
20,603919,金徽酒,31,17.0,14.0,0.0,0.0,0.0,0.698629382774,0.601612903226,0.779677419355,0.900333333333
21,601888,中国中免,31,22.0,8.0,1.0,0.0,0.0,1.725952153554,2.321290322581,2.725129032258,3.119724137931
22,600176,中国巨石,31,21.0,10.0,0.0,0.0,0.0,0.820721659518,1.773258064516,2.513,2.808166666667
23,000333,美的集团,31,25.0,6.0,0.0,0.0,0.0,5.760285646843,6.159709677419,6.650967741935,7.160666666667
24,600426,华鲁恒升,31,28.0,3.0,0.0,0.0,0.0,1.205659336195,1.953225806452,2.233290322581,2.4983
25,000729,燕京啤酒,31,20.0,11.0,0.0,0.0,0.0,0.595740163767,0.724516129032,0.832580645161,0.928
26,002714,牧原股份,30,21.0,9.0,0.0,0.0,0.0,2.682643616545,0.226966666667,4.5922,4.314965517241
27,002624,完美世界,30,24.0,6.0,0.0,0.0,0.0,0.376737588825,0.771,1.068333333333,1.152962962963
28,002568,百润股份,30,15.0,15.0,0.0,0.0,0.0,0.611953015526,0.730451612903,0.832419354839,0.942833333333
29,600132,重庆啤酒,30,15.0,15.0,0.0,0.0,0.0,2.543327145286,2.522,2.621724137931,2.738571428571
30,002345,潮宏基,29,22.0,7.0,0.0,0.0,0.0,0.559375206448,0.842142857143,0.997785714286,1.176296296296
31,603444,吉比特,29,21.0,8.0,0.0,0.0,0.0,24.897815995344,27.167586206897,29.815172413793,32.158148148148
32,300972,万辰集团,29,22.0,7.0,0.0,0.0,0.0,6.813837241062,12.55624137931,16.372896551724,18.978172413793
33,002891,中宠股份,29,19.0,10.0,0.0,0.0,0.0,1.134284561843,1.1312,1.5426,1.976607142857
34,600298,安琪酵母,29,24.0,5.0,0.0,0.0,0.0,1.779651048661,2.109793103448,2.497448275862,2.849178571429
35,300274,阳光电源,29,20.0,8.0,1.0,0.0,0.0,6.492960534338,6.918814814815,8.804071428571,10.487851851852
36,002821,凯莱英,29,21.0,8.0,0.0,0.0,0.0,3.140239779842,3.8737,4.987733333333,6.330482758621
37,600060,海信视像,29,18.0,11.0,0.0,0.0,0.0,1.880508491968,2.141379310345,2.397931034483,2.655464285714
38,300308,中际旭创,29,25.0,4.0,0.0,0.0,0.0,9.166453796306,28.254214285714,50.118321428571,71.281535714286
39,600031,三一重工,29,23.0,6.0,0.0,0.0,0.0,0.914415763212,1.152285714286,1.461607142857,1.763444444444
40,600486,扬农化工,29,23.0,6.0,0.0,0.0,0.0,3.182171834354,3.814,4.466793103448,5.075035714286
41,600872,中炬高新,28,22.0,6.0,0.0,0.0,0.0,0.693620785423,0.901655172414,1.037724137931,1.177107142857
42,601898,中煤能源,28,22.0,6.0,0.0,0.0,0.0,1.34882200871,1.4925,1.584285714286,1.673703703704
43,600690,海尔智家,28,23.0,5.0,0.0,0.0,0.0,2.101753512185,2.115428571429,2.294107142857,2.490925925926
44,002142,宁波银行,28,20.0,8.0,0.0,0.0,0.0,4.441977239949,4.868571428571,5.448214285714,6.128518518519
45,601318,中国平安,28,24.0,4.0,0.0,0.0,0.0,7.443155770211,8.2904,9.0352,9.937916666667
46,003006,百亚股份,28,20.0,8.0,0.0,0.0,0.0,0.484059387341,0.806857142857,1.015892857143,1.242518518519
47,600415,小商品城,28,22.0,5.0,1.0,0.0,0.0,0.766572726531,0.928692307692,1.074884615385,1.2146
48,000157,中联重科,28,24.0,4.0,0.0,0.0,0.0,0.561769928112,0.646962962963,0.780888888889,0.93988
49,603198,迎驾贡酒,28,21.0,7.0,0.0,0.0,0.0,2.4820567401,2.608928571429,2.856607142857,3.170925925926
50,603317,天味食品,27,19.0,8.0,0.0,0.0,0.0,0.536412099834,0.684851851852,0.783185185185,0.870444444444
51,600702,舍得酒业,27,14.0,12.0,1.0,0.0,0.0,0.671522958995,0.7375,0.946785714286,1.223333333333
52,689009,九号公司,27,20.0,7.0,0.0,0.0,0.0,2.389311849679,2.795888888889,3.724111111111,4.63232
53,688041,海光信息,27,22.0,5.0,0.0,0.0,0.0,1.094888439627,1.918214285714,2.93,4.186296296296
54,688012,中微公司,27,21.0,6.0,0.0,0.0,0.0,2.204405552583,4.728185185185,5.945111111111,7.630615384615
55,600276,恒瑞医药,27,21.0,5.0,1.0,0.0,0.0,1.161793370452,1.400222222222,1.639555555556,1.964384615385
56,301498,乖宝宠物,27,17.0,10.0,0.0,0.0,0.0,1.680873156567,1.481071428571,1.893785714286,2.315230769231
57,601100,恒立液压,27,20.0,7.0,0.0,0.0,0.0,2.039139514994,2.544814814815,3.180884615385,3.8346
58,600030,中信证券,26,19.0,7.0,0.0,0.0,0.0,1.92496012252,2.6028,2.8276,3.083043478261
59,002126,银轮股份,26,21.0,5.0,0.0,0.0,0.0,1.130396343376,1.407807692308,1.881846153846,2.411652173913
60,601628,中国人寿,26,20.0,6.0,0.0,0.0,0.0,5.451250950611,5.684782608696,5.873913043478,6.359090909091
61,600258,首旅酒店,26,15.0,11.0,0.0,0.0,0.0,0.726432090528,0.829538461538,0.929038461538,1.029416666667
62,601088,中国神华,26,20.0,6.0,0.0,0.0,0.0,2.436624176512,2.784615384615,2.871153846154,2.9684
63,688271,联影医疗,26,18.0,8.0,0.0,0.0,0.0,2.268134062725,2.778888888889,3.469259259259,4.287307692308
64,002557,洽洽食品,26,19.0,7.0,0.0,0.0,0.0,0.629520283091,1.247076923077,1.473769230769,1.67348
65,600882,妙可蓝多,26,16.0,10.0,0.0,0.0,0.0,0.233047268122,0.670384615385,0.908461538462,1.1424
66,300866,安克创新,26,21.0,5.0,0.0,0.0,0.0,4.328055763719,6.042,7.296,8.844692307692
67,002371,北方华创,26,22.0,4.0,0.0,0.0,0.0,7.609308509566,10.0336,14.3584,19.635833333333
68,601689,拓普集团,26,21.0,5.0,0.0,0.0,0.0,1.599156522817,1.817730769231,2.221730769231,2.67888
69,002956,西麦食品,26,18.0,8.0,0.0,0.0,0.0,0.5494037195,0.901923076923,1.127692307692,1.3532
70,002353,杰瑞股份,26,19.0,7.0,0.0,0.0,0.0,2.618019640369,3.515576923077,6.942538461538,9.608863636364
71,002850,科达利,26,21.0,5.0,0.0,0.0,0.0,6.160781563715,8.054416666667,10.621666666667,13.238818181818
72,600309,万华化学,26,22.0,4.0,0.0,0.0,0.0,4.001697696317,6.032692307692,6.908846153846,7.8024
73,300896,爱美客,26,18.0,7.0,1.0,0.0,0.0,4.266528599506,4.380518518519,4.917962962963,5.522
74,001979,招商蛇口,26,19.0,7.0,0.0,0.0,0.0,0.113551538105,0.163846153846,0.231923076923,0.3
75,300498,温氏股份,26,18.0,8.0,0.0,0.0,0.0,0.791474567345,-0.162807692308,1.603153846154,1.84792
76,002832,比音勒芬,25,20.0,5.0,0.0,0.0,0.0,0.964930211678,1.29476,1.59348,1.853083333333
77,002078,太阳纸业,25,20.0,5.0,0.0,0.0,0.0,1.138894798554,1.33936,1.47876,1.618708333333
78,002372,伟星新材,25,17.0,8.0,0.0,0.0,0.0,0.465301389052,0.5064,0.55,0.609583333333
79,600188,兖矿能源,25,20.0,5.0,0.0,0.0,0.0,0.835017591502,1.6932,1.8164,1.970416666667
80,000425,徐工机械,25,20.0,5.0,0.0,0.0,0.0,0.561190636347,0.685,0.88436,1.06519047619
81,000001,平安银行,25,13.0,11.0,1.0,0.0,0.0,2.196907127249,2.1776,2.2564,2.351304347826
82,600096,云天化,25,20.0,5.0,0.0,0.0,0.0,2.828343313162,2.8832,3.0712,3.235833333333
83,600315,上海家化,25,17.0,8.0,0.0,0.0,0.0,0.398052082456,0.647,0.79512,0.958739130435
84,601601,中国太保,25,21.0,4.0,0.0,0.0,0.0,5.56165290497,5.959130434783,6.430869565217,6.991818181818
85,603983,丸美生物,25,11.0,14.0,0.0,0.0,0.0,0.616556461322,0.809615384615,0.992692307692,1.1584
86,605117,德业股份,25,17.0,8.0,0.0,0.0,0.0,2.490233527312,5.092625,6.336913043478,7.594565217391
87,601336,新华保险,25,20.0,5.0,0.0,0.0,0.0,11.631177428156,12.093636363636,12.866818181818,14.080952380952
88,300888,稳健医疗,25,20.0,5.0,0.0,0.0,0.0,1.317334064161,1.61456,1.8516,2.084083333333
89,300832,新产业,24,14.0,10.0,0.0,0.0,0.0,2.062127358989,2.3576,2.7644,3.2425
90,003000,劲仔食品,24,19.0,5.0,0.0,0.0,0.0,0.538344961883,0.57348,0.69948,0.831416666667
91,000786,北新建材,24,14.0,10.0,0.0,0.0,0.0,1.707389703866,1.908958333333,2.187125,2.484434782609
92,300759,康龙化成,24,18.0,6.0,0.0,0.0,0.0,0.905629840751,1.094583333333,1.39125,1.72
93,603195,公牛集团,24,16.0,8.0,0.0,0.0,0.0,2.257141454447,2.33775,2.482541666667,2.62
94,600346,恒力石化,24,20.0,4.0,0.0,0.0,0.0,1.005040786835,1.7925,2.014166666667,2.26347826087
95,002001,新和成,24,18.0,6.0,0.0,0.0,0.0,2.20086923617,2.653333333333,2.880416666667,3.137272727273
96,603606,东方电缆,24,17.0,7.0,0.0,0.0,0.0,1.541459523862,2.352666666667,2.9325,3.49405
97,300760,迈瑞医疗,24,19.0,5.0,0.0,0.0,0.0,6.71379702026,7.11748,8.14412,9.278625
98,603816,顾家家居,24,18.0,6.0,0.0,0.0,0.0,1.93365140862,2.19975,2.429166666667,2.654045454545
99,300285,国瓷材料,24,16.0,7.0,1.0,0.0,0.0,0.61212594034,0.84272,1.06596,1.293166666667
100,603486,科沃斯,24,19.0,5.0,0.0,0.0,0.0,3.034816491841,3.705416666667,4.3575,5.180869565217
101,000596,古井贡酒,24,18.0,6.0,0.0,0.0,0.0,6.714166724064,5.82604,6.47072,7.325125
102,002517,恺英网络,24,20.0,4.0,0.0,0.0,0.0,0.891026067112,1.26625,1.427916666667,1.59
103,002463,沪电股份,24,18.0,6.0,0.0,0.0,0.0,1.986270368622,3.2325,5.0675,7.547272727273
104,600398,海澜之家,24,21.0,3.0,0.0,0.0,0.0,0.450987827293,0.458541666667,0.500208333333,0.544956521739
105,605338,巴比食品,23,19.0,4.0,0.0,0.0,0.0,1.139720834237,1.248695652174,1.431304347826,1.62
106,600970,中材国际,23,18.0,5.0,0.0,0.0,0.0,1.091665057888,1.099130434783,1.199086956522,1.298909090909
107,600036,招商银行,23,16.0,7.0,0.0,0.0,0.0,5.954873886859,6.005,6.273636363636,6.652857142857
108,600048,保利发展,23,17.0,6.0,0.0,0.0,0.0,0.086437740014,0.131304347826,0.182173913043,0.235652173913
109,000651,格力电器,23,18.0,5.0,0.0,0.0,0.0,5.177825844568,5.21375,5.499166666667,5.779565217391
110,600919,江苏银行,23,16.0,7.0,0.0,0.0,0.0,1.880028009399,1.982608695652,2.177826086957,2.392727272727
111,601211,国泰海通,23,17.0,6.0,0.0,0.0,0.0,1.581770890139,1.881363636364,2.000454545455,2.201
112,300957,贝泰妮,23,15.0,7.0,1.0,0.0,0.0,1.193861340534,1.520434782609,1.773913043478,2.007272727273
113,300054,鼎龙股份,23,16.0,7.0,0.0,0.0,0.0,0.754436370954,1.144739130435,1.509304347826,1.950619047619
114,001215,千味央厨,23,14.0,9.0,0.0,0.0,0.0,0.65428544801,0.824583333333,1.003333333333,1.1925
115,002003,伟星股份,23,19.0,4.0,0.0,0.0,0.0,0.542184974899,0.596956521739,0.681304347826,0.765454545455
116,603225,新凤鸣,23,19.0,4.0,0.0,0.0,0.0,0.607076534633,1.565652173913,1.924347826087,2.230909090909
117,000921,海信家电,23,16.0,7.0,0.0,0.0,0.0,2.301006039168,2.192173913043,2.414782608696,2.655909090909
118,002293,罗莱生活,23,19.0,4.0,0.0,0.0,0.0,0.620762257567,0.737727272727,0.824545454545,0.914285714286
119,002244,滨江集团,23,16.0,7.0,0.0,0.0,0.0,0.680172226223,0.78,0.815652173913,0.845238095238
120,002558,巨人网络,23,19.0,4.0,0.0,0.0,0.0,0.923155472508,2.31347826087,2.625652173913,2.863333333333
121,003010,若羽臣,23,16.0,7.0,0.0,0.0,0.0,0.62496520106,1.249956521739,1.780652173913,2.373
122,600160,巨化股份,23,17.0,6.0,0.0,0.0,0.0,1.401327667096,2.128260869565,2.559130434783,2.964285714286
123,300014,亿纬锂能,23,18.0,5.0,0.0,0.0,0.0,1.902318824597,3.319347826087,4.526565217391,5.626590909091
124,601233,桐昆股份,22,17.0,5.0,0.0,0.0,0.0,0.854476994468,2.760909090909,3.091818181818,3.417142857143
125,002867,周大生,22,15.0,7.0,0.0,0.0,0.0,1.016353306961,1.12380952381,1.25380952381,1.3975
126,002352,顺丰控股,22,14.0,8.0,0.0,0.0,0.0,2.111408456126,2.321090909091,2.630454545455,2.969952380952
127,002555,三七互娱,22,17.0,5.0,0.0,0.0,0.0,1.310992994663,1.385,1.524545454545,1.650476190476
128,601838,成都银行,22,13.0,8.0,1.0,0.0,0.0,3.134055585204,3.282727272727,3.495454545455,3.740476190476
129,002493,荣盛石化,22,17.0,4.0,1.0,0.0,0.0,0.084921085002,0.857136363636,0.977363636364,1.108238095238
130,002064,华峰化学,22,16.0,6.0,0.0,0.0,0.0,0.374314656685,0.717,0.836454545455,0.934952380952
131,600585,海螺水泥,22,13.0,9.0,0.0,0.0,0.0,1.537422049845,1.436363636364,1.649090909091,1.876666666667
132,300059,东方财富,22,16.0,6.0,0.0,0.0,0.0,0.763774635809,0.965454545455,1.079090909091,1.172857142857
133,688169,石头科技,22,16.0,6.0,0.0,0.0,0.0,5.252615698615,7.529090909091,9.624909090909,11.622619047619
134,601688,华泰证券,22,15.0,7.0,0.0,0.0,0.0,1.81497112469,2.238571428571,2.479523809524,2.696842105263
135,002920,德赛西威,22,15.0,7.0,0.0,0.0,0.0,4.111170506922,4.740454545455,5.588571428571,6.596
136,000423,东阿阿胶,22,16.0,6.0,0.0,0.0,0.0,2.717518280728,3.077173913043,3.500869565217,3.955772727273
137,603019,中科曙光,22,16.0,6.0,0.0,0.0,0.0,1.487437213821,2.048181818182,2.607727272727,3.2945
138,601658,邮储银行,22,15.0,7.0,0.0,0.0,0.0,0.72779017502,0.728571428571,0.755714285714,0.787
139,002271,东方雨虹,22,15.0,7.0,0.0,0.0,0.0,0.047417874787,0.712727272727,0.997727272727,1.2325
140,002563,森马服饰,22,15.0,7.0,0.0,0.0,0.0,0.3312493991,0.408636363636,0.45,0.49619047619
141,603806,福斯特,22,16.0,6.0,0.0,0.0,0.0,0.295036908979,0.61519047619,0.79919047619,1.00165
142,603193,润本股份,22,16.0,6.0,0.0,0.0,0.0,0.777327805966,0.935416666667,1.103333333333,1.287391304348
143,605098,行动教育,22,18.0,4.0,0.0,0.0,0.0,2.682772598911,3.389523809524,4.007619047619,4.686666666667
144,001328,登康口腔,22,14.0,8.0,0.0,0.0,0.0,1.051716230809,1.270565217391,1.514869565217,1.807318181818
145,601058,赛轮轮胎,22,19.0,3.0,0.0,0.0,0.0,1.07128518173,1.378227272727,1.658090909091,1.946333333333
146,002938,鹏鼎控股,22,19.0,3.0,0.0,0.0,0.0,1.612851924261,2.277727272727,3.359545454545,4.58380952381
147,002831,裕同科技,22,16.0,6.0,0.0,0.0,0.0,1.235981998731,1.604956521739,1.878130434783,2.141136363636
148,603889,新澳股份,22,20.0,2.0,0.0,0.0,0.0,0.505809100386,0.668095238095,0.753095238095,0.834666666667
149,600141,兴发集团,22,15.0,7.0,0.0,0.0,0.0,1.241576091314,1.735909090909,2.086363636364,2.412857142857
150,000526,学大教育,21,19.0,2.0,0.0,0.0,0.0,1.600988429541,2.658095238095,3.201904761905,3.755238095238
151,601077,渝农商行,21,13.0,8.0,0.0,0.0,0.0,1.067924716034,1.1425,1.242,1.356842105263
152,301376,致欧科技,21,13.0,8.0,0.0,0.0,0.0,0.834365175179,1.1915,1.5047,1.819105263158
153,002991,甘源食品,21,14.0,7.0,0.0,0.0,0.0,2.236046012935,2.670285714286,3.168571428571,3.6327
154,300033,同花顺,21,16.0,5.0,0.0,0.0,0.0,4.258452915989,6.449047619048,7.621428571429,8.645
155,603298,杭叉集团,21,13.0,8.0,0.0,0.0,0.0,1.6730001053,1.848,2.0925,2.363157894737
156,000893,亚钾国际,21,18.0,3.0,0.0,0.0,0.0,1.810049570079,3.413333333333,4.60619047619,5.504761904762
157,002223,鱼跃医疗,21,12.0,8.0,1.0,0.0,0.0,1.478133648031,1.545272727273,1.790136363636,2.059619047619
158,300394,天孚通信,21,18.0,3.0,0.0,0.0,0.0,1.849302924021,3.4796,5.4895,8.17985
159,603993,洛阳钼业,21,15.0,6.0,0.0,0.0,0.0,0.950661677344,1.560476190476,1.751428571429,1.957222222222
160,000776,广发证券,21,15.0,6.0,0.0,0.0,0.0,1.751031154312,2.396,2.653,2.907222222222
161,601899,紫金矿业,21,15.0,6.0,0.0,0.0,0.0,1.947195798272,3.102380952381,3.66380952381,4.303
162,600938,中国海油,21,18.0,3.0,0.0,0.0,0.0,2.568527628726,3.40219047619,3.330428571429,3.4155
163,601138,工业富联,21,14.0,7.0,0.0,0.0,0.0,1.7781393321,3.0947,4.20985,5.332157894737
164,300454,深信服,21,15.0,6.0,0.0,0.0,0.0,0.910169650918,1.430952380952,1.849523809524,2.2665
165,601009,南京银行,21,15.0,4.0,2.0,0.0,0.0,1.763818529706,1.864761904762,2.034761904762,2.233
166,301162,国能日新,21,15.0,6.0,0.0,0.0,0.0,0.697561734531,1.064238095238,1.415761904762,1.892263157895
167,002916,深南电路,21,17.0,4.0,0.0,0.0,0.0,4.80901173856,8.404285714286,12.211428571429,16.374
168,002487,大金重工,21,18.0,3.0,0.0,0.0,0.0,1.490769518483,2.445052631579,3.642894736842,4.996631578947
169,300413,芒果超媒,21,14.0,7.0,0.0,0.0,0.0,0.655975117447,0.602857142857,0.789047619048,0.864444444444
170,600801,华新建材,21,14.0,6.0,1.0,0.0,0.0,1.372456956017,1.800523809524,2.152,2.50435
171,300662,科锐国际,21,15.0,6.0,0.0,0.0,0.0,1.593059087893,1.833333333333,2.152857142857,2.5175
172,603986,兆易创新,20,16.0,4.0,0.0,0.0,0.0,2.341036281434,14.028,17.575,19.701
173,603893,瑞芯微,20,16.0,4.0,0.0,0.0,0.0,2.457681618921,3.69,4.747368421053,6.057777777778
174,002304,洋河股份,20,11.0,7.0,1.0,1.0,0.0,1.464413780997,1.50380952381,1.689523809524,1.9565
175,601633,长城汽车,20,15.0,5.0,0.0,0.0,0.0,1.150004664924,1.202578947368,1.549736842105,1.870333333333
176,600958,东方证券,20,14.0,6.0,0.0,0.0,0.0,0.663033391157,0.808333333333,0.877222222222,0.965625
177,603939,益丰药房,20,13.0,7.0,0.0,0.0,0.0,1.384437700161,1.587545454545,1.801954545455,2.02819047619
178,002709,天赐材料,20,13.0,7.0,0.0,0.0,0.0,0.668077825226,3.210052631579,3.689052631579,4.255578947368
179,601390,中国中铁,20,14.0,6.0,0.0,0.0,0.0,0.933162668157,0.868,0.876,0.9045
180,000977,浪潮信息,20,15.0,5.0,0.0,0.0,0.0,1.643108387556,3.177894736842,4.244210526316,5.39
181,600985,淮北矿业,20,15.0,5.0,0.0,0.0,0.0,0.559170816794,1.1975,1.4975,1.6255
182,601128,常熟银行,20,16.0,4.0,0.0,0.0,0.0,1.156568446284,1.345263157895,1.491578947368,1.662777777778
183,000933,神火股份,20,15.0,5.0,0.0,0.0,0.0,1.780947688155,3.9321,3.99725,4.0508
184,601127,赛力斯,20,15.0,4.0,1.0,0.0,0.0,3.419539867352,2.81819047619,4.633571428571,6.0472
185,600233,圆通速递,20,11.0,9.0,0.0,0.0,0.0,1.262362682629,1.7845,2.0655,2.328947368421
186,688617,惠泰医疗,20,11.0,9.0,0.0,0.0,0.0,5.798356825076,7.3296,9.20385,11.509210526316
187,600754,锦江酒店,20,11.0,9.0,0.0,0.0,0.0,0.869729886582,1.095,1.2885,1.46775
188,002027,分众传媒,20,15.0,5.0,0.0,0.0,0.0,0.204008569108,0.409,0.417,0.443684210526
189,002028,思源电气,20,15.0,5.0,0.0,0.0,0.0,4.02536444509,5.390842105263,7.392157894737,9.869117647059
190,000807,云铝股份,20,15.0,5.0,0.0,0.0,0.0,1.745894151947,3.8838,4.21825,4.40115
191,002541,鸿路钢构,20,17.0,3.0,0.0,0.0,0.0,0.895941913699,1.287894736842,1.548421052632,1.825
192,002415,海康威视,20,15.0,5.0,0.0,0.0,0.0,1.548889345254,1.89175,2.15725,2.422894736842
193,600011,华能国际,20,16.0,4.0,0.0,0.0,0.0,0.91791744892,0.7543,0.83965,0.907315789474
194,603899,晨光股份,20,14.0,6.0,0.0,0.0,0.0,1.430940824634,1.568428571429,1.73380952381,1.903047619048
195,600655,豫园股份,20,6.0,14.0,0.0,0.0,0.0,-1.258390547706,0.07045,0.15835,0.231631578947
196,603296,华勤技术,20,16.0,4.0,0.0,0.0,0.0,2.674682907317,4.129,5.074578947368,6.246666666667
197,002812,恩捷股份,20,16.0,4.0,0.0,0.0,0.0,0.145262050288,2.308333333333,4.042166666667,5.225
198,601155,新城控股,20,13.0,7.0,0.0,0.0,0.0,0.301516109039,0.4005,0.541,0.663684210526
199,688531,日联科技,20,14.0,6.0,0.0,0.0,0.0,1.063092545978,1.938,2.896,4.095555555556
200,002738,中矿资源,20,11.0,9.0,0.0,0.0,0.0,0.627432519471,3.742631578947,5.596842105263,7.156470588235
201,300015,爱尔眼科,20,13.0,7.0,0.0,0.0,0.0,0.348431303805,0.378952380952,0.454380952381,0.5124
202,603170,宝立食品,19,12.0,7.0,0.0,0.0,0.0,0.656485327767,0.755526315789,0.864315789474,0.985
203,300633,开立医疗,19,13.0,6.0,0.0,0.0,0.0,0.464365963405,0.723,0.971,1.241666666667
204,688630,芯碁微装,19,14.0,5.0,0.0,0.0,0.0,1.978995861824,4.127052631579,6.327157894737,8.897473684211
205,300037,新宙邦,19,17.0,2.0,0.0,0.0,0.0,1.455519689614,2.85,3.546111111111,4.263333333333
206,603501,豪威集团,19,16.0,3.0,0.0,0.0,0.0,3.216268430738,3.338947368421,4.231052631579,5.093684210526
207,000975,山金国际,19,14.0,5.0,0.0,0.0,0.0,1.071823001534,1.864842105263,2.603157894737,3.123315789474
208,600926,杭州银行,19,12.0,7.0,0.0,0.0,0.0,2.62508529608,2.831111111111,3.148888888889,3.498333333333
209,002043,兔宝宝,19,11.0,8.0,0.0,0.0,0.0,0.846377292823,0.9515,1.109611111111,1.256117647059
210,600312,平高电气,19,13.0,6.0,0.0,0.0,0.0,0.825274850894,1.037611111111,1.271277777778,1.4758125
211,002050,三花智控,19,13.0,6.0,0.0,0.0,0.0,0.965512822642,1.113055555556,1.309333333333,1.546588235294
212,600988,赤峰黄金,19,11.0,8.0,0.0,0.0,0.0,1.621947832849,2.575263157895,3.143157894737,3.947777777778
213,920982,锦波生物,19,13.0,6.0,0.0,0.0,0.0,5.667466572471,6.29315,7.4624,8.880421052632
214,601668,中国建筑,19,16.0,3.0,0.0,0.0,0.0,0.945513863257,0.933684210526,0.955263157895,0.988888888889
215,600584,长电科技,19,16.0,3.0,0.0,0.0,0.0,0.874720739784,1.173157894737,1.517368421053,1.857368421053
216,601168,西部矿业,19,10.0,9.0,0.0,0.0,0.0,1.528613836341,2.886842105263,3.310526315789,3.555
217,600660,福耀玻璃,19,15.0,4.0,0.0,0.0,0.0,3.568283256885,3.812631578947,4.457894736842,5.135
218,001914,招商积余,19,13.0,6.0,0.0,0.0,0.0,0.621207967621,0.907368421053,0.984736842105,1.07
219,603129,春风动力,19,15.0,4.0,0.0,0.0,0.0,10.915696385007,14.880736842105,19.207894736842,23.996777777778
220,000338,潍柴动力,19,16.0,3.0,0.0,0.0,0.0,1.265072378413,1.675263157895,2.075789473684,2.484210526316
221,688676,金盘科技,19,13.0,6.0,0.0,0.0,0.0,1.434448555182,1.935944444444,2.751666666667,3.573875
222,000725,京东方A,19,15.0,4.0,0.0,0.0,0.0,0.158106977778,0.226842105263,0.320526315789,0.435263157895
223,600900,长江电力,18,15.0,3.0,0.0,0.0,0.0,1.410107167464,1.465388888889,1.514611111111,1.55275
224,002601,龙佰集团,18,11.0,7.0,0.0,0.0,0.0,0.521995137103,0.693888888889,1.062222222222,1.329411764706
225,601872,招商轮船,18,12.0,6.0,0.0,0.0,0.0,0.744574599091,1.885947368421,2.020368421053,2.036222222222
226,601339,百隆东方,18,12.0,6.0,0.0,0.0,0.0,0.437547007047,0.652222222222,0.696666666667,0.755294117647
227,301606,绿联科技,18,13.0,5.0,0.0,0.0,0.0,1.698186955697,2.392055555556,3.141666666667,4.097117647059
228,600795,国电电力,18,15.0,3.0,0.0,0.0,0.0,0.401523436311,0.348611111111,0.411444444444,0.448117647059
229,601319,中国人保,18,12.0,6.0,0.0,0.0,0.0,1.054766867148,1.195333333333,1.284,1.407857142857
230,000792,盐湖股份,18,12.0,6.0,0.0,0.0,0.0,1.601704445516,2.209444444444,2.471111111111,2.690588235294
231,603697,有友食品,18,14.0,4.0,0.0,0.0,0.0,0.433855902079,0.551111111111,0.665,0.771176470588
232,601985,中国核电,18,13.0,5.0,0.0,0.0,0.0,0.452363409108,0.412777777778,0.471111111111,0.53875
233,688777,中控技术,18,14.0,4.0,0.0,0.0,0.0,0.557993876251,0.926842105263,1.259473684211,1.658888888889
234,300012,华测检测,18,13.0,5.0,0.0,0.0,0.0,0.603993969922,0.702631578947,0.803157894737,0.910555555556
235,300378,鼎捷数智,18,15.0,3.0,0.0,0.0,0.0,0.602035432667,0.852777777778,0.948888888889,1.134117647059
236,601117,中国化学,18,15.0,3.0,0.0,0.0,0.0,1.05414494682,1.148888888889,1.243888888889,1.339444444444
237,688301,奕瑞科技,18,13.0,5.0,0.0,0.0,0.0,2.074001313936,3.072777777778,3.99,5.041176470588
238,300502,新易盛,18,16.0,2.0,0.0,0.0,0.0,6.836562334293,16.783294117647,28.642823529412,41.8730625
239,301345,涛涛车业,18,13.0,5.0,0.0,0.0,0.0,7.485827309157,11.418611111111,15.3345,19.909470588235
240,603596,伯特利,18,16.0,2.0,0.0,0.0,0.0,1.458753449455,2.147277777778,2.677277777778,3.212277777778
241,002532,天山铝业,18,13.0,5.0,0.0,0.0,0.0,1.040855652452,1.935333333333,2.072944444444,2.128294117647
242,000811,冰轮环境,18,14.0,4.0,0.0,0.0,0.0,0.568662522021,0.839473684211,1.325789473684,1.786111111111
243,603179,新泉股份,18,15.0,3.0,0.0,0.0,0.0,1.108700575937,1.683888888889,2.176111111111,2.743529411765
244,688097,博众精工,18,11.0,7.0,0.0,0.0,0.0,1.326541694911,1.789722222222,2.3385,2.976941176471
245,002966,苏州银行,18,14.0,4.0,0.0,0.0,0.0,1.196311244474,1.280625,1.3925,1.518666666667
246,601225,陕西煤业,18,15.0,3.0,0.0,0.0,0.0,1.729217449031,2.185555555556,2.316111111111,2.442352941176
247,600027,华电国际,18,12.0,6.0,0.0,0.0,0.0,0.522772394968,0.461666666667,0.521833333333,0.566117647059
248,601918,新集能源,18,14.0,4.0,0.0,0.0,0.0,0.824573690708,0.95,1.036111111111,1.084444444444
249,600223,福瑞达,18,11.0,7.0,0.0,0.0,0.0,0.184691414341,0.217777777778,0.265,0.320625
250,000858,五粮液,17,15.0,1.0,0.0,1.0,0.0,2.306842213582,3.93,4.381666666667,4.863888888889
251,688411,海博思创,17,13.0,4.0,0.0,0.0,0.0,5.213342887935,11.0175,17.53,22.695333333333
252,603997,继峰股份,17,12.0,5.0,0.0,0.0,0.0,0.356521126752,0.658764705882,0.895235294118,1.1165
253,002701,奥瑞金,17,14.0,3.0,0.0,0.0,0.0,0.393277723518,0.485176470588,0.533588235294,0.58
254,603766,隆鑫通用,17,15.0,2.0,0.0,0.0,0.0,0.802394346509,1.055823529412,1.267352941176,1.510588235294
255,000400,许继电气,17,11.0,6.0,0.0,0.0,0.0,1.145871308894,1.285625,1.59,1.828571428571
256,300433,蓝思科技,17,13.0,4.0,0.0,0.0,0.0,0.761133669515,0.929411764706,1.267647058824,1.576875
257,002967,广电计量,17,13.0,4.0,0.0,0.0,0.0,0.663732098403,0.782352941176,0.921176470588,1.070625
258,600761,安徽合力,17,15.0,2.0,0.0,0.0,0.0,1.374940186204,1.489294117647,1.714529411765,1.9525
259,002572,索菲亚,17,11.0,6.0,0.0,0.0,0.0,0.935865217438,0.871888888889,0.961388888889,1.104529411765
260,000938,紫光股份,17,9.0,8.0,0.0,0.0,0.0,0.589326812213,1.096176470588,1.450176470588,1.814125
261,688256,寒武纪,17,13.0,4.0,0.0,0.0,0.0,3.274573291215,9.906470588235,20.267647058824,33.837647058824
262,002202,金风科技,17,11.0,6.0,0.0,0.0,0.0,0.656840788057,1.063866666667,1.355866666667,1.6215
263,002602,世纪华通,17,13.0,4.0,0.0,0.0,0.0,0.760468400289,1.217058823529,1.461176470588,1.64375
264,601166,兴业银行,17,10.0,6.0,1.0,0.0,0.0,3.660611173665,3.559375,3.675625,3.854
265,600901,江苏金租,17,10.0,7.0,0.0,0.0,0.0,0.559499109999,0.619333333333,0.685333333333,0.733571428571
266,002595,豪迈科技,17,8.0,9.0,0.0,0.0,0.0,2.063214545431,3.154705882353,3.802352941176,4.591875
267,601963,重庆银行,17,10.0,7.0,0.0,0.0,0.0,1.559445581489,1.705294117647,1.882352941176,2.085882352941
268,601988,中国银行,17,6.0,11.0,0.0,0.0,0.0,0.754226066686,0.761176470588,0.796470588235,0.8375
269,300740,水羊股份,17,9.0,8.0,0.0,0.0,0.0,0.337232196305,0.511875,0.669375,0.808666666667
270,603737,三棵树,17,8.0,9.0,0.0,0.0,0.0,0.875227181052,1.143058823529,1.479764705882,1.734866666667
271,688375,国博电子,17,10.0,7.0,0.0,0.0,0.0,0.851532950116,0.962352941176,1.240588235294,1.601764705882
272,688615,合合信息,17,13.0,4.0,0.0,0.0,0.0,2.317053924133,3.670588235294,4.662352941176,5.951176470588
273,000739,普洛药业,17,11.0,6.0,0.0,0.0,0.0,0.768857470154,0.905,1.086111111111,1.328823529412
274,300666,江丰电子,17,15.0,2.0,0.0,0.0,0.0,1.809983260674,3.168470588235,4.328764705882,5.854875
275,603799,华友钴业,16,9.0,7.0,0.0,0.0,0.0,3.226981759167,4.29375,5.585625,6.555625
276,300487,蓝晓科技,16,12.0,4.0,0.0,0.0,0.0,1.762002994295,2.150625,2.6675,3.272
277,688008,澜起科技,16,12.0,4.0,0.0,0.0,0.0,1.831626652932,2.84625,3.734375,4.908125
278,002475,立讯精密,16,12.0,4.0,0.0,0.0,0.0,2.145276688037,2.836,3.726,4.631538461538
279,603529,爱玛科技,16,13.0,3.0,0.0,0.0,0.0,2.354069543941,2.024588235294,2.473764705882,2.738066666667
280,300408,三环集团,16,9.0,7.0,0.0,0.0,0.0,1.311343692531,2.0244375,2.787125,3.320533333333
281,688503,聚和材料,16,11.0,5.0,0.0,0.0,0.0,1.73397711024,2.020866666667,2.944733333333,3.912285714286
282,600999,招商证券,16,10.0,6.0,0.0,0.0,0.0,1.420052275401,2.30375,2.08375,2.218571428571
283,601998,中信银行,16,7.0,9.0,0.0,0.0,0.0,1.269077079243,1.277333333333,1.330666666667,1.391333333333
284,603786,科博达,16,12.0,4.0,0.0,0.0,0.0,2.053675456641,2.2125625,2.7865625,3.4318
285,002865,钧达股份,16,10.0,6.0,0.0,0.0,0.0,-4.548482959009,0.814466666667,2.8298,4.279571428571
286,000100,TCL科技,16,15.0,1.0,0.0,0.0,0.0,0.205809548535,0.337333333333,0.493333333333,0.647333333333
287,002507,涪陵榨菜,16,10.0,6.0,0.0,0.0,0.0,0.665587463543,0.68375,0.71875,0.754666666667
288,603833,欧派家居,16,11.0,4.0,1.0,0.0,0.0,3.296470962976,2.976111111111,3.245,3.4375
289,000625,长安汽车,16,15.0,1.0,0.0,0.0,0.0,0.411102795422,0.505625,0.669375,0.795
290,601021,春秋航空,16,12.0,4.0,0.0,0.0,0.0,2.368723809817,2.000125,3.0370625,3.826266666667
291,300751,迈为股份,16,10.0,5.0,1.0,0.0,0.0,2.587346243813,2.942125,4.335125,6.178230769231
292,601886,江河集团,16,14.0,2.0,0.0,0.0,0.0,0.538607169902,0.737333333333,0.85,0.959333333333
293,300395,菲利华,16,13.0,3.0,0.0,0.0,0.0,0.842988662015,1.527333333333,2.356,3.057142857143
294,605090,九丰能源,16,12.0,4.0,0.0,0.0,0.0,2.09437753179,2.3791875,2.5745625,3.2700625
295,601156,东航物流,16,10.0,6.0,0.0,0.0,0.0,1.693197490992,1.809375,2.101125,2.346333333333
296,002311,海大集团,16,11.0,5.0,0.0,0.0,0.0,2.584014615608,2.605,3.58875,4.144666666667
297,688696,极米科技,16,10.0,6.0,0.0,0.0,0.0,2.048648194373,4.344117647059,5.811176470588,7.118823529412
298,600143,金发科技,16,10.0,6.0,0.0,0.0,0.0,0.430133502607,0.661875,0.871875,1.05625
299,002273,水晶光电,16,11.0,5.0,0.0,0.0,0.0,0.843083874209,1.019375,1.245625,1.544666666667
300,603233,大参林,16,9.0,7.0,0.0,0.0,0.0,1.08463916436,1.297764705882,1.476647058824,1.6681875
301,605599,菜百股份,16,14.0,2.0,0.0,0.0,0.0,1.456799569286,1.447333333333,1.64,1.771428571429
302,601636,旗滨集团,16,8.0,8.0,0.0,0.0,0.0,0.209233014006,0.195,0.348125,0.479333333333
303,003816,中国广核,16,10.0,6.0,0.0,0.0,0.0,0.193377947845,0.209375,0.232375,0.250066666667
304,603338,浙江鼎力,16,10.0,6.0,0.0,0.0,0.0,3.750789281552,4.16375,4.961875,5.662
305,300973,立高食品,16,12.0,4.0,0.0,0.0,0.0,1.799366513164,1.73125,2.125625,2.470666666667
306,603308,应流股份,16,12.0,4.0,0.0,0.0,0.0,0.478617873947,0.847647058824,1.272588235294,1.886066666667
307,601126,四方股份,16,11.0,5.0,0.0,0.0,0.0,0.995036549609,1.176,1.38,1.674615384615
308,002959,小熊电器,16,8.0,8.0,0.0,0.0,0.0,2.518975394476,2.378125,2.666875,2.917333333333
309,000528,柳工,16,14.0,2.0,0.0,0.0,0.0,0.788613738428,0.9109375,1.146875,1.386533333333
310,300144,宋城演艺,16,8.0,8.0,0.0,0.0,0.0,0.31341882521,0.331875,0.360625,0.384666666667
311,002468,申通快递,16,9.0,7.0,0.0,0.0,0.0,0.894061327857,1.4225,1.664375,1.932857142857
312,300347,泰格医药,16,11.0,5.0,0.0,0.0,0.0,1.031200015737,1.005,1.54125,2.061428571429
313,002384,东山精密,15,14.0,1.0,0.0,0.0,0.0,0.756748747395,3.993333333333,8.409333333333,14.171818181818
314,002025,航天电器,15,11.0,4.0,0.0,0.0,0.0,0.402728705789,0.800666666667,1.250666666667,1.511428571429
315,688313,仕佳光子,15,13.0,2.0,0.0,0.0,0.0,0.823539320065,1.6895,2.994214285714,4.784923076923
316,603883,老百姓,15,8.0,7.0,0.0,0.0,0.0,0.503164456315,0.746666666667,0.850666666667,0.972142857143
317,000983,山西焦煤,15,10.0,5.0,0.0,0.0,0.0,0.211511998168,0.502666666667,0.562,0.604666666667
318,002597,金禾实业,15,11.0,4.0,0.0,0.0,0.0,0.610678725054,1.185714285714,1.487142857143,1.73
319,002299,圣农发展,15,11.0,4.0,0.0,0.0,0.0,1.11046943897,0.974,1.324,1.542142857143
320,601699,潞安环能,15,9.0,6.0,0.0,0.0,0.0,0.372785731003,1.228666666667,1.417333333333,1.55
321,000960,锡业股份,15,9.0,6.0,0.0,0.0,0.0,1.194932143113,2.266,2.488,2.609285714286
322,603379,三美股份,15,11.0,4.0,0.0,0.0,0.0,3.376268490363,4.279333333333,5.228,6.020666666667
323,002508,老板电器,15,10.0,4.0,1.0,0.0,0.0,1.328983302368,1.304375,1.37875,1.47
324,601800,中国交建,15,12.0,3.0,0.0,0.0,0.0,0.909804442045,0.954,0.98,1.022
325,688692,达梦数据,15,11.0,4.0,0.0,0.0,0.0,4.562167480749,5.823333333333,7.474,9.395714285714
326,600418,江淮汽车,15,13.0,2.0,0.0,0.0,0.0,-0.75529677209,0.535,2.36625,3.667857142857
327,600183,生益科技,15,12.0,3.0,0.0,0.0,0.0,1.372560453118,2.832,4.396,5.932
328,000951,中国重汽,15,13.0,2.0,0.0,0.0,0.0,1.424984969101,1.735333333333,2.073333333333,2.425714285714
329,688351,微电生理,15,10.0,4.0,1.0,0.0,0.0,0.108547174331,0.14,0.1975,0.276666666667
330,300298,三诺生物,15,10.0,5.0,0.0,0.0,0.0,0.166381506723,0.706533333333,0.871066666667,1.043071428571
331,300073,当升科技,15,9.0,6.0,0.0,0.0,0.0,1.161744189499,2.062142857143,2.634285714286,3.221538461538
332,688778,厦钨新能,15,12.0,3.0,0.0,0.0,0.0,1.495631139554,2.109142857143,2.600571428571,3.08225
333,605016,百龙创园,15,13.0,2.0,0.0,0.0,0.0,0.877474819643,1.146666666667,1.498,1.912
334,300119,瑞普生物,15,12.0,3.0,0.0,0.0,0.0,0.861773917444,0.972142857143,1.203571428571,1.480769230769
335,000768,中航西飞,15,9.0,6.0,0.0,0.0,0.0,0.414024388575,0.443333333333,0.511333333333,0.600666666667
336,301078,孩子王,15,5.0,10.0,0.0,0.0,0.0,0.235373184335,0.330625,0.411875,0.499333333333
337,601288,农业银行,15,7.0,8.0,0.0,0.0,0.0,0.831586025126,0.839285714286,0.88,0.930769230769
338,688131,皓元医药,15,9.0,6.0,0.0,0.0,0.0,1.124617570112,1.6,2.259285714286,3.1
339,600026,中远海能,15,11.0,4.0,0.0,0.0,0.0,0.737918639152,2.239266666667,2.463466666667,2.4655
340,603365,水星家纺,15,13.0,2.0,0.0,0.0,0.0,1.549852015743,1.725625,1.9225,2.131875
341,600000,浦发银行,15,7.0,7.0,1.0,0.0,0.0,1.501748718933,1.524,1.628666666667,1.744285714286
342,300776,帝尔激光,15,15.0,0.0,0.0,0.0,0.0,1.820338728958,2.341333333333,2.871266666667,3.483133333333
343,002315,焦点科技,15,11.0,4.0,0.0,0.0,0.0,1.218772965193,1.562,1.922666666667,2.282857142857
344,688608,恒玄科技,15,11.0,3.0,1.0,0.0,0.0,2.507529712883,3.406666666667,4.989266666667,6.883533333333
345,601825,沪农商行,15,8.0,6.0,1.0,0.0,0.0,1.276675403152,1.298,1.325333333333,1.364666666667
346,605060,联德股份,15,11.0,4.0,0.0,0.0,0.0,0.946435477841,1.369333333333,1.899333333333,2.645384615385
347,002154,报喜鸟,15,10.0,5.0,0.0,0.0,0.0,0.234180678442,0.32375,0.370625,0.42
348,600547,山东黄金,15,12.0,3.0,0.0,0.0,0.0,1.02808363881,1.997333333333,2.541333333333,2.867857142857
349,688475,萤石网络,15,11.0,4.0,0.0,0.0,0.0,0.719462791086,0.931333333333,1.114,1.304285714286
350,600941,中国移动,15,12.0,3.0,0.0,0.0,0.0,6.320381450855,6.108133333333,6.275133333333,6.541785714286
351,002539,云图控股,15,11.0,4.0,0.0,0.0,0.0,0.684824942519,1.064,1.340666666667,1.601333333333
352,688208,道通科技,15,13.0,2.0,0.0,0.0,0.0,1.396440015717,1.719285714286,2.197857142857,2.59
353,300450,先导智能,15,12.0,3.0,0.0,0.0,0.0,0.934032874274,1.495333333333,1.986,2.492857142857
354,600535,天士力,15,12.0,3.0,0.0,0.0,0.0,0.739624433235,0.85375,0.9675,1.116666666667
355,001221,悍高集团,15,10.0,5.0,0.0,0.0,0.0,1.758725524862,2.094071428571,2.550714285714,2.995692307692
356,600763,通策医疗,14,8.0,6.0,0.0,0.0,0.0,1.129348816012,1.345266666667,1.5158,1.712071428571
357,300438,鹏辉能源,14,10.0,4.0,0.0,0.0,0.0,0.409308115736,3.965384615385,6.114615384615,7.893846153846
358,600256,广汇能源,14,10.0,4.0,0.0,0.0,0.0,0.210460878381,0.505,0.607857142857,0.720714285714
359,601398,工商银行,14,7.0,7.0,0.0,0.0,0.0,1.034106423973,1.044615384615,1.082307692308,1.13
360,000902,新洋丰,14,12.0,2.0,0.0,0.0,0.0,1.284976124283,1.345714285714,1.563571428571,1.82
361,600378,昊华科技,14,7.0,7.0,0.0,0.0,0.0,1.119742221668,1.634285714286,1.950714285714,2.269230769231
362,688981,中芯国际,14,12.0,2.0,0.0,0.0,0.0,0.588791565265,0.92,1.158333333333,1.424166666667
363,601857,中国石油,14,11.0,3.0,0.0,0.0,0.0,0.859475246365,1.007142857143,1.002857142857,1.027857142857
364,301363,美好医疗,14,12.0,2.0,0.0,0.0,0.0,0.355644180787,0.555714285714,0.701428571429,0.849285714286
365,601933,永辉超市,14,4.0,10.0,0.0,0.0,0.0,-0.285975496759,0.015,0.062142857143,0.101538461538
366,002008,大族激光,14,11.0,3.0,0.0,0.0,0.0,1.155478247261,2.634285714286,4.074285714286,5.474615384615
367,600933,爱柯迪,14,11.0,3.0,0.0,0.0,0.0,1.137327736962,1.285,1.548571428571,1.830833333333
368,300416,苏试试验,14,10.0,4.0,0.0,0.0,0.0,0.506231220532,0.61,0.733846153846,0.894166666667
369,600729,重百集团,14,10.0,4.0,0.0,0.0,0.0,2.37357732254,1.995714285714,2.215714285714,2.466153846154
370,001323,慕思股份,14,9.0,4.0,1.0,0.0,0.0,1.23087361079,1.141066666667,1.291266666667,1.4715
371,000408,藏格矿业,14,11.0,3.0,0.0,0.0,0.0,2.455425466016,5.185714285714,6.328142857143,7.413071428571
372,000683,博源化工,14,11.0,3.0,0.0,0.0,0.0,0.253487276378,0.486428571429,0.604285714286,0.690769230769
373,002032,苏泊尔,14,12.0,1.0,1.0,0.0,0.0,2.621207858654,2.617857142857,2.806428571429,2.951538461538
374,600028,中国石化,14,13.0,1.0,0.0,0.0,0.0,0.263046224816,0.362857142857,0.405,0.450714285714
375,600893,航发动力,14,9.0,5.0,0.0,0.0,0.0,0.237968760495,0.227857142857,0.297857142857,0.375
376,600487,亨通光电,14,11.0,3.0,0.0,0.0,0.0,1.086716571877,3.059166666667,3.729166666667,4.395
377,600612,老凤祥,14,10.0,4.0,0.0,0.0,0.0,3.354816022612,2.962857142857,3.181428571429,3.319090909091
378,688536,思瑞浦,14,8.0,6.0,0.0,0.0,0.0,1.25287867941,3.380714285714,5.054285714286,6.714615384615
379,300418,昆仑万维,14,8.0,6.0,0.0,0.0,0.0,-1.239443993176,-0.301428571429,0.001428571429,0.519285714286
380,002653,海思科,14,9.0,5.0,0.0,0.0,0.0,0.2275234383,0.883571428571,0.785714285714,0.931428571429
381,601108,财通证券,14,11.0,3.0,0.0,0.0,0.0,0.566836335513,0.672307692308,0.737692307692,0.81
382,688686,奥普特,14,7.0,7.0,0.0,0.0,0.0,1.523120636316,2.083928571429,2.875428571429,3.669153846154
383,603885,吉祥航空,14,9.0,5.0,0.0,0.0,0.0,0.479315747955,0.282857142857,0.777785714286,1.131615384615
384,688072,拓荆科技,14,11.0,3.0,0.0,0.0,0.0,3.171761628023,6.88,9.596428571429,13.276923076923
385,688114,华大智造,14,10.0,4.0,0.0,0.0,0.0,-0.533330540204,-0.023333333333,0.241333333333,0.525714285714
386,688498,源杰科技,14,9.0,5.0,0.0,0.0,0.0,1.533521715762,9.520769230769,16.406923076923,24.778333333333
387,600699,均胜电子,14,10.0,4.0,0.0,0.0,0.0,0.861391087619,1.106428571429,1.313571428571,1.543076923077
388,688278,特宝生物,14,11.0,3.0,0.0,0.0,0.0,2.526366560402,3.074692307692,3.903307692308,4.783461538462
389,600066,宇通客车,14,10.0,4.0,0.0,0.0,0.0,2.508868316346,2.750714285714,3.078571428571,3.45
390,300855,图南股份,14,11.0,3.0,0.0,0.0,0.0,0.39260117844,1.092857142857,1.41,1.767857142857
391,300415,伊之密,14,11.0,3.0,0.0,0.0,0.0,1.51240719757,1.69,2.058571428571,2.411538461538
392,300673,佩蒂股份,14,8.0,6.0,0.0,0.0,0.0,0.467715139134,0.515714285714,0.689285714286,0.81
393,603199,九华旅游,14,7.0,7.0,0.0,0.0,0.0,1.922887054301,2.112857142857,2.442857142857,2.795
394,002245,蔚蓝锂芯,14,7.0,7.0,0.0,0.0,0.0,0.415519221684,0.791615384615,1.156230769231,1.501909090909
395,688331,荣昌生物,14,12.0,2.0,0.0,0.0,0.0,1.257179991252,6.912333333333,1.4706,1.968285714286
396,688266,泽璟制药,14,10.0,4.0,0.0,0.0,0.0,-0.615569053728,2.010666666667,1.435333333333,2.176
397,603713,密尔克卫,14,10.0,4.0,0.0,0.0,0.0,3.599876406376,4.462857142857,5.333571428571,6.27
398,688521,芯原股份,14,12.0,2.0,0.0,0.0,0.0,-1.00360904957,0.378666666667,1.353466666667,2.787230769231
399,002627,三峡旅游,14,10.0,4.0,0.0,0.0,0.0,0.090587564146,0.235714285714,0.316428571429,0.405714285714
400,688516,奥特维,14,13.0,1.0,0.0,0.0,0.0,1.412234713866,1.978928571429,2.460428571429,3.168461538462
401,002948,青岛银行,14,10.0,4.0,0.0,0.0,0.0,0.891310108404,1.021538461538,1.188461538462,1.373076923077
402,688775,影石创新,14,8.0,6.0,0.0,0.0,0.0,2.316456410923,2.3714,4.086133333333,6.280866666667
403,300476,胜宏科技,14,10.0,4.0,0.0,0.0,0.0,4.387520256075,9.322857142857,16.091428571429,23.984285714286
404,603871,嘉友国际,14,9.0,5.0,0.0,0.0,0.0,0.834114923175,1.054785714286,1.1865,1.331153846154
405,601666,平煤股份,14,8.0,6.0,0.0,0.0,0.0,0.093672726312,0.577857142857,0.705,0.783076923077
406,000999,华润三九,14,10.0,4.0,0.0,0.0,0.0,2.055621021836,2.178333333333,2.420466666667,2.6375
407,603659,璞泰来,14,12.0,2.0,0.0,0.0,0.0,1.100210501437,1.516153846154,1.987692307692,2.503076923077
408,002984,森麒麟,14,12.0,2.0,0.0,0.0,0.0,1.085431642827,1.193571428571,1.626428571429,2.042307692308
409,300693,盛弘股份,14,9.0,5.0,0.0,0.0,0.0,1.522118339541,1.948571428571,2.491428571429,3.061538461538
410,300677,英科医疗,14,11.0,3.0,0.0,0.0,0.0,1.54363487447,3.3905625,4.12775,4.966428571429
411,600150,中国船舶,14,12.0,2.0,0.0,0.0,0.0,1.042887742816,2.569285714286,3.473285714286,4.226357142857
412,300596,利安隆,14,10.0,4.0,0.0,0.0,0.0,2.162543297522,2.7,3.182857142857,3.711538461538
413,002841,视源股份,14,8.0,6.0,0.0,0.0,0.0,1.449463606225,2.790714285714,3.035,3.484285714286
414,001301,尚太科技,14,11.0,3.0,0.0,0.0,0.0,2.594013177147,3.606923076923,5.738461538462,7.31
415,688017,绿的谐波,14,3.0,11.0,0.0,0.0,0.0,0.678376854704,1.048866666667,1.544733333333,2.142571428571
416,002706,良信股份,13,9.0,4.0,0.0,0.0,0.0,0.236138687624,0.289818181818,0.391636363636,0.5404
417,605099,共创草坪,13,9.0,4.0,0.0,0.0,0.0,1.658147512215,1.905384615385,2.226923076923,2.576666666667
418,600483,福能股份,13,9.0,4.0,0.0,0.0,0.0,1.063678687576,1.025384615385,1.136153846154,1.306666666667
419,601808,中海油服,13,10.0,3.0,0.0,0.0,0.0,0.805127715236,0.939923076923,1.038384615385,1.135916666667
420,603197,保隆科技,13,9.0,4.0,0.0,0.0,0.0,0.993685692508,1.856923076923,2.238461538462,2.703333333333
421,300124,汇川技术,13,10.0,3.0,0.0,0.0,0.0,1.863811906404,2.211769230769,2.671538461538,3.214692307692
422,600563,法拉电子,13,9.0,4.0,0.0,0.0,0.0,5.298579289911,5.990833333333,7.041818181818,8.363
423,688212,澳华内镜,13,8.0,5.0,0.0,0.0,0.0,0.085039876063,0.321428571429,0.712857142857,1.11
424,688099,晶晨股份,13,11.0,2.0,0.0,0.0,0.0,2.062232678969,3.417692307692,4.575384615385,5.960769230769
425,000963,华东医药,13,12.0,1.0,0.0,0.0,0.0,1.94689147936,2.135230769231,2.298076923077,2.56625
426,605377,华旺科技,13,10.0,3.0,0.0,0.0,0.0,0.486617271447,0.578615384615,0.658846153846,0.7235
427,002327,富安娜,13,8.0,4.0,1.0,0.0,0.0,0.403494595431,0.45,0.505714285714,0.562307692308
428,002705,新宝股份,13,10.0,3.0,0.0,0.0,0.0,1.230937984589,0.931428571429,1.185714285714,1.386153846154
429,600674,川投能源,13,10.0,3.0,0.0,0.0,0.0,0.975288569366,1.041384615385,1.108,1.156083333333
430,601186,中国铁建,13,7.0,6.0,0.0,0.0,0.0,1.352226656548,1.279230769231,1.335384615385,1.395384615385
431,002317,众生药业,13,11.0,2.0,0.0,0.0,0.0,0.324444088466,0.336153846154,0.403076923077,0.5175
432,601229,上海银行,13,7.0,6.0,0.0,0.0,0.0,1.702677742513,1.719230769231,1.769230769231,1.832307692308
433,600039,四川路桥,13,11.0,2.0,0.0,0.0,0.0,0.839145541914,0.893153846154,0.951538461538,1.00875
434,002216,三全食品,13,9.0,4.0,0.0,0.0,0.0,0.619697515633,0.680769230769,0.731538461538,0.781666666667
435,002472,双环传动,13,9.0,4.0,0.0,0.0,0.0,1.484142757308,1.679230769231,1.947692307692,2.248333333333
436,002074,国轩高科,13,7.0,6.0,0.0,0.0,0.0,1.313296223429,1.030083333333,1.52625,2.098272727273
437,688213,思特威,13,11.0,2.0,0.0,0.0,0.0,2.488764426972,3.4975,4.564166666667,5.955833333333
438,688599,天合光能,13,8.0,5.0,0.0,0.0,0.0,-3.001213062161,-0.031333333333,0.939083333333,1.861454545455
439,603477,巨星农牧,13,6.0,7.0,0.0,0.0,0.0,0.058020054888,-0.482307692308,1.327692307692,1.811666666667
440,002906,华阳集团,13,9.0,4.0,0.0,0.0,0.0,1.489003933332,1.815384615385,2.23,2.674166666667
441,601001,晋控煤业,13,9.0,4.0,0.0,0.0,0.0,1.09426857009,1.305615384615,1.498384615385,1.614538461538
442,002895,川恒股份,13,10.0,3.0,0.0,0.0,0.0,2.080055659828,2.493846153846,2.958461538462,3.49
443,600570,恒生电子,13,11.0,2.0,0.0,0.0,0.0,0.650164588529,0.732307692308,0.856923076923,1.0075
444,002444,巨星科技,13,11.0,2.0,0.0,0.0,0.0,2.101099221367,2.474615384615,2.951538461538,3.485
445,603171,税友股份,13,8.0,5.0,0.0,0.0,0.0,0.33528657712,0.609230769231,0.876153846154,1.205
446,300146,汤臣倍健,13,5.0,7.0,1.0,0.0,0.0,0.462352168486,0.420769230769,0.471538461538,0.520833333333
447,002461,珠江啤酒,13,8.0,5.0,0.0,0.0,0.0,0.408345501342,0.444285714286,0.479285714286,0.512307692308
448,002138,顺络电子,13,9.0,4.0,0.0,0.0,0.0,1.266269442975,1.564,2.023916666667,2.525090909091
449,603268,松发股份,13,10.0,3.0,0.0,0.0,0.0,2.605834493637,7.812307692308,14.589230769231,19.971666666667
450,601799,星宇股份,13,11.0,2.0,0.0,0.0,0.0,5.685010865588,6.322307692308,7.829230769231,9.416923076923
451,600435,北方导航,13,10.0,3.0,0.0,0.0,0.0,0.079750280031,0.099166666667,0.135,0.175833333333
452,000538,云南白药,13,7.0,6.0,0.0,0.0,0.0,2.888300651622,3.116666666667,3.367333333333,3.642142857143
453,603558,健盛集团,13,10.0,3.0,0.0,0.0,0.0,1.1817765182,1.139230769231,1.269230769231,1.4075
454,688628,优利德,13,9.0,4.0,0.0,0.0,0.0,1.353039780191,2.223846153846,2.911538461538,3.615384615385
455,688808,联讯仪器,13,5.0,8.0,0.0,0.0,0.0,1.691411272658,11.919769230769,25.302846153846,38.447769230769
456,601579,会稽山,13,7.0,6.0,0.0,0.0,0.0,0.510239955663,0.624615384615,0.760769230769,0.894615384615
457,002484,江海股份,13,9.0,4.0,0.0,0.0,0.0,0.793151372549,1.065384615385,1.369230769231,1.791666666667
458,300791,仙乐健康,13,7.0,6.0,0.0,0.0,0.0,0.442958965242,1.083076923077,1.375384615385,1.694166666667
459,002179,中航光电,13,12.0,1.0,0.0,0.0,0.0,1.029175460677,1.18,1.415384615385,1.686923076923
460,688702,盛科通信,13,6.0,7.0,0.0,0.0,0.0,-0.365718035634,0.113230769231,1.055615384615,2.931818181818
461,603590,康辰药业,13,11.0,2.0,0.0,0.0,0.0,1.04374843508,1.162857142857,1.352857142857,1.618571428571
462,688392,骄成超声,13,9.0,4.0,0.0,0.0,0.0,1.015671817357,2.178153846154,3.301923076923,4.7305
463,300761,立华股份,13,9.0,4.0,0.0,0.0,0.0,0.682691830873,0.853076923077,2.064615384615,2.275384615385
464,300953,震裕科技,13,9.0,4.0,0.0,0.0,0.0,2.106180568351,5.281538461538,7.651538461538,9.875
465,000799,酒鬼酒,13,6.0,6.0,1.0,0.0,0.0,-0.104489983473,0.131538461538,0.230769230769,0.3725
466,002230,科大讯飞,13,9.0,4.0,0.0,0.0,0.0,0.349443364468,0.463076923077,0.616153846154,0.786666666667
467,603127,昭衍新药,13,9.0,4.0,0.0,0.0,0.0,0.397466811251,0.84,0.834615384615,1.129166666667
468,601816,京沪高铁,13,9.0,4.0,0.0,0.0,0.0,0.269222881048,0.285307692308,0.307461538462,0.327833333333
469,603658,安图生物,13,10.0,3.0,0.0,0.0,0.0,1.869041259741,1.970571428571,2.247214285714,2.580846153846
470,002258,利尔化学,13,9.0,4.0,0.0,0.0,0.0,0.598132030548,0.766153846154,0.943076923077,1.091666666667
471,603027,千禾味业,13,7.0,6.0,0.0,0.0,0.0,0.261190345261,0.350076923077,0.402538461538,0.4505
472,688052,纳芯微,13,9.0,4.0,0.0,0.0,0.0,-1.399799685572,0.623846153846,2.346923076923,4.285833333333
473,300001,特锐德,12,6.0,6.0,0.0,0.0,0.0,1.177894658822,1.435454545455,1.772727272727,2.108888888889
474,688363,华熙生物,12,6.0,5.0,0.0,1.0,0.0,0.606335391832,0.755,0.919166666667,1.068181818182
475,600348,华阳股份,12,8.0,4.0,0.0,0.0,0.0,0.472080690093,0.650833333333,0.729166666667,0.8025
476,600406,国电南瑞,12,10.0,2.0,0.0,0.0,0.0,1.030779765037,1.140909090909,1.278181818182,1.442222222222
477,600104,上汽集团,12,9.0,3.0,0.0,0.0,0.0,0.879126255701,1.028333333333,1.155,1.295454545455
478,301371,敷尔佳,12,6.0,6.0,0.0,0.0,0.0,0.8318965957,0.964166666667,1.111666666667,1.249
479,002430,杭氧股份,12,10.0,2.0,0.0,0.0,0.0,0.969841351597,1.182416666667,1.377166666667,1.5694
480,601208,东材科技,12,9.0,3.0,0.0,0.0,0.0,0.282562490198,0.729166666667,1.2225,1.7825
481,600862,中航高科,12,8.0,4.0,0.0,0.0,0.0,0.739975839875,0.7225,0.826666666667,0.963333333333
482,601939,建设银行,12,5.0,7.0,0.0,0.0,0.0,1.295510343333,1.3275,1.378333333333,1.440833333333
483,601665,齐鲁银行,12,9.0,3.0,0.0,0.0,0.0,0.928442997491,1.023333333333,1.165,1.315833333333
484,002294,信立泰,12,9.0,3.0,0.0,0.0,0.0,0.584405347011,0.708333333333,0.88,1.117555555556
485,601965,中国汽研,12,9.0,3.0,0.0,0.0,0.0,1.054883683087,1.143333333333,1.3675,1.636363636364
486,600732,爱旭股份,12,8.0,4.0,0.0,0.0,0.0,-0.861362564686,-0.005545454545,0.604545454545,1.0659
487,600285,羚锐制药,12,7.0,5.0,0.0,0.0,0.0,1.339238746392,1.489692307692,1.670461538462,1.857538461538
488,301035,润丰股份,12,10.0,2.0,0.0,0.0,0.0,2.865587960257,3.968333333333,4.940833333333,6.052727272727
489,603062,麦加芯彩,12,10.0,2.0,0.0,0.0,0.0,1.946301556667,1.913181818182,2.543636363636,3.373
490,688223,晶科能源,12,7.0,5.0,0.0,0.0,0.0,-0.670097969214,-0.083181818182,0.210818181818,0.3838
491,600323,瀚蓝环境,12,9.0,3.0,0.0,0.0,0.0,2.419908491984,2.8075,3.116666666667,3.285454545455
492,600482,中国动力,12,8.0,4.0,0.0,0.0,0.0,0.573520493978,1.32975,1.918916666667,2.474545454545
493,601006,大秦铁路,12,4.0,8.0,0.0,0.0,0.0,0.29704376623,0.349333333333,0.37575,0.402363636364
494,000962,东方钽业,12,12.0,0.0,0.0,0.0,0.0,0.489691638384,0.7775,1.074166666667,1.369166666667
495,600012,皖通高速,12,6.0,6.0,0.0,0.0,0.0,1.098825244874,1.210333333333,1.183083333333,1.226090909091
496,688036,传音控股,12,12.0,0.0,0.0,0.0,0.0,2.241723096621,3.11,4.236666666667,5.43
497,688100,威胜信息,12,9.0,3.0,0.0,0.0,0.0,1.355068158238,1.495545454545,1.788454545455,2.1749
498,688349,三一重能,12,6.0,6.0,0.0,0.0,0.0,0.446994159434,1.065,1.648,2.074444444444
499,688029,南微医学,12,8.0,4.0,0.0,0.0,0.0,3.036120298739,3.214692307692,3.807461538462,4.55875
500,603456,九洲药业,12,7.0,5.0,0.0,0.0,0.0,0.828019810647,0.929090909091,1.045454545455,1.217
501,301061,匠心家居,12,8.0,4.0,0.0,0.0,0.0,3.015073080094,3.958916666667,4.817083333333,5.6259
502,601012,隆基绿能,12,9.0,3.0,0.0,0.0,0.0,-0.847123022828,-0.287272727273,0.38,0.716363636364
503,600862,中航高科,12,8.0,4.0,0.0,0.0,0.0,0.739975839875,0.7225,0.826666666667,0.963333333333
504,600115,中国东航,12,6.0,6.0,0.0,0.0,0.0,-0.073932427953,-0.075,0.24,0.394545454545
505,600732,爱旭股份,12,8.0,4.0,0.0,0.0,0.0,-0.861362564686,-0.005545454545,0.604545454545,1.0659
506,601179,中国西电,12,8.0,4.0,0.0,0.0,0.0,0.247699714693,0.3027,0.3744,0.445125
507,600388,紫金龙净,12,9.0,3.0,0.0,0.0,0.0,0.787577921327,1.131818181818,1.37,1.63
508,601965,中国汽研,12,9.0,3.0,0.0,0.0,0.0,1.054883683087,1.143333333333,1.3675,1.636363636364
509,002294,信立泰,12,9.0,3.0,0.0,0.0,0.0,0.584405347011,0.708333333333,0.88,1.117555555556
510,601665,齐鲁银行,12,9.0,3.0,0.0,0.0,0.0,0.928442997491,1.023333333333,1.165,1.315833333333
511,601939,建设银行,12,5.0,7.0,0.0,0.0,0.0,1.295510343333,1.3275,1.378333333333,1.440833333333
512,688363,华熙生物,12,6.0,5.0,0.0,1.0,0.0,0.606335391832,0.755,0.919166666667,1.068181818182
513,301371,敷尔佳,12,6.0,6.0,0.0,0.0,0.0,0.8318965957,0.964166666667,1.111666666667,1.249
514,600104,上汽集团,12,9.0,3.0,0.0,0.0,0.0,0.879126255701,1.028333333333,1.155,1.295454545455
515,600406,国电南瑞,12,10.0,2.0,0.0,0.0,0.0,1.030779765037,1.140909090909,1.278181818182,1.442222222222
516,600348,华阳股份,12,8.0,4.0,0.0,0.0,0.0,0.472080690093,0.650833333333,0.729166666667,0.8025
517,300001,特锐德,12,6.0,6.0,0.0,0.0,0.0,1.177894658822,1.435454545455,1.772727272727,2.108888888889
518,600285,羚锐制药,12,7.0,5.0,0.0,0.0,0.0,1.339238746392,1.489692307692,1.670461538462,1.857538461538
519,002430,杭氧股份,12,10.0,2.0,0.0,0.0,0.0,0.969841351597,1.182416666667,1.377166666667,1.5694
520,603062,麦加芯彩,12,10.0,2.0,0.0,0.0,0.0,1.946301556667,1.913181818182,2.543636363636,3.373
521,688036,传音控股,12,12.0,0.0,0.0,0.0,0.0,2.241723096621,3.11,4.236666666667,5.43
522,600489,中金黄金,12,9.0,3.0,0.0,0.0,0.0,1.01779752684,1.905,2.344166666667,2.732
523,301061,匠心家居,12,8.0,4.0,0.0,0.0,0.0,3.015073080094,3.958916666667,4.817083333333,5.6259
524,688223,晶科能源,12,7.0,5.0,0.0,0.0,0.0,-0.670097969214,-0.083181818182,0.210818181818,0.3838
525,603456,九洲药业,12,7.0,5.0,0.0,0.0,0.0,0.828019810647,0.929090909091,1.045454545455,1.217
526,688029,南微医学,12,8.0,4.0,0.0,0.0,0.0,3.036120298739,3.214692307692,3.807461538462,4.55875
527,688349,三一重能,12,6.0,6.0,0.0,0.0,0.0,0.446994159434,1.065,1.648,2.074444444444
528,688100,威胜信息,12,9.0,3.0,0.0,0.0,0.0,1.355068158238,1.495545454545,1.788454545455,2.1749
529,600012,皖通高速,12,6.0,6.0,0.0,0.0,0.0,1.098825244874,1.210333333333,1.183083333333,1.226090909091
530,000962,东方钽业,12,12.0,0.0,0.0,0.0,0.0,0.489691638384,0.7775,1.074166666667,1.369166666667
531,601006,大秦铁路,12,4.0,8.0,0.0,0.0,0.0,0.29704376623,0.349333333333,0.37575,0.402363636364
532,600482,中国动力,12,8.0,4.0,0.0,0.0,0.0,0.573520493978,1.32975,1.918916666667,2.474545454545
533,600323,瀚蓝环境,12,9.0,3.0,0.0,0.0,0.0,2.419908491984,2.8075,3.116666666667,3.285454545455
534,002851,麦格米特,11,6.0,5.0,0.0,0.0,0.0,0.249144879753,1.395454545455,2.68,4.085555555556
535,601111,中国国航,11,6.0,5.0,0.0,0.0,0.0,-0.086391983774,-0.145454545455,0.233545454545,0.448545454545
536,603091,众鑫股份,11,10.0,1.0,0.0,0.0,0.0,1.860002794368,4.4637,5.9674,7.3523
537,002014,永新股份,11,10.0,1.0,0.0,0.0,0.0,0.715329534107,0.763666666667,0.85525,0.950833333333
538,688388,嘉元科技,11,10.0,1.0,0.0,0.0,0.0,0.086413221153,1.574545454545,2.580909090909,3.312
539,601528,瑞丰银行,11,8.0,3.0,0.0,0.0,0.0,1.00187324295,1.021818181818,1.055454545455,1.100909090909
540,688200,华峰测控,11,8.0,3.0,0.0,0.0,0.0,2.669824201722,4.922909090909,6.458727272727,8.3232
541,600750,华润江中,11,8.0,3.0,0.0,0.0,0.0,1.42653031727,1.530833333333,1.691666666667,1.858181818182
542,603848,好太太,11,7.0,4.0,0.0,0.0,0.0,0.505018271387,0.585833333333,0.670833333333,0.771
543,300910,瑞丰新材,11,7.0,4.0,0.0,0.0,0.0,1.922485225932,2.408181818182,2.89,3.509
544,688083,中望软件,11,9.0,2.0,0.0,0.0,0.0,0.122286409096,0.538333333333,0.830833333333,1.086363636364
545,605020,永和股份,11,8.0,3.0,0.0,0.0,0.0,1.099473659347,1.985454545455,2.42,2.871818181818
546,600161,天坛生物,11,5.0,6.0,0.0,0.0,0.0,0.551660631798,0.540909090909,0.615454545455,0.693333333333
547,002922,伊戈尔,11,8.0,3.0,0.0,0.0,0.0,0.473852386686,0.951,1.489,2.03625
548,688428,诺诚健华,11,9.0,2.0,0.0,0.0,0.0,0.363159087581,0.176909090909,0.128909090909,0.2825
549,688120,华海清科,11,7.0,4.0,0.0,0.0,0.0,2.183689784384,3.228181818182,4.298181818182,5.596363636364
550,300568,星源材质,11,7.0,4.0,0.0,0.0,0.0,0.024322456638,0.48,0.835,1.097777777778
551,002436,兴森科技,11,10.0,1.0,0.0,0.0,0.0,0.079395258947,0.248,0.473,0.711
552,300592,华凯易佰,11,6.0,5.0,0.0,0.0,0.0,0.374997758591,0.884545454545,1.118181818182,1.346363636364
553,688636,智明达,11,11.0,0.0,0.0,0.0,0.0,0.587616743544,0.867272727273,1.129090909091,1.419090909091
554,688150,莱特光电,11,8.0,3.0,0.0,0.0,0.0,0.544574919462,0.810909090909,1.197272727273,1.71625
555,600886,国投电力,11,10.0,1.0,0.0,0.0,0.0,0.923653772494,0.933545454545,1.003363636364,1.050454545455
556,688698,伟创电气,11,8.0,2.0,1.0,0.0,0.0,1.222016743379,1.4215,1.7462,1.998428571429
557,300003,乐普医疗,11,6.0,5.0,0.0,0.0,0.0,0.521858215408,0.581363636364,0.682727272727,0.779
558,000063,中兴通讯,11,9.0,2.0,0.0,0.0,0.0,1.174391978465,1.2773,1.4866,1.674888888889
559,002600,领益智造,11,9.0,2.0,0.0,0.0,0.0,0.281729454567,0.401818181818,0.56,0.752
560,600153,建发股份,11,9.0,2.0,0.0,0.0,0.0,-3.729811478261,0.770909090909,1.133636363636,1.338
561,600779,水井坊,11,7.0,4.0,0.0,0.0,0.0,0.832585347881,0.753333333333,0.885,1.045454545455
562,600025,华能水电,11,10.0,1.0,0.0,0.0,0.0,0.45644867148,0.476636363636,0.497454545455,0.5207
563,601766,中国中车,11,10.0,1.0,0.0,0.0,0.0,0.459286993366,0.496454545455,0.537363636364,0.577727272727
564,000703,恒逸石化,11,8.0,3.0,0.0,0.0,0.0,0.067598426071,2.357272727273,2.202727272727,2.505
565,002410,广联达,11,7.0,4.0,0.0,0.0,0.0,0.245234678875,0.34,0.419090909091,0.478181818182
566,002837,英维克,11,8.0,3.0,0.0,0.0,0.0,0.408661689899,0.97275,1.695083333333,2.557181818182
567,603031,安孚科技,11,8.0,3.0,0.0,0.0,0.0,0.60451453041,1.211272727273,1.467181818182,1.658545454545
568,600050,中国联通,11,6.0,5.0,0.0,0.0,0.0,0.291918449629,0.251454545455,0.267363636364,0.284636363636
569,601881,中国银河,11,6.0,5.0,0.0,0.0,0.0,1.144984288937,1.391,1.511,1.701111111111
570,688046,药康生物,11,6.0,4.0,0.0,1.0,0.0,0.347736726175,0.486363636364,0.62,0.782
571,001203,大中矿业,11,8.0,3.0,0.0,0.0,0.0,0.480101879149,0.952,1.985,3.053
572,603565,中谷物流,11,6.0,5.0,0.0,0.0,0.0,0.952854256708,1.118909090909,1.196181818182,1.2663
573,301087,可孚医疗,11,9.0,2.0,0.0,0.0,0.0,1.5753002652,2.074545454545,2.581818181818,3.163636363636
574,603588,高能环境,11,10.0,1.0,0.0,0.0,0.0,0.550207737495,1.128181818182,1.326363636364,1.56
575,920037,广信科技,11,4.0,7.0,0.0,0.0,0.0,1.54503370082,2.364545454545,3.074545454545,3.892
576,002460,赣锋锂业,11,6.0,5.0,0.0,0.0,0.0,0.769297132793,3.518181818182,4.240909090909,4.999
577,688234,天岳先进,11,6.0,5.0,0.0,0.0,0.0,-0.429862044714,0.134166666667,0.483333333333,0.85
578,000895,双汇发展,11,5.0,6.0,0.0,0.0,0.0,1.473335969147,1.516,1.596,1.673333333333
579,600352,浙江龙盛,11,5.0,6.0,0.0,0.0,0.0,0.562198872832,0.931,1.031,1.078888888889
580,000680,山推股份,11,11.0,0.0,0.0,0.0,0.0,0.807240040996,0.983636363636,1.188181818182,1.410909090909
581,002281,光迅科技,11,8.0,3.0,0.0,0.0,0.0,1.143108183248,2.002,3.813,5.2
582,000932,华菱钢铁,11,7.0,4.0,0.0,0.0,0.0,0.38096657331,0.422,0.517,0.54875
583,002128,电投能源,11,9.0,2.0,0.0,0.0,0.0,1.733289284359,3.43,3.703636363636,3.830909090909
584,603979,金诚信,11,6.0,5.0,0.0,0.0,0.0,3.749168155607,5.419090909091,6.351818181818,7.69
585,603087,甘李药业,11,9.0,2.0,0.0,0.0,0.0,1.914164758142,2.355333333333,2.809833333333,3.432272727273
586,600546,山煤国际,11,7.0,4.0,0.0,0.0,0.0,0.588377980927,1.141818181818,1.261818181818,1.375454545455
587,688390,固德威,11,8.0,3.0,0.0,0.0,0.0,0.554917979112,3.5902,4.9935,6.1917
588,600760,中航沈飞,11,9.0,2.0,0.0,0.0,0.0,1.240863377865,1.206363636364,1.409090909091,1.687272727273
589,601669,中国电建,11,9.0,2.0,0.0,0.0,0.0,0.580927146175,0.601818181818,0.638181818182,0.668
590,600873,梅花生物,11,7.0,4.0,0.0,0.0,0.0,1.169970466739,0.675454545455,0.876363636364,1.041
591,603099,长白山,11,4.0,6.0,1.0,0.0,0.0,0.474921589203,0.585,0.6925,0.7825
592,600029,南方航空,11,6.0,5.0,0.0,0.0,0.0,0.047293272751,-0.063636363636,0.308181818182,0.505454545455
593,603882,金域医学,11,8.0,3.0,0.0,0.0,0.0,-0.373967535108,0.866166666667,1.05625,1.272727272727
594,600438,通威股份,11,7.0,4.0,0.0,0.0,0.0,-2.122044671209,-1.4946,0.1834,0.850555555556
595,601456,国联民生,11,7.0,4.0,0.0,0.0,0.0,0.353645586474,0.410909090909,0.460909090909,0.5
596,300482,万孚生物,11,9.0,2.0,0.0,0.0,0.0,-0.134624531584,0.835454545455,0.987272727273,1.162727272727
597,605507,国邦医药,11,10.0,1.0,0.0,0.0,0.0,1.049169030306,1.402727272727,1.692727272727,1.993636363636
598,301101,明月镜片,11,5.0,6.0,0.0,0.0,0.0,0.957374880466,1.1075,1.285833333333,1.53
599,603733,仙鹤股份,11,9.0,2.0,0.0,0.0,0.0,1.23905121453,1.611545454545,2.023909090909,2.454
600,000998,隆平高科,11,6.0,5.0,0.0,0.0,0.0,0.112846648446,0.234545454545,0.31,0.382
601,301236,软通动力,11,8.0,3.0,0.0,0.0,0.0,0.199106893321,0.334545454545,0.466272727273,0.628727272727
602,301358,湖南裕能,11,8.0,3.0,0.0,0.0,0.0,1.506589296739,6.417272727273,7.307272727273,8.276363636364
603,002262,恩华药业,11,8.0,3.0,0.0,0.0,0.0,1.043794848998,1.170166666667,1.332583333333,1.53075
604,603119,浙江荣泰,11,7.0,4.0,0.0,0.0,0.0,0.588715649619,0.853727272727,1.236363636364,1.708090909091
605,300737,科顺股份,11,5.0,6.0,0.0,0.0,0.0,-0.482179433607,0.255454545455,0.379090909091,0.488181818182
606,001965,招商公路,11,8.0,3.0,0.0,0.0,0.0,0.678455844103,0.735363636364,0.759090909091,0.7982
607,600529,山东药玻,10,8.0,2.0,0.0,0.0,0.0,1.039197369601,1.201818181818,1.335454545455,1.468181818182
608,603708,家家悦,10,5.0,5.0,0.0,0.0,0.0,0.314390718203,0.378,0.447,0.511
609,601919,中远海控,10,2.0,8.0,0.0,0.0,0.0,2.021738224937,1.9203,1.4852,1.326555555556
610,301080,百普赛斯,10,9.0,1.0,0.0,0.0,0.0,0.987407531297,1.375454545455,1.836363636364,2.369090909091
611,603341,龙旗科技,10,9.0,1.0,0.0,0.0,0.0,1.119646925156,1.426666666667,2.073333333333,2.88
612,600429,三元股份,10,8.0,2.0,0.0,0.0,0.0,-0.150632920744,0.206,0.264,0.318888888889
613,600428,中远海特,10,5.0,5.0,0.0,0.0,0.0,0.648696667456,0.963,1.09,1.135555555556
614,688472,阿特斯,10,8.0,2.0,0.0,0.0,0.0,0.278817554703,0.4752,0.8843,1.186
615,600867,通化东宝,10,5.0,5.0,0.0,0.0,0.0,0.622428500005,0.331545454545,0.393090909091,0.4443
616,002011,盾安环境,10,7.0,3.0,0.0,0.0,0.0,1.00321314179,1.022,1.16,1.293333333333
617,688180,君实生物,10,9.0,1.0,0.0,0.0,0.0,-0.852423265711,-0.4234,0.0605,0.4929
618,600861,北京人力,10,5.0,5.0,0.0,0.0,0.0,2.066447971745,1.611,1.787,1.974444444444
619,688548,广钢气体,10,5.0,5.0,0.0,0.0,0.0,0.216516401658,0.361818181818,0.452636363636,0.5747
620,600733,北汽蓝谷,10,8.0,2.0,0.0,0.0,0.0,-0.716699073585,-0.361,0.089,0.325
621,300496,中科创达,10,9.0,1.0,0.0,0.0,0.0,0.974922571346,1.37,1.724,2.124444444444
622,300442,润泽科技,10,9.0,1.0,0.0,0.0,0.0,3.077275747364,2.006,2.541,3.195
623,688187,时代电气,10,7.0,3.0,0.0,0.0,0.0,3.078477430852,3.324444444444,3.711111111111,4.151111111111
624,000738,航发控制,10,5.0,5.0,0.0,0.0,0.0,0.254279353258,0.321,0.374,0.43
625,300577,开润股份,10,8.0,2.0,0.0,0.0,0.0,1.38044908091,1.623636363636,1.885454545455,2.164545454545
626,300443,金雷股份,10,9.0,1.0,0.0,0.0,0.0,0.982357198393,1.651888888889,2.018111111111,2.3845
627,600559,老白干酒,10,7.0,3.0,0.0,0.0,0.0,0.469836057733,0.494,0.559,0.636666666667
628,603093,南华期货,10,4.0,6.0,0.0,0.0,0.0,0.468396353228,0.825,0.976,1.15
629,603337,杰克科技,10,8.0,2.0,0.0,0.0,0.0,1.796728220668,2.0977,2.5053,3.054
630,002466,天齐锂业,10,5.0,5.0,0.0,0.0,0.0,0.270050811941,3.872,4.226,4.634
631,688025,杰普特,10,5.0,5.0,0.0,0.0,0.0,2.933091413822,5.266,8.719,12.345
632,001308,康冠科技,10,7.0,3.0,0.0,0.0,0.0,0.71789155327,1.061,1.294,1.465555555556
633,600496,精工钢构,10,6.0,4.0,0.0,0.0,0.0,0.303981887889,0.352,0.4,0.461111111111
634,002531,天顺风能,10,7.0,3.0,0.0,0.0,0.0,-0.131076158672,0.384,0.614,0.908888888889
635,601728,中国电信,10,6.0,4.0,0.0,0.0,0.0,0.362646389124,0.33,0.337,0.352222222222
636,688281,华秦科技,10,8.0,2.0,0.0,0.0,0.0,0.80510723933,1.521,1.983,2.49
637,002409,雅克科技,10,9.0,1.0,0.0,0.0,0.0,2.101824675261,2.801,3.453,4.194444444444
638,605080,浙江自然,10,7.0,3.0,0.0,0.0,0.0,1.358460287907,1.4725,1.7614,1.96825
639,600372,中航机载,10,6.0,4.0,0.0,0.0,0.0,0.220571665297,0.248,0.293,0.344
640,603808,歌力思,10,6.0,3.0,1.0,0.0,0.0,0.453305276535,0.565454545455,0.686363636364,0.769
641,300373,扬杰科技,10,8.0,2.0,0.0,0.0,0.0,2.316349358095,3.1489,3.9883,4.9703
642,002429,兆驰股份,10,9.0,1.0,0.0,0.0,0.0,0.287898782289,0.338888888889,0.451111111111,0.555555555556
643,600710,苏美达,10,6.0,4.0,0.0,0.0,0.0,1.037401729519,1.121,1.237,1.3625
644,920394,民士达,10,7.0,3.0,0.0,0.0,0.0,0.870880867624,1.041,1.367,1.783
645,688361,中科飞测,10,5.0,4.0,1.0,0.0,0.0,0.166602112705,0.849,1.829,3.072222222222
646,920599,同力股份,10,7.0,3.0,0.0,0.0,0.0,1.814715934987,2.067,2.337,2.661
647,688106,金宏气体,10,7.0,3.0,0.0,0.0,0.0,0.245978573117,0.392,0.517,0.634
648,001286,陕西能源,10,8.0,2.0,0.0,0.0,0.0,0.802533016544,0.852,0.93,0.959
649,688543,国科军工,10,9.0,1.0,0.0,0.0,0.0,0.983970851764,1.275555555556,1.644444444444,2.087777777778
650,688192,迪哲医药,10,7.0,3.0,0.0,0.0,0.0,-1.64253138069,4.59,0.485,1.146666666667
651,605376,博迁新材,10,9.0,1.0,0.0,0.0,0.0,0.837873209862,2.399,4.666,7.303333333333
652,688016,心脉医疗,10,7.0,3.0,0.0,0.0,0.0,4.570144246508,5.156818181818,5.898181818182,6.7794
653,603305,旭升集团,10,6.0,4.0,0.0,0.0,0.0,0.315931018373,0.43,0.519,0.603333333333
654,600885,宏发股份,10,7.0,3.0,0.0,0.0,0.0,1.135651443008,1.439666666667,1.780111111111,2.1095
655,600063,皖维高新,10,7.0,3.0,0.0,0.0,0.0,0.209749549488,0.338,0.433,0.543
656,601869,长飞光纤,10,6.0,4.0,0.0,0.0,0.0,0.982887118508,9.027222222222,12.580555555556,15.933777777778
657,300842,帝科股份,10,7.0,3.0,0.0,0.0,0.0,-1.902894543185,2.358888888889,3.696666666667,4.62125
658,002458,益生股份,10,5.0,5.0,0.0,0.0,0.0,0.115581901744,0.544,0.643,0.64
659,002120,韵达股份,10,2.0,8.0,0.0,0.0,0.0,0.404058654804,0.733,0.836,0.93
660,301338,凯格精机,10,4.0,6.0,0.0,0.0,0.0,1.253526694952,2.918,4.429,5.713333333333
661,600741,华域汽车,10,8.0,2.0,0.0,0.0,0.0,2.286044758814,2.37,2.573,2.754444444444
662,300570,太辰光,10,6.0,4.0,0.0,0.0,0.0,1.31628467261,2.3027,3.912,5.5275
663,688795,摩尔线程,10,5.0,5.0,0.0,0.0,0.0,-2.12920514855,-0.347909090909,1.044727272727,3.397636363636
664,603515,欧普照明,10,6.0,4.0,0.0,0.0,0.0,1.240094059511,1.221818181818,1.312727272727,1.418
665,301095,广立微,10,7.0,3.0,0.0,0.0,0.0,0.442817469066,0.737,1.1262,1.699111111111
666,000672,上峰材料,10,7.0,3.0,0.0,0.0,0.0,0.657775284472,1.6493,1.0025,1.003857142857
667,000830,鲁西化工,10,7.0,3.0,0.0,0.0,0.0,0.476132397751,0.993,1.195,1.3425
668,300699,光威复材,10,8.0,2.0,0.0,0.0,0.0,0.725809346763,0.898,1.05,1.198
669,300483,首华燃气,10,8.0,2.0,0.0,0.0,0.0,0.43966638227,1.478,2.025,2.491
670,300638,广和通,10,8.0,2.0,0.0,0.0,0.0,0.385915514111,0.4751,0.6679,0.871222222222
671,601600,中国铝业,10,6.0,4.0,0.0,0.0,0.0,0.738789809579,1.3072,1.3704,1.356
672,300207,欣旺达,10,6.0,4.0,0.0,0.0,0.0,0.572263060052,1.162222222222,1.723333333333,2.34875
673,600377,宁沪高速,10,3.0,7.0,0.0,0.0,0.0,0.911889808949,0.959,0.988,1.023333333333
674,600057,厦门象屿,10,7.0,3.0,0.0,0.0,0.0,0.455437493158,0.703,0.818,0.912222222222
675,688578,艾力斯,10,9.0,1.0,0.0,0.0,0.0,4.864677682756,6.357,7.342,8.343
676,600054,黄山旅游,10,6.0,4.0,0.0,0.0,0.0,0.400999688996,0.457,0.522,0.583
677,688127,蓝特光学,9,6.0,3.0,0.0,0.0,0.0,0.957928380131,1.543333333333,2.122222222222,2.94375
678,301165,锐捷网络,9,6.0,3.0,0.0,0.0,0.0,0.625293921558,1.6575,2.7825,4.024285714286
679,301216,万凯新材,9,8.0,1.0,0.0,0.0,0.0,0.291457187053,2.028888888889,2.316666666667,2.786666666667
680,002007,华兰生物,9,5.0,4.0,0.0,0.0,0.0,0.515093010307,0.538,0.592,0.658
681,600522,中天科技,9,7.0,2.0,0.0,0.0,0.0,0.850377114057,1.916666666667,2.414444444444,2.825714285714
682,605167,利柏特,9,8.0,1.0,0.0,0.0,0.0,0.428596548829,0.497777777778,0.726666666667,1.043333333333
683,300827,上能电气,9,6.0,3.0,0.0,0.0,0.0,0.831069315906,1.18125,1.575,1.915
684,300628,亿联网络,9,7.0,2.0,0.0,0.0,0.0,2.052703975941,2.483333333333,2.947777777778,3.48375
685,600219,南山铝业,9,5.0,4.0,0.0,0.0,0.0,0.412367833812,0.461111111111,0.557777777778,0.6375
686,688469,芯联集成,9,6.0,3.0,0.0,0.0,0.0,-0.070966862517,0.052222222222,0.092222222222,0.152222222222
687,688112,鼎阳科技,9,5.0,4.0,0.0,0.0,0.0,0.893440422893,1.218888888889,1.628888888889,2.13
688,000415,渤海租赁,9,9.0,0.0,0.0,0.0,0.0,-0.065635637989,0.745555555556,0.693333333333,0.778888888889
689,603929,亚翔集成,9,7.0,2.0,0.0,0.0,0.0,4.181502058258,7.073333333333,10.714444444444,13.267777777778
690,002536,飞龙股份,9,7.0,2.0,0.0,0.0,0.0,0.55137605473,0.811,1.225,1.663333333333
691,688506,百利天恒,9,8.0,1.0,0.0,0.0,0.0,-2.551912498171,-2.495555555556,-3.495555555556,-2.442222222222
692,601900,南方传媒,9,7.0,2.0,0.0,0.0,0.0,1.182548182138,1.281111111111,1.358888888889,1.43375
693,688003,天准科技,9,5.0,4.0,0.0,0.0,0.0,0.390837874933,0.91,1.274444444444,1.722222222222
694,688139,海尔生物,9,5.0,4.0,0.0,0.0,0.0,0.792216126084,0.906666666667,1.037777777778,1.203333333333
695,002056,横店东磁,9,7.0,2.0,0.0,0.0,0.0,1.137988395579,1.19125,1.3825,1.628142857143
696,688002,睿创微纳,9,7.0,2.0,0.0,0.0,0.0,2.415693296507,5.292222222222,7.065555555556,9.093333333333
697,601311,骆驼股份,9,4.0,5.0,0.0,0.0,0.0,0.714178109977,0.755555555556,0.873333333333,1.0375
698,000065,北方国际,9,7.0,2.0,0.0,0.0,0.0,0.622769642057,0.774444444444,0.896666666667,0.973333333333
699,300138,晨光生物,9,6.0,3.0,0.0,0.0,0.0,0.763550009666,0.856,1.065,1.267
700,603136,天目湖,9,6.0,3.0,0.0,0.0,0.0,0.352875469331,0.41,0.45,0.496666666667
701,002960,青鸟智控,9,6.0,3.0,0.0,0.0,0.0,0.303320028766,0.426666666667,0.523333333333,0.622222222222
702,920015,锦华新材,9,3.0,6.0,0.0,0.0,0.0,1.434817711495,1.242222222222,2.104444444444,3.128888888889
703,002668,TCL智家,9,4.0,5.0,0.0,0.0,0.0,1.036223620788,1.073333333333,1.18,1.286666666667
704,688248,南网科技,9,5.0,4.0,0.0,0.0,0.0,0.745244221498,0.963333333333,1.195555555556,1.438888888889
705,688300,联瑞新材,9,6.0,3.0,0.0,0.0,0.0,1.211934055521,1.624444444444,2.211111111111,2.941428571429
706,002156,通富微电,9,5.0,4.0,0.0,0.0,0.0,0.803051280444,1.213333333333,1.396666666667,1.6825
707,600301,华锡有色,9,8.0,1.0,0.0,0.0,0.0,1.265910916581,2.039222222222,2.588555555556,2.97875
708,603228,景旺电子,9,8.0,1.0,0.0,0.0,0.0,1.229379958239,2.265555555556,4.154444444444,5.936666666667
709,603505,金石资源,9,6.0,3.0,0.0,0.0,0.0,0.387043842184,0.415333333333,0.656555555556,0.809444444444
710,300432,富临精工,9,7.0,2.0,0.0,0.0,0.0,0.250070002388,0.868222222222,1.777555555556,2.478444444444
711,300811,铂科新材,9,7.0,2.0,0.0,0.0,0.0,1.025278013029,1.658444444444,2.202555555556,2.857777777778
712,688059,华锐精密,9,6.0,3.0,0.0,0.0,0.0,1.333356315184,3.687777777778,4.320333333333,5.325125
713,301269,华大九天,9,4.0,5.0,0.0,0.0,0.0,0.111309266623,0.303111111111,0.444111111111,0.580375
714,002270,华明装备,9,6.0,3.0,0.0,0.0,0.0,0.791918345229,0.922222222222,1.106666666667,1.318571428571
715,301377,鼎泰高科,9,6.0,3.0,0.0,0.0,0.0,1.022614144849,3.248888888889,5.607777777778,8.294444444444
716,601038,一拖股份,9,5.0,4.0,0.0,0.0,0.0,0.722606571981,0.7982,0.9852,1.1519
717,300679,电连技术,9,6.0,3.0,0.0,0.0,0.0,0.634653013653,1.275,1.745,2.292857142857
718,301171,易点天下,9,8.0,1.0,0.0,0.0,0.0,0.255620207228,0.418,0.591,0.786
719,301291,明阳电气,9,7.0,2.0,0.0,0.0,0.0,1.870301527569,2.1625,2.940875,3.695428571429
720,601133,柏诚股份,9,7.0,2.0,0.0,0.0,0.0,0.389916422658,0.696666666667,0.926666666667,1.164444444444
721,688556,高测股份,9,7.0,2.0,0.0,0.0,0.0,-0.04885169676,-0.05925,0.308875,0.513857142857
722,002756,永兴材料,9,6.0,3.0,0.0,0.0,0.0,1.226972711616,3.828666666667,4.534666666667,6.232888888889
723,002158,汉钟精机,9,6.0,3.0,0.0,0.0,0.0,0.876601601242,1.132222222222,1.372222222222,1.594444444444
724,688220,翱捷科技,9,8.0,1.0,0.0,0.0,0.0,-0.93302497557,0.13375,0.85625,1.7425
725,000988,华工科技,9,8.0,1.0,0.0,0.0,0.0,1.462745643468,2.336,3.080111111111,3.786
726,603568,伟明环保,9,7.0,2.0,0.0,0.0,0.0,1.080565808378,1.308888888889,1.482222222222,1.694444444444
727,002615,哈尔斯,9,7.0,2.0,0.0,0.0,0.0,0.125404411414,0.385222222222,0.593222222222,0.770333333333
728,603801,志邦家居,9,6.0,3.0,0.0,0.0,0.0,0.471302105097,0.3574,0.5004,0.622666666667
729,002049,紫光国微,9,7.0,2.0,0.0,0.0,0.0,1.704301941376,2.151111111111,2.665555555556,3.20375
730,301187,欧圣电气,9,6.0,3.0,0.0,0.0,0.0,0.409945314254,0.725666666667,1.149444444444,1.510125
731,301033,迈普医学,9,5.0,4.0,0.0,0.0,0.0,1.686402356232,2.192222222222,2.967777777778,3.96125
732,603059,倍加洁,9,7.0,2.0,0.0,0.0,0.0,1.140890262151,1.477625,1.88925,2.319857142857
733,688510,航亚科技,9,8.0,1.0,0.0,0.0,0.0,0.392157254247,0.616666666667,0.848888888889,1.133333333333
734,688513,苑东生物,9,7.0,2.0,0.0,0.0,0.0,1.609107539984,1.66125,1.8475,2.038571428571
735,688019,安集科技,9,5.0,4.0,0.0,0.0,0.0,3.431687691384,5.460444444444,7.243222222222,9.482875
736,601169,北京银行,9,4.0,5.0,0.0,0.0,0.0,0.950007801245,0.932222222222,0.992222222222,1.0575
737,603162,海通发展,9,5.0,4.0,0.0,0.0,0.0,0.338185852156,0.852888888889,1.069333333333,1.324777777778
738,601868,中国能建,9,7.0,2.0,0.0,0.0,0.0,0.132013332041,0.15,0.161111111111,0.176666666667
739,688409,富创精密,9,4.0,5.0,0.0,0.0,0.0,-0.028122770018,1.23,2.0025,2.913333333333
740,601231,环旭电子,9,7.0,2.0,0.0,0.0,0.0,0.775843106346,1.024444444444,1.507777777778,2.0625
741,688322,奥比中光,9,5.0,4.0,0.0,0.0,0.0,0.309833364045,0.705444444444,1.217888888889,1.801142857143
742,600282,南钢股份,9,4.0,5.0,0.0,0.0,0.0,0.4651083015,0.48875,0.54125,0.595
743,688525,佰维存储,9,7.0,2.0,0.0,0.0,0.0,1.788963818982,18.411222222222,20.373888888889,21.893777777778
744,002881,美格智能,9,7.0,2.0,0.0,0.0,0.0,0.472131866824,0.669888888889,1.020888888889,1.393444444444
745,688700,东威科技,9,5.0,4.0,0.0,0.0,0.0,0.405282720829,1.055555555556,1.774444444444,2.60875
746,002242,九阳股份,9,2.0,6.0,1.0,0.0,0.0,0.154185024672,0.277,0.313,0.348
747,601615,明阳智能,9,6.0,3.0,0.0,0.0,0.0,0.291786289575,0.6935,0.9905,1.303
748,603256,宏和科技,9,3.0,6.0,0.0,0.0,0.0,0.223210659574,1.013333333333,1.958888888889,3.65
749,688102,斯瑞新材,9,5.0,4.0,0.0,0.0,0.0,0.188967803908,0.265555555556,0.355555555556,0.476666666667
750,600562,国睿科技,9,7.0,2.0,0.0,0.0,0.0,0.506104247866,0.59,0.748888888889,0.96
751,688610,埃科光电,9,6.0,3.0,0.0,0.0,0.0,0.9406989175,2.004444444444,3.314444444444,4.865555555556
752,300634,彩讯股份,9,7.0,2.0,0.0,0.0,0.0,0.644157913251,0.765555555556,0.925555555556,1.126666666667
753,600015,华夏银行,9,3.0,6.0,0.0,0.0,0.0,1.709087166473,1.608888888889,1.648888888889,1.75
754,688772,珠海冠宇,9,6.0,3.0,0.0,0.0,0.0,0.414358718425,0.58,1.0425,1.366666666667
755,600633,浙数文化,9,6.0,3.0,0.0,0.0,0.0,0.451553209558,0.543333333333,0.592222222222,0.634444444444
756,601975,招商南油,9,4.0,5.0,0.0,0.0,0.0,0.280211668142,0.386666666667,0.411111111111,0.42875
757,601991,大唐发电,9,6.0,3.0,0.0,0.0,0.0,0.399112311094,0.373333333333,0.403333333333,0.438888888889
758,300294,博雅生物,9,6.0,3.0,0.0,0.0,0.0,0.223497532204,0.607777777778,0.7,0.804444444444
759,600236,桂冠电力,9,7.0,2.0,0.0,0.0,0.0,0.416067147059,0.446666666667,0.464444444444,0.492222222222
760,000426,兴业银锡,9,7.0,2.0,0.0,0.0,0.0,0.959791044665,2.193333333333,2.446666666667,2.97375
761,688018,乐鑫科技,9,6.0,3.0,0.0,0.0,0.0,2.124033559268,3.651111111111,4.828888888889,6.407777777778
762,603043,广州酒家,9,4.0,5.0,0.0,0.0,0.0,0.86270800791,0.913333333333,0.975555555556,1.034444444444
763,600549,厦门钨业,9,7.0,2.0,0.0,0.0,0.0,1.45464527092,3.045555555556,3.653888888889,4.354285714286
764,002283,天润工业,9,4.0,5.0,0.0,0.0,0.0,0.322797355786,0.426666666667,0.531111111111,0.67125
765,300782,卓胜微,9,4.0,3.0,2.0,0.0,0.0,-0.509366261187,-0.54625,0.055,0.445
766,920403,康农种业,9,5.0,4.0,0.0,0.0,0.0,0.694749165093,1.00125,1.19375,1.39
767,002035,华帝股份,9,5.0,4.0,0.0,0.0,0.0,0.355080985545,0.397777777778,0.43,0.46875
768,688582,芯动联科,9,7.0,2.0,0.0,0.0,0.0,0.755243574799,1.028888888889,1.413333333333,1.874444444444
769,301031,中熔电气,9,6.0,3.0,0.0,0.0,0.0,2.771598214594,4.495,5.9025,7.55
770,000661,长春高新,9,6.0,3.0,0.0,0.0,0.0,0.379890159113,2.7526,3.3392,4.2628
771,600596,新安股份,9,4.0,5.0,0.0,0.0,0.0,0.108814200727,0.467777777778,0.702222222222,0.8775
772,603209,兴通股份,9,2.0,7.0,0.0,0.0,0.0,0.830735008523,1.1672,1.2845,1.463555555556
773,603260,合盛硅业,9,4.0,5.0,0.0,0.0,0.0,-2.529889602687,0.908888888889,1.612222222222,2.251428571429
774,300748,金力永磁,9,7.0,2.0,0.0,0.0,0.0,0.510580112313,0.699444444444,0.895666666667,1.074111111111
775,603600,永艺股份,9,5.0,4.0,0.0,0.0,0.0,0.704457018555,1.005,1.24,1.496
776,688308,欧科亿,9,6.0,3.0,0.0,0.0,0.0,0.652534635854,3.741,4.288111111111,5.492125
777,688545,兴福电子,9,7.0,2.0,0.0,0.0,0.0,0.57449321975,0.853333333333,1.307777777778,1.834444444444
778,920418,苏轴股份,9,7.0,2.0,0.0,0.0,0.0,0.927598099078,1.007777777778,1.197777777778,1.401111111111
779,600089,特变电工,9,6.0,3.0,0.0,0.0,0.0,1.178416662585,1.431111111111,1.794444444444,2.362857142857
780,603877,太平鸟,8,4.0,4.0,0.0,0.0,0.0,0.370863149232,0.51875,0.62875,0.711428571429
781,002838,道恩股份,8,6.0,2.0,0.0,0.0,0.0,0.394866586594,1.042857142857,1.415714285714,1.668571428571
782,600642,申能股份,8,5.0,3.0,0.0,0.0,0.0,0.820050114929,0.73025,0.778625,0.8115
783,688796,百奥赛图,8,5.0,3.0,0.0,0.0,0.0,0.387559695467,0.89875,1.4025,2.072857142857
784,301110,青木科技,8,5.0,3.0,0.0,0.0,0.0,0.949786127331,1.77125,2.39875,2.85
785,688289,圣湘生物,8,5.0,3.0,0.0,0.0,0.0,0.346015534265,0.44625,0.54,0.605714285714
786,603920,世运电路,8,6.0,2.0,0.0,0.0,0.0,0.949160259323,1.4275,2.23125,3.25
787,600395,盘江股份,8,4.0,3.0,1.0,0.0,0.0,0.153496365798,0.274,0.3265,0.420375
788,600968,海油发展,8,6.0,2.0,0.0,0.0,0.0,0.382124143542,0.43,0.4675,0.51
789,003022,联泓新科,8,6.0,2.0,0.0,0.0,0.0,0.228899485859,0.51325,0.61875,0.728375
790,300999,金龙鱼,8,1.0,7.0,0.0,0.0,0.0,0.581543994796,0.79,0.942857142857,1.11
791,000039,中集集团,8,7.0,1.0,0.0,0.0,0.0,0.040949312053,0.563,0.792,1.054571428571
792,600993,马应龙,8,6.0,2.0,0.0,0.0,0.0,1.349001562986,1.548888888889,1.746666666667,1.964444444444
793,688088,虹软科技,8,6.0,2.0,0.0,0.0,0.0,0.644132718266,0.75125,0.9575,1.241666666667
794,002675,东诚药业,8,7.0,1.0,0.0,0.0,0.0,0.237242202444,0.3225,0.405,0.48375
795,002152,广电运通,8,8.0,0.0,0.0,0.0,0.0,0.346645979894,0.39,0.46375,0.53625
796,688268,华特气体,8,4.0,4.0,0.0,0.0,0.0,1.060079708158,1.93,2.3975,2.874285714286
797,300316,晶盛机电,8,8.0,0.0,0.0,0.0,0.0,0.675610411367,0.72375,0.9175,1.1575
798,002155,湖南黄金,8,5.0,3.0,0.0,0.0,0.0,0.952224539623,1.39725,1.57675,1.908125
799,002203,海亮股份,8,7.0,1.0,0.0,0.0,0.0,0.41154521728,0.82125,1.23,1.545
800,000949,新乡化纤,8,5.0,3.0,0.0,0.0,0.0,0.119501785136,0.395714285714,0.504285714286,0.66
801,600820,隧道股份,8,6.0,2.0,0.0,0.0,0.0,0.704164596869,0.71125,0.75375,0.805
802,600966,博汇纸业,8,5.0,3.0,0.0,0.0,0.0,0.116310544531,0.23,0.348571428571,0.427142857143
803,002603,以岭药业,8,6.0,2.0,0.0,0.0,0.0,0.770021262366,0.90375,1.045,1.21
804,603650,彤程新材,8,6.0,2.0,0.0,0.0,0.0,0.913126856215,1.17125,1.45875,1.681666666667
805,000543,皖能电力,8,6.0,2.0,0.0,0.0,0.0,0.94806643941,0.7815,0.903,0.98675
806,000791,甘肃能源,8,6.0,2.0,0.0,0.0,0.0,0.632415679957,0.704285714286,0.745714285714,0.767142857143
807,603181,皇马科技,8,6.0,2.0,0.0,0.0,0.0,0.741642926312,0.9375,1.1175,1.25
808,601577,长沙银行,8,5.0,3.0,0.0,0.0,0.0,2.01602850439,2.09125,2.2175,2.36
809,600507,方大特钢,8,4.0,4.0,0.0,0.0,0.0,0.407345919492,0.414285714286,0.481428571429,0.538571428571
810,000066,中国长城,8,6.0,2.0,0.0,0.0,0.0,-0.017274725939,0.061428571429,0.098571428571,0.248333333333
811,688639,华恒生物,8,2.0,5.0,1.0,0.0,0.0,0.529403561535,1.07,1.4075,1.701428571429
812,600123,兰花科创,8,4.0,4.0,0.0,0.0,0.0,-0.366487961957,0.23625,0.34,0.4325
813,688258,卓易信息,8,6.0,2.0,0.0,0.0,0.0,0.658211666506,1.5275,2.44375,3.4925
814,300558,贝达药业,8,7.0,1.0,0.0,0.0,0.0,0.721252795595,1.358,1.811375,2.358625
815,601966,玲珑轮胎,8,5.0,3.0,0.0,0.0,0.0,0.935338879731,0.71,1.108571428571,1.426666666667
816,688502,茂莱光学,8,4.0,4.0,0.0,0.0,0.0,0.877453282572,1.622875,2.313625,3.29275
817,301193,家联科技,8,4.0,4.0,0.0,0.0,0.0,-0.31429133552,0.36175,1.1405,1.890714285714
818,605009,豪悦护理,8,6.0,2.0,0.0,0.0,0.0,1.079179083919,1.35125,1.6025,1.897142857143
819,601000,唐山港,8,3.0,5.0,0.0,0.0,0.0,0.337222913533,0.350875,0.363875,0.390857142857
820,601916,浙商银行,8,2.0,5.0,1.0,0.0,0.0,0.470823644538,0.4425,0.44875,0.465714285714
821,002690,美亚光电,8,3.0,5.0,0.0,0.0,0.0,0.815114593616,0.928125,1.033875,1.160857142857
822,601598,中国外运,8,6.0,2.0,0.0,0.0,0.0,0.560626842014,0.51,0.534571428571,0.561833333333
823,688337,普源精电,8,3.0,5.0,0.0,0.0,0.0,0.39365781651,0.66875,0.97375,1.33625
824,603859,能科科技,8,8.0,0.0,0.0,0.0,0.0,0.846874287772,1.08625,1.355,1.68625
825,688116,天奈科技,8,5.0,3.0,0.0,0.0,0.0,0.621511073639,1.118571428571,1.695714285714,2.296666666667
826,603214,爱婴室,8,6.0,2.0,0.0,0.0,0.0,0.587966030195,0.86,1.046666666667,1.202222222222
827,002545,东方铁塔,8,7.0,1.0,0.0,0.0,0.0,0.969603787072,1.40625,1.64,2.01
828,601101,昊华能源,8,7.0,1.0,0.0,0.0,0.0,0.355844590633,0.96625,1.1,1.21125
829,688249,晶合集成,8,6.0,2.0,0.0,0.0,0.0,0.315130259226,0.4275,0.62875,0.905
830,600995,南网储能,8,5.0,3.0,0.0,0.0,0.0,0.528315952017,0.59,0.63875,0.70375
831,002100,天康生物,8,5.0,3.0,0.0,0.0,0.0,0.154282835716,0.01875,0.63125,0.701428571429
832,000708,中信特钢,8,6.0,2.0,0.0,0.0,0.0,1.174654591413,1.261428571429,1.371428571429,1.468571428571
833,000301,东方盛虹,8,6.0,2.0,0.0,0.0,0.0,0.020230164106,0.7275,0.79125,0.961666666667
834,688196,卓越新能,8,4.0,4.0,0.0,0.0,0.0,1.215131319369,2.425,3.8,4.885
835,002612,朗姿股份,8,6.0,2.0,0.0,0.0,0.0,2.258550737817,1.2975,1.455,1.705
836,002080,中材科技,8,5.0,3.0,0.0,0.0,0.0,1.083219849802,1.758625,2.389375,3.08
837,600879,航天电子,8,3.0,5.0,0.0,0.0,0.0,0.068795068199,0.10875,0.1425,0.185
838,300364,中文在线,8,4.0,4.0,0.0,0.0,0.0,-0.921004925012,0.03,0.1775,0.325
839,688378,奥来德,8,7.0,1.0,0.0,0.0,0.0,0.276545926466,1.292857142857,1.664285714286,2.184285714286
840,002752,昇兴股份,8,5.0,3.0,0.0,0.0,0.0,0.314403275412,0.457777777778,0.552222222222,0.646666666667
841,600325,华发股份,8,4.0,3.0,1.0,0.0,0.0,-3.450349727039,-1.2025,0.03,0.1625
842,688326,经纬恒润,8,7.0,1.0,0.0,0.0,0.0,0.835801773951,1.97625,3.56875,5.207142857143
843,002379,宏桥控股,8,5.0,3.0,0.0,0.0,0.0,1.370837072604,2.404285714286,2.455714285714,2.518571428571
844,301011,华立科技,8,8.0,0.0,0.0,0.0,0.0,0.447023165315,0.591428571429,0.752857142857,0.896
845,300133,华策影视,8,6.0,2.0,0.0,0.0,0.0,0.101952031001,0.18375,0.22125,0.258571428571
846,600166,福田汽车,8,6.0,2.0,0.0,0.0,0.0,0.172256894717,0.258571428571,0.328571428571,0.4
847,002459,晶澳科技,8,7.0,1.0,0.0,0.0,0.0,-1.392342348579,-0.955285714286,0.331428571429,0.801
848,002643,万润股份,8,6.0,2.0,0.0,0.0,0.0,0.310602092068,0.45625,0.54875,0.648571428571
849,603699,纽威股份,8,6.0,2.0,0.0,0.0,0.0,2.06492886307,2.44625,3.01125,3.607142857143
850,002957,科瑞技术,8,4.0,4.0,0.0,0.0,0.0,0.650227687482,0.88,1.15875,1.505
851,301367,瑞迈特,8,6.0,2.0,0.0,0.0,0.0,1.801143126849,2.85125,3.55375,4.55
852,300680,隆盛科技,8,7.0,1.0,0.0,0.0,0.0,0.817024563764,1.07,1.265,1.524285714286
853,000513,丽珠集团,8,5.0,3.0,0.0,0.0,0.0,2.27867213361,2.328888888889,2.611111111111,2.975714285714
854,002739,儒意电影,8,6.0,2.0,0.0,0.0,0.0,0.243406631217,0.38375,0.54625,0.657142857143
855,688167,炬光科技,8,6.0,2.0,0.0,0.0,0.0,-0.295142753741,0.642857142857,1.965714285714,3.638571428571
856,605598,上海港湾,8,6.0,2.0,0.0,0.0,0.0,0.272397740646,0.345714285714,0.474285714286,0.553333333333
857,300593,新雷能,8,5.0,3.0,0.0,0.0,0.0,-0.360270982258,0.124285714286,0.628571428571,1.062857142857
858,000719,中原传媒,8,7.0,1.0,0.0,0.0,0.0,1.344451739836,1.39625,1.4725,1.5375
859,688825,长鑫科技,8,7.0,1.0,0.0,0.0,0.0,0.027618535187,2.316666666667,3.845666666667,5.443222222222
860,601618,中国中冶,8,4.0,4.0,0.0,0.0,0.0,0.063879389483,0.27,0.28625,0.30125
861,600863,华能蒙电,8,6.0,2.0,0.0,0.0,0.0,0.318235959296,0.321625,0.365125,0.382714285714
862,002697,红旗连锁,8,5.0,3.0,0.0,0.0,0.0,0.353383454618,0.37,0.38875,0.4075
863,300724,捷佳伟创,8,5.0,3.0,0.0,0.0,0.0,7.513935451278,2.651625,2.802375,3.439375
864,300763,锦浪科技,8,4.0,3.0,1.0,0.0,0.0,1.873528370997,3.53125,4.96375,6.408571428571
865,300604,长川科技,8,5.0,2.0,1.0,0.0,0.0,2.062298352811,3.4665,5.10925,6.940125
866,002683,广东宏大,8,6.0,2.0,0.0,0.0,0.0,1.259643285987,1.68,1.96125,2.2675
867,000688,国城矿业,8,8.0,0.0,0.0,0.0,0.0,0.908371754829,1.768125,2.455125,3.496625
868,601818,光大银行,8,3.0,4.0,1.0,0.0,0.0,0.65711496809,0.55,0.558571428571,0.59
869,301308,江波龙,8,5.0,3.0,0.0,0.0,0.0,3.312552178216,33.9125,27.60625,26.45625
870,002236,大华股份,8,5.0,3.0,0.0,0.0,0.0,1.180059452114,1.2175,1.34625,1.5025
871,605007,五洲特纸,8,6.0,2.0,0.0,0.0,0.0,0.514470160084,1.01625,1.28875,1.5175
872,603416,信捷电气,8,7.0,1.0,0.0,0.0,0.0,1.619143581175,2.01325,2.446875,2.918
873,002911,佛燃能源,8,6.0,2.0,0.0,0.0,0.0,0.793626601021,0.85625,0.94125,1.0175
874,605333,沪光股份,8,6.0,2.0,0.0,0.0,0.0,1.037006639374,0.99875,1.30125,1.572857142857
875,000422,湖北宜化,8,4.0,4.0,0.0,0.0,0.0,0.743471165886,0.81125,1.00875,1.197142857143
876,600350,山东高速,8,3.0,5.0,0.0,0.0,0.0,0.663051471707,0.66375,0.6975,0.732857142857
877,301039,中集车辆,8,4.0,4.0,0.0,0.0,0.0,0.482101209385,0.50625,0.6375,0.804285714286
878,000534,万泽股份,8,6.0,2.0,0.0,0.0,0.0,0.386653067222,0.618571428571,0.897142857143,1.244285714286
879,300747,锐科激光,8,5.0,3.0,0.0,0.0,0.0,0.288161205199,0.47125,0.665,0.834285714286
880,688050,爱博医疗,8,3.0,4.0,1.0,0.0,0.0,1.386338154962,2.07375,2.46125,2.901428571429
881,688627,精智达,8,4.0,4.0,0.0,0.0,0.0,0.695022626493,2.77625,4.43375,6.66125
882,688677,海泰新光,8,6.0,2.0,0.0,0.0,0.0,1.424328178299,1.804444444444,2.324444444444,2.898888888889
883,002170,芭田股份,8,7.0,1.0,0.0,0.0,0.0,0.937943910273,1.32,1.5425,1.75875
884,002979,雷赛智能,8,5.0,3.0,0.0,0.0,0.0,0.713117422963,1.1395,1.51325,1.870714285714
885,300682,朗新科技,8,5.0,3.0,0.0,0.0,0.0,0.097345252667,0.3475,0.53,0.668571428571
886,688508,芯朋微,8,5.0,3.0,0.0,0.0,0.0,1.406886582822,1.5075,1.97125,2.50625
887,002997,瑞鹄模具,8,4.0,4.0,0.0,0.0,0.0,1.871863119441,2.4125,2.925,3.388333333333
888,920185,贝特瑞,8,4.0,4.0,0.0,0.0,0.0,0.768831917127,1.0075,1.46375,1.683333333333
889,688336,三生国健,8,5.0,3.0,0.0,0.0,0.0,3.235017098315,0.727125,0.90025,1.2085
890,605296,神农集团,8,5.0,3.0,0.0,0.0,0.0,0.64413524188,-0.44875,1.62875,1.8425
891,300725,药石科技,8,5.0,3.0,0.0,0.0,0.0,0.785841512093,1.035714285714,1.392857142857,1.812857142857
892,603809,豪能股份,8,7.0,1.0,0.0,0.0,0.0,0.301148293027,0.45625,0.55625,0.678571428571
893,002859,洁美科技,8,7.0,0.0,1.0,0.0,0.0,0.484569279474,1.00375,1.46875,1.893333333333
894,002241,歌尔股份,8,6.0,2.0,0.0,0.0,0.0,1.109237798607,0.9825,1.29125,1.635
895,301275,汉朔科技,8,5.0,3.0,0.0,0.0,0.0,1.06946189858,1.478571428571,2.014285714286,2.733333333333
896,600305,恒顺醋业,8,2.0,6.0,0.0,0.0,0.0,0.130028270623,0.14875,0.16875,0.181428571429
897,000498,山东路桥,8,6.0,2.0,0.0,0.0,0.0,1.434639246947,1.35875,1.4,1.4525
898,300223,君正股份,8,6.0,2.0,0.0,0.0,0.0,0.730604534697,2.375,2.99,3.49875
899,002020,京新药业,8,5.0,3.0,0.0,0.0,0.0,0.88031798695,0.9475,1.10375,1.2175
900,600583,海油工程,8,5.0,3.0,0.0,0.0,0.0,0.471447371742,0.5275,0.6075,0.661428571429
901,601555,东吴证券,7,1.0,6.0,0.0,0.0,0.0,0.714904899011,0.721428571429,0.791428571429,0.86
902,600299,安迪苏,7,6.0,1.0,0.0,0.0,0.0,0.374874927927,0.511666666667,0.581666666667,0.64
903,603057,紫燕食品,7,2.0,5.0,0.0,0.0,0.0,0.568863617118,0.638571428571,0.774285714286,0.878571428571
904,301332,德尔玛,7,3.0,4.0,0.0,0.0,0.0,0.280873418919,0.288571428571,0.325714285714,0.356666666667
905,688389,普门科技,7,5.0,2.0,0.0,0.0,0.0,0.429934779392,0.5025,0.6125,0.74375
906,920491,奥迪威,7,4.0,3.0,0.0,0.0,0.0,0.666196540137,0.705714285714,0.912857142857,1.124285714286
907,600498,烽火通信,7,6.0,1.0,0.0,0.0,0.0,0.320898959706,1.06,1.353333333333,1.656
908,300803,指南针,7,4.0,3.0,0.0,0.0,0.0,0.369693461577,0.554285714286,0.744285714286,0.932857142857
909,600436,片仔癀,7,2.0,5.0,0.0,0.0,0.0,3.577940447646,3.561428571429,4.157142857143,4.833333333333
910,688581,安杰思,7,4.0,3.0,0.0,0.0,0.0,2.745978795614,3.008571428571,3.46,4.035714285714
911,688410,山外山,7,6.0,1.0,0.0,0.0,0.0,0.326044210132,0.60375,0.8,1.022857142857
912,601882,海天精工,7,5.0,2.0,0.0,0.0,0.0,0.821817488582,0.987142857143,1.145714285714,1.307142857143
913,600383,金地集团,7,1.0,5.0,1.0,0.0,0.0,-2.941875786596,-1.23,-0.758571428571,-0.355714285714
914,001289,龙源电力,7,5.0,2.0,0.0,0.0,0.0,0.541425400427,0.532857142857,0.597142857143,0.661428571429
915,688629,华丰科技,7,4.0,3.0,0.0,0.0,0.0,0.765761342956,1.53375,2.78875,4.491428571429
916,000700,模塑科技,7,6.0,1.0,0.0,0.0,0.0,0.526107073974,0.661428571429,0.785714285714,0.925714285714
917,002246,北化股份,7,5.0,2.0,0.0,0.0,0.0,0.47906503594,0.802857142857,1.07,1.377142857143
918,002588,史丹利,7,4.0,3.0,0.0,0.0,0.0,0.896928189473,0.92,1.105714285714,1.277142857143
919,601877,正泰电器,7,4.0,3.0,0.0,0.0,0.0,2.094682203583,2.513333333333,2.893333333333,3.408
920,300820,英杰电气,7,4.0,3.0,0.0,0.0,0.0,1.003080072973,1.483333333333,1.81,2.104
921,603297,永新光学,7,5.0,2.0,0.0,0.0,0.0,1.98555957359,2.685714285714,3.58,4.501666666667
922,603218,日月股份,7,2.0,4.0,1.0,0.0,0.0,0.537308589727,0.551428571429,0.707142857143,0.825
923,600186,莲花控股,7,7.0,0.0,0.0,0.0,0.0,0.172426107616,0.252857142857,0.341428571429,0.454285714286
924,600167,联美控股,7,4.0,3.0,0.0,0.0,0.0,0.303149054525,0.335,0.35625,0.375
925,600389,江山股份,7,4.0,3.0,0.0,0.0,0.0,1.236737102636,1.64,2.077142857143,2.568333333333
926,920116,星图测控,7,2.0,5.0,0.0,0.0,0.0,0.45077516673,0.77,0.95,1.143333333333
927,600111,北方稀土,7,6.0,1.0,0.0,0.0,0.0,0.622747184166,1.242571428571,1.555857142857,1.853714285714
928,688032,禾迈股份,7,4.0,3.0,0.0,0.0,0.0,-1.298610865515,1.258333333333,2.645,3.892
929,688032,禾迈股份,7,4.0,3.0,0.0,0.0,0.0,-1.298610865515,1.258333333333,2.645,3.892
930,920438,戈碧迦,7,1.0,6.0,0.0,0.0,0.0,0.204794285724,0.664285714286,1.165714285714,1.523333333333
931,603187,海容冷链,7,6.0,1.0,0.0,0.0,0.0,1.005609445066,1.018333333333,1.243333333333,1.421666666667
932,600461,洪城环境,7,6.0,1.0,0.0,0.0,0.0,0.929182158214,0.97,1.004285714286,1.037142857143
933,000603,盛达资源,7,6.0,1.0,0.0,0.0,0.0,0.77170850425,1.802571428571,2.412714285714,2.904571428571
934,002961,瑞达期货,7,4.0,3.0,0.0,0.0,0.0,1.146810471788,1.68,1.925714285714,2.237142857143
935,300002,神州泰岳,7,7.0,0.0,0.0,0.0,0.0,0.407441613979,0.494285714286,0.57,0.655714285714
936,300357,我武生物,7,5.0,2.0,0.0,0.0,0.0,0.727564219571,0.851428571429,1.0,1.188571428571
937,920522,纳科诺尔,7,4.0,3.0,0.0,0.0,0.0,0.300381154185,0.872857142857,1.27,1.522
938,300990,同飞股份,7,6.0,1.0,0.0,0.0,0.0,1.47709508915,2.510714285714,3.878142857143,5.316166666667
939,002797,第一创业,7,2.0,4.0,1.0,0.0,0.0,0.200221031846,0.23875,0.26,0.2775
940,688818,电科蓝天,7,4.0,3.0,0.0,0.0,0.0,0.188295709618,0.268571428571,0.407142857143,0.543333333333
941,920242,建邦科技,7,6.0,1.0,0.0,0.0,0.0,0.908515227085,1.492857142857,1.652857142857,1.877142857143
942,300685,艾德生物,7,5.0,2.0,0.0,0.0,0.0,0.926045973644,1.05875,1.23,1.411428571429
943,603916,苏博特,7,4.0,3.0,0.0,0.0,0.0,0.287855124217,0.414285714286,0.522857142857,0.608571428571
944,603187,海容冷链,7,6.0,1.0,0.0,0.0,0.0,1.005609445066,1.018333333333,1.243333333333,1.421666666667
945,920438,戈碧迦,7,1.0,6.0,0.0,0.0,0.0,0.204794285724,0.664285714286,1.165714285714,1.523333333333
946,920116,星图测控,7,2.0,5.0,0.0,0.0,0.0,0.45077516673,0.77,0.95,1.143333333333
947,002961,瑞达期货,7,4.0,3.0,0.0,0.0,0.0,1.146810471788,1.68,1.925714285714,2.237142857143
948,300002,神州泰岳,7,7.0,0.0,0.0,0.0,0.0,0.407441613979,0.494285714286,0.57,0.655714285714
949,300357,我武生物,7,5.0,2.0,0.0,0.0,0.0,0.727564219571,0.851428571429,1.0,1.188571428571
950,920522,纳科诺尔,7,4.0,3.0,0.0,0.0,0.0,0.300381154185,0.872857142857,1.27,1.522
951,300990,同飞股份,7,6.0,1.0,0.0,0.0,0.0,1.47709508915,2.510714285714,3.878142857143,5.316166666667
952,002797,第一创业,7,2.0,4.0,1.0,0.0,0.0,0.200221031846,0.23875,0.26,0.2775
953,688818,电科蓝天,7,4.0,3.0,0.0,0.0,0.0,0.188295709618,0.268571428571,0.407142857143,0.543333333333
954,920242,建邦科技,7,6.0,1.0,0.0,0.0,0.0,0.908515227085,1.492857142857,1.652857142857,1.877142857143
955,300685,艾德生物,7,5.0,2.0,0.0,0.0,0.0,0.926045973644,1.05875,1.23,1.411428571429
956,603916,苏博特,7,4.0,3.0,0.0,0.0,0.0,0.287855124217,0.414285714286,0.522857142857,0.608571428571
957,688221,前沿生物,7,5.0,2.0,0.0,0.0,0.0,-0.715612141491,-0.057142857143,-0.387142857143,-0.502
958,920640,富士达,7,4.0,3.0,0.0,0.0,0.0,0.414033222215,0.55,0.711428571429,0.877142857143
959,600085,同仁堂,7,3.0,4.0,0.0,0.0,0.0,0.867225772104,0.955,1.08125,1.231428571429
960,688625,呈和科技,7,5.0,2.0,0.0,0.0,0.0,1.062079235116,1.464285714286,1.872571428571,2.245166666667
961,920429,康比特,7,1.0,6.0,0.0,0.0,0.0,0.316798294049,0.374285714286,0.557142857143,0.911666666667
962,920509,同惠电子,7,2.0,5.0,0.0,0.0,0.0,0.430587987529,0.521428571429,0.635714285714,0.772857142857
963,002140,东华科技,7,6.0,1.0,0.0,0.0,0.0,0.752612675984,0.842857142857,0.96,1.085714285714
964,002096,易普力,7,4.0,3.0,0.0,0.0,0.0,0.638986216698,0.733857142857,0.829142857143,0.937714285714
965,601107,四川成渝,7,4.0,3.0,0.0,0.0,0.0,0.49480878799,0.535714285714,0.554285714286,0.558333333333
966,600566,济川药业,7,7.0,0.0,0.0,0.0,0.0,1.929404218085,1.972142857143,2.122428571429,2.339714285714
967,002534,西子洁能,7,4.0,3.0,0.0,0.0,0.0,0.522262563357,0.558888888889,0.724555555556,0.854555555556
968,600998,九州通,7,5.0,2.0,0.0,0.0,0.0,0.447174451928,0.444285714286,0.49,0.548333333333
969,601607,上海医药,7,6.0,1.0,0.0,0.0,0.0,1.543689047416,1.471111111111,1.577777777778,1.70875
970,688087,英科再生,7,7.0,0.0,0.0,0.0,0.0,1.479382132879,2.014285714286,2.407142857143,2.83
971,301327,华宝新能,7,5.0,2.0,0.0,0.0,0.0,0.098369926714,1.192166666667,2.171666666667,3.0752
972,001322,箭牌家居,7,3.0,4.0,0.0,0.0,0.0,0.047414696108,0.121428571429,0.2,0.282857142857
973,688552,航天南湖,7,5.0,2.0,0.0,0.0,0.0,0.09474128579,0.197142857143,0.45,0.642857142857
974,688480,赛恩斯,7,6.0,1.0,0.0,0.0,0.0,1.11345649908,1.644285714286,2.845714285714,4.065714285714
975,601033,永兴股份,7,6.0,1.0,0.0,0.0,0.0,0.956161491244,1.088571428571,1.192857142857,1.292857142857
976,002416,爱施德,7,6.0,1.0,0.0,0.0,0.0,0.302098874039,0.337142857143,0.447142857143,0.497142857143
977,002129,TCL中环,7,5.0,2.0,0.0,0.0,0.0,-2.291256692275,-0.9796,0.4632,1.0056
978,688550,瑞联新材,7,6.0,1.0,0.0,0.0,0.0,1.756595284123,2.115714285714,2.635714285714,3.2
979,603014,威高血净,7,5.0,2.0,0.0,0.0,0.0,1.154499050477,1.309142857143,1.459285714286,1.670166666667
980,603267,鸿远电子,7,5.0,2.0,0.0,0.0,0.0,1.081430096652,1.494285714286,1.975714285714,2.382857142857
981,003018,金富科技,7,6.0,1.0,0.0,0.0,0.0,0.321335273146,0.842857142857,1.511428571429,2.042857142857
982,603612,索通发展,7,4.0,3.0,0.0,0.0,0.0,1.499009332619,2.034285714286,2.518571428571,2.85
983,688095,福昕软件,7,4.0,3.0,0.0,0.0,0.0,0.330960348808,1.394285714286,2.007142857143,2.91
984,002240,盛新锂能,7,5.0,2.0,0.0,0.0,0.0,-0.970267077348,2.252857142857,2.701428571429,3.5
985,000598,兴蓉环境,7,5.0,2.0,0.0,0.0,0.0,0.671918870799,0.714285714286,0.775714285714,0.824285714286
986,603067,振华股份,7,6.0,1.0,0.0,0.0,0.0,0.872288662553,1.018428571429,1.294714285714,1.619285714286
987,600499,科达制造,7,5.0,2.0,0.0,0.0,0.0,0.682461630674,1.386,1.564142857143,1.714
988,603868,飞科电器,7,1.0,6.0,0.0,0.0,0.0,1.175584650321,1.405,1.55,1.707142857143
989,603402,陕西旅游,7,4.0,3.0,0.0,0.0,0.0,3.821992251645,4.056666666667,4.731666666667,5.548
990,300035,中科电气,7,4.0,3.0,0.0,0.0,0.0,0.685654213914,0.718333333333,1.34,1.775
991,300083,创世纪,7,3.0,4.0,0.0,0.0,0.0,0.084241478701,0.406666666667,0.608333333333,0.86
992,600019,宝钢股份,7,5.0,2.0,0.0,0.0,0.0,0.474960126842,0.476666666667,0.52,0.561666666667
993,601777,千里科技,7,6.0,1.0,0.0,0.0,0.0,0.018669839841,0.03,0.09,0.116666666667
994,300041,回天新材,7,6.0,1.0,0.0,0.0,0.0,0.394309767777,0.514285714286,0.63,0.771428571429
995,688396,华润微,7,3.0,4.0,0.0,0.0,0.0,0.49731806442,0.885714285714,1.177142857143,1.478571428571
996,300251,光线传媒,7,4.0,3.0,0.0,0.0,0.0,0.570001340212,0.25,0.364285714286,0.424
997,603383,顶点软件,7,3.0,4.0,0.0,0.0,0.0,0.86769014422,1.01,1.245714285714,1.45
998,000928,中钢国际,7,5.0,2.0,0.0,0.0,0.0,0.338232313429,0.44,0.477142857143,0.512857142857
999,301029,怡合达,7,4.0,3.0,0.0,0.0,0.0,0.805275031291,1.011428571429,1.231428571429,1.51
1000,688612,威迈斯,7,5.0,2.0,0.0,0.0,0.0,1.331911437985,1.548571428571,1.957142857143,2.417142857143
1001,601958,金钼股份,7,5.0,2.0,0.0,0.0,0.0,0.977747821667,1.243857142857,1.429571428571,1.557285714286
1002,300783,三只松鼠,7,3.0,4.0,0.0,0.0,0.0,0.386761223581,0.7775,0.91375,1.05625
1003,002335,科华数据,7,6.0,1.0,0.0,0.0,0.0,0.554059202463,1.091428571429,1.565714285714,2.183333333333
1004,600157,永泰能源,7,2.0,5.0,0.0,0.0,0.0,0.009561918697,0.026142857143,0.048,0.069285714286
1005,000028,国药一致,7,4.0,3.0,0.0,0.0,0.0,1.855417816893,2.16875,2.3225,2.567142857143
1006,688122,西部超导,7,6.0,1.0,0.0,0.0,0.0,1.291853459648,1.338571428571,1.557142857143,1.804285714286
1007,688065,凯赛生物,7,6.0,1.0,0.0,0.0,0.0,0.777385236273,1.066666666667,1.233333333333,1.435
1008,002949,华阳国际,7,6.0,1.0,0.0,0.0,0.0,0.461988411615,0.544285714286,0.595714285714,0.642857142857
1009,605555,德昌股份,7,3.0,4.0,0.0,0.0,0.0,0.336076065803,0.445714285714,0.662857142857,0.816666666667
1010,300627,华测导航,7,7.0,0.0,0.0,0.0,0.0,0.86328200312,1.008333333333,1.328333333333,1.646666666667
1011,603711,香飘飘,7,3.0,4.0,0.0,0.0,0.0,0.230679487379,0.515714285714,0.582857142857,0.677142857143
1012,603049,中策橡胶,7,5.0,2.0,0.0,0.0,0.0,4.742749860759,5.212857142857,5.868571428571,6.561666666667
1013,688293,奥浦迈,7,5.0,2.0,0.0,0.0,0.0,0.293250540833,1.115,1.535,2.00875
1014,300624,万兴科技,7,3.0,4.0,0.0,0.0,0.0,-0.471883346763,0.14,0.41,0.617142857143
1015,002511,中顺洁柔,7,2.0,5.0,0.0,0.0,0.0,0.248690384816,0.354285714286,0.422857142857,0.495
1016,688710,益诺思,6,4.0,2.0,0.0,0.0,0.0,-0.216455844698,0.935,1.898333333333,3.016
1017,600353,旭光电子,6,5.0,1.0,0.0,0.0,0.0,0.194942069536,0.248333333333,0.346666666667,0.48
1018,600038,中直股份,6,3.0,3.0,0.0,0.0,0.0,0.795060946163,0.89,1.01,1.173333333333
1019,301603,乔锋智能,6,4.0,2.0,0.0,0.0,0.0,2.908428714972,4.805,7.213333333333,9.131666666667
1020,688291,金橙子,6,5.0,1.0,0.0,0.0,0.0,0.359192889808,0.858571428571,0.914285714286,1.195714285714
1021,688233,神工股份,6,3.0,3.0,0.0,0.0,0.0,0.599140557485,1.405,2.236666666667,3.041666666667
1022,603100,川仪股份,6,6.0,0.0,0.0,0.0,0.0,1.252104962965,1.295166666667,1.4695,1.7345
1023,002970,锐明技术,6,5.0,1.0,0.0,0.0,0.0,2.073740433851,2.773333333333,3.723333333333,5.1775
1024,605337,李子园,6,3.0,3.0,0.0,0.0,0.0,0.506397936385,0.42,0.473333333333,0.521666666667
1025,300919,中伟新材,6,6.0,0.0,0.0,0.0,0.0,1.500538464331,2.741666666667,3.331666666667,3.973333333333
1026,000089,深圳机场,6,2.0,3.0,1.0,0.0,0.0,0.256101604215,0.443333333333,0.381666666667,0.466
1027,920357,雅葆轩,6,2.0,4.0,0.0,0.0,0.0,0.632359065838,0.941666666667,1.148333333333,1.386666666667
1028,000521,长虹美菱,6,2.0,4.0,0.0,0.0,0.0,0.398485761725,0.378571428571,0.43,0.485714285714
1029,603323,苏农银行,6,4.0,1.0,1.0,0.0,0.0,0.920233771624,1.016,1.068,1.132
1030,601098,中南传媒,6,5.0,1.0,0.0,0.0,0.0,0.887583060885,0.905,0.928333333333,0.946
1031,000997,新大陆,6,5.0,1.0,0.0,0.0,0.0,0.99786128706,1.13,1.471666666667,1.815
1032,300926,博俊科技,6,6.0,0.0,0.0,0.0,0.0,1.943603401421,2.441666666667,3.04,3.736666666667
1033,603101,汇嘉时代,6,4.0,2.0,0.0,0.0,0.0,0.163469028359,0.271666666667,0.336666666667,0.405
1034,301526,国际复材,6,3.0,3.0,0.0,0.0,0.0,0.072256664597,0.421666666667,0.643333333333,0.816666666667
1035,600356,恒丰纸业,6,6.0,0.0,0.0,0.0,0.0,0.600003653465,0.706666666667,0.805,0.901666666667
1036,002139,拓邦股份,6,3.0,3.0,0.0,0.0,0.0,0.291837341238,0.403333333333,0.52,0.602
1037,002605,姚记科技,6,5.0,1.0,0.0,0.0,0.0,1.118179622335,1.256666666667,1.431666666667,1.571666666667
1038,002212,天融信,6,4.0,2.0,0.0,0.0,0.0,0.062929587966,0.1,0.131428571429,0.164285714286
1039,002626,金达威,6,5.0,1.0,0.0,0.0,0.0,0.557283653165,0.721666666667,0.98,1.241666666667
1040,301301,川宁生物,6,4.0,2.0,0.0,0.0,0.0,0.344492818488,0.403333333333,0.468333333333,0.523333333333
1041,000959,首钢股份,6,2.0,4.0,0.0,0.0,0.0,0.128386867647,0.154,0.2,0.264
1042,300244,迪安诊断,6,5.0,1.0,0.0,0.0,0.0,0.070486581738,0.725,0.893333333333,1.0825
1043,600595,中孚实业,6,3.0,3.0,0.0,0.0,0.0,0.403525842089,0.948333333333,0.985,1.016666666667
1044,000778,新兴铸管,6,2.0,4.0,0.0,0.0,0.0,0.238990579902,0.266,0.302,0.344
1045,000887,中鼎股份,6,5.0,1.0,0.0,0.0,0.0,1.207298462249,1.28,1.466,1.7075
1046,300201,海伦哲,6,6.0,0.0,0.0,0.0,0.0,0.306269511988,0.49,0.718333333333,0.945
1047,301349,信德新材,6,6.0,0.0,0.0,0.0,0.0,0.271011464684,1.466,2.052,1.7975
1048,300132,诺斯贝尔,6,4.0,2.0,0.0,0.0,0.0,0.296618912687,0.348571428571,0.431428571429,0.514285714286
1049,920179,凯德石英,6,3.0,3.0,0.0,0.0,0.0,0.324314135039,0.426666666667,0.783333333333,1.28
1050,002266,浙富控股,6,3.0,3.0,0.0,0.0,0.0,0.214160217683,0.423333333333,0.46,0.493333333333
1051,000600,建投能源,6,3.0,3.0,0.0,0.0,0.0,0.923391541618,0.961666666667,1.053333333333,1.113333333333
1052,688519,南亚新材,6,5.0,1.0,0.0,0.0,0.0,1.021886082177,2.763333333333,4.431666666667,6.273333333333
1053,688376,美埃科技,6,6.0,0.0,0.0,0.0,0.0,0.895320760343,2.125,2.878333333333,3.765
1054,300181,佐力药业,6,6.0,0.0,0.0,0.0,0.0,0.900976789095,1.113333333333,1.375,1.603333333333
1055,300976,达瑞电子,6,4.0,2.0,0.0,0.0,0.0,1.507781497328,2.396666666667,3.171666666667,3.965
1056,300607,拓斯达,6,1.0,5.0,0.0,0.0,0.0,0.154877928202,0.348333333333,0.468333333333,0.59
1057,300856,科思股份,6,4.0,2.0,0.0,0.0,0.0,0.227111417075,0.363333333333,0.451666666667,0.556
1058,605319,无锡振华,6,4.0,2.0,0.0,0.0,0.0,1.328744682088,1.489333333333,1.759166666667,1.9246
1059,300818,耐普矿机,6,4.0,2.0,0.0,0.0,0.0,0.354472312953,0.734833333333,1.184,1.59425
1060,920839,万通液压,6,4.0,2.0,0.0,0.0,0.0,1.061944561682,1.226666666667,1.451666666667,1.704
1061,600869,远东股份,6,6.0,0.0,0.0,0.0,0.0,0.026528340872,0.36,0.578333333333,0.816666666667
1062,000524,岭南控股,6,0.0,6.0,0.0,0.0,0.0,0.104536153376,0.133333333333,0.171666666667,0.198333333333
1063,603279,景津装备,6,5.0,1.0,0.0,0.0,0.0,0.903170467996,1.158333333333,1.385,1.625
1064,600007,中国国贸,6,2.0,4.0,0.0,0.0,0.0,1.19360328152,1.158333333333,1.146666666667,1.168
1065,605111,新洁能,6,3.0,3.0,0.0,0.0,0.0,0.947751066412,1.34,1.75,2.143333333333
1066,002034,旺能环境,6,5.0,1.0,0.0,0.0,0.0,1.395754655404,1.5,1.605,1.723333333333
1067,300918,南山智尚,6,4.0,2.0,0.0,0.0,0.0,0.253062292441,0.333333333333,0.41,0.496
1068,301155,海力风电,6,4.0,2.0,0.0,0.0,0.0,1.59581380375,2.236666666667,4.066666666667,5.922
1069,688295,中复神鹰,6,3.0,3.0,0.0,0.0,0.0,0.106871218789,0.251666666667,0.411666666667,0.61
1070,688729,屹唐股份,6,4.0,2.0,0.0,0.0,0.0,0.226955063294,0.29,0.415,0.603333333333
1071,688382,益方生物,6,5.0,1.0,0.0,0.0,0.0,-0.546704920864,-0.41,-0.23,-0.096
1072,001316,润贝航科,6,6.0,0.0,0.0,0.0,0.0,1.140960576847,1.931666666667,2.476666666667,3.148333333333
1073,300363,博腾股份,6,4.0,2.0,0.0,0.0,0.0,0.177277166062,0.093333333333,0.658333333333,1.068
1074,688009,中国通号,6,5.0,1.0,0.0,0.0,0.0,0.34810893103,0.366666666667,0.398333333333,0.432
1075,001233,海安集团,6,2.0,4.0,0.0,0.0,0.0,3.009186356685,3.053333333333,3.898333333333,5.036666666667
1076,600201,生物股份,6,3.0,3.0,0.0,0.0,0.0,0.091016551581,0.215,0.301666666667,0.42
1077,603009,北特科技,6,4.0,2.0,0.0,0.0,0.0,0.345127985648,0.456666666667,0.795,1.473333333333
1078,601298,青岛港,6,4.0,2.0,0.0,0.0,0.0,0.812112907365,0.833333333333,0.88,0.918333333333
1079,600971,恒源煤电,6,6.0,0.0,0.0,0.0,0.0,-0.159796013055,0.445,0.583333333333,0.771666666667
1080,603071,物产环能,6,6.0,0.0,0.0,0.0,0.0,1.143983001447,1.535,1.62,1.733333333333
1081,688049,炬芯科技,6,6.0,0.0,0.0,0.0,0.0,1.162315184832,1.638333333333,2.21,2.975
1082,920476,海能技术,6,3.0,3.0,0.0,0.0,0.0,0.470272789397,0.64,0.783333333333,0.955
1083,600502,安徽建工,6,4.0,2.0,0.0,0.0,0.0,0.888874609131,0.96,1.035,1.13
1084,300772,运达股份,6,4.0,2.0,0.0,0.0,0.0,0.432019063511,0.8788,1.8362,2.31575
1085,002727,一心堂,6,4.0,2.0,0.0,0.0,0.0,0.449847330225,0.735,0.851666666667,0.983333333333
1086,688347,华虹宏力,6,3.0,3.0,0.0,0.0,0.0,0.216726535389,0.608333333333,0.88,1.136666666667
1087,688717,艾罗能源,6,4.0,2.0,0.0,0.0,0.0,0.75575338525,5.086666666667,7.105,8.446
1088,600163,中闽能源,6,4.0,2.0,0.0,0.0,0.0,0.274105795374,0.348333333333,0.386666666667,0.436
1089,002015,协鑫能科,6,6.0,0.0,0.0,0.0,0.0,0.248985751146,0.596666666667,0.708333333333,0.825
1090,600673,东阳光,6,5.0,1.0,0.0,0.0,0.0,0.091531792271,0.586166666667,0.754166666667,0.846666666667
1091,300580,贝斯特,6,5.0,1.0,0.0,0.0,0.0,0.55344344147,0.640666666667,0.750333333333,0.859
1092,000783,长江证券,6,2.0,3.0,1.0,0.0,0.0,0.668419893515,0.9,0.89,0.943333333333
1093,002925,盈趣科技,6,4.0,2.0,0.0,0.0,0.0,0.74781472027,0.6524,0.7754,0.96125
1094,301580,爱迪特,6,5.0,1.0,0.0,0.0,0.0,1.31523081972,1.87,2.7725,3.465
1095,601827,三峰环境,6,5.0,1.0,0.0,0.0,0.0,0.736247559774,0.77,0.811666666667,0.85
1096,688533,上声电子,6,4.0,2.0,0.0,0.0,0.0,1.106788328717,1.186666666667,1.495,1.773333333333
1097,688179,阿拉丁,6,2.0,4.0,0.0,0.0,0.0,0.281338145088,0.485,0.665,0.868333333333
1098,603290,斯达半导,6,4.0,2.0,0.0,0.0,0.0,1.692185997592,1.582,2.324,3.16
1099,300788,中信出版,6,3.0,3.0,0.0,0.0,0.0,0.684162224845,0.876666666667,0.975,1.088
1100,002930,宏川智慧,6,2.0,4.0,0.0,0.0,0.0,-0.938090313321,0.256666666667,0.505,0.703333333333
1101,002791,坚朗五金,6,4.0,2.0,0.0,0.0,0.0,-0.283815434931,0.243333333333,0.485,0.661666666667
1102,603061,金海通,6,5.0,1.0,0.0,0.0,0.0,2.029026168736,5.542333333333,8.929333333333,13.712
1103,920826,盖世食品,6,2.0,4.0,0.0,0.0,0.0,0.338623060391,0.395,0.458333333333,0.528333333333
1104,600129,太极集团,6,4.0,2.0,0.0,0.0,0.0,0.218654900708,0.566285714286,0.851571428571,1.107285714286
1105,688386,泛亚微透,6,5.0,1.0,0.0,0.0,0.0,1.089973806472,1.766666666667,2.716666666667,3.51
1106,002947,恒铭达,6,6.0,0.0,0.0,0.0,0.0,2.079687094683,2.888333333333,3.781666666667,4.703333333333
1107,600859,王府井,6,3.0,3.0,0.0,0.0,0.0,-0.035476080105,0.125,0.165,0.216
1108,001283,豪鹏科技,6,4.0,2.0,0.0,0.0,0.0,1.565967482294,3.034,4.46,6.39
1109,301109,军信股份,6,4.0,2.0,0.0,0.0,0.0,0.908090517916,1.05,1.128333333333,1.246666666667
1110,920978,开特股份,6,4.0,2.0,0.0,0.0,0.0,0.961839247946,1.151666666667,1.373333333333,1.661666666667
1111,601727,上海电气,6,5.0,1.0,0.0,0.0,0.0,0.077619662719,0.101666666667,0.146666666667,0.181666666667
1112,688408,中信博,6,5.0,1.0,0.0,0.0,0.0,-0.046116921235,2.611666666667,3.506666666667,4.425
1113,601717,中创智领,6,5.0,1.0,0.0,0.0,0.0,2.404723015106,2.473333333333,2.856666666667,3.245
1114,688332,中科蓝讯,6,4.0,2.0,0.0,0.0,0.0,7.930371410232,2.7,3.696,4.668
1115,601969,海南矿业,6,3.0,3.0,0.0,0.0,0.0,0.217195408922,0.538333333333,0.585,0.68
1116,002780,三夫户外,6,5.0,1.0,0.0,0.0,0.0,0.322633278781,0.606666666667,0.848333333333,1.128333333333
1117,603730,岱美股份,6,4.0,2.0,0.0,0.0,0.0,0.307056072516,0.4715,0.511833333333,0.57475
1118,000726,鲁泰A,6,4.0,2.0,0.0,0.0,0.0,0.726076422228,0.615714285714,0.677142857143,0.766666666667
1119,301018,申菱环境,6,4.0,2.0,0.0,0.0,0.0,0.579182424,1.334333333333,2.728666666667,4.521833333333
1120,002749,国光股份,6,4.0,2.0,0.0,0.0,0.0,0.561049471194,0.741666666667,0.828333333333,0.834
1121,601139,深圳燃气,6,4.0,2.0,0.0,0.0,0.0,0.48943496676,0.625,0.663333333333,0.69
1122,002033,丽江股份,6,1.0,5.0,0.0,0.0,0.0,0.388499217305,0.435,0.47,0.535
1123,301267,华厦眼科,6,5.0,1.0,0.0,0.0,0.0,0.524588644012,0.606666666667,0.703333333333,0.806666666667
1124,688603,天承科技,6,5.0,1.0,0.0,0.0,0.0,0.694964668135,1.292,2.348,3.584
1125,688063,派能科技,6,3.0,3.0,0.0,0.0,0.0,0.34532531264,1.608,2.368,3.125
1126,688161,威高骨科,6,2.0,4.0,0.0,0.0,0.0,0.67160878655,0.805,0.966666666667,1.13
1127,603203,快克智能,6,4.0,2.0,0.0,0.0,0.0,0.419355629966,1.055,1.278333333333,1.541666666667
1128,000582,北部湾港,6,3.0,3.0,0.0,0.0,0.0,0.412391595772,0.465,0.573333333333,0.695
1129,605305,中际联合,6,6.0,0.0,0.0,0.0,0.0,2.495465746471,3.051666666667,3.723333333333,4.601666666667
1130,688123,聚辰股份,6,6.0,0.0,0.0,0.0,0.0,2.287066189277,4.186666666667,4.901666666667,7.13
1131,600419,天润乳业,6,4.0,2.0,0.0,0.0,0.0,0.131476385538,0.388571428571,0.53,0.66
1132,002839,张家港行,6,2.0,3.0,1.0,0.0,0.0,0.809613243126,0.833333333333,0.87,0.913333333333
1133,300428,立中集团,6,5.0,1.0,0.0,0.0,0.0,1.292156303001,1.658,1.982,2.3175
1134,688035,德邦科技,6,5.0,1.0,0.0,0.0,0.0,0.756521857073,1.21,2.065,3.156
1135,688652,京仪装备,6,5.0,1.0,0.0,0.0,0.0,0.880508325298,1.7016,2.6884,3.981
1136,600059,古越龙山,6,3.0,3.0,0.0,0.0,0.0,0.243872622195,0.248333333333,0.261666666667,0.288333333333
1137,603579,荣泰健康,6,5.0,1.0,0.0,0.0,0.0,0.749568640834,0.924285714286,1.087142857143,1.231428571429
1138,605133,嵘泰股份,6,6.0,0.0,0.0,0.0,0.0,0.668884949012,0.85,1.09,1.325
1139,600803,新奥股份,6,4.0,2.0,0.0,0.0,0.0,1.512452353629,1.74,1.931666666667,2.196666666667
1140,002736,国信证券,6,3.0,3.0,0.0,0.0,0.0,1.081140287997,1.142,1.248,1.336
1141,688303,大全能源,6,3.0,3.0,0.0,0.0,0.0,-0.529518470923,-0.47,0.554,1.0225
1142,688507,索辰科技,6,5.0,1.0,0.0,0.0,0.0,0.35352535952,0.806666666667,1.106666666667,1.266
1143,603393,新天然气,6,6.0,0.0,0.0,0.0,0.0,1.903376578763,2.443333333333,2.886666666667,3.24
1144,000429,粤高速A,6,0.0,6.0,0.0,0.0,0.0,0.861551720425,0.756666666667,0.768333333333,0.756
1145,000031,大悦城,6,3.0,3.0,0.0,0.0,0.0,-0.548319847776,-0.116666666667,0.065,0.135
1146,601901,方正证券,6,3.0,3.0,0.0,0.0,0.0,0.482265565818,0.595,0.653333333333,0.708
1147,601567,三星电气,6,3.0,3.0,0.0,0.0,0.0,0.906598447021,0.986166666667,1.233666666667,1.4694
1148,600409,三友化工,6,5.0,1.0,0.0,0.0,0.0,0.043368813171,0.28,0.433333333333,0.588
1149,002803,吉宏股份,6,4.0,2.0,0.0,0.0,0.0,0.604546452226,0.795,1.008333333333,1.238
1150,920045,蘅东光,6,3.0,3.0,0.0,0.0,0.0,3.197417003897,6.69,10.225,13.708333333333
1151,000034,神州数码,6,4.0,2.0,0.0,0.0,0.0,0.514334064314,0.965,1.241666666667,1.655
1152,001872,招商港口,6,3.0,3.0,0.0,0.0,0.0,1.857806915021,1.961666666667,2.073333333333,2.183333333333
1153,600977,中国电影,6,2.0,4.0,0.0,0.0,0.0,0.062422717997,0.138571428571,0.267142857143,0.305
1154,300687,赛意信息,6,4.0,2.0,0.0,0.0,0.0,-0.262432452741,0.323333333333,0.635,0.912
1155,600521,华海药业,5,4.0,1.0,0.0,0.0,0.0,0.177925573809,0.592,0.544,0.695
1156,688126,沪硅产业,5,1.0,4.0,0.0,0.0,0.0,-0.456125848541,-0.178,-0.092,-0.016
1157,688758,赛分科技,5,2.0,3.0,0.0,0.0,0.0,0.303836451933,0.4375,0.5975,0.8
1158,000002,万科A,5,0.0,2.0,3.0,0.0,0.0,-7.422565331164,-2.626,-1.658,-0.898
1159,603688,石英股份,5,4.0,1.0,0.0,0.0,0.0,0.283068636465,0.615,1.1994,1.661
1160,300115,长盈精密,5,4.0,1.0,0.0,0.0,0.0,0.439024888712,0.6825,0.9675,1.145
1161,920018,宏远股份,5,0.0,5.0,0.0,0.0,0.0,0.642592167655,0.92,1.21,1.542
1162,688697,纽威数控,5,3.0,2.0,0.0,0.0,0.0,0.475189180609,0.648,0.828,1.008
1163,920060,万源通,5,2.0,3.0,0.0,0.0,0.0,0.820248719878,0.966,1.188,1.48
1164,688626,翔宇医疗,5,2.0,3.0,0.0,0.0,0.0,0.488477762313,0.612,0.77,0.926
1165,300286,安科瑞,5,4.0,1.0,0.0,0.0,0.0,0.81811829727,1.102,1.398,1.7925
1166,300121,阳谷华泰,5,4.0,1.0,0.0,0.0,0.0,0.443232239889,0.608,0.738,0.868
1167,300100,双林股份,5,4.0,1.0,0.0,0.0,0.0,0.869140922696,0.9,1.088,1.325
1168,002465,海格通信,5,4.0,1.0,0.0,0.0,0.0,-0.316849353759,0.076,0.208,0.274
1169,601619,嘉泽新能,5,4.0,1.0,0.0,0.0,0.0,0.237180851815,0.2498,0.283,0.4592
1170,688222,成都先导,5,1.0,4.0,0.0,0.0,0.0,0.273299001223,0.348,0.448,0.555
1171,000803,山高环能,5,2.0,3.0,0.0,0.0,0.0,0.064977178034,0.318333333333,0.52,0.693333333333
1172,600266,城建发展,5,4.0,1.0,0.0,0.0,0.0,-0.199062872535,0.088,0.194,0.2825
1173,600460,士兰微,5,2.0,3.0,0.0,0.0,0.0,0.239503385162,0.5175,0.7225,0.925
1174,600195,中牧股份,5,2.0,3.0,0.0,0.0,0.0,0.167768090816,0.222,0.29,0.38
1175,601878,浙商证券,5,3.0,2.0,0.0,0.0,0.0,0.531955002999,0.676,0.724,0.776
1176,600557,康缘药业,5,4.0,1.0,0.0,0.0,0.0,0.536829621917,0.618,0.69,0.774
1177,300196,长海股份,5,3.0,2.0,0.0,0.0,0.0,0.798223100496,0.934,1.11,1.322
1178,603638,艾迪精密,5,1.0,4.0,0.0,0.0,0.0,0.447005640094,0.656,0.84,1.065
1179,605108,同庆楼,5,2.0,3.0,0.0,0.0,0.0,0.3928024905,0.43,0.532,0.654
1180,002768,国恩股份,5,3.0,2.0,0.0,0.0,0.0,1.926909767132,3.116,3.894,4.91
1181,601828,美凯龙,5,1.0,4.0,0.0,0.0,0.0,-5.448773168634,0.0,0.056,0.096
1182,301550,斯菱智驱,5,3.0,2.0,0.0,0.0,0.0,0.51469316513,0.6842,0.8258,0.7975
1183,603281,江瀚新材,5,5.0,0.0,0.0,0.0,0.0,0.806443268463,1.6136,1.9198,2.2425
1184,002918,蒙娜丽莎,5,3.0,2.0,0.0,0.0,0.0,0.128240601749,0.328,0.396,0.4775
1185,600331,宏达股份,5,3.0,2.0,0.0,0.0,0.0,-0.028130169749,0.016,0.03,0.03
1186,920068,天工股份,5,0.0,5.0,0.0,0.0,0.0,0.213460907669,0.314,0.402,0.482
1187,600895,张江高科,5,5.0,0.0,0.0,0.0,0.0,0.636745552813,0.65,0.72,0.768
1188,920190,雷神科技,5,0.0,5.0,0.0,0.0,0.0,0.228943414611,0.298,0.374,0.438
1189,002354,天娱数科,5,1.0,4.0,0.0,0.0,0.0,-0.029524782831,0.056,0.066,0.076
1190,603599,广信股份,5,2.0,3.0,0.0,0.0,0.0,0.721662809781,0.974,1.098,1.2225
1191,688381,帝奥微,5,2.0,3.0,0.0,0.0,0.0,-0.266575364646,0.034,0.24,0.5225
1192,600458,时代新材,5,3.0,2.0,0.0,0.0,0.0,0.539447066543,0.6916,0.8644,1.0434
1193,300893,松原安全,5,3.0,2.0,0.0,0.0,0.0,0.773002501547,1.052,1.376,1.84
1194,605123,派克新材,5,5.0,0.0,0.0,0.0,0.0,2.082797225591,3.21,4.022,4.922
1195,605116,奥锐特,5,5.0,0.0,0.0,0.0,0.0,1.105929616041,1.16,1.382,1.66
1196,603039,泛微网络,5,3.0,2.0,0.0,0.0,0.0,0.938410448064,1.372,1.63,1.8475
1197,600826,兰生股份,5,3.0,2.0,0.0,0.0,0.0,0.449802793413,0.454,0.496,0.55
1198,002734,利民股份,5,3.0,2.0,0.0,0.0,0.0,1.01725946828,1.234,1.38,1.508
1199,601609,金田股份,5,4.0,1.0,0.0,0.0,0.0,0.435286244159,0.614,0.78,0.95
1200,300129,泰胜风能,5,4.0,1.0,0.0,0.0,0.0,0.193519894186,0.266,0.33,0.42
1201,002858,力盛体育,5,2.0,3.0,0.0,0.0,0.0,-0.035614836073,0.292,0.464,0.614
1202,603866,桃李面包,5,2.0,3.0,0.0,0.0,0.0,0.177439751498,0.174,0.192,0.21
1203,688401,路维光电,5,4.0,1.0,0.0,0.0,0.0,1.226978785306,1.844,2.616,3.685
1204,688105,诺唯赞,5,2.0,3.0,0.0,0.0,0.0,-0.032135040424,0.25,0.371666666667,0.522
1205,002402,和而泰,5,4.0,1.0,0.0,0.0,0.0,0.718474204328,0.758,0.97,1.1925
1206,301217,铜冠铜箔,5,3.0,2.0,0.0,0.0,0.0,0.075571407814,0.563,0.9274,1.68
1207,688802,沐曦股份,5,4.0,1.0,0.0,0.0,0.0,-1.973122461435,0.092,2.354,4.498
1208,300769,德方纳米,5,4.0,1.0,0.0,0.0,0.0,-2.929991505669,3.378,4.458,5.266
1209,300792,壹网壹创,5,1.0,4.0,0.0,0.0,0.0,0.452587753837,0.616666666667,0.76,0.9125
1210,300601,康泰生物,5,4.0,1.0,0.0,0.0,0.0,0.062967640423,0.148333333333,0.215,0.29
1211,603661,恒林股份,5,5.0,0.0,0.0,0.0,0.0,1.178158878577,2.6072,3.6308,4.2376
1212,688800,瑞可达,5,2.0,2.0,1.0,0.0,0.0,1.037035957603,1.904,2.566,3.27
1213,603909,建发合诚,5,5.0,0.0,0.0,0.0,0.0,0.418892824708,0.49,0.556,0.62
1214,603217,元利科技,5,1.0,4.0,0.0,0.0,0.0,0.928076445545,1.34,1.576,1.936
1215,601238,广汽集团,5,3.0,2.0,0.0,0.0,0.0,-0.861387121466,-19.69,-12.744,-8.2696
1216,603707,健友股份,5,3.0,2.0,0.0,0.0,0.0,0.359939211278,0.425,0.523333333333,0.668333333333
1217,300674,宇信科技,5,4.0,1.0,0.0,0.0,0.0,0.613364483597,0.716666666667,0.841666666667,0.988
1218,000636,风华高科,5,3.0,2.0,0.0,0.0,0.0,0.246901161307,0.655,0.95,1.1
1219,301015,百洋医药,5,4.0,1.0,0.0,0.0,0.0,0.903088435882,1.178333333333,1.32,1.398
1220,301548,崇德科技,5,3.0,2.0,0.0,0.0,0.0,1.546463692184,2.074,2.814,3.576
1221,300850,新强联,5,1.0,4.0,0.0,0.0,0.0,1.975820226186,2.596,3.228,3.744
1222,920699,海达尔,5,0.0,5.0,0.0,0.0,0.0,0.992728869728,1.078,1.494,2.202
1223,000510,新金路,5,3.0,2.0,0.0,0.0,0.0,-0.355180538266,-0.045,0.585,0.875
1224,002051,中工国际,5,4.0,1.0,0.0,0.0,0.0,0.256197815544,0.255,0.2825,0.305
1225,600316,洪都航空,5,3.0,2.0,0.0,0.0,0.0,0.055444201218,0.2194,0.4182,0.7215
1226,603556,海兴电力,5,3.0,2.0,0.0,0.0,0.0,1.499383141884,1.6016,1.9738,2.36375
1227,300339,润和软件,5,2.0,3.0,0.0,0.0,0.0,0.121761620018,0.258,0.33,0.424
1228,000519,中兵红箭,5,4.0,1.0,0.0,0.0,0.0,0.029942030247,0.335,0.485,0.6425
1229,002364,中恒电气,5,2.0,3.0,0.0,0.0,0.0,0.224241374322,0.435,0.671666666667,0.924
1230,688385,复旦微电,5,4.0,1.0,0.0,0.0,0.0,0.282059166445,4.74,4.935,6.5275
1231,603018,华设集团,5,2.0,3.0,0.0,0.0,0.0,0.334823795415,0.396,0.43,0.4325
1232,688631,莱斯信息,5,1.0,4.0,0.0,0.0,0.0,0.338053908974,0.654,0.978,1.252
1233,601595,上海电影,5,3.0,1.0,1.0,0.0,0.0,0.251889392637,0.225,0.348333333333,0.42
1234,603355,莱克电气,5,4.0,1.0,0.0,0.0,0.0,1.394040072475,1.464,1.778,1.978
1235,601369,陕鼓动力,5,4.0,1.0,0.0,0.0,0.0,0.433983032828,0.5242,0.5938,0.61
1236,920879,基康技术,5,2.0,3.0,0.0,0.0,0.0,0.411271667438,0.536,0.624,0.724
1237,601677,明泰铝业,5,3.0,2.0,0.0,0.0,0.0,1.576428440983,2.016,2.184,2.382
1238,688160,步科股份,5,4.0,1.0,0.0,0.0,0.0,0.794615074267,1.11,1.56,1.9675
1239,002772,众兴菌业,5,3.0,2.0,0.0,0.0,0.0,0.893849825021,1.082,1.162,1.26
1240,920026,卓兆点胶,5,2.0,3.0,0.0,0.0,0.0,0.449993178464,0.528,0.656,0.792
1241,600131,国网信通,5,4.0,1.0,0.0,0.0,0.0,0.549177724917,0.688,0.804,0.9475
1242,603901,永创智能,5,1.0,4.0,0.0,0.0,0.0,0.237977236258,0.472,0.57,0.695
1243,600380,健康元,5,3.0,2.0,0.0,0.0,0.0,0.730025558984,0.776,0.826,0.89
1244,002284,亚太股份,5,2.0,3.0,0.0,0.0,0.0,0.663143763788,0.872,1.05,1.252
1245,920808,曙光数创,5,2.0,3.0,0.0,0.0,0.0,0.184488325828,0.33,0.534,0.7575
1246,920914,远航精密,5,3.0,2.0,0.0,0.0,0.0,0.536524809245,0.716,1.04,1.0275
1247,600497,驰宏锌锗,5,3.0,2.0,0.0,0.0,0.0,0.205405945857,0.446,0.516,0.59
1248,600927,永安期货,5,1.0,4.0,0.0,0.0,0.0,0.449379923152,0.492,0.544,0.59
1249,688518,联赢激光,5,2.0,3.0,0.0,0.0,0.0,0.49004554063,1.045,1.48,1.956666666667
1250,603998,方盛制药,5,4.0,1.0,0.0,0.0,0.0,0.697791083206,0.83,1.0,1.203333333333
1251,600548,深高速,5,0.0,5.0,0.0,0.0,0.0,0.452882931161,0.59,0.6,0.632
1252,300017,网宿科技,5,3.0,2.0,0.0,0.0,0.0,0.32036385816,0.348,0.436,0.5625
1253,300622,博士眼镜,5,4.0,1.0,0.0,0.0,0.0,0.465855479099,0.58,0.666,0.778
1254,301188,力诺药包,5,5.0,0.0,0.0,0.0,0.0,0.148242996122,0.478333333333,0.623333333333,0.776
1255,600909,华安证券,5,2.0,3.0,0.0,0.0,0.0,0.419634895438,0.85,0.7625,0.956666666667
1256,301396,宏景科技,5,3.0,2.0,0.0,0.0,0.0,0.12305590159,3.108,6.464,13.926666666667
1257,002747,埃斯顿,5,2.0,3.0,0.0,0.0,0.0,0.046426941412,0.242,0.308,0.408
1258,301511,德福科技,5,4.0,1.0,0.0,0.0,0.0,0.178515936791,1.272,3.246,5.324
1259,688108,赛诺医疗,5,5.0,0.0,0.0,0.0,0.0,0.113138159382,0.202,0.27,0.372
1260,600515,海南机场,5,0.0,5.0,0.0,0.0,0.0,0.019129844717,0.016,0.02,0.024
1261,002041,登海种业,5,2.0,3.0,0.0,0.0,0.0,0.10415153617,0.17,0.21,0.23
1262,603566,普莱柯,5,1.0,4.0,0.0,0.0,0.0,0.534567278069,0.528,0.62,0.695
1263,601083,锦江航运,5,2.0,3.0,0.0,0.0,0.0,1.159333928546,1.094,1.092,1.108
1264,002301,齐心集团,5,3.0,2.0,0.0,0.0,0.0,0.111403152015,0.218,0.264,0.3
1265,300218,安利股份,5,3.0,2.0,0.0,0.0,0.0,0.60533363183,0.636,0.81,0.96
1266,688236,春立医疗,5,4.0,1.0,0.0,0.0,0.0,0.710544133812,0.858,1.048,1.258
1267,001389,广合科技,5,4.0,1.0,0.0,0.0,0.0,2.148866821313,4.441666666667,7.675,11.665
1268,603518,锦泓集团,5,2.0,3.0,0.0,0.0,0.0,0.655593443529,0.906,1.032,1.2225
1269,002985,北摩高科,5,3.0,2.0,0.0,0.0,0.0,0.602780798521,0.774,0.99,1.266
1270,002019,亿帆医药,5,4.0,1.0,0.0,0.0,0.0,0.330503502591,0.372,0.462,0.544
1271,000682,东方电子,5,5.0,0.0,0.0,0.0,0.0,0.680222316056,0.772,0.904,1.032
1272,920125,鸿仕达,5,3.0,2.0,0.0,0.0,0.0,1.242011487892,2.6,6.488,9.28
1273,600109,国金证券,5,3.0,2.0,0.0,0.0,0.0,0.618172406065,0.686,0.758,0.8525
1274,600905,三峡能源,5,4.0,1.0,0.0,0.0,0.0,0.129930113204,0.136,0.152,0.17
1275,600556,天下秀,5,3.0,2.0,0.0,0.0,0.0,0.017074470143,0.042,0.068,0.088
1276,002387,维信诺,5,0.0,4.0,1.0,0.0,0.0,-1.710308391552,-1.404,-1.214,-1.08
1277,688068,热景生物,5,3.0,2.0,0.0,0.0,0.0,-2.329224041874,-1.118,-0.42,0.236
1278,920119,美德乐,5,3.0,2.0,0.0,0.0,0.0,2.68723256562,3.45,4.352,4.9725
1279,605189,富春染织,5,5.0,0.0,0.0,0.0,0.0,0.322051411443,1.236,1.174,1.318
1280,603215,比依股份,5,3.0,2.0,0.0,0.0,0.0,0.379661931575,0.656,0.864,1.062
1281,300672,国科微,5,4.0,1.0,0.0,0.0,0.0,-1.074535246843,1.918,2.878,
1282,688433,华曙高科,5,2.0,3.0,0.0,0.0,0.0,0.166047045102,0.312,0.572,0.7675
1283,605166,聚合顺,5,4.0,1.0,0.0,0.0,0.0,0.460211885958,0.614,0.834,1.0175
1284,002990,盛视科技,5,4.0,1.0,0.0,0.0,0.0,0.325811959229,1.46,2.38,3.316
1285,688400,凌云光,5,4.0,1.0,0.0,0.0,0.0,0.339152545726,0.876,0.788,1.024
1286,688205,德科立,5,3.0,2.0,0.0,0.0,0.0,0.449365980955,1.28,2.242,3.372
1287,603115,海星股份,5,5.0,0.0,0.0,0.0,0.0,0.843207633086,1.3684,2.8362,4.4502
1288,002318,久立特材,5,3.0,2.0,0.0,0.0,0.0,1.54463586107,1.18,1.4325,1.7175
1289,300729,乐歌股份,5,3.0,2.0,0.0,0.0,0.0,0.759542111879,0.6586,0.8672,1.084
1290,002254,泰和新材,5,2.0,3.0,0.0,0.0,0.0,0.04869468298,0.17,0.25,0.3025
1291,688136,科兴制药,5,3.0,2.0,0.0,0.0,0.0,0.770194581627,0.85,1.068,1.18
1292,688226,威腾电气,5,3.0,1.0,1.0,0.0,0.0,0.155147809625,0.7,1.375,2.225
1293,688232,新点软件,5,2.0,3.0,0.0,0.0,0.0,0.112238571833,0.374,0.49,0.585
1294,688372,伟测科技,5,4.0,1.0,0.0,0.0,0.0,1.794111606374,2.57,3.78,5.282
1295,688231,隆达股份,5,4.0,1.0,0.0,0.0,0.0,0.231649481015,0.566,0.89,1.306
1296,688279,峰岹科技,5,5.0,0.0,0.0,0.0,0.0,1.901900428167,3.334,4.848,6.432
1297,920694,中裕科技,5,2.0,3.0,0.0,0.0,0.0,0.683506819607,1.026,1.254,1.518
1298,301179,泽宇智能,5,4.0,1.0,0.0,0.0,0.0,0.369573495668,0.62,0.814,1.0275
1299,300170,汉得信息,5,4.0,1.0,0.0,0.0,0.0,0.217795550867,0.284,0.35,0.432
1300,688621,阳光诺和,5,4.0,1.0,0.0,0.0,0.0,1.820243897054,2.096,2.406,2.74
1301,603112,华翔股份,5,5.0,0.0,0.0,0.0,0.0,1.033160643811,1.28,1.538,1.732
1302,688583,思看科技,5,3.0,2.0,0.0,0.0,0.0,0.774843514059,1.384,2.192,2.925
1303,920493,并行科技,5,4.0,1.0,0.0,0.0,0.0,0.201676652231,0.758,1.302,2.0625
1304,920571,国航远洋,5,2.0,3.0,0.0,0.0,0.0,0.049897430148,0.318,0.378,0.424
1305,002250,联化科技,5,3.0,2.0,0.0,0.0,0.0,0.402216984129,0.694,0.886,1.1575
1306,300969,恒帅股份,5,1.0,4.0,0.0,0.0,0.0,1.015447348979,1.294,1.586,1.9
1307,920809,安达科技,5,1.0,4.0,0.0,0.0,0.0,-0.428692372306,0.432,0.76,1.1025
1308,600580,卧龙电驱,5,3.0,2.0,0.0,0.0,0.0,0.720915950945,0.792,0.892,0.988
1309,603867,新化股份,5,3.0,2.0,0.0,0.0,0.0,1.197501105665,1.512,1.826,2.148
1310,688085,三友医疗,5,3.0,2.0,0.0,0.0,0.0,0.172024721422,0.286,0.428,0.586
1311,600827,百联股份,5,2.0,3.0,0.0,0.0,0.0,0.353710146363,0.472,0.338,0.345
1312,300738,奥飞数据,5,4.0,1.0,0.0,0.0,0.0,0.13432778063,0.396,0.528,0.612
1313,301536,星宸科技,5,5.0,0.0,0.0,0.0,0.0,0.731222820972,2.036,2.492,2.97
1314,605056,咸亨国际,5,2.0,3.0,0.0,0.0,0.0,0.634092995121,0.74,0.862,0.9725
1315,002103,广博股份,5,4.0,1.0,0.0,0.0,0.0,0.308003181999,0.3625,0.4325,0.466666666667
1316,688328,深科达,5,4.0,1.0,0.0,0.0,0.0,0.258516122403,1.228,2.622,4.4025
1317,688305,科德数控,5,3.0,2.0,0.0,0.0,0.0,0.668421068454,0.906,1.1678,1.40175
1318,002153,石基信息,5,2.0,3.0,0.0,0.0,0.0,-0.060862858132,0.02,0.044,0.0775
1319,603530,神马电力,5,4.0,1.0,0.0,0.0,0.0,1.000632705518,1.378,1.84,2.384
1320,603163,圣晖集成,5,4.0,1.0,0.0,0.0,0.0,1.5454614311,2.156,3.188,4.09
1321,920029,开发科技,5,1.0,4.0,0.0,0.0,0.0,3.414620077488,3.466,4.16,4.485
1322,688383,新益昌,5,4.0,1.0,0.0,0.0,0.0,-1.251354644184,1.212,2.158,3.2425
1323,603236,移远通信,5,4.0,1.0,0.0,0.0,0.0,2.064980323445,3.246,4.168,5.3075
1324,301175,中科环保,5,4.0,1.0,0.0,0.0,0.0,0.259372174294,0.32,0.376,0.436
1325,600023,浙能电力,5,4.0,1.0,0.0,0.0,0.0,0.561428272292,0.4208,0.4826,0.552
1326,601702,华峰铝业,5,4.0,1.0,0.0,0.0,0.0,1.203628619944,1.446,1.702,2.0225
1327,601066,中信建投,5,4.0,1.0,0.0,0.0,0.0,1.216938924181,1.608,1.664,1.776
1328,688005,容百科技,5,3.0,1.0,1.0,0.0,0.0,-0.262297721625,0.54,1.098,1.51
1329,603992,松霖科技,5,4.0,1.0,0.0,0.0,0.0,0.46364053978,0.8775,1.1525,1.393333333333
1330,688297,中无人机,5,4.0,1.0,0.0,0.0,0.0,0.131222031348,0.202,0.324,0.476
1331,002438,江苏神通,5,2.0,3.0,0.0,0.0,0.0,0.562340875997,0.674,0.788,0.93
1332,002159,三特索道,5,4.0,1.0,0.0,0.0,0.0,0.808489160981,0.97,1.128,1.328
1333,688726,拉普拉斯,5,2.0,2.0,1.0,0.0,0.0,1.536701282038,1.6574,1.9296,2.1748
1334,002332,仙琚制药,4,3.0,1.0,0.0,0.0,0.0,0.454547294322,0.48,0.5525,0.643333333333
1335,688722,同益中,4,4.0,0.0,0.0,0.0,0.0,0.488495293639,0.69,0.8875,1.1075
1336,300762,上海瀚讯,4,2.0,2.0,0.0,0.0,0.0,-0.187482174816,0.0225,0.23,0.43
1337,002044,美年健康,4,2.0,2.0,0.0,0.0,0.0,0.072894356545,0.1075,0.1325,0.16
1338,002166,莱茵生物,4,4.0,0.0,0.0,0.0,0.0,0.192991906137,0.2625,0.3425,0.4225
1339,600720,中交设计,4,3.0,1.0,0.0,0.0,0.0,0.634128690744,0.6125,0.63,0.65
1340,600125,铁龙物流,4,3.0,1.0,0.0,0.0,0.0,0.402177833138,0.4975,0.57,0.563333333333
1341,600339,中油工程,4,1.0,3.0,0.0,0.0,0.0,0.063805900836,0.116666666667,0.13,0.143333333333
1342,600755,厦门国贸,4,3.0,1.0,0.0,0.0,0.0,0.238752366043,0.415,0.595,0.72
1343,002755,奥赛康,4,3.0,1.0,0.0,0.0,0.0,0.25491392726,0.415,0.57,0.843333333333
1344,000537,绿发电力,4,3.0,1.0,0.0,0.0,0.0,0.389503332621,0.31,0.42,0.5075
1345,600588,用友网络,4,3.0,1.0,0.0,0.0,0.0,-0.406562386714,-0.0225,0.0775,0.116666666667
1346,301235,华康洁净,4,4.0,0.0,0.0,0.0,0.0,0.846293192283,1.93,2.816,3.692
1347,001238,浙江正特,4,2.0,1.0,1.0,0.0,0.0,0.233444061928,0.8225,1.1925,1.4
1348,603489,八方股份,4,1.0,3.0,0.0,0.0,0.0,0.438241446577,0.763333333333,0.966666666667,1.275
1349,920689,克莱特,4,1.0,3.0,0.0,0.0,0.0,0.75059012752,0.8325,0.9675,1.1375
1350,002488,金固股份,4,3.0,1.0,0.0,0.0,0.0,0.041754325866,0.21,0.6025,0.975
1351,300616,尚品宅配,4,2.0,2.0,0.0,0.0,0.0,-1.106416794252,0.065,0.41,0.83
1352,688261,东微半导,4,2.0,2.0,0.0,0.0,0.0,0.376780454016,1.1625,1.8825,2.676666666667
1353,300260,新莱应材,4,2.0,2.0,0.0,0.0,0.0,0.429278921968,0.5825,0.85175,1.20325
1354,688719,爱科赛博,4,2.0,2.0,0.0,0.0,0.0,-0.38945177518,0.645,1.1625,1.72
1355,301086,鸿富瀚,4,3.0,1.0,0.0,0.0,0.0,0.806138862997,4.2925,8.8475,12.805
1356,300908,仲景食品,4,2.0,2.0,0.0,0.0,0.0,1.313684542808,1.375,1.46,1.55
1357,300573,兴齐眼药,4,3.0,1.0,0.0,0.0,0.0,1.960610730783,3.305,4.375,5.795
1358,600105,永鼎股份,4,2.0,2.0,0.0,0.0,0.0,0.159809499808,0.77,1.935,2.47
1359,920106,林泰新材,4,2.0,2.0,0.0,0.0,0.0,2.494916707219,2.615,3.39,4.46
1360,300938,信测标准,4,3.0,1.0,0.0,0.0,0.0,0.57604560529,0.9725,1.14,1.325
1361,002478,常宝股份,4,1.0,3.0,0.0,0.0,0.0,0.535381314429,0.5,0.62,0.736666666667
1362,920371,欧福蛋业,4,0.0,4.0,0.0,0.0,0.0,0.42125074998,0.3025,0.41,0.4875
1363,000875,电投绿能,4,1.0,3.0,0.0,0.0,0.0,0.141932361738,0.145,0.16,0.1825
1364,301525,儒竞科技,4,2.0,2.0,0.0,0.0,0.0,0.950010699089,1.955,2.66,3.275
1365,688720,艾森股份,4,3.0,1.0,0.0,0.0,0.0,0.417797376736,0.9025,1.4275,2.17
1366,688362,甬矽电子,4,3.0,1.0,0.0,0.0,0.0,0.180327304812,0.4775,0.74,1.0775
1367,000733,振华科技,4,3.0,1.0,0.0,0.0,0.0,1.850367007757,1.825,2.0925,2.315
1368,601333,广深铁路,4,1.0,2.0,1.0,0.0,0.0,0.201282073913,0.2,0.21,0.2175
1369,600446,金证股份,4,2.0,2.0,0.0,0.0,0.0,-0.17885871867,0.068,0.136,0.208
1370,001206,依依股份,4,2.0,2.0,0.0,0.0,0.0,0.989861707105,1.08,1.3,1.51
1371,600480,凌云股份,4,2.0,2.0,0.0,0.0,0.0,0.683240263468,0.6425,0.7225,0.806666666667
1372,600189,泉阳泉,4,4.0,0.0,0.0,0.0,0.0,0.021083363046,0.0875,0.2125,0.33
1373,688668,鼎通科技,4,3.0,1.0,0.0,0.0,0.0,1.727033056925,4.81,10.646666666667,14.383333333333
1374,002998,优彩资源,4,3.0,1.0,0.0,0.0,0.0,0.146713466225,0.4775,0.665,0.8125
1375,300867,圣元环保,4,2.0,2.0,0.0,0.0,0.0,0.913461985518,1.48,1.76,2.0725
1376,688488,艾迪药业,4,4.0,0.0,0.0,0.0,0.0,-0.046418971566,0.11,0.25,0.41
1377,000848,承德露露,4,3.0,1.0,0.0,0.0,0.0,0.614808089504,0.69,0.7275,0.7925
1378,600170,上海建工,4,2.0,2.0,0.0,0.0,0.0,0.139224380501,0.1375,0.1375,0.145
1379,603995,甬金股份,4,2.0,2.0,0.0,0.0,0.0,1.50901591502,1.99,2.236666666667,2.526666666667
1380,002807,江阴银行,4,3.0,1.0,0.0,0.0,0.0,0.75694800626,0.81,0.83,0.8525
1381,920262,太湖雪,4,0.0,4.0,0.0,0.0,0.0,0.466146684649,0.6675,0.855,1.095
1382,920971,天马新材,4,1.0,2.0,1.0,0.0,0.0,0.367076140215,0.3975,0.5375,0.715
1383,601512,中新集团,4,3.0,1.0,0.0,0.0,0.0,0.704526507909,0.725,0.7625,0.8025
1384,300861,美畅股份,4,2.0,2.0,0.0,0.0,0.0,0.363021558244,0.73,0.6965,0.7775
1385,301177,迪阿股份,4,1.0,2.0,1.0,0.0,0.0,0.347523749287,0.4375,0.585,0.773333333333
1386,920371,欧福蛋业,4,0.0,4.0,0.0,0.0,0.0,0.42125074998,0.3025,0.41,0.4875
1387,603466,风语筑,4,3.0,1.0,0.0,0.0,0.0,-0.030891033579,0.2425,0.2825,0.345
1388,003013,地铁设计,4,4.0,0.0,0.0,0.0,0.0,1.014714936149,1.04,1.1375,1.2175
1389,300762,上海瀚讯,4,2.0,2.0,0.0,0.0,0.0,-0.187482174816,0.0225,0.23,0.43
1390,600588,用友网络,4,3.0,1.0,0.0,0.0,0.0,-0.406562386714,-0.0225,0.0775,0.116666666667
1391,000537,绿发电力,4,3.0,1.0,0.0,0.0,0.0,0.389503332621,0.31,0.42,0.5075
1392,001238,浙江正特,4,2.0,1.0,1.0,0.0,0.0,0.233444061928,0.8225,1.1925,1.4
1393,603489,八方股份,4,1.0,3.0,0.0,0.0,0.0,0.438241446577,0.763333333333,0.966666666667,1.275
1394,920689,克莱特,4,1.0,3.0,0.0,0.0,0.0,0.75059012752,0.8325,0.9675,1.1375
1395,002488,金固股份,4,3.0,1.0,0.0,0.0,0.0,0.041754325866,0.21,0.6025,0.975
1396,300616,尚品宅配,4,2.0,2.0,0.0,0.0,0.0,-1.106416794252,0.065,0.41,0.83
1397,688261,东微半导,4,2.0,2.0,0.0,0.0,0.0,0.376780454016,1.1625,1.8825,2.676666666667
1398,300260,新莱应材,4,2.0,2.0,0.0,0.0,0.0,0.429278921968,0.5825,0.85175,1.20325
1399,301235,华康洁净,4,4.0,0.0,0.0,0.0,0.0,0.846293192283,1.93,2.816,3.692
1400,301086,鸿富瀚,4,3.0,1.0,0.0,0.0,0.0,0.806138862997,4.2925,8.8475,12.805
1401,300908,仲景食品,4,2.0,2.0,0.0,0.0,0.0,1.313684542808,1.375,1.46,1.55
1402,688719,爱科赛博,4,2.0,2.0,0.0,0.0,0.0,-0.38945177518,0.645,1.1625,1.72
1403,301177,迪阿股份,4,1.0,2.0,1.0,0.0,0.0,0.347523749287,0.4375,0.585,0.773333333333
1404,603466,风语筑,4,3.0,1.0,0.0,0.0,0.0,-0.030891033579,0.2425,0.2825,0.345
1405,003013,地铁设计,4,4.0,0.0,0.0,0.0,0.0,1.014714936149,1.04,1.1375,1.2175
1406,301362,民爆光电,4,1.0,3.0,0.0,0.0,0.0,1.26390541139,2.2525,4.285,6.436666666667
1407,300703,创源股份,4,4.0,0.0,0.0,0.0,0.0,0.336667328522,0.6115,0.8445,0.853
1408,603239,浙江仙通,4,2.0,2.0,0.0,0.0,0.0,0.819684522089,1.015,1.235,1.445
1409,600114,东睦股份,4,3.0,1.0,0.0,0.0,0.0,0.80263484461,0.9,1.17,1.393333333333
1410,000630,铜陵有色,4,2.0,2.0,0.0,0.0,0.0,0.180097113388,0.443333333333,0.7,0.85
1411,688798,艾为电子,4,2.0,2.0,0.0,0.0,0.0,1.359804916549,1.646666666667,2.093333333333,2.49
1412,002044,美年健康,4,2.0,2.0,0.0,0.0,0.0,0.072894356545,0.1075,0.1325,0.16
1413,002166,莱茵生物,4,4.0,0.0,0.0,0.0,0.0,0.192991906137,0.2625,0.3425,0.4225
1414,688722,同益中,4,4.0,0.0,0.0,0.0,0.0,0.488495293639,0.69,0.8875,1.1075
1415,920971,天马新材,4,1.0,2.0,1.0,0.0,0.0,0.367076140215,0.3975,0.5375,0.715
1416,301362,民爆光电,4,1.0,3.0,0.0,0.0,0.0,1.26390541139,2.2525,4.285,6.436666666667
1417,300703,创源股份,4,4.0,0.0,0.0,0.0,0.0,0.336667328522,0.6115,0.8445,0.853
1418,603239,浙江仙通,4,2.0,2.0,0.0,0.0,0.0,0.819684522089,1.015,1.235,1.445
1419,600114,东睦股份,4,3.0,1.0,0.0,0.0,0.0,0.80263484461,0.9,1.17,1.393333333333
1420,000630,铜陵有色,4,2.0,2.0,0.0,0.0,0.0,0.180097113388,0.443333333333,0.7,0.85
1421,000848,承德露露,4,3.0,1.0,0.0,0.0,0.0,0.614808089504,0.69,0.7275,0.7925
1422,600170,上海建工,4,2.0,2.0,0.0,0.0,0.0,0.139224380501,0.1375,0.1375,0.145
1423,603995,甬金股份,4,2.0,2.0,0.0,0.0,0.0,1.50901591502,1.99,2.236666666667,2.526666666667
1424,002807,江阴银行,4,3.0,1.0,0.0,0.0,0.0,0.75694800626,0.81,0.83,0.8525
1425,920262,太湖雪,4,0.0,4.0,0.0,0.0,0.0,0.466146684649,0.6675,0.855,1.095
1426,601512,中新集团,4,3.0,1.0,0.0,0.0,0.0,0.704526507909,0.725,0.7625,0.8025
1427,600125,铁龙物流,4,3.0,1.0,0.0,0.0,0.0,0.402177833138,0.4975,0.57,0.563333333333
1428,300861,美畅股份,4,2.0,2.0,0.0,0.0,0.0,0.363021558244,0.73,0.6965,0.7775
1429,002478,常宝股份,4,1.0,3.0,0.0,0.0,0.0,0.535381314429,0.5,0.62,0.736666666667
1430,300938,信测标准,4,3.0,1.0,0.0,0.0,0.0,0.57604560529,0.9725,1.14,1.325
1431,300573,兴齐眼药,4,3.0,1.0,0.0,0.0,0.0,1.960610730783,3.305,4.375,5.795
1432,600105,永鼎股份,4,2.0,2.0,0.0,0.0,0.0,0.159809499808,0.77,1.935,2.47
1433,002332,仙琚制药,4,3.0,1.0,0.0,0.0,0.0,0.454547294322,0.48,0.5525,0.643333333333
1434,002755,奥赛康,4,3.0,1.0,0.0,0.0,0.0,0.25491392726,0.415,0.57,0.843333333333
1435,600720,中交设计,4,3.0,1.0,0.0,0.0,0.0,0.634128690744,0.6125,0.63,0.65
1436,600755,厦门国贸,4,3.0,1.0,0.0,0.0,0.0,0.238752366043,0.415,0.595,0.72
1437,600339,中油工程,4,1.0,3.0,0.0,0.0,0.0,0.063805900836,0.116666666667,0.13,0.143333333333
1438,600711,盛屯矿业,4,3.0,1.0,0.0,0.0,0.0,0.634638397881,1.13,1.475,1.8725
1439,300755,华致酒行,4,3.0,1.0,0.0,0.0,0.0,-0.884809004425,-0.0025,0.1675,0.2725
1440,002533,金杯电工,4,2.0,2.0,0.0,0.0,0.0,0.817387227423,0.9245,1.052,1.215
1441,688267,中触媒,4,4.0,0.0,0.0,0.0,0.0,0.897918052793,1.4225,1.725,1.936666666667
1442,920123,芭薇股份,4,1.0,3.0,0.0,0.0,0.0,0.346590862829,0.41,0.49,0.575
1443,002452,长高电气,4,3.0,1.0,0.0,0.0,0.0,0.552335482373,0.8975,0.783,0.96
1444,920663,明阳科技,4,2.0,2.0,0.0,0.0,0.0,0.639190775299,0.7325,0.8775,1.07
1445,002039,黔源电力,4,4.0,0.0,0.0,0.0,0.0,1.403619122421,1.4075,1.4975,1.545
1446,603306,华懋科技,4,4.0,0.0,0.0,0.0,0.0,0.660903341751,1.1875,2.055,2.8425
1447,000553,安道麦A,4,3.0,1.0,0.0,0.0,0.0,-0.448842698479,0.2325,0.28,0.34
1448,300731,科创新源,4,3.0,1.0,0.0,0.0,0.0,0.200861558616,0.8345,1.92175,3.2555
1449,920346,威贸电子,4,2.0,2.0,0.0,0.0,0.0,0.60096767151,0.6575,0.7575,0.8675
1450,000589,贵州轮胎,4,3.0,1.0,0.0,0.0,0.0,0.398881904796,0.48775,0.5975,0.682
1451,603587,地素时尚,4,2.0,2.0,0.0,0.0,0.0,0.55092504443,0.634,0.7,0.766
1452,300785,值得买,4,2.0,2.0,0.0,0.0,0.0,0.43507297884,0.5625,0.7925,1.045
1453,920273,一致魔芋,4,0.0,4.0,0.0,0.0,0.0,0.647573420069,0.715,0.9125,1.15
1454,002787,华源控股,4,3.0,1.0,0.0,0.0,0.0,0.34138651026,0.5125,0.6625,0.93
1455,920118,太湖远大,4,2.0,2.0,0.0,0.0,0.0,0.497457895032,1.3,1.625,1.9875
1456,300236,上海新阳,4,2.0,2.0,0.0,0.0,0.0,0.959445024618,1.385,1.995,2.48
1457,300346,南大光电,4,1.0,3.0,0.0,0.0,0.0,0.462637966433,0.6425,0.785,0.9425
1458,301607,富特科技,4,4.0,0.0,0.0,0.0,0.0,0.91830636658,2.17,2.99,3.965
1459,603755,日辰股份,4,2.0,2.0,0.0,0.0,0.0,0.853942369619,0.885,1.03,1.2
1460,605183,确成股份,4,3.0,1.0,0.0,0.0,0.0,1.197038368096,1.4425,1.66,1.8725
1461,603969,银龙股份,4,3.0,1.0,0.0,0.0,0.0,0.419548717663,0.6225,0.7825,0.9375
1462,300503,昊志机电,4,3.0,1.0,0.0,0.0,0.0,0.383834136657,1.3175,2.0,2.6175
1463,300458,全志科技,4,2.0,1.0,1.0,0.0,0.0,0.263811185071,0.7175,0.8975,1.1275
1464,000507,珠海港,4,0.0,4.0,0.0,0.0,0.0,0.262246050847,0.2725,0.2925,0.3125
1465,300984,金沃股份,4,2.0,2.0,0.0,0.0,0.0,0.250445144711,0.654,1.064,1.27
1466,300945,曼卡龙,4,2.0,2.0,0.0,0.0,0.0,0.437192055039,0.59,0.715,0.8
1467,600095,湘财股份,4,1.0,3.0,0.0,0.0,0.0,0.162327813326,0.25,0.27,0.278
1468,002222,福晶科技,4,3.0,1.0,0.0,0.0,0.0,0.592396522105,0.905,1.255,1.67
1469,601611,中国核建,4,3.0,1.0,0.0,0.0,0.0,0.437664165128,0.48,0.5175,0.56
1470,002340,格林美,4,2.0,2.0,0.0,0.0,0.0,0.309725442777,0.3935,0.564,0.770666666667
1471,688820,盛合晶微,4,2.0,2.0,0.0,0.0,0.0,0.494156551067,0.6025,0.94,1.275
1472,000560,我爱我家,4,2.0,2.0,0.0,0.0,0.0,-0.041023553835,0.075,0.095,0.1075
1473,002497,雅化集团,4,2.0,2.0,0.0,0.0,0.0,0.548673196375,2.3025,2.6725,2.9425
1474,002048,宁波华翔,4,3.0,1.0,0.0,0.0,0.0,0.514869041668,1.78,2.0625,2.41
1475,603662,柯力传感,4,3.0,1.0,0.0,0.0,0.0,1.212660438455,1.20475,1.42725,1.641
1476,688593,新相微,4,2.0,2.0,0.0,0.0,0.0,0.019775786038,0.03025,0.07075,0.129
1477,300383,光环新网,4,3.0,1.0,0.0,0.0,0.0,-0.422346874542,0.12,0.1725,0.26
1478,300806,斯迪克,4,3.0,1.0,0.0,0.0,0.0,0.095230438347,0.466,1.142,1.818
1479,300815,玉禾田,4,3.0,1.0,0.0,0.0,0.0,1.400033074874,1.5075,1.645,1.8125
1480,605168,三人行,4,3.0,1.0,0.0,0.0,0.0,0.900953393006,1.2625,1.6375,2.003333333333
1481,301556,托普云农,4,2.0,2.0,0.0,0.0,0.0,1.247723685976,1.7475,2.2575,2.445
1482,688345,博力威,4,4.0,0.0,0.0,0.0,0.0,0.5485227576,1.61,3.0475,4.77
1483,600817,宇通重工,4,1.0,3.0,0.0,0.0,0.0,0.581501278958,0.605,0.68,0.7525
1484,300113,顺网科技,4,3.0,0.0,1.0,0.0,0.0,0.619484211392,0.67,0.86,0.96
1485,002085,万丰奥威,4,2.0,2.0,0.0,0.0,0.0,0.464944237033,0.495,0.59,0.69
1486,301373,凌玮科技,4,3.0,1.0,0.0,0.0,0.0,1.265255563848,1.463333333333,2.08,2.796666666667
1487,300277,汽轮科技,4,2.0,2.0,0.0,0.0,0.0,0.001479848936,0.3275,0.4,0.48
1488,603166,福达股份,4,3.0,1.0,0.0,0.0,0.0,0.490342293529,0.58,0.7325,0.873333333333
1489,300602,飞荣达,4,3.0,1.0,0.0,0.0,0.0,0.621645809246,1.1675,2.0125,2.745
1490,605488,福莱新材,4,3.0,1.0,0.0,0.0,0.0,0.2576110845,0.3775,0.5625,0.7975
1491,603667,五洲新春,4,2.0,2.0,0.0,0.0,0.0,0.238521404781,0.356666666667,0.456666666667,0.606666666667
1492,002392,北京利尔,4,4.0,0.0,0.0,0.0,0.0,0.336813972711,0.4125,0.4325,0.495
1493,300708,聚灿光电,4,3.0,1.0,0.0,0.0,0.0,0.217336068642,0.2575,0.35,0.4275
1494,688202,美迪西,4,2.0,2.0,0.0,0.0,0.0,-1.24916630637,0.625,1.515,2.4575
1495,301571,国科天成,4,3.0,1.0,0.0,0.0,0.0,1.137639366161,1.8675,2.835,3.8025
1496,600329,达仁堂,4,2.0,2.0,0.0,0.0,0.0,2.767221341368,1.412,1.656,1.882
1497,600662,外服控股,4,3.0,1.0,0.0,0.0,0.0,0.285667563276,0.31,0.3275,0.36
1498,000099,中信海直,4,0.0,3.0,1.0,0.0,0.0,0.397887406447,0.395,0.4975,0.573333333333
1499,002896,中大力德,4,1.0,3.0,0.0,0.0,0.0,0.319077678621,0.4625,0.5375,0.6425
1500,002290,禾盛新材,4,3.0,1.0,0.0,0.0,0.0,0.658463313653,0.9425,1.3725,1.85
1501,000860,顺鑫农业,4,0.0,4.0,0.0,0.0,0.0,-0.205399501312,0.03,0.085,0.1825
1502,600062,华润双鹤,4,3.0,1.0,0.0,0.0,0.0,1.585782049493,1.73,1.873333333333,2.11
1503,600508,上海能源,4,4.0,0.0,0.0,0.0,0.0,0.217858538709,0.6975,0.7875,0.9525
1504,002439,启明星辰,4,3.0,1.0,0.0,0.0,0.0,-0.472444918028,0.0225,0.0925,0.1925
1505,920976,视声智能,4,1.0,3.0,0.0,0.0,0.0,0.948874351617,1.1275,1.3975,1.6975
1506,000885,城发环境,4,2.0,2.0,0.0,0.0,0.0,1.92519573604,1.958,2.084,2.25
1507,002389,航天彩虹,4,3.0,1.0,0.0,0.0,0.0,0.027346875699,0.195,0.2475,0.3125
1508,000516,国际医学,4,3.0,1.0,0.0,0.0,0.0,-0.13983467314,-0.068,-0.026,0.014
1509,688366,昊海生科,4,2.0,1.0,1.0,0.0,0.0,1.096911269631,1.4425,1.6725,1.805
1510,002251,步步高,4,2.0,2.0,0.0,0.0,0.0,0.041958943586,0.0825,0.1175,0.155
1511,300857,协创数据,4,4.0,0.0,0.0,0.0,0.0,2.379386714861,8.53,15.575,20.8175
1512,603238,诺邦股份,4,4.0,0.0,0.0,0.0,0.0,0.660902208958,0.835,0.9975,1.21
1513,688321,微芯生物,4,3.0,1.0,0.0,0.0,0.0,0.115047125237,0.315,0.5375,0.74
1514,002968,新大正,4,3.0,1.0,0.0,0.0,0.0,0.419272217724,0.47,0.515,0.5625
1515,300474,景嘉微,4,3.0,1.0,0.0,0.0,0.0,-0.314995401863,0.013333333333,0.086666666667,0.273333333333
1516,002899,英派斯,4,3.0,1.0,0.0,0.0,0.0,0.426183207632,0.512,0.7,0.87
1517,920047,诺思兰德,4,0.0,4.0,0.0,0.0,0.0,-0.195873363933,-0.145,-0.0325,0.7125
1518,603309,维力医疗,4,1.0,3.0,0.0,0.0,0.0,0.261511393521,0.91,1.082,1.296
1519,600098,广州发展,4,4.0,0.0,0.0,0.0,0.0,0.661587677609,0.5275,0.585,0.6575
1520,688368,晶丰明源,4,2.0,1.0,1.0,0.0,0.0,0.174687837102,1.5,2.4525,3.415
1521,301397,溯联股份,4,1.0,3.0,0.0,0.0,0.0,0.699505859778,1.025,1.2075,1.435
1522,605128,上海沿浦,4,4.0,0.0,0.0,0.0,0.0,0.597673965426,0.8525,1.115,1.415
1523,601163,三角轮胎,4,2.0,2.0,0.0,0.0,0.0,1.153611027538,1.2175,1.4175,1.6475
1524,600661,昂立教育,4,4.0,0.0,0.0,0.0,0.0,0.302113360156,0.506666666667,0.693333333333,0.76
1525,600004,白云机场,4,2.0,2.0,0.0,0.0,0.0,0.569735887125,0.33975,0.4195,0.50325
1526,688690,纳微科技,4,4.0,0.0,0.0,0.0,0.0,0.336810715651,0.5975,0.8275,1.095
1527,603013,亚普股份,4,3.0,1.0,0.0,0.0,0.0,1.039338061984,1.1825,1.34,1.51
1528,300398,飞凯材料,4,2.0,2.0,0.0,0.0,0.0,0.684866265012,0.9425,1.12,1.3175
1529,002810,山东赫达,4,3.0,1.0,0.0,0.0,0.0,0.407193991006,1.176666666667,1.636666666667,2.126666666667
1530,603619,中曼石油,4,3.0,1.0,0.0,0.0,0.0,1.102037947347,1.7525,1.95,2.54
1531,920221,易实精密,4,2.0,2.0,0.0,0.0,0.0,0.488843934176,0.515,0.595,0.6675
1532,301153,中科江南,4,3.0,1.0,0.0,0.0,0.0,0.283609432816,0.418,0.536,0.7025
1533,600649,城投控股,4,2.0,2.0,0.0,0.0,0.0,0.116099944504,0.13,0.1725,0.215
1534,920682,球冠电缆,4,1.0,3.0,0.0,0.0,0.0,0.24814693995,0.2625,0.3075,0.3475
1535,300773,拉卡拉,4,2.0,1.0,1.0,0.0,0.0,1.076614723872,1.1575,0.7125,0.826666666667
1536,300790,宇瞳光学,4,3.0,1.0,0.0,0.0,0.0,0.473015150089,0.91,1.265,1.695
1537,603507,振江股份,4,3.0,1.0,0.0,0.0,0.0,0.466265592036,1.6575,2.8,3.61
1538,001222,源飞宠物,4,2.0,2.0,0.0,0.0,0.0,0.607020627063,0.866,1.128,1.378
1539,605358,立昂微,4,3.0,1.0,0.0,0.0,0.0,-0.184465623271,0.38,0.7725,1.0825
1540,001380,华纬科技,4,3.0,1.0,0.0,0.0,0.0,1.015613083442,1.095,1.27,1.47
1541,300049,福瑞医科,4,3.0,1.0,0.0,0.0,0.0,0.583690390509,0.93,1.248,1.626
1542,300446,航天智造,4,3.0,1.0,0.0,0.0,0.0,1.042198601703,0.925,1.0925,1.2725
1543,600197,伊力特,4,0.0,4.0,0.0,0.0,0.0,0.457280815175,0.4112,0.4768,0.549
1544,000888,峨眉山A,4,3.0,1.0,0.0,0.0,0.0,0.417576779899,0.493333333333,0.543333333333,0.64
1545,688156,路德科技,4,2.0,2.0,0.0,0.0,0.0,-0.696047312792,0.38,0.6325,0.8125
1546,920419,路斯股份,3,1.0,2.0,0.0,0.0,0.0,0.585245601531,0.636666666667,0.746666666667,0.896666666667
1547,603092,德力佳,3,2.0,1.0,0.0,0.0,0.0,2.068430157817,2.543333333333,3.05,3.335
1548,300130,新国都,3,3.0,0.0,0.0,0.0,0.0,0.826388648571,0.973333333333,1.253333333333,1.53
1549,002448,中原内配,3,1.0,2.0,0.0,0.0,0.0,0.695678263252,0.923333333333,1.086666666667,1.303333333333
1550,300354,东华测试,3,3.0,0.0,0.0,0.0,0.0,0.989894218343,1.14,1.323333333333,1.556666666667
1551,002637,赞宇科技,3,0.0,3.0,0.0,0.0,0.0,0.387704642869,0.936666666667,1.246666666667,1.59
1552,603040,新坐标,3,1.0,2.0,0.0,0.0,0.0,1.35213564739,2.106666666667,2.443333333333,2.843333333333
1553,300903,科翔股份,3,1.0,2.0,0.0,0.0,0.0,-0.565771879552,0.19,0.84,1.343333333333
1554,603160,汇顶科技,3,2.0,1.0,0.0,0.0,0.0,1.796416818579,1.905,2.345,2.965
1555,300034,钢研高纳,3,3.0,0.0,0.0,0.0,0.0,0.109725875048,0.313333333333,0.406666666667,0.526666666667
1556,301205,联特科技,3,2.0,1.0,0.0,0.0,0.0,0.792458219696,1.923333333333,3.736666666667,4.895
1557,688198,佰仁医疗,3,2.0,1.0,0.0,0.0,0.0,1.405245287644,1.79,2.616666666667,3.433333333333
1558,600765,中航重机,3,2.0,1.0,0.0,0.0,0.0,0.392157099467,0.45,0.543333333333,0.663333333333
1559,920195,三祥科技,3,1.0,2.0,0.0,0.0,0.0,1.140630549322,1.26,1.473333333333,1.835
1560,600582,天地科技,3,2.0,1.0,0.0,0.0,0.0,0.591241119851,0.585,0.61,0.645
1561,301486,致尚科技,3,2.0,1.0,0.0,0.0,0.0,0.73078146089,1.106666666667,1.65,2.523333333333
1562,688307,中润光学,3,3.0,0.0,0.0,0.0,0.0,0.50727725082,1.57,2.22,2.936666666667
1563,688377,迪威尔,3,2.0,1.0,0.0,0.0,0.0,0.511019751586,0.736666666667,1.15,1.626666666667
1564,300217,东方电热,3,0.0,3.0,0.0,0.0,0.0,0.105431910893,0.161333333333,0.208666666667,0.2585
1565,920225,利通科技,3,0.0,3.0,0.0,0.0,0.0,0.655814831084,0.78,0.925,1.1425
1566,300118,东方日升,3,2.0,1.0,0.0,0.0,0.0,-2.479491846495,-0.43,0.733333333333,1.513333333333
1567,688146,中船特气,3,2.0,1.0,0.0,0.0,0.0,0.652649049781,1.06,1.413333333333,1.96
1568,300263,隆华科技,3,2.0,1.0,0.0,0.0,0.0,0.183622874569,0.28,0.36,0.45
1569,301529,福赛科技,3,3.0,0.0,0.0,0.0,0.0,1.121099578696,1.713333333333,2.16,2.613333333333
1570,600575,淮河能源,3,3.0,0.0,0.0,0.0,0.0,0.236863519472,0.203333333333,0.243333333333,0.263333333333
1571,002556,辉隆股份,3,1.0,2.0,0.0,0.0,0.0,0.207141312283,0.23,0.286666666667,0.36
1572,002091,江苏国泰,3,1.0,2.0,0.0,0.0,0.0,0.794923042099,0.79,0.87,0.93
1573,601216,君正集团,3,3.0,0.0,0.0,0.0,0.0,0.393156385053,0.436666666667,0.493333333333,0.553333333333
1574,600016,民生银行,3,2.0,1.0,0.0,0.0,0.0,0.698065594494,0.676666666667,0.693333333333,0.685
1575,300136,信维通信,3,3.0,0.0,0.0,0.0,0.0,0.732440305759,1.12,1.706666666667,2.386666666667
1576,002440,闰土股份,3,1.0,2.0,0.0,0.0,0.0,0.595516996027,0.94,1.106666666667,1.345
1577,603601,再升科技,3,1.0,2.0,0.0,0.0,0.0,0.049125245618,0.063333333333,0.083333333333,0.106666666667
1578,603319,美湖股份,3,2.0,1.0,0.0,0.0,0.0,0.306273506413,0.57,0.686666666667,0.826666666667
1579,603194,中力股份,3,1.0,2.0,0.0,0.0,0.0,2.141163942693,2.276666666667,2.603333333333,2.94
1580,920009,丹娜生物,3,0.0,3.0,0.0,0.0,0.0,1.26045177327,1.583333333333,1.866666666667,2.196666666667
1581,300005,探路者,3,1.0,1.0,1.0,0.0,0.0,0.089383026603,0.16,0.212666666667,0.298
1582,000801,四川九洲,3,2.0,1.0,0.0,0.0,0.0,0.176273268907,0.22,0.283333333333,0.383333333333
1583,688499,利元亨,3,1.0,2.0,0.0,0.0,0.0,0.305260279072,0.893333333333,1.656666666667,2.366666666667
1584,688103,国力电子,3,2.0,1.0,0.0,0.0,0.0,0.73900121403,1.62,2.75,4.335
1585,600517,国网英大,3,1.0,2.0,0.0,0.0,0.0,0.442518969315,0.46,0.47,0.485
1586,920541,铁大科技,3,0.0,3.0,0.0,0.0,0.0,0.516566568983,0.633333333333,0.736666666667,0.865
1587,920547,无锡晶海,3,0.0,3.0,0.0,0.0,0.0,0.811553290598,0.99,1.213333333333,1.5
1588,600196,复星医药,3,3.0,0.0,0.0,0.0,0.0,1.262179654431,1.443333333333,1.716666666667,1.87
1589,600221,海航控股,3,1.0,2.0,0.0,0.0,0.0,0.045807220302,0.03,0.063333333333,0.106666666667
1590,300894,火星人,3,1.0,2.0,0.0,0.0,0.0,-0.731097490959,-0.083333333333,-0.003333333333,0.053333333333
1591,688733,壹石通,3,1.0,2.0,0.0,0.0,0.0,-0.110736582055,0.453333333333,0.713333333333,1.116666666667
1592,601997,贵阳银行,3,1.0,1.0,1.0,0.0,0.0,1.435705038646,1.403333333333,1.43,1.475
1593,002746,仙坛股份,3,2.0,1.0,0.0,0.0,0.0,0.282404063495,0.42,0.46,0.5
1594,920284,灵鸽科技,3,0.0,3.0,0.0,0.0,0.0,-0.081808161318,0.3,0.593333333333,1.006666666667
1595,600704,物产中大,3,2.0,1.0,0.0,0.0,0.0,0.700664455759,0.736666666667,0.8,0.873333333333
1596,001285,瑞立科密,3,2.0,1.0,0.0,0.0,0.0,1.844736037018,2.43,3.303333333333,4.143333333333
1597,920208,青矩技术,3,2.0,1.0,0.0,0.0,0.0,1.013318755327,1.383333333333,1.516666666667,1.673333333333
1598,000800,一汽解放,3,2.0,1.0,0.0,0.0,0.0,0.147226944282,0.243333333333,0.403333333333,0.6
1599,002405,四维图新,3,2.0,1.0,0.0,0.0,0.0,0.04368332671,-0.22,-0.176666666667,0.03
1600,301687,新广益,3,2.0,1.0,0.0,0.0,0.0,0.839472584159,0.95,1.18,1.396666666667
1601,002006,精工科技,3,0.0,3.0,0.0,0.0,0.0,0.356948706649,0.59,0.84,1.14
1602,000969,安泰科技,3,2.0,1.0,0.0,0.0,0.0,0.347328919392,0.383333333333,0.443333333333,0.496666666667
1603,600782,新钢股份,3,1.0,2.0,0.0,0.0,0.0,0.01396037452,0.08,0.135,0.085
1604,603128,华贸物流,3,2.0,1.0,0.0,0.0,0.0,0.373059984652,0.355,0.425,0.495
1605,688028,沃尔德,3,1.0,2.0,0.0,0.0,0.0,0.626099627291,0.936666666667,1.166666666667,1.596666666667
1606,920186,中科仪,3,0.0,3.0,0.0,0.0,0.0,3.769964362258,2.343333333333,1.2,1.45
1607,600694,大商股份,3,2.0,1.0,0.0,0.0,0.0,1.29516482906,1.486666666667,1.623333333333,1.84
1608,920227,美登科技,3,1.0,2.0,0.0,0.0,0.0,1.112512351348,1.286666666667,1.463333333333,1.565
1609,301321,翰博高新,3,3.0,0.0,0.0,0.0,0.0,-0.519194403036,0.62,1.313333333333,1.83
1610,301538,骏鼎达,3,3.0,0.0,0.0,0.0,0.0,1.777491871447,2.853333333333,3.473333333333,3.99
1611,600808,马钢股份,3,1.0,2.0,0.0,0.0,0.0,-0.027115304342,0.083333333333,0.19,0.226666666667
1612,600075,新疆天业,3,1.0,2.0,0.0,0.0,0.0,-0.033420088,0.404666666667,0.57,0.771333333333
1613,600598,北大荒,3,2.0,1.0,0.0,0.0,0.0,0.656013812777,0.7,0.75,0.79
1614,601788,光大证券,3,2.0,1.0,0.0,0.0,0.0,0.807712438632,0.966666666667,1.013333333333,1.05
1615,000550,江铃汽车,3,1.0,2.0,0.0,0.0,0.0,1.37563306318,1.956666666667,2.31,2.77
1616,001288,运机集团,3,3.0,0.0,0.0,0.0,0.0,0.837356392308,1.653333333333,2.426666666667,3.026666666667
1617,688176,亚虹医药,3,2.0,1.0,0.0,0.0,0.0,-0.727692722911,-0.583333333333,-0.22,
1618,688551,科威尔,3,1.0,2.0,0.0,0.0,0.0,0.586722949297,0.856666666667,1.333333333333,1.92
1619,920662,方盛股份,3,0.0,3.0,0.0,0.0,0.0,0.226536105162,0.36,0.456666666667,0.56
1620,688082,盛美上海,3,2.0,1.0,0.0,0.0,0.0,2.89253842587,3.536666666667,4.633333333333,5.45
1621,603680,今创集团,3,2.0,1.0,0.0,0.0,0.0,0.742543611719,0.836666666667,0.92,0.993333333333
1622,688501,青达环保,3,3.0,0.0,0.0,0.0,0.0,1.005859779526,1.396666666667,1.59,1.776666666667
1623,688486,龙迅股份,3,2.0,1.0,0.0,0.0,0.0,0.919968328294,2.19,3.126666666667,4.22
1624,920247,华密新材,3,1.0,2.0,0.0,0.0,0.0,0.229892778427,0.266666666667,0.32,0.393333333333
1625,300258,精锻科技,3,3.0,0.0,0.0,0.0,0.0,0.219716858541,0.133333333333,0.253333333333,0.323333333333
1626,688598,金博股份,3,2.0,1.0,0.0,0.0,0.0,-6.173595087333,-0.573333333333,0.346666666667,1.303333333333
1627,002414,高德红外,3,3.0,0.0,0.0,0.0,0.0,0.160673128233,0.296666666667,0.363333333333,0.453333333333
1628,301305,朗坤科技,3,1.0,2.0,0.0,0.0,0.0,1.096671602687,1.54,1.913333333333,2.456666666667
1629,300814,中富电路,3,1.0,2.0,0.0,0.0,0.0,0.1522457102,0.81,1.866666666667,3.023333333333
1630,688379,华光新材,3,2.0,1.0,0.0,0.0,0.0,1.980187240992,2.323333333333,3.38,4.5
1631,603408,建霖家居,3,3.0,0.0,0.0,0.0,0.0,0.984673162233,1.06,1.2825,1.4825
1632,301073,君亭酒店,3,2.0,1.0,0.0,0.0,0.0,0.118717583756,0.313333333333,0.45,0.596666666667
1633,603876,鼎胜新材,3,3.0,0.0,0.0,0.0,0.0,0.5519109271,1.21,1.766666666667,2.223333333333
1634,603757,大元泵业,3,3.0,0.0,0.0,0.0,0.0,0.775741786804,0.915,1.5975,2.3375
1635,003012,东鹏控股,3,2.0,1.0,0.0,0.0,0.0,0.304190496843,0.266666666667,0.353333333333,0.505
1636,920174,五新智能,3,2.0,1.0,0.0,0.0,0.0,0.917253471707,2.04,2.216666666667,2.36
1637,688586,江航装备,3,1.0,2.0,0.0,0.0,0.0,0.069520414607,0.076666666667,0.096666666667,0.133333333333
1638,002046,国机精工,3,2.0,1.0,0.0,0.0,0.0,0.485541334318,0.576666666667,0.74,0.923333333333
1639,000876,新希望,3,1.0,1.0,1.0,0.0,0.0,-0.359593199957,0.093333333333,0.526666666667,0.5
1640,000877,天山股份,3,2.0,1.0,0.0,0.0,0.0,-1.025366781945,-0.096666666667,0.103333333333,0.226666666667
1641,920020,泰凯英,3,2.0,1.0,0.0,0.0,0.0,0.773302351553,0.936666666667,1.116666666667,1.3
1642,600251,冠农股份,3,1.0,2.0,0.0,0.0,0.0,0.448450774722,0.926666666667,1.123333333333,1.263333333333
1643,301021,英诺激光,3,2.0,1.0,0.0,0.0,0.0,0.316109917842,0.51,0.8,1.423333333333
1644,601811,新华文轩,3,2.0,1.0,0.0,0.0,0.0,1.271193369048,1.306666666667,1.363333333333,1.443333333333
1645,603299,苏盐井神,3,2.0,1.0,0.0,0.0,0.0,0.546857904809,0.546666666667,0.736666666667,0.92
1646,002180,奔图科技,3,3.0,0.0,0.0,0.0,0.0,-0.505116535482,0.313333333333,0.53,0.75
1647,300636,同和药业,3,3.0,0.0,0.0,0.0,0.0,0.17404732256,0.21,0.253333333333,0.32
1648,002351,漫步者,3,2.0,1.0,0.0,0.0,0.0,0.484749379231,0.535,0.58,0.635
1649,002380,科远智慧,3,1.0,2.0,0.0,0.0,0.0,0.578752623888,1.76,2.206666666667,2.575
1650,601016,节能风电,3,1.0,2.0,0.0,0.0,0.0,0.104775606929,0.1,0.123333333333,0.15
1651,000069,华侨城A,3,1.0,2.0,0.0,0.0,0.0,-1.803501376843,-0.95,-0.486666666667,0.02
1652,000957,中通客车,3,2.0,1.0,0.0,0.0,0.0,0.606591938681,0.796666666667,1.036666666667,1.32
1653,002773,康弘药业,3,2.0,1.0,0.0,0.0,0.0,1.26227461087,1.23,1.352,1.538
1654,300881,盛德鑫泰,3,0.0,3.0,0.0,0.0,0.0,2.254903398818,2.205,2.425,2.655
1655,920089,禾昌聚合,3,1.0,2.0,0.0,0.0,0.0,0.848967855203,1.03,1.226666666667,1.506666666667
1656,688398,赛特新材,3,3.0,0.0,0.0,0.0,0.0,0.144123235753,0.643333333333,1.073333333333,0.89
1657,603088,宁波精达,3,3.0,0.0,0.0,0.0,0.0,0.239089300917,0.326666666667,0.416666666667,0.483333333333
1658,688153,唯捷创芯,3,2.0,1.0,0.0,0.0,0.0,0.101396670816,0.165,0.52,0.81
1659,002929,润建股份,3,1.0,2.0,0.0,0.0,0.0,0.132399081802,1.353333333333,2.2,3.305
1660,688312,燕麦科技,3,2.0,1.0,0.0,0.0,0.0,0.930002418226,1.243333333333,1.466666666667,1.77
1661,688580,伟思医疗,3,2.0,1.0,0.0,0.0,0.0,1.441691433658,1.8075,1.9725,2.353333333333
1662,603722,阿科力,3,2.0,1.0,0.0,0.0,0.0,-0.360236466961,0.186666666667,1.206666666667,2.143333333333
1663,600983,惠而浦,3,2.0,1.0,0.0,0.0,0.0,0.678095568245,0.676666666667,0.826666666667,1.006666666667
1664,300058,蓝色光标,3,1.0,2.0,0.0,0.0,0.0,0.062577140439,0.07,0.08,0.093333333333
1665,300684,中石科技,3,2.0,1.0,0.0,0.0,0.0,1.130424197722,1.503333333333,2.606666666667,4.465
1666,000913,钱江摩托,3,1.0,2.0,0.0,0.0,0.0,1.856229557912,0.526666666667,0.703333333333,0.76
1667,600894,广日股份,3,2.0,1.0,0.0,0.0,0.0,0.813627698103,0.826666666667,0.876666666667,0.98
1668,600459,贵研铂业,3,1.0,2.0,0.0,0.0,0.0,0.778133083867,0.96,1.103333333333,1.115
1669,300480,光力科技,3,2.0,1.0,0.0,0.0,0.0,0.108804090863,0.29,0.48,0.87
1670,000617,中油资本,3,1.0,2.0,0.0,0.0,0.0,0.340129268336,0.393333333333,0.413333333333,0.426666666667
1671,000828,东莞控股,3,1.0,2.0,0.0,0.0,0.0,0.792200580258,0.903333333333,0.91,0.926666666667
1672,300036,超图软件,3,2.0,1.0,0.0,0.0,0.0,0.095065598468,0.166666666667,0.316666666667,0.36
1673,688318,财富趋势,3,2.0,1.0,0.0,0.0,0.0,0.879620773073,1.423333333333,1.626666666667,1.65
1674,300654,世纪天鸿,3,2.0,1.0,0.0,0.0,0.0,0.068233507732,0.0775,0.1,0.115
1675,002913,奥士康,3,3.0,0.0,0.0,0.0,0.0,0.970213246668,1.495,2.175,3.1
1676,301172,君逸数码,3,2.0,1.0,0.0,0.0,0.0,0.15479808504,0.39,0.536666666667,
1677,920593,鼎智科技,3,1.0,2.0,0.0,0.0,0.0,0.157295009271,0.183333333333,0.22,0.293333333333
1678,688047,龙芯中科,3,2.0,1.0,0.0,0.0,0.0,-1.135013107656,-0.51,0.09,0.48
1679,600764,中国海防,3,2.0,1.0,0.0,0.0,0.0,0.169645646416,0.303333333333,0.39,0.486666666667
1680,002674,兴业科技,3,2.0,1.0,0.0,0.0,0.0,0.343116680216,0.596666666667,0.743333333333,0.89
1681,600332,白云山,3,1.0,2.0,0.0,0.0,0.0,1.834869111945,1.903333333333,2.013333333333,2.21
1682,688206,概伦电子,3,3.0,0.0,0.0,0.0,0.0,0.067938054153,0.09,0.183333333333,0.263333333333
1683,301559,中集环科,3,0.0,3.0,0.0,0.0,0.0,0.187867245283,0.435,0.565,0.705
1684,301608,博实结,3,3.0,0.0,0.0,0.0,0.0,1.770220919627,3.173333333333,4.163333333333,5.366666666667
1685,301595,太力科技,3,2.0,1.0,0.0,0.0,0.0,0.567492185999,0.656666666667,1.083333333333,1.53
1686,300681,英搏尔,3,1.0,2.0,0.0,0.0,0.0,0.606943742266,0.843333333333,1.053333333333,1.343333333333
1687,002765,蓝黛科技,3,2.0,1.0,0.0,0.0,0.0,0.283382845401,0.2875,0.3675,0.476666666667
1688,688183,生益电子,3,1.0,2.0,0.0,0.0,0.0,1.758792117863,3.393333333333,5.296666666667,7.186666666667
1689,688141,杰华特,3,2.0,1.0,0.0,0.0,0.0,-1.592471238084,-0.9,0.58,2.213333333333
1690,688575,亚辉龙,3,2.0,1.0,0.0,0.0,0.0,0.040848960996,0.296666666667,0.383333333333,0.48
1691,002926,华西证券,3,0.0,2.0,1.0,0.0,0.0,0.560125019276,0.67,0.725,0.8
1692,603277,银都股份,3,2.0,1.0,0.0,0.0,0.0,0.795632663724,0.893333333333,1.126666666667,1.296666666667
1693,920188,悦龙科技,3,1.0,2.0,0.0,0.0,0.0,1.087769886154,1.24,1.46,1.68
1694,688683,莱尔科技,3,1.0,2.0,0.0,0.0,0.0,0.258233173017,0.456666666667,0.743333333333,1.05
1695,688327,云从科技,3,2.0,1.0,0.0,0.0,0.0,-0.534252873647,-0.266666666667,-0.046666666667,0.07
1696,603212,赛伍技术,3,1.0,2.0,0.0,0.0,0.0,-0.6124403515,0.146666666667,0.253333333333,0.39
1697,920050,爱伦医疗,3,1.0,2.0,0.0,0.0,0.0,1.390183798794,1.69,2.08,2.55
1698,300617,安靠智电,3,2.0,1.0,0.0,0.0,0.0,0.444131761522,1.033666666667,1.691,2.524
1699,000878,云南铜业,3,1.0,2.0,0.0,0.0,0.0,0.536642907525,1.273333333333,1.456666666667,1.526666666667
1700,300253,卫宁健康,3,0.0,3.0,0.0,0.0,0.0,-0.169848053075,0.025,0.08,0.135
1701,000420,吉林化纤,3,1.0,2.0,0.0,0.0,0.0,0.00924424708,0.055,0.0975,0.1275
1702,603890,春秋电子,3,3.0,0.0,0.0,0.0,0.0,0.565251768818,0.896666666667,1.12,1.38
1703,600511,国药股份,3,2.0,1.0,0.0,0.0,0.0,2.646236157779,2.736666666667,2.903333333333,2.91
1704,301296,新巨丰,3,2.0,1.0,0.0,0.0,0.0,0.102202035473,0.216666666667,0.356666666667,0.496666666667
1705,001280,中国铀业,3,3.0,0.0,0.0,0.0,0.0,0.795597431246,1.22,1.88,2.15
1706,688227,品高股份,3,2.0,1.0,0.0,0.0,0.0,-0.464511581083,0.18,0.713333333333,1.71
1707,600960,渤海汽车,3,1.0,2.0,0.0,0.0,0.0,0.103301076531,0.226666666667,0.303333333333,0.3
1708,002975,博杰股份,3,2.0,1.0,0.0,0.0,0.0,0.703037582397,1.903333333333,2.513333333333,2.725
1709,603728,鸣志电器,3,2.0,1.0,0.0,0.0,0.0,0.145931112973,0.27,0.363333333333,0.503333333333
1710,000581,威孚高科,3,2.0,1.0,0.0,0.0,0.0,1.104864817285,1.675,1.925,2.17
1711,688275,万润新能,3,3.0,0.0,0.0,0.0,0.0,-3.634357402135,9.81,13.443333333333,18.075
1712,688489,三未信安,3,1.0,2.0,0.0,0.0,0.0,-0.257383140066,0.2325,0.4675,0.6975
1713,600552,凯盛科技,3,3.0,0.0,0.0,0.0,0.0,0.136213796646,0.206666666667,0.306666666667,0.43
1714,600663,陆家嘴,3,1.0,2.0,0.0,0.0,0.0,0.243445081335,0.41,0.473333333333,0.385
1715,603739,蔚蓝生物,3,1.0,2.0,0.0,0.0,0.0,0.27589608539,0.3325,0.3575,0.405
1716,920178,锐翔智能,3,1.0,2.0,0.0,0.0,0.0,1.98182553515,2.416666666667,3.5,4.54
1717,600848,上海临港,3,3.0,0.0,0.0,0.0,0.0,0.384169669034,0.393333333333,0.43,0.47
1718,600118,中国卫星,3,2.0,1.0,0.0,0.0,0.0,0.030069356916,0.063333333333,0.116666666667,0.17
1719,688809,强一股份,3,3.0,0.0,0.0,0.0,0.0,3.048217470764,4.83,6.91,10.985
1720,301232,飞沃科技,3,3.0,0.0,0.0,0.0,0.0,0.358923818826,1.066333333333,1.914,4.554
1721,601360,三六零,3,2.0,1.0,0.0,0.0,0.0,0.037575658998,0.063333333333,0.076666666667,0.125
1722,002428,云南锗业,3,1.0,2.0,0.0,0.0,0.0,0.03084577978,0.416666666667,0.95,1.415
1723,001313,粤海饲料,3,1.0,2.0,0.0,0.0,0.0,0.0254212304,0.273333333333,0.356666666667,0.453333333333
1724,001400,江顺科技,3,2.0,1.0,0.0,0.0,0.0,0.9661390075,1.786666666667,2.456666666667,3.246666666667
1725,688299,长阳科技,3,2.0,1.0,0.0,0.0,0.0,-0.49958372311,0.57,0.683333333333,0.75
1726,688031,星环科技,3,0.0,3.0,0.0,0.0,0.0,-2.023926334944,-1.003333333333,-0.453333333333,0.233333333333
1727,000403,派林生物,3,2.0,1.0,0.0,0.0,0.0,0.441148496067,0.45,0.486666666667,0.533333333333
1728,688314,康拓医疗,3,2.0,1.0,0.0,0.0,0.0,1.209183190598,1.46,1.766666666667,2.15
1729,600330,天通股份,3,3.0,0.0,0.0,0.0,0.0,-0.133915495317,0.016666666667,0.24,0.66
1730,688515,裕太微,3,3.0,0.0,0.0,0.0,0.0,-1.671644434,-0.84,0.3,1.47
1731,300871,回盛生物,3,3.0,0.0,0.0,0.0,0.0,1.254586724728,1.676666666667,2.02,2.493333333333
1732,000990,诚志股份,3,3.0,0.0,0.0,0.0,0.0,-0.045930277685,0.626666666667,0.736666666667,0.84
1733,002939,长城证券,3,1.0,2.0,0.0,0.0,0.0,0.582883292021,0.67,0.715,0.78
1734,300304,云意电气,3,2.0,1.0,0.0,0.0,0.0,0.531466260276,0.63,0.8,0.98
1735,600328,中盐化工,3,2.0,1.0,0.0,0.0,0.0,0.050432322662,-0.006666666667,0.133333333333,0.403333333333
1736,002833,弘亚数控,3,3.0,0.0,0.0,0.0,0.0,1.003529797291,1.178666666667,1.395666666667,1.66
1737,603520,司太立,3,2.0,1.0,0.0,0.0,0.0,0.023330717037,0.296666666667,0.53,0.743333333333
1738,688561,奇安信,3,2.0,1.0,0.0,0.0,0.0,-1.886726547791,-0.96,-0.413333333333,0.2
1739,688728,格科微,3,3.0,0.0,0.0,0.0,0.0,0.019422203321,0.046666666667,0.176666666667,0.353333333333
1740,301631,壹连科技,3,1.0,2.0,0.0,0.0,0.0,2.293048207877,3.546666666667,4.92,5.565
1741,002182,宝武镁业,3,2.0,1.0,0.0,0.0,0.0,-0.018702465043,0.176666666667,0.44,0.716666666667
1742,000555,神州信息,3,3.0,0.0,0.0,0.0,0.0,0.057829281359,0.146666666667,0.26,0.416666666667
1743,001314,亿道信息,3,3.0,0.0,0.0,0.0,0.0,0.458358026565,1.995,2.3,3.39
1744,002150,正泰电源,3,2.0,1.0,0.0,0.0,0.0,0.779645307605,1.166666666667,1.62,1.985
1745,002063,远光软件,3,1.0,2.0,0.0,0.0,0.0,0.156651188285,0.186666666667,0.22,0.25
1746,920510,丰光精密,3,0.0,3.0,0.0,0.0,0.0,-0.084503900595,0.073333333333,0.126666666667,0.17
1747,600416,湘电股份,3,1.0,2.0,0.0,0.0,0.0,0.152302927652,0.213333333333,0.283333333333,0.336666666667
1748,002647,仁东控股,3,2.0,1.0,0.0,0.0,0.0,0.316039813234,0.35,0.386666666667,0.493333333333
1749,603113,金能科技,3,3.0,0.0,0.0,0.0,0.0,0.025974287393,0.193333333333,0.24,0.403333333333
1750,000050,深天马A,3,3.0,0.0,0.0,0.0,0.0,0.068715659562,0.11,0.223333333333,0.34
1751,920183,海菲曼,3,0.0,3.0,0.0,0.0,0.0,1.528446627308,1.623333333333,1.876666666667,2.12
1752,300390,天华新能,3,3.0,0.0,0.0,0.0,0.0,0.484127416958,5.82,7.826666666667,8.94
1753,300387,富邦科技,3,3.0,0.0,0.0,0.0,0.0,0.204925666707,0.316666666667,0.363333333333,0.413333333333
1754,300249,依米康,3,2.0,1.0,0.0,0.0,0.0,0.066739848639,0.146666666667,0.266666666667,0.456666666667
1755,301128,强瑞技术,3,3.0,0.0,0.0,0.0,0.0,0.978130880796,1.943333333333,3.003333333333,4.27
1756,920111,聚星科技,3,2.0,1.0,0.0,0.0,0.0,0.773188679735,1.596666666667,2.136666666667,2.6
1757,002978,安宁股份,3,2.0,1.0,0.0,0.0,0.0,1.525371005902,1.503333333333,1.7,1.903333333333
1758,301326,捷邦科技,3,2.0,1.0,0.0,0.0,0.0,-0.641986687531,2.24,5.446666666667,9.95
1759,301108,洁雅股份,3,1.0,2.0,0.0,0.0,0.0,0.686499141869,0.736666666667,1.06,1.33
1760,002185,华天科技,3,1.0,2.0,0.0,0.0,0.0,0.213573874649,0.32,0.383333333333,0.48
1761,002695,煌上煌,3,2.0,1.0,0.0,0.0,0.0,0.145816158119,0.246666666667,0.29,0.333333333333
1762,600110,诺德股份,3,2.0,1.0,0.0,0.0,0.0,-0.172031463005,0.253333333333,0.726666666667,0.986666666667
1763,603856,东宏股份,3,3.0,0.0,0.0,0.0,0.0,0.884148379297,0.726666666667,0.866666666667,1.006666666667
1764,600567,山鹰国际,3,1.0,2.0,0.0,0.0,0.0,-0.183000631048,-0.04,0.046666666667,0.086666666667
1765,600918,中泰证券,3,0.0,3.0,0.0,0.0,0.0,0.181190029229,0.295,0.31,0.325
1766,920239,长虹能源,3,1.0,2.0,0.0,0.0,0.0,1.370374742377,1.503333333333,1.94,2.306666666667
1767,601226,华电科工,3,3.0,0.0,0.0,0.0,0.0,0.134839742392,0.198,0.26025,0.31575
1768,600686,金龙汽车,3,3.0,0.0,0.0,0.0,0.0,0.653145046027,0.986666666667,1.42,1.73
1769,300757,罗博特科,3,1.0,2.0,0.0,0.0,0.0,-0.396403092032,0.91,1.893333333333,5.135
1770,002219,新里程,3,2.0,1.0,0.0,0.0,0.0,0.008963947729,0.023333333333,0.033333333333,0.036666666667
1771,301091,深城交,3,0.0,3.0,0.0,0.0,0.0,0.116003795005,0.206666666667,0.29,0.363333333333
1772,688553,汇宇制药,3,2.0,1.0,0.0,0.0,0.0,-0.039880911491,0.01,0.1225,0.2
1773,301195,北路智控,3,2.0,1.0,0.0,0.0,0.0,1.146283278226,1.31,1.54,1.753333333333
1774,300986,志特新材,3,1.0,2.0,0.0,0.0,0.0,0.284144433363,0.543333333333,0.66,0.77
1775,920077,吉林碳谷,3,1.0,2.0,0.0,0.0,0.0,0.304625493313,0.475,0.6125,0.735
1776,300770,新媒股份,3,2.0,1.0,0.0,0.0,0.0,2.898694228099,2.93,2.996666666667,3.065
1777,300816,艾可蓝,3,2.0,1.0,0.0,0.0,0.0,1.18804552125,1.986666666667,3.016666666667,3.575
1778,300537,广信材料,3,1.0,2.0,0.0,0.0,0.0,0.066024349219,0.243333333333,0.45,0.696666666667
1779,603124,江南新材,3,3.0,0.0,0.0,0.0,0.0,1.50341418965,3.823333333333,6.57,8.73
1780,301629,矽电股份,3,2.0,1.0,0.0,0.0,0.0,1.266026005677,2.203333333333,3.303333333333,4.75
1781,600020,中原高速,3,2.0,1.0,0.0,0.0,0.0,0.279653792141,0.4,0.44,0.465
1782,688596,正帆科技,3,2.0,1.0,0.0,0.0,0.0,0.429062350388,0.59,2.03,3.14
1783,002419,天虹股份,3,2.0,1.0,0.0,0.0,0.0,0.072890805995,0.086666666667,0.11,0.136666666667
1784,688485,九州一轨,3,2.0,1.0,0.0,0.0,0.0,-0.096155488372,0.226666666667,1.153333333333,2.433333333333
1785,300702,天宇股份,3,2.0,1.0,0.0,0.0,0.0,0.401499934713,0.883333333333,1.18,1.466666666667
1786,301590,优优绿能,3,1.0,2.0,0.0,0.0,0.0,1.821197877773,5.296666666667,8.486666666667,13.225
1787,688449,联芸科技,3,2.0,1.0,0.0,0.0,0.0,0.309040142152,0.336666666667,0.536666666667,0.713333333333
1788,002357,富临运业,3,1.0,2.0,0.0,0.0,0.0,0.546575280866,0.883333333333,0.726666666667,0.85
1789,920099,瑞华技术,3,1.0,2.0,0.0,0.0,0.0,1.135134666299,0.866666666667,1.393333333333,1.963333333333
1790,600623,华谊集团,3,2.0,1.0,0.0,0.0,0.0,0.261719710534,0.583333333333,0.613333333333,0.66
1791,688767,博拓生物,3,3.0,0.0,0.0,0.0,0.0,0.329821928706,0.686666666667,0.83,1.07
1792,603668,天马科技,3,2.0,1.0,0.0,0.0,0.0,-0.354746924264,0.046666666667,0.123333333333,0.22
1793,600597,光明乳业,3,0.0,3.0,0.0,0.0,0.0,-0.108245456682,0.25,0.305,0.36
1794,600216,浙江医药,3,2.0,1.0,0.0,0.0,0.0,0.9082216554,1.15,1.27,1.45
1795,688027,国盾量子,3,2.0,1.0,0.0,0.0,0.0,0.052419367861,0.265,0.76,1.543333333333
1796,600967,内蒙一机,3,0.0,3.0,0.0,0.0,0.0,0.196745832522,0.255,0.31,0.36
1797,920058,华洋赛车,3,0.0,3.0,0.0,0.0,0.0,0.92172812152,1.106666666667,1.266666666667,1.513333333333
1798,002886,沃特股份,3,3.0,0.0,0.0,0.0,0.0,0.244666793096,0.373333333333,0.596666666667,0.793333333333
1799,002876,三利谱,3,3.0,0.0,0.0,0.0,0.0,0.270793475883,0.695,1.0,1.38
1800,000967,盈峰环境,3,1.0,2.0,0.0,0.0,0.0,0.163670249348,0.24,0.273333333333,0.31
1801,301004,嘉益股份,3,1.0,2.0,0.0,0.0,0.0,2.998220780463,2.76,3.345,3.815
1802,920703,广厦环能,3,1.0,2.0,0.0,0.0,0.0,0.601233146015,0.403333333333,0.516666666667,0.626666666667
1803,603078,江化微,3,1.0,2.0,0.0,0.0,0.0,0.271790193073,0.336666666667,0.41,0.5
1804,300491,通合科技,3,2.0,1.0,0.0,0.0,0.0,0.226003308306,0.506666666667,0.79,1.153333333333
1805,601500,通用股份,3,3.0,0.0,0.0,0.0,0.0,0.127219131746,0.235,0.311,0.374666666667
1806,002567,唐人神,3,1.0,2.0,0.0,0.0,0.0,-0.828328743246,-0.36,0.42,0.495
1807,600259,中稀有色,3,3.0,0.0,0.0,0.0,0.0,0.379138845999,2.187333333333,2.736,3.154
1808,600376,首开股份,3,1.0,1.0,1.0,0.0,0.0,-2.568144454317,-1.35,-0.49,0.055
1809,688048,长光华芯,3,2.0,1.0,0.0,0.0,0.0,0.123463146797,0.436666666667,0.866666666667,1.503333333333
1810,603081,大丰实业,3,0.0,3.0,0.0,0.0,0.0,0.207798887543,0.31,0.363333333333,0.406666666667
1811,600452,涪陵电力,3,2.0,1.0,0.0,0.0,0.0,0.25594731029,0.3875,0.45,0.52
1812,601952,苏垦农发,3,2.0,1.0,0.0,0.0,0.0,0.397573753135,0.396666666667,0.51,0.625
1813,688070,纵横股份,3,2.0,1.0,0.0,0.0,0.0,0.120786543392,0.57,0.993333333333,1.313333333333
1814,688286,敏芯股份,3,3.0,0.0,0.0,0.0,0.0,0.459555242702,0.73,1.496666666667,2.073333333333
1815,688252,天德钰,3,2.0,1.0,0.0,0.0,0.0,0.570908092739,0.8,1.05,1.326666666667
1816,688309,恒誉科技,3,3.0,0.0,0.0,0.0,0.0,0.421081019121,1.936666666667,3.696666666667,7.913333333333
1817,603855,华荣股份,3,3.0,0.0,0.0,0.0,0.0,1.09591645413,1.316666666667,1.493333333333,1.703333333333
1818,002068,黑猫股份,3,2.0,1.0,0.0,0.0,0.0,-0.630101139085,0.186666666667,0.336666666667,0.55
1819,920076,国亮新材,3,1.0,2.0,0.0,0.0,0.0,0.677513698616,0.873333333333,1.04,0.91
1820,301662,宏工科技,3,2.0,1.0,0.0,0.0,0.0,0.516172002241,2.34,3.663333333333,3.91
1821,301225,恒勃股份,3,0.0,3.0,0.0,0.0,0.0,0.94645144333,1.56,1.983333333333,2.185
1822,601137,博威合金,3,2.0,1.0,0.0,0.0,0.0,0.136032234811,0.816666666667,1.176666666667,1.54
1823,603262,技源集团,3,2.0,1.0,0.0,0.0,0.0,0.334218196895,0.31,0.403333333333,0.526666666667
1824,300726,宏达电子,3,2.0,1.0,0.0,0.0,0.0,0.974102386378,1.12,1.373333333333,1.716666666667
1825,002707,众信旅游,3,1.0,2.0,0.0,0.0,0.0,0.00718286067,0.0525,0.08,0.1125
1826,002897,意华股份,3,3.0,0.0,0.0,0.0,0.0,1.641705635975,2.361666666667,3.398666666667,4.2235
1827,600641,先导基电,3,1.0,2.0,0.0,0.0,0.0,-0.133700534749,0.186666666667,0.313333333333,0.566666666667
1828,603583,捷昌驱动,3,2.0,1.0,0.0,0.0,0.0,1.029671650232,1.093333333333,1.243333333333,1.365
1829,920533,骏创科技,3,1.0,2.0,0.0,0.0,0.0,0.278075193231,0.506666666667,0.66,0.826666666667
1830,600018,上港集团,3,1.0,2.0,0.0,0.0,0.0,0.582672344856,0.65,0.673333333333,0.7
1831,688195,腾景科技,3,3.0,0.0,0.0,0.0,0.0,0.389951741399,1.035,1.76,2.26
1832,688186,广大特材,2,1.0,1.0,0.0,0.0,0.0,0.734039951662,1.195,1.56,1.57
1833,600578,京能电力,2,1.0,1.0,0.0,0.0,0.0,0.527220202112,0.545,0.565,0.585
1834,300145,南方泵业,2,1.0,1.0,0.0,0.0,0.0,0.123082433969,0.17,0.23,0.295
1835,002550,千红制药,2,1.0,1.0,0.0,0.0,0.0,0.311607704008,0.32,0.395,0.455
1836,302132,中航成飞,2,0.0,0.0,0.0,0.0,0.0,1.284495688579,1.395,1.57,1.775
1837,301151,冠龙节能,2,1.0,1.0,0.0,0.0,0.0,0.358743876095,0.455,0.665,0.925
1838,301071,力量钻石,2,0.0,2.0,0.0,0.0,0.0,0.429559401254,0.92,1.65,2.685
1839,000539,粤电力A,2,1.0,1.0,0.0,0.0,0.0,0.114268550158,-0.013333333333,0.146666666667,0.243333333333
1840,603898,好莱客,2,2.0,0.0,0.0,0.0,0.0,0.04887069122,0.125,0.22,0.31
1841,603569,长久物流,2,1.0,1.0,0.0,0.0,0.0,-0.144773064657,0.195,0.315,0.4
1842,002777,久远银海,2,0.0,2.0,0.0,0.0,0.0,0.188294864414,0.29,0.395,0.52
1843,002609,捷顺科技,2,1.0,1.0,0.0,0.0,0.0,0.098803706505,0.2,0.255,0.345
1844,688570,天玛智控,2,1.0,1.0,0.0,0.0,0.0,0.225947587113,0.275,0.345,0.46
1845,688458,美芯晟,2,2.0,0.0,0.0,0.0,0.0,-0.126141590042,0.405,1.07,1.7
1846,300836,佰奥智能,2,2.0,0.0,0.0,0.0,0.0,1.077012822595,1.83,2.575,3.385
1847,300768,迪普科技,2,2.0,0.0,0.0,0.0,0.0,0.2814933857,0.335,0.385,0.44
1848,688607,康众医疗,2,2.0,0.0,0.0,0.0,0.0,-0.075648713562,0.2165,0.4065,0.321
1849,600976,健民集团,2,2.0,0.0,0.0,0.0,0.0,2.345791563091,2.543333333333,2.996666666667,3.496666666667
1850,301002,崧盛股份,2,2.0,0.0,0.0,0.0,0.0,-0.029349066234,1.085,1.755,2.38
1851,000905,厦门港务,2,0.0,2.0,0.0,0.0,0.0,0.13339281306,0.3,0.355,0.38
1852,600987,航民股份,2,2.0,0.0,0.0,0.0,0.0,0.719835305954,0.82,0.87,0.91
1853,688110,东芯股份,2,0.0,1.0,1.0,0.0,0.0,-0.440333672545,1.38,1.415,1.585
1854,605088,冠盛股份,2,1.0,1.0,0.0,0.0,0.0,1.456133247659,1.36,2.005,2.67
1855,002646,天佑德酒,2,0.0,2.0,0.0,0.0,0.0,0.0090231738,0.046666666667,0.076666666667,0.11
1856,301293,三博脑科,2,2.0,0.0,0.0,0.0,0.0,0.408680038026,0.36,0.58,0.81
1857,600536,中国软件,2,1.0,1.0,0.0,0.0,0.0,-0.044350052645,0.06,0.11,0.195
1858,000655,金岭矿业,2,1.0,1.0,0.0,0.0,0.0,0.450307258154,0.42,0.455,0.51
1859,603186,华正新材,2,2.0,0.0,0.0,0.0,0.0,1.764860679075,3.335,5.02,6.45
1860,600475,华光环能,2,2.0,0.0,0.0,0.0,0.0,0.407513346769,0.543333333333,0.616666666667,0.716666666667
1861,001696,宗申动力,2,0.0,2.0,0.0,0.0,0.0,0.58122193335,0.77,1.0,1.21
1862,300203,聚光科技,2,0.0,2.0,0.0,0.0,0.0,-0.518427575781,-0.075,0.09,0.175
1863,688359,三孚新科,2,2.0,0.0,0.0,0.0,0.0,-0.484706045227,1.29,2.015,2.95
1864,300846,首都在线,2,1.0,1.0,0.0,0.0,0.0,-0.336993235307,-0.11,0.06,0.11
1865,002901,大博医疗,2,2.0,0.0,0.0,0.0,0.0,1.448317533667,,,
1866,002649,博彦科技,2,2.0,0.0,0.0,0.0,0.0,0.176080439686,0.33,0.4,0.51
1867,605368,蓝天燃气,2,1.0,1.0,0.0,0.0,0.0,0.394629281359,0.41,0.43,0.45
1868,002396,星网锐捷,2,2.0,0.0,0.0,0.0,0.0,0.539811606939,1.095,1.705,2.275
1869,600874,创业环保,2,2.0,0.0,0.0,0.0,0.0,0.54912589507,0.59,0.625,0.655
1870,688357,建龙微纳,2,1.0,1.0,0.0,0.0,0.0,0.984646935847,1.135,1.47,1.985
1871,920152,昆工科技,2,0.0,2.0,0.0,0.0,0.0,-1.936654892161,-0.195,1.44,2.625
1872,301042,安联锐视,2,2.0,0.0,0.0,0.0,0.0,0.278450056508,0.766666666667,1.293333333333,1.46
1873,000899,赣能股份,2,2.0,0.0,0.0,0.0,0.0,1.031704647014,1.23,1.3,1.335
1874,603610,麒盛科技,2,1.0,1.0,0.0,0.0,0.0,0.297289746291,0.58,0.755,1.065
1875,000060,中金岭南,2,1.0,1.0,0.0,0.0,0.0,0.180528022073,0.4,0.42,0.5
1876,603219,富佳股份,2,0.0,2.0,0.0,0.0,0.0,0.190752810118,0.285,0.38,0.495
1877,300303,聚飞光电,2,1.0,1.0,0.0,0.0,0.0,0.215254461356,0.225,0.29,0.365
1878,002988,豪美新材,2,0.0,2.0,0.0,0.0,0.0,0.473859864316,0.96,1.1,1.26
1879,600361,创新新材,2,2.0,0.0,0.0,0.0,0.0,0.210445136601,0.295,0.405,0.56
1880,300859,西域旅游,2,1.0,1.0,0.0,0.0,0.0,0.481815901161,0.655,0.775,0.885
1881,301282,金禄电子,2,2.0,0.0,0.0,0.0,0.0,0.428554796047,1.315,2.34,3.7
1882,603989,艾华集团,2,1.0,1.0,0.0,0.0,0.0,0.66458177271,0.855,1.045,1.16
1883,600138,中青旅,2,1.0,1.0,0.0,0.0,0.0,0.115373914995,0.15,0.2,0.24
1884,300611,美力科技,2,1.0,1.0,0.0,0.0,0.0,0.69122901411,1.286666666667,1.49,1.753333333333
1885,920368,连城数控,2,1.0,1.0,0.0,0.0,0.0,0.360915582533,0.735,2.035,1.16
1886,301219,腾远钴业,2,2.0,0.0,0.0,0.0,0.0,2.901535768439,6.19,6.32,6.12
1887,002659,凯文教育,2,1.0,1.0,0.0,0.0,0.0,-0.028480082844,0.065,0.085,0.105
1888,920304,迪尔化工,2,0.0,2.0,0.0,0.0,0.0,0.344512172728,0.3,0.53,0.72
1889,301272,英华特,2,1.0,1.0,0.0,0.0,0.0,0.621322757694,1.32,1.57,1.735
1890,300858,科拓生物,2,2.0,0.0,0.0,0.0,0.0,0.358714055681,0.41,0.555,0.805
1891,600456,宝钛股份,2,2.0,0.0,0.0,0.0,0.0,0.839097128381,0.94,1.13,1.4
1892,301239,普瑞眼科,2,2.0,0.0,0.0,0.0,0.0,-0.407184920064,0.945,1.685,2.405
1893,603712,七一二,2,2.0,0.0,0.0,0.0,0.0,-0.637457677837,-0.21,0.06,0.24
1894,688117,圣诺生物,2,2.0,0.0,0.0,0.0,0.0,0.716729186425,1.18,1.51,1.87
1895,603598,引力传媒,2,1.0,1.0,0.0,0.0,0.0,0.063421971442,0.285,0.375,0.43
1896,688786,悦安新材,2,1.0,1.0,0.0,0.0,0.0,0.477859297685,0.745,1.01,1.305
1897,920819,颖泰生物,2,0.0,2.0,0.0,0.0,0.0,-0.20961305682,0.05,0.12,0.185
1898,002407,多氟多,2,1.0,1.0,0.0,0.0,0.0,0.178745823108,1.955,2.39,3.095
1899,002368,太极股份,2,1.0,1.0,0.0,0.0,0.0,-1.224166397866,-0.055,0.245,0.545
1900,301487,盟固利,2,0.0,1.0,1.0,0.0,0.0,0.059166901576,0.16,0.26,0.333333333333
1901,600022,山东钢铁,2,2.0,0.0,0.0,0.0,0.0,0.009902462681,0.075,0.16,0.2
1902,000973,佛塑科技,2,2.0,0.0,0.0,0.0,0.0,0.043943964041,0.65,1.035,1.31
1903,002937,兴瑞科技,2,2.0,0.0,0.0,0.0,0.0,0.457604926271,0.64,0.78,1.02
1904,603400,华之杰,2,2.0,0.0,0.0,0.0,0.0,0.957857114001,1.84,2.675,2.54
1905,601968,宝钢包装,2,1.0,1.0,0.0,0.0,0.0,0.14712878896,0.235,0.29,0.335
1906,300494,盛天网络,2,1.0,1.0,0.0,0.0,0.0,0.045923273592,0.26,0.385,0.31
1907,300009,安科生物,2,0.0,2.0,0.0,0.0,0.0,0.44005051423,0.495,0.565,0.65
1908,603506,南都物业,2,2.0,0.0,0.0,0.0,0.0,0.528548129435,0.685,0.71,0.74
1909,688138,清溢光电,2,2.0,0.0,0.0,0.0,0.0,0.594998705273,0.82,1.065,1.335
1910,920720,吉冈精密,2,0.0,2.0,0.0,0.0,0.0,0.237923374845,0.265,0.3,0.35
1911,920344,三元基因,2,0.0,2.0,0.0,0.0,0.0,0.042176049339,0.155,0.275,0.36
1912,688387,信科移动,2,0.0,2.0,0.0,0.0,0.0,-0.078844449641,-0.005,0.06,0.14
1913,688448,磁谷科技,2,0.0,2.0,0.0,0.0,0.0,0.102055816542,0.38,1.94,4.07
1914,301398,星源卓镁,2,1.0,1.0,0.0,0.0,0.0,0.410787384586,0.85,1.56,2.485
1915,603058,永吉股份,2,2.0,0.0,0.0,0.0,0.0,0.198267668855,0.375,0.46,0.34
1916,688793,倍轻松,2,0.0,2.0,0.0,0.0,0.0,-1.144218775431,0.265,0.455,0.565
1917,600908,无锡银行,2,0.0,2.0,0.0,0.0,0.0,1.052148931328,1.06,1.1,1.155
1918,300497,富祥股份,2,2.0,0.0,0.0,0.0,0.0,-0.102154747418,1.2,1.46,
1919,300863,卡倍亿,2,1.0,1.0,0.0,0.0,0.0,0.456717202935,1.19,1.275,
1920,002026,山东威达,2,1.0,1.0,0.0,0.0,0.0,0.572401446198,0.655,0.755,0.84
1921,600742,富维股份,2,2.0,0.0,0.0,0.0,0.0,0.625914118346,0.755,0.845,0.76
1922,603698,航天工程,2,1.0,1.0,0.0,0.0,0.0,0.403935522454,0.66,0.88,1.06
1923,688073,毕得医药,2,2.0,0.0,0.0,0.0,0.0,1.669616302389,2.415,2.96,3.63
1924,000923,河钢资源,2,2.0,0.0,0.0,0.0,0.0,0.868998431586,0.03,1.15,1.57
1925,601096,宏盛华源,2,1.0,1.0,0.0,0.0,0.0,0.138738041538,0.16,0.185,0.23
1926,300389,艾比森,2,2.0,0.0,0.0,0.0,0.0,0.68239436741,1.0,1.295,1.675
1927,301448,开创电气,2,1.0,1.0,0.0,0.0,0.0,-0.021022732696,-0.06,0.37,0.84
1928,603915,国茂股份,2,1.0,1.0,0.0,0.0,0.0,0.351907236719,0.48,0.54,0.62
1929,603011,合锻智能,2,0.0,2.0,0.0,0.0,0.0,-0.502941900926,0.05,0.1,0.14
1930,300705,九典制药,2,1.0,1.0,0.0,0.0,0.0,0.945085690455,0.6,0.725,0.885
1931,001309,德明利,2,1.0,1.0,0.0,0.0,0.0,3.034386891816,51.12,41.71,43.805
1932,300547,川环科技,2,1.0,1.0,0.0,0.0,0.0,0.940677555541,1.2,1.44,1.7
1933,301333,诺思格,2,1.0,1.0,0.0,0.0,0.0,1.417455047799,1.58,1.835,1.85
1934,600268,国电南自,2,2.0,0.0,0.0,0.0,0.0,0.472735346403,0.59,0.725,0.89
1935,603227,雪峰科技,2,1.0,1.0,0.0,0.0,0.0,0.469977407423,0.74,0.87,1.055
1936,000987,越秀资本,2,2.0,0.0,0.0,0.0,0.0,0.701470824975,0.835,0.945,1.065
1937,600481,双良节能,2,2.0,0.0,0.0,0.0,0.0,-0.540481699442,-0.03,0.33,0.515
1938,600362,江西铜业,2,1.0,1.0,0.0,0.0,0.0,2.059124762595,4.795,5.09,5.275
1939,601608,中信重工,2,0.0,2.0,0.0,0.0,0.0,0.081986564108,0.1,0.13,0.16
1940,603005,晶方科技,2,2.0,0.0,0.0,0.0,0.0,0.566749050165,0.82,1.12,1.45
1941,603990,麦迪科技,2,1.0,1.0,0.0,0.0,0.0,0.12828474933,0.225,0.32,0.4
1942,603896,寿仙谷,2,1.0,1.0,0.0,0.0,0.0,0.091676318042,0.56,0.675,0.785
1943,300841,康华生物,2,2.0,0.0,0.0,0.0,0.0,1.692213794498,2.083333333333,2.433333333333,2.753333333333
1944,301665,泰禾股份,2,1.0,1.0,0.0,0.0,0.0,1.035004052467,1.245,1.515,1.805
1945,605286,同力天启,2,2.0,0.0,0.0,0.0,0.0,1.182660216369,1.61,3.2,4.18
1946,920016,中草香料,2,0.0,2.0,0.0,0.0,0.0,0.248702096826,0.33,0.415,0.515
1947,603237,五芳斋,2,2.0,0.0,0.0,0.0,0.0,0.62046612696,0.685,0.775,0.865
1948,300872,天阳科技,2,2.0,0.0,0.0,0.0,0.0,-0.282994829154,0.185,0.305,0.455
1949,603926,铁流股份,2,2.0,0.0,0.0,0.0,0.0,0.332530156336,0.645,0.795,0.995
1950,300698,万马科技,2,1.0,1.0,0.0,0.0,0.0,0.351065168433,0.755,1.09,1.46
1951,300088,长信科技,2,2.0,0.0,0.0,0.0,0.0,0.081512043367,0.155,0.24,0.335
1952,002373,千方科技,2,2.0,0.0,0.0,0.0,0.0,0.169876739266,0.25,0.34,0.54
1953,301290,东星医疗,2,2.0,0.0,0.0,0.0,0.0,-0.378746089353,1.185,1.985,2.42
1954,920101,志高机械,2,1.0,1.0,0.0,0.0,0.0,0.899562721111,1.575,1.955,1.6
1955,688158,优刻得,2,0.0,2.0,0.0,0.0,0.0,-0.159653892465,0.205,0.41,0.615
1956,000059,华锦股份,2,2.0,0.0,0.0,0.0,0.0,-1.102443412776,0.555,0.515,0.575
1957,600572,康恩贝,2,2.0,0.0,0.0,0.0,0.0,0.186865123976,0.24,0.29,0.34
1958,600320,振华重工,2,0.0,2.0,0.0,0.0,0.0,0.13922442641,0.254,0.3125,0.3895
1959,600379,宝光股份,2,2.0,0.0,0.0,0.0,0.0,0.155356620782,0.243333333333,0.4,0.546666666667
1960,688799,华纳药厂,2,1.0,1.0,0.0,0.0,0.0,1.783034081504,1.345,1.555,1.8
1961,002233,塔牌集团,2,1.0,1.0,0.0,0.0,0.0,0.540000772346,0.475,0.52,0.565
1962,600469,风神股份,2,2.0,0.0,0.0,0.0,0.0,0.264717250194,0.37,0.595,0.83
1963,920943,优机股份,2,0.0,2.0,0.0,0.0,0.0,0.716530488977,0.81,0.935,1.09
1964,920261,一诺威,2,0.0,2.0,0.0,0.0,0.0,0.641229051429,0.885,1.095,1.43
1965,002221,东华能源,2,2.0,0.0,0.0,0.0,0.0,-0.584086132581,0.215,0.52,0.715
1966,920270,天铭科技,2,1.0,1.0,0.0,0.0,0.0,0.344772531544,0.455,0.55,0.63
1967,300284,苏交科,2,0.0,2.0,0.0,0.0,0.0,0.018620654696,0.13,0.14,0.15
1968,002840,华统股份,2,2.0,0.0,0.0,0.0,0.0,-0.169562899801,-0.295,0.865,0.8
1969,603348,文灿股份,2,1.0,0.0,1.0,0.0,0.0,-1.106443006875,-0.05,0.335,0.5
1970,301276,嘉曼服饰,2,2.0,0.0,0.0,0.0,0.0,0.814322770293,1.165,1.33,1.515
1971,601200,上海环境,2,1.0,1.0,0.0,0.0,0.0,0.44802242872,0.465,0.48,0.49
1972,688257,新锐股份,2,0.0,2.0,0.0,0.0,0.0,0.636593465603,2.6,3.095,3.925
1973,603102,百合股份,2,1.0,1.0,0.0,0.0,0.0,2.006795692969,1.895,2.145,2.445
1974,688665,四方光电,2,2.0,0.0,0.0,0.0,0.0,1.309175615672,1.7,2.04,2.52
1975,300470,中密控股,2,2.0,0.0,0.0,0.0,0.0,1.853459872075,1.925,2.14,2.4
1976,002793,罗欣药业,2,1.0,1.0,0.0,0.0,0.0,-0.265339516467,0.11,0.235,0.425
1977,605196,华通线缆,2,1.0,1.0,0.0,0.0,0.0,0.559118529077,1.32,2.8,6.03
1978,688269,凯立新材,2,1.0,1.0,0.0,0.0,0.0,0.83438013083,1.595,2.075,2.755
1979,300406,九强生物,2,2.0,0.0,0.0,0.0,0.0,0.323939715945,0.695,0.845,0.975
1980,300994,久祺股份,2,1.0,1.0,0.0,0.0,0.0,0.635063580236,0.77,0.95,
1981,300351,永贵电器,2,2.0,0.0,0.0,0.0,0.0,0.160701408624,0.335,0.44,0.545
1982,605198,安德利,2,1.0,1.0,0.0,0.0,0.0,1.007493649112,0.92,1.08,1.235
1983,920556,雅达股份,2,0.0,2.0,0.0,0.0,0.0,0.145058003282,0.205,0.245,0.305
1984,920036,觅睿科技,2,1.0,1.0,0.0,0.0,0.0,1.454258666105,1.82,2.33,2.865
1985,688418,震有科技,2,0.0,2.0,0.0,0.0,0.0,-0.344572992775,0.505,0.99,1.95
1986,301317,鑫磊股份,2,1.0,1.0,0.0,0.0,0.0,1.788740375215,0.605,1.395,3.315
1987,300540,蜀道装备,2,1.0,1.0,0.0,0.0,0.0,0.263986148009,0.415,0.505,0.665
1988,002130,沃尔核材,2,2.0,0.0,0.0,0.0,0.0,0.817114586645,1.13,1.49,1.81
1989,600064,南京高科,2,2.0,0.0,0.0,0.0,0.0,1.057726179948,1.255,1.415,1.58
1990,603906,龙蟠科技,2,2.0,0.0,0.0,0.0,0.0,-0.218085578072,1.15,1.95,2.19
1991,600037,歌华有线,2,1.0,0.0,1.0,0.0,0.0,0.024654163329,0.13,0.14,
1992,603496,恒为科技,2,2.0,0.0,0.0,0.0,0.0,0.109110015447,0.195,0.29,0.22
1993,300952,恒辉安防,2,2.0,0.0,0.0,0.0,0.0,0.421715777831,0.69,0.81,0.95
1994,301220,亚香股份,2,1.0,1.0,0.0,0.0,0.0,1.023285489291,1.605,2.37,3.45
1995,688311,盟升电子,2,2.0,0.0,0.0,0.0,0.0,-0.09354713028,0.305,0.735,1.105
1996,600211,西藏药业,2,2.0,0.0,0.0,0.0,0.0,2.90994593856,3.1225,3.2275,3.4175
1997,300873,海晨股份,2,2.0,0.0,0.0,0.0,0.0,0.821333633134,1.425,1.635,1.85
1998,601890,亚星锚链,2,1.0,1.0,0.0,0.0,0.0,0.33086248473,0.385,0.44,0.515
1999,600740,山西焦化,2,0.0,2.0,0.0,0.0,0.0,0.032447578941,0.24,0.255,0.315
2000,603966,法兰泰克,2,2.0,0.0,0.0,0.0,0.0,0.450845637617,0.78,0.99,1.18
2001,600587,新华医疗,2,1.0,1.0,0.0,0.0,0.0,0.867617900297,1.053333333333,1.156666666667,1.296666666667
2002,600688,上海石化,2,0.0,2.0,0.0,0.0,0.0,-0.135886083318,0.045,0.065,0.07
2003,001330,博纳影业,2,0.0,1.0,1.0,0.0,0.0,-1.065450158977,0.14,0.205,0.2
2004,301257,普蕊斯,2,1.0,1.0,0.0,0.0,0.0,1.387739947854,1.756666666667,2.093333333333,2.476666666667
2005,600841,动力新科,2,0.0,2.0,0.0,0.0,0.0,2.069433322809,0.25,0.445,0.74
2006,600602,云赛智联,2,1.0,1.0,0.0,0.0,0.0,0.141647041779,0.215,0.27,0.33
2007,300349,金卡智能,2,1.0,1.0,0.0,0.0,0.0,0.637337078743,0.605,0.72,0.835
2008,300166,东方国信,2,2.0,0.0,0.0,0.0,0.0,-0.192637248609,0.105,0.23,0.44
2009,002286,保龄宝,2,2.0,0.0,0.0,0.0,0.0,0.396409323839,0.485,0.585,0.73
2010,301626,苏州天脉,2,1.0,1.0,0.0,0.0,0.0,1.337286123876,4.28,7.735,9.2
2011,688353,华盛锂电,2,1.0,1.0,0.0,0.0,0.0,0.083113293292,5.865,6.95,7.28
2012,001218,丽臣实业,2,2.0,0.0,0.0,0.0,0.0,1.202787519889,2.225,2.56,2.89
2013,301285,鸿日达,2,2.0,0.0,0.0,0.0,0.0,-0.32528524827,0.175,2.355,4.265
2014,301488,豪恩汽电,2,1.0,1.0,0.0,0.0,0.0,0.739042518226,1.19,1.48,1.815
2015,920075,柏星龙,2,0.0,2.0,0.0,0.0,0.0,0.334503892463,0.42,0.53,0.87
2016,003033,征和工业,2,2.0,0.0,0.0,0.0,0.0,2.142432944709,2.445,2.92,3.48
2017,920163,方大新材,2,0.0,2.0,0.0,0.0,0.0,0.345025341542,0.42,0.485,0.56
2018,002614,奥佳华,2,1.0,1.0,0.0,0.0,0.0,0.019678987758,0.14,0.17,0.2
2019,920100,三协电机,2,0.0,2.0,0.0,0.0,0.0,0.58450697657,0.665,0.835,1.05
2020,301196,唯科科技,2,1.0,1.0,0.0,0.0,0.0,1.564636536836,2.25,3.0,4.86
2021,688737,中自科技,2,1.0,1.0,0.0,0.0,0.0,-0.472206447233,0.7,1.125,1.75
2022,002673,西部证券,2,0.0,1.0,1.0,0.0,0.0,0.392352760671,0.46,0.53,0.575
2023,300657,弘信电子,2,1.0,1.0,0.0,0.0,0.0,0.305372459216,0.705,1.235,1.735
2024,002515,金字火腿,2,1.0,1.0,0.0,0.0,0.0,0.020900923921,0.02,0.025,0.04
2025,000685,中山公用,2,0.0,2.0,0.0,0.0,0.0,1.280451163368,1.495,1.565,1.685
2026,600397,江钨装备,2,2.0,0.0,0.0,0.0,0.0,-0.294291592091,0.075,0.09,0.1
2027,301507,民生健康,2,1.0,1.0,0.0,0.0,0.0,0.333165755468,0.315,0.44,0.63
2028,301479,弘景光电,2,2.0,0.0,0.0,0.0,0.0,1.547967621674,2.45,3.395,4.65
2029,603313,梦百合,2,2.0,0.0,0.0,0.0,0.0,-0.017214727867,0.225,0.495,0.695
2030,300457,赢合科技,2,2.0,0.0,0.0,0.0,0.0,0.834131565119,1.195,1.39,1.655
2031,000883,湖北能源,2,2.0,0.0,0.0,0.0,0.0,0.269724077767,0.26,0.27,0.275
2032,300451,创业慧康,2,1.0,1.0,0.0,0.0,0.0,-0.259277766079,-0.05,0.006666666667,0.056666666667
2033,002824,和胜股份,2,1.0,1.0,0.0,0.0,0.0,0.497694519436,0.82,1.03,1.245
2034,002792,通宇通讯,2,2.0,0.0,0.0,0.0,0.0,0.07851068488,0.105,0.15,0.335
2035,300322,硕贝德,2,1.0,1.0,0.0,0.0,0.0,0.140606425789,0.285,0.4,0.46
2036,002116,中国海诚,2,2.0,0.0,0.0,0.0,0.0,0.609193026042,0.735,0.77,0.805
2037,002083,孚日股份,2,2.0,0.0,0.0,0.0,0.0,0.452578692151,0.71,0.885,1.04
2038,002779,中坚科技,2,2.0,0.0,0.0,0.0,0.0,0.933813810498,0.575,0.96,1.43
2039,920271,邦德股份,2,1.0,1.0,0.0,0.0,0.0,0.764998919609,0.825,0.92,1.07
2040,300143,盈康生命,2,1.0,1.0,0.0,0.0,0.0,0.070447619252,0.18,0.205,0.23
2041,688568,中科星图,2,1.0,1.0,0.0,0.0,0.0,0.036382745303,0.53,0.775,1.05
2042,600230,沧州大化,2,2.0,0.0,0.0,0.0,0.0,0.074532461638,0.9,1.02,1.175
2043,605289,罗曼股份,2,1.0,1.0,0.0,0.0,0.0,0.35634411682,1.525,2.195,2.69
2044,301293,三博脑科,2,2.0,0.0,0.0,0.0,0.0,0.408680038026,0.36,0.58,0.81
2045,600602,云赛智联,2,1.0,1.0,0.0,0.0,0.0,0.141647041779,0.215,0.27,0.33
2046,300349,金卡智能,2,1.0,1.0,0.0,0.0,0.0,0.637337078743,0.605,0.72,0.835
2047,300166,东方国信,2,2.0,0.0,0.0,0.0,0.0,-0.192637248609,0.105,0.23,0.44
2048,002286,保龄宝,2,2.0,0.0,0.0,0.0,0.0,0.396409323839,0.485,0.585,0.73
2049,301626,苏州天脉,2,1.0,1.0,0.0,0.0,0.0,1.337286123876,4.28,7.735,9.2
2050,688353,华盛锂电,2,1.0,1.0,0.0,0.0,0.0,0.083113293292,5.865,6.95,7.28
2051,001218,丽臣实业,2,2.0,0.0,0.0,0.0,0.0,1.202787519889,2.225,2.56,2.89
2052,301285,鸿日达,2,2.0,0.0,0.0,0.0,0.0,-0.32528524827,0.175,2.355,4.265
2053,301488,豪恩汽电,2,1.0,1.0,0.0,0.0,0.0,0.739042518226,1.19,1.48,1.815
2054,603906,龙蟠科技,2,2.0,0.0,0.0,0.0,0.0,-0.218085578072,1.15,1.95,2.19
2055,600481,双良节能,2,2.0,0.0,0.0,0.0,0.0,-0.540481699442,-0.03,0.33,0.515
2056,300009,安科生物,2,0.0,2.0,0.0,0.0,0.0,0.44005051423,0.495,0.565,0.65
2057,603227,雪峰科技,2,1.0,1.0,0.0,0.0,0.0,0.469977407423,0.74,0.87,1.055
2058,600475,华光环能,2,2.0,0.0,0.0,0.0,0.0,0.407513346769,0.543333333333,0.616666666667,0.716666666667
2059,603186,华正新材,2,2.0,0.0,0.0,0.0,0.0,1.764860679075,3.335,5.02,6.45
2060,300203,聚光科技,2,0.0,2.0,0.0,0.0,0.0,-0.518427575781,-0.075,0.09,0.175
2061,688359,三孚新科,2,2.0,0.0,0.0,0.0,0.0,-0.484706045227,1.29,2.015,2.95
2062,300846,首都在线,2,1.0,1.0,0.0,0.0,0.0,-0.336993235307,-0.11,0.06,0.11
2063,002901,大博医疗,2,2.0,0.0,0.0,0.0,0.0,1.448317533667,,,
2064,002649,博彦科技,2,2.0,0.0,0.0,0.0,0.0,0.176080439686,0.33,0.4,0.51
2065,605368,蓝天燃气,2,1.0,1.0,0.0,0.0,0.0,0.394629281359,0.41,0.43,0.45
2066,002396,星网锐捷,2,2.0,0.0,0.0,0.0,0.0,0.539811606939,1.095,1.705,2.275
2067,600874,创业环保,2,2.0,0.0,0.0,0.0,0.0,0.54912589507,0.59,0.625,0.655
2068,600841,动力新科,2,0.0,2.0,0.0,0.0,0.0,2.069433322809,0.25,0.445,0.74
2069,301257,普蕊斯,2,1.0,1.0,0.0,0.0,0.0,1.387739947854,1.756666666667,2.093333333333,2.476666666667
2070,001330,博纳影业,2,0.0,1.0,1.0,0.0,0.0,-1.065450158977,0.14,0.205,0.2
2071,920075,柏星龙,2,0.0,2.0,0.0,0.0,0.0,0.334503892463,0.42,0.53,0.87
2072,002792,通宇通讯,2,2.0,0.0,0.0,0.0,0.0,0.07851068488,0.105,0.15,0.335
2073,300322,硕贝德,2,1.0,1.0,0.0,0.0,0.0,0.140606425789,0.285,0.4,0.46
2074,002116,中国海诚,2,2.0,0.0,0.0,0.0,0.0,0.609193026042,0.735,0.77,0.805
2075,002083,孚日股份,2,2.0,0.0,0.0,0.0,0.0,0.452578692151,0.71,0.885,1.04
2076,002779,中坚科技,2,2.0,0.0,0.0,0.0,0.0,0.933813810498,0.575,0.96,1.43
2077,920271,邦德股份,2,1.0,1.0,0.0,0.0,0.0,0.764998919609,0.825,0.92,1.07
2078,300143,盈康生命,2,1.0,1.0,0.0,0.0,0.0,0.070447619252,0.18,0.205,0.23
2079,300457,赢合科技,2,2.0,0.0,0.0,0.0,0.0,0.834131565119,1.195,1.39,1.655
2080,920163,方大新材,2,0.0,2.0,0.0,0.0,0.0,0.345025341542,0.42,0.485,0.56
2081,003033,征和工业,2,2.0,0.0,0.0,0.0,0.0,2.142432944709,2.445,2.92,3.48
2082,603496,恒为科技,2,2.0,0.0,0.0,0.0,0.0,0.109110015447,0.195,0.29,0.22
2083,600230,沧州大化,2,2.0,0.0,0.0,0.0,0.0,0.074532461638,0.9,1.02,1.175
2084,300952,恒辉安防,2,2.0,0.0,0.0,0.0,0.0,0.421715777831,0.69,0.81,0.95
2085,301220,亚香股份,2,1.0,1.0,0.0,0.0,0.0,1.023285489291,1.605,2.37,3.45
2086,688311,盟升电子,2,2.0,0.0,0.0,0.0,0.0,-0.09354713028,0.305,0.735,1.105
2087,600211,西藏药业,2,2.0,0.0,0.0,0.0,0.0,2.90994593856,3.1225,3.2275,3.4175
2088,300873,海晨股份,2,2.0,0.0,0.0,0.0,0.0,0.821333633134,1.425,1.635,1.85
2089,601890,亚星锚链,2,1.0,1.0,0.0,0.0,0.0,0.33086248473,0.385,0.44,0.515
2090,600740,山西焦化,2,0.0,2.0,0.0,0.0,0.0,0.032447578941,0.24,0.255,0.315
2091,603966,法兰泰克,2,2.0,0.0,0.0,0.0,0.0,0.450845637617,0.78,0.99,1.18
2092,600587,新华医疗,2,1.0,1.0,0.0,0.0,0.0,0.867617900297,1.053333333333,1.156666666667,1.296666666667
2093,600688,上海石化,2,0.0,2.0,0.0,0.0,0.0,-0.135886083318,0.045,0.065,0.07
2094,688357,建龙微纳,2,1.0,1.0,0.0,0.0,0.0,0.984646935847,1.135,1.47,1.985
2095,920152,昆工科技,2,0.0,2.0,0.0,0.0,0.0,-1.936654892161,-0.195,1.44,2.625
2096,300451,创业慧康,2,1.0,1.0,0.0,0.0,0.0,-0.259277766079,-0.05,0.006666666667,0.056666666667
2097,301042,安联锐视,2,2.0,0.0,0.0,0.0,0.0,0.278450056508,0.766666666667,1.293333333333,1.46
2098,300768,迪普科技,2,2.0,0.0,0.0,0.0,0.0,0.2814933857,0.335,0.385,0.44
2099,688607,康众医疗,2,2.0,0.0,0.0,0.0,0.0,-0.075648713562,0.2165,0.4065,0.321
2100,600976,健民集团,2,2.0,0.0,0.0,0.0,0.0,2.345791563091,2.543333333333,2.996666666667,3.496666666667
2101,301002,崧盛股份,2,2.0,0.0,0.0,0.0,0.0,-0.029349066234,1.085,1.755,2.38
2102,000905,厦门港务,2,0.0,2.0,0.0,0.0,0.0,0.13339281306,0.3,0.355,0.38
2103,605088,冠盛股份,2,1.0,1.0,0.0,0.0,0.0,1.456133247659,1.36,2.005,2.67
2104,300836,佰奥智能,2,2.0,0.0,0.0,0.0,0.0,1.077012822595,1.83,2.575,3.385
2105,688110,东芯股份,2,0.0,1.0,1.0,0.0,0.0,-0.440333672545,1.38,1.415,1.585
2106,603989,艾华集团,2,1.0,1.0,0.0,0.0,0.0,0.66458177271,0.855,1.045,1.16
2107,001696,宗申动力,2,0.0,2.0,0.0,0.0,0.0,0.58122193335,0.77,1.0,1.21
2108,300611,美力科技,2,1.0,1.0,0.0,0.0,0.0,0.69122901411,1.286666666667,1.49,1.753333333333
2109,920368,连城数控,2,1.0,1.0,0.0,0.0,0.0,0.360915582533,0.735,2.035,1.16
2110,688448,磁谷科技,2,0.0,2.0,0.0,0.0,0.0,0.102055816542,0.38,1.94,4.07
2111,301398,星源卓镁,2,1.0,1.0,0.0,0.0,0.0,0.410787384586,0.85,1.56,2.485
2112,603058,永吉股份,2,2.0,0.0,0.0,0.0,0.0,0.198267668855,0.375,0.46,0.34
2113,688793,倍轻松,2,0.0,2.0,0.0,0.0,0.0,-1.144218775431,0.265,0.455,0.565
2114,600908,无锡银行,2,0.0,2.0,0.0,0.0,0.0,1.052148931328,1.06,1.1,1.155
2115,300497,富祥股份,2,2.0,0.0,0.0,0.0,0.0,-0.102154747418,1.2,1.46,
2116,300863,卡倍亿,2,1.0,1.0,0.0,0.0,0.0,0.456717202935,1.19,1.275,
2117,002026,山东威达,2,1.0,1.0,0.0,0.0,0.0,0.572401446198,0.655,0.755,0.84
2118,600742,富维股份,2,2.0,0.0,0.0,0.0,0.0,0.625914118346,0.755,0.845,0.76
2119,002625,光启技术,2,1.0,1.0,0.0,0.0,0.0,0.318829860404,0.49,0.6,0.755
2120,002324,普利特,2,1.0,1.0,0.0,0.0,0.0,0.330369640934,0.27,0.48,0.86
2121,002777,久远银海,2,0.0,2.0,0.0,0.0,0.0,0.188294864414,0.29,0.395,0.52
2122,688458,美芯晟,2,2.0,0.0,0.0,0.0,0.0,-0.126141590042,0.405,1.07,1.7
2123,688570,天玛智控,2,1.0,1.0,0.0,0.0,0.0,0.225947587113,0.275,0.345,0.46
2124,600536,中国软件,2,1.0,1.0,0.0,0.0,0.0,-0.044350052645,0.06,0.11,0.195
2125,000899,赣能股份,2,2.0,0.0,0.0,0.0,0.0,1.031704647014,1.23,1.3,1.335
2126,603610,麒盛科技,2,1.0,1.0,0.0,0.0,0.0,0.297289746291,0.58,0.755,1.065
2127,000060,中金岭南,2,1.0,1.0,0.0,0.0,0.0,0.180528022073,0.4,0.42,0.5
2128,603219,富佳股份,2,0.0,2.0,0.0,0.0,0.0,0.190752810118,0.285,0.38,0.495
2129,300303,聚飞光电,2,1.0,1.0,0.0,0.0,0.0,0.215254461356,0.225,0.29,0.365
2130,002988,豪美新材,2,0.0,2.0,0.0,0.0,0.0,0.473859864316,0.96,1.1,1.26
2131,600361,创新新材,2,2.0,0.0,0.0,0.0,0.0,0.210445136601,0.295,0.405,0.56
2132,300859,西域旅游,2,1.0,1.0,0.0,0.0,0.0,0.481815901161,0.655,0.775,0.885
2133,301282,金禄电子,2,2.0,0.0,0.0,0.0,0.0,0.428554796047,1.315,2.34,3.7
2134,000655,金岭矿业,2,1.0,1.0,0.0,0.0,0.0,0.450307258154,0.42,0.455,0.51
2135,600987,航民股份,2,2.0,0.0,0.0,0.0,0.0,0.719835305954,0.82,0.87,0.91
2136,002609,捷顺科技,2,1.0,1.0,0.0,0.0,0.0,0.098803706505,0.2,0.255,0.345
2137,002646,天佑德酒,2,0.0,2.0,0.0,0.0,0.0,0.0090231738,0.046666666667,0.076666666667,0.11
2138,300145,南方泵业,2,1.0,1.0,0.0,0.0,0.0,0.123082433969,0.17,0.23,0.295
2139,600578,京能电力,2,1.0,1.0,0.0,0.0,0.0,0.527220202112,0.545,0.565,0.585
2140,688186,广大特材,2,1.0,1.0,0.0,0.0,0.0,0.734039951662,1.195,1.56,1.57
2141,002550,千红制药,2,1.0,1.0,0.0,0.0,0.0,0.311607704008,0.32,0.395,0.455
2142,302132,中航成飞,2,0.0,0.0,0.0,0.0,0.0,1.284495688579,1.395,1.57,1.775
2143,301151,冠龙节能,2,1.0,1.0,0.0,0.0,0.0,0.358743876095,0.455,0.665,0.925
2144,301071,力量钻石,2,0.0,2.0,0.0,0.0,0.0,0.429559401254,0.92,1.65,2.685
2145,000539,粤电力A,2,1.0,1.0,0.0,0.0,0.0,0.114268550158,-0.013333333333,0.146666666667,0.243333333333
2146,603898,好莱客,2,2.0,0.0,0.0,0.0,0.0,0.04887069122,0.125,0.22,0.31
2147,002824,和胜股份,2,1.0,1.0,0.0,0.0,0.0,0.497694519436,0.82,1.03,1.245
2148,603569,长久物流,2,1.0,1.0,0.0,0.0,0.0,-0.144773064657,0.195,0.315,0.4
2149,000883,湖北能源,2,2.0,0.0,0.0,0.0,0.0,0.269724077767,0.26,0.27,0.275
2150,300406,九强生物,2,2.0,0.0,0.0,0.0,0.0,0.323939715945,0.695,0.845,0.975
2151,600676,久事动娱,2,0.0,2.0,0.0,0.0,0.0,-0.321201523955,0.095,0.115,0.145
2152,300553,集智股份,2,2.0,0.0,0.0,0.0,0.0,0.170644873224,0.54,1.165,2.08
2153,300475,香农芯创,2,2.0,0.0,0.0,0.0,0.0,1.159841723367,10.625,12.78,25.48
2154,000970,中科三环,2,2.0,0.0,0.0,0.0,0.0,0.075114477984,0.155,0.255,0.305
2155,002608,江苏国信,2,0.0,2.0,0.0,0.0,0.0,0.917158447952,0.7345,0.7875,0.8545
2156,002161,远望谷,2,2.0,0.0,0.0,0.0,0.0,0.020811286606,0.045,0.1,0.165
2157,920924,广脉科技,2,1.0,1.0,0.0,0.0,0.0,0.162174850624,0.36,0.44,0.57
2158,000070,特发信息,2,1.0,1.0,0.0,0.0,0.0,-0.57069920448,0.09,0.18,0.265
2159,603977,国泰集团,2,2.0,0.0,0.0,0.0,0.0,0.406000349819,0.5,0.62,0.785
2160,002226,江南化工,2,1.0,1.0,0.0,0.0,0.0,0.285983635314,0.305,0.35,0.395
2161,600930,华电新能,2,0.0,2.0,0.0,0.0,0.0,0.174109900138,0.155666666667,0.165333333333,0.176
2162,300463,迈克生物,2,2.0,0.0,0.0,0.0,0.0,-0.059250807731,0.125,0.25,0.405
2163,688246,嘉和美康,2,1.0,1.0,0.0,0.0,0.0,-1.820582813108,-0.54,-0.015,0.325
2164,002840,华统股份,2,2.0,0.0,0.0,0.0,0.0,-0.169562899801,-0.295,0.865,0.8
2165,603348,文灿股份,2,1.0,0.0,1.0,0.0,0.0,-1.106443006875,-0.05,0.335,0.5
2166,301276,嘉曼服饰,2,2.0,0.0,0.0,0.0,0.0,0.814322770293,1.165,1.33,1.515
2167,601200,上海环境,2,1.0,1.0,0.0,0.0,0.0,0.44802242872,0.465,0.48,0.49
2168,688257,新锐股份,2,0.0,2.0,0.0,0.0,0.0,0.636593465603,2.6,3.095,3.925
2169,603102,百合股份,2,1.0,1.0,0.0,0.0,0.0,2.006795692969,1.895,2.145,2.445
2170,688665,四方光电,2,2.0,0.0,0.0,0.0,0.0,1.309175615672,1.7,2.04,2.52
2171,300470,中密控股,2,2.0,0.0,0.0,0.0,0.0,1.853459872075,1.925,2.14,2.4
2172,002221,东华能源,2,2.0,0.0,0.0,0.0,0.0,-0.584086132581,0.215,0.52,0.715
2173,002793,罗欣药业,2,1.0,1.0,0.0,0.0,0.0,-0.265339516467,0.11,0.235,0.425
2174,000690,宝新能源,2,2.0,0.0,0.0,0.0,0.0,0.470840018368,0.505,0.505,0.615
2175,001207,联科科技,2,2.0,0.0,0.0,0.0,0.0,0.965532072377,1.575,2.025,2.48
2176,301638,南网数字,2,1.0,1.0,0.0,0.0,0.0,0.198072091131,0.235,0.285,0.345
2177,601068,中铝国际,2,1.0,1.0,0.0,0.0,0.0,0.086244417438,0.095,0.105,0.115
2178,002292,奥飞娱乐,2,2.0,0.0,0.0,0.0,0.0,0.048606742739,0.13,0.15,0.18
2179,603313,梦百合,2,2.0,0.0,0.0,0.0,0.0,-0.017214727867,0.225,0.495,0.695
2180,688319,欧林生物,2,1.0,1.0,0.0,0.0,0.0,0.05490781916,-0.005,0.145,0.205
2181,688190,云路股份,2,2.0,0.0,0.0,0.0,0.0,2.453247766167,3.06,3.485,3.98
2182,688273,麦澜德,2,2.0,0.0,0.0,0.0,0.0,1.0262976887,1.135,1.3,1.5
2183,301328,维峰电子,2,2.0,0.0,0.0,0.0,0.0,0.620218959769,0.87,1.06,1.35
2184,688157,松井股份,2,1.0,1.0,0.0,0.0,0.0,0.107404739465,0.3,0.565,0.985
2185,301058,中粮科工,2,2.0,0.0,0.0,0.0,0.0,0.447557702053,0.475,0.495,0.515
2186,688584,上海合晶,2,2.0,0.0,0.0,0.0,0.0,0.18731407864,0.25,0.395,0.565
2187,300492,华图山鼎,2,2.0,0.0,0.0,0.0,0.0,0.8740132398,1.865,2.445,3.14
2188,301093,华兰股份,2,2.0,0.0,0.0,0.0,0.0,0.282340628519,0.56,0.75,0.945
2189,603773,沃格光电,2,1.0,1.0,0.0,0.0,0.0,-0.705007382567,0.23,0.68,1.29
2190,688425,铁建重工,2,0.0,2.0,0.0,0.0,0.0,0.278059290992,0.265,0.28,0.31
2191,603269,海鸥股份,2,2.0,0.0,0.0,0.0,0.0,0.267810913687,0.43,0.633333333333,0.803333333333
2192,601860,紫金银行,2,0.0,2.0,0.0,0.0,0.0,0.339913016905,0.355,0.365,0.385
2193,688523,航天环宇,2,1.0,1.0,0.0,0.0,0.0,0.116980986999,0.145,0.2,0.25
2194,301611,珂玛科技,2,0.0,2.0,0.0,0.0,0.0,0.663044861261,0.885,1.475,2.185
2195,688663,新风光,2,1.0,1.0,0.0,0.0,0.0,0.4837195387,1.39,2.195,3.595
2196,002871,伟隆股份,2,0.0,2.0,0.0,0.0,0.0,0.532784872155,0.57,0.735,0.93
2197,603719,良品铺子,2,0.0,2.0,0.0,0.0,0.0,-0.37100108502,0.14,0.226666666667,0.266666666667
2198,688023,安恒信息,2,2.0,0.0,0.0,0.0,0.0,-0.562751734441,0.79,1.315,1.595
2199,603881,数据港,2,1.0,1.0,0.0,0.0,0.0,0.160938190928,0.205,0.24,0.28
2200,688269,凯立新材,2,1.0,1.0,0.0,0.0,0.0,0.83438013083,1.595,2.075,2.755
2201,301068,大地海洋,2,2.0,0.0,0.0,0.0,0.0,-0.225630074815,1.07,1.45,1.765
2202,300994,久祺股份,2,1.0,1.0,0.0,0.0,0.0,0.635063580236,0.77,0.95,
2203,002373,千方科技,2,2.0,0.0,0.0,0.0,0.0,0.169876739266,0.25,0.34,0.54
2204,920101,志高机械,2,1.0,1.0,0.0,0.0,0.0,0.899562721111,1.575,1.955,1.6
2205,688158,优刻得,2,0.0,2.0,0.0,0.0,0.0,-0.159653892465,0.205,0.41,0.615
2206,000059,华锦股份,2,2.0,0.0,0.0,0.0,0.0,-1.102443412776,0.555,0.515,0.575
2207,600572,康恩贝,2,2.0,0.0,0.0,0.0,0.0,0.186865123976,0.24,0.29,0.34
2208,600320,振华重工,2,0.0,2.0,0.0,0.0,0.0,0.13922442641,0.254,0.3125,0.3895
2209,600379,宝光股份,2,2.0,0.0,0.0,0.0,0.0,0.155356620782,0.243333333333,0.4,0.546666666667
2210,688799,华纳药厂,2,1.0,1.0,0.0,0.0,0.0,1.783034081504,1.345,1.555,1.8
2211,002233,塔牌集团,2,1.0,1.0,0.0,0.0,0.0,0.540000772346,0.475,0.52,0.565
2212,002130,沃尔核材,2,2.0,0.0,0.0,0.0,0.0,0.817114586645,1.13,1.49,1.81
2213,600362,江西铜业,2,1.0,1.0,0.0,0.0,0.0,2.059124762595,4.795,5.09,5.275
2214,600064,南京高科,2,2.0,0.0,0.0,0.0,0.0,1.057726179948,1.255,1.415,1.58
2215,600037,歌华有线,2,1.0,0.0,1.0,0.0,0.0,0.024654163329,0.13,0.14,
2216,920100,三协电机,2,0.0,2.0,0.0,0.0,0.0,0.58450697657,0.665,0.835,1.05
2217,301196,唯科科技,2,1.0,1.0,0.0,0.0,0.0,1.564636536836,2.25,3.0,4.86
2218,002673,西部证券,2,0.0,1.0,1.0,0.0,0.0,0.392352760671,0.46,0.53,0.575
2219,300657,弘信电子,2,1.0,1.0,0.0,0.0,0.0,0.305372459216,0.705,1.235,1.735
2220,002515,金字火腿,2,1.0,1.0,0.0,0.0,0.0,0.020900923921,0.02,0.025,0.04
2221,000685,中山公用,2,0.0,2.0,0.0,0.0,0.0,1.280451163368,1.495,1.565,1.685
2222,600397,江钨装备,2,2.0,0.0,0.0,0.0,0.0,-0.294291592091,0.075,0.09,0.1
2223,301507,民生健康,2,1.0,1.0,0.0,0.0,0.0,0.333165755468,0.315,0.44,0.63
2224,300351,永贵电器,2,2.0,0.0,0.0,0.0,0.0,0.160701408624,0.335,0.44,0.545
2225,002614,奥佳华,2,1.0,1.0,0.0,0.0,0.0,0.019678987758,0.14,0.17,0.2
2226,301479,弘景光电,2,2.0,0.0,0.0,0.0,0.0,1.547967621674,2.45,3.395,4.65
2227,301290,东星医疗,2,2.0,0.0,0.0,0.0,0.0,-0.378746089353,1.185,1.985,2.42
2228,688737,中自科技,2,1.0,1.0,0.0,0.0,0.0,-0.472206447233,0.7,1.125,1.75
2229,300088,长信科技,2,2.0,0.0,0.0,0.0,0.0,0.081512043367,0.155,0.24,0.335
2230,603005,晶方科技,2,2.0,0.0,0.0,0.0,0.0,0.566749050165,0.82,1.12,1.45
2231,920036,觅睿科技,2,1.0,1.0,0.0,0.0,0.0,1.454258666105,1.82,2.33,2.865
2232,920556,雅达股份,2,0.0,2.0,0.0,0.0,0.0,0.145058003282,0.205,0.245,0.305
2233,605198,安德利,2,1.0,1.0,0.0,0.0,0.0,1.007493649112,0.92,1.08,1.235
2234,300698,万马科技,2,1.0,1.0,0.0,0.0,0.0,0.351065168433,0.755,1.09,1.46
2235,688418,震有科技,2,0.0,2.0,0.0,0.0,0.0,-0.344572992775,0.505,0.99,1.95
2236,301317,鑫磊股份,2,1.0,1.0,0.0,0.0,0.0,1.788740375215,0.605,1.395,3.315
2237,300540,蜀道装备,2,1.0,1.0,0.0,0.0,0.0,0.263986148009,0.415,0.505,0.665
2238,920261,一诺威,2,0.0,2.0,0.0,0.0,0.0,0.641229051429,0.885,1.095,1.43
2239,920943,优机股份,2,0.0,2.0,0.0,0.0,0.0,0.716530488977,0.81,0.935,1.09
2240,600469,风神股份,2,2.0,0.0,0.0,0.0,0.0,0.264717250194,0.37,0.595,0.83
2241,601608,中信重工,2,0.0,2.0,0.0,0.0,0.0,0.081986564108,0.1,0.13,0.16
2242,605196,华通线缆,2,1.0,1.0,0.0,0.0,0.0,0.559118529077,1.32,2.8,6.03
2243,603990,麦迪科技,2,1.0,1.0,0.0,0.0,0.0,0.12828474933,0.225,0.32,0.4
2244,605286,同力天启,2,2.0,0.0,0.0,0.0,0.0,1.182660216369,1.61,3.2,4.18
2245,603896,寿仙谷,2,1.0,1.0,0.0,0.0,0.0,0.091676318042,0.56,0.675,0.785
2246,603926,铁流股份,2,2.0,0.0,0.0,0.0,0.0,0.332530156336,0.645,0.795,0.995
2247,000987,越秀资本,2,2.0,0.0,0.0,0.0,0.0,0.701470824975,0.835,0.945,1.065
2248,300872,天阳科技,2,2.0,0.0,0.0,0.0,0.0,-0.282994829154,0.185,0.305,0.455
2249,920016,中草香料,2,0.0,2.0,0.0,0.0,0.0,0.248702096826,0.33,0.415,0.515
2250,301665,泰禾股份,2,1.0,1.0,0.0,0.0,0.0,1.035004052467,1.245,1.515,1.805
2251,300841,康华生物,2,2.0,0.0,0.0,0.0,0.0,1.692213794498,2.083333333333,2.433333333333,2.753333333333
2252,603237,五芳斋,2,2.0,0.0,0.0,0.0,0.0,0.62046612696,0.685,0.775,0.865
2253,000920,沃顿科技,1,0.0,1.0,0.0,0.0,0.0,0.466647458017,0.57,0.68,0.82
2254,603196,璞源材料,1,0.0,0.0,1.0,0.0,0.0,0.042964815138,0.78,1.05,1.31
2255,000906,浙商中拓,1,1.0,0.0,0.0,0.0,0.0,0.313833697662,0.72,1.02,1.16
2256,688225,亚信安全,1,0.0,1.0,0.0,0.0,0.0,-1.114424880428,0.17,0.61,
2257,000915,华特达因,1,0.0,1.0,0.0,0.0,0.0,2.283441171339,2.425,2.65,2.87
2258,601798,蓝科高新,1,0.0,1.0,0.0,0.0,0.0,0.137190049464,0.18,0.22,0.27
2259,300835,龙磁科技,1,1.0,0.0,0.0,0.0,0.0,1.412913070743,1.87,4.69,9.93
2260,002334,英威腾,1,0.0,1.0,0.0,0.0,0.0,0.254037550414,0.3,0.34,0.39
2261,600871,石化油服,1,0.0,1.0,0.0,0.0,0.0,0.034754412993,0.04,0.05,0.05
2262,300996,普联软件,1,0.0,1.0,0.0,0.0,0.0,0.186914283344,0.39,0.46,0.53
2263,603303,得邦照明,1,0.0,1.0,0.0,0.0,0.0,0.554111714364,0.62,0.67,0.72
2264,002887,绿茵生态,1,1.0,0.0,0.0,0.0,0.0,0.396817772684,0.46,0.53,0.61
2265,605018,长华集团,1,1.0,0.0,0.0,0.0,0.0,0.202607245322,0.29,0.35,0.43
2266,920160,北矿检测,1,1.0,0.0,0.0,0.0,0.0,0.68169891852,0.79,0.94,
2267,600206,有研新材,1,1.0,0.0,0.0,0.0,0.0,0.312785470378,0.53,0.72,0.85
2268,688370,丛麟科技,1,0.0,1.0,0.0,0.0,0.0,0.168960041239,0.46,0.66,0.9
2269,603936,博敏电子,1,1.0,0.0,0.0,0.0,0.0,0.010245204276,0.32,0.64,0.95
2270,603132,金徽股份,1,1.0,0.0,0.0,0.0,0.0,0.55446418636,0.7,0.85,1.02
2271,002060,广东建工,1,1.0,0.0,0.0,0.0,0.0,0.295357826347,0.31,0.33,0.35
2272,300712,永福股份,1,0.0,1.0,0.0,0.0,0.0,0.12564288128,0.46,0.62,
2273,688566,吉贝尔,1,0.0,1.0,0.0,0.0,0.0,1.300865430053,1.23,1.5,1.94
2274,300608,思特奇,1,0.0,1.0,0.0,0.0,0.0,-0.517366614262,-0.14,0.01,0.22
2275,600455,博通股份,1,0.0,1.0,0.0,0.0,0.0,0.711024748311,0.78,0.86,1.02
2276,600310,广西能源,1,1.0,0.0,0.0,0.0,0.0,-0.143928793522,0.17,0.21,0.24
2277,002903,宇环数控,1,0.0,1.0,0.0,0.0,0.0,-0.126043810383,0.08,0.19,0.26
2278,688238,和元生物,1,0.0,1.0,0.0,0.0,0.0,-0.362171214571,-0.3,-0.2,
2279,301499,维科精密,1,1.0,0.0,0.0,0.0,0.0,0.389485594019,0.47,0.71,0.95
2280,301207,华兰疫苗,1,1.0,0.0,0.0,0.0,0.0,0.304344960655,0.36,0.43,0.52
2281,301600,慧翰股份,1,1.0,0.0,0.0,0.0,0.0,1.523019934847,2.2,2.96,4.18
2282,001223,欧克科技,1,1.0,0.0,0.0,0.0,0.0,0.312611244843,0.99,1.65,
2283,000036,华联控股,1,0.0,1.0,0.0,0.0,0.0,0.049967568961,0.07,0.13,0.14
2284,000810,创维数字,1,0.0,1.0,0.0,0.0,0.0,0.156376228542,0.29,0.35,0.38
2285,002969,嘉美包装,1,1.0,0.0,0.0,0.0,0.0,0.078835246448,0.11,0.12,0.14
2286,003019,宸展光电,1,0.0,1.0,0.0,0.0,0.0,1.097371264375,1.22,1.7,2.02
2287,301555,惠柏新材,1,0.0,1.0,0.0,0.0,0.0,0.789776047155,1.1,1.61,2.19
2288,301489,思泉新材,1,0.0,1.0,0.0,0.0,0.0,0.518170273548,3.49,7.32,10.2
2289,601568,北元化工,1,1.0,0.0,0.0,0.0,0.0,0.027264982313,0.3,0.4,0.51
2290,002382,蓝帆医疗,1,0.0,1.0,0.0,0.0,0.0,-0.753223318889,0.48,0.55,
2291,301191,菲菱科思,1,1.0,0.0,0.0,0.0,0.0,0.670085585035,1.31,2.42,3.65
2292,300192,科德教育,1,0.0,1.0,0.0,0.0,0.0,0.268421129453,0.41,0.45,0.5
2293,301568,思泰克,1,0.0,1.0,0.0,0.0,0.0,1.082350761778,1.46,2.05,2.97
2294,603096,新经典,1,1.0,0.0,0.0,0.0,0.0,0.499260444659,0.51,0.54,0.56
2295,605339,南侨食品,1,0.0,1.0,0.0,0.0,0.0,0.095850081657,0.14,0.17,0.18
2296,000862,银星能源,1,1.0,0.0,0.0,0.0,0.0,0.048439050569,0.25,0.3,0.35
2297,002066,瑞泰科技,1,0.0,1.0,0.0,0.0,0.0,-0.245927780356,0.34,0.43,0.6
2298,002053,云南能投,1,1.0,0.0,0.0,0.0,0.0,0.256641731474,0.76,0.9,0.99
2299,603285,键邦股份,1,1.0,0.0,0.0,0.0,0.0,0.849018600125,1.25,1.54,2.9
2300,688633,星球石墨,1,1.0,0.0,0.0,0.0,0.0,0.99197134682,1.66,2.27,2.98
2301,600531,豫光金铅,1,1.0,0.0,0.0,0.0,0.0,0.711253389013,0.71,0.75,0.85
2302,603118,共进股份,1,0.0,1.0,0.0,0.0,0.0,0.098799839316,0.32,0.41,0.54
2303,603311,金海高科,1,0.0,1.0,0.0,0.0,0.0,0.332758199778,0.39,0.49,0.62
2304,300531,优博讯,1,1.0,0.0,0.0,0.0,0.0,0.259806438581,0.4,0.56,0.74
2305,301292,海科新源,1,1.0,0.0,0.0,0.0,0.0,-0.80994977903,4.56,5.69,6.72
2306,300689,澄天伟业,1,1.0,0.0,0.0,0.0,0.0,0.132972548097,0.43,1.48,2.27
2307,300004,南风股份,1,0.0,1.0,0.0,0.0,0.0,0.064589049915,0.12,0.22,0.41
2308,920946,森萱医药,1,0.0,1.0,0.0,0.0,0.0,0.307985265871,0.39,0.45,0.52
2309,688125,安达智能,1,1.0,0.0,0.0,0.0,0.0,-1.311352532887,0.65,1.83,3.08
2310,300843,胜蓝股份,1,1.0,0.0,0.0,0.0,0.0,0.683490927744,1.26,2.09,3.48
2311,002228,合兴包装,1,0.0,1.0,0.0,0.0,0.0,0.085286087141,0.19,0.19,
2312,920177,恒道科技,1,0.0,1.0,0.0,0.0,0.0,1.513884272745,1.75,1.96,2.21
2313,600479,千金药业,1,0.0,1.0,0.0,0.0,0.0,0.581648249494,0.77,0.89,1.02
2314,601515,衢州东峰,1,0.0,1.0,0.0,0.0,0.0,-0.231989188408,-0.08,0.01,0.01
2315,301287,康力源,1,0.0,0.0,1.0,0.0,0.0,1.041597224989,0.97,1.11,1.38
2316,002862,实丰文化,1,1.0,0.0,0.0,0.0,0.0,-1.031123314355,0.18,0.21,
2317,601698,中国卫通,1,0.0,1.0,0.0,0.0,0.0,0.104449820993,0.13,0.17,0.23
2318,688172,燕东微,1,0.0,1.0,0.0,0.0,0.0,-0.285655891521,-0.92,-1.22,-0.98
2319,600369,西南证券,1,0.0,1.0,0.0,0.0,0.0,0.159873021947,0.19,0.21,0.22
2320,601686,友发集团,1,1.0,0.0,0.0,0.0,0.0,0.459511136731,0.48,0.53,0.59
2321,000989,九芝堂,1,1.0,0.0,0.0,0.0,0.0,0.260067222556,0.355,0.425,0.475
2322,920056,能之光,1,0.0,1.0,0.0,0.0,0.0,0.673619261075,0.74,0.9,1.0
2323,688611,杭州柯林,1,1.0,0.0,0.0,0.0,0.0,-0.019867818809,0.45,0.73,0.93
2324,603324,盛剑科技,1,0.0,1.0,0.0,0.0,0.0,-0.113321363446,0.48,1.38,2.44
2325,300057,万顺新材,1,1.0,0.0,0.0,0.0,0.0,-0.183808295643,0.08,0.16,0.26
2326,300717,华信新材,1,1.0,0.0,0.0,0.0,0.0,0.535543405011,0.62,0.86,1.19
2327,300566,激智科技,1,1.0,0.0,0.0,0.0,0.0,0.777102912565,1.04,1.3,1.65
2328,600780,通宝能源,1,0.0,1.0,0.0,0.0,0.0,0.565342161258,0.581,0.61,0.637
2329,920425,乐创技术,1,0.0,1.0,0.0,0.0,0.0,0.318789284906,0.57,0.67,
2330,002029,七匹狼,1,0.0,1.0,0.0,0.0,0.0,0.471833715163,0.44,0.45,0.46
2331,001227,兰州银行,1,0.0,1.0,0.0,0.0,0.0,0.327408890042,0.33,0.34,0.36
2332,301026,浩通科技,1,0.0,1.0,0.0,0.0,0.0,0.786140765637,1.37,1.54,1.71
2333,603685,晨丰科技,1,1.0,0.0,0.0,0.0,0.0,0.087140418518,0.4,0.79,1.06
2334,301189,奥尼电子,1,1.0,0.0,0.0,0.0,0.0,-0.958826526088,0.9,2.3,5.0
2335,601778,晶科科技,1,1.0,0.0,0.0,0.0,0.0,0.088596986396,0.04,0.11,0.19
2336,603788,宁波高发,1,0.0,1.0,0.0,0.0,0.0,0.969189603502,1.08,1.26,1.46
2337,002685,华东重机,1,1.0,0.0,0.0,0.0,0.0,0.066215441759,0.32,0.39,0.48
2338,300077,国民技术,1,1.0,0.0,0.0,0.0,0.0,-0.170201467705,0.02,0.44,0.81
2339,002687,乔治白,1,0.0,1.0,0.0,0.0,0.0,0.169214485222,0.18,0.21,0.23
2340,301459,丰茂股份,1,1.0,0.0,0.0,0.0,0.0,0.879134757921,1.36,1.86,2.47
2341,688813,泰金新能,1,1.0,0.0,0.0,0.0,0.0,1.275694675313,2.01,2.53,3.15
2342,002110,三钢闽光,1,0.0,1.0,0.0,0.0,0.0,0.011154539878,0.1,0.3,0.41
2343,688371,菲沃泰,1,1.0,0.0,0.0,0.0,0.0,0.090053490786,0.19,0.3,0.45
2344,920685,新芝生物,1,0.0,1.0,0.0,0.0,0.0,0.384683968337,0.49,0.54,0.62
2345,301666,大普微,1,0.0,1.0,0.0,0.0,0.0,-1.101911191731,6.25,12.51,20.5
2346,603275,众辰科技,1,1.0,0.0,0.0,0.0,0.0,1.207147868656,1.32,1.43,1.53
2347,301628,强达电路,1,1.0,0.0,0.0,0.0,0.0,1.603797019202,2.06,2.72,3.56
2348,600794,保税科技,1,0.0,1.0,0.0,0.0,0.0,-0.076494848753,0.13,0.15,0.17
2349,600601,方正科技,1,0.0,1.0,0.0,0.0,0.0,0.11048810774,0.29,0.41,0.43
2350,603687,大胜达,1,1.0,0.0,0.0,0.0,0.0,0.140203840336,0.18,0.29,0.51
2351,002157,正邦科技,1,0.0,1.0,0.0,0.0,0.0,-0.059072717646,0.01,0.07,0.13
2352,688107,安路科技,1,1.0,0.0,0.0,0.0,0.0,-0.679681690329,-0.45,-0.24,0.03
2353,301389,隆扬电子,1,1.0,0.0,0.0,0.0,0.0,0.366057059965,0.61,0.895,1.05
2354,688166,博瑞医药,1,1.0,0.0,0.0,0.0,0.0,0.12509249084,0.22,1.06,1.85
2355,920992,中科美菱,1,0.0,1.0,0.0,0.0,0.0,0.197528262055,0.23,0.26,0.3
2356,600509,天富能源,1,1.0,0.0,0.0,0.0,0.0,0.167408109829,0.46,0.58,0.69
2357,688576,西山科技,1,1.0,0.0,0.0,0.0,0.0,0.767380340835,1.92,2.48,3.09
2358,300959,线上线下,1,0.0,1.0,0.0,0.0,0.0,-0.136156764898,0.4,0.48,0.56
2359,301176,逸豪新材,1,0.0,1.0,0.0,0.0,0.0,-0.346738606375,0.38,0.79,1.33
2360,002708,光洋股份,1,1.0,0.0,0.0,0.0,0.0,0.17964489989,0.52,0.74,0.86
2361,600478,科力远,1,0.0,1.0,0.0,0.0,0.0,0.082870505373,0.14,0.18,0.27
2362,920220,朗信电气,1,0.0,1.0,0.0,0.0,0.0,1.98802629138,2.2,2.68,3.27
2363,301295,美硕科技,1,1.0,0.0,0.0,0.0,0.0,0.223735323313,0.57,0.9,1.26
2364,002753,永东股份,1,1.0,0.0,0.0,0.0,0.0,0.090831266477,0.22,0.43,0.6
2365,000620,盈新发展,1,1.0,0.0,0.0,0.0,0.0,-0.19978386779,0.04,0.07,0.11
2366,603538,美诺华,1,1.0,0.0,0.0,0.0,0.0,0.300738085804,0.44,0.57,0.71
2367,605208,永茂泰,1,1.0,0.0,0.0,0.0,0.0,0.204593586986,,,
2368,600980,北矿科技,1,1.0,0.0,0.0,0.0,0.0,0.644506053253,0.821,0.994,1.231
2369,920167,同享科技,1,0.0,1.0,0.0,0.0,0.0,0.197213870295,1.19,1.46,1.78
2370,600586,金晶科技,1,1.0,0.0,0.0,0.0,0.0,-0.412573828122,0.08,0.28,0.55
2371,301000,肇民科技,1,1.0,0.0,0.0,0.0,0.0,0.61244686674,0.66,0.79,0.94
2372,300200,高盟新材,1,1.0,0.0,0.0,0.0,0.0,0.24126801739,0.42,0.51,0.54
2373,300676,华大基因,1,0.0,1.0,0.0,0.0,0.0,-1.474133343158,0.27,0.34,0.43
2374,688338,赛科希德,1,1.0,0.0,0.0,0.0,0.0,0.844120075484,0.87,1.0,1.18
2375,000950,重药控股,1,1.0,0.0,0.0,0.0,0.0,0.225782405913,0.255,0.27,0.34
2376,688667,菱电电控,1,1.0,0.0,0.0,0.0,0.0,2.573891906849,3.09,12.54,15.88
2377,688276,百克生物,1,1.0,0.0,0.0,0.0,0.0,-0.634777955148,-0.105,0.015,0.09
2378,002945,华林证券,1,0.0,1.0,0.0,0.0,0.0,0.187493042504,,,
2379,002117,东港股份,1,0.0,1.0,0.0,0.0,0.0,0.27527020539,0.31,0.34,
2380,300997,欢乐家,1,0.0,1.0,0.0,0.0,0.0,0.101557028943,0.1,0.13,0.15
2381,688365,光云科技,1,1.0,0.0,0.0,0.0,0.0,-0.061183358326,0.05,0.09,0.24
2382,603878,武进不锈,1,0.0,1.0,0.0,0.0,0.0,0.141885270616,0.19,0.19,0.23
2383,600771,广誉远,1,0.0,1.0,0.0,0.0,0.0,0.128793960277,0.24,0.32,0.41
2384,301183,东田微,1,1.0,0.0,0.0,0.0,0.0,1.256136661449,3.11,6.86,10.08
2385,001205,盛航股份,1,0.0,1.0,0.0,0.0,0.0,0.577773859045,0.61,0.67,0.76
2386,605287,德才股份,1,1.0,0.0,0.0,0.0,0.0,0.499601055357,0.594,0.676,0.772
2387,605318,法狮龙,1,0.0,1.0,0.0,0.0,0.0,-0.053035910609,0.025,0.065,0.09
2388,603409,汇通控股,1,0.0,1.0,0.0,0.0,0.0,0.784901562241,1.44,1.81,2.14
2389,000048,京基智农,1,0.0,1.0,0.0,0.0,0.0,0.288207976703,0.47,1.15,1.91
2390,001331,胜通能源,1,0.0,1.0,0.0,0.0,0.0,0.044981055204,0.03,0.06,0.08
2391,002655,共达电声,1,1.0,0.0,0.0,0.0,0.0,0.203536392118,0.13,0.28,0.49
2392,600345,长江通信,1,1.0,0.0,0.0,0.0,0.0,0.66493775038,3.11,4.59,6.17
2393,301581,黄山谷捷,1,1.0,0.0,0.0,0.0,0.0,0.687870275,0.71,1.06,1.48
2394,300248,新开普,1,1.0,0.0,0.0,0.0,0.0,0.164020598029,0.25,0.3,0.34
2395,688443,智翔金泰,1,0.0,1.0,0.0,0.0,0.0,-1.460809465665,-1.025,-0.195,0.48
2396,600975,新五丰,1,1.0,0.0,0.0,0.0,0.0,-0.70134565312,-0.72,0.41,0.31
2397,301158,德石股份,1,0.0,1.0,0.0,0.0,0.0,0.597937671339,0.83,1.05,1.37
2398,600420,国药现代,1,1.0,0.0,0.0,0.0,0.0,0.70207341061,0.63,0.69,0.76
2399,002406,远东传动,1,0.0,1.0,0.0,0.0,0.0,0.213929994081,0.29,0.33,0.38
2400,600746,江苏索普,1,1.0,0.0,0.0,0.0,0.0,0.075681319954,0.28,0.34,0.42
2401,000155,川能动力,1,0.0,1.0,0.0,0.0,0.0,0.272182349317,0.71,0.88,1.01
2402,688302,海创药业,1,1.0,0.0,0.0,0.0,0.0,-1.386171613588,-1.135,0.24,1.435
2403,002289,宇顺电子,1,1.0,0.0,0.0,0.0,0.0,-0.05205377325,1.6,2.14,2.87
2404,603033,三维股份,1,1.0,0.0,0.0,0.0,0.0,-0.36643918726,,,
2405,688635,长进光子,1,0.0,1.0,0.0,0.0,0.0,1.021035690082,1.54,2.16,2.83
2406,300243,瑞丰高材,1,1.0,0.0,0.0,0.0,0.0,0.108499783594,0.45,0.72,1.13
2407,300179,四方达,1,0.0,1.0,0.0,0.0,0.0,0.191845383632,0.35,0.6,0.86
2408,688182,灿勤科技,1,1.0,0.0,0.0,0.0,0.0,0.30090703195,0.47,0.66,0.82
2409,003043,华亚智能,1,1.0,0.0,0.0,0.0,0.0,0.587394061425,1.92,2.68,3.67
2410,000417,合百集团,1,1.0,0.0,0.0,0.0,0.0,0.205434435587,0.24,0.28,0.31
2411,000789,万年青,1,0.0,1.0,0.0,0.0,0.0,0.036388405679,0.04,0.07,0.12
2412,688590,新致软件,1,1.0,0.0,0.0,0.0,0.0,-0.407094212844,0.08,0.27,0.47
2413,688785,恒运昌,1,1.0,0.0,0.0,0.0,0.0,1.681499277536,1.72,2.4,3.19
2414,300493,润欣科技,1,1.0,0.0,0.0,0.0,0.0,0.107756477053,0.23,0.35,0.47
2415,301149,隆华新材,1,1.0,0.0,0.0,0.0,0.0,0.254952940977,1.13,1.26,1.49
2416,688360,德马科技,1,0.0,1.0,0.0,0.0,0.0,0.360810117119,0.5,0.65,0.82
2417,601326,秦港股份,1,0.0,1.0,0.0,0.0,0.0,0.287476840373,0.3,0.31,0.32
2418,300272,开能健康,1,0.0,1.0,0.0,0.0,0.0,0.091597283552,0.18,0.23,0.26
2419,688618,三旺通信,1,1.0,0.0,0.0,0.0,0.0,0.326867134012,0.47,0.69,1.02
2420,688709,成都华微,1,0.0,1.0,0.0,0.0,0.0,0.241196826426,0.39,0.52,0.66
2421,603185,弘元绿能,1,1.0,0.0,0.0,0.0,0.0,0.273524172747,0.28,0.66,1.63
2422,300758,七彩化学,1,1.0,0.0,0.0,0.0,0.0,0.153226482871,0.23,0.34,0.43
2423,301169,零点有数,1,0.0,1.0,0.0,0.0,0.0,-0.542835587731,-0.23,-0.05,
2424,600366,宁波韵升,1,1.0,0.0,0.0,0.0,0.0,0.301012950917,0.52,0.7,0.83
2425,301335,天元宠物,1,0.0,1.0,0.0,0.0,0.0,0.460412778066,0.625,0.785,0.83
2426,601158,重庆水务,1,1.0,0.0,0.0,0.0,0.0,0.168497429814,0.18,0.19,0.2
2427,002664,信质集团,1,0.0,1.0,0.0,0.0,0.0,0.327476609187,0.8,1.14,
2428,603618,杭电股份,1,1.0,0.0,0.0,0.0,0.0,-0.432028946853,2.187,3.492,4.272
2429,001267,汇绿生态,1,1.0,0.0,0.0,0.0,0.0,0.112207459991,0.31,0.48,0.62
2430,002127,南极电商,1,1.0,0.0,0.0,0.0,0.0,-0.11468466327,0.1,0.14,0.2
2431,688260,昀冢科技,1,1.0,0.0,0.0,0.0,0.0,-1.583855122417,-0.365,0.47,1.46
2432,300595,欧普康视,1,0.0,1.0,0.0,0.0,0.0,0.536167105024,0.57,0.63,0.685
2433,600664,哈药股份,1,1.0,0.0,0.0,0.0,0.0,0.143575786296,0.24,0.28,0.32
2434,003001,中岩大地,1,1.0,0.0,0.0,0.0,0.0,0.079227161412,0.23,0.48,0.86
2435,002391,长青股份,1,0.0,1.0,0.0,0.0,0.0,0.062406521288,0.2,0.29,
2436,600955,维远股份,1,1.0,0.0,0.0,0.0,0.0,-1.802829109745,1.75,1.81,1.97
2437,002344,海宁皮城,1,0.0,1.0,0.0,0.0,0.0,0.05505052089,0.068,0.075,0.082
2438,300709,精研科技,1,0.0,1.0,0.0,0.0,0.0,0.274951344079,1.25,1.8,2.22
2439,603223,恒通股份,1,0.0,1.0,0.0,0.0,0.0,0.377152989691,0.56,0.66,0.73
2440,600392,盛和资源,1,1.0,0.0,0.0,0.0,0.0,0.47866350226,0.89,1.13,1.41
2441,002183,怡亚通,1,1.0,0.0,0.0,0.0,0.0,-0.122868315751,0.07,0.13,0.17
2442,301127,武汉天源,1,1.0,0.0,0.0,0.0,0.0,0.325806482552,0.42,0.52,0.64
2443,688251,井松智能,1,0.0,1.0,0.0,0.0,0.0,0.314069377823,0.42,0.6,0.81
2444,001338,永顺泰,1,1.0,0.0,0.0,0.0,0.0,0.471774962011,0.51,0.6,0.67
2445,688352,颀中科技,1,1.0,0.0,0.0,0.0,0.0,0.223434008817,0.25,0.38,0.44
2446,600693,东百集团,1,0.0,1.0,0.0,0.0,0.0,0.052610518549,0.14,0.17,0.21
2447,301246,宏源药业,1,1.0,0.0,0.0,0.0,0.0,0.297628427167,1.94,3.26,5.76
2448,301099,雅创电子,1,1.0,0.0,0.0,0.0,0.0,0.667394258231,2.61,4.33,6.0
2449,600928,西安银行,1,1.0,0.0,0.0,0.0,0.0,0.596238074925,0.66,0.71,0.77
2450,300436,广生堂,1,1.0,0.0,0.0,0.0,0.0,-1.296514657349,-0.54,-0.52,0.1
2451,605369,拱东医疗,1,1.0,0.0,0.0,0.0,0.0,0.234333325316,0.59,0.68,0.78
2452,603315,福鞍股份,1,1.0,0.0,0.0,0.0,0.0,0.148753543257,0.3,0.48,0.8
2453,688369,致远互联,1,1.0,0.0,0.0,0.0,0.0,-2.012177315484,-0.9,-0.26,0.52
2454,301717,超纯应材,1,0.0,1.0,0.0,0.0,0.0,1.813983860402,3.39,7.04,11.26
2455,300560,中富通,1,1.0,0.0,0.0,0.0,0.0,-0.331714573125,0.57,0.89,1.31
2456,300213,佳讯飞鸿,1,1.0,0.0,0.0,0.0,0.0,-0.28133885768,0.07,0.15,0.25
2457,688056,莱伯泰科,1,0.0,1.0,0.0,0.0,0.0,0.598887814914,0.55,0.61,0.62
2458,002111,威海广泰,1,0.0,1.0,0.0,0.0,0.0,0.242532503385,0.53,0.65,0.8
2459,601007,金陵饭店,1,0.0,1.0,0.0,0.0,0.0,0.162644093436,0.17,0.19,0.22
2460,603385,惠达卫浴,1,1.0,0.0,0.0,0.0,0.0,-0.498675559029,0.06,0.18,0.21
2461,603500,祥和实业,1,1.0,0.0,0.0,0.0,0.0,0.40396381926,0.47,0.55,0.66
2462,920062,科润智控,1,1.0,0.0,0.0,0.0,0.0,0.083520799629,0.16,0.31,0.49
2463,301458,钧崴电子,1,1.0,0.0,0.0,0.0,0.0,0.49196079788,0.66,0.96,1.29
2464,301047,义翘神州,1,0.0,1.0,0.0,0.0,0.0,1.214565808907,1.67,2.17,
2465,688757,胜科纳米,1,0.0,1.0,0.0,0.0,0.0,0.153427210799,0.19,0.31,0.47
2466,301566,达利凯普,1,1.0,0.0,0.0,0.0,0.0,0.397841320567,0.49,0.59,0.72
2467,920087,秋乐种业,1,0.0,1.0,0.0,0.0,0.0,0.075797090799,0.12,0.2,0.27
2468,603125,常青科技,1,1.0,0.0,0.0,0.0,0.0,0.390610810577,0.66,1.19,1.64
2469,688765,禾元生物,1,1.0,0.0,0.0,0.0,0.0,-0.439265308615,-0.69,0.22,0.41
2470,603927,中科软,1,1.0,0.0,0.0,0.0,0.0,0.26947521366,0.32,0.41,0.5
2471,688520,神州细胞,1,1.0,0.0,0.0,0.0,0.0,-1.200955572109,-1.095,-0.81,-0.56
2472,603790,雅运股份,1,0.0,1.0,0.0,0.0,0.0,0.376239312343,0.37,0.45,0.54
2473,688339,亿华通,1,0.0,1.0,0.0,0.0,0.0,-2.790478744164,-2.67,-2.7,-2.48
2474,688399,硕世生物,1,0.0,1.0,0.0,0.0,0.0,-0.33093052367,-0.05,0.27,0.9
2475,002061,浙江交科,1,1.0,0.0,0.0,0.0,0.0,0.364839773504,0.41,0.46,0.5
2476,003009,中天火箭,1,0.0,1.0,0.0,0.0,0.0,-0.618455079717,0.21,0.5,0.65
2477,002730,电光科技,1,1.0,0.0,0.0,0.0,0.0,0.185245702053,0.27,0.56,0.82
2478,603085,天成自控,1,0.0,1.0,0.0,0.0,0.0,0.213794470184,0.32,0.4,0.47
2479,002669,康达新材,1,1.0,0.0,0.0,0.0,0.0,0.413447094364,0.43,0.66,0.88
2480,920011,晨光电机,1,0.0,1.0,0.0,0.0,0.0,1.130904778706,1.16,1.28,1.42
2481,002195,岩山科技,1,1.0,0.0,0.0,0.0,0.0,0.016280238611,0.02,0.02,0.03
2482,300382,斯莱克,1,1.0,0.0,0.0,0.0,0.0,-0.094941558945,0.12,0.21,0.49
2483,000930,中粮科技,1,1.0,0.0,0.0,0.0,0.0,0.020667268563,-0.1,0.08,0.24
2484,688716,中研股份,1,0.0,1.0,0.0,0.0,0.0,0.097524193294,0.17,0.25,0.33
2485,301682,宏明电子,1,1.0,0.0,0.0,0.0,0.0,2.622160831734,3.12,3.75,4.55
2486,688439,振华风光,1,0.0,1.0,0.0,0.0,0.0,0.8502038754,0.63,0.86,1.22
2487,300184,力源信息,1,0.0,1.0,0.0,0.0,0.0,0.149953132061,0.6,1.05,1.5
2488,688466,金科环境,1,1.0,0.0,0.0,0.0,0.0,0.309332478768,0.63,0.82,1.02
2489,603077,和邦生物,1,1.0,0.0,0.0,0.0,0.0,-0.060736460717,0.13,0.17,0.27
2490,000837,秦川机床,1,0.0,1.0,0.0,0.0,0.0,0.051697232669,0.09,0.11,0.13
2491,688432,有研硅,1,1.0,0.0,0.0,0.0,0.0,0.167384089099,0.21,0.26,0.29
2492,002275,桂林三金,1,1.0,0.0,0.0,0.0,0.0,0.737163538351,0.78,0.86,0.93
2493,000032,深桑达A,1,1.0,0.0,0.0,0.0,0.0,-0.104568461831,0.26,0.37,0.5
2494,688591,泰凌微,1,1.0,0.0,0.0,0.0,0.0,0.526901834793,0.64,0.73,0.88
2495,920161,龙辰科技,1,0.0,1.0,0.0,0.0,0.0,0.629052091225,0.73,0.89,1.07
2496,603271,永杰新材,1,1.0,0.0,0.0,0.0,0.0,2.095900442173,3.61,5.57,7.53
2497,603823,百合花,1,0.0,1.0,0.0,0.0,0.0,0.400925628468,0.47,0.54,0.6
2498,002081,金螳螂,1,0.0,1.0,0.0,0.0,0.0,0.167086107991,0.15,0.14,0.14
2499,920223,荣亿精密,1,0.0,1.0,0.0,0.0,0.0,-0.125307343675,0.25,0.56,0.79
2500,603135,中重科技,1,1.0,0.0,0.0,0.0,0.0,-0.034729384353,0.33,0.64,0.95
2501,603284,林平发展,1,1.0,0.0,0.0,0.0,0.0,2.456984050346,3.59,4.75,5.65
2502,301319,唯特偶,1,0.0,1.0,0.0,0.0,0.0,0.431834169102,0.99,1.26,1.45
2503,688069,德林海,1,1.0,0.0,0.0,0.0,0.0,0.630165469691,0.745,0.88,1.06
2504,002276,万马股份,1,0.0,1.0,0.0,0.0,0.0,0.343311211793,0.4,0.52,
2505,688585,上纬新材,1,1.0,0.0,0.0,0.0,0.0,0.101857972207,14.09,-24.62,112.96
2506,002149,西部材料,1,1.0,0.0,0.0,0.0,0.0,0.211728313704,,,
2507,300913,兆龙互连,1,1.0,0.0,0.0,0.0,0.0,0.674959179753,0.9,1.17,1.49
2508,301280,珠城科技,1,1.0,0.0,0.0,0.0,0.0,1.091311946624,,,
2509,688826,频准激光,1,1.0,0.0,0.0,0.0,0.0,3.986072419,4.74,5.79,7.18
2510,600810,神马股份,1,1.0,0.0,0.0,0.0,0.0,-0.198619974638,,,
2511,301122,采纳股份,1,0.0,1.0,0.0,0.0,0.0,0.045978834847,0.71,0.89,1.11
2512,603826,坤彩科技,1,1.0,0.0,0.0,0.0,0.0,-0.108074681013,1.24,2.25,3.63
2513,300319,麦捷科技,1,0.0,1.0,0.0,0.0,0.0,0.356392037724,0.47,0.57,0.66
2514,300942,易瑞生物,1,0.0,1.0,0.0,0.0,0.0,0.033927632511,0.12,0.17,0.21
2515,603316,诚邦股份,1,1.0,0.0,0.0,0.0,0.0,-0.442957905511,0.39,0.52,0.68
2516,601112,振石股份,1,1.0,0.0,0.0,0.0,0.0,0.421721758997,0.51,0.6,
2517,000049,德赛电池,1,1.0,0.0,0.0,0.0,0.0,0.759856536241,,,
2518,603681,永冠新材,1,0.0,1.0,0.0,0.0,0.0,0.521633774334,0.76,1.21,1.56
2519,000709,河钢股份,1,0.0,1.0,0.0,0.0,0.0,0.096931396946,0.16,0.2,
2520,603738,泰晶科技,1,0.0,1.0,0.0,0.0,0.0,0.135335758097,0.2,0.26,0.38
2521,300229,拓尔思,1,1.0,0.0,0.0,0.0,0.0,-0.336243543166,-0.11,-0.05,0.0
2522,000937,冀中能源,1,0.0,1.0,0.0,0.0,0.0,0.157618223138,0.24,0.29,0.34
2523,002268,电科网安,1,1.0,0.0,0.0,0.0,0.0,0.068167853476,0.11,0.17,0.23
2524,002982,湘佳股份,1,0.0,1.0,0.0,0.0,0.0,0.162144237565,0.2,0.43,0.42
2525,688373,盟科药业,1,1.0,0.0,0.0,0.0,0.0,-0.368183344174,-0.14,-0.13,-0.07
2526,002735,王子新材,1,1.0,0.0,0.0,0.0,0.0,-0.421936626942,0.12,0.29,0.54
2527,301231,荣信文化,1,1.0,0.0,0.0,0.0,0.0,-0.214882194431,0.03,0.23,0.46
2528,688708,佳驰科技,1,1.0,0.0,0.0,0.0,0.0,1.09962471484,0.98,1.26,1.41
2529,002585,双星新材,1,0.0,1.0,0.0,0.0,0.0,-0.462115030697,,,
2530,688711,宏微科技,1,1.0,0.0,0.0,0.0,0.0,0.078960412776,0.2,0.61,1.13
2531,002885,京泉华,1,0.0,1.0,0.0,0.0,0.0,0.310840424879,0.54,0.94,1.37
2532,002798,帝欧水华,1,0.0,1.0,0.0,0.0,0.0,-0.902758062384,-0.1,0.03,0.11
2533,301297,富乐德,1,1.0,0.0,0.0,0.0,0.0,0.580077818366,,,
2534,600126,杭钢股份,1,0.0,1.0,0.0,0.0,0.0,0.007147659911,0.02,0.03,0.04
2535,300631,久吾高科,1,1.0,0.0,0.0,0.0,0.0,0.589249967672,,,
2536,002980,华盛昌,1,0.0,1.0,0.0,0.0,0.0,0.47265981585,1.37,2.84,3.9
2537,601018,宁波港,1,1.0,0.0,0.0,0.0,0.0,0.265671266246,0.25,0.27,0.29
2538,300895,铜牛信息,1,1.0,0.0,0.0,0.0,0.0,-0.555193968307,-0.06,0.04,0.09
2539,002741,光华科技,1,1.0,0.0,0.0,0.0,0.0,0.221735396866,0.54,0.76,1.0
2540,920964,润农节水,1,0.0,1.0,0.0,0.0,0.0,-0.06419972474,0.08,0.16,0.27
2541,600101,明星电力,1,0.0,1.0,0.0,0.0,0.0,0.336125726378,0.36,0.36,0.37
2542,688098,申联生物,1,0.0,1.0,0.0,0.0,0.0,-0.049909417841,0.04,0.15,0.2
2543,688500,慧辰股份,1,0.0,1.0,0.0,0.0,0.0,-0.524049233339,0.29,0.58,0.92
2544,688657,浩辰软件,1,1.0,0.0,0.0,0.0,0.0,0.53239768055,0.78,1.18,1.48
2545,002543,万和电气,1,0.0,1.0,0.0,0.0,0.0,0.290026439484,0.345,0.395,0.445
2546,600727,鲁北化工,1,0.0,1.0,0.0,0.0,0.0,0.072403280612,0.64,0.74,0.77
2547,605100,华丰股份,1,0.0,1.0,0.0,0.0,0.0,0.095330423434,0.3,0.5,0.79
2548,300809,华辰装备,1,0.0,1.0,0.0,0.0,0.0,0.797309128174,0.57,0.86,1.06
2549,300955,嘉亨家化,1,0.0,1.0,0.0,0.0,0.0,-0.36867983244,0.13,1.16,
2550,002544,普天科技,1,1.0,0.0,0.0,0.0,0.0,0.036903484777,0.09,0.14,0.19
2551,688128,中国电研,1,0.0,1.0,0.0,0.0,0.0,1.321273631199,1.51,1.72,1.94
2552,002365,永安药业,1,1.0,0.0,0.0,0.0,0.0,0.076331067912,0.33,0.37,0.43
2553,300618,寒锐钴业,1,0.0,1.0,0.0,0.0,0.0,0.821839120213,,,
2554,301227,森鹰窗业,1,1.0,0.0,0.0,0.0,0.0,-0.36575289537,-0.17,0.19,0.39
2555,920180,爱得科技,1,0.0,1.0,0.0,0.0,0.0,0.658234951036,0.71,0.8,0.9
2556,300966,共同药业,1,1.0,0.0,0.0,0.0,0.0,-0.636349869644,0.2,0.4,0.6
2557,688655,迅捷兴,1,1.0,0.0,0.0,0.0,0.0,-0.167771283529,0.8,1.2,2.12
2558,920069,普昂医疗,1,1.0,0.0,0.0,0.0,0.0,1.696448930635,2.11,2.74,3.44
2559,000062,深圳华强,1,1.0,0.0,0.0,0.0,0.0,0.44261857667,0.59,0.65,0.72
2560,688288,鸿泉技术,1,1.0,0.0,0.0,0.0,0.0,0.302846075625,0.53,0.73,
2561,600605,汇通能源,1,1.0,0.0,0.0,0.0,0.0,0.116914509961,0.28,0.81,1.56
2562,920035,精创电气,1,0.0,1.0,0.0,0.0,0.0,0.854857690867,1.07,1.35,1.72
2563,603050,科林电气,1,1.0,0.0,0.0,0.0,0.0,0.639632095936,0.76,0.99,1.24
2564,603158,腾龙股份,1,0.0,1.0,0.0,0.0,0.0,0.105745578152,0.52,0.73,0.95
2565,920576,天力复合,1,0.0,1.0,0.0,0.0,0.0,0.186409481413,0.07,0.12,0.18
2566,300093,金刚光伏,1,0.0,1.0,0.0,0.0,0.0,0.367225009639,-0.34,-0.27,-0.16
2567,002819,东方中科,1,1.0,0.0,0.0,0.0,0.0,-0.487208375118,-0.03,0.11,0.27
2568,920177,恒道科技,1,0.0,1.0,0.0,0.0,0.0,1.513884272745,1.75,1.96,2.21
2569,600516,方大炭素,1,1.0,0.0,0.0,0.0,0.0,0.023110510403,0.02,0.05,0.11
2570,301189,奥尼电子,1,1.0,0.0,0.0,0.0,0.0,-0.958826526088,0.9,2.3,5.0
2571,605208,永茂泰,1,1.0,0.0,0.0,0.0,0.0,0.204593586986,,,
2572,600980,北矿科技,1,1.0,0.0,0.0,0.0,0.0,0.644506053253,0.821,0.994,1.231
2573,600478,科力远,1,0.0,1.0,0.0,0.0,0.0,0.082870505373,0.14,0.18,0.27
2574,603687,大胜达,1,1.0,0.0,0.0,0.0,0.0,0.140203840336,0.18,0.29,0.51
2575,688813,泰金新能,1,1.0,0.0,0.0,0.0,0.0,1.275694675313,2.01,2.53,3.15
2576,600601,方正科技,1,0.0,1.0,0.0,0.0,0.0,0.11048810774,0.29,0.41,0.43
2577,603685,晨丰科技,1,1.0,0.0,0.0,0.0,0.0,0.087140418518,0.4,0.79,1.06
2578,601778,晶科科技,1,1.0,0.0,0.0,0.0,0.0,0.088596986396,0.04,0.11,0.19
2579,000620,盈新发展,1,1.0,0.0,0.0,0.0,0.0,-0.19978386779,0.04,0.07,0.11
2580,603788,宁波高发,1,0.0,1.0,0.0,0.0,0.0,0.969189603502,1.08,1.26,1.46
2581,002685,华东重机,1,1.0,0.0,0.0,0.0,0.0,0.066215441759,0.32,0.39,0.48
2582,300077,国民技术,1,1.0,0.0,0.0,0.0,0.0,-0.170201467705,0.02,0.44,0.81
2583,002687,乔治白,1,0.0,1.0,0.0,0.0,0.0,0.169214485222,0.18,0.21,0.23
2584,002029,七匹狼,1,0.0,1.0,0.0,0.0,0.0,0.471833715163,0.44,0.45,0.46
2585,301026,浩通科技,1,0.0,1.0,0.0,0.0,0.0,0.786140765637,1.37,1.54,1.71
2586,301459,丰茂股份,1,1.0,0.0,0.0,0.0,0.0,0.879134757921,1.36,1.86,2.47
2587,603538,美诺华,1,1.0,0.0,0.0,0.0,0.0,0.300738085804,0.44,0.57,0.71
2588,002753,永东股份,1,1.0,0.0,0.0,0.0,0.0,0.090831266477,0.22,0.43,0.6
2589,688371,菲沃泰,1,1.0,0.0,0.0,0.0,0.0,0.090053490786,0.19,0.3,0.45
2590,688166,博瑞医药,1,1.0,0.0,0.0,0.0,0.0,0.12509249084,0.22,1.06,1.85
2591,301092,争光股份,1,1.0,0.0,0.0,0.0,0.0,0.745320014636,0.76,1.55,1.99
2592,301123,奕东电子,1,1.0,0.0,0.0,0.0,0.0,-0.284904547093,1.19,1.89,2.5
2593,920786,骑士乳业,1,0.0,1.0,0.0,0.0,0.0,0.234460616494,0.28,0.41,0.56
2594,688026,洁特生物,1,1.0,0.0,0.0,0.0,0.0,0.343650401779,0.58,0.68,0.76
2595,600516,方大炭素,1,1.0,0.0,0.0,0.0,0.0,0.023110510403,0.02,0.05,0.11
2596,301149,隆华新材,1,1.0,0.0,0.0,0.0,0.0,0.254952940977,1.13,1.26,1.49
2597,002819,东方中科,1,1.0,0.0,0.0,0.0,0.0,-0.487208375118,-0.03,0.11,0.27
2598,920992,中科美菱,1,0.0,1.0,0.0,0.0,0.0,0.197528262055,0.23,0.26,0.3
2599,301295,美硕科技,1,1.0,0.0,0.0,0.0,0.0,0.223735323313,0.57,0.9,1.26
2600,600509,天富能源,1,1.0,0.0,0.0,0.0,0.0,0.167408109829,0.46,0.58,0.69
2601,688576,西山科技,1,1.0,0.0,0.0,0.0,0.0,0.767380340835,1.92,2.48,3.09
2602,300959,线上线下,1,0.0,1.0,0.0,0.0,0.0,-0.136156764898,0.4,0.48,0.56
2603,301176,逸豪新材,1,0.0,1.0,0.0,0.0,0.0,-0.346738606375,0.38,0.79,1.33
2604,688107,安路科技,1,1.0,0.0,0.0,0.0,0.0,-0.679681690329,-0.45,-0.24,0.03
2605,002708,光洋股份,1,1.0,0.0,0.0,0.0,0.0,0.17964489989,0.52,0.74,0.86
2606,920220,朗信电气,1,0.0,1.0,0.0,0.0,0.0,1.98802629138,2.2,2.68,3.27
2607,002110,三钢闽光,1,0.0,1.0,0.0,0.0,0.0,0.011154539878,0.1,0.3,0.41
2608,920685,新芝生物,1,0.0,1.0,0.0,0.0,0.0,0.384683968337,0.49,0.54,0.62
2609,688026,洁特生物,1,1.0,0.0,0.0,0.0,0.0,0.343650401779,0.58,0.68,0.76
2610,688338,赛科希德,1,1.0,0.0,0.0,0.0,0.0,0.844120075484,0.87,1.0,1.18
2611,300243,瑞丰高材,1,1.0,0.0,0.0,0.0,0.0,0.108499783594,0.45,0.72,1.13
2612,300179,四方达,1,0.0,1.0,0.0,0.0,0.0,0.191845383632,0.35,0.6,0.86
2613,600345,长江通信,1,1.0,0.0,0.0,0.0,0.0,0.66493775038,3.11,4.59,6.17
2614,002655,共达电声,1,1.0,0.0,0.0,0.0,0.0,0.203536392118,0.13,0.28,0.49
2615,001331,胜通能源,1,0.0,1.0,0.0,0.0,0.0,0.044981055204,0.03,0.06,0.08
2616,000048,京基智农,1,0.0,1.0,0.0,0.0,0.0,0.288207976703,0.47,1.15,1.91
2617,300676,华大基因,1,0.0,1.0,0.0,0.0,0.0,-1.474133343158,0.27,0.34,0.43
2618,000950,重药控股,1,1.0,0.0,0.0,0.0,0.0,0.225782405913,0.255,0.27,0.34
2619,603033,三维股份,1,1.0,0.0,0.0,0.0,0.0,-0.36643918726,,,
2620,688667,菱电电控,1,1.0,0.0,0.0,0.0,0.0,2.573891906849,3.09,12.54,15.88
2621,688276,百克生物,1,1.0,0.0,0.0,0.0,0.0,-0.634777955148,-0.105,0.015,0.09
2622,002945,华林证券,1,0.0,1.0,0.0,0.0,0.0,0.187493042504,,,
2623,002117,东港股份,1,0.0,1.0,0.0,0.0,0.0,0.27527020539,0.31,0.34,
2624,300200,高盟新材,1,1.0,0.0,0.0,0.0,0.0,0.24126801739,0.42,0.51,0.54
2625,300997,欢乐家,1,0.0,1.0,0.0,0.0,0.0,0.101557028943,0.1,0.13,0.15
2626,603878,武进不锈,1,0.0,1.0,0.0,0.0,0.0,0.141885270616,0.19,0.19,0.23
2627,688635,长进光子,1,0.0,1.0,0.0,0.0,0.0,1.021035690082,1.54,2.16,2.83
2628,002289,宇顺电子,1,1.0,0.0,0.0,0.0,0.0,-0.05205377325,1.6,2.14,2.87
2629,301666,大普微,1,0.0,1.0,0.0,0.0,0.0,-1.101911191731,6.25,12.51,20.5
2630,301581,黄山谷捷,1,1.0,0.0,0.0,0.0,0.0,0.687870275,0.71,1.06,1.48
2631,603275,众辰科技,1,1.0,0.0,0.0,0.0,0.0,1.207147868656,1.32,1.43,1.53
2632,301628,强达电路,1,1.0,0.0,0.0,0.0,0.0,1.603797019202,2.06,2.72,3.56
2633,600794,保税科技,1,0.0,1.0,0.0,0.0,0.0,-0.076494848753,0.13,0.15,0.17
2634,920167,同享科技,1,0.0,1.0,0.0,0.0,0.0,0.197213870295,1.19,1.46,1.78
2635,600586,金晶科技,1,1.0,0.0,0.0,0.0,0.0,-0.412573828122,0.08,0.28,0.55
2636,301000,肇民科技,1,1.0,0.0,0.0,0.0,0.0,0.61244686674,0.66,0.79,0.94
2637,688365,光云科技,1,1.0,0.0,0.0,0.0,0.0,-0.061183358326,0.05,0.09,0.24
2638,300248,新开普,1,1.0,0.0,0.0,0.0,0.0,0.164020598029,0.25,0.3,0.34
2639,688302,海创药业,1,1.0,0.0,0.0,0.0,0.0,-1.386171613588,-1.135,0.24,1.435
2640,688443,智翔金泰,1,0.0,1.0,0.0,0.0,0.0,-1.460809465665,-1.025,-0.195,0.48
2641,600975,新五丰,1,1.0,0.0,0.0,0.0,0.0,-0.70134565312,-0.72,0.41,0.31
2642,301158,德石股份,1,0.0,1.0,0.0,0.0,0.0,0.597937671339,0.83,1.05,1.37
2643,600420,国药现代,1,1.0,0.0,0.0,0.0,0.0,0.70207341061,0.63,0.69,0.76
2644,002406,远东传动,1,0.0,1.0,0.0,0.0,0.0,0.213929994081,0.29,0.33,0.38
2645,600746,江苏索普,1,1.0,0.0,0.0,0.0,0.0,0.075681319954,0.28,0.34,0.42
2646,000155,川能动力,1,0.0,1.0,0.0,0.0,0.0,0.272182349317,0.71,0.88,1.01
2647,600589,大位科技,1,1.0,0.0,0.0,0.0,0.0,-0.012946525337,0.04,0.09,0.12
2648,003030,祖名股份,1,1.0,0.0,0.0,0.0,0.0,0.202723127985,0.32,0.5,0.78
2649,603255,鼎际得,1,1.0,0.0,0.0,0.0,0.0,0.085214256909,1.91,2.96,4.27
2650,002204,大连重工,1,0.0,1.0,0.0,0.0,0.0,0.301899392607,0.47,0.53,0.61
2651,605068,明新旭腾,1,0.0,1.0,0.0,0.0,0.0,0.091313514469,0.12,0.66,
2652,301052,果麦文化,1,1.0,0.0,0.0,0.0,0.0,-0.021030201404,1.05,1.29,1.66
2653,301552,科力装备,1,1.0,0.0,0.0,0.0,0.0,1.254294570782,2.05,2.35,2.49
2654,603950,长源东谷,1,1.0,0.0,0.0,0.0,0.0,1.200093397141,1.67,2.1,2.54
2655,688080,映翰通,1,1.0,0.0,0.0,0.0,0.0,2.023269172348,1.27,1.56,1.99
2656,688805,健信超导,1,0.0,1.0,0.0,0.0,0.0,0.447782922114,0.47,0.58,0.71
2657,002237,恒邦股份,1,0.0,1.0,0.0,0.0,0.0,0.445920471223,1.02,1.37,2.38
2658,002857,三晖电气,1,0.0,1.0,0.0,0.0,0.0,-0.321060269225,0.48,0.92,
2659,601069,西部黄金,1,1.0,0.0,0.0,0.0,0.0,0.518066756328,1.31,1.78,2.75
2660,688420,美腾科技,1,1.0,0.0,0.0,0.0,0.0,-0.067233519281,0.41,0.65,0.93
2661,605050,福然德,1,1.0,0.0,0.0,0.0,0.0,0.761866502808,0.86,0.94,1.01
2662,002616,长青集团,1,0.0,1.0,0.0,0.0,0.0,0.326138868726,0.34,0.37,0.38
2663,301090,华润材料,1,1.0,0.0,0.0,0.0,0.0,-0.058532650266,0.34,0.33,0.3
2664,301307,美利信,1,1.0,0.0,0.0,0.0,0.0,-2.690854871795,0.14,1.39,2.68
2665,300718,长盛轴承,1,1.0,0.0,0.0,0.0,0.0,0.847934714193,1.06,1.28,1.54
2666,603407,长裕集团,1,1.0,0.0,0.0,0.0,0.0,0.611225633581,0.99,2.94,5.17
2667,920885,星辰科技,1,0.0,1.0,0.0,0.0,0.0,0.198385028091,0.26,0.3,0.33
2668,920718,合肥高科,1,0.0,1.0,0.0,0.0,0.0,0.430289685188,0.47,0.54,0.59
2669,600184,光电股份,1,0.0,1.0,0.0,0.0,0.0,0.087657160671,0.15,0.19,0.23
2670,920066,科拜尔,1,0.0,1.0,0.0,0.0,0.0,0.450078468401,0.56,0.72,0.88
2671,300161,华中数控,1,0.0,1.0,0.0,0.0,0.0,0.082135407383,0.22,0.4,0.64
2672,000629,钒钛股份,1,0.0,1.0,0.0,0.0,0.0,-0.01004368145,0.06,0.08,
2673,002423,中粮资本,1,1.0,0.0,0.0,0.0,0.0,0.491630134856,0.54,0.58,0.62
2674,301263,泰恩康,1,0.0,1.0,0.0,0.0,0.0,0.056077289252,0.29,0.77,1.37
2675,688689,银河微电,1,0.0,1.0,0.0,0.0,0.0,0.551416548986,0.79,1.0,
2676,601019,山东出版,1,1.0,0.0,0.0,0.0,0.0,0.562528647832,0.63,0.71,0.78
2677,300727,润禾材料,1,1.0,0.0,0.0,0.0,0.0,0.665996877743,0.91,1.04,1.24
2678,688768,容知日新,1,0.0,1.0,0.0,0.0,0.0,0.957516695352,1.49,1.93,
2679,603611,诺力股份,1,1.0,0.0,0.0,0.0,0.0,1.666157475114,2.34,2.82,2.99
2680,300307,慈星股份,1,1.0,0.0,0.0,0.0,0.0,0.121649976079,0.38,0.53,0.72
2681,605300,佳禾食品,1,0.0,1.0,0.0,0.0,0.0,0.067773726819,0.17,0.19,0.22
2682,603002,宏昌电子,1,1.0,0.0,0.0,0.0,0.0,0.031189771898,0.19,0.57,1.29
2683,002206,海利得,1,0.0,1.0,0.0,0.0,0.0,0.442638033436,0.48,0.51,0.57
2684,300753,爱朋医疗,1,1.0,0.0,0.0,0.0,0.0,-0.190567707699,0.14,0.16,0.18
2685,002758,浙农股份,1,0.0,1.0,0.0,0.0,0.0,1.050963505748,0.83,0.89,0.96
2686,688619,罗普特,1,1.0,0.0,0.0,0.0,0.0,-1.226029382795,-0.29,0.28,0.52
2687,603517,ST绝味,1,0.0,1.0,0.0,0.0,0.0,-0.315235543274,0.49,0.525,0.575
2688,301589,诺瓦星云,1,1.0,0.0,0.0,0.0,0.0,6.35864316459,7.29,8.37,9.5
2689,688209,英集芯,1,1.0,0.0,0.0,0.0,0.0,0.41028337492,0.59,0.82,1.12
2690,920580,科创新材,1,0.0,1.0,0.0,0.0,0.0,0.20577096814,0.35,0.38,0.43
2691,301252,同星科技,1,0.0,1.0,0.0,0.0,0.0,0.641641436418,0.68,0.83,0.99
2692,300898,熊猫乳品,1,0.0,1.0,0.0,0.0,0.0,0.871063851935,1.02,1.2,1.38
2693,920132,泰鹏智能,1,1.0,0.0,0.0,0.0,0.0,0.170610693203,0.28,0.36,0.44
2694,300082,奥克股份,1,1.0,0.0,0.0,0.0,0.0,0.009994493133,0.2,0.23,0.26
2695,688199,久日新材,1,0.0,1.0,0.0,0.0,0.0,0.171313392052,0.495,0.82,1.105
2696,688685,迈信林,1,0.0,1.0,0.0,0.0,0.0,0.119695216943,0.27,0.51,0.85
2697,301251,威尔高,1,1.0,0.0,0.0,0.0,0.0,0.356955172789,1.48,3.0,4.65
2698,002583,海能达,1,0.0,1.0,0.0,0.0,0.0,-0.141758130461,0.12,0.19,0.27
2699,300224,正海磁材,1,1.0,0.0,0.0,0.0,0.0,0.330243558879,0.42,0.5,0.61
2700,688177,百奥泰,1,0.0,1.0,0.0,0.0,0.0,-0.801634524126,-0.83,-0.68,
2701,301306,西测测试,1,1.0,0.0,0.0,0.0,0.0,-1.543183495379,-0.2,0.13,0.27
2702,301421,波长光电,1,0.0,1.0,0.0,0.0,0.0,0.306705706804,0.4,0.59,0.9
2703,601880,辽港股份,1,0.0,1.0,0.0,0.0,0.0,0.055438789447,0.06,0.06,0.06
2704,002065,东华软件,1,1.0,0.0,0.0,0.0,0.0,0.148898426968,0.16,0.19,
2705,000401,金隅冀东,1,1.0,0.0,0.0,0.0,0.0,0.08233886673,-0.16,0.05,0.24
2706,603351,威尔药业,1,1.0,0.0,0.0,0.0,0.0,1.114662869295,1.27,1.43,1.59
2707,605186,健麾信息,1,1.0,0.0,0.0,0.0,0.0,0.226342253603,0.5,0.62,0.75
2708,688678,福立旺,1,0.0,1.0,0.0,0.0,0.0,0.136965469902,0.61,0.74,0.89
2709,600100,同方股份,1,1.0,0.0,0.0,0.0,0.0,0.147749771848,0.16,0.17,0.23
2710,000551,创元科技,1,0.0,1.0,0.0,0.0,0.0,0.608510115318,0.76,0.88,1.0
2711,301510,固高科技,1,1.0,0.0,0.0,0.0,0.0,0.155668284799,0.3,0.38,
2712,300767,震安科技,1,0.0,0.0,1.0,0.0,0.0,-0.424839353379,-0.2,0.02,0.08
2713,920961,创远信科,1,0.0,1.0,0.0,0.0,0.0,0.024373750897,0.08,0.1,0.13
2714,603232,格尔软件,1,1.0,0.0,0.0,0.0,0.0,-0.364514941081,0.2,0.28,0.4
2715,300735,光弘科技,1,0.0,1.0,0.0,0.0,0.0,0.356896500909,0.45,0.55,0.7
2716,600210,紫江企业,1,0.0,1.0,0.0,0.0,0.0,0.683891028159,0.6,0.66,
2717,002010,传化智联,1,0.0,1.0,0.0,0.0,0.0,0.213331093977,0.29,0.34,0.39
2718,603822,ST嘉澳,1,1.0,0.0,0.0,0.0,0.0,0.408041031118,6.48,10.58,18.96
2719,600577,精达股份,1,1.0,0.0,0.0,0.0,0.0,0.268455627867,0.35,0.4,0.44
2720,600449,宁夏建材,1,1.0,0.0,0.0,0.0,0.0,0.380842645159,0.6,0.77,0.83
2721,300642,透景生命,1,0.0,1.0,0.0,0.0,0.0,0.022110430274,0.08,0.21,0.27
2722,605399,晨光新材,1,0.0,1.0,0.0,0.0,0.0,-0.303586359968,0.08,0.17,0.22
2723,920471,美邦科技,1,0.0,1.0,0.0,0.0,0.0,-0.312023548197,0.32,0.43,0.51
2724,301209,联合化学,1,0.0,1.0,0.0,0.0,0.0,0.335731210077,0.16,0.18,0.22
2725,600997,开滦股份,1,0.0,1.0,0.0,0.0,0.0,-0.020389385016,0.2,0.33,0.42
2726,600771,广誉远,1,0.0,1.0,0.0,0.0,0.0,0.128793960277,0.24,0.32,0.41
2727,301183,东田微,1,1.0,0.0,0.0,0.0,0.0,1.256136661449,3.11,6.86,10.08
2728,001205,盛航股份,1,0.0,1.0,0.0,0.0,0.0,0.577773859045,0.61,0.67,0.76
2729,300718,长盛轴承,1,1.0,0.0,0.0,0.0,0.0,0.847934714193,1.06,1.28,1.54
2730,002204,大连重工,1,0.0,1.0,0.0,0.0,0.0,0.301899392607,0.47,0.53,0.61
2731,002857,三晖电气,1,0.0,1.0,0.0,0.0,0.0,-0.321060269225,0.48,0.92,
2732,688420,美腾科技,1,1.0,0.0,0.0,0.0,0.0,-0.067233519281,0.41,0.65,0.93
2733,605050,福然德,1,1.0,0.0,0.0,0.0,0.0,0.761866502808,0.86,0.94,1.01
2734,002616,长青集团,1,0.0,1.0,0.0,0.0,0.0,0.326138868726,0.34,0.37,0.38
2735,301090,华润材料,1,1.0,0.0,0.0,0.0,0.0,-0.058532650266,0.34,0.33,0.3
2736,301307,美利信,1,1.0,0.0,0.0,0.0,0.0,-2.690854871795,0.14,1.39,2.68
2737,603407,长裕集团,1,1.0,0.0,0.0,0.0,0.0,0.611225633581,0.99,2.94,5.17
2738,688805,健信超导,1,0.0,1.0,0.0,0.0,0.0,0.447782922114,0.47,0.58,0.71
2739,603517,ST绝味,1,0.0,1.0,0.0,0.0,0.0,-0.315235543274,0.49,0.525,0.575
2740,301589,诺瓦星云,1,1.0,0.0,0.0,0.0,0.0,6.35864316459,7.29,8.37,9.5
2741,688209,英集芯,1,1.0,0.0,0.0,0.0,0.0,0.41028337492,0.59,0.82,1.12
2742,300224,正海磁材,1,1.0,0.0,0.0,0.0,0.0,0.330243558879,0.42,0.5,0.61
2743,301510,固高科技,1,1.0,0.0,0.0,0.0,0.0,0.155668284799,0.3,0.38,
2744,300767,震安科技,1,0.0,0.0,1.0,0.0,0.0,-0.424839353379,-0.2,0.02,0.08
2745,920961,创远信科,1,0.0,1.0,0.0,0.0,0.0,0.024373750897,0.08,0.1,0.13
2746,002237,恒邦股份,1,0.0,1.0,0.0,0.0,0.0,0.445920471223,1.02,1.37,2.38
2747,688080,映翰通,1,1.0,0.0,0.0,0.0,0.0,2.023269172348,1.27,1.56,1.99
2748,301292,海科新源,1,1.0,0.0,0.0,0.0,0.0,-0.80994977903,4.56,5.69,6.72
2749,300942,易瑞生物,1,0.0,1.0,0.0,0.0,0.0,0.033927632511,0.12,0.17,0.21
2750,920946,森萱医药,1,0.0,1.0,0.0,0.0,0.0,0.307985265871,0.39,0.45,0.52
2751,688182,灿勤科技,1,1.0,0.0,0.0,0.0,0.0,0.30090703195,0.47,0.66,0.82
2752,301389,隆扬电子,1,1.0,0.0,0.0,0.0,0.0,0.366057059965,0.61,0.895,1.05
2753,000417,合百集团,1,1.0,0.0,0.0,0.0,0.0,0.205434435587,0.24,0.28,0.31
2754,300436,广生堂,1,1.0,0.0,0.0,0.0,0.0,-1.296514657349,-0.54,-0.52,0.1
2755,603826,坤彩科技,1,1.0,0.0,0.0,0.0,0.0,-0.108074681013,1.24,2.25,3.63
2756,300319,麦捷科技,1,0.0,1.0,0.0,0.0,0.0,0.356392037724,0.47,0.57,0.66
2757,603316,诚邦股份,1,1.0,0.0,0.0,0.0,0.0,-0.442957905511,0.39,0.52,0.68
2758,603950,长源东谷,1,1.0,0.0,0.0,0.0,0.0,1.200093397141,1.67,2.1,2.54
2759,603611,诺力股份,1,1.0,0.0,0.0,0.0,0.0,1.666157475114,2.34,2.82,2.99
2760,920718,合肥高科,1,0.0,1.0,0.0,0.0,0.0,0.430289685188,0.47,0.54,0.59
2761,601069,西部黄金,1,1.0,0.0,0.0,0.0,0.0,0.518066756328,1.31,1.78,2.75
2762,920885,星辰科技,1,0.0,1.0,0.0,0.0,0.0,0.198385028091,0.26,0.3,0.33
2763,605068,明新旭腾,1,0.0,1.0,0.0,0.0,0.0,0.091313514469,0.12,0.66,
2764,301052,果麦文化,1,1.0,0.0,0.0,0.0,0.0,-0.021030201404,1.05,1.29,1.66
2765,301552,科力装备,1,1.0,0.0,0.0,0.0,0.0,1.254294570782,2.05,2.35,2.49
2766,603232,格尔软件,1,1.0,0.0,0.0,0.0,0.0,-0.364514941081,0.2,0.28,0.4
2767,300735,光弘科技,1,0.0,1.0,0.0,0.0,0.0,0.356896500909,0.45,0.55,0.7
2768,600210,紫江企业,1,0.0,1.0,0.0,0.0,0.0,0.683891028159,0.6,0.66,
2769,000401,金隅冀东,1,1.0,0.0,0.0,0.0,0.0,0.08233886673,-0.16,0.05,0.24
2770,920580,科创新材,1,0.0,1.0,0.0,0.0,0.0,0.20577096814,0.35,0.38,0.43
2771,002583,海能达,1,0.0,1.0,0.0,0.0,0.0,-0.141758130461,0.12,0.19,0.27
2772,688177,百奥泰,1,0.0,1.0,0.0,0.0,0.0,-0.801634524126,-0.83,-0.68,
2773,301306,西测测试,1,1.0,0.0,0.0,0.0,0.0,-1.543183495379,-0.2,0.13,0.27
2774,301421,波长光电,1,0.0,1.0,0.0,0.0,0.0,0.306705706804,0.4,0.59,0.9
2775,601880,辽港股份,1,0.0,1.0,0.0,0.0,0.0,0.055438789447,0.06,0.06,0.06
2776,002065,东华软件,1,1.0,0.0,0.0,0.0,0.0,0.148898426968,0.16,0.19,
2777,603351,威尔药业,1,1.0,0.0,0.0,0.0,0.0,1.114662869295,1.27,1.43,1.59
2778,002010,传化智联,1,0.0,1.0,0.0,0.0,0.0,0.213331093977,0.29,0.34,0.39
2779,600184,光电股份,1,0.0,1.0,0.0,0.0,0.0,0.087657160671,0.15,0.19,0.23
2780,603255,鼎际得,1,1.0,0.0,0.0,0.0,0.0,0.085214256909,1.91,2.96,4.27
2781,003030,祖名股份,1,1.0,0.0,0.0,0.0,0.0,0.202723127985,0.32,0.5,0.78
2782,600589,大位科技,1,1.0,0.0,0.0,0.0,0.0,-0.012946525337,0.04,0.09,0.12
2783,301092,争光股份,1,1.0,0.0,0.0,0.0,0.0,0.745320014636,0.76,1.55,1.99
2784,301123,奕东电子,1,1.0,0.0,0.0,0.0,0.0,-0.284904547093,1.19,1.89,2.5
2785,920786,骑士乳业,1,0.0,1.0,0.0,0.0,0.0,0.234460616494,0.28,0.41,0.56
2786,301251,威尔高,1,1.0,0.0,0.0,0.0,0.0,0.356955172789,1.48,3.0,4.65
2787,688685,迈信林,1,0.0,1.0,0.0,0.0,0.0,0.119695216943,0.27,0.51,0.85
2788,688199,久日新材,1,0.0,1.0,0.0,0.0,0.0,0.171313392052,0.495,0.82,1.105
2789,300082,奥克股份,1,1.0,0.0,0.0,0.0,0.0,0.009994493133,0.2,0.23,0.26
2790,603822,ST嘉澳,1,1.0,0.0,0.0,0.0,0.0,0.408041031118,6.48,10.58,18.96
2791,600577,精达股份,1,1.0,0.0,0.0,0.0,0.0,0.268455627867,0.35,0.4,0.44
2792,600449,宁夏建材,1,1.0,0.0,0.0,0.0,0.0,0.380842645159,0.6,0.77,0.83
2793,300642,透景生命,1,0.0,1.0,0.0,0.0,0.0,0.022110430274,0.08,0.21,0.27
2794,605399,晨光新材,1,0.0,1.0,0.0,0.0,0.0,-0.303586359968,0.08,0.17,0.22
2795,920471,美邦科技,1,0.0,1.0,0.0,0.0,0.0,-0.312023548197,0.32,0.43,0.51
2796,301209,联合化学,1,0.0,1.0,0.0,0.0,0.0,0.335731210077,0.16,0.18,0.22
2797,600997,开滦股份,1,0.0,1.0,0.0,0.0,0.0,-0.020389385016,0.2,0.33,0.42
2798,000551,创元科技,1,0.0,1.0,0.0,0.0,0.0,0.608510115318,0.76,0.88,1.0
2799,600100,同方股份,1,1.0,0.0,0.0,0.0,0.0,0.147749771848,0.16,0.17,0.23
2800,688678,福立旺,1,0.0,1.0,0.0,0.0,0.0,0.136965469902,0.61,0.74,0.89
2801,605186,健麾信息,1,1.0,0.0,0.0,0.0,0.0,0.226342253603,0.5,0.62,0.75
2802,301252,同星科技,1,0.0,1.0,0.0,0.0,0.0,0.641641436418,0.68,0.83,0.99
2803,300898,熊猫乳品,1,0.0,1.0,0.0,0.0,0.0,0.871063851935,1.02,1.2,1.38
2804,920132,泰鹏智能,1,1.0,0.0,0.0,0.0,0.0,0.170610693203,0.28,0.36,0.44
2805,300689,澄天伟业,1,1.0,0.0,0.0,0.0,0.0,0.132972548097,0.43,1.48,2.27
2806,300531,优博讯,1,1.0,0.0,0.0,0.0,0.0,0.259806438581,0.4,0.56,0.74
2807,605287,德才股份,1,1.0,0.0,0.0,0.0,0.0,0.499601055357,0.594,0.676,0.772
2808,603196,璞源材料,1,0.0,0.0,1.0,0.0,0.0,0.042964815138,0.78,1.05,1.31
2809,301555,惠柏新材,1,0.0,1.0,0.0,0.0,0.0,0.789776047155,1.1,1.61,2.19
2810,301489,思泉新材,1,0.0,1.0,0.0,0.0,0.0,0.518170273548,3.49,7.32,10.2
2811,301600,慧翰股份,1,1.0,0.0,0.0,0.0,0.0,1.523019934847,2.2,2.96,4.18
2812,002060,广东建工,1,1.0,0.0,0.0,0.0,0.0,0.295357826347,0.31,0.33,0.35
2813,920160,北矿检测,1,1.0,0.0,0.0,0.0,0.0,0.68169891852,0.79,0.94,
2814,603936,博敏电子,1,1.0,0.0,0.0,0.0,0.0,0.010245204276,0.32,0.64,0.95
2815,688225,亚信安全,1,0.0,1.0,0.0,0.0,0.0,-1.114424880428,0.17,0.61,
2816,000906,浙商中拓,1,1.0,0.0,0.0,0.0,0.0,0.313833697662,0.72,1.02,1.16
2817,002969,嘉美包装,1,1.0,0.0,0.0,0.0,0.0,0.078835246448,0.11,0.12,0.14
2818,000915,华特达因,1,0.0,1.0,0.0,0.0,0.0,2.283441171339,2.425,2.65,2.87
2819,601798,蓝科高新,1,0.0,1.0,0.0,0.0,0.0,0.137190049464,0.18,0.22,0.27
2820,300835,龙磁科技,1,1.0,0.0,0.0,0.0,0.0,1.412913070743,1.87,4.69,9.93
2821,600871,石化油服,1,0.0,1.0,0.0,0.0,0.0,0.034754412993,0.04,0.05,0.05
2822,300996,普联软件,1,0.0,1.0,0.0,0.0,0.0,0.186914283344,0.39,0.46,0.53
2823,002334,英威腾,1,0.0,1.0,0.0,0.0,0.0,0.254037550414,0.3,0.34,0.39
2824,603303,得邦照明,1,0.0,1.0,0.0,0.0,0.0,0.554111714364,0.62,0.67,0.72
2825,003019,宸展光电,1,0.0,1.0,0.0,0.0,0.0,1.097371264375,1.22,1.7,2.02
2826,000810,创维数字,1,0.0,1.0,0.0,0.0,0.0,0.156376228542,0.29,0.35,0.38
2827,603311,金海高科,1,0.0,1.0,0.0,0.0,0.0,0.332758199778,0.39,0.49,0.62
2828,300608,思特奇,1,0.0,1.0,0.0,0.0,0.0,-0.517366614262,-0.14,0.01,0.22
2829,605318,法狮龙,1,0.0,1.0,0.0,0.0,0.0,-0.053035910609,0.025,0.065,0.09
2830,603409,汇通控股,1,0.0,1.0,0.0,0.0,0.0,0.784901562241,1.44,1.81,2.14
2831,002157,正邦科技,1,0.0,1.0,0.0,0.0,0.0,-0.059072717646,0.01,0.07,0.13
2832,001227,兰州银行,1,0.0,1.0,0.0,0.0,0.0,0.327408890042,0.33,0.34,0.36
2833,300004,南风股份,1,0.0,1.0,0.0,0.0,0.0,0.064589049915,0.12,0.22,0.41
2834,920425,乐创技术,1,0.0,1.0,0.0,0.0,0.0,0.318789284906,0.57,0.67,
2835,688566,吉贝尔,1,0.0,1.0,0.0,0.0,0.0,1.300865430053,1.23,1.5,1.94
2836,600310,广西能源,1,1.0,0.0,0.0,0.0,0.0,-0.143928793522,0.17,0.21,0.24
2837,000036,华联控股,1,0.0,1.0,0.0,0.0,0.0,0.049967568961,0.07,0.13,0.14
2838,002903,宇环数控,1,0.0,1.0,0.0,0.0,0.0,-0.126043810383,0.08,0.19,0.26
2839,688238,和元生物,1,0.0,1.0,0.0,0.0,0.0,-0.362171214571,-0.3,-0.2,
2840,301499,维科精密,1,1.0,0.0,0.0,0.0,0.0,0.389485594019,0.47,0.71,0.95
2841,300712,永福股份,1,0.0,1.0,0.0,0.0,0.0,0.12564288128,0.46,0.62,
2842,301207,华兰疫苗,1,1.0,0.0,0.0,0.0,0.0,0.304344960655,0.36,0.43,0.52
2843,603132,金徽股份,1,1.0,0.0,0.0,0.0,0.0,0.55446418636,0.7,0.85,1.02
2844,001223,欧克科技,1,1.0,0.0,0.0,0.0,0.0,0.312611244843,0.99,1.65,
2845,002887,绿茵生态,1,1.0,0.0,0.0,0.0,0.0,0.396817772684,0.46,0.53,0.61
2846,605018,长华集团,1,1.0,0.0,0.0,0.0,0.0,0.202607245322,0.29,0.35,0.43
2847,688370,丛麟科技,1,0.0,1.0,0.0,0.0,0.0,0.168960041239,0.46,0.66,0.9
2848,603096,新经典,1,1.0,0.0,0.0,0.0,0.0,0.499260444659,0.51,0.54,0.56
2849,600780,通宝能源,1,0.0,1.0,0.0,0.0,0.0,0.565342161258,0.581,0.61,0.637
2850,000989,九芝堂,1,1.0,0.0,0.0,0.0,0.0,0.260067222556,0.355,0.425,0.475
2851,300843,胜蓝股份,1,1.0,0.0,0.0,0.0,0.0,0.683490927744,1.26,2.09,3.48
2852,600531,豫光金铅,1,1.0,0.0,0.0,0.0,0.0,0.711253389013,0.71,0.75,0.85
2853,688125,安达智能,1,1.0,0.0,0.0,0.0,0.0,-1.311352532887,0.65,1.83,3.08
2854,301568,思泰克,1,0.0,1.0,0.0,0.0,0.0,1.082350761778,1.46,2.05,2.97
2855,002382,蓝帆医疗,1,0.0,1.0,0.0,0.0,0.0,-0.753223318889,0.48,0.55,
2856,605339,南侨食品,1,0.0,1.0,0.0,0.0,0.0,0.095850081657,0.14,0.17,0.18
2857,600206,有研新材,1,1.0,0.0,0.0,0.0,0.0,0.312785470378,0.53,0.72,0.85
2858,000862,银星能源,1,1.0,0.0,0.0,0.0,0.0,0.048439050569,0.25,0.3,0.35
2859,002066,瑞泰科技,1,0.0,1.0,0.0,0.0,0.0,-0.245927780356,0.34,0.43,0.6
2860,002053,云南能投,1,1.0,0.0,0.0,0.0,0.0,0.256641731474,0.76,0.9,0.99
2861,603285,键邦股份,1,1.0,0.0,0.0,0.0,0.0,0.849018600125,1.25,1.54,2.9
2862,300192,科德教育,1,0.0,1.0,0.0,0.0,0.0,0.268421129453,0.41,0.45,0.5
2863,688633,星球石墨,1,1.0,0.0,0.0,0.0,0.0,0.99197134682,1.66,2.27,2.98
2864,603118,共进股份,1,0.0,1.0,0.0,0.0,0.0,0.098799839316,0.32,0.41,0.54
2865,300566,激智科技,1,1.0,0.0,0.0,0.0,0.0,0.777102912565,1.04,1.3,1.65
2866,300717,华信新材,1,1.0,0.0,0.0,0.0,0.0,0.535543405011,0.62,0.86,1.19
2867,300057,万顺新材,1,1.0,0.0,0.0,0.0,0.0,-0.183808295643,0.08,0.16,0.26
2868,603324,盛剑科技,1,0.0,1.0,0.0,0.0,0.0,-0.113321363446,0.48,1.38,2.44
2869,000920,沃顿科技,1,0.0,1.0,0.0,0.0,0.0,0.466647458017,0.57,0.68,0.82
2870,601568,北元化工,1,1.0,0.0,0.0,0.0,0.0,0.027264982313,0.3,0.4,0.51
2871,600455,博通股份,1,0.0,1.0,0.0,0.0,0.0,0.711024748311,0.78,0.86,1.02
2872,301191,菲菱科思,1,1.0,0.0,0.0,0.0,0.0,0.670085585035,1.31,2.42,3.65
2873,002228,合兴包装,1,0.0,1.0,0.0,0.0,0.0,0.085286087141,0.19,0.19,
2874,600479,千金药业,1,0.0,1.0,0.0,0.0,0.0,0.581648249494,0.77,0.89,1.02
2875,601515,衢州东峰,1,0.0,1.0,0.0,0.0,0.0,-0.231989188408,-0.08,0.01,0.01
2876,301287,康力源,1,0.0,0.0,1.0,0.0,0.0,1.041597224989,0.97,1.11,1.38
2877,002862,实丰文化,1,1.0,0.0,0.0,0.0,0.0,-1.031123314355,0.18,0.21,
2878,601698,中国卫通,1,0.0,1.0,0.0,0.0,0.0,0.104449820993,0.13,0.17,0.23
2879,688172,燕东微,1,0.0,1.0,0.0,0.0,0.0,-0.285655891521,-0.92,-1.22,-0.98
2880,600369,西南证券,1,0.0,1.0,0.0,0.0,0.0,0.159873021947,0.19,0.21,0.22
2881,601686,友发集团,1,1.0,0.0,0.0,0.0,0.0,0.459511136731,0.48,0.53,0.59
2882,920056,能之光,1,0.0,1.0,0.0,0.0,0.0,0.673619261075,0.74,0.9,1.0
2883,688611,杭州柯林,1,1.0,0.0,0.0,0.0,0.0,-0.019867818809,0.45,0.73,0.93
2884,300342,天银机电,1,1.0,0.0,0.0,0.0,0.0,0.030094757701,0.13,0.17,0.24
