name,description,close,market_cap_basic,price_earnings_ttm,price_book_fq,return_on_equity,return_on_assets,free_cash_flow_ttm,cash_n_short_term_inv,total_debt,total_revenue_yoy_growth_ttm,net_income_yoy_growth_ttm,earnings_per_share_diluted_yoy_growth_ttm,dividends_yield_current,average_volume_30d_calc,sector,industry,symbol,market,traded_value_30d,quick_pr_roe,implied_roe_from_pe_pb,quick_pr_pe_pb,market_pr_factor,market_normalized_quick_pr,pr_path_gap_percent,model,fcf_positive,extreme_roe_review_required,roe_reliability_precheck,rank_penalty,screen_rank,stage1_tier
300972,"Fujian Wanchen Food Group Co., Ltd. Class A",184.35,35693694777.0,17.69635417666596,13.493918404065084,96.4764954942345,22.1421155552169,4077275010.0,,1738164366.96,44.81447487802455,172.58301461960758,155.20958377226293,0.54578118089341,2264102.6,Process Industries,Agricultural Commodities/Milling,SZSE:300972,A,417387314.31,0.18342658578144047,76.25253354082324,0.23207562234233017,1.0,0.18342658578144047,20.96257938247752,cyclical,True,True,review_high_roa_supports_follow_up,0.0,0.18342658578144047,priority
600961,"Zhuzhou Smelter Group Co., Ltd. Class A",25.37,28559874909.0,10.940532148863685,4.644478617457528,53.679940778415,27.0892523869734,2803095330.0,,1335391190.83,23.464480803310217,148.52706859556076,148.54233654876742,0.0,52378909.9,Non-Energy Minerals,Other Metals/Minerals,SSE:600961,A,1328852944.163,0.20381043626752535,42.45203573520797,0.2577151356675708,1.0,0.20381043626752535,20.91638865540969,cyclical,True,True,review_high_roa_supports_follow_up,0.0,0.20381043626752535,priority
000151,"China National Complete Plant Import & Export Co., Ltd. Class A",10.21,3575734851.0,7.9529521732357065,4.060271771765802,73.1174434639211,16.6749098231582,211272220.0,,836667666.15,33.34846800488447,,,0.0,5607497.166666667,Distribution Services,Wholesale Distributors,SZSE:000151,A,57252546.07166667,0.10876956026450776,51.05364251315314,0.1557763909046599,1.0,0.10876956026450776,30.175837536845872,stable_or_general,True,True,review_high_roa_supports_follow_up,0.1,0.20876956026450777,priority
300475,"Shannon Semiconductor Technology Co., Ltd. Class A",164.85,82456232020.0,19.281378293975227,10.84214209421384,77.9614056590267,19.9506304444328,7672637730.0,,15196569807.19,133.214121466672,1416.8762174718536,1383.550234252993,0.0667256989920847,30586500.400000025,Producer Manufacturing,Electrical Products,SZSE:300475,A,5042184590.940004,0.2473195311319114,56.231156968698855,0.34289492397796884,1.0,0.2473195311319114,27.873084773981137,cyclical,True,True,review_high_roa_supports_follow_up,0.0,0.2473195311319114,priority
688332,"Shenzhen Bluetrum Technology Co., Ltd. Class A",92.59,17371978109.0,9.368707565593096,2.901981113772767,36.3336621518597,32.3465664300322,176028820.0,,134131190.87,5.1806051582914705,494.75528319373547,495.24784677467926,0.938122880920579,5078867.933333335,Electronic Technology,Electronic Production Equipment,SSE:688332,A,470252381.9473336,0.2578520030938739,30.97525558840574,0.30245779696164543,1.0,0.2578520030938739,14.747774504694933,technology_strict,True,False,not_triggered,0.0,0.2578520030938739,priority
000807,Yunnan Aluminium Co. Ltd. Class A,26.95,94952673974.0,8.519314661440221,2.449131671498287,31.873035672668497,23.0309853020037,12728817110.0,,2188432237.63,11.998636627683801,135.39154029176737,135.38953791204702,2.55295836376917,78345606.6000002,Non-Energy Minerals,Aluminum,SZSE:000807,A,2111414097.8700054,0.26728908877498714,28.747989349230735,0.29634471329272943,1.0,0.26728908877498714,9.804671119285713,cyclical,True,False,not_triggered,0.0,0.26728908877498714,priority
600066,"Yutong Bus Co., Ltd. Class A",28.68,61484501518.0,11.573382833622533,4.8932209780641065,41.9633760115753,17.8256609207609,6742100450.0,,244309885.36999997,13.520491965018078,25.31845967123254,25.32112875493071,8.80281690140845,19459643.96666665,Consumer Durables,Motor Vehicles,SSE:600066,A,558102588.9639995,0.2757972292417583,42.27995434358669,0.27373215069183404,1.0,0.2757972292417583,0.7544157837159338,cyclical,True,True,review_high_roa_supports_follow_up,0.0,0.2757972292417583,priority
688336,"Sunshine Guojian Pharmaceutical (Shanghai) Co., Ltd. Class A",42.16,37668355152.0,12.278300375688032,4.443235974192134,43.3759904602582,41.5918436129793,2768102300.0,,0.0,257.6287675051025,302.44869615660497,301.226922178079,0.563385676897454,10084233.666666664,Health Technology,Pharmaceuticals: Major,SSE:688336,A,425151291.38666654,0.2830667437309037,36.187711965330955,0.3392947414705593,1.0,0.2830667437309037,16.572021569197993,health_special,True,True,review_high_roa_supports_follow_up,0.0,0.2830667437309037,priority
300773,"Lakala Payment Co., Ltd. Class A",16.9,16946596450.0,11.41120864280891,3.96524660783711,39.6843775216037,15.072683148341701,303746930.0,,44141541.3,13.541774992577304,899.7749951260454,884.0531561461795,2.18477329974811,53451488.76666666,Electronic Technology,Computer Processing Hardware,SZSE:300773,A,903330160.1566664,0.2875491403789006,34.74869956335362,0.3283923941384933,1.0,0.2875491403789006,12.437332437841974,technology_strict,True,False,not_triggered,0.0,0.2875491403789006,priority
002612,"Lancy Co., Ltd. Class A",16.78,7123370683.0,8.874550454833933,2.643418863739477,29.5071357877947,10.4375663285866,396862140.0,,2680290077.2900004,10.934966133069214,120.44882200806548,120.45004080680893,7.45341614906832,14384279.233333332,Consumer Non-Durables,Apparel/Footwear,SZSE:002612,A,241368205.53533334,0.30075946776592233,29.786510056964254,0.2979385781638092,1.0,0.30075946776592233,0.9468023978291829,stable_or_general,True,False,not_triggered,0.0,0.30075946776592233,priority
002611,"Guangdong Dongfang Precision Science & Technology Co., Ltd. Class A",14.77,17865093763.0,4.253419726421886,1.8676887320328217,56.30350236235601,41.1593284611644,841444720.0,,383526407.31,-0.31799421773769865,468.563774839886,466.75371307328214,1.61764705882353,26917290.100000188,Producer Manufacturing,Industrial Machinery,SZSE:002611,A,397568374.77700275,0.07554449630944599,43.91028518607971,0.09686613758933842,1.0,0.07554449630944599,22.011449832226205,cyclical,True,True,review_high_roa_supports_follow_up,0.22999999999999998,0.30554449630944597,priority
600132,Chongqing Brewery Co.Ltd Class A,39.98,19112023161.0,16.65416979088561,12.215653024122705,72.5614725824339,9.40469682086705,2306202250.0,,120019179.32000001,-1.1255032737281108,7.749430700026232,7.746858168761205,6.33071663712332,4121401.3,Consumer Non-Durables,Beverages: Alcoholic,SSE:600132,A,164773623.97399998,0.22951807892219306,73.34891608231358,0.2270540681500457,1.0,0.22951807892219306,1.0852088193016085,stable_or_general,True,True,review_possible_equity_or_leverage_distortion,0.08,0.3095180789221931,priority
000612,"Jiaozuo Wanfang Aluminum Manufacturing Co., Ltd. Class A",11.03,13448008246.0,7.448676391139925,1.6243233213362158,23.9851342465253,20.5343293820202,1793464910.0,,299027706.75,11.182665610819303,130.76432822633265,130.76203833567084,2.88120567375887,34400268.89999999,Non-Energy Minerals,Aluminum,SZSE:000612,A,379434965.9669999,0.3105538753538145,21.806871933224553,0.34157472992681986,1.0,0.3105538753538145,9.08171824644386,cyclical,True,False,not_triggered,0.0,0.3105538753538145,priority
000933,Henan Shenhuo Coal Industary and Electricity Power Corporation Limited Class A,27.36,62091004708.0,8.879369097458865,2.207822599517442,27.513984105269103,11.91854215424,10772467400.0,,14555494887.869999,12.741427207519704,75.24903223916701,76.54844439351402,2.87253141831239,51231841.03333323,Non-Energy Minerals,Aluminum,SZSE:000933,A,1401703170.671997,0.3227220406716165,24.86463368381979,0.35710838174289905,1.0,0.3227220406716165,9.62910500824904,cyclical,True,False,not_triggered,0.0,0.3227220406716165,priority
603444,"G-Bits Network Technology (Xiamen) Co., Ltd. Class A",399.9,27444776668.0,12.807455803228285,4.737795762735359,39.4799594237808,26.12710713473,3034145910.0,,24240639.42,74.27627798657514,109.04808114480116,109.59643422925112,5.14489710205796,2026329.3,Technology Services,Packaged Software,SSE:603444,A,810329087.0699999,0.324403975843848,36.9924818443733,0.3462178033122789,1.0,0.324403975843848,6.300608247102602,technology_strict,True,False,not_triggered,0.0,0.324403975843848,priority
601899,"Zijin Mining Group Co., Ltd. Class A",33.35,870890840238.7916,13.53655071640216,4.36738408753102,39.5141698448175,13.733808590563,69114516800.0,,173229052074.0,17.01668940250069,68.05463320035699,65.79407806191115,2.40168117682378,261534694.0999999,Non-Energy Minerals,Precious Metals,SSE:601899,A,8722182048.234997,0.3425745946217203,32.26364070899602,0.4195605461422023,1.0,0.3425745946217203,18.34918755549265,cyclical,True,False,not_triggered,0.0,0.3425745946217203,priority
002259,"Sichuan Shengda Forestry Industry Co., Ltd. Class A",4.27,3219965055.0,15.499092558983664,6.8243567204730695,56.11051975671361,25.3731596909565,14477040.0,,37482650.82,-0.8106703553605343,198.32393132357865,198.48320693391122,0.0,16647411.00000001,Utilities,Gas Distributors,SZSE:002259,A,71084444.97000003,0.27622436267183575,44.03068563209206,0.35200661394395927,1.0,0.27622436267183575,21.528644141950217,cyclical,True,True,review_high_roa_supports_follow_up,0.08,0.35622436267183577,priority
600989,"Ningxia Baofeng Energy Group Co., Ltd. Class A",24.4,178787307312.0,11.521390121824535,3.2058356720167334,30.7483014005767,16.6197878112591,12334037720.0,,27734987593.34,42.437252840155466,75.53613281422017,76.6157951797181,3.16694011484824,72248183.56666666,Process Industries,Chemicals: Specialty,SSE:600989,A,1762855679.0266664,0.3747000516135322,27.825076992610814,0.4140649862310942,1.0,0.3747000516135322,9.506945993156734,cyclical,True,False,not_triggered,0.0,0.3747000516135322,priority
002532,"Tianshan Aluminum Group Co., Ltd. Class A",13.13,61608495468.0,8.720196586305374,1.8768752671295246,23.0433108774827,12.9169761426576,7289359630.0,,13565658503.74,6.929436125348134,54.74782417100479,55.435119231960364,6.38617580766341,89410260.53333335,Non-Energy Minerals,Aluminum,SZSE:002532,A,1173956720.802667,0.37842637425972125,21.523313706907274,0.40515120975572094,1.0,0.37842637425972125,6.596262050436175,cyclical,True,False,not_triggered,0.0,0.37842637425972125,priority
002170,"Shenzhen Batian Ecological Technique Co., Ltd. Class A",11.73,11285707675.0,10.743725957135005,2.9601627206242336,28.1424419779659,17.0547011318505,1261128780.0,,1310188461.02,19.7079912720043,48.02381165345126,43.41258373834233,6.27687016337059,19700305.96666668,Process Industries,Chemicals: Agricultural,SZSE:002170,A,231084588.98900017,0.38176239167684156,27.55247790603187,0.3899368323160131,1.0,0.38176239167684156,2.096349962792643,cyclical,True,False,not_triggered,0.0,0.38176239167684156,priority
605599,"Beijing Caishikou Department Store Co., Ltd. Class A",14.9,11526667233.0,10.429791404171915,2.620102693957938,26.605560253934403,13.5312390809598,1043080240.0,,155569572.35,41.332755362045255,42.82847173132896,42.83143371325736,5.26315789473684,11282621.133333333,Retail Trade,Specialty Stores,SSE:605599,A,168111054.88666666,0.39201547738990267,25.121333614686648,0.4151766607674985,1.0,0.39201547738990267,5.578633282222533,stable_or_general,True,False,not_triggered,0.0,0.39201547738990267,priority
002452,Changgao Electric Group Co. Ltd. Class A,11.81,7307511881.0,9.255485893416928,2.2898735625275086,29.1200158245745,19.9528230653176,508858620.0,,784437167.3299999,-3.3616748074005285,246.73076201944642,228.02056555269922,1.01867572156197,13544152.533333333,Producer Manufacturing,Electrical Products,SZSE:002452,A,159956441.41866666,0.3178393153758586,24.740716899111778,0.37409934122600996,1.0,0.3178393153758586,15.038793082547075,cyclical,True,False,not_triggered,0.08,0.3978393153758586,priority
002847,Yankershop Food Co. Ltd. Class A,45.45,11767557843.0,15.439228208438074,5.846757075926798,37.44584590495,19.198646413515,438642260.0,,1214645263.3700001,1.837936822751901,15.536413454631331,4.3013038548752816,3.15031503150315,4288477.7,Consumer Non-Durables,Food: Major Diversified,SZSE:002847,A,194911311.46500003,0.4123081702474546,37.86949060530981,0.40769569280325324,1.0,0.4123081702474546,1.131352998234214,stable_or_general,True,False,not_triggered,0.0,0.4123081702474546,priority
603993,CMOC Group Limited Class A,18.48,381286346771.25433,14.142496364888652,4.387464387464388,34.2453311488368,13.6036308848791,17682221110.0,,47254665612.850006,20.610659510924727,65.73107931035365,66.45859872611464,1.5368081676518,230939067.66666716,Distribution Services,Wholesale Distributors,SSE:603993,A,4267753970.480009,0.41297589745658003,31.02326685660019,0.45586741171585676,1.0,0.41297589745658003,9.408769558200202,stable_or_general,True,False,not_triggered,0.0,0.41297589745658003,priority
002648,Satellite Chemical Co. Ltd. Class A,27.54,93083841766.0,10.512252843728527,2.429612691153351,25.4290158398774,11.7413070343298,12548159240.0,,26766214478.329998,7.268363633239024,30.09342090629934,30.481123617890233,1.80831826401447,47091249.43333331,Process Industries,Chemicals: Specialty,SZSE:002648,A,1296893009.3939993,0.4133959768605504,23.112197996672297,0.45483570386694017,1.0,0.4133959768605504,9.110922175650648,cyclical,True,False,not_triggered,0.0,0.4133959768605504,priority
000792,"Qinghai Salt Lake Industry Co., Ltd. Class A",26.65,138415345495.0,11.626892369442869,2.9532194524631397,27.9376308241854,21.9258337946868,9003523450.0,,1302593856.42,48.33508368601865,144.2435505117396,145.43312988542672,0.0,61927272.06666677,Process Industries,Chemicals: Agricultural,SZSE:000792,A,1650361800.5766692,0.41617316953653616,25.39990359095971,0.4577534055515507,1.0,0.41617316953653616,9.08354487607016,cyclical,True,False,not_triggered,0.0,0.41617316953653616,priority
300573,"Shenyang Xingqi Pharmaceutical Co., Ltd. Class A",37.59,13316988388.0,16.98215495821098,6.209671824047735,40.3669363597826,31.5611175946365,597981740.0,,71975991.78,22.428976774403512,57.16542755810307,56.46426804269454,2.53674960296453,7732822.900000001,Health Technology,Pharmaceuticals: Major,SZSE:300573,A,290676812.81100005,0.4206946696883895,36.565864811198885,0.4644264547247881,1.0,0.4206946696883895,9.416299306703667,health_special,True,True,review_high_roa_supports_follow_up,0.0,0.4206946696883895,priority
002546,"Nanjing Xinlian Electronics Co., Ltd. Class A",7.93,6655711613.0,7.8429433290475705,1.5945724213371084,22.3375311184858,19.9922807014655,413705230.0,,226455701.26999998,-10.165044033454237,70.03173668602615,70.04709048099565,1.50375939849624,27596857.23333328,Electronic Technology,Electronic Equipment/Instruments,SZSE:002546,A,218843077.86033288,0.35111057204334506,20.33130107457693,0.385757079700851,1.0,0.35111057204334506,8.981431444984445,technology_strict,True,False,not_triggered,0.08,0.4311105720433451,priority
603271,"Yong Jie New Material Co., Ltd. Class A",41.04,8256284786.0,10.867492850333651,2.398364623888039,24.2975812058612,12.3066832678416,284932410.0,,3283407452.18,46.01093684339146,110.22879275763553,110.04505256132155,1.52387808975282,2022930.6333333333,Non-Energy Minerals,Aluminum,SSE:603271,A,83021073.192,0.447266448386728,22.06916219700485,0.4924288812290549,1.0,0.447266448386728,9.171361502925224,cyclical,True,False,not_triggered,0.0,0.447266448386728,priority
002668,"Guangdong TCL Smart Home Appliances Co., Ltd. Class A",9.27,10158124164.0,10.08485639686684,2.6251847824240055,28.90820095028,6.05686233298588,1479687900.0,,5129086626.04,0.6009284337096154,-9.280770751900558,-9.277536517962897,2.17491995731057,24142650.89999988,Consumer Durables,Electronics/Appliances,SZSE:002668,A,223802373.84299886,0.34885797335545227,26.03095848979661,0.3874177895070523,1.0,0.34885797335545227,9.953031893724674,stable_or_general,True,False,not_triggered,0.1,0.4488579733554523,priority
603929,L&K Engineering (Suzhou) Co. Ltd. Class A,150.26,33070800095.0,26.242162804100662,13.427064837907464,58.129510362181,23.864481822664,651890620.0,,100000000.0,36.96383351506071,118.35483462858312,118.35411661518513,1.70967741935484,6134857.066666666,Industrial Services,Engineering & Construction,SSE:603929,A,921823622.8373332,0.45144303883856185,51.165999304787945,0.5128828354896414,1.0,0.45144303883856185,11.979304511609158,cyclical,True,True,review_high_roa_supports_follow_up,0.0,0.45144303883856185,priority
000889,"ZJBC Information Technology Co., Ltd. Class A",3.99,3729496162.0,31.05058365758755,18.75528814515371,86.5350089117597,11.9339621764566,11463770.0,,106057248.23,0.8009902695497022,,,0.0,55269200.5666667,Consumer Services,Other Consumer Services,SZSE:000889,A,220524110.26100016,0.3588210603785807,60.40236908902886,0.5140623476509864,1.0,0.3588210603785807,30.198921975472903,stable_or_general,True,True,review_high_roa_supports_follow_up,0.1,0.4588210603785807,priority
002192,"YOUNGY Co., Ltd. Class A",65.43,17923998995.0,14.217422481041265,3.736000703462153,30.0705631930238,22.6263822190295,327076840.0,,181821355.69,235.61857431040752,787.3280335611763,787.2373240794293,0.318702013617268,19793696.7,Non-Energy Minerals,Construction Materials,SZSE:002192,A,1295101575.081,0.4728020020702381,26.277623165830924,0.5410467450316561,1.0,0.4728020020702381,12.613465211296127,cyclical,True,False,not_triggered,0.0,0.4728020020702381,priority
605499,Eastroc Beverage (Group) Co. Ltd. Class A,120.41,80459766012.82864,17.092767407197105,4.495278855874812,34.7901112009922,16.7155232750374,4888065410.0,,6059043393.62,20.743504365935337,23.582905520871936,27.145564479740102,2.86105785401951,8608623.766666668,Consumer Non-Durables,Beverages: Non-Alcoholic,SSE:605499,A,1036564387.7443334,0.49131108861502076,26.29930396163949,0.6499323112173934,1.0,0.49131108861502076,24.405806553186736,stable_or_general,True,False,not_triggered,0.0,0.49131108861502076,priority
603558,ZheJiang Jasan Holding Group Co Ltd,12.24,4114207322.9999995,9.419732184084962,1.775353910420051,18.7813315719964,11.3923807207472,20872250.0,,1350153235.2900002,2.611292620424855,45.48575442745384,53.23113207547172,5.33661740558292,4089800.6333333333,Consumer Non-Durables,Apparel/Footwear,SSE:603558,A,50059159.752000004,0.501547621795363,18.84718032025992,0.499795302216064,1.0,0.501547621795363,0.3506074529971315,stable_or_general,True,False,not_triggered,0.0,0.501547621795363,priority
688578,Shanghai Allist Pharmaceuticals Co. Ltd. Class A,110.55,49986000824.0,18.57171656083056,5.878886952008499,36.7115747778828,32.6328785854394,2631107510.0,,4257814.08,40.8281095612533,46.78027400862699,46.78206835330672,0.900252070579762,8058136.733333333,Health Technology,Pharmaceuticals: Major,SSE:688578,A,890827015.87,0.5058817736148776,31.655054247422704,0.5866904038663158,1.0,0.5058817736148776,13.773641041153173,health_special,True,False,not_triggered,0.0,0.5058817736148776,priority
601168,"Western Mining Co., Ltd. Class A",38.79,95320000000.0,15.554575346860215,4.122972791993418,30.460052959274105,9.75410895926303,2120189210.0,,27382869773.0,22.663573583015783,86.86095948710813,86.85748538888055,0.25,69539070.23333333,Non-Energy Minerals,Other Metals/Minerals,SSE:601168,A,2697420534.351,0.5106549016069373,26.506495356208262,0.5868212729683661,1.0,0.5106549016069373,12.9794836809767,cyclical,True,False,not_triggered,0.0,0.5106549016069373,priority
603699,"Neway Valve (Suzhou) Co., Ltd. Class A",45.62,36025404315.0,20.459234012019014,7.499367107335308,38.8883876414937,17.4444279506344,1573137160.0,,3193140855.02,21.40327638874775,30.1755512486392,28.800831792975966,3.43283582089552,6749698.933333334,Producer Manufacturing,Industrial Machinery,SSE:603699,A,307921265.3386667,0.5261013699161218,36.65517048648898,0.5581541086968957,1.0,0.5261013699161218,5.74263241662889,cyclical,True,False,not_triggered,0.0,0.5261013699161218,priority
603605,"Proya Cosmetics Co., Ltd. Class A",63.04,24807136694.0,13.605265997625985,3.677572988506418,30.029211999615,19.4694412703874,1741721450.0,,929364858.36,-4.744642787298599,13.23970257740186,10.471353980401963,3.18877551020408,5950118.633333329,Consumer Non-Durables,Household/Personal Care,SSE:603605,A,375095478.64533305,0.45306769947211456,27.030511488331992,0.5033299500639802,1.0,0.45306769947211456,9.985944723829087,stable_or_general,True,False,not_triggered,0.08,0.5330676994721145,priority
603025,"Beijing Dahao Technology Corp., Ltd. Class A",13.43,15017990295.0,17.659434582511505,5.393769252703913,32.6799847893319,17.5797706487175,532085510.0,,1202781852.13,23.86592121435898,27.49911599789346,27.51509054325954,3.33333333333333,10889618.099999996,Electronic Technology,Computer Peripherals,SSE:603025,A,146247571.08299994,0.5403746267432865,30.54327264840898,0.5781775511024486,1.0,0.5403746267432865,6.538289888128801,technology_strict,True,False,not_triggered,0.0,0.5403746267432865,priority
002357,"Sichuan Fulin Transportation Group Co., Ltd. Class A",11.3,3520481823.0,9.508582968697409,1.7525901110490725,20.1285614108512,13.1070601427865,6812180.0,,206553927.07,-1.9230920511531908,139.22451057450107,139.21095008051526,0.890471950133571,9636053.166666666,Transportation,Other Transportation,SZSE:002357,A,108887400.78333333,0.4723925756349076,18.431664495316085,0.5158830322195677,1.0,0.4723925756349076,8.430294052809606,stable_or_general,True,False,not_triggered,0.08,0.5523925756349076,priority
600096,Yunnan Yuntianhua Co. Ltd. Class A,30.8,56366873284.0,10.535677635629746,2.210141391642795,22.1994945565664,10.3323958063094,5080829270.0,,14321972578.4,-15.203315212673548,1.451478021973386,1.4505830094391947,4.52781371280724,33145166.1,Transportation,Air Freight/Couriers,SSE:600096,A,1020871115.8800001,0.47459087903032426,20.977686182884895,0.502232588655345,1.0,0.47459087903032426,5.503766631119545,stable_or_general,True,False,not_triggered,0.08,0.5545908790303242,priority
000680,"Shantui Construction Machinery Co., Ltd. Class A",10.6,15392412893.0,11.945007888212757,2.3603812238353967,21.4434151999867,6.93590546836669,836746270.0,,8034504666.4800005,11.116084280608892,10.182094920372021,10.167597765363125,1.29434324065197,21074107.233333334,Producer Manufacturing,Trucks/Construction/Farm Machinery,SZSE:000680,A,223385536.67333335,0.5570478292198607,19.76039903803331,0.6044922405272241,1.0,0.5570478292198607,7.848638597243762,cyclical,True,False,not_triggered,0.0,0.5570478292198607,priority
600595,"Henan Zhongfu Industrial Co., Ltd Class A",6.36,25971224666.0,9.13399396811719,1.3931878372073154,16.1794090666393,10.9069032804081,875924610.0,,6164055575.2,20.1252912445122,188.36570335332547,186.77924217462933,2.70061728395062,110414301.56666666,Non-Energy Minerals,Aluminum,SSE:600595,A,702234957.964,0.5645443495801578,15.252778161123487,0.598841330518925,1.0,0.5645443495801578,5.727223421444072,cyclical,True,False,not_triggered,0.0,0.5645443495801578,priority
300628,Yealink Network Technology Co. Ltd. Class A,42.08,52795564683.0,18.48532771041996,5.779283028300358,32.3973539415752,29.322775125903398,1812548340.0,,5716193.569999999,20.59785435142559,14.131107312377456,14.185393258426974,4.30416068866571,14367558.766666671,Electronic Technology,Telecommunications Equipment,SZSE:300628,A,604586872.9013335,0.5705814043874097,31.26416322629025,0.5912625128209259,1.0,0.5705814043874097,3.497787866652702,technology_strict,True,False,not_triggered,0.0,0.5705814043874097,priority
601872,"China Merchants Energy Shipping Co., Ltd. Class A",19.2,155838588322.0,14.292094685127289,3.3099681760351407,24.850409315428,12.8631757317965,4040560490.0,,30327857502.23,40.137667032856875,129.07781118821063,130.03424657534245,1.6580310880829,105475076.13333318,Transportation,Marine Shipping,SSE:601872,A,2025121461.759997,0.5751251218326717,23.159433581695875,0.6171176265909667,1.0,0.5751251218326717,6.804619240948718,cyclical,True,False,not_triggered,0.0,0.5751251218326717,priority
002032,"Zhejiang Supor Co., Ltd. Class A",40.02,31287994843.0,15.745986779981116,6.339008662678255,39.8164994657632,16.4658414028274,2446577040.0,,2832032531.79,-1.0289337374436742,-9.7787767427669,-9.535504538174054,6.65822784810127,2163633.3333333335,Consumer Durables,Electronics/Appliances,SZSE:002032,A,86588606.00000001,0.3954638652632066,40.25793207661932,0.3911275608993822,1.0,0.3954638652632066,1.108667554353171,stable_or_general,True,False,not_triggered,0.18,0.5754638652632066,priority
000651,"Gree Electric Appliances, Inc. of Zhuhai Class A",38.98,206552855170.0,7.791480941054187,1.4659723669097917,19.6322235112199,6.96422965064431,44372749650.0,,106263968359.09,-12.915115176127786,-14.148026898616642,-15.137482401234873,7.74393391843056,47070122.16666665,Producer Manufacturing,Industrial Machinery,SZSE:000651,A,1834793362.056666,0.3968720576454991,18.815067097006153,0.41410859184732673,1.0,0.3968720576454991,4.162322284822917,cyclical,True,False,not_triggered,0.18,0.5768720576454991,priority
688278,"Xiamen Amoytop Biotech Co., Ltd. Class A",56.96,22601451273.0,21.672627653907618,7.293643415617309,36.8607363725357,27.805180767951704,403039070.0,,769528267.4699999,28.297631309078085,13.53246122129721,12.407510371669316,1.11973993137078,4874372.933333334,Health Technology,Biotechnology,SSE:688278,A,277644282.2826667,0.5879597041923319,33.6537107179168,0.6439892419461902,1.0,0.5879597041923319,8.700384122028549,health_special,True,False,not_triggered,0.0,0.5879597041923319,priority
600867,"Tonghua Dongbao Pharmaceutical Co., Ltd. Class A",8.02,15478772315.0,12.009583707696915,2.276804978310736,20.0221084650474,16.5375470531996,364513020.0,,746687407.2199999,18.503601962321206,219.83158983965572,219.36872309899567,3.72208436724566,29447118.83333331,Health Technology,Pharmaceuticals: Major,SSE:600867,A,236165893.04333314,0.5998161346824211,18.958233971520066,0.6334758673059034,1.0,0.5998161346824211,5.313498802508942,health_special,True,False,not_triggered,0.0,0.5998161346824211,priority
002555,"37 Interactive Entertainment Network Technology Group Co., Ltd.",18.67,39548875512.0,12.573237255034009,2.914782804186546,24.1145951515891,14.9938047341424,2938140470.0,,4523860072.46,-11.554227990674292,16.29316460712919,16.298558897243122,5.62841530054645,41359013.39999998,Technology Services,Packaged Software,SZSE:002555,A,772172780.1779997,0.521395328264736,23.182436989483676,0.5423604628252693,1.0,0.521395328264736,3.865535192466185,technology_strict,True,False,not_triggered,0.08,0.601395328264736,priority
601717,ZCZL Industrial Technology Group Company Limited Class A,14.47,24198364707.079033,7.5164926497324815,1.0906711811056857,14.8006840965094,6.72909152590591,1410049700.0,,11945135810.06,5.503017541284894,-21.128874412482613,-20.499690274623166,8.68658790826963,19203998.133333333,Producer Manufacturing,Auto Parts: OEM,SSE:601717,A,277881852.98933333,0.5078476508734603,14.510373813037702,0.5180082020339714,1.0,0.5078476508734603,1.9614653051081898,cyclical,True,False,not_triggered,0.1,0.6078476508734603,priority
600211,Tibet Rhodiola Pharmaceutical Holding Co. Class A,38.06,12254575498.0,12.48646697942981,3.0957838449863107,24.2383468614797,16.1711373271035,900525850.0,,1170672998.43,1.4967584281873332,-1.698102199287938,-1.3080783551886026,4.62125197264598,4988236.333333333,Health Technology,Pharmaceuticals: Major,SSE:600211,A,189852274.84666666,0.5151534075648398,24.7931128163499,0.5036264333535225,1.0,0.5151534075648398,2.2887945206851112,health_special,True,False,not_triggered,0.1,0.6151534075648398,priority
002001,Zhejiang NHU Co. Ltd. Class A,26.86,82126074591.0,11.453180965376086,2.363115687973712,21.9432136847937,15.8294752221287,6661824930.0,,7426333715.29,6.1862441618762265,-1.319566760074879,-0.9335529928610655,3.74251497005988,33837749.06666666,Health Technology,Pharmaceuticals: Other,SZSE:002001,A,908881939.9306666,0.521946380776165,20.632832879508374,0.5550949320561251,1.0,0.521946380776165,5.971690492142445,health_special,True,False,not_triggered,0.1,0.6219463807761649,priority
601225,"Shaanxi Coal Industry Co., Ltd. Class A",26.24,254396797781.0,12.471482889733839,2.5153205452033967,21.4608442934815,8.42614506650608,24770619580.0,,27281909185.72,-10.316478099847764,4.919085902995427,4.9167248429241175,3.61280487804878,39442350.233333334,Energy Minerals,Coal,SSE:601225,A,1034967270.1226666,0.5811273181606335,20.16857632281992,0.6183620841706543,1.0,0.5811273181606335,6.021515057793369,cyclical,True,False,not_triggered,0.08,0.6611273181606334,priority
600285,"Henan Lingrui Pharmaceutial Co., Ltd. Class A",19.61,11042644766.0,14.251453488372094,3.441334978248166,24.7762782477452,13.7750718477718,925258060.0,,446077046.29,5.9116906408138945,-0.4714013538607227,-0.4557621355711636,5.62659846547315,11633380.900000004,Health Technology,Pharmaceuticals: Major,SSE:600285,A,228130599.44900006,0.575205579541353,24.147256145178357,0.5901893533033059,1.0,0.575205579541353,2.538807872098736,health_special,True,False,not_triggered,0.1,0.675205579541353,priority
600809,Shanxi Xinghuacun Fen Wine Factory Co. Ltd. Class A,122.56,142129956505.0,14.686638705811863,3.925251125114818,27.5297850145974,16.9026071578808,9011990740.0,,2089534575.06,-3.841255415088191,-17.486558150664994,-17.486527908241452,5.60875512995896,8959704.733333344,Consumer Non-Durables,Beverages: Alcoholic,SSE:600809,A,1098101412.1173346,0.5334817797532533,26.726681330844613,0.5495122467323458,1.0,0.5334817797532533,2.917217418613882,stable_or_general,True,False,not_triggered,0.18,0.7134817797532533,priority
300456,Sai MicroElectronics Inc. Class A,38.26,28427421417.0,6.7079264337184625,3.098991977126102,59.0942940635882,43.5947771502546,370356220.0,,1466328031.15,-64.56714063350148,,,0.952871491115117,33264786.500000022,Electronic Technology,Aerospace & Defense,SZSE:300456,A,1272710731.4900007,0.11351225257891097,46.19895593291728,0.14519649412550878,1.0,0.11351225257891097,21.821629879857674,technology_strict,True,True,review_high_roa_supports_follow_up,0.08,0.19351225257891097,watch
688330,Shanghai Holystar Information Technology Co. Ltd. Class A,36.78,5126799850.0,6.148753698781283,1.1057729888340377,19.6600008354715,17.2006876447746,708389560.0,,173673077.46,-26.799418078299393,268.41837862336365,268.99019184504346,1.25614418350628,1500518.8666666665,Electronic Technology,Electronic Equipment/Instruments,SSE:688330,A,55189083.91599999,0.3127544983460739,17.983693005189135,0.34190717651858715,1.0,0.3127544983460739,8.52648911010162,technology_strict,True,False,not_triggered,0.08,0.3927544983460739,watch
002432,"Andon Health Co., Ltd. Class A",67.6,31278012840.0,6.522578155152449,1.2520468465551764,19.6672439370511,14.140167800280901,1653794640.0,,8289854789.249999,-43.60498338420027,122.26888530977101,127.0864830517759,2.42575713025581,28504228.833333332,Health Technology,Medical Specialties,SZSE:002432,A,1926885869.1333332,0.33164678162477923,19.19558212677197,0.33979579843298663,1.0,0.33164678162477923,2.3982099972358895,health_special,True,False,not_triggered,0.08,0.41164678162477925,watch
301308,"Shenzhen Longsys Electronics Co., Ltd. Class A",347.0,152145434240.0,12.25468556313282,7.89997673263337,94.6633147334279,39.3153110894106,-5880283690.0,,16729134845.58,96.95352351858519,,,0.372812056836193,16925453.0,Electronic Technology,Semiconductors,SZSE:301308,A,5873132191.0,0.12945548756286468,64.46494846346592,0.19009843108891794,1.0,0.12945548756286468,31.90081221537684,technology_strict,False,True,review_high_roa_supports_follow_up,0.35,0.47945548756286466,watch
688525,"Biwin Storage Technology Co., Ltd. Class A",213.29,103980446411.0,12.640531010163865,7.919551701910881,97.5442387833858,36.6879580914744,-8489088700.0,,16907504669.24,220.4397136418315,,,0.0,28222570.366666667,Electronic Technology,Computer Peripherals,SSE:688525,A,6019592033.506333,0.12958767393976386,62.65204915476265,0.20175766284897265,1.0,0.12958767393976386,35.770630909435255,technology_strict,False,True,review_high_roa_supports_follow_up,0.35,0.47958767393976387,watch
000672,"Gansu Shangfeng Materials Co., Ltd. Class A",14.89,14003613052.0,8.143286847142466,1.449762186424423,18.9189802847209,9.67648347456285,609736480.0,,4647352289.54,-20.076376655564058,149.4405889589032,145.33744800751379,3.28317373461012,21732848.43333335,Non-Energy Minerals,Construction Materials,SZSE:000672,A,323602113.1723336,0.4304294800560177,17.803157541148806,0.4574068857347759,1.0,0.4304294800560177,5.897901085468316,cyclical,True,False,not_triggered,0.08,0.5104294800560177,watch
600221,"Hainan Airlines Holding Co., Ltd. Class A",1.3,56211332100.0,25.641025641025642,10.226557583385777,54.4380246526789,1.40261894252231,14878676000.0,,118340334000.0,6.501208291967475,,,0.0,214412399.09999964,Transportation,Airlines,SSE:600221,A,278736118.82999957,0.4710131531152802,39.88357457520453,0.6428968795832702,1.0,0.4710131531152802,26.735815949115537,cyclical,True,True,review_possible_equity_or_leverage_distortion,0.1,0.5710131531152802,watch
000408,Zangge Mining Company Limited Class A,75.62,119681352466.0,20.797579757975797,6.876989911868673,34.5700013115776,32.0604664167637,4602940530.0,,313889017.28000003,25.138394447726437,84.55611929547764,82.75948730836895,1.30106687483737,14485437.4,Producer Manufacturing,Electrical Products,SZSE:000408,A,1095388776.1880002,0.6016077225606186,33.06629902083377,0.628966058308251,1.0,0.6016077225606186,4.349731656620548,cyclical,True,False,not_triggered,0.0,0.6016077225606186,watch
605117,"Ningbo Deye Technology Co., Ltd. Class A",86.42,109816170044.0,25.191663022882963,9.579911672371898,41.8470660899571,20.0431218379796,5497295390.0,,6684821507.4,44.70984142649557,34.47293187612156,33.544845842416684,1.98237449275362,14541218.033333322,Producer Manufacturing,Electrical Products,SSE:605117,A,1256652062.4406657,0.6019935296952329,38.02810343910182,0.6624485773587125,1.0,0.6019935296952329,9.125998564978966,cyclical,True,True,review_high_roa_supports_follow_up,0.0,0.6019935296952329,watch
002517,"Kingnet Network Co., Ltd. Class A",17.41,36216891971.0,15.539093181006782,3.5202012236793685,25.4845576565048,19.5788560988834,2899287440.0,,857971454.32,46.7317330685296,34.61859386552329,34.98795180722893,0.586510263929619,77916621.06666665,Technology Services,Packaged Software,SZSE:002517,A,1356528372.7706664,0.6097454541079903,22.65383946588377,0.6859364040434888,1.0,0.6097454541079903,11.107582202426435,technology_strict,True,False,not_triggered,0.0,0.6097454541079903,watch
603379,Zhejiang Sanmei Chemical Industry Co. Ltd. Class A,58.56,36152570971.0,16.74578209894195,4.214135055256551,27.2616295136415,22.2513768450776,868305290.0,,842511318.5500001,33.654817496891816,53.79035407704193,53.33684118214504,2.56670043904086,8008311.233333333,Process Industries,Chemicals: Specialty,SSE:603379,A,468966705.824,0.6142619644420925,25.16535226815601,0.6654300691086252,1.0,0.6142619644420925,7.689478886199841,cyclical,True,False,not_triggered,0.0,0.6142619644420925,watch
002468,"STO Express Co., Ltd. Class A",14.31,21353854007.0,11.088725300271213,1.8631284152471868,17.9566726824685,6.60329595610758,1949462640.0,,9912868806.439999,24.54704435645155,84.63528498196943,85.71017412577349,0.707714083510262,17297973.86666659,Producer Manufacturing,Building Products,SZSE:002468,A,247534006.0319989,0.6175267264907814,16.80200712701953,0.6599643254786678,1.0,0.6175267264907814,6.430286812413177,cyclical,True,False,not_triggered,0.0,0.6175267264907814,watch
600233,"YTO Express Group Co.,Ltd. Class A",16.98,58098037842.0,10.262299045086426,1.564656816761916,16.3260892564876,10.7142207875783,1643728350.0,,8340955949.940001,8.203739987627866,46.98468138988902,46.775481238357145,1.46972369194591,22027971.366666667,Transportation,Air Freight/Couriers,SSE:600233,A,374034953.806,0.6285828090158476,15.246649994194735,0.6730855006833544,1.0,0.6285828090158476,6.611744217090565,stable_or_general,True,False,not_triggered,0.0,0.6285828090158476,watch
300515,"Hunan Sundy Science and Technology Co., Ltd. Class A",15.83,3246680630.0,15.14108082257293,3.3849522514316015,24.0229183837848,15.7158396270198,239864100.0,,43464752.56,11.140822153059109,29.17053336250925,29.169755374351382,2.49376558603491,6170057.966666667,Health Technology,Medical Specialties,SZSE:300515,A,97672017.61233334,0.6302764959977964,22.356080725658497,0.677269017247519,1.0,0.6302764959977964,6.93853107893585,health_special,True,False,not_triggered,0.0,0.6302764959977964,watch
000848,"Cheng De Lolo Co., Ltd. Class A",8.42,8354051982.000001,12.804136253041364,2.663132691693366,20.1610274986107,14.852129012082802,694353140.0,,735553754.44,9.636784179918614,5.6217111045066375,8.318234228298467,5.95238095238095,19431001.033333305,Consumer Non-Durables,Food: Major Diversified,SZSE:000848,A,163609028.70066643,0.6350934372726638,20.799003064816596,0.6156129797730895,1.0,0.6350934372726638,3.164400059718475,stable_or_general,True,False,not_triggered,0.0,0.6350934372726638,watch
002602,"Zhejiang Century Huatong Group Co., Ltd. Class A",15.73,105989876313.0,15.365829832958875,3.3880781864196865,24.1269749819162,16.7527538235754,8182712540.0,,2385043614.86,40.191662994891324,174.83490205157537,177.27518959913328,0.0,116197770.46666667,Technology Services,Packaged Software,SZSE:002602,A,1827790929.4406667,0.6368734515817241,22.04943190996715,0.6968809852199845,1.0,0.6368734515817241,8.61087257522427,technology_strict,True,False,not_triggered,0.0,0.6368734515817241,watch
300910,"Xinxiang Richful Lube Additive Co., Ltd. Class A",29.49,11594689593.0,14.229878401852924,2.9199002738706055,21.5292811696563,15.6386595275779,199766970.0,,1322117182.02,14.328445881195028,0.9384254342937051,0.7633587786259457,2.93219028741328,6031966.4,Process Industries,Chemicals: Major Diversified,SZSE:300910,A,177882689.136,0.6609546454299985,20.519502636722425,0.693480668307556,1.0,0.6609546454299985,4.690256609018018,cyclical,True,False,not_triggered,0.0,0.6609546454299985,watch
001395,Yalian Machinery Co Ltd. Class A,29.83,3374773409.0,13.749711915187829,2.665892131015684,20.6972447107652,11.4080874754737,116701380.0,,126709496.11,17.665803640657813,43.61507870868305,43.618429763008095,2.56239173884077,2193374.933333333,Producer Manufacturing,Industrial Machinery,SZSE:001395,A,65428374.261333324,0.664325716168212,19.38871263237857,0.7091606428900401,1.0,0.664325716168212,6.3222525349281185,cyclical,True,False,not_triggered,0.0,0.664325716168212,watch
603486,"Ecovacs Robotics Co., Ltd. Class A",52.22,29492331499.0,14.880884532087086,2.9669105949729557,22.2130430460996,11.3312391010034,1138351050.0,,2501762338.08,13.656629561839315,72.25434890312088,70.31644340904678,1.78502134264649,6515083.166666667,Consumer Durables,Electronics/Appliances,SSE:603486,A,340217642.96333337,0.669916521622193,19.937730103177127,0.7463680396453847,1.0,0.669916521622193,10.243139304238625,stable_or_general,True,False,not_triggered,0.0,0.669916521622193,watch
603871,"Jiayou International Logistics Co., Ltd. Class A",13.99,18645958288.0,14.607914795865094,3.0570882272603113,21.797629798264,15.231409076696501,1092633730.0,,639535427.93,0.8074499308808205,21.672845967278036,22.79779458904987,2.93470286133529,11517821.93333333,Transportation,Air Freight/Couriers,SSE:603871,A,161134328.84733328,0.6701606977942387,20.927615405626877,0.6980209886663635,1.0,0.6701606977942387,3.9913256656299967,stable_or_general,True,False,not_triggered,0.0,0.6701606977942387,watch
601677,"Henan Mingtai Aluminum Industrial Co., Ltd. Class A",16.65,20602378915.0,8.454351579161164,1.0179738102545728,12.5838317067767,8.32751221484355,12183450.0,,7390099661.89,15.434869052840098,49.88489754278816,60.832993058391196,1.86943620178042,25254351.2666667,Non-Energy Minerals,Aluminum,SSE:601677,A,420484948.5900005,0.671842390788514,12.040826558050187,0.7021404667197704,1.0,0.671842390788514,4.31510180189465,cyclical,True,False,not_triggered,0.0,0.671842390788514,watch
002690,"Hefei Meyer Optoelectronic Technology, Inc. Class A",16.04,14186607343.0,19.34627909781691,5.498366601193598,28.7761430138752,22.7752861467734,789245070.0,,30110984.86,1.9462905769239383,7.542915896004794,7.4659753726506795,4.37773608505316,6058395.966666668,Electronic Technology,Electronic Components,SZSE:002690,A,97176671.30533335,0.6723027157770441,28.420796440458926,0.6807085486976775,1.0,0.6723027157770441,1.2348651910887964,technology_strict,True,False,not_triggered,0.0,0.6723027157770441,watch
600710,Sumec Corporation Limited Class A,10.7,13590193154.0,9.964611659526913,1.658798998519483,17.3249388805669,2.27470489687019,1873992010.0,,14705645088.429998,10.988297834311302,14.661635308469565,14.660971703150036,3.99038461538462,9154682.566666659,Producer Manufacturing,Trucks/Construction/Farm Machinery,SSE:600710,A,97955103.46333325,0.5751599892051599,16.646900603833842,0.5985866015942947,1.0,0.5751599892051599,3.913654653602272,cyclical,True,False,not_triggered,0.1,0.6751599892051598,watch
300926,"Jiangsu Bojun Industrial Technology Co., Ltd. Class A",17.69,7752722878.0,10.015853244253199,2.08924587554047,23.2627461300012,8.64004283766324,-248530670.0,,5094418139.22,73.36055499523101,74.34838203849795,60.37410333242532,1.23249299719888,3853897.3333333354,Producer Manufacturing,Auto Parts: OEM,SZSE:300926,A,68175443.82666671,0.43055334861502365,20.859389855170026,0.4801604128306158,1.0,0.43055334861502365,10.331352375167969,cyclical,False,False,not_triggered,0.25,0.6805533486150237,watch
603816,"Jason Furniture (Hangzhou) Co., Ltd. Class A",23.74,18410587691.0,11.450897163804745,1.8756197090182227,16.7926436317358,8.94331911482498,1664144750.0,,2911430291.51,4.111145072270413,9.998556169971067,9.739572305737877,6.05263157894737,8052253.633333332,Consumer Durables,Home Furnishings,SSE:603816,A,191160501.25533327,0.6818996112181,16.3796747293032,0.6990918533515881,1.0,0.6818996112181,2.4592250719365327,stable_or_general,True,False,not_triggered,0.0,0.6818996112181,watch
000426,"Inner Mongolia Xingye Silver and Tin Mining Co., Ltd. Class A",38.44,65777550722.0,21.520546411376106,5.915183895434813,31.529307369388505,17.9969362270451,2185038910.0,,5047318767.72,64.34806832352513,119.92753109217811,122.63492459179857,0.280112044817927,78459217.73333341,Non-Energy Minerals,Other Metals/Minerals,SZSE:000426,A,3015972329.669336,0.6825569036213651,27.48621611349028,0.7829577677232111,1.0,0.6825569036213651,12.823279650677078,cyclical,True,False,not_triggered,0.0,0.6825569036213651,watch
000737,"North Copper Co., Ltd. Class A",14.35,28342180706.0,16.082035189958535,3.4583729981804376,23.5560104820715,8.33066127151165,2864600130.0,,9776232714.33,50.22046853563117,165.63035400148615,162.9826112584733,0.940860215053763,74865095.13333334,Non-Energy Minerals,Other Metals/Minerals,SZSE:000737,A,1074314115.1633334,0.6827147237941071,21.504573005410485,0.747842572178129,1.0,0.6827147237941071,8.708764492282617,cyclical,True,False,not_triggered,0.0,0.6827147237941071,watch
605305,Ficont Industry(Beijing) Co. Ltd. Class A,31.19,6736884298.0,12.466525440665094,2.1296876685689785,18.1215271560325,14.440211090838002,249369740.0,,148705157.79999998,30.722333290846855,21.826115156401805,21.824024930613035,2.36593059936909,4321785.499999996,Producer Manufacturing,Electrical Products,SSE:605305,A,134796489.7449999,0.6879401130668558,17.083249688979567,0.7297514037219318,1.0,0.6879401130668558,5.729525211164654,cyclical,True,False,not_triggered,0.0,0.6879401130668558,watch
000600,"HCIG Energy Investment Co., Ltd. Class A",7.46,13379999200.0,7.629372059725915,1.0880884939746736,15.0145636208591,3.5807373669324,147954220.0,,27192553003.68,-7.996997662917603,60.61051284467504,60.21628707193185,4.31266846361186,25852833.466666665,Utilities,Electric Utilities,SZSE:000600,A,192862137.66133332,0.508131455057858,14.26183551485839,0.5349502209429786,1.0,0.508131455057858,5.013319900652835,stable_or_general,True,False,not_triggered,0.18,0.6881314550578579,watch
603195,"Goneo Group Co., Ltd.Class A",39.3,69512118086.0,17.05285082009893,4.666222603752212,27.844662883921302,19.9776811559371,4734890460.0,,1148467472.67,-1.9696129451374973,1.6832950937470084,1.533174729051025,4.92610837438424,4468924.800000007,Producer Manufacturing,Electrical Products,SSE:603195,A,175628744.64000028,0.6124279863322021,27.363299268720993,0.6232015610629253,1.0,0.6124279863322021,1.7287464287393584,cyclical,True,False,not_triggered,0.08,0.692427986332202,watch
601991,"Datang International Power Generation Co., Ltd. Class A",5.58,82918696055.47653,12.416555407209612,2.739645319036116,23.4195108921929,2.50839861966968,11094481000.0,,249811973000.0,-0.27347858787300694,39.13598990839425,39.133126934984524,2.64285714285714,366967664.3,Utilities,Electric Utilities,SSE:601991,A,2047679566.7940001,0.530179962526407,22.064455311376893,0.562740173368675,1.0,0.530179962526407,5.7860114459851175,stable_or_general,True,False,not_triggered,0.18,0.7101799625264069,watch
300442,Range Intelligent Computing Technology Group Company Limited Class A,62.93,100605123538.0,19.776869893148962,7.058271962744707,42.6844568439368,12.7038761913272,-7251297620.0,,27359621829.3,10.963029582499512,214.8584872418882,220.24959742351044,1.0018630647415,29664302.83333334,Technology Services,Data Processing Services,SZSE:300442,A,1866774577.301667,0.4633272004715273,35.68953024861538,0.5541364583781887,1.0,0.4633272004715273,16.387526309392484,technology_strict,False,True,review_high_roa_supports_follow_up,0.25,0.7133272004715273,watch
002043,"Dehua TB New Decoration Material Co., Ltd. Class A",12.73,9714891120.0,15.265619378822402,3.1659972393896814,21.3995339759719,11.6527759847516,864199750.0,,62661349.09,6.7916460426424745,11.951226743418205,11.260840560373572,6.13672496025437,13703817.299999952,Non-Energy Minerals,Forest Products,SZSE:002043,A,174449594.2289994,0.7133622347086223,20.7393958988771,0.7360686614622625,1.0,0.7133622347086223,3.0848245472823166,cyclical,True,False,not_triggered,0.0,0.7133622347086223,watch
002346,"Shanghai Zhezhong Group Co., Ltd. Class A",18.63,8445164983.999999,13.173525668222316,2.4299418926938703,20.5867094455301,13.0534387762654,131584900.0,,843073855.48,-1.8645588407713625,61.40374402428851,61.75225895001715,2.60416666666667,9701725.566666666,Producer Manufacturing,Electrical Products,SZSE:002346,A,180743147.30699998,0.6399043860349729,18.445645864990183,0.7141807754872739,1.0,0.6399043860349729,10.400222464910714,cyclical,True,False,not_triggered,0.08,0.7199043860349729,watch
002758,"ZJAMP Group Co., Ltd. Class A",8.88,4586214093.0,7.596885961160066,0.8730490352709844,12.1843945544893,2.5857623415134,21351970.0,,10037275477.0,23.802965464160234,46.58411767215668,49.22762670751948,3.73303167420814,10950117.766666668,Retail Trade,Specialty Stores,SZSE:002758,A,97237045.76800002,0.6234931023602661,11.492196141083937,0.6610473636106537,1.0,0.6234931023602661,5.681024283232217,stable_or_general,True,False,not_triggered,0.1,0.7234931023602661,watch
002709,"Guangzhou Tinci Materials Technology Co., Ltd",33.83,70359071555.0,17.156042395659007,3.4000102512871897,23.6963144175171,13.9988161006046,460423350.0,,4420437398.93,72.35044027201346,668.9922655488155,652.3464326592904,0.722543352601156,57826666.066666715,Process Industries,Chemicals: Specialty,SZSE:002709,A,1956276113.0353348,0.7239962339028002,19.81815020547801,0.8656732448680725,1.0,0.7239962339028002,16.366107166320443,cyclical,True,False,not_triggered,0.0,0.7239962339028002,watch
002946,"New Hope Dairy Co., Ltd. Class A",15.58,13027786059.0,16.77252664441813,3.691960625405808,23.1540987411898,9.16645253242051,1008005710.0,,2206467520.98,6.271858134707291,25.36397898785164,25.357624831309032,2.96052631578947,9024728.766666668,Consumer Non-Durables,Food: Meat/Fish/Dairy,SZSE:002946,A,140605274.1846667,0.7243869360624595,22.011952663282766,0.7619735923017722,1.0,0.7243869360624595,4.932803002499176,stable_or_general,True,False,not_triggered,0.0,0.7243869360624595,watch
000623,"Jilin Aodong Pharmaceutical Group Co., Ltd. Class A",18.49,21605675020.0,6.587807745751237,0.6515413233653501,10.2139609545759,9.01218000602306,420187910.0,,2249054731.35,-3.672609433121047,37.824049320308376,40.700822137557665,2.7114967462039,12724737.799999999,Health Technology,Pharmaceuticals: Other,SZSE:000623,A,235280401.92199996,0.6449807058249886,9.890108341208915,0.6661006652780488,1.0,0.6449807058249886,3.1706858368388158,health_special,True,False,not_triggered,0.08,0.7249807058249885,watch
002818,Chengdu Fusen Noble-House Industrial Co. Ltd. Class A,11.03,8173171500.0,9.587136027813992,1.3802700223621263,14.8434521749541,12.1405883662462,860467230.0,,0.0,-21.636310728010145,28.776938788109536,28.77770315648087,6.13553113553114,3995066.933333333,Retail Trade,Specialty Stores,SZSE:002818,A,44065588.27466666,0.6458831756126595,14.39710481167386,0.6659072190708986,1.0,0.6458831756126595,3.0070320436197395,stable_or_general,True,False,not_triggered,0.08,0.7258831756126595,watch
000333,Midea Group Co. Ltd. Class A,87.57,655876688688.9166,15.025995641654799,3.1321310795247257,20.690326160494,6.92787999351494,54879532000.0,,131260261000.0,5.398082370725765,1.1973150206955316,1.6340553172194765,4.92836676217765,26437639.500000004,Consumer Durables,Electronics/Appliances,SZSE:000333,A,2315144091.0150003,0.7262329034882667,20.8447490217679,0.7208527973142468,1.0,0.7262329034882667,0.7463529577834915,stable_or_general,True,False,not_triggered,0.0,0.7262329034882667,watch
301358,"Hunan Yuneng New Energy Battery Material Co., Ltd. Class A",55.82,26941075780.0,11.464366399671391,2.3104314198805547,24.0546933963492,9.12824956017612,-4563497120.0,,19540449182.079998,110.67804954783249,661.8535593681314,623.5844850646455,0.620425235273614,20029506.6,Producer Manufacturing,Electrical Products,SZSE:301358,A,1118047058.4120002,0.47659582314241206,20.153154036901505,0.5688621432992336,1.0,0.47659582314241206,16.21945162701528,cyclical,False,False,not_triggered,0.25,0.7265958231424121,watch
605099,"CoCreation Grass Co., Ltd. Class A",29.75,12095455133.0,17.167753476830747,3.778377520241308,23.413122948091704,18.2349775733957,375633420.0,,408605096.56,9.815555189636264,22.547368394127652,21.14793064876959,2.74834437086093,1897534.9333333333,Producer Manufacturing,Trucks/Construction/Farm Machinery,SSE:605099,A,56451664.266666666,0.7332534628077033,22.008572789331637,0.7800484675295523,1.0,0.7332534628077033,5.998986815530937,cyclical,True,False,not_triggered,0.0,0.7332534628077033,watch
601156,Eastern Air Logistics Co. Ltd. Class A,19.25,30290559620.0,10.846292540004509,1.5299427682188367,14.7092498043495,8.37683617905617,5432959920.0,,9563089238.96,13.521227064812761,4.392516674651119,4.393859184753837,3.54821802935011,10065978.433333334,Transportation,Air Freight/Couriers,SSE:601156,A,193770084.84166667,0.7373790427297848,14.105674935245666,0.7689311280598858,1.0,0.7373790427297848,4.103369492884368,stable_or_general,True,False,not_triggered,0.0,0.7373790427297848,watch
3858,Jiaxin International Resources Investment Limited,55.4,25473631378.0,13.656083612699664,8.008175856072553,118.1392138725,50.28384587703359,1670982000.0,,1023178000.0,2781.4951746851075,,,0.0,3035246.6666666665,Non-Energy Minerals,Other Metals/Minerals,HKEX:3858,HK,168152665.3333333,0.11559314782166903,58.64181915688653,0.23287278275193105,0.8,0.1444914347770863,50.362104812907546,cyclical,True,True,review_high_roa_supports_follow_up,0.1,0.2444914347770863,priority
293,Cathay Pacific Airways Limited,14.42,87203375440.0,6.983389026102959,1.5114258342714235,24.4729739587133,7.604153386313091,18735000000.0,,63495000000.0,19.657853239942792,35.20048357848076,46.43642294872706,5.85774058577406,24583012.7,Transportation,Airlines,HKEX:293,HK,354487043.134,0.285351058595664,21.643156762739682,0.3226603726368321,0.8,0.35668882324458,11.56302949019442,cyclical,True,False,not_triggered,0.0,0.35668882324458,priority
1928,Sands China Ltd.,14.13,114116652550.0,16.6176643537575,11.330922271316648,72.8752358847408,8.89825849050194,10913104590.0,,50447907650.0,8.734427447157273,-3.6674298626429223,-3.659641966915942,5.31914893617021,13892978.766666668,Consumer Services,Casinos/Gaming,HKEX:1928,HK,196307789.97300002,0.22802896144363685,68.18600995966415,0.24371076066172198,0.8,0.28503620180454603,6.434594506826863,stable_or_general,True,True,review_possible_equity_or_leverage_distortion,0.1,0.385036201804546,priority
3993,CMOC Group Limited Class H,16.45,444589867759.0,11.227902532250358,3.379273651320587,34.015594962731,13.505755792798302,20194215790.0,,54613353740.2732,25.055798742078945,72.20866524162804,72.97520661157026,1.96407942238267,38680777.666666985,Distribution Services,Wholesale Distributors,HKEX:3993,HK,636298792.6166719,0.3300810273802986,30.097105328570166,0.3730558939032615,0.8,0.41260128422537323,11.519685716078476,stable_or_general,True,False,not_triggered,0.0,0.41260128422537323,priority
2899,"Zijin Mining Group Co., Ltd. Class H",36.6,1015481531854.0,13.255586541595742,4.147177200043512,39.1507265999703,13.6355337072611,78511100060.0,,200204982435.363,21.19913774481032,74.52429440303759,72.19207982538198,2.5335938359934,56997429.53333326,Non-Energy Minerals,Precious Metals,HKEX:2899,HK,2086105920.9199972,0.3385783021867543,31.28625947278727,0.42368716378912047,0.8,0.4232228777334428,20.087665824288926,cyclical,True,False,not_triggered,0.0,0.4232228777334428,priority
2600,Aluminum Corporation of China Limited Class H,8.76,185793625631.0,7.629332868838181,1.5380644617564485,22.3208309457286,7.392144248478881,37411261710.0,,73748649622.6418,6.65243949510868,46.957687110846166,46.753578732106355,3.46803652968037,37483800.93333333,Distribution Services,Wholesale Distributors,HKEX:2600,HK,328358096.17599994,0.34180326383853377,20.159881449643315,0.3784413558132885,0.8,0.4272540797981672,9.68131294636596,stable_or_general,True,False,not_triggered,0.0,0.4272540797981672,priority
1308,"SITC International Holdings Co., Ltd.",45.22,122615313955.0,12.319176178930448,5.52119898659992,46.8477884433946,36.305923077423,10141048770.0,,2567518538.2,5.186015981809692,-2.638012178355432,-3.1426460499234783,5.08624502432552,5425098.5,Transportation,Marine Shipping,HKEX:1308,HK,245322954.17,0.2629617445830021,44.817923750801256,0.27487163946790827,0.8,0.32870218072875257,4.332893312660824,cyclical,True,True,review_high_roa_supports_follow_up,0.1,0.42870218072875255,priority
322,Tingyi (Cayman Islands) Holding Corp.,12.55,71256570060.0,13.569034490215158,4.742273495036673,36.0576208232554,7.985451018050591,6882429180.0,,20329164161.5793,3.527495131736362,17.29880393984028,17.268923545074184,3.64620253164557,20384793.066666666,Consumer Non-Durables,Beverages: Non-Alcoholic,HKEX:322,HK,255829152.98666668,0.3763153025743672,34.949233112027244,0.38824984933776935,0.8,0.47039412821795895,3.0739346798868583,stable_or_general,True,False,not_triggered,0.0,0.47039412821795895,priority
2589,"Auntea Jenny (Shanghai) Industrial Co., Ltd. Class H",81.5,8610866893.0,12.374358507181682,3.4415921692165417,31.980933368923996,21.6384208443536,862658980.0,,169320508.341439,,,,4.22658032987172,521407.1666666667,Consumer Services,Restaurants,HKEX:2589,HK,42494684.083333336,0.3869292482628383,27.812287539747224,0.44492415409905367,0.8,0.48366156032854785,13.034784760933416,stable_or_general,True,False,not_triggered,0.0,0.48366156032854785,priority
9980,Eastroc Beverage (Group) Co. Ltd. Class H,103.2,93818194736.0,13.633301187629629,3.333647747138942,34.314663942266,16.5577596000554,5464255960.0,,7002582197.79788,25.278432029610524,28.431947933165368,,2.13964226732378,732291.7333333329,Consumer Non-Durables,Beverages: Non-Alcoholic,HKEX:9980,HK,75572506.87999997,0.3973024830016546,24.452241619687644,0.5575481135706111,0.8,0.49662810375206823,28.741130436747863,stable_or_general,True,False,not_triggered,0.0,0.49662810375206823,priority
1415,Cowell e Holdings Inc.,24.3,21315927124.0,12.59458899139629,3.3349573523457923,31.1822474804944,14.8003619513146,1874256690.0,,1380287062.55,14.861029499110339,29.067418969752694,27.269129287598943,1.42857142857143,3262669.6333333333,Consumer Durables,Electronics/Appliances,HKEX:1415,HK,79282872.09,0.4039025409978755,26.479286895538976,0.4756392814157744,0.8,0.5048781762473443,15.082173239428286,stable_or_general,True,False,not_triggered,0.0,0.5048781762473443,priority
1585,Yadea Group Holdings Ltd.,9.11,27339142539.0,10.121097655816019,2.3363946686089605,25.0412255172972,8.03549668944405,2997915420.0,,9026682180.3652,13.191990450510808,35.52397569544348,35.069027611044426,5.78918623702895,9833174.9,Consumer Durables,Motor Vehicles,HKEX:1585,HK,89580223.339,0.40417740932147594,23.084400013336175,0.4384388439798705,0.8,0.5052217616518448,7.814415882359082,cyclical,True,False,not_triggered,0.0,0.5052217616518448,priority
1929,Chow Tai Fook Jewellery Group Limited,12.08,118790625522.0,13.373187202479796,4.082184374155177,32.3792605592756,11.0904803518662,424900000.0,,28446300000.091103,5.289551173433863,52.21536641034534,52.58445945945947,5.56478405315615,16881350.7,Consumer Durables,Other Consumer Specialties,HKEX:1929,HK,203926716.456,0.41301706621736967,30.52514193025142,0.43810401383347963,0.8,0.516271332771712,5.726253771700285,stable_or_general,True,False,not_triggered,0.0,0.516271332771712,priority
2510,T.S. Lines Limited,13.94,23476937818.0,7.967080070869291,1.3533928023580493,17.8216748712375,14.3158259525383,1337693420.0,,1309951716.1000001,,,,5.53191489361702,4221169.1,Transportation,Marine Shipping,HKEX:2510,HK,58843097.25399999,0.44704440679295554,16.98731267063041,0.46900179123939256,0.8,0.5588055084911944,4.6817272037303015,cyclical,True,False,not_triggered,0.0,0.5588055084911944,priority
6,Power Assets Holdings Limited,60.3,127866313477.0,7.179853545275941,1.2460549342845506,18.6391872822799,17.3139150749467,5528000000.0,,2770000000.0,-12.239902080783354,190.78797725426483,190.78664912402192,4.7,2716749.6666666665,Utilities,Electric Utilities,HKEX:6,HK,163820004.89999998,0.38520207112794885,17.35487954492338,0.4137080598393539,0.8,0.481502588909936,6.890363393566501,stable_or_general,True,False,not_triggered,0.08,0.561502588909936,priority
1361,361 Degrees International Ltd.,4.445,9559476781.0,5.964841653247451,0.7344497410011318,12.8441046271852,9.24275152552987,747174180.0,,553880753.161199,13.070118241531627,18.224686344318812,17.557974443918592,7.59637188208617,3846010.7333333334,Consumer Non-Durables,Apparel/Footwear,HKEX:1361,HK,17095517.70966667,0.464403072567827,12.312979684905365,0.48443527122519536,0.8,0.5805038407097837,4.135165180418121,stable_or_general,True,False,not_triggered,0.0,0.5805038407097837,priority
564,ZCZL Industrial Technology Group Company Limited Class H,12.38,28215927101.0,5.741848708315941,0.7897145736785198,14.7077940194998,6.63634662972856,932796680.0,,13790131779.707998,8.982631507688065,-18.28642253303251,-17.536143195899946,11.5044497991968,1293164.7666666666,Producer Manufacturing,Auto Parts: OEM,HKEX:564,HK,16009379.811333334,0.3903949634257399,13.753663912021459,0.4174777532041662,0.8,0.48799370428217487,6.4872414327624135,cyclical,True,False,not_triggered,0.1,0.5879937042821749,priority
6110,Topsports International Holdings Limited,1.12,6914362776.0,5.0269299820466795,0.7060143598277829,14.166469915986102,8.64742532992503,2745118910.0,,3980959430.10926,-3.552403351753338,-0.6077116410583117,-0.6244424620874274,15.6412556053812,30883283.733333334,Retail Trade,Apparel/Footwear Retail,HKEX:6110,HK,34589277.781333335,0.3548470445960612,14.044642800859823,0.3579250859793264,0.8,0.4435588057450765,0.8599680502536677,stable_or_general,True,False,not_triggered,0.18,0.6235588057450765,priority
151,Want Want China Holdings Limited,3.085,35846523498.0,8.624545708694436,1.6124058558817536,20.2897950586787,13.696705542081599,4230424600.0000005,,3191310498.97224,5.79956317923007,-9.740338289237712,-9.694521585458213,3.53846153846154,14909640.433333334,Consumer Non-Durables,Food: Meat/Fish/Dairy,HKEX:151,HK,45996240.736833334,0.42506815291884364,18.695545369494432,0.461315545400838,0.8,0.5313351911485545,7.857396708905384,stable_or_general,True,False,not_triggered,0.1,0.6313351911485545,priority
9992,Pop Mart International Group Limited,154.0,202027454901.0,13.921281481079712,7.695548125409451,69.7916786788645,49.6893679371344,,,4308044625.607921,86.7846714534374,101.54528423177528,101.92760527900992,1.77627118644068,11289569.066666666,Consumer Services,Movies/Entertainment,HKEX:9992,HK,1738593636.2666667,0.1994690734569706,55.27902108630158,0.25183661373716826,0.8,0.24933634182121323,20.7942520760113,stable_or_general,False,True,review_high_roa_supports_follow_up,0.25,0.4993363418212132,watch
1530,"3SBio, Inc.",16.24,41348329470.0,4.4456611004653706,1.2959962971534364,36.657115579207,27.0913290121645,,,1603171868.11389,101.73124275980192,257.92635551181803,254.694630546655,1.53468385512584,23974802.3,Health Technology,Biotechnology,HKEX:1530,HK,389350789.352,0.1212768934549526,29.151936413186597,0.15249968432472358,0.8,0.15159611681869073,20.474003607303903,health_special,False,False,not_triggered,0.4,0.5515961168186907,watch
2400,"XD, Inc.",39.98,18494876516.0,11.726403472751802,4.164743849502533,42.0412856755701,29.4254966337135,,,130337935.980193,5.883559395488523,13.6153099602686,12.295378940087627,1.04166666666667,2988762.4,Technology Services,Packaged Software,HKEX:2400,HK,119490720.75199999,0.27892590067876855,35.515952177323506,0.33017285906356647,0.8,0.3486573758484607,15.521251059261543,technology_strict,False,True,review_high_roa_supports_follow_up,0.25,0.5986573758484607,watch
2020,ANTA Sports Products Ltd.,76.1,210552058911.0,11.980855820397368,2.606071564574412,24.1578948465741,12.919034907579602,22944036750.0,,38137738077.34251,16.637270096937968,11.792863489284935,12.530782177340773,3.2300593276203,7415774.466666667,Consumer Non-Durables,Apparel/Footwear,HKEX:2020,HK,564340436.9133333,0.49593956329752004,21.7519649985069,0.5507941843975825,0.8,0.6199244541219,9.959186689681266,stable_or_general,True,False,not_triggered,0.0,0.6199244541219,watch
1478,Q Technology (Group) Co. Ltd.,5.845,6888544997.0,4.330591983403719,0.9520086649890467,24.470044682938,8.11240467414755,-235075630.0,,8855956311.57338,31.138791265049516,216.77946929917633,214.98249708284712,9.54032957502168,7749481.533333333,Electronic Technology,Electronic Components,HKEX:1478,HK,45295719.56233333,0.17697523807233875,21.98333781241602,0.1969942881448073,0.8,0.22121904759042343,10.162248997672895,technology_strict,False,False,not_triggered,0.4,0.6212190475904235,watch
1651,Precision Tsugami (China) Corp. Ltd.,52.75,18817745117.0,16.157686770606794,4.6869099713454325,32.192536246929,23.5449019144656,1143151900.0,,91787153.7013983,23.92836897851255,42.602679401505554,46.18277884744549,2.9382957884427,1328302.7333333334,Producer Manufacturing,Industrial Machinery,HKEX:1651,HK,70067969.18333334,0.5019078536301455,29.007308025500347,0.5570212429365234,0.8,0.6273848170376818,9.894306546699971,cyclical,True,False,not_triggered,0.0,0.6273848170376818,watch
2099,China Gold International Resources Corp. Ltd.,259.6,102433312473.0,17.008897566600712,4.98715749312729,33.6205175127488,22.9961853867758,6577560340.0,,3743049675.25,46.106339401700815,163.54051815602756,163.5390406464758,1.06089667182663,3082416.2666666666,Non-Energy Minerals,Precious Metals,HKEX:2099,HK,800195262.8266667,0.5059082615296148,29.320874404701296,0.5800951680988584,0.8,0.6323853269120184,12.788747545058143,cyclical,True,False,not_triggered,0.0,0.6323853269120184,watch
3998,Bosideng International Holdings Limited,4.345,49972548187.0,11.494708994708994,2.440202404820874,22.6902973751023,14.0336271808393,6247051230.0,,7253272245.8238,8.077352320679388,16.446029820440586,13.718411552346579,7.28754365541327,21081326.433333334,Consumer Non-Durables,Apparel/Footwear,HKEX:3998,HK,91598363.35283333,0.5065913771285322,21.22891850454063,0.5414646531452086,0.8,0.6332392214106652,6.440545253343477,stable_or_general,True,False,not_triggered,0.0,0.6332392214106652,watch
9961,Trip.com Group Ltd.,325.6,211244580708.0,6.560984308849874,1.1987845002613138,20.0431517579795,12.21458179332,,,35603328537.1008,19.462330160959834,87.33605161616605,86.06849335612947,0.716992619926199,2705079.1666666665,Consumer Services,Other Consumer Services,HKEX:9961,HK,880773776.6666666,0.32734294426712807,18.27141239530655,0.3590846819556883,0.8,0.4091786803339101,8.83962454641194,stable_or_general,False,False,not_triggered,0.25,0.6591786803339101,watch
1378,China Hongqiao Group Ltd.,23.4,228399209904.0,7.612726917821589,1.4936290974267452,22.442331849913,11.6700120879165,,,67290553752.0379,6.877135633506964,11.776113156377386,5.0871794871794895,7.09372312983663,34491458.93333333,Non-Energy Minerals,Aluminum,HKEX:1378,HK,807100139.0399998,0.339212830856126,19.620158631069785,0.38800537044416883,0.8,0.4240160385701575,12.575222742970693,cyclical,False,False,not_triggered,0.25,0.6740160385701575,watch
1179,H World Group Limited,35.8,107678261779.0,20.70800555298473,6.757407194184855,38.0507600511754,7.79155353229896,9040057780.0,,39565057284.7585,13.35011046450848,38.64430062441698,35.125840237611364,4.63123176206509,2113035.2666666666,Consumer Services,Hotels/Resorts/Cruise lines,HKEX:1179,HK,75646662.54666665,0.5442205497376142,32.63185909862228,0.6345947219985093,0.8,0.6802756871720178,14.241242343819449,cyclical,True,False,not_triggered,0.0,0.6802756871720178,watch
1681,Consun Pharmaceutical Group Ltd.,13.61,11234677548.0,8.810772318249498,2.0815617371940363,25.5812880500079,18.0274101202991,,,265210933.150588,15.047188942407766,20.573157228218687,20.972668180750258,5.34016093635699,1763514.9666666666,Health Technology,Pharmaceuticals: Major,HKEX:1681,HK,24001438.69633333,0.3444225443623343,23.625190414721732,0.37293973777917905,0.8,0.4305281804529179,7.646595556338919,health_special,False,False,not_triggered,0.25,0.680528180452918,watch
1318,"Mao Geping Cosmetics Co., Ltd. Class H",50.4,35279896544.0,16.42978224018777,4.308126802532221,29.3004445555415,24.300789652431,1301336250.0,,104905072.434934,32.223519859219564,31.749800285307444,30.536170212765956,2.3237067209776,3053046.6333333333,Consumer Non-Durables,Household/Personal Care,HKEX:1318,HK,153873550.32,0.5607349133916283,26.22144797509492,0.6265779927863917,0.8,0.7009186417395353,10.508361313802183,stable_or_general,True,False,not_triggered,0.0,0.7009186417395353,watch
1910,Samsonite Group S.A.,12.51,16941085406.999998,8.552091878589007,1.3300558602197408,17.723640066972,5.01604210284121,3851009140.0,,18325302440.1221,1.2738061782196628,-10.986337786593156,-9.216160863898706,6.57799671592775,4042393.2666666666,Consumer Durables,Other Consumer Specialties,HKEX:1910,HK,50570339.765999995,0.4825245743128032,15.552403775615003,0.5498887504449982,0.8,0.603155717891004,12.250509958183443,stable_or_general,True,False,not_triggered,0.1,0.703155717891004,watch
1882,Haitian International Holdings Limited,18.0,28791841461.0,8.110665525165592,1.07005915049193,14.017008583516303,9.01325015859404,2419436530.0,,4147737609.16821,7.743758989509695,0.3293853329564221,0.33001808318263387,4.43458980044346,3169520.2333333334,Producer Manufacturing,Industrial Machinery,HKEX:1882,HK,57051364.2,0.5786302745582648,13.193234848259669,0.614759429241531,0.8,0.7232878431978309,5.876958199379089,cyclical,True,False,not_triggered,0.0,0.7232878431978309,watch
1133,Harbin Electric Co. Ltd. Class H,16.58,36451296831.0,9.95018904158915,1.7082111588018205,18.9305940146577,3.9523151047633807,7049798220.0,,7597429619.07465,13.477776996242996,55.89041902764082,55.889231920666106,2.49501840490798,5438917.166666667,Producer Manufacturing,Electrical Products,HKEX:1133,HK,90177246.62333333,0.5256142006893632,17.167625174375594,0.579590300960252,0.8,0.6570177508617039,9.31280254025343,cyclical,True,False,not_triggered,0.1,0.7570177508617039,watch
1024,Kuaishou Technology Class B,33.66,143052486602.0,8.459837136825172,1.5318835204194245,20.3330855425658,8.74060216587576,,,74292253677.0124,11.31210309805611,0.7153043130117971,-0.7136796925687358,2.10622710622711,52393051.53333333,Commercial Services,Advertising/Marketing Services,HKEX:1024,HK,1763550114.6119998,0.4160626344248212,18.107718808808105,0.4671950799628095,0.8,0.5200782930310265,10.944559934590625,hybrid_platform,False,False,not_triggered,0.25,0.7700782930310265,watch
1038,CK Infrastructure Holdings Limited,65.05,155255467529.0,6.512032995635286,1.1079686021626252,18.4253294289898,14.358942176861,,,31269000000.0,-9.356477561388655,208.74631992149168,208.74698646226128,4.01538461538462,1482227.8,Utilities,Electric Utilities,HKEX:1038,HK,96418918.39,0.35342830752265786,17.014173652148955,0.3827416557966535,0.8,0.4417853844033223,7.6587817996924485,stable_or_general,False,False,not_triggered,0.33,0.7717853844033223,watch
1208,MMG Ltd.,9.22,123068720582.0,13.97816858702244,2.635806951440546,22.4369837665263,6.36405946416614,18177005580.0,,24352702070.0,48.10534458847126,122.67230409088414,107.09576138147565,0.0,56458054.466666676,Non-Energy Minerals,Other Metals/Minerals,HKEX:1208,HK,520543262.1826668,0.6229967776629783,18.85659723611913,0.7412879647367004,0.8,0.7787459720787229,15.957521597661195,cyclical,True,False,not_triggered,0.0,0.7787459720787229,watch
1999,Man Wah Holdings Limited,3.055,11743271087.0,6.5389554794520555,0.8353887634058705,13.478910261337202,8.49589861527141,1070727000.0000001,,4840131000.0,-2.8007114157473696,-12.129930083966157,-12.163940590336535,7.85597381342062,5989726.7,Consumer Durables,Home Furnishings,HKEX:1999,HK,18298615.0685,0.48512493611656005,12.775568912053116,0.5118328212595585,0.8,0.6064061701457,5.218087632065805,stable_or_general,True,False,not_triggered,0.18,0.7864061701456999,watch
590,Luk Fook Holdings (International) Limited,21.98,12669786022.0,6.307935141340221,0.8594861383420755,14.500206521471402,10.1847526641997,-102938000.0,,4751020000.0,28.96230838160763,86.00399685779333,85.99871890680049,7.27525486561631,1634080.5333333334,Retail Trade,Specialty Stores,HKEX:590,HK,35917090.12266667,0.4350238137642833,13.62547520042294,0.46295157038959056,0.8,0.543779767205354,6.032543879655716,stable_or_general,False,False,not_triggered,0.25,0.793779767205354,watch
917,Qunabox Group Limited,9.605,2372167401.0,7.695697460139412,1.0083756595648186,16.8959600742355,12.2692058857968,,,600599742.343856,24.817915063883273,13.714248370629928,7.03198696509734,0.0,6826826.533333333,Technology Services,Packaged Software,HKEX:917,HK,65571668.85266667,0.45547559454017134,13.103109429493493,0.5873184148807717,0.8,0.5693444931752142,22.448269456588566,technology_strict,False,False,not_triggered,0.25,0.8193444931752142,watch
142,First Pacific Co. Ltd.,5.095,21434997417.0,4.876998181296066,0.6232385407288528,12.9873021805836,1.8786259502868903,12525644350.0,,102599108560.0,4.56744628688281,-19.723061457609433,-20.081089351285186,5.26315789473684,3048678.633333349,Miscellaneous,Miscellaneous,HKEX:142,HK,15533017.636833413,0.37552049790504777,12.77914236505265,0.3816373620371646,0.8,0.4694006223813097,1.6027948887040955,stable_or_general,True,False,not_triggered,0.35,0.8194006223813097,watch
883,CNOOC Limited,25.06,1216453211877.0,7.666656468932603,1.2039076555747985,16.78691704247,11.8794110184119,,,78690939429.304,10.531513069035286,12.717803724573292,12.725454357347305,5.17380759902991,60361007.966666594,Energy Minerals,Integrated Oil,HKEX:883,HK,1512646859.6446648,0.45670425662653674,15.703164220979026,0.4882236701498762,0.8,0.5708803207831709,6.455937196503303,cyclical,False,False,not_triggered,0.25,0.8208803207831709,watch
6693,Chifeng Jilong Gold Mining Group Limited Class H,42.2,97442603948.0,19.242168619761983,4.805086559876844,28.248859151301904,15.0641777734108,3395472040.0,,917624570.653548,47.35219724941116,77.30168902633717,77.30616864742498,0.856323185011709,8633508.6,Non-Energy Minerals,Precious Metals,HKEX:6693,HK,364334062.92,0.6811662204374427,24.971647712004515,0.7705606310676799,0.8,0.8514577755468034,11.601216961522331,cyclical,True,False,not_triggered,0.0,0.8514577755468034,watch
999,Xiaocaiyuan International Holding Ltd.,7.59,8729769577.0,12.851337622756517,3.209234477072366,25.8145146964274,15.5930643871414,,,1541021651.3543801,,,,7.76415094339623,2629422.7333333334,Consumer Services,Restaurants,HKEX:999,HK,19957318.546,0.49783378745969914,24.971987907232407,0.5146301395987183,0.8,0.6222922343246239,3.2637715607010676,stable_or_general,False,False,not_triggered,0.25,0.8722922343246239,watch
168,"Tsingtao Brewery Co., Ltd. Class H",40.5,67118861413.00001,10.5934974235568,1.5248304520312812,15.1042625827292,8.50331182366777,3996805020.0,,381892773.60412097,1.0755101175886925,5.030766113743941,5.035990988515853,6.82162708438605,3749097.433333333,Consumer Non-Durables,Beverages: Alcoholic,HKEX:168,HK,151838446.04999998,0.7013581342044342,14.394022965829114,0.7359650216416478,0.8,0.8766976677555427,4.702246223607109,stable_or_general,True,False,not_triggered,0.0,0.8766976677555427,watch
9981,"Shenzhen Woer Heat-Shrinkable Material Co., Ltd. Class H",9.9,13573015857.050001,10.664655822471184,1.293309539921461,15.0743783127858,8.47368396246638,215879340.0,,3897650979.35573,22.247131324046006,21.068444607753538,8.712964047312335,1.92010152284264,1516760.0,Producer Manufacturing,Electrical Products,HKEX:9981,HK,15015924.0,0.7074690313049677,12.127063089990829,0.8794096100046965,0.8,0.8843362891312097,19.5518193960617,cyclical,True,False,not_triggered,0.0,0.8843362891312097,watch
2507,Cirrus Aircraft Limited,45.94,16740328329.0,13.281295172015032,2.309291202424906,18.5600255280569,10.6442541410917,1269759400.0,,216056319.55,14.044373337919208,8.271381217035776,8.269688243395525,2.04897245299519,887519.1333333333,Electronic Technology,Aerospace & Defense,HKEX:2507,HK,40772628.98533333,0.7155860401128169,17.38754520937691,0.7638395766673595,0.8,0.8944825501410211,6.317234407396544,technology_strict,True,False,not_triggered,0.0,0.8944825501410211,watch
303,VTech Holdings Limited,50.2,12601617611.0,12.148786331405338,2.5055126268852486,20.7492096904964,10.2374935389482,721847170.0,,994137360.0,-6.746215076510219,-14.364563832231205,-14.488224825131407,8.33850160901046,696012.4666666667,Consumer Durables,Recreational Products,HKEX:303,HK,34939825.82666667,0.5855059789081871,20.623563198311825,0.5890731012185032,0.8,0.7318824736352338,0.6055483271834139,stable_or_general,True,False,not_triggered,0.18,0.9118824736352338,watch
6690,"Haier Smart Home Co., Ltd. Class H",21.62,218633828153.0,9.953042997882331,1.4658143880326628,15.1372927277349,5.78729124627148,17950448640.0,,84365738119.5501,0.5890393739793509,-8.946596767986561,-7.186805674243706,6.23286591123702,13082725.9,Consumer Durables,Electronics/Appliances,HKEX:6690,HK,282848533.958,0.6575180368710274,14.727298860705597,0.6758227080213861,0.8,0.8218975460887842,2.708501938910801,stable_or_general,True,False,not_triggered,0.1,0.9218975460887842,watch
175,Geely Automobile Holdings Limited,17.28,186815047141.0,10.006369795587469,1.7147790534975342,17.9748774820255,5.75584051514803,,,8652988053.164999,34.63497177287369,12.951400374586427,6.690967502780184,2.90360046457607,44649809.93333333,Consumer Durables,Motor Vehicles,HKEX:175,HK,771548715.648,0.5566863977567373,17.136874696093123,0.5839086748920869,0.8,0.6958579971959217,4.662077873801163,cyclical,False,False,not_triggered,0.25,0.9458579971959217,watch
3606,"Fuyao Glass Industry Group Co., Ltd. Class H",56.35,166905872969.0,15.544827586206896,3.332458082585822,22.7425379801769,11.9014808123063,6400991160.0,,29266652182.3678,13.0566599339307,-0.40550323627570173,-0.40661574811803247,4.24930027051398,2957310.6333333333,Consumer Durables,Home Furnishings,HKEX:3606,HK,166644454.18833333,0.6835133176321944,21.437729457628404,0.725115391391201,0.8,0.854391647040243,5.737303917820469,stable_or_general,True,False,not_triggered,0.1,0.9543916470402429,watch
6198,Qingdao Port International Co Ltd Class H,7.27,66018739396.00001,8.124720607957084,0.8650755780953819,11.3017477233974,7.48210377733743,2964039650.0,,5901739023.68541,6.41820532031227,-0.982918474167119,-0.9738822487826383,5.34629120879121,2488184.0,Transportation,Other Transportation,HKEX:6198,HK,18089097.68,0.7188906359267702,10.647450168909876,0.7630672582700542,0.8,0.8986132949084626,5.789348430888863,stable_or_general,True,False,not_triggered,0.1,0.9986132949084626,watch
921,Hisense Home Appliances Group Co. Ltd. Class H,22.56,39766357655.0,10.020876826722338,1.5484944392164453,16.43522103119,3.5926252037109,3271636320.0,,25187690662.417,-5.250751782642988,-15.66582501309435,-16.027601641178663,6.55892025089606,675889.5333333333,Consumer Durables,Electronics/Appliances,HKEX:921,HK,15248067.872,0.6097196263868422,15.452684091347445,0.6484877816361634,0.8,0.7621495329835527,5.97823989089007,stable_or_general,True,False,not_triggered,0.28,1.0421495329835526,watch
1258,China Nonferrous Mining Corp. Ltd.,16.56,64578690981.0,14.3837401198645,2.9879615462340134,22.4432297635746,10.9747019563844,,,677380594.9,10.774663550691596,30.256353859451234,30.267028739533824,1.9638670694864,15892115.566666666,Non-Energy Minerals,Other Metals/Minerals,HKEX:1258,HK,263173433.78399998,0.6408943931594612,20.773189179826204,0.692418482080412,0.8,0.8011179914493264,7.441177590485982,cyclical,False,False,not_triggered,0.25,1.0511179914493263,watch
1368,Xtep International Holdings Limited,3.43,9711819320.0,6.988590057049715,0.7540533113492718,12.3640994800582,7.2998637428429,,,2719133236.62192,10.471950602549983,-4.978086279049862,-8.976261127596437,7.60719225449516,10454588.033333333,Consumer Non-Durables,Apparel/Footwear,HKEX:1368,HK,35859236.954333335,0.5652324351095255,10.789777411376752,0.6477047477996105,0.8,0.7065405438869068,12.733010367804287,stable_or_general,False,False,not_triggered,0.35,1.0565405438869067,watch
2259,Zijin Gold International Company Limited,162.9,428749556579.0,22.037933926783733,5.952922578021108,38.9176811113979,23.8305003135569,,,4004401675.6,106.34666584316497,222.5563956903622,216.24026696329253,1.87265917602996,9713291.566666666,Non-Energy Minerals,Precious Metals,HKEX:2259,HK,1582295196.21,0.5662704790581533,27.012162745375342,0.8158522564268488,0.8,0.7078380988226916,30.591540980934163,cyclical,False,False,not_triggered,0.35,1.0578380988226916,watch
991,"Datang International Power Generation Co., Ltd. Class H",2.605,96685371575.0,5.972031178358551,0.49844725547861457,12.1256682297527,2.16092400816039,,,203432032039.601,3.1974489756315685,59.244582503820645,59.255202628696615,6.51851851851852,25638634.8,Utilities,Electric Utilities,HKEX:991,HK,66788643.654,0.4925115107227661,8.34636056966494,0.7155251835229899,0.8,0.6156393884034576,31.167829998964436,stable_or_general,False,False,not_triggered,0.44999999999999996,1.0656393884034574,watch
1171,Yankuang Energy Group Company Limited Class H,13.3,205069696653.0,10.196258816314014,1.5171823755881935,17.2183842656113,2.77810757716118,-2165395670.0,,202616672186.256,32.88814842523928,6.7976569414927,6.5251122907309185,4.2827899924185,29041285.333333366,Energy Minerals,Coal,HKEX:1171,HK,386249094.93333375,0.5921727996672759,14.879794667046914,0.685241903162471,0.8,0.7402159995840948,13.581934068198464,cyclical,False,False,not_triggered,0.35,1.0902159995840948,watch
340,Tongguan Gold Group Ltd.,3.55,18597921631.0,17.47047244094488,3.865502297523901,25.4954589441576,15.090645558923402,,,748286000.046906,64.96150776724275,118.8037408151505,83.22813345356175,0.914285714285714,20782970.733333334,Non-Energy Minerals,Precious Metals,HKEX:340,HK,73779546.10333334,0.6852385940261067,22.125917376249483,0.7895931338737678,0.8,0.8565482425326333,13.21624205819707,cyclical,False,False,not_triggered,0.25,1.1065482425326332,watch
2768,"Qingdao Gon Technology Co., Ltd. Class H",37.86,25758542082.0,12.811749179384792,2.0082973553174526,18.475489493048,5.44831062407165,-1320295670.0,,14013067516.3085,21.24961692524004,59.71930544609355,,1.01581109366824,1241047.1999999997,Process Industries,Chemicals: Specialty,HKEX:2768,HK,46986046.99199999,0.6934457235466279,15.675434534333345,0.8173138136186066,0.8,0.8668071544332848,15.155511629438923,cyclical,False,False,not_triggered,0.25,1.116807154433285,watch
2722,Chongqing Machinery & Electric Co. Ltd. Class H,1.81,6706044889.0,6.418439716312058,0.6130813264234665,10.3660009775651,4.53622194967294,,,4388600903.6608,19.904922593474357,67.16344859066706,67.16064018968582,4.07730769230769,8350384.9,Producer Manufacturing,Industrial Machinery,HKEX:2722,HK,15114196.669000002,0.6191818552017639,9.551874809470581,0.6719560132790103,0.8,0.7739773190022049,7.853811415381062,cyclical,False,False,not_triggered,0.35,1.1239773190022049,watch
2057,"ZTO Express (Cayman), Inc. Class A",164.9,120514637640.0,11.542849942950742,1.7043987544762431,16.0392099056169,10.5973945602568,,,25471976714.4383,21.236339993748004,22.67170469572305,25.451368154835073,3.12654613003096,1486995.6666666667,Transportation,Air Freight/Couriers,HKEX:2057,HK,245205585.43333337,0.7196644978695901,14.765840003985543,0.781726602742217,0.8,0.8995806223369875,7.93910615999498,stable_or_general,False,False,not_triggered,0.25,1.1495806223369875,watch
3877,CSSC (Hong Kong) Shipping Company Limited,2.33,14239660793.0,7.9603689784762555,0.9196872273995745,12.9678216631721,4.60318866460148,,,25315019000.0626,-3.094555518842246,4.14946415234328,-3.748766853008868,4.35729847494553,8836638.0,Transportation,Marine Shipping,HKEX:3877,HK,20589366.54,0.6138555252562784,11.553324096989506,0.6890111375435681,0.8,0.7673194065703479,10.907749990113535,cyclical,False,False,not_triggered,0.43000000000000005,1.1973194065703479,watch
576,Zhejiang Expressway Co. Ltd. Class H,6.15,36772118929.0,6.345439537763104,0.6247828498631574,10.6114435683766,1.7202080651227203,,,137433054236.67702,21.405742195705873,-3.333662402974825,-3.40841140123581,7.35024630541872,8107673.99999999,Transportation,Other Transportation,HKEX:576,HK,49862195.09999994,0.5979808022231103,9.84617135101418,0.6444575573133317,0.8,0.7474760027788879,7.211763530864235,stable_or_general,False,False,not_triggered,0.44999999999999996,1.1974760027788878,watch
902,"Huaneng Power International, Inc. Class H",5.62,114917779350.0,8.399342400239126,1.083469570313705,13.4501949475253,1.51212808763724,,,463297428238.253,-3.2281598658516595,7.253434924908728,7.26194293042642,7.9920913884007,26386940.066666666,Utilities,Electric Utilities,HKEX:902,HK,148294603.17466667,0.6244773724848144,12.899457108485766,0.6511392169143081,0.8,0.780596715606018,4.094645774192784,stable_or_general,False,False,not_triggered,0.43000000000000005,1.210596715606018,watch
LTM,LATAM Airlines Group S.A.,52.311,14868749572.75844,9.824584468025167,7.535914117287756,107.343428507644,8.63060361420044,1751077010.0,,8990748134.9226,20.164491856077642,33.21194153869491,37.102173241322475,1.85252078097816,788478.5666666667,Transportation,Airlines,NYSE:LTM,US,41246102.3009,0.09152478735412807,76.70466004759736,0.12808328023263177,1.0,0.09152478735412807,28.542751881513485,cyclical,True,True,review_possible_equity_or_leverage_distortion,0.0,0.09152478735412807,priority
AUPH,Aurinia Pharmaceuticals Inc,16.08,2139463053.602977,7.02950819672131,3.4758023202277424,66.1177795439022,48.518408679737,174155200.0,,64135999.99999999,19.75925662534958,418.03219209859617,434.9625818521984,0.0,1094870.0333333334,Health Technology,Biotechnology,NASDAQ:AUPH,US,17605510.136,0.10631797143238479,49.44588188756817,0.1421656956732061,1.0,0.10631797143238479,25.21545304658015,health_special,True,True,review_high_roa_supports_follow_up,0.0,0.10631797143238479,priority
ECO,Okeanis Eco Tankers Corp.,71.085,2726021687.7845745,6.6286518897043045,3.1629081223800943,61.5919910455297,29.4350134271386,44692060.0,,722493783.004812,105.24219735077509,498.5632077171379,413.8920835729346,13.7291546866015,527842.9333333333,Transportation,Marine Shipping,NYSE:ECO,US,37521714.916,0.10762197774714423,47.71570713032553,0.13891970356007766,1.0,0.10762197774714423,22.52936409369627,cyclical,True,True,review_high_roa_supports_follow_up,0.0,0.10762197774714423,priority
SLDE,"Slide Insurance Holdings, Inc.",24.6199,2875892856.666288,5.9969552296974715,2.3813457269566145,53.8821006380406,20.8616096548209,1034559000.0,,38650000.0,41.43171092857332,117.73629258163724,-59.701990655306446,0.283057015770319,983282.2333333333,Technology Services,Packaged Software,NASDAQ:SLDE,US,24208310.256443333,0.11129772519417402,39.70924637162493,0.15102163293591794,1.0,0.11129772519417402,26.30345531927847,technology_strict,True,True,review_high_roa_supports_follow_up,0.0,0.11129772519417402,priority
CSTM,Constellium SE,27.0,3659248929.8338366,6.946052326927529,2.936796868286836,53.8005923000067,9.52963804859117,221702000.0,,1923000000.01281,25.941747231308838,1903.890854823565,1921.372854914197,0.0,1500365.8666666667,Non-Energy Minerals,Aluminum,NYSE:CSTM,US,40509878.4,0.1291073579300848,42.28008558043615,0.16428661937575662,1.0,0.1291073579300848,21.41334551733015,cyclical,True,True,review_possible_equity_or_leverage_distortion,0.0,0.1291073579300848,priority
FRO,Frontline Plc,46.87,10434334634.706518,7.0191990894659595,3.3070808361474446,53.8422866862181,24.9372644218018,688973000.0,,2434842000.0,48.84009857969576,524.545416351567,524.5230078563412,6.89123734037869,2105904.7333333334,Transportation,Marine Shipping,NYSE:FRO,US,98703754.85133334,0.13036591722733518,47.11478893810742,0.14898080300618063,1.0,0.13036591722733518,12.494821751009887,cyclical,True,True,review_high_roa_supports_follow_up,0.0,0.13036591722733518,priority
CQP,"Cheniere Energy Partners, LP",68.5,33157954824.119278,12.32945750386983,8.979955690145646,91.32280523009,15.5393105839522,2786000000.0,,14444000000.0,15.433276433376845,34.315684315684315,34.31486316603809,4.78000292354919,119078.1,Utilities,Gas Distributors,NYSE:CQP,US,8156849.850000001,0.13500962298305957,72.83333988804551,0.16928315415470224,1.0,0.13500962298305957,20.246273967887685,cyclical,True,True,review_high_roa_supports_follow_up,0.0,0.13500962298305957,priority
CENX,Century Aluminum Company,47.155,4668028601.959588,8.159292647898534,3.3269388564304707,56.73325499412451,25.0202110238179,151200000.0,,480000000.0,9.666543316475472,413.18027210884355,419.861473419088,0.0,1956516.3333333333,Non-Energy Minerals,Aluminum,NASDAQ:CENX,US,92259527.69833334,0.14381851788238728,40.77484409493928,0.20010604158045606,1.0,0.14381851788238728,28.128847711695602,cyclical,True,True,review_high_roa_supports_follow_up,0.0,0.14381851788238728,priority
TDC,Teradata Corporation,28.26,2628180083.4352207,5.95110240697454,4.451066617945391,119.11573472041601,26.980854197349004,736000000.0,,99000000.0,0.9552238805970149,316.3636363636364,319.4594117127462,0.0,2723998.8666666667,Technology Services,Packaged Software,NYSE:TDC,US,76980207.972,0.0499606741371553,74.7939846023966,0.07956659133231753,1.0,0.0499606741371553,37.208980175498866,technology_strict,True,True,review_high_roa_supports_follow_up,0.1,0.1499606741371553,priority
HMY,Harmony Gold Mining Company Limited,20.435,12819339481.487999,7.301865218323447,2.787485438508903,48.1166999268439,29.137685369431704,960832870.0,,578157413.0567421,49.715777730405755,121.37391819315222,121.88218504717354,1.57001926782274,3460910.5,Non-Energy Minerals,Precious Metals,NYSE:HMY,US,70723706.0675,0.15175324220956804,38.174977970203166,0.19127359350469814,1.0,0.15175324220956804,20.661687047856603,cyclical,True,True,review_high_roa_supports_follow_up,0.0,0.15175324220956804,priority
PBR,Petroleo Brasileiro S.A. Petrobras,20.1815,125885671307.849,5.104330011634377,1.399664743484379,30.685982529677503,11.0211924445216,18257156170.0,,70814633062.5296,20.81710009340769,86.33582928701784,86.33300344031292,5.77671379814724,18271849.6,Energy Minerals,Integrated Oil,NYSE:PBR,US,368753332.7024,0.1663407716112006,27.421125599130576,0.18614589664387143,1.0,0.1663407716112006,10.639571105110846,cyclical,True,False,not_triggered,0.0,0.1663407716112006,priority
GFI,Gold Fields Limited,48.115,42302837911.422,9.86266270369991,4.776426698751071,58.7626432300832,33.4429129188422,4500115750.0,,2634378549.55,71.19494284436489,133.70808449051265,133.92471829297529,2.4921407807309,3796650.1,Non-Energy Minerals,Precious Metals,NYSE:GFI,US,182675819.5615,0.1678389902422016,48.42938304033482,0.2036503891756314,1.0,0.1678389902422016,17.584743676843885,cyclical,True,True,review_high_roa_supports_follow_up,0.0,0.1678389902422016,priority
INSW,"International Seaways, Inc.",103.6845,5135629111.289349,6.621188415977522,2.2665547720405668,37.4116050605098,28.1160566183888,269317000.0,,652766000.0,57.663130697337884,226.3704224998115,225.71030408918836,8.14749608763694,507545.36666666664,Transportation,Marine Shipping,NYSE:INSW,US,52624587.570149995,0.17698220659788225,34.231842225953976,0.19342191320797378,1.0,0.17698220659788225,8.499402336288032,cyclical,True,False,not_triggered,0.0,0.17698220659788225,priority
UAN,"CVR Partners, LP",131.0,1384622303.6879325,8.642130054161745,3.990634498700149,48.2957251457405,15.591870814300398,144595000.0,,579625000.0,17.472400261722402,82.15853020759909,82.15826473592502,11.0029655539503,49578.2,Process Industries,Chemicals: Agricultural,NYSE:UAN,US,6494744.199999999,0.1789419255655166,46.17651520736372,0.1871542279739549,1.0,0.1789419255655166,4.387986580554914,cyclical,True,True,review_high_roa_supports_follow_up,0.0,0.1789419255655166,priority
DHT,"DHT Holdings, Inc.",20.9,3369823720.133729,7.1100527300561325,2.534488445643105,39.1763532556201,29.257388411867403,36254000.0,,434804000.0,39.41599357538878,148.85901598008007,148.6465911013365,12.1347201584943,3101745.6,Transportation,Marine Shipping,NYSE:DHT,US,64826483.04,0.1814883760023312,35.64654921515745,0.19945977623642827,1.0,0.1814883760023312,9.01003729834471,cyclical,True,False,not_triggered,0.0,0.1814883760023312,priority
MUSA,Murphy USA Inc.,524.74,9644903691.57155,15.976689877329568,12.322604537481979,86.3941769316909,12.7163342673479,541500000.0,,2762400000.0,10.265769303825085,25.83078491335372,35.93962120459587,0.488225157955198,285068.93333333335,Retail Trade,Specialty Stores,NYSE:MUSA,US,149587072.07733333,0.18492785561186403,77.12864574637189,0.20714339948178212,1.0,0.18492785561186403,10.724717237187132,stable_or_general,True,True,review_high_roa_supports_follow_up,0.0,0.18492785561186403,priority
ARCO,Arcos Dorados Holdings Inc.,8.23,1714753326.2278788,6.753097562976944,2.086158603819977,36.3838238691034,7.068094536745139,95342940.0,,2199575000.00002,10.767117810403992,97.29127444576788,97.29642221142947,3.15151515151515,1058360.9,Consumer Services,Restaurants,NYSE:ARCO,US,8710310.207,0.18560714198904127,30.891877162520114,0.2186043123067383,1.0,0.18560714198904127,15.094473649447727,stable_or_general,True,False,not_triggered,0.0,0.18560714198904127,priority
BYD,Boyd Gaming Corporation,77.95,5663489335.8593645,3.430973392900372,2.2792297694600756,93.3309604757425,27.440204853376,35064000.0,,3258284000.0,1.7489530067105015,221.90196470927935,249.9830550249553,0.976989330248104,819220.5666666667,Consumer Services,Casinos/Gaming,NYSE:BYD,US,63858243.17166667,0.036761363811230796,66.43099518569363,0.05164717739527792,1.0,0.036761363811230796,28.822124140724338,stable_or_general,True,True,review_high_roa_supports_follow_up,0.15,0.1867613638112308,priority
NVO,Novo Nordisk A/S,46.22,207459900981.2032,11.295762256219756,6.037189715617277,60.353782852541705,21.8065432918519,11795532910.0,,21432701131.844597,13.207519141209511,12.445792562057399,12.752824469550845,2.59024205430436,12688270.2,Health Technology,Pharmaceuticals: Major,NYSE:NVO,US,586451848.6439999,0.1871591426807152,53.44650125132578,0.21134708524890686,1.0,0.1871591426807152,11.44465396326858,health_special,True,True,review_high_roa_supports_follow_up,0.0,0.1871591426807152,priority
THC,Tenet Healthcare Corporation,263.01,21177300666.779915,10.142647245971053,4.545759365290938,53.3127155941477,7.54863157894737,3023000000.0,,13248000000.0,5.433101314771848,51.01078167115903,66.00366178428763,0.0,891187.2666666667,Health Services,Hospital/Nursing Management,NYSE:THC,US,234391163.006,0.19024818250084494,44.818273326982194,0.22630606877630022,1.0,0.19024818250084494,15.933238763958158,stable_or_general,True,True,review_possible_equity_or_leverage_distortion,0.0,0.19024818250084494,priority
ZTS,Zoetis Inc.,75.1,31033092904.374096,12.354412055010856,9.880226916316714,64.3938461538462,17.7019894437678,2366000000.0,,9238000000.0,1.4064997336174747,0.1531393568147014,4.590502408809359,2.73954646742692,5835868.4,Health Technology,Pharmaceuticals: Major,NYSE:ZTS,US,438273716.84,0.19185702971514362,79.9732668161199,0.1544817730582018,1.0,0.19185702971514362,24.193958883978194,health_special,True,True,review_high_roa_supports_follow_up,0.0,0.19185702971514362,priority
NONOF,Novo-Nordisk A/S,46.5,206127563337.40338,11.650487421818088,6.095758060441726,59.8151244532456,21.6216968992493,11361267600.0,,21355354800.0,2.167404721988133,1.4239720070168933,1.705321954758219,3.87995357320511,113544.93333333333,Health Technology,Pharmaceuticals: Major,OTC:NONOF,US,5279839.4,0.19477494242989787,52.32191443789798,0.22266936420390937,1.0,0.19477494242989787,12.527283164318547,health_special,True,True,review_high_roa_supports_follow_up,0.0,0.19477494242989787,priority
GAP,"Gap, Inc. (The)",22.11,7766582049.682796,6.60552103250478,1.964214167749753,33.7757313109426,9.97520198384129,957000000.0,,5720000000.0,1.054991428194646,40.26996625421822,43.84185646755479,3.04659498207885,7166184.333333333,Retail Trade,Apparel/Footwear Retail,NYSE:GAP,US,158444335.60999998,0.1955700373055945,29.73594600765253,0.2221392596961554,1.0,0.1955700373055945,11.960615348634263,stable_or_general,True,False,not_triggered,0.0,0.1955700373055945,priority
TNK,Teekay Tankers Ltd.,93.22,3232880133.0580416,5.493838438010148,1.3607056752169837,28.035629634786304,25.454386756584803,366917000.0,,27801000.0,19.33065185574672,111.74610668784113,110.68178149716286,1.08896874659697,445062.3,Transportation,Marine Shipping,NYSE:TNK,US,41488707.606,0.19595916016786916,24.767850212024566,0.22181329388623885,1.0,0.19595916016786916,11.655808930744016,cyclical,True,False,not_triggered,0.0,0.19595916016786916,priority
STNG,Scorpio Tankers Inc.,81.24,4068609086.4551244,5.1147095116976,1.1553939432554232,24.6193235920985,18.9542154363658,657566000.0,,728875000.0,32.68443204491772,127.4112495264413,116.30646457218342,2.20946198976407,748192.7,Transportation,Marine Shipping,NYSE:STNG,US,60783174.94799999,0.20775182927199312,22.58962978470192,0.22641847433734255,1.0,0.20775182927199312,8.244311830110584,cyclical,True,False,not_triggered,0.0,0.20775182927199312,priority
HESM,Hess Midstream LP,39.37,8117241755.584692,13.577734859980687,9.819620284736564,65.2400835073069,8.64085164233787,837800000.0,,3680000000.0,2.7760091684706483,28.910278446201442,7.6317743132887905,7.74629861982434,1301028.8,Energy Minerals,Integrated Oil,NYSE:HESM,US,51221503.856,0.20811951993378391,72.32149092614209,0.18774135718312102,1.0,0.20811951993378391,10.854381291590553,cyclical,True,True,review_possible_equity_or_leverage_distortion,0.0,0.20811951993378391,priority
FTDR,"Frontdoor, Inc.",81.96,5646495669.664127,21.68885125301013,19.9949744207776,101.85873605948,12.5745754933456,386000000.0,,1179000000.0,9.26208651399491,6.614785992217899,11.557536753852519,0.0,490028.93333333335,Consumer Durables,Homebuilding,NASDAQ:FTDR,US,40162771.375999995,0.2129306929583832,92.19010351229439,0.23526225079156926,1.0,0.2129306929583832,9.492197646689482,cyclical,True,True,review_high_roa_supports_follow_up,0.0,0.2129306929583832,priority
OGC,OceanaGold Corporation,30.19,6715690538.037344,8.176856273671985,2.651322413226881,37.6100485264861,26.9038269395039,705945475.8399999,,50039880.0,49.39741703752898,118.47789178000197,128.69531122729933,0.976230205625148,517906.3000000002,Non-Energy Minerals,Precious Metals,NYSE:OGC,US,15635591.197000008,0.21741147895391846,32.424715862545675,0.2521797356169652,1.0,0.21741147895391846,13.787093787684878,cyclical,True,False,not_triggered,0.0,0.21741147895391846,priority
LMT,Lockheed Martin Corporation,528.235,121911757907.46935,19.46807256001828,13.856529109112017,89.1646574953907,10.3643257500824,8729000000.0,,20538000000.0,7.196147207839207,49.54804947668887,52.76697088614012,2.56121587390937,1028835.2,Electronic Technology,Aerospace & Defense,NYSE:LMT,US,543466761.872,0.2183384438057721,71.17565987281797,0.2735214902791951,1.0,0.2183384438057721,20.175031372158468,technology_strict,True,True,review_high_roa_supports_follow_up,0.0,0.2183384438057721,priority
BLBD,Blue Bird Corporation,63.8,2020931266.41219,7.754199178395196,3.0859002412612915,64.2857224327879,32.3552070357124,153143000.0,,115751000.0,13.462721313828958,143.17777816129643,134.87197054037853,0.0,591970.4666666667,Consumer Durables,Motor Vehicles,NASDAQ:BLBD,US,37767715.77333333,0.12062086082181586,39.796504710109176,0.1948462367456472,1.0,0.12062086082181586,38.094333851941585,cyclical,True,True,review_high_roa_supports_follow_up,0.1,0.22062086082181587,priority
TRMD,TORM plc,35.035,3569146760.198893,5.904689351082611,1.4118251636827257,26.663962855241703,17.2098323301499,186996282.852,,1072316209.4432873,20.287134246724882,71.82541149575744,64.44948987550526,7.04691056910569,601278.5666666667,Transportation,Marine Shipping,NASDAQ:TRMD,US,21065794.583166663,0.2214483039576334,23.910236080817203,0.24695236513452282,1.0,0.2214483039576334,10.327522541845891,cyclical,True,False,not_triggered,0.0,0.2214483039576334,priority
CGAU,Centerra Gold Inc.,22.76,4452027796.461926,7.456763874560719,2.0621778291108246,32.593378769211,23.3006990594128,131458356.47999999,,45707085.599999994,36.2340457551393,707.0369164524052,776.8864473652648,0.881057268722467,1667329.4,Non-Energy Minerals,Precious Metals,NYSE:CGAU,US,37948417.144,0.22878155490908095,27.65513115074075,0.2696340087456424,1.0,0.22878155490908095,15.151076092593119,cyclical,True,False,not_triggered,0.0,0.22878155490908095,priority
HON,Honeywell International Inc.,207.53,65774560253.010735,7.673762484238706,3.5482850069784253,49.8960498960499,11.0937770844167,4148000000.0,,34955000000.0,-2.4080418094071168,50.83085534371173,53.73390557939914,3.77594759909454,2940650.3666666625,Producer Manufacturing,Industrial Machinery,NASDAQ:HON,US,610273170.5943325,0.15379498978828404,46.239182073543695,0.1659580066107904,1.0,0.15379498978828404,7.328972594272853,cyclical,True,True,review_high_roa_supports_follow_up,0.08,0.23379498978828406,priority
PARR,"Par Pacific Holdings, Inc. Common Stock",79.28,3971898705.6628447,4.626625271364878,1.970527588380449,54.73979001269941,20.3310818954595,438306000.0,,1304278000.0,13.187341522133453,,,0.0,993026.2333333337,Energy Minerals,Oil Refining/Marketing,NYSE:PARR,US,78727119.7786667,0.08452033283816981,42.591034994263396,0.10862908759996183,1.0,0.08452033283816981,22.19364563805881,cyclical,True,True,review_high_roa_supports_follow_up,0.15,0.2345203328381698,priority
INVA,"Innoviva, Inc.",21.23,1533771639.8379388,5.171867767789715,1.2504100791415933,36.6756447235564,23.5310158847992,189442000.0,,269657000.0,18.167638381476397,824.3085202721934,1137.1609403254974,0.0,630993.6666666666,Health Technology,Pharmaceuticals: Major,NASDAQ:INVA,US,13395995.543333333,0.14101641039367677,24.177147121376947,0.21391555181532784,1.0,0.14101641039367677,34.07846732180768,health_special,True,False,not_triggered,0.1,0.24101641039367677,priority
ADBE,Adobe Inc.,265.38,105488550000.0,15.178535681398316,9.193142244286502,62.9539318993294,24.9104066161268,10280000000.0,,7065000000.0,11.490642006990841,5.2409375454942495,11.805369041681042,0.0,4639307.5,Technology Services,Packaged Software,NASDAQ:ADBE,US,1231179424.35,0.241105443670628,60.56672683882763,0.25060848544431796,1.0,0.241105443670628,3.7919872333299076,technology_strict,True,True,review_high_roa_supports_follow_up,0.0,0.241105443670628,priority
RBGLY,Reckitt Benckiser Group Plc.,13.86,43601795350.505005,11.708058793715155,5.848027240161517,47.8840051521705,11.7078826556508,2102008750.0,,13488841750.0,1.1450505682038803,139.63067590725547,142.13540601349968,3.80260070394511,466942.69999999995,Consumer Non-Durables,Household/Personal Care,OTC:RBGLY,US,6471825.821999999,0.2445087614644626,49.94873482614144,0.2344015085560798,1.0,0.2445087614644626,4.311940213458421,stable_or_general,True,True,review_high_roa_supports_follow_up,0.0,0.2445087614644626,priority
NEXA,Nexa Resources S.A.,13.7,1814409060.368231,6.5359477124183005,1.507334779054428,26.5196584413885,5.4139532380224,173248390.0,,1855220000.0,23.370012900287275,,,0.954050541516246,726591.3666666667,Non-Energy Minerals,Other Metals/Minerals,NYSE:NEXA,US,9954301.723333333,0.24645670783669774,23.062222119532752,0.28340494157684065,1.0,0.24645670783669774,13.037258113625727,cyclical,True,False,not_triggered,0.0,0.24645670783669774,priority
SNDK,Sandisk Corporation,1656.93,242606042664.36407,22.73108281076157,15.373143384880539,91.6399487015069,64.4257860926406,11494000000.0,,201000000.0,175.29571719918422,,,0.0,14963143.966666667,Electronic Technology,Computer Peripherals,NASDAQ:SNDK,US,24792882132.689003,0.2480477470017155,67.63049306917502,0.3361070100067341,1.0,0.2480477470017155,26.199769830225883,technology_strict,True,True,review_high_roa_supports_follow_up,0.0,0.2480477470017155,priority
DRD,DRDGOLD Limited,28.71,2500217363.682,9.880239520958083,3.201882541877635,39.5687673664087,28.8337809763554,130619409.99999999,,695546.0646735821,52.86594362757796,105.12246738669795,104.28852643419573,1.41994596420128,305396.3333333333,Non-Energy Minerals,Precious Metals,NYSE:DRD,US,8767928.73,0.24969793548195696,32.4069323935494,0.30488043116739877,1.0,0.24969793548195696,18.09971714948905,cyclical,True,False,not_triggered,0.0,0.24969793548195696,priority
CF,"CF Industries Holdings, Inc.",132.67,20078027959.506565,9.84030914606558,3.4989905490068347,39.1933526281393,14.551630905750597,1910000000.0,,3613000000.0,20.04032883511711,61.21351766513057,76.22078736864118,1.52383716711414,2428125.0666666827,Process Industries,Chemicals: Agricultural,NYSE:CF,US,322139352.59466875,0.2510708700893483,35.55772991548569,0.27674177090197327,1.0,0.2510708700893483,9.276120742075488,cyclical,True,False,not_triggered,0.0,0.2510708700893483,priority
RCI,"Rogers Communication, Inc.",37.57,20309004525.194508,4.689620752104824,1.7410416165686617,44.4148457467871,7.3664978983569,1931776000.0,,32171392000.0,4.210328521979984,288.7464312871445,285.15341998222095,3.813882532418,1124621.1,Communications,Wireless Telecommunications,NYSE:RCI,US,42252014.727000006,0.10558678462694118,37.1254246046919,0.126318306175336,1.0,0.10558678462694118,16.412127565753167,stable_or_general,True,True,review_possible_equity_or_leverage_distortion,0.15,0.2555867846269412,priority
LPG,Dorian LPG Ltd.,54.645,2337859563.288968,7.2509056168146175,1.890678018000625,28.342022711409996,17.6322406431966,146279050.0,,646238026.0,81.05922022373736,557.3522487472081,555.6725247955454,0.0,557265.6333333333,Transportation,Marine Shipping,NYSE:LPG,US,30451780.5335,0.2558358551415433,26.075060384404996,0.2780781908045455,1.0,0.2558358551415433,7.99859046790038,cyclical,True,False,not_triggered,0.0,0.2558358551415433,priority
OMAB,Grupo Aeroportuario del Centro Norte S.A.B. de C.V.,99.8,4795962521.73541,15.963913238211019,9.240963208373534,61.9717541048613,17.5688845729293,338139320.0,,816786494.026755,13.972101284123989,14.664879841322534,14.664074393353022,4.7902751738736,67104.46666666666,Transportation,Other Transportation,NASDAQ:OMAB,US,6697025.7733333325,0.2575998286444945,57.886578750969925,0.27577918029822296,1.0,0.2575998286444945,6.591995680772433,stable_or_general,True,True,review_high_roa_supports_follow_up,0.0,0.2575998286444945,priority
GPOR,Gulfport Energy Corporation,180.98,3200425825.104366,7.238360350199376,1.752826139172342,27.4111285765093,16.2053453967893,250001000.0,,922410000.0,26.64766808896456,,,0.0,286823.86666666664,Energy Minerals,Oil & Gas Production,NYSE:GPOR,US,51909383.38933332,0.2640664841652118,24.215789963041306,0.2989107669519238,1.0,0.2640664841652118,11.657085203731155,cyclical,True,False,not_triggered,0.0,0.2640664841652118,priority
BVN,Buenaventura Mining Company Inc.,34.095,8940582115.95433,7.706478007323358,2.0025514249567418,28.7663340406401,19.4853579617962,654632010.0,,692358096.693488,67.74731707635866,122.35243967862081,122.35512891390661,1.20474547023296,1023550.1666666666,Non-Energy Minerals,Precious Metals,NYSE:BVN,US,34897942.9325,0.2678992045505662,25.985299939268565,0.29657067747282195,1.0,0.2678992045505662,9.667669496719967,cyclical,True,False,not_triggered,0.0,0.2678992045505662,priority
PBF,PBF Energy Inc.,72.65,8611702050.753355,6.423802997479995,1.343874190438349,23.5452773717547,9.769992526833,781800000.0,,2515000000.0,13.535456296056521,,,1.46024160361078,2992978.466666667,Energy Minerals,Oil Refining/Marketing,NYSE:PBF,US,217439885.60333335,0.2728276628920114,20.920227332088793,0.3070618160839367,1.0,0.2728276628920114,11.148945065369908,cyclical,True,False,not_triggered,0.0,0.2728276628920114,priority
MPC,Marathon Petroleum Corporation,379.85,106671274206.52228,13.077757311803895,5.6349298300293915,47.8754096523907,9.89154716020232,12899000000.0,,34292000000.0,15.187181048153745,300.6563525550867,330.27183171616923,1.03169895024632,2351083.3333333335,Energy Minerals,Oil Refining/Marketing,NYSE:MPC,US,893059004.1666667,0.27316230621852955,43.08789110915326,0.3035135156342278,1.0,0.27316230621852955,9.999953165932585,cyclical,True,True,review_possible_equity_or_leverage_distortion,0.0,0.27316230621852955,priority
HAFN,Hafnia Limited,9.1174,4492649489.90702,7.13279895061377,1.7223625314083206,25.8610077053471,16.7647363703509,520347642.87779987,,883908344.1641848,5.066237788199953,39.92808080646917,41.71142138193912,8.53954337349398,1211045.3333333333,Transportation,Marine Shipping,NYSE:HAFN,US,11041584.722133333,0.2758128775136234,24.14707807318911,0.2953897332420286,1.0,0.2758128775136234,6.627466538373172,cyclical,True,False,not_triggered,0.0,0.2758128775136234,priority
ZM,"Zoom Communications, Inc.",97.74,28518941035.008766,9.052598431031129,2.527699568398014,32.1430348882633,26.432371088622,1925657000.0,,60272000.0,5.036770916318318,173.97084445042967,184.39837741017806,0.0,3183214.2333333334,Technology Services,Packaged Software,NASDAQ:ZM,US,311127359.166,0.28163483823167523,27.922364917164437,0.32420600682954026,1.0,0.28163483823167523,13.130900631414866,technology_strict,True,False,not_triggered,0.0,0.28163483823167523,priority
DECK,Deckers Outdoor Corporation,84.925,11565243972.055622,12.051569506726457,5.0447328355824,42.5584290402442,26.3324914256712,1117808000.0,,472334000.0,7.484361821074422,2.543375613462683,8.21585429527934,0.0,2393457.7333333325,Consumer Non-Durables,Apparel/Footwear,NYSE:DECK,US,203264398.00333324,0.2831770292867301,41.85955059850699,0.28790489468743374,1.0,0.2831770292867301,1.642162216740528,stable_or_general,True,True,review_high_roa_supports_follow_up,0.0,0.2831770292867301,priority
FIS,"Fidelity National Information Services, Inc.",41.37,21334753816.857613,6.352301692104535,1.3310211251745416,22.3266900615772,8.70429406677939,2935000000.0,,21256000000.0,18.261122419307938,2007.5,2338.2628229127663,3.97350993377483,6148791.2,Technology Services,Packaged Software,NYSE:FIS,US,254375491.944,0.28451605117394624,20.953367608923667,0.30316375919445054,1.0,0.28451605117394624,6.151034698228419,technology_strict,True,False,not_triggered,0.0,0.28451605117394624,priority
ATAT,Atour Lifestyle Holdings Limited,34.57,4758875278.0,17.037110048790105,9.560631328006814,58.7806410562356,23.0047612613102,328523140.0,,190824564.506145,45.007151794079256,46.85705402287087,47.82893778231095,2.4263431542461,964966.7666666667,Consumer Services,Hotels/Resorts/Cruise lines,NASDAQ:ATAT,US,33358901.12366667,0.2898421953665094,56.11650861341806,0.3036024597709264,1.0,0.2898421953665094,4.532329683626212,cyclical,True,True,review_high_roa_supports_follow_up,0.0,0.2898421953665094,priority
CNX,CNX Resources Corporation,37.335,5523475643.417395,6.242893451943013,1.1487430747730667,21.2486692250072,10.4767807760939,525977999.99999994,,2380108000.0,16.211654840991923,509.7057576964077,911.5696887686065,0.0,1396851.0333333334,Energy Minerals,Oil & Gas Production,NYSE:CNX,US,52151433.329500005,0.29380162050787906,18.400811796900626,0.33927271909789036,1.0,0.29380162050787906,13.402521343571848,cyclical,True,False,not_triggered,0.0,0.29380162050787906,priority
SEZL,Sezzle Inc.,120.755,4066426345.581978,26.259078850084805,17.44931238828206,88.8405817041124,40.0041136609476,327622000.0,,122115000.0,43.059308548441535,54.35819506188599,57.78891023881416,0.0,694245.3000000003,Technology Services,Packaged Software,NASDAQ:SEZL,US,83833591.20150003,0.29557526916631255,66.4505883389954,0.3951669880803013,1.0,0.29557526916631255,25.202438948101324,technology_strict,True,True,review_high_roa_supports_follow_up,0.0,0.29557526916631255,priority
SBSW,D/B/A Sibanye-Stillwater Limited,12.975,9187171494.18,10.658835126920232,2.802630044194074,35.700790335717,11.083657625893,845247490.0,,2278279438.6821303,59.20351083136212,,,1.89598323170732,5205449.066666666,Non-Energy Minerals,Precious Metals,NYSE:SBSW,US,67540701.64,0.2985602006759093,26.29396187127126,0.4053719701543364,1.0,0.2985602006759093,26.34907624169497,cyclical,True,False,not_triggered,0.0,0.2985602006759093,priority
PBR.A,Petroleo Brasileiro S.A. Petrobras,18.28,125885671307.849,4.62340027315494,1.267789275113047,30.685982529677503,11.0211924445216,18257156170.0,,70814633062.5296,20.81710009340769,86.33582928701784,86.33300344031292,6.3767707212056,7366994.966666667,Energy Minerals,Integrated Oil,NYSE:PBR.A,US,134668667.9906667,0.1506681517752767,27.421144616750357,0.16860712190441204,1.0,0.1506681517752767,10.639509130169145,cyclical,True,False,not_triggered,0.15,0.3006681517752767,priority
TGTX,"TG Therapeutics, Inc.",56.465,8643043544.329042,20.566381351302134,14.308520747545138,100.279949802104,37.6980687734231,17385000.0,,754441000.0,76.08287745447818,630.2545610930083,633.6985569214324,0.0,2174720.933333333,Health Technology,Pharmaceuticals: Major,NASDAQ:TGTX,US,122795617.50066666,0.20508966540059662,69.57237884067152,0.2956112999729596,1.0,0.20508966540059662,30.621845166488303,health_special,True,True,review_high_roa_supports_follow_up,0.1,0.3050896654005966,priority
HD,"Home Depot, Inc. (The)",318.955,318218105251.39545,22.319529194424227,19.156111301297873,104.29587273660302,13.586206567255402,15099000000.0,,62567000000.0,2.497364498891272,-2.7479663681728073,-2.9250730249303722,2.91130883138932,3685312.533333333,Retail Trade,Home Improvement Chains,NYSE:HD,US,1175448859.0693333,0.2140020367900053,85.8266818015291,0.2600535023133864,1.0,0.2140020367900053,17.708458111010263,stable_or_general,True,True,review_high_roa_supports_follow_up,0.1,0.31400203679000527,priority
AU,AngloGold Ashanti PLC,109.66,55379118998.268105,14.675927784692389,6.18277584421164,46.50338972710691,25.6510460533591,4232934140.0000005,,1791000000.0054898,138.98544866609828,10475.000000378452,9056.985294117647,4.04764036894421,2882198.266666665,Non-Energy Minerals,Precious Metals,NYSE:AU,US,316061861.9226665,0.31558834465216984,42.12868811374594,0.34835947763357633,1.0,0.31558834465216984,9.407274693377786,cyclical,True,True,review_high_roa_supports_follow_up,0.0,0.31558834465216984,priority
BMY,Bristol-Myers Squibb Company,67.41,137699383753.97076,14.849980173591224,6.170466341163353,46.6960130801157,10.1826559157479,11440000000.0,,45053000000.0,3.1255240650679186,83.83838383838383,83.16587983698503,3.68629754736378,10461191.233333332,Health Technology,Pharmaceuticals: Major,NYSE:BMY,US,705188901.0389999,0.3180138772899802,41.55201736994055,0.35738289290218567,1.0,0.3180138772899802,11.01592056981323,health_special,True,True,review_high_roa_supports_follow_up,0.0,0.3180138772899802,priority
CROX,"Crocs, Inc.",116.68,5594231569.504698,10.080519749801294,4.0531621473283455,42.29964170786991,13.4764265750107,704620000.0,,1689202000.0,-2.0251147769614413,150.88635316301037,210.80798045165275,0.0,1007095.4,Consumer Non-Durables,Apparel/Footwear,NASDAQ:CROX,US,117507891.27200001,0.2383121781366247,40.20786872034293,0.2507101239290785,1.0,0.2383121781366247,4.945131691594929,stable_or_general,True,True,review_high_roa_supports_follow_up,0.08,0.3183121781366247,priority
AMSC,American Superconductor Corporation,29.4,1424199112.2026887,9.711945031712473,2.4880526925553905,30.162656389756904,22.4803158354752,20524000.0,,3897000.0,25.8871578385716,793.756953078987,666.573816155989,0.0,709039.4,Producer Manufacturing,Electrical Products,NASDAQ:AMSC,US,20845758.36,0.321985733160114,25.618479969060132,0.379099191030918,1.0,0.321985733160114,15.065571022583912,cyclical,True,False,not_triggered,0.0,0.321985733160114,priority
VIST,Vista Energy S.A.B. de C.V.,73.53,8257229603.30675,9.82706083609537,2.4567668507209257,30.417790226361003,10.8016527094043,87352330.0,,3754654275.64841,78.68477924326452,44.29131562741228,35.08575555154361,0.0,972909.7666666667,Energy Minerals,Oil & Gas Production,NYSE:VIST,US,71538055.143,0.3230695182971883,25.000016705880938,0.39308217077245705,1.0,0.3230695182971883,17.811200222509438,cyclical,True,False,not_triggered,0.0,0.3230695182971883,priority
UHS,"Universal Health Services, Inc.",168.51,9929293550.170969,6.862162206186574,1.3217514512714847,20.985171749453,9.870469200880972,845400000.0,,5262175000.0,10.049655883844052,21.01634484765771,29.3490513363463,0.472785296377283,782180.0666666667,Health Services,Hospital/Nursing Management,NYSE:UHS,US,131805163.034,0.3270005262818706,19.261442844936855,0.3562641833963332,1.0,0.3270005262818706,8.214032866140709,stable_or_general,True,False,not_triggered,0.0,0.3270005262818706,priority
KGC,Kinross Gold Corporation,30.92,36678562115.834595,12.049838005282602,3.80415183063857,36.6169104857345,25.1603971898318,3013485460.48,,737913439.9999999,32.35541418061139,97.47552262502364,101.79910384546176,0.491343900758098,8362898.9,Non-Energy Minerals,Precious Metals,NYSE:KGC,US,258580833.98800004,0.3290785007647511,31.57014915031094,0.381684544723284,1.0,0.3290785007647511,13.782597353181158,cyclical,True,False,not_triggered,0.0,0.3290785007647511,priority
ATMU,Atmus Filtration Technologies Inc.,48.02,3918216745.959457,18.36539564768425,8.61509094105785,55.7904292569057,13.4257092032581,190400000.0,,1056400000.0000001,13.050464175196383,14.111405835543767,15.536211391454197,0.470219435736677,649249.1,Producer Manufacturing,Auto Parts: OEM,NYSE:ATMU,US,31176941.782,0.3291854157119788,46.909367520999496,0.39150806370311375,1.0,0.3291854157119788,15.918611586604548,cyclical,True,True,review_high_roa_supports_follow_up,0.0,0.3291854157119788,priority
KXHCF,KIOXIA HLDGS CORP,315.0,172762388305.66666,20.50844425648347,11.676318986165887,87.1149456088947,36.1563690938906,7022434705.0,,5151822819.0,105.68419298750338,453.0877349097166,440.5555125904505,0.0,16370.633333333333,Electronic Technology,Computer Peripherals,OTC:KXHCF,US,5156749.5,0.23541820652172338,56.93420154224801,0.3602130828385322,1.0,0.23541820652172338,34.64473731309447,technology_strict,True,True,review_high_roa_supports_follow_up,0.1,0.3354182065217234,priority
MKC,"McCormick & Company, Incorporated",51.925,13961725150.620481,8.641923941083466,1.9955565479427417,25.6950067476383,10.9102553299065,1019900000.0,,4933500000.0,9.536097763540369,108.66425992779783,108.65020661874499,3.59452263217954,2609712.8666666667,Consumer Non-Durables,Food: Specialty/Candy,NYSE:MKC,US,135509340.60166666,0.3363269769087634,23.091577310185773,0.3742457184711883,1.0,0.3363269769087634,10.132044186724375,stable_or_general,True,False,not_triggered,0.0,0.3363269769087634,priority
MU,"Micron Technology, Inc.",994.6949,1123401491762.3237,22.518623746663618,11.149384471687176,66.6380585190662,47.4982236046473,26172000000.0,,6376000000.0,166.98015556147044,710.7469879518072,697.287150515315,0.0553143525089755,33539233.8,Electronic Technology,Semiconductors,NASDAQ:MU,US,33361304810.76762,0.3379243670525107,49.51183783306953,0.4548129241856413,1.0,0.3379243670525107,25.70035962421774,technology_strict,True,True,review_high_roa_supports_follow_up,0.0,0.3379243670525107,priority
AUGO,Aura Minerals Inc.,84.6899,7096101588.305712,24.03027551570524,15.554357668000668,100.16402900928001,20.8061968405342,155801310.0,,458010000.0,89.44542986367102,,,2.99625468164794,909580.2666666653,Non-Energy Minerals,Other Metals/Minerals,NASDAQ:AUGO,US,77032261.82597321,0.23990923441666748,64.72817033593707,0.37124910824744317,1.0,0.23990923441666748,35.3778287713046,cyclical,True,True,review_high_roa_supports_follow_up,0.1,0.3399092344166675,priority
GOOG,Alphabet Inc.,337.38,4148833339254.2876,16.949254721104428,6.628823416262721,48.675697331861,34.2975879823263,53273000000.0,,117348446000.0,20.231187401337234,111.2993519247575,112.01789423230548,0.250678306004483,16982350.46666666,Technology Services,Internet Software/Services,NASDAQ:GOOG,US,5729505400.443998,0.34820774329226056,39.10982238061959,0.4333759063427358,1.0,0.34820774329226056,19.652260728846315,technology_strict,True,True,review_high_roa_supports_follow_up,0.0,0.34820774329226056,priority
CARG,"CarGurus, Inc.",33.17,2954567320.5530243,18.00662287606536,11.209262087889808,51.40540671846,28.078248707510202,291280000.0,,185142000.0,6.009115567949498,35.56480197256896,48.40087005558688,0.0,843157.0,Technology Services,Internet Software/Services,NASDAQ:CARG,US,27967517.69,0.3502865559392427,62.25077386825992,0.28925942212658146,1.0,0.3502865559392427,21.097716839783853,technology_strict,True,True,review_high_roa_supports_follow_up,0.0,0.3502865559392427,priority
PEP,"PepsiCo, Inc.",138.11,188505167984.62292,18.113499547523183,8.537345244777205,51.589495507947504,9.60861290648818,9282000000.0,,53214000000.0,5.624284702163606,38.42384105960265,39.01002734731084,4.10477074703614,6822031.033333333,Consumer Non-Durables,Food: Specialty/Candy,NASDAQ:PEP,US,942190706.0136667,0.35110828995667825,47.13250038943794,0.38431017658427236,1.0,0.35110828995667825,8.639346197566411,stable_or_general,True,True,review_possible_equity_or_leverage_distortion,0.0,0.35110828995667825,priority
ADP,"Automatic Data Processing, Inc.",277.64,110296031197.19283,25.37170219959974,18.312305138249197,72.2371350006547,7.57258331574622,5244600000.0,,5514700000.0,6.743868215885492,8.18217472301206,9.619738344719813,2.34190385497126,2220780.533333333,Technology Services,Packaged Software,NASDAQ:ADP,US,616577507.2746665,0.35122796881922,72.17609994861948,0.35152498150580697,1.0,0.35122796881922,0.08449262562070237,technology_strict,True,True,review_possible_equity_or_leverage_distortion,0.0,0.35122796881922,priority
GOOGL,Alphabet Inc.,340.64,4147336359812.1714,17.11303019798747,6.692875714374691,48.675697331861,34.2975879823263,53273000000.0,,117348446000.0,20.231187401337234,111.2993519247575,112.01789423230548,0.248189675309507,25059201.466666702,Technology Services,Internet Software/Services,NASDAQ:GOOGL,US,8536166387.605345,0.35157236847197715,39.109822380619576,0.4375634854958491,1.0,0.35157236847197715,19.652260728846326,technology_strict,True,True,review_high_roa_supports_follow_up,0.0,0.35157236847197715,priority
ACAD,ACADIA Pharmaceuticals Inc.,28.14,4848677199.271357,12.673392181588902,3.7071582142405464,35.7431290221518,25.635153640530202,145625000.0,,73854000.0,11.75371925809168,71.26575441123515,66.84700931770365,0.0,1605623.7,Health Technology,Pharmaceuticals: Major,NASDAQ:ACAD,US,45182250.918,0.35456862698659003,29.251507103410482,0.433256041707037,1.0,0.35456862698659003,18.161873614137512,health_special,True,False,not_triggered,0.0,0.35456862698659003,priority
KXIAY,KIOXIA HLDGS CORP,35.75,181734904405.94632,22.597977243994944,13.243291300546773,87.0488278920943,35.527336044731,7274480350.0,,5155089986.155971,122.1977744278527,493.6617505773019,480.3374908290536,0.0,2009540.4666666666,Electronic Technology,Computer Peripherals,OTC:KXIAY,US,71841071.68333332,0.2596011662788543,58.60387926563635,0.38560548426434554,1.0,0.2596011662788543,32.67700360275764,technology_strict,True,True,review_high_roa_supports_follow_up,0.1,0.3596011662788543,priority
IAG,Iamgold Corporation,20.5367,11726455731.245325,10.68316445603031,2.684703276669584,29.269016432288204,20.3484087057365,1541204255.36,,539152240.0,75.39857422020698,38.41216242970171,37.740763814193585,0.0,5669603.166666667,Non-Energy Minerals,Precious Metals,NYSE:IAG,US,116434939.35288334,0.3649990931791321,25.130225109978095,0.42511216709270544,1.0,0.3649990931791321,14.140520682971724,cyclical,True,False,not_triggered,0.0,0.3649990931791321,priority
LULU,lululemon athletica inc.,101.35,12027199114.142647,8.307104685092291,2.362462602112114,30.8979519751313,17.715835759045,1354336000.0,,2141127000.0,1.741731226859486,-20.59487610247795,-16.471659489398405,0.0,3902693.7,Consumer Non-Durables,Apparel/Footwear,NASDAQ:LULU,US,395538006.495,0.26885615887352,28.439061401883215,0.29210192867132384,1.0,0.26885615887352,7.958102126727217,stable_or_general,True,False,not_triggered,0.1,0.36885615887351997,priority
DAC,Danaos Corporation,154.15,2806079525.9999995,5.217588502689182,0.6916963058795488,14.1397151814653,10.8498380044697,172343590.0,,1210720000.00807,2.4516030052364384,17.69958691943341,21.813076713752082,2.33538760947129,117397.4,Transportation,Marine Shipping,NYSE:DAC,US,18096809.21,0.3690023763370093,13.257011462729261,0.39357199904050033,1.0,0.3690023763370093,6.242726302529144,cyclical,True,False,not_triggered,0.0,0.3690023763370093,priority
GCT,GigaCloud Technology Inc,50.87,1816579737.0,12.051932052405883,3.4485400141141347,32.3435187324092,13.251329945250301,160189910.0,,506256000.0,22.863917024885886,17.092139011026813,27.059000602046968,0.0,634760.6333333333,Distribution Services,Wholesale Distributors,NASDAQ:GCT,US,32290273.417666662,0.3726227857926131,28.61400146564646,0.4211900270877965,1.0,0.3726227857926131,11.530957091028093,stable_or_general,True,False,not_triggered,0.0,0.3726227857926131,priority
CHKP,Check Point Software Technologies Ltd.,136.945,13982171382.986753,14.026794768055229,5.215067010059982,37.6388664549214,15.889323271826001,1186974490.0,,1974900000.0,4.640775228998736,22.200209765745214,27.25293918302442,0.0,1076626.4,Technology Services,Internet Software/Services,NASDAQ:CHKP,US,147438602.348,0.37266783219559957,37.17932069510869,0.37727410038184456,1.0,0.37266783219559957,1.2209341117195516,technology_strict,True,False,not_triggered,0.0,0.37266783219559957,priority
MGTX,MeiraGTx Holdings plc,14.045,1348923843.5114532,19.902224741391525,6.136564223109658,72.2841506049457,26.5412112607428,10467000.0,,112321000.0,948.3450694938945,,,0.0,618270.2333333333,Health Technology,Biotechnology,NASDAQ:MGTX,US,8683605.427166665,0.27533317573534316,30.833559076172914,0.6454728334223103,1.0,0.27533317573534316,57.34395601507798,health_special,True,True,review_high_roa_supports_follow_up,0.1,0.3753331757353432,priority
MPLX,MPLX LP,59.25,60071103028.892815,12.753180223422802,4.283133562200859,33.9282507990089,11.6916223239698,3336000000.0,,26133000000.0,4.788438098554762,9.605568445475637,10.254402202287725,7.25648803505224,1363459.7333333334,Industrial Services,Oil & Gas Pipelines,NYSE:MPLX,US,80784989.2,0.37588675876551064,33.584827369837924,0.37973040870462416,1.0,0.37588675876551064,1.0122049356608986,cyclical,True,False,not_triggered,0.0,0.37588675876551064,priority
PEGA,Pegasystems Inc.,36.575,6013110792.203076,20.66267442517372,10.727284992359651,54.693035683241,23.927693227886,492500000.0,,72016000.0,3.5996479766113274,47.15598163479398,53.10959259579623,0.31813361611877,2144593.1666666665,Technology Services,Information Technology Services,NASDAQ:PEGA,US,78438495.07083334,0.37779351917569937,51.916246520781456,0.39800016006362665,1.0,0.37779351917569937,5.077043407393845,technology_strict,True,True,review_high_roa_supports_follow_up,0.0,0.37779351917569937,priority
KTB,"Kontoor Brands, Inc.",74.335,4062676866.5130315,15.528839123441056,6.567810087930107,40.9637108724128,8.49904034703548,423188000.0,,1272766000.0,15.6178946292964,6.632123115127926,6.733706437155801,2.86412379530338,691678.6333333333,Consumer Non-Durables,Apparel/Footwear,NYSE:KTB,US,51415931.20883333,0.3790877045248121,42.29427606095734,0.36716171949745297,1.0,0.3790877045248121,3.248155892635718,stable_or_general,True,True,review_possible_equity_or_leverage_distortion,0.0,0.3790877045248121,priority
SYY,Sysco Corporation,81.15,38878644428.47497,22.207323080291175,14.566322088934443,78.1138790035587,6.36566312011745,1938000000.0,,14967000000.0,3.910484079094518,-3.938730853391685,-2.142359809329979,2.67636901825358,3057245.3666666667,Distribution Services,Food Distributors,NYSE:SYY,US,248095461.50500003,0.28429420435361374,65.59242658950615,0.33856535327272114,1.0,0.28429420435361374,16.029740903639034,stable_or_general,True,True,review_possible_equity_or_leverage_distortion,0.1,0.3842942043536137,priority
PTC,PTC Inc.,141.83,15389442491.207687,13.711330239752515,4.52569255093917,35.25461624323,19.3186022037837,934313000.0,,1607694000.0,19.498312687248834,140.05932981879246,143.8529904052429,0.0,1311324.6333333333,Technology Services,Packaged Software,NASDAQ:PTC,US,185985172.74566668,0.38892297522556424,33.00695462660563,0.41540731021274946,1.0,0.38892297522556424,6.37551009240096,technology_strict,True,False,not_triggered,0.0,0.38892297522556424,priority
DRI,"Darden Restaurants, Inc.",218.63,24823633278.785316,21.044576422912918,11.29824089960105,53.7178011861556,8.3642591080283,1092700000.0,,8010600000.0,9.391638444276996,14.978561219628395,17.071219292314616,2.80682443588332,1044357.3,Consumer Services,Restaurants,NYSE:DRI,US,228327836.499,0.39176168715439946,53.68718605949107,0.3919850893208168,1.0,0.39176168715439946,0.05699251642568015,stable_or_general,True,True,review_possible_equity_or_leverage_distortion,0.0,0.39176168715439946,priority
BCE,"BCE, Inc.",23.65,22054236822.54645,4.996244683066124,1.5171951417238092,30.6217357086642,8.43759857007675,1870528000.0,,29410304000.0,-2.62492472532413,922.1612098541509,1313.2884286959738,5.33049040511727,3282888.2666666666,Communications,Major Telecommunications,NYSE:BCE,US,77640307.50666666,0.163160074614989,30.366710158653163,0.16453032471949933,1.0,0.163160074614989,0.8328252599309027,stable_or_general,True,False,not_triggered,0.22999999999999998,0.393160074614989,priority
TJX,"TJX Companies, Inc. (The)",132.5,145746557561.99408,24.50663066195646,13.698686787022124,62.17144028283029,17.3342857142857,5876000000.0,,14317000000.0,7.661631419939577,21.97426618415762,23.37585286265203,1.36924124366442,6523539.2,Retail Trade,Apparel/Footwear Retail,NYSE:TJX,US,864368944.0,0.3941782681963118,55.89787913312644,0.4384178978166855,1.0,0.3941782681963118,10.090744433720978,stable_or_general,True,True,review_high_roa_supports_follow_up,0.0,0.3941782681963118,priority
CCL,Carnival Corporation Ltd.,23.43,32090879425.838585,10.552152765267518,2.4790581483562355,26.7171585270306,5.93657210836324,3171000000.0,,26170000000.0,5.155552133066379,21.544554455445546,20.346883468834697,1.91652470187394,18230591.166666668,Consumer Services,Hotels/Resorts/Cruise lines,NYSE:CCL,US,427142751.035,0.3949578977342059,23.493387591165966,0.44915415983837775,1.0,0.3949578977342059,12.066294148021173,cyclical,True,False,not_triggered,0.0,0.3949578977342059,priority
IMBBY,Imperial Brands PLC,33.58,25753309664.1425,11.779562914371908,4.9156666012805905,39.7340575991546,6.36828229166283,3752574970.0,,14811638400.0,9.997023224440845,-29.162483275393324,-25.512790363460592,6.34962693143764,223580.23333333334,Consumer Non-Durables,Tobacco,OTC:IMBBY,US,7507824.235333333,0.29646010566568803,41.7304668858564,0.2822772854804633,1.0,0.29646010566568803,5.024428430748218,stable_or_general,True,False,not_triggered,0.1,0.396460105665688,priority
ERO,Ero Copper Corp.,34.785,3628167154.114365,12.072544801513965,2.993331945847748,30.229821447801104,15.704768998806701,153760210.56,,572666974.0,85.25830266258644,105.99948636610132,103.98560173030138,0.0,1478656.9333333333,Non-Energy Minerals,Other Metals/Minerals,NYSE:ERO,US,51435081.426,0.39935878623564,24.794539967019773,0.48690335927071643,1.0,0.39935878623564,17.97986630574919,cyclical,True,False,not_triggered,0.0,0.39935878623564,priority
CDW,CDW Corporation,151.245,18908261454.259228,18.179359584595414,7.760125438557785,44.0103477074125,6.64380928952507,860200000.0,,6429500000.0,7.414195801319115,0.33435497353023125,3.423584694562535,1.63721413721414,1821390.0,Technology Services,Information Technology Services,NASDAQ:CDW,US,275476130.55,0.4130701194513292,42.6864620970117,0.42588115040501506,1.0,0.4130701194513292,3.0081234967789694,technology_strict,True,True,review_possible_equity_or_leverage_distortion,0.0,0.4130701194513292,priority
EXEL,"Exelixis, Inc.",58.75,14557174697.150347,18.452792260820402,7.930519202655476,44.3929251762439,33.2780582775798,1172459000.0,,165929000.0,9.233835798574443,42.88989835596333,52.70023980815349,0.0,2467873.1,Health Technology,Pharmaceuticals: Major,NASDAQ:EXEL,US,144987544.625,0.4156696632979503,42.97733963815235,0.4293609705994755,1.0,0.4156696632979503,3.1887638232253157,health_special,True,True,review_high_roa_supports_follow_up,0.0,0.4156696632979503,priority
WSM,"Williams-Sonoma, Inc.",225.3,26535647429.632347,23.048829144032165,12.393366440986014,54.9610894488196,21.9677467615691,1343494000.0,,1527946000.0,2.24013280613107,3.564966411827534,7.441277657481413,1.27491470641049,1021145.0333333333,Retail Trade,Specialty Stores,NYSE:WSM,US,230063976.01000002,0.419366307603773,53.77004776919405,0.4286555452390226,1.0,0.419366307603773,2.1670634471950723,stable_or_general,True,True,review_high_roa_supports_follow_up,0.0,0.419366307603773,priority
ADMA,ADMA Biologics Inc,9.47,2121134904.376827,13.442157558552164,5.228000441647345,41.8971077438865,27.194327976243205,116469000.0,,203839000.0,8.035236010409681,-19.131471128809924,-17.04933474626163,0.0,2096001.3333333333,Health Technology,Biotechnology,NASDAQ:ADMA,US,19849132.62666667,0.32083736282520847,38.892569283427186,0.34562277078156695,1.0,0.32083736282520847,7.171231195303052,health_special,True,True,review_high_roa_supports_follow_up,0.1,0.42083736282520845,priority
OII,"Oceaneering International, Inc.",51.14,5089946069.892237,14.725445593020241,4.372188299907837,34.8979198162512,13.95672611145,237415000.0,,822159000.0,3.8373864990084763,73.16613489649032,75.17780580075663,0.0,870260.9333333333,Producer Manufacturing,Industrial Machinery,NYSE:OII,US,44505144.130666666,0.42195768889820534,29.691381984258754,0.4959501582252761,1.0,0.42195768889820534,14.919335763869457,cyclical,True,False,not_triggered,0.0,0.42195768889820534,priority
